Market,Cat_ID,Cat_Name,Parent_ID,Level,Full_Path
쿠팡,C000004,뷰티,ROOT,1,뷰티
쿠팡,C000003,남성화장품,C000004,2,뷰티 > 남성화장품
쿠팡,C000002,남성메이크업,C000003,3,뷰티 > 남성화장품 > 남성메이크업
쿠팡,C000001,남성 기타 베이스메이크업,C000002,4,뷰티 > 남성화장품 > 남성메이크업 > 남성 기타 베이스메이크업
쿠팡,C000005,남성 아이브로우,C000002,4,뷰티 > 남성화장품 > 남성메이크업 > 남성 아이브로우
쿠팡,C000006,남성 위장크림,C000002,4,뷰티 > 남성화장품 > 남성메이크업 > 남성 위장크림
쿠팡,C000007,남성 파운데이션/쿠션,C000002,4,뷰티 > 남성화장품 > 남성메이크업 > 남성 파운데이션/쿠션
쿠팡,C000008,남성 팩트/파우더,C000002,4,뷰티 > 남성화장품 > 남성메이크업 > 남성 팩트/파우더
쿠팡,C000009,남성BB/CC크림,C000002,4,뷰티 > 남성화장품 > 남성메이크업 > 남성BB/CC크림
쿠팡,C000012,남성스킨케어,C000003,3,뷰티 > 남성화장품 > 남성스킨케어
쿠팡,C000011,각질케어,C000012,4,뷰티 > 남성화장품 > 남성스킨케어 > 각질케어
쿠팡,C000010,스크럽,C000011,5,뷰티 > 남성화장품 > 남성스킨케어 > 각질케어 > 스크럽
쿠팡,C000013,필링,C000011,5,뷰티 > 남성화장품 > 남성스킨케어 > 각질케어 > 필링
쿠팡,C000014,남성 로션/에멀젼,C000012,4,뷰티 > 남성화장품 > 남성스킨케어 > 남성 로션/에멀젼
쿠팡,C000015,남성 립밤,C000012,4,뷰티 > 남성화장품 > 남성스킨케어 > 남성 립밤
쿠팡,C000016,남성 마스크팩,C000012,4,뷰티 > 남성화장품 > 남성스킨케어 > 남성 마스크팩
쿠팡,C000017,남성 스킨/토너,C000012,4,뷰티 > 남성화장품 > 남성스킨케어 > 남성 스킨/토너
쿠팡,C000018,남성 슬리핑/젤타입 팩,C000012,4,뷰티 > 남성화장품 > 남성스킨케어 > 남성 슬리핑/젤타입 팩
쿠팡,C000019,남성 아이케어,C000012,4,뷰티 > 남성화장품 > 남성스킨케어 > 남성 아이케어
쿠팡,C000020,남성 애프터 쉐이빙 케어,C000012,4,뷰티 > 남성화장품 > 남성스킨케어 > 남성 애프터 쉐이빙 케어
쿠팡,C000021,남성 에센스/세럼/앰플,C000012,4,뷰티 > 남성화장품 > 남성스킨케어 > 남성 에센스/세럼/앰플
쿠팡,C000022,남성 올인원,C000012,4,뷰티 > 남성화장품 > 남성스킨케어 > 남성 올인원
쿠팡,C000023,남성 크림,C000012,4,뷰티 > 남성화장품 > 남성스킨케어 > 남성 크림
쿠팡,C000025,남성선케어,C000012,4,뷰티 > 남성화장품 > 남성스킨케어 > 남성선케어
쿠팡,C000024,선스틱/선스프레이,C000025,5,뷰티 > 남성화장품 > 남성스킨케어 > 남성선케어 > 선스틱/선스프레이
쿠팡,C000026,선크림/선로션,C000025,5,뷰티 > 남성화장품 > 남성스킨케어 > 남성선케어 > 선크림/선로션
쿠팡,C000028,남성클렌징,C000012,4,뷰티 > 남성화장품 > 남성스킨케어 > 남성클렌징
쿠팡,C000027,시트/티슈,C000028,5,뷰티 > 남성화장품 > 남성스킨케어 > 남성클렌징 > 시트/티슈
쿠팡,C000029,오일/워터/크림,C000028,5,뷰티 > 남성화장품 > 남성스킨케어 > 남성클렌징 > 오일/워터/크림
쿠팡,C000030,클렌징폼/젤/비누,C000028,5,뷰티 > 남성화장품 > 남성스킨케어 > 남성클렌징 > 클렌징폼/젤/비누
쿠팡,C000032,남성화장품세트,C000003,3,뷰티 > 남성화장품 > 남성화장품세트
쿠팡,C000031,남성 2종 세트,C000032,4,뷰티 > 남성화장품 > 남성화장품세트 > 남성 2종 세트
쿠팡,C000033,남성 3종 세트,C000032,4,뷰티 > 남성화장품 > 남성화장품세트 > 남성 3종 세트
쿠팡,C000034,남성 4종 이상 세트,C000032,4,뷰티 > 남성화장품 > 남성화장품세트 > 남성 4종 이상 세트
쿠팡,C000035,남성 여행용 세트,C000032,4,뷰티 > 남성화장품 > 남성화장품세트 > 남성 여행용 세트
쿠팡,C000039,네일,C000004,2,뷰티 > 네일
쿠팡,C000038,네일메이크업,C000039,3,뷰티 > 네일 > 네일메이크업
쿠팡,C000037,네일리무버,C000038,4,뷰티 > 네일 > 네일메이크업 > 네일리무버
쿠팡,C000036,쏙오프용품,C000037,5,뷰티 > 네일 > 네일메이크업 > 네일리무버 > 쏙오프용품
쿠팡,C000040,일반네일 리무버,C000037,5,뷰티 > 네일 > 네일메이크업 > 네일리무버 > 일반네일 리무버
쿠팡,C000041,젤네일 클렌져/리무버,C000037,5,뷰티 > 네일 > 네일메이크업 > 네일리무버 > 젤네일 클렌져/리무버
쿠팡,C000043,네일아트도구,C000038,4,뷰티 > 네일 > 네일메이크업 > 네일아트도구
쿠팡,C000042,기타네일소품,C000043,5,뷰티 > 네일 > 네일메이크업 > 네일아트도구 > 기타네일소품
쿠팡,C000044,네일 글리터/파우더,C000043,5,뷰티 > 네일 > 네일메이크업 > 네일아트도구 > 네일 글리터/파우더
쿠팡,C000045,네일 드라이어,C000043,5,뷰티 > 네일 > 네일메이크업 > 네일아트도구 > 네일 드라이어
쿠팡,C000046,네일 브러시,C000043,5,뷰티 > 네일 > 네일메이크업 > 네일아트도구 > 네일 브러시
쿠팡,C000047,네일 스톤/파츠,C000043,5,뷰티 > 네일 > 네일메이크업 > 네일아트도구 > 네일 스톤/파츠
쿠팡,C000048,네일 스티커,C000043,5,뷰티 > 네일 > 네일메이크업 > 네일아트도구 > 네일 스티커
쿠팡,C000049,네일 핀셋/가위,C000043,5,뷰티 > 네일 > 네일메이크업 > 네일아트도구 > 네일 핀셋/가위
쿠팡,C000050,네일글루/본드,C000043,5,뷰티 > 네일 > 네일메이크업 > 네일아트도구 > 네일글루/본드
쿠팡,C000051,네일팁/인조손톱,C000043,5,뷰티 > 네일 > 네일메이크업 > 네일아트도구 > 네일팁/인조손톱
쿠팡,C000052,반경화 네일,C000043,5,뷰티 > 네일 > 네일메이크업 > 네일아트도구 > 반경화 네일
쿠팡,C000053,반경화 패디,C000043,5,뷰티 > 네일 > 네일메이크업 > 네일아트도구 > 반경화 패디
쿠팡,C000054,아트스틱,C000043,5,뷰티 > 네일 > 네일메이크업 > 네일아트도구 > 아트스틱
쿠팡,C000055,워터데칼/씰/네일스텐실,C000043,5,뷰티 > 네일 > 네일메이크업 > 네일아트도구 > 워터데칼/씰/네일스텐실
쿠팡,C000056,젤네일 램프,C000043,5,뷰티 > 네일 > 네일메이크업 > 네일아트도구 > 젤네일 램프
쿠팡,C000057,패디팁/패디연장,C000043,5,뷰티 > 네일 > 네일메이크업 > 네일아트도구 > 패디팁/패디연장
쿠팡,C000059,일반 네일,C000038,4,뷰티 > 네일 > 네일메이크업 > 일반 네일
쿠팡,C000058,드라이 네일,C000059,5,뷰티 > 네일 > 네일메이크업 > 일반 네일 > 드라이 네일
쿠팡,C000060,베이스코트,C000059,5,뷰티 > 네일 > 네일메이크업 > 일반 네일 > 베이스코트
쿠팡,C000061,컬러 매니큐어,C000059,5,뷰티 > 네일 > 네일메이크업 > 일반 네일 > 컬러 매니큐어
쿠팡,C000062,탑코트,C000059,5,뷰티 > 네일 > 네일메이크업 > 일반 네일 > 탑코트
쿠팡,C000064,젤 네일,C000038,4,뷰티 > 네일 > 네일메이크업 > 젤 네일
쿠팡,C000063,베이스 젤,C000064,5,뷰티 > 네일 > 네일메이크업 > 젤 네일 > 베이스 젤
쿠팡,C000065,엣지 본더,C000064,5,뷰티 > 네일 > 네일메이크업 > 젤 네일 > 엣지 본더
쿠팡,C000066,컬러 젤,C000064,5,뷰티 > 네일 > 네일메이크업 > 젤 네일 > 컬러 젤
쿠팡,C000067,탑 젤,C000064,5,뷰티 > 네일 > 네일메이크업 > 젤 네일 > 탑 젤
쿠팡,C000068,네일세트,C000039,3,뷰티 > 네일 > 네일세트
쿠팡,C000071,네일케어,C000039,3,뷰티 > 네일 > 네일케어
쿠팡,C000070,네일 케어도구,C000071,4,뷰티 > 네일 > 네일케어 > 네일 케어도구
쿠팡,C000069,니퍼,C000070,5,뷰티 > 네일 > 네일케어 > 네일 케어도구 > 니퍼
쿠팡,C000072,샌딩블럭,C000070,5,뷰티 > 네일 > 네일케어 > 네일 케어도구 > 샌딩블럭
쿠팡,C000073,우드스틱,C000070,5,뷰티 > 네일 > 네일케어 > 네일 케어도구 > 우드스틱
쿠팡,C000074,전동네일관리기,C000070,5,뷰티 > 네일 > 네일케어 > 네일 케어도구 > 전동네일관리기
쿠팡,C000075,클리퍼/손톱깎이,C000070,5,뷰티 > 네일 > 네일케어 > 네일 케어도구 > 클리퍼/손톱깎이
쿠팡,C000076,파일/버퍼,C000070,5,뷰티 > 네일 > 네일케어 > 네일 케어도구 > 파일/버퍼
쿠팡,C000077,푸셔,C000070,5,뷰티 > 네일 > 네일케어 > 네일 케어도구 > 푸셔
쿠팡,C000079,네일트리트먼트,C000071,4,뷰티 > 네일 > 네일케어 > 네일트리트먼트
쿠팡,C000078,손톱 강화,C000079,5,뷰티 > 네일 > 네일케어 > 네일트리트먼트 > 손톱 강화
쿠팡,C000081,큐티클 케어,C000071,4,뷰티 > 네일 > 네일케어 > 큐티클 케어
쿠팡,C000080,큐티클 리무버,C000081,5,뷰티 > 네일 > 네일케어 > 큐티클 케어 > 큐티클 리무버
쿠팡,C000082,큐티클 크림/오일,C000081,5,뷰티 > 네일 > 네일케어 > 큐티클 케어 > 큐티클 크림/오일
쿠팡,C000085,메이크업,C000004,2,뷰티 > 메이크업
쿠팡,C000084,립메이크업,C000085,3,뷰티 > 메이크업 > 립메이크업
쿠팡,C000083,립글로스,C000084,4,뷰티 > 메이크업 > 립메이크업 > 립글로스
쿠팡,C000086,립라이너,C000084,4,뷰티 > 메이크업 > 립메이크업 > 립라이너
쿠팡,C000087,립마커,C000084,4,뷰티 > 메이크업 > 립메이크업 > 립마커
쿠팡,C000088,립메이크업세트,C000084,4,뷰티 > 메이크업 > 립메이크업 > 립메이크업세트
쿠팡,C000089,립스틱,C000084,4,뷰티 > 메이크업 > 립메이크업 > 립스틱
쿠팡,C000090,립크레용,C000084,4,뷰티 > 메이크업 > 립메이크업 > 립크레용
쿠팡,C000091,립틴트,C000084,4,뷰티 > 메이크업 > 립메이크업 > 립틴트
쿠팡,C000092,립팔레트,C000084,4,뷰티 > 메이크업 > 립메이크업 > 립팔레트
쿠팡,C000094,멀티메이크업,C000085,3,뷰티 > 메이크업 > 멀티메이크업
쿠팡,C000093,멀티 스틱,C000094,4,뷰티 > 메이크업 > 멀티메이크업 > 멀티 스틱
쿠팡,C000095,멀티 펜슬/오토펜슬,C000094,4,뷰티 > 메이크업 > 멀티메이크업 > 멀티 펜슬/오토펜슬
쿠팡,C000096,멀티메이크업세트,C000094,4,뷰티 > 메이크업 > 멀티메이크업 > 멀티메이크업세트
쿠팡,C000097,메이크업 멀티 밤,C000094,4,뷰티 > 메이크업 > 멀티메이크업 > 메이크업 멀티 밤
쿠팡,C000098,메이크업 팔레트,C000094,4,뷰티 > 메이크업 > 멀티메이크업 > 메이크업 팔레트
쿠팡,C000100,바디메이크업,C000085,3,뷰티 > 메이크업 > 바디메이크업
쿠팡,C000099,바디 메이크업 세트,C000100,4,뷰티 > 메이크업 > 바디메이크업 > 바디 메이크업 세트
쿠팡,C000101,바디 스킨 메이크업,C000100,4,뷰티 > 메이크업 > 바디메이크업 > 바디 스킨 메이크업
쿠팡,C000102,타투/헤나용품,C000100,4,뷰티 > 메이크업 > 바디메이크업 > 타투/헤나용품
쿠팡,C000104,베이스메이크업,C000085,3,뷰티 > 메이크업 > 베이스메이크업
쿠팡,C000103,BB크림,C000104,4,뷰티 > 메이크업 > 베이스메이크업 > BB크림
쿠팡,C000105,CC크림,C000104,4,뷰티 > 메이크업 > 베이스메이크업 > CC크림
쿠팡,C000106,메이크업베이스,C000104,4,뷰티 > 메이크업 > 베이스메이크업 > 메이크업베이스
쿠팡,C000107,메이크업픽서,C000104,4,뷰티 > 메이크업 > 베이스메이크업 > 메이크업픽서
쿠팡,C000108,베이스메이크업 세트,C000104,4,뷰티 > 메이크업 > 베이스메이크업 > 베이스메이크업 세트
쿠팡,C000110,컨실러,C000104,4,뷰티 > 메이크업 > 베이스메이크업 > 컨실러
쿠팡,C000109,듀얼 컨실러,C000110,5,뷰티 > 메이크업 > 베이스메이크업 > 컨실러 > 듀얼 컨실러
쿠팡,C000111,리퀴드 컨실러,C000110,5,뷰티 > 메이크업 > 베이스메이크업 > 컨실러 > 리퀴드 컨실러
쿠팡,C000112,스틱 컨실러,C000110,5,뷰티 > 메이크업 > 베이스메이크업 > 컨실러 > 스틱 컨실러
쿠팡,C000113,튜브/크림 컨실러,C000110,5,뷰티 > 메이크업 > 베이스메이크업 > 컨실러 > 튜브/크림 컨실러
쿠팡,C000114,팔레트 컨실러,C000110,5,뷰티 > 메이크업 > 베이스메이크업 > 컨실러 > 팔레트 컨실러
쿠팡,C000115,트윈케익,C000104,4,뷰티 > 메이크업 > 베이스메이크업 > 트윈케익
쿠팡,C000117,파우더,C000104,4,뷰티 > 메이크업 > 베이스메이크업 > 파우더
쿠팡,C000116,루스파우더,C000117,5,뷰티 > 메이크업 > 베이스메이크업 > 파우더 > 루스파우더
쿠팡,C000118,팩트파우더,C000117,5,뷰티 > 메이크업 > 베이스메이크업 > 파우더 > 팩트파우더
쿠팡,C000120,파운데이션,C000104,4,뷰티 > 메이크업 > 베이스메이크업 > 파운데이션
쿠팡,C000119,리퀴드 파운데이션,C000120,5,뷰티 > 메이크업 > 베이스메이크업 > 파운데이션 > 리퀴드 파운데이션
쿠팡,C000121,스틱 파운데이션,C000120,5,뷰티 > 메이크업 > 베이스메이크업 > 파운데이션 > 스틱 파운데이션
쿠팡,C000122,쿠션 파운데이션,C000120,5,뷰티 > 메이크업 > 베이스메이크업 > 파운데이션 > 쿠션 파운데이션
쿠팡,C000123,크림 파운데이션,C000120,5,뷰티 > 메이크업 > 베이스메이크업 > 파운데이션 > 크림 파운데이션
쿠팡,C000124,파운데이션 밤/팩트,C000120,5,뷰티 > 메이크업 > 베이스메이크업 > 파운데이션 > 파운데이션 밤/팩트
쿠팡,C000125,프라이머,C000104,4,뷰티 > 메이크업 > 베이스메이크업 > 프라이머
쿠팡,C000128,아이메이크업,C000085,3,뷰티 > 메이크업 > 아이메이크업
쿠팡,C000127,마스카라,C000128,4,뷰티 > 메이크업 > 아이메이크업 > 마스카라
쿠팡,C000126,듀얼 마스카라,C000127,5,뷰티 > 메이크업 > 아이메이크업 > 마스카라 > 듀얼 마스카라
쿠팡,C000129,마스카라,C000127,5,뷰티 > 메이크업 > 아이메이크업 > 마스카라 > 마스카라
쿠팡,C000130,마스카라 베이스,C000127,5,뷰티 > 메이크업 > 아이메이크업 > 마스카라 > 마스카라 베이스
쿠팡,C000131,마스카라 탑,C000127,5,뷰티 > 메이크업 > 아이메이크업 > 마스카라 > 마스카라 탑
쿠팡,C000132,속눈썹/눈썹 영양제,C000127,5,뷰티 > 메이크업 > 아이메이크업 > 마스카라 > 속눈썹/눈썹 영양제
쿠팡,C000134,아이라이너,C000128,4,뷰티 > 메이크업 > 아이메이크업 > 아이라이너
쿠팡,C000133,리퀴드/펜 라이너,C000134,5,뷰티 > 메이크업 > 아이메이크업 > 아이라이너 > 리퀴드/펜 라이너
쿠팡,C000135,오토펜슬 라이너,C000134,5,뷰티 > 메이크업 > 아이메이크업 > 아이라이너 > 오토펜슬 라이너
쿠팡,C000136,젤/크림 라이너,C000134,5,뷰티 > 메이크업 > 아이메이크업 > 아이라이너 > 젤/크림 라이너
쿠팡,C000137,펜슬 라이너,C000134,5,뷰티 > 메이크업 > 아이메이크업 > 아이라이너 > 펜슬 라이너
쿠팡,C000138,아이메이크업세트,C000128,4,뷰티 > 메이크업 > 아이메이크업 > 아이메이크업세트
쿠팡,C000140,아이브로우,C000128,4,뷰티 > 메이크업 > 아이메이크업 > 아이브로우
쿠팡,C000139,아이브로우 섀도,C000140,5,뷰티 > 메이크업 > 아이메이크업 > 아이브로우 > 아이브로우 섀도
쿠팡,C000141,아이브로우 오토펜슬,C000140,5,뷰티 > 메이크업 > 아이메이크업 > 아이브로우 > 아이브로우 오토펜슬
쿠팡,C000142,아이브로우 카라,C000140,5,뷰티 > 메이크업 > 아이메이크업 > 아이브로우 > 아이브로우 카라
쿠팡,C000143,아이브로우 틴트,C000140,5,뷰티 > 메이크업 > 아이메이크업 > 아이브로우 > 아이브로우 틴트
쿠팡,C000144,아이브로우 펜슬,C000140,5,뷰티 > 메이크업 > 아이메이크업 > 아이브로우 > 아이브로우 펜슬
쿠팡,C000146,아이섀도,C000128,4,뷰티 > 메이크업 > 아이메이크업 > 아이섀도
쿠팡,C000145,리퀴드 아이섀도,C000146,5,뷰티 > 메이크업 > 아이메이크업 > 아이섀도 > 리퀴드 아이섀도
쿠팡,C000147,스틱/펜슬 아이섀도,C000146,5,뷰티 > 메이크업 > 아이메이크업 > 아이섀도 > 스틱/펜슬 아이섀도
쿠팡,C000148,크림/젤리/쿠션 아이섀도,C000146,5,뷰티 > 메이크업 > 아이메이크업 > 아이섀도 > 크림/젤리/쿠션 아이섀도
쿠팡,C000149,팩트 아이섀도,C000146,5,뷰티 > 메이크업 > 아이메이크업 > 아이섀도 > 팩트 아이섀도
쿠팡,C000150,피그먼트/파우더(가루) 아이섀도,C000146,5,뷰티 > 메이크업 > 아이메이크업 > 아이섀도 > 피그먼트/파우더(가루) 아이섀도
쿠팡,C000151,아이팔레트,C000128,4,뷰티 > 메이크업 > 아이메이크업 > 아이팔레트
쿠팡,C000154,치크메이크업,C000085,3,뷰티 > 메이크업 > 치크메이크업
쿠팡,C000153,블러셔,C000154,4,뷰티 > 메이크업 > 치크메이크업 > 블러셔
쿠팡,C000152,가루 블러셔,C000153,5,뷰티 > 메이크업 > 치크메이크업 > 블러셔 > 가루 블러셔
쿠팡,C000155,스틱 블러셔,C000153,5,뷰티 > 메이크업 > 치크메이크업 > 블러셔 > 스틱 블러셔
쿠팡,C000156,쿠션 블러셔,C000153,5,뷰티 > 메이크업 > 치크메이크업 > 블러셔 > 쿠션 블러셔
쿠팡,C000157,크림 블러셔,C000153,5,뷰티 > 메이크업 > 치크메이크업 > 블러셔 > 크림 블러셔
쿠팡,C000158,팩트 블러셔,C000153,5,뷰티 > 메이크업 > 치크메이크업 > 블러셔 > 팩트 블러셔
쿠팡,C000160,셰이딩,C000154,4,뷰티 > 메이크업 > 치크메이크업 > 셰이딩
쿠팡,C000159,가루 셰이딩,C000160,5,뷰티 > 메이크업 > 치크메이크업 > 셰이딩 > 가루 셰이딩
쿠팡,C000161,스틱 셰이딩,C000160,5,뷰티 > 메이크업 > 치크메이크업 > 셰이딩 > 스틱 셰이딩
쿠팡,C000162,쿠션 셰이딩,C000160,5,뷰티 > 메이크업 > 치크메이크업 > 셰이딩 > 쿠션 셰이딩
쿠팡,C000163,크림 셰이딩,C000160,5,뷰티 > 메이크업 > 치크메이크업 > 셰이딩 > 크림 셰이딩
쿠팡,C000164,팩트 셰이딩,C000160,5,뷰티 > 메이크업 > 치크메이크업 > 셰이딩 > 팩트 셰이딩
쿠팡,C000165,치크메이크업 세트,C000154,4,뷰티 > 메이크업 > 치크메이크업 > 치크메이크업 세트
쿠팡,C000167,하이라이터,C000154,4,뷰티 > 메이크업 > 치크메이크업 > 하이라이터
쿠팡,C000166,가루 하이라이터,C000167,5,뷰티 > 메이크업 > 치크메이크업 > 하이라이터 > 가루 하이라이터
쿠팡,C000168,스틱 하이라이터,C000167,5,뷰티 > 메이크업 > 치크메이크업 > 하이라이터 > 스틱 하이라이터
쿠팡,C000169,쿠션 하이라이터,C000167,5,뷰티 > 메이크업 > 치크메이크업 > 하이라이터 > 쿠션 하이라이터
쿠팡,C000170,크림 하이라이터,C000167,5,뷰티 > 메이크업 > 치크메이크업 > 하이라이터 > 크림 하이라이터
쿠팡,C000171,팩트 하이라이터,C000167,5,뷰티 > 메이크업 > 치크메이크업 > 하이라이터 > 팩트 하이라이터
쿠팡,C000174,바디,C000004,2,뷰티 > 바디
쿠팡,C000173,겨드랑이관리,C000174,3,뷰티 > 바디 > 겨드랑이관리
쿠팡,C000172,겨드랑이패치,C000173,4,뷰티 > 바디 > 겨드랑이관리 > 겨드랑이패치
쿠팡,C000175,남성 데오드란트,C000173,4,뷰티 > 바디 > 겨드랑이관리 > 남성 데오드란트
쿠팡,C000177,여성 데오드란트,C000173,4,뷰티 > 바디 > 겨드랑이관리 > 여성 데오드란트
쿠팡,C000176,롤온타입데오,C000177,5,뷰티 > 바디 > 겨드랑이관리 > 여성 데오드란트 > 롤온타입데오
쿠팡,C000178,스틱타입데오,C000177,5,뷰티 > 바디 > 겨드랑이관리 > 여성 데오드란트 > 스틱타입데오
쿠팡,C000179,스프레이타입데오,C000177,5,뷰티 > 바디 > 겨드랑이관리 > 여성 데오드란트 > 스프레이타입데오
쿠팡,C000180,크림타입데오,C000177,5,뷰티 > 바디 > 겨드랑이관리 > 여성 데오드란트 > 크림타입데오
쿠팡,C000181,티슈타입데오,C000177,5,뷰티 > 바디 > 겨드랑이관리 > 여성 데오드란트 > 티슈타입데오
쿠팡,C000182,파우더타입데오,C000177,5,뷰티 > 바디 > 겨드랑이관리 > 여성 데오드란트 > 파우더타입데오
쿠팡,C000184,몸매관리/패치,C000174,3,뷰티 > 바디 > 몸매관리/패치
쿠팡,C000183,남성 니플밴드,C000184,4,뷰티 > 바디 > 몸매관리/패치 > 남성 니플밴드
쿠팡,C000185,몸매관리화장품,C000184,4,뷰티 > 바디 > 몸매관리/패치 > 몸매관리화장품
쿠팡,C000186,바디패치,C000184,4,뷰티 > 바디 > 몸매관리/패치 > 바디패치
쿠팡,C000187,여성 니플밴드,C000184,4,뷰티 > 바디 > 몸매관리/패치 > 여성 니플밴드
쿠팡,C000189,바디케어,C000174,3,뷰티 > 바디 > 바디케어
쿠팡,C000188,바디로션,C000189,4,뷰티 > 바디 > 바디케어 > 바디로션
쿠팡,C000190,바디미스트,C000189,4,뷰티 > 바디 > 바디케어 > 바디미스트
쿠팡,C000191,바디버터,C000189,4,뷰티 > 바디 > 바디케어 > 바디버터
쿠팡,C000192,바디오일,C000189,4,뷰티 > 바디 > 바디케어 > 바디오일
쿠팡,C000193,바디크림,C000189,4,뷰티 > 바디 > 바디케어 > 바디크림
쿠팡,C000194,바디파우더,C000189,4,뷰티 > 바디 > 바디케어 > 바디파우더
쿠팡,C000195,샤워코롱,C000189,4,뷰티 > 바디 > 바디케어 > 샤워코롱
쿠팡,C000196,아로마오일,C000189,4,뷰티 > 바디 > 바디케어 > 아로마오일
쿠팡,C000198,바디케어세트,C000174,3,뷰티 > 바디 > 바디케어세트
쿠팡,C000197,바디세트,C000198,4,뷰티 > 바디 > 바디케어세트 > 바디세트
쿠팡,C000199,핸드케어 세트,C000198,4,뷰티 > 바디 > 바디케어세트 > 핸드케어 세트
쿠팡,C000201,샤워/입욕용품,C000174,3,뷰티 > 바디 > 샤워/입욕용품
쿠팡,C000200,목욕비누,C000201,4,뷰티 > 바디 > 샤워/입욕용품 > 목욕비누
쿠팡,C000202,바디스크럽,C000201,4,뷰티 > 바디 > 샤워/입욕용품 > 바디스크럽
쿠팡,C000203,바디워시,C000201,4,뷰티 > 바디 > 샤워/입욕용품 > 바디워시
쿠팡,C000205,입욕제,C000201,4,뷰티 > 바디 > 샤워/입욕용품 > 입욕제
쿠팡,C000204,바스밤,C000205,5,뷰티 > 바디 > 샤워/입욕용품 > 입욕제 > 바스밤
쿠팡,C000206,바스솔트/미네랄,C000205,5,뷰티 > 바디 > 샤워/입욕용품 > 입욕제 > 바스솔트/미네랄
쿠팡,C000207,버블바스,C000205,5,뷰티 > 바디 > 샤워/입욕용품 > 입욕제 > 버블바스
쿠팡,C000208,입욕오일,C000205,5,뷰티 > 바디 > 샤워/입욕용품 > 입욕제 > 입욕오일
쿠팡,C000209,입욕파우더,C000205,5,뷰티 > 바디 > 샤워/입욕용품 > 입욕제 > 입욕파우더
쿠팡,C000211,제모/왁싱,C000174,3,뷰티 > 바디 > 제모/왁싱
쿠팡,C000210,스프레이왁스,C000211,4,뷰티 > 바디 > 제모/왁싱 > 스프레이왁스
쿠팡,C000212,여성용면도기,C000211,4,뷰티 > 바디 > 제모/왁싱 > 여성용면도기
쿠팡,C000213,왁스스트립,C000211,4,뷰티 > 바디 > 제모/왁싱 > 왁스스트립
쿠팡,C000214,왁스워머기,C000211,4,뷰티 > 바디 > 제모/왁싱 > 왁스워머기
쿠팡,C000215,왁싱키트,C000211,4,뷰티 > 바디 > 제모/왁싱 > 왁싱키트
쿠팡,C000216,제모용소품,C000211,4,뷰티 > 바디 > 제모/왁싱 > 제모용소품
쿠팡,C000217,제모전후케어,C000211,4,뷰티 > 바디 > 제모/왁싱 > 제모전후케어
쿠팡,C000218,제모제/제모크림,C000211,4,뷰티 > 바디 > 제모/왁싱 > 제모제/제모크림
쿠팡,C000219,하드왁스,C000211,4,뷰티 > 바디 > 제모/왁싱 > 하드왁스
쿠팡,C000221,청결제,C000174,3,뷰티 > 바디 > 청결제
쿠팡,C000220,남성청결제,C000221,4,뷰티 > 바디 > 청결제 > 남성청결제
쿠팡,C000222,여성청결제,C000221,4,뷰티 > 바디 > 청결제 > 여성청결제
쿠팡,C000225,핸드/풋 케어,C000174,3,뷰티 > 바디 > 핸드/풋 케어
쿠팡,C000224,풋케어,C000225,4,뷰티 > 바디 > 핸드/풋 케어 > 풋케어
쿠팡,C000223,족욕용솔트,C000224,5,뷰티 > 바디 > 핸드/풋 케어 > 풋케어 > 족욕용솔트
쿠팡,C000226,쿨링패치,C000224,5,뷰티 > 바디 > 핸드/풋 케어 > 풋케어 > 쿨링패치
쿠팡,C000227,풋샴푸,C000224,5,뷰티 > 바디 > 핸드/풋 케어 > 풋케어 > 풋샴푸
쿠팡,C000228,풋스크럽,C000224,5,뷰티 > 바디 > 핸드/풋 케어 > 풋케어 > 풋스크럽
쿠팡,C000229,풋스프레이,C000224,5,뷰티 > 바디 > 핸드/풋 케어 > 풋케어 > 풋스프레이
쿠팡,C000230,풋케어용품,C000224,5,뷰티 > 바디 > 핸드/풋 케어 > 풋케어 > 풋케어용품
쿠팡,C000231,풋크림,C000224,5,뷰티 > 바디 > 핸드/풋 케어 > 풋케어 > 풋크림
쿠팡,C000232,풋파우더,C000224,5,뷰티 > 바디 > 핸드/풋 케어 > 풋케어 > 풋파우더
쿠팡,C000233,풋파일/발각질제거,C000224,5,뷰티 > 바디 > 핸드/풋 케어 > 풋케어 > 풋파일/발각질제거
쿠팡,C000234,풋팩/힐패치,C000224,5,뷰티 > 바디 > 핸드/풋 케어 > 풋케어 > 풋팩/힐패치
쿠팡,C000236,핸드케어,C000225,4,뷰티 > 바디 > 핸드/풋 케어 > 핸드케어
쿠팡,C000235,손소독제,C000236,5,뷰티 > 바디 > 핸드/풋 케어 > 핸드케어 > 손소독제
쿠팡,C000237,핸드워시,C000236,5,뷰티 > 바디 > 핸드/풋 케어 > 핸드케어 > 핸드워시
쿠팡,C000238,핸드크림,C000236,5,뷰티 > 바디 > 핸드/풋 케어 > 핸드케어 > 핸드크림
쿠팡,C000239,핸드팩/핸드마스크팩,C000236,5,뷰티 > 바디 > 핸드/풋 케어 > 핸드케어 > 핸드팩/핸드마스크팩
쿠팡,C000241,뷰티소품,C000004,2,뷰티 > 뷰티소품
쿠팡,C000240,기타뷰티소품,C000241,3,뷰티 > 뷰티소품 > 기타뷰티소품
쿠팡,C000244,아이소품,C000241,3,뷰티 > 뷰티소품 > 아이소품
쿠팡,C000243,브로우관리 소품,C000244,4,뷰티 > 뷰티소품 > 아이소품 > 브로우관리 소품
쿠팡,C000242,눈썹 가위,C000243,5,뷰티 > 뷰티소품 > 아이소품 > 브로우관리 소품 > 눈썹 가위
쿠팡,C000245,눈썹 가이드,C000243,5,뷰티 > 뷰티소품 > 아이소품 > 브로우관리 소품 > 눈썹 가이드
쿠팡,C000246,눈썹 칼,C000243,5,뷰티 > 뷰티소품 > 아이소품 > 브로우관리 소품 > 눈썹 칼
쿠팡,C000247,샤프너/펜슬깎이,C000244,4,뷰티 > 뷰티소품 > 아이소품 > 샤프너/펜슬깎이
쿠팡,C000249,속눈썹관리 소품,C000244,4,뷰티 > 뷰티소품 > 아이소품 > 속눈썹관리 소품
쿠팡,C000248,부분 아이래쉬 뷰러,C000249,5,뷰티 > 뷰티소품 > 아이소품 > 속눈썹관리 소품 > 부분 아이래쉬 뷰러
쿠팡,C000250,뷰러,C000249,5,뷰티 > 뷰티소품 > 아이소품 > 속눈썹관리 소품 > 뷰러
쿠팡,C000251,뷰러 리필 고무,C000249,5,뷰티 > 뷰티소품 > 아이소품 > 속눈썹관리 소품 > 뷰러 리필 고무
쿠팡,C000252,속눈썹 글루/본드,C000249,5,뷰티 > 뷰티소품 > 아이소품 > 속눈썹관리 소품 > 속눈썹 글루/본드
쿠팡,C000253,속눈썹 펌 세트,C000249,5,뷰티 > 뷰티소품 > 아이소품 > 속눈썹관리 소품 > 속눈썹 펌 세트
쿠팡,C000254,인조 속눈썹,C000249,5,뷰티 > 뷰티소품 > 아이소품 > 속눈썹관리 소품 > 인조 속눈썹
쿠팡,C000256,쌍꺼풀관리 소품,C000244,4,뷰티 > 뷰티소품 > 아이소품 > 쌍꺼풀관리 소품
쿠팡,C000255,쌍꺼풀 액,C000256,5,뷰티 > 뷰티소품 > 아이소품 > 쌍꺼풀관리 소품 > 쌍꺼풀 액
쿠팡,C000257,쌍꺼풀 테이프,C000256,5,뷰티 > 뷰티소품 > 아이소품 > 쌍꺼풀관리 소품 > 쌍꺼풀 테이프
쿠팡,C000258,족집게/핀셋,C000244,4,뷰티 > 뷰티소품 > 아이소품 > 족집게/핀셋
쿠팡,C000260,클렌징소품,C000241,3,뷰티 > 뷰티소품 > 클렌징소품
쿠팡,C000259,세안거품망,C000260,4,뷰티 > 뷰티소품 > 클렌징소품 > 세안거품망
쿠팡,C000261,세안스폰지,C000260,4,뷰티 > 뷰티소품 > 클렌징소품 > 세안스폰지
쿠팡,C000262,클렌징브러쉬,C000260,4,뷰티 > 뷰티소품 > 클렌징소품 > 클렌징브러쉬
쿠팡,C000263,해면/곤약,C000260,4,뷰티 > 뷰티소품 > 클렌징소품 > 해면/곤약
쿠팡,C000266,페이스소품,C000241,3,뷰티 > 뷰티소품 > 페이스소품
쿠팡,C000265,거울,C000266,4,뷰티 > 뷰티소품 > 페이스소품 > 거울
쿠팡,C000264,손거울,C000265,5,뷰티 > 뷰티소품 > 페이스소품 > 거울 > 손거울
쿠팡,C000267,기름종이,C000266,4,뷰티 > 뷰티소품 > 페이스소품 > 기름종이
쿠팡,C000268,마사지소품,C000266,4,뷰티 > 뷰티소품 > 페이스소품 > 마사지소품
쿠팡,C000269,마스크시트,C000266,4,뷰티 > 뷰티소품 > 페이스소품 > 마스크시트
쿠팡,C000270,메이크업박스,C000266,4,뷰티 > 뷰티소품 > 페이스소품 > 메이크업박스
쿠팡,C000271,미용면봉,C000266,4,뷰티 > 뷰티소품 > 페이스소품 > 미용면봉
쿠팡,C000273,브러쉬,C000266,4,뷰티 > 뷰티소품 > 페이스소품 > 브러쉬
쿠팡,C000272,가부키 브러쉬,C000273,5,뷰티 > 뷰티소품 > 페이스소품 > 브러쉬 > 가부키 브러쉬
쿠팡,C000274,눈썹/속눈썹 브러쉬,C000273,5,뷰티 > 뷰티소품 > 페이스소품 > 브러쉬 > 눈썹/속눈썹 브러쉬
쿠팡,C000275,듀얼브러쉬,C000273,5,뷰티 > 뷰티소품 > 페이스소품 > 브러쉬 > 듀얼브러쉬
쿠팡,C000276,립 브러쉬,C000273,5,뷰티 > 뷰티소품 > 페이스소품 > 브러쉬 > 립 브러쉬
쿠팡,C000277,브러쉬 세트,C000273,5,뷰티 > 뷰티소품 > 페이스소품 > 브러쉬 > 브러쉬 세트
쿠팡,C000278,브러쉬 클렌져,C000273,5,뷰티 > 뷰티소품 > 페이스소품 > 브러쉬 > 브러쉬 클렌져
쿠팡,C000279,브러쉬 파우치,C000273,5,뷰티 > 뷰티소품 > 페이스소품 > 브러쉬 > 브러쉬 파우치
쿠팡,C000280,블러셔/섀딩 브러쉬,C000273,5,뷰티 > 뷰티소품 > 페이스소품 > 브러쉬 > 블러셔/섀딩 브러쉬
쿠팡,C000281,아이라이너 브러쉬,C000273,5,뷰티 > 뷰티소품 > 페이스소품 > 브러쉬 > 아이라이너 브러쉬
쿠팡,C000282,아이섀도 브러쉬,C000273,5,뷰티 > 뷰티소품 > 페이스소품 > 브러쉬 > 아이섀도 브러쉬
쿠팡,C000283,컨실러 브러쉬,C000273,5,뷰티 > 뷰티소품 > 페이스소품 > 브러쉬 > 컨실러 브러쉬
쿠팡,C000284,파우더 브러쉬,C000273,5,뷰티 > 뷰티소품 > 페이스소품 > 브러쉬 > 파우더 브러쉬
쿠팡,C000285,파운데이션 브러쉬,C000273,5,뷰티 > 뷰티소품 > 페이스소품 > 브러쉬 > 파운데이션 브러쉬
쿠팡,C000286,팩붓/기타브러쉬,C000273,5,뷰티 > 뷰티소품 > 페이스소품 > 브러쉬 > 팩붓/기타브러쉬
쿠팡,C000287,하이라이터 브러쉬,C000273,5,뷰티 > 뷰티소품 > 페이스소품 > 브러쉬 > 하이라이터 브러쉬
쿠팡,C000288,휴대용 브러쉬,C000273,5,뷰티 > 뷰티소품 > 페이스소품 > 브러쉬 > 휴대용 브러쉬
쿠팡,C000289,코털제거기,C000266,4,뷰티 > 뷰티소품 > 페이스소품 > 코털제거기
쿠팡,C000291,퍼프,C000266,4,뷰티 > 뷰티소품 > 페이스소품 > 퍼프
쿠팡,C000290,스폰지/조각 퍼프,C000291,5,뷰티 > 뷰티소품 > 페이스소품 > 퍼프 > 스폰지/조각 퍼프
쿠팡,C000292,쿠션 퍼프,C000291,5,뷰티 > 뷰티소품 > 페이스소품 > 퍼프 > 쿠션 퍼프
쿠팡,C000293,파우더 퍼프,C000291,5,뷰티 > 뷰티소품 > 페이스소품 > 퍼프 > 파우더 퍼프
쿠팡,C000294,페이스롤러,C000266,4,뷰티 > 뷰티소품 > 페이스소품 > 페이스롤러
쿠팡,C000295,피지압출기,C000266,4,뷰티 > 뷰티소품 > 페이스소품 > 피지압출기
쿠팡,C000296,화장솜,C000266,4,뷰티 > 뷰티소품 > 페이스소품 > 화장솜
쿠팡,C000299,헤어소품,C000241,3,뷰티 > 뷰티소품 > 헤어소품
쿠팡,C000298,가발/붙임머리/액세서리,C000299,4,뷰티 > 뷰티소품 > 헤어소품 > 가발/붙임머리/액세서리
쿠팡,C000297,가발 마네킹/스탠드,C000298,5,뷰티 > 뷰티소품 > 헤어소품 > 가발/붙임머리/액세서리 > 가발 마네킹/스탠드
쿠팡,C000300,가발 캡,C000298,5,뷰티 > 뷰티소품 > 헤어소품 > 가발/붙임머리/액세서리 > 가발 캡
쿠팡,C000301,가발세트,C000298,5,뷰티 > 뷰티소품 > 헤어소품 > 가발/붙임머리/액세서리 > 가발세트
쿠팡,C000302,붙임머리/헤어피스/부분가발,C000298,5,뷰티 > 뷰티소품 > 헤어소품 > 가발/붙임머리/액세서리 > 붙임머리/헤어피스/부분가발
쿠팡,C000303,브릿지/포인트 피스,C000298,5,뷰티 > 뷰티소품 > 헤어소품 > 가발/붙임머리/액세서리 > 브릿지/포인트 피스
쿠팡,C000304,앞머리 가발,C000298,5,뷰티 > 뷰티소품 > 헤어소품 > 가발/붙임머리/액세서리 > 앞머리 가발
쿠팡,C000305,업스타일/포니테일 가발,C000298,5,뷰티 > 뷰티소품 > 헤어소품 > 가발/붙임머리/액세서리 > 업스타일/포니테일 가발
쿠팡,C000306,전체 가발,C000298,5,뷰티 > 뷰티소품 > 헤어소품 > 가발/붙임머리/액세서리 > 전체 가발
쿠팡,C000307,접착제/제거제/관리소품,C000298,5,뷰티 > 뷰티소품 > 헤어소품 > 가발/붙임머리/액세서리 > 접착제/제거제/관리소품
쿠팡,C000308,기타헤어소품,C000299,4,뷰티 > 뷰티소품 > 헤어소품 > 기타헤어소품
쿠팡,C000310,미용가위,C000299,4,뷰티 > 뷰티소품 > 헤어소품 > 미용가위
쿠팡,C000309,미용가위세트,C000310,5,뷰티 > 뷰티소품 > 헤어소품 > 미용가위 > 미용가위세트
쿠팡,C000311,숱 가위,C000310,5,뷰티 > 뷰티소품 > 헤어소품 > 미용가위 > 숱 가위
쿠팡,C000312,일반 가위,C000310,5,뷰티 > 뷰티소품 > 헤어소품 > 미용가위 > 일반 가위
쿠팡,C000313,케이스/커버,C000310,5,뷰티 > 뷰티소품 > 헤어소품 > 미용가위 > 케이스/커버
쿠팡,C000315,빗/브러쉬,C000299,4,뷰티 > 뷰티소품 > 헤어소품 > 빗/브러쉬
쿠팡,C000314,두피마사지브러쉬,C000315,5,뷰티 > 뷰티소품 > 헤어소품 > 빗/브러쉬 > 두피마사지브러쉬
쿠팡,C000316,롤/드라이 헤어브러쉬,C000315,5,뷰티 > 뷰티소품 > 헤어소품 > 빗/브러쉬 > 롤/드라이 헤어브러쉬
쿠팡,C000317,일반 헤어브러쉬,C000315,5,뷰티 > 뷰티소품 > 헤어소품 > 빗/브러쉬 > 일반 헤어브러쉬
쿠팡,C000318,헤어브러쉬 세트,C000315,5,뷰티 > 뷰티소품 > 헤어소품 > 빗/브러쉬 > 헤어브러쉬 세트
쿠팡,C000319,세안밴드,C000299,4,뷰티 > 뷰티소품 > 헤어소품 > 세안밴드
쿠팡,C000321,염색/파마용품,C000299,4,뷰티 > 뷰티소품 > 헤어소품 > 염색/파마용품
쿠팡,C000320,미용장갑,C000321,5,뷰티 > 뷰티소품 > 헤어소품 > 염색/파마용품 > 미용장갑
쿠팡,C000322,염색/파마용품세트,C000321,5,뷰티 > 뷰티소품 > 헤어소품 > 염색/파마용품 > 염색/파마용품세트
쿠팡,C000323,염색빗,C000321,5,뷰티 > 뷰티소품 > 헤어소품 > 염색/파마용품 > 염색빗
쿠팡,C000324,염색약 혼합용기,C000321,5,뷰티 > 뷰티소품 > 헤어소품 > 염색/파마용품 > 염색약 혼합용기
쿠팡,C000325,이어캡,C000321,5,뷰티 > 뷰티소품 > 헤어소품 > 염색/파마용품 > 이어캡
쿠팡,C000326,파마 고무줄,C000321,5,뷰티 > 뷰티소품 > 헤어소품 > 염색/파마용품 > 파마 고무줄
쿠팡,C000327,파지,C000321,5,뷰티 > 뷰티소품 > 헤어소품 > 염색/파마용품 > 파지
쿠팡,C000328,헤어 케이프,C000321,5,뷰티 > 뷰티소품 > 헤어소품 > 염색/파마용품 > 헤어 케이프
쿠팡,C000329,헤어랩,C000321,5,뷰티 > 뷰티소품 > 헤어소품 > 염색/파마용품 > 헤어랩
쿠팡,C000330,헤어롯드,C000321,5,뷰티 > 뷰티소품 > 헤어소품 > 염색/파마용품 > 헤어롯드
쿠팡,C000331,헤어캡,C000321,5,뷰티 > 뷰티소품 > 헤어소품 > 염색/파마용품 > 헤어캡
쿠팡,C000332,헤어호일,C000321,5,뷰티 > 뷰티소품 > 헤어소품 > 염색/파마용품 > 헤어호일
쿠팡,C000333,헤어롤/구르프,C000299,4,뷰티 > 뷰티소품 > 헤어소품 > 헤어롤/구르프
쿠팡,C000334,헤어클립/집게,C000299,4,뷰티 > 뷰티소품 > 헤어소품 > 헤어클립/집게
쿠팡,C000336,화장품용기,C000241,3,뷰티 > 뷰티소품 > 화장품용기
쿠팡,C000335,DIY쿠션케이스,C000336,4,뷰티 > 뷰티소품 > 화장품용기 > DIY쿠션케이스
쿠팡,C000337,거품용기,C000336,4,뷰티 > 뷰티소품 > 화장품용기 > 거품용기
쿠팡,C000338,로션용기,C000336,4,뷰티 > 뷰티소품 > 화장품용기 > 로션용기
쿠팡,C000339,스프레이/펌프(용기미포함),C000336,4,뷰티 > 뷰티소품 > 화장품용기 > 스프레이/펌프(용기미포함)
쿠팡,C000340,스프레이용기,C000336,4,뷰티 > 뷰티소품 > 화장품용기 > 스프레이용기
쿠팡,C000341,오일/스포이드 용기,C000336,4,뷰티 > 뷰티소품 > 화장품용기 > 오일/스포이드 용기
쿠팡,C000342,용기세트,C000336,4,뷰티 > 뷰티소품 > 화장품용기 > 용기세트
쿠팡,C000343,크림용기,C000336,4,뷰티 > 뷰티소품 > 화장품용기 > 크림용기
쿠팡,C000344,펌핑용기,C000336,4,뷰티 > 뷰티소품 > 화장품용기 > 펌핑용기
쿠팡,C000345,향수케이스,C000336,4,뷰티 > 뷰티소품 > 화장품용기 > 향수케이스
쿠팡,C000347,선물세트,C000004,2,뷰티 > 선물세트
쿠팡,C000346,남성화장품 선물세트,C000347,3,뷰티 > 선물세트 > 남성화장품 선물세트
쿠팡,C000348,멀티케어선물세트,C000347,3,뷰티 > 선물세트 > 멀티케어선물세트
쿠팡,C000349,메이크업선물세트,C000347,3,뷰티 > 선물세트 > 메이크업선물세트
쿠팡,C000350,바디선물세트,C000347,3,뷰티 > 선물세트 > 바디선물세트
쿠팡,C000351,스킨선물세트,C000347,3,뷰티 > 선물세트 > 스킨선물세트
쿠팡,C000352,향수선물세트,C000347,3,뷰티 > 선물세트 > 향수선물세트
쿠팡,C000353,헤어 선물세트,C000347,3,뷰티 > 선물세트 > 헤어 선물세트
쿠팡,C000356,스킨,C000004,2,뷰티 > 스킨
쿠팡,C000355,기초세트,C000356,3,뷰티 > 스킨 > 기초세트
쿠팡,C000354,2종 세트,C000355,4,뷰티 > 스킨 > 기초세트 > 2종 세트
쿠팡,C000357,3종 세트,C000355,4,뷰티 > 스킨 > 기초세트 > 3종 세트
쿠팡,C000358,4종 이상 세트,C000355,4,뷰티 > 스킨 > 기초세트 > 4종 이상 세트
쿠팡,C000359,여행용세트,C000355,4,뷰티 > 스킨 > 기초세트 > 여행용세트
쿠팡,C000360,로션/에멀젼,C000356,3,뷰티 > 스킨 > 로션/에멀젼
쿠팡,C000362,립케어,C000356,3,뷰티 > 스킨 > 립케어
쿠팡,C000361,립 스크럽,C000362,4,뷰티 > 스킨 > 립케어 > 립 스크럽
쿠팡,C000364,립밤,C000362,4,뷰티 > 스킨 > 립케어 > 립밤
쿠팡,C000363,보습/케어 립밤,C000364,5,뷰티 > 스킨 > 립케어 > 립밤 > 보습/케어 립밤
쿠팡,C000365,틴티드 립밤,C000364,5,뷰티 > 스킨 > 립케어 > 립밤 > 틴티드 립밤
쿠팡,C000366,립케어 세트/키트,C000362,4,뷰티 > 스킨 > 립케어 > 립케어 세트/키트
쿠팡,C000367,립프라이머,C000362,4,뷰티 > 스킨 > 립케어 > 립프라이머
쿠팡,C000368,립플럼퍼,C000362,4,뷰티 > 스킨 > 립케어 > 립플럼퍼
쿠팡,C000369,살브(립 멀티밤),C000362,4,뷰티 > 스킨 > 립케어 > 살브(립 멀티밤)
쿠팡,C000371,마스크/팩,C000356,3,뷰티 > 스킨 > 마스크/팩
쿠팡,C000370,고무/모델링 마스크/팩,C000371,4,뷰티 > 스킨 > 마스크/팩 > 고무/모델링 마스크/팩
쿠팡,C000372,기타패치,C000371,4,뷰티 > 스킨 > 마스크/팩 > 기타패치
쿠팡,C000373,넥 팩/패치,C000371,4,뷰티 > 스킨 > 마스크/팩 > 넥 팩/패치
쿠팡,C000374,립 팩/패치,C000371,4,뷰티 > 스킨 > 마스크/팩 > 립 팩/패치
쿠팡,C000375,스팟패치,C000371,4,뷰티 > 스킨 > 마스크/팩 > 스팟패치
쿠팡,C000376,슬리핑 마스크/팩,C000371,4,뷰티 > 스킨 > 마스크/팩 > 슬리핑 마스크/팩
쿠팡,C000377,시트 마스크/팩,C000371,4,뷰티 > 스킨 > 마스크/팩 > 시트 마스크/팩
쿠팡,C000378,아이 패치,C000371,4,뷰티 > 스킨 > 마스크/팩 > 아이 패치
쿠팡,C000379,워시오프 마스크/팩,C000371,4,뷰티 > 스킨 > 마스크/팩 > 워시오프 마스크/팩
쿠팡,C000380,코 팩/패치,C000371,4,뷰티 > 스킨 > 마스크/팩 > 코 팩/패치
쿠팡,C000381,팔자 팩/패치,C000371,4,뷰티 > 스킨 > 마스크/팩 > 팔자 팩/패치
쿠팡,C000382,필오프 마스크/팩,C000371,4,뷰티 > 스킨 > 마스크/팩 > 필오프 마스크/팩
쿠팡,C000383,미스트,C000356,3,뷰티 > 스킨 > 미스트
쿠팡,C000385,선케어/태닝,C000356,3,뷰티 > 스킨 > 선케어/태닝
쿠팡,C000384,선블록/선크림/선로션,C000385,4,뷰티 > 스킨 > 선케어/태닝 > 선블록/선크림/선로션
쿠팡,C000386,선스틱,C000385,4,뷰티 > 스킨 > 선케어/태닝 > 선스틱
쿠팡,C000387,선스프레이,C000385,4,뷰티 > 스킨 > 선케어/태닝 > 선스프레이
쿠팡,C000388,선쿠션/선팩트/선파우더,C000385,4,뷰티 > 스킨 > 선케어/태닝 > 선쿠션/선팩트/선파우더
쿠팡,C000389,셀프태닝/메이크업,C000385,4,뷰티 > 스킨 > 선케어/태닝 > 셀프태닝/메이크업
쿠팡,C000390,알로에/수딩/애프터선,C000385,4,뷰티 > 스킨 > 선케어/태닝 > 알로에/수딩/애프터선
쿠팡,C000391,자외선차단패치,C000385,4,뷰티 > 스킨 > 선케어/태닝 > 자외선차단패치
쿠팡,C000392,태닝오일,C000385,4,뷰티 > 스킨 > 선케어/태닝 > 태닝오일
쿠팡,C000393,스킨 멀티밤,C000356,3,뷰티 > 스킨 > 스킨 멀티밤
쿠팡,C000395,스킨/토너,C000356,3,뷰티 > 스킨 > 스킨/토너
쿠팡,C000394,스킨/토너 패드,C000395,4,뷰티 > 스킨 > 스킨/토너 > 스킨/토너 패드
쿠팡,C000396,스킨/토너/화장수,C000395,4,뷰티 > 스킨 > 스킨/토너 > 스킨/토너/화장수
쿠팡,C000397,아스트린젠트,C000395,4,뷰티 > 스킨 > 스킨/토너 > 아스트린젠트
쿠팡,C000399,에센스/세럼/앰플,C000356,3,뷰티 > 스킨 > 에센스/세럼/앰플
쿠팡,C000398,앰플,C000399,4,뷰티 > 스킨 > 에센스/세럼/앰플 > 앰플
쿠팡,C000400,에센스/세럼,C000399,4,뷰티 > 스킨 > 에센스/세럼/앰플 > 에센스/세럼
쿠팡,C000402,오일,C000356,3,뷰티 > 스킨 > 오일
쿠팡,C000401,드라이오일,C000402,4,뷰티 > 스킨 > 오일 > 드라이오일
쿠팡,C000403,일반오일,C000402,4,뷰티 > 스킨 > 오일 > 일반오일
쿠팡,C000404,올인원,C000356,3,뷰티 > 스킨 > 올인원
쿠팡,C000406,크림,C000356,3,뷰티 > 스킨 > 크림
쿠팡,C000405,나이트크림,C000406,4,뷰티 > 스킨 > 크림 > 나이트크림
쿠팡,C000407,넥크림,C000406,4,뷰티 > 스킨 > 크림 > 넥크림
쿠팡,C000408,데이크림,C000406,4,뷰티 > 스킨 > 크림 > 데이크림
쿠팡,C000409,마사지크림,C000406,4,뷰티 > 스킨 > 크림 > 마사지크림
쿠팡,C000410,아이크림,C000406,4,뷰티 > 스킨 > 크림 > 아이크림
쿠팡,C000412,클렌징,C000356,3,뷰티 > 스킨 > 클렌징
쿠팡,C000411,립앤아이리무버,C000412,4,뷰티 > 스킨 > 클렌징 > 립앤아이리무버
쿠팡,C000413,클렌징 로션/밀크,C000412,4,뷰티 > 스킨 > 클렌징 > 클렌징 로션/밀크
쿠팡,C000414,클렌징 비누,C000412,4,뷰티 > 스킨 > 클렌징 > 클렌징 비누
쿠팡,C000415,클렌징 오일,C000412,4,뷰티 > 스킨 > 클렌징 > 클렌징 오일
쿠팡,C000416,클렌징 워터,C000412,4,뷰티 > 스킨 > 클렌징 > 클렌징 워터
쿠팡,C000417,클렌징 젤,C000412,4,뷰티 > 스킨 > 클렌징 > 클렌징 젤
쿠팡,C000418,클렌징 크림/밤,C000412,4,뷰티 > 스킨 > 클렌징 > 클렌징 크림/밤
쿠팡,C000419,클렌징 티슈/시트,C000412,4,뷰티 > 스킨 > 클렌징 > 클렌징 티슈/시트
쿠팡,C000420,클렌징 파우더,C000412,4,뷰티 > 스킨 > 클렌징 > 클렌징 파우더
쿠팡,C000421,클렌징 폼,C000412,4,뷰티 > 스킨 > 클렌징 > 클렌징 폼
쿠팡,C000422,클렌징세트,C000412,4,뷰티 > 스킨 > 클렌징 > 클렌징세트
쿠팡,C000424,필링,C000356,3,뷰티 > 스킨 > 필링
쿠팡,C000423,면봉필링,C000424,4,뷰티 > 스킨 > 필링 > 면봉필링
쿠팡,C000425,페이스 스크럽,C000424,4,뷰티 > 스킨 > 필링 > 페이스 스크럽
쿠팡,C000426,필링 젤/고마쥬,C000424,4,뷰티 > 스킨 > 필링 > 필링 젤/고마쥬
쿠팡,C000427,필링 크림,C000424,4,뷰티 > 스킨 > 필링 > 필링 크림
쿠팡,C000428,필링 토너,C000424,4,뷰티 > 스킨 > 필링 > 필링 토너
쿠팡,C000429,필링 파우더,C000424,4,뷰티 > 스킨 > 필링 > 필링 파우더
쿠팡,C000430,필링 패드,C000424,4,뷰티 > 스킨 > 필링 > 필링 패드
쿠팡,C000433,어린이화장품,C000004,2,뷰티 > 어린이화장품
쿠팡,C000432,네일 케어,C000433,3,뷰티 > 어린이화장품 > 네일 케어
쿠팡,C000431,네일 보습/영양,C000432,4,뷰티 > 어린이화장품 > 네일 케어 > 네일 보습/영양
쿠팡,C000434,네일 컬러,C000432,4,뷰티 > 어린이화장품 > 네일 케어 > 네일 컬러
쿠팡,C000435,립 메이크업,C000433,3,뷰티 > 어린이화장품 > 립 메이크업
쿠팡,C000437,립 케어,C000433,3,뷰티 > 어린이화장품 > 립 케어
쿠팡,C000436,보습/케어 립밤,C000437,4,뷰티 > 어린이화장품 > 립 케어 > 보습/케어 립밤
쿠팡,C000438,틴티드 립밤,C000437,4,뷰티 > 어린이화장품 > 립 케어 > 틴티드 립밤
쿠팡,C000440,세트/키트,C000433,3,뷰티 > 어린이화장품 > 세트/키트
쿠팡,C000439,네일케어 세트,C000440,4,뷰티 > 어린이화장품 > 세트/키트 > 네일케어 세트
쿠팡,C000441,립 메이크업 세트,C000440,4,뷰티 > 어린이화장품 > 세트/키트 > 립 메이크업 세트
쿠팡,C000442,립케어 세트,C000440,4,뷰티 > 어린이화장품 > 세트/키트 > 립케어 세트
쿠팡,C000443,아이 메이크업 세트,C000440,4,뷰티 > 어린이화장품 > 세트/키트 > 아이 메이크업 세트
쿠팡,C000444,페이스 메이크업 세트,C000440,4,뷰티 > 어린이화장품 > 세트/키트 > 페이스 메이크업 세트
쿠팡,C000445,향수 세트,C000440,4,뷰티 > 어린이화장품 > 세트/키트 > 향수 세트
쿠팡,C000446,혼합 메이크업 세트,C000440,4,뷰티 > 어린이화장품 > 세트/키트 > 혼합 메이크업 세트
쿠팡,C000447,아이 메이크업,C000433,3,뷰티 > 어린이화장품 > 아이 메이크업
쿠팡,C000449,페이스 메이크업,C000433,3,뷰티 > 어린이화장품 > 페이스 메이크업
쿠팡,C000448,베이스 메이크업,C000449,4,뷰티 > 어린이화장품 > 페이스 메이크업 > 베이스 메이크업
쿠팡,C000450,치크/멀티 메이크업,C000449,4,뷰티 > 어린이화장품 > 페이스 메이크업 > 치크/멀티 메이크업
쿠팡,C000451,향수,C000433,3,뷰티 > 어린이화장품 > 향수
쿠팡,C000453,임산부화장품,C000004,2,뷰티 > 임산부화장품
쿠팡,C000452,임산부 기초화장품,C000453,3,뷰티 > 임산부화장품 > 임산부 기초화장품
쿠팡,C000454,임산부 바디케어,C000453,3,뷰티 > 임산부화장품 > 임산부 바디케어
쿠팡,C000455,임산부 샴푸/린스,C000453,3,뷰티 > 임산부화장품 > 임산부 샴푸/린스
쿠팡,C000456,임산부 선케어,C000453,3,뷰티 > 임산부화장품 > 임산부 선케어
쿠팡,C000457,임산부 클렌징/비누,C000453,3,뷰티 > 임산부화장품 > 임산부 클렌징/비누
쿠팡,C000460,향수,C000004,2,뷰티 > 향수
쿠팡,C000459,고체향수,C000460,3,뷰티 > 향수 > 고체향수
쿠팡,C000458,남녀공용향수,C000459,4,뷰티 > 향수 > 고체향수 > 남녀공용향수
쿠팡,C000461,남성향수,C000459,4,뷰티 > 향수 > 고체향수 > 남성향수
쿠팡,C000462,여성향수,C000459,4,뷰티 > 향수 > 고체향수 > 여성향수
쿠팡,C000463,향수세트,C000459,4,뷰티 > 향수 > 고체향수 > 향수세트
쿠팡,C000466,액체향수,C000460,3,뷰티 > 향수 > 액체향수
쿠팡,C000465,남녀공용향수,C000466,4,뷰티 > 향수 > 액체향수 > 남녀공용향수
쿠팡,C000464,오 데 코롱,C000465,5,뷰티 > 향수 > 액체향수 > 남녀공용향수 > 오 데 코롱
쿠팡,C000467,오 드 뚜왈렛,C000465,5,뷰티 > 향수 > 액체향수 > 남녀공용향수 > 오 드 뚜왈렛
쿠팡,C000468,오 드 퍼퓸,C000465,5,뷰티 > 향수 > 액체향수 > 남녀공용향수 > 오 드 퍼퓸
쿠팡,C000469,퍼퓸,C000465,5,뷰티 > 향수 > 액체향수 > 남녀공용향수 > 퍼퓸
쿠팡,C000471,남성향수,C000466,4,뷰티 > 향수 > 액체향수 > 남성향수
쿠팡,C000470,오 드 뚜왈렛,C000471,5,뷰티 > 향수 > 액체향수 > 남성향수 > 오 드 뚜왈렛
쿠팡,C000472,오 드 코롱,C000471,5,뷰티 > 향수 > 액체향수 > 남성향수 > 오 드 코롱
쿠팡,C000473,오 드 퍼퓸,C000471,5,뷰티 > 향수 > 액체향수 > 남성향수 > 오 드 퍼퓸
쿠팡,C000474,퍼퓸,C000471,5,뷰티 > 향수 > 액체향수 > 남성향수 > 퍼퓸
쿠팡,C000476,여성향수,C000466,4,뷰티 > 향수 > 액체향수 > 여성향수
쿠팡,C000475,오 드 뚜왈렛,C000476,5,뷰티 > 향수 > 액체향수 > 여성향수 > 오 드 뚜왈렛
쿠팡,C000477,오 드 코롱,C000476,5,뷰티 > 향수 > 액체향수 > 여성향수 > 오 드 코롱
쿠팡,C000478,오 드 퍼퓸,C000476,5,뷰티 > 향수 > 액체향수 > 여성향수 > 오 드 퍼퓸
쿠팡,C000479,퍼퓸,C000476,5,뷰티 > 향수 > 액체향수 > 여성향수 > 퍼퓸
쿠팡,C000481,향수세트,C000466,4,뷰티 > 향수 > 액체향수 > 향수세트
쿠팡,C000480,남녀공용 향수세트,C000481,5,뷰티 > 향수 > 액체향수 > 향수세트 > 남녀공용 향수세트
쿠팡,C000482,남성향수세트,C000481,5,뷰티 > 향수 > 액체향수 > 향수세트 > 남성향수세트
쿠팡,C000483,여성향수세트,C000481,5,뷰티 > 향수 > 액체향수 > 향수세트 > 여성향수세트
쿠팡,C000486,헤어,C000004,2,뷰티 > 헤어
쿠팡,C000485,린스/컨디셔너,C000486,3,뷰티 > 헤어 > 린스/컨디셔너
쿠팡,C000484,기능성린스/컨디셔너,C000485,4,뷰티 > 헤어 > 린스/컨디셔너 > 기능성린스/컨디셔너
쿠팡,C000487,리필형린스/컨디셔너,C000485,4,뷰티 > 헤어 > 린스/컨디셔너 > 리필형린스/컨디셔너
쿠팡,C000488,무실리콘린스/컨디셔너,C000485,4,뷰티 > 헤어 > 린스/컨디셔너 > 무실리콘린스/컨디셔너
쿠팡,C000489,볼륨린스/컨디셔너,C000485,4,뷰티 > 헤어 > 린스/컨디셔너 > 볼륨린스/컨디셔너
쿠팡,C000490,스칼프/두피/비듬린스,C000485,4,뷰티 > 헤어 > 린스/컨디셔너 > 스칼프/두피/비듬린스
쿠팡,C000491,업소용린스/컨디셔너,C000485,4,뷰티 > 헤어 > 린스/컨디셔너 > 업소용린스/컨디셔너
쿠팡,C000492,여행용린스/컨디셔너,C000485,4,뷰티 > 헤어 > 린스/컨디셔너 > 여행용린스/컨디셔너
쿠팡,C000493,일반린스/컨디셔너,C000485,4,뷰티 > 헤어 > 린스/컨디셔너 > 일반린스/컨디셔너
쿠팡,C000494,퍼퓸린스/컨디셔너,C000485,4,뷰티 > 헤어 > 린스/컨디셔너 > 퍼퓸린스/컨디셔너
쿠팡,C000495,한방린스/컨디셔너,C000485,4,뷰티 > 헤어 > 린스/컨디셔너 > 한방린스/컨디셔너
쿠팡,C000497,샴푸,C000486,3,뷰티 > 헤어 > 샴푸
쿠팡,C000496,기능성샴푸,C000497,4,뷰티 > 헤어 > 샴푸 > 기능성샴푸
쿠팡,C000498,드라이샴푸,C000497,4,뷰티 > 헤어 > 샴푸 > 드라이샴푸
쿠팡,C000499,리필형샴푸,C000497,4,뷰티 > 헤어 > 샴푸 > 리필형샴푸
쿠팡,C000500,무실리콘샴푸,C000497,4,뷰티 > 헤어 > 샴푸 > 무실리콘샴푸
쿠팡,C000501,볼륨샴푸,C000497,4,뷰티 > 헤어 > 샴푸 > 볼륨샴푸
쿠팡,C000502,샴푸린스겸용,C000497,4,뷰티 > 헤어 > 샴푸 > 샴푸린스겸용
쿠팡,C000503,샴푸바/헤어비누,C000497,4,뷰티 > 헤어 > 샴푸 > 샴푸바/헤어비누
쿠팡,C000504,스칼프/두피/비듬샴푸,C000497,4,뷰티 > 헤어 > 샴푸 > 스칼프/두피/비듬샴푸
쿠팡,C000505,업소용샴푸,C000497,4,뷰티 > 헤어 > 샴푸 > 업소용샴푸
쿠팡,C000506,여행용샴푸,C000497,4,뷰티 > 헤어 > 샴푸 > 여행용샴푸
쿠팡,C000507,염색샴푸,C000497,4,뷰티 > 헤어 > 샴푸 > 염색샴푸
쿠팡,C000508,일반샴푸,C000497,4,뷰티 > 헤어 > 샴푸 > 일반샴푸
쿠팡,C000509,퍼퓸샴푸,C000497,4,뷰티 > 헤어 > 샴푸 > 퍼퓸샴푸
쿠팡,C000510,한방샴푸,C000497,4,뷰티 > 헤어 > 샴푸 > 한방샴푸
쿠팡,C000512,에센스/오일,C000486,3,뷰티 > 헤어 > 에센스/오일
쿠팡,C000511,스프레이형헤어에센스,C000512,4,뷰티 > 헤어 > 에센스/오일 > 스프레이형헤어에센스
쿠팡,C000513,헤어로션,C000512,4,뷰티 > 헤어 > 에센스/오일 > 헤어로션
쿠팡,C000514,헤어미스트,C000512,4,뷰티 > 헤어 > 에센스/오일 > 헤어미스트
쿠팡,C000515,헤어에센스,C000512,4,뷰티 > 헤어 > 에센스/오일 > 헤어에센스
쿠팡,C000516,헤어오일,C000512,4,뷰티 > 헤어 > 에센스/오일 > 헤어오일
쿠팡,C000517,헤어토닉/스칼프,C000512,4,뷰티 > 헤어 > 에센스/오일 > 헤어토닉/스칼프
쿠팡,C000519,트리트먼트/팩/앰플,C000486,3,뷰티 > 헤어 > 트리트먼트/팩/앰플
쿠팡,C000518,기능성헤어트리트먼트,C000519,4,뷰티 > 헤어 > 트리트먼트/팩/앰플 > 기능성헤어트리트먼트
쿠팡,C000520,무실리콘 트리트먼트,C000519,4,뷰티 > 헤어 > 트리트먼트/팩/앰플 > 무실리콘 트리트먼트
쿠팡,C000521,일반헤어트리트먼트,C000519,4,뷰티 > 헤어 > 트리트먼트/팩/앰플 > 일반헤어트리트먼트
쿠팡,C000522,퍼퓸헤어트리트먼트,C000519,4,뷰티 > 헤어 > 트리트먼트/팩/앰플 > 퍼퓸헤어트리트먼트
쿠팡,C000523,한방헤어트리트먼트,C000519,4,뷰티 > 헤어 > 트리트먼트/팩/앰플 > 한방헤어트리트먼트
쿠팡,C000524,헤어앰플,C000519,4,뷰티 > 헤어 > 트리트먼트/팩/앰플 > 헤어앰플
쿠팡,C000525,헤어팩/헤어마스크,C000519,4,뷰티 > 헤어 > 트리트먼트/팩/앰플 > 헤어팩/헤어마스크
쿠팡,C000527,펌/스트레이트너,C000486,3,뷰티 > 헤어 > 펌/스트레이트너
쿠팡,C000526,남성용 다운펌,C000527,4,뷰티 > 헤어 > 펌/스트레이트너 > 남성용 다운펌
쿠팡,C000528,스트레이트너,C000527,4,뷰티 > 헤어 > 펌/스트레이트너 > 스트레이트너
쿠팡,C000529,웨이브펌,C000527,4,뷰티 > 헤어 > 펌/스트레이트너 > 웨이브펌
쿠팡,C000531,헤어스타일링,C000486,3,뷰티 > 헤어 > 헤어스타일링
쿠팡,C000530,컬크림,C000531,4,뷰티 > 헤어 > 헤어스타일링 > 컬크림
쿠팡,C000532,헤어스프레이,C000531,4,뷰티 > 헤어 > 헤어스타일링 > 헤어스프레이
쿠팡,C000533,헤어왁스,C000531,4,뷰티 > 헤어 > 헤어스타일링 > 헤어왁스
쿠팡,C000534,헤어젤,C000531,4,뷰티 > 헤어 > 헤어스타일링 > 헤어젤
쿠팡,C000535,헤어폼/무스,C000531,4,뷰티 > 헤어 > 헤어스타일링 > 헤어폼/무스
쿠팡,C000538,헤어컬러,C000486,3,뷰티 > 헤어 > 헤어컬러
쿠팡,C000537,염색/헤어컬러,C000538,4,뷰티 > 헤어 > 헤어컬러 > 염색/헤어컬러
쿠팡,C000536,산화제,C000537,5,뷰티 > 헤어 > 헤어컬러 > 염색/헤어컬러 > 산화제
쿠팡,C000539,일반염색약(멋내기),C000537,5,뷰티 > 헤어 > 헤어컬러 > 염색/헤어컬러 > 일반염색약(멋내기)
쿠팡,C000540,일반염색약(새치),C000537,5,뷰티 > 헤어 > 헤어컬러 > 염색/헤어컬러 > 일반염색약(새치)
쿠팡,C000541,탈색제,C000537,5,뷰티 > 헤어 > 헤어컬러 > 염색/헤어컬러 > 탈색제
쿠팡,C000542,한방염색약(멋내기),C000537,5,뷰티 > 헤어 > 헤어컬러 > 염색/헤어컬러 > 한방염색약(멋내기)
쿠팡,C000543,한방염색약(새치),C000537,5,뷰티 > 헤어 > 헤어컬러 > 염색/헤어컬러 > 한방염색약(새치)
쿠팡,C000544,헤나,C000537,5,뷰티 > 헤어 > 헤어컬러 > 염색/헤어컬러 > 헤나
쿠팡,C000545,헤어매니큐어,C000537,5,뷰티 > 헤어 > 헤어컬러 > 염색/헤어컬러 > 헤어매니큐어
쿠팡,C000547,헤어메이크업,C000538,4,뷰티 > 헤어 > 헤어컬러 > 헤어메이크업
쿠팡,C000546,새치커버붓/스틱,C000547,5,뷰티 > 헤어 > 헤어컬러 > 헤어메이크업 > 새치커버붓/스틱
쿠팡,C000548,헤어섀도/마스카라,C000547,5,뷰티 > 헤어 > 헤어컬러 > 헤어메이크업 > 헤어섀도/마스카라
쿠팡,C000549,헤어초크/틴트,C000547,5,뷰티 > 헤어 > 헤어컬러 > 헤어메이크업 > 헤어초크/틴트
쿠팡,C000550,흑채/증모제,C000547,5,뷰티 > 헤어 > 헤어컬러 > 헤어메이크업 > 흑채/증모제
쿠팡,C000552,헤어케어세트,C000486,3,뷰티 > 헤어 > 헤어케어세트
쿠팡,C000551,여행용헤어세트,C000552,4,뷰티 > 헤어 > 헤어케어세트 > 여행용헤어세트
쿠팡,C000553,헤어세트,C000552,4,뷰티 > 헤어 > 헤어케어세트 > 헤어세트
쿠팡,C000557,생활용품,ROOT,1,생활용품
쿠팡,C000556,건강용품,C000557,2,생활용품 > 건강용품
쿠팡,C000555,건강보조용품,C000556,3,생활용품 > 건강용품 > 건강보조용품
쿠팡,C000554,건강/발패치,C000555,4,생활용품 > 건강용품 > 건강보조용품 > 건강/발패치
쿠팡,C000559,건강액세서리,C000556,3,생활용품 > 건강용품 > 건강액세서리
쿠팡,C000558,건강목걸이,C000559,4,생활용품 > 건강용품 > 건강액세서리 > 건강목걸이
쿠팡,C000560,건강팔찌,C000559,4,생활용품 > 건강용품 > 건강액세서리 > 건강팔찌
쿠팡,C000561,기타건강액세서리,C000559,4,생활용품 > 건강용품 > 건강액세서리 > 기타건강액세서리
쿠팡,C000563,건강측정용품,C000556,3,생활용품 > 건강용품 > 건강측정용품
쿠팡,C000562,기타 건강측정기,C000563,4,생활용품 > 건강용품 > 건강측정용품 > 기타 건강측정기
쿠팡,C000565,당뇨관리용품,C000563,4,생활용품 > 건강용품 > 건강측정용품 > 당뇨관리용품
쿠팡,C000564,연속혈당측정기,C000565,5,생활용품 > 건강용품 > 건강측정용품 > 당뇨관리용품 > 연속혈당측정기
쿠팡,C000566,인슐린주사기/펜니들,C000565,5,생활용품 > 건강용품 > 건강측정용품 > 당뇨관리용품 > 인슐린주사기/펜니들
쿠팡,C000567,채혈기/채혈침,C000565,5,생활용품 > 건강용품 > 건강측정용품 > 당뇨관리용품 > 채혈기/채혈침
쿠팡,C000568,혈당계,C000565,5,생활용품 > 건강용품 > 건강측정용품 > 당뇨관리용품 > 혈당계
쿠팡,C000569,혈당측정지,C000565,5,생활용품 > 건강용품 > 건강측정용품 > 당뇨관리용품 > 혈당측정지
쿠팡,C000570,배란테스트기,C000563,4,생활용품 > 건강용품 > 건강측정용품 > 배란테스트기
쿠팡,C000571,산소포화도측정기,C000563,4,생활용품 > 건강용품 > 건강측정용품 > 산소포화도측정기
쿠팡,C000572,신장계,C000563,4,생활용품 > 건강용품 > 건강측정용품 > 신장계
쿠팡,C000573,유아체온계,C000563,4,생활용품 > 건강용품 > 건강측정용품 > 유아체온계
쿠팡,C000574,임신테스트기,C000563,4,생활용품 > 건강용품 > 건강측정용품 > 임신테스트기
쿠팡,C000575,자가검사키트,C000563,4,생활용품 > 건강용품 > 건강측정용품 > 자가검사키트
쿠팡,C000576,체온계,C000563,4,생활용품 > 건강용품 > 건강측정용품 > 체온계
쿠팡,C000577,체중계,C000563,4,생활용품 > 건강용품 > 건강측정용품 > 체중계
쿠팡,C000578,체지방계,C000563,4,생활용품 > 건강용품 > 건강측정용품 > 체지방계
쿠팡,C000579,혈압계,C000563,4,생활용품 > 건강용품 > 건강측정용품 > 혈압계
쿠팡,C000581,금연용품,C000556,3,생활용품 > 건강용품 > 금연용품
쿠팡,C000580,금연보조제,C000581,4,생활용품 > 건강용품 > 금연용품 > 금연보조제
쿠팡,C000582,금연초(19),C000581,4,생활용품 > 건강용품 > 금연용품 > 금연초(19)
쿠팡,C000583,기타금연용품,C000581,4,생활용품 > 건강용품 > 금연용품 > 기타금연용품
쿠팡,C000585,눈건강/렌즈관리,C000556,3,생활용품 > 건강용품 > 눈건강/렌즈관리
쿠팡,C000584,돋보기/확대경,C000585,4,생활용품 > 건강용품 > 눈건강/렌즈관리 > 돋보기/확대경
쿠팡,C000586,렌즈세정/보존액,C000585,4,생활용품 > 건강용품 > 눈건강/렌즈관리 > 렌즈세정/보존액
쿠팡,C000587,렌즈세척기,C000585,4,생활용품 > 건강용품 > 눈건강/렌즈관리 > 렌즈세척기
쿠팡,C000588,렌즈세척용기/렌즈용품,C000585,4,생활용품 > 건강용품 > 눈건강/렌즈관리 > 렌즈세척용기/렌즈용품
쿠팡,C000589,습윤제/단백질제거제,C000585,4,생활용품 > 건강용품 > 눈건강/렌즈관리 > 습윤제/단백질제거제
쿠팡,C000590,식염수,C000585,4,생활용품 > 건강용품 > 눈건강/렌즈관리 > 식염수
쿠팡,C000591,아이마스크,C000585,4,생활용품 > 건강용품 > 눈건강/렌즈관리 > 아이마스크
쿠팡,C000592,일회용안대,C000585,4,생활용품 > 건강용품 > 눈건강/렌즈관리 > 일회용안대
쿠팡,C000594,마스크/방한대,C000556,3,생활용품 > 건강용품 > 마스크/방한대
쿠팡,C000593,1회용부직포마스크,C000594,4,생활용품 > 건강용품 > 마스크/방한대 > 1회용부직포마스크
쿠팡,C000595,KF-AD마스크,C000594,4,생활용품 > 건강용품 > 마스크/방한대 > KF-AD마스크
쿠팡,C000596,KF80마스크,C000594,4,생활용품 > 건강용품 > 마스크/방한대 > KF80마스크
쿠팡,C000597,KF94이상마스크,C000594,4,생활용품 > 건강용품 > 마스크/방한대 > KF94이상마스크
쿠팡,C000598,덴탈마스크[식약처인증],C000594,4,생활용품 > 건강용품 > 마스크/방한대 > 덴탈마스크[식약처인증]
쿠팡,C000599,방한/패션마스크,C000594,4,생활용품 > 건강용품 > 마스크/방한대 > 방한/패션마스크
쿠팡,C000600,유아 KF-AD마스크,C000594,4,생활용품 > 건강용품 > 마스크/방한대 > 유아 KF-AD마스크
쿠팡,C000601,유아 KF80마스크,C000594,4,생활용품 > 건강용품 > 마스크/방한대 > 유아 KF80마스크
쿠팡,C000602,유아 KF94이상마스크,C000594,4,생활용품 > 건강용품 > 마스크/방한대 > 유아 KF94이상마스크
쿠팡,C000603,투명위생마스크,C000594,4,생활용품 > 건강용품 > 마스크/방한대 > 투명위생마스크
쿠팡,C000604,특수마스크,C000594,4,생활용품 > 건강용품 > 마스크/방한대 > 특수마스크
쿠팡,C000606,보호대/교정용품,C000556,3,생활용품 > 건강용품 > 보호대/교정용품
쿠팡,C000605,건강보호대,C000606,4,생활용품 > 건강용품 > 보호대/교정용품 > 건강보호대
쿠팡,C000607,근육테이프,C000606,4,생활용품 > 건강용품 > 보호대/교정용품 > 근육테이프
쿠팡,C000608,기타 보호/교정용품,C000606,4,생활용품 > 건강용품 > 보호대/교정용품 > 기타 보호/교정용품
쿠팡,C000609,손/발건강용품,C000606,4,생활용품 > 건강용품 > 보호대/교정용품 > 손/발건강용품
쿠팡,C000610,의료용압박스타킹,C000606,4,생활용품 > 건강용품 > 보호대/교정용품 > 의료용압박스타킹
쿠팡,C000611,체형교정용품,C000606,4,생활용품 > 건강용품 > 보호대/교정용품 > 체형교정용품
쿠팡,C000613,지압/마사지용품,C000556,3,생활용품 > 건강용품 > 지압/마사지용품
쿠팡,C000612,괄사용품,C000613,4,생활용품 > 건강용품 > 지압/마사지용품 > 괄사용품
쿠팡,C000614,기타 지압/마사지용품,C000613,4,생활용품 > 건강용품 > 지압/마사지용품 > 기타 지압/마사지용품
쿠팡,C000615,두피마사지기,C000613,4,생활용품 > 건강용품 > 지압/마사지용품 > 두피마사지기
쿠팡,C000616,마사지볼,C000613,4,생활용품 > 건강용품 > 지압/마사지용품 > 마사지볼
쿠팡,C000617,발지압매트,C000613,4,생활용품 > 건강용품 > 지압/마사지용품 > 발지압매트
쿠팡,C000619,찜질/부항/뜸/좌훈,C000556,3,생활용품 > 건강용품 > 찜질/부항/뜸/좌훈
쿠팡,C000618,뜸/뜸기,C000619,4,생활용품 > 건강용품 > 찜질/부항/뜸/좌훈 > 뜸/뜸기
쿠팡,C000620,부항기/부항컵,C000619,4,생활용품 > 건강용품 > 찜질/부항/뜸/좌훈 > 부항기/부항컵
쿠팡,C000621,안마용품,C000619,4,생활용품 > 건강용품 > 찜질/부항/뜸/좌훈 > 안마용품
쿠팡,C000622,좌훈용품,C000619,4,생활용품 > 건강용품 > 찜질/부항/뜸/좌훈 > 좌훈용품
쿠팡,C000623,찜질용품,C000619,4,생활용품 > 건강용품 > 찜질/부항/뜸/좌훈 > 찜질용품
쿠팡,C000624,파라핀베스,C000619,4,생활용품 > 건강용품 > 찜질/부항/뜸/좌훈 > 파라핀베스
쿠팡,C000625,파라핀왁스,C000619,4,생활용품 > 건강용품 > 찜질/부항/뜸/좌훈 > 파라핀왁스
쿠팡,C000627,호흡/수면건강,C000556,3,생활용품 > 건강용품 > 호흡/수면건강
쿠팡,C000626,귀마개/소음방지,C000627,4,생활용품 > 건강용품 > 호흡/수면건강 > 귀마개/소음방지
쿠팡,C000628,기타 호흡/수면용품,C000627,4,생활용품 > 건강용품 > 호흡/수면건강 > 기타 호흡/수면용품
쿠팡,C000629,네블라이저,C000627,4,생활용품 > 건강용품 > 호흡/수면건강 > 네블라이저
쿠팡,C000630,자연/부직포 가습기,C000627,4,생활용품 > 건강용품 > 호흡/수면건강 > 자연/부직포 가습기
쿠팡,C000631,코/호흡기건강,C000627,4,생활용품 > 건강용품 > 호흡/수면건강 > 코/호흡기건강
쿠팡,C000632,코골이방지,C000627,4,생활용품 > 건강용품 > 호흡/수면건강 > 코골이방지
쿠팡,C000634,활동보조용품,C000556,3,생활용품 > 건강용품 > 활동보조용품
쿠팡,C000633,기타 활동보조용품,C000634,4,생활용품 > 건강용품 > 활동보조용품 > 기타 활동보조용품
쿠팡,C000635,목발,C000634,4,생활용품 > 건강용품 > 활동보조용품 > 목발
쿠팡,C000636,성인용보행기,C000634,4,생활용품 > 건강용품 > 활동보조용품 > 성인용보행기
쿠팡,C000637,전동스쿠터,C000634,4,생활용품 > 건강용품 > 활동보조용품 > 전동스쿠터
쿠팡,C000638,지팡이,C000634,4,생활용품 > 건강용품 > 활동보조용품 > 지팡이
쿠팡,C000639,환자용목욕의자,C000634,4,생활용품 > 건강용품 > 활동보조용품 > 환자용목욕의자
쿠팡,C000640,휠체어/휠체어용품,C000634,4,생활용품 > 건강용품 > 활동보조용품 > 휠체어/휠체어용품
쿠팡,C000643,공구,C000557,2,생활용품 > 공구
쿠팡,C000642,사다리/운반용품,C000643,3,생활용품 > 공구 > 사다리/운반용품
쿠팡,C000641,기타 적재/운반도구,C000642,4,생활용품 > 공구 > 사다리/운반용품 > 기타 적재/운반도구
쿠팡,C000644,사다리,C000642,4,생활용품 > 공구 > 사다리/운반용품 > 사다리
쿠팡,C000645,운반중장비/부품,C000642,4,생활용품 > 공구 > 사다리/운반용품 > 운반중장비/부품
쿠팡,C000646,작업대,C000642,4,생활용품 > 공구 > 사다리/운반용품 > 작업대
쿠팡,C000647,지게,C000642,4,생활용품 > 공구 > 사다리/운반용품 > 지게
쿠팡,C000649,소형기계,C000643,3,생활용품 > 공구 > 소형기계
쿠팡,C000648,기타소형기계,C000649,4,생활용품 > 공구 > 소형기계 > 기타소형기계
쿠팡,C000650,모터/펌프,C000649,4,생활용품 > 공구 > 소형기계 > 모터/펌프
쿠팡,C000651,발전기,C000649,4,생활용품 > 공구 > 소형기계 > 발전기
쿠팡,C000652,양수기,C000649,4,생활용품 > 공구 > 소형기계 > 양수기
쿠팡,C000653,해빙기,C000649,4,생활용품 > 공구 > 소형기계 > 해빙기
쿠팡,C000655,수공구/공구함,C000643,3,생활용품 > 공구 > 수공구/공구함
쿠팡,C000654,가정용 공구세트,C000655,4,생활용품 > 공구 > 수공구/공구함 > 가정용 공구세트
쿠팡,C000656,공구함/공구선반,C000655,4,생활용품 > 공구 > 수공구/공구함 > 공구함/공구선반
쿠팡,C000657,기타 수공구,C000655,4,생활용품 > 공구 > 수공구/공구함 > 기타 수공구
쿠팡,C000658,끌/대패/스크래퍼,C000655,4,생활용품 > 공구 > 수공구/공구함 > 끌/대패/스크래퍼
쿠팡,C000659,니퍼,C000655,4,생활용품 > 공구 > 수공구/공구함 > 니퍼
쿠팡,C000660,니퍼/펜치/플라이어,C000655,4,생활용품 > 공구 > 수공구/공구함 > 니퍼/펜치/플라이어
쿠팡,C000661,도끼,C000655,4,생활용품 > 공구 > 수공구/공구함 > 도끼
쿠팡,C000662,드라이버,C000655,4,생활용품 > 공구 > 수공구/공구함 > 드라이버
쿠팡,C000663,망치,C000655,4,생활용품 > 공구 > 수공구/공구함 > 망치
쿠팡,C000664,멀티툴/맥가이버칼,C000655,4,생활용품 > 공구 > 수공구/공구함 > 멀티툴/맥가이버칼
쿠팡,C000665,목공커터/기타칼,C000655,4,생활용품 > 공구 > 수공구/공구함 > 목공커터/기타칼
쿠팡,C000666,송곳,C000655,4,생활용품 > 공구 > 수공구/공구함 > 송곳
쿠팡,C000667,스패너/렌치,C000655,4,생활용품 > 공구 > 수공구/공구함 > 스패너/렌치
쿠팡,C000668,클램프/바이스,C000655,4,생활용품 > 공구 > 수공구/공구함 > 클램프/바이스
쿠팡,C000669,타카/핀,C000655,4,생활용품 > 공구 > 수공구/공구함 > 타카/핀
쿠팡,C000670,톱대/줄톱/톱날,C000655,4,생활용품 > 공구 > 수공구/공구함 > 톱대/줄톱/톱날
쿠팡,C000671,핀셋,C000655,4,생활용품 > 공구 > 수공구/공구함 > 핀셋
쿠팡,C000672,흙손,C000655,4,생활용품 > 공구 > 수공구/공구함 > 흙손
쿠팡,C000674,에어공구,C000643,3,생활용품 > 공구 > 에어공구
쿠팡,C000673,고압세척기/부속품,C000674,4,생활용품 > 공구 > 에어공구 > 고압세척기/부속품
쿠팡,C000675,기타 에어공구/부속품,C000674,4,생활용품 > 공구 > 에어공구 > 기타 에어공구/부속품
쿠팡,C000676,에어노즐/카플러/부속품,C000674,4,생활용품 > 공구 > 에어공구 > 에어노즐/카플러/부속품
쿠팡,C000677,에어렌치,C000674,4,생활용품 > 공구 > 에어공구 > 에어렌치
쿠팡,C000678,에어샌더/에어그라인더,C000674,4,생활용품 > 공구 > 에어공구 > 에어샌더/에어그라인더
쿠팡,C000679,에어톱/에어직소,C000674,4,생활용품 > 공구 > 에어공구 > 에어톱/에어직소
쿠팡,C000680,에어헤머/에어치퍼,C000674,4,생활용품 > 공구 > 에어공구 > 에어헤머/에어치퍼
쿠팡,C000681,유압절단기,C000674,4,생활용품 > 공구 > 에어공구 > 유압절단기
쿠팡,C000682,작기/유압지렛대,C000674,4,생활용품 > 공구 > 에어공구 > 작기/유압지렛대
쿠팡,C000683,컴프레셔/에어건,C000674,4,생활용품 > 공구 > 에어공구 > 컴프레셔/에어건
쿠팡,C000685,용접용품,C000643,3,생활용품 > 공구 > 용접용품
쿠팡,C000684,기타용접용품,C000685,4,생활용품 > 공구 > 용접용품 > 기타용접용품
쿠팡,C000686,용접고글,C000685,4,생활용품 > 공구 > 용접용품 > 용접고글
쿠팡,C000687,용접기,C000685,4,생활용품 > 공구 > 용접용품 > 용접기
쿠팡,C000688,용접면/용접마스크,C000685,4,생활용품 > 공구 > 용접용품 > 용접면/용접마스크
쿠팡,C000689,용접봉,C000685,4,생활용품 > 공구 > 용접용품 > 용접봉
쿠팡,C000691,인두/기타납땜용품,C000643,3,생활용품 > 공구 > 인두/기타납땜용품
쿠팡,C000690,납땜/기타인두용품,C000691,4,생활용품 > 공구 > 인두/기타납땜용품 > 납땜/기타인두용품
쿠팡,C000692,인두기/툴세트,C000691,4,생활용품 > 공구 > 인두/기타납땜용품 > 인두기/툴세트
쿠팡,C000694,전동공구,C000643,3,생활용품 > 공구 > 전동공구
쿠팡,C000693,각도/고속절단기,C000694,4,생활용품 > 공구 > 전동공구 > 각도/고속절단기
쿠팡,C000695,그라인더(연마기/광택기),C000694,4,생활용품 > 공구 > 전동공구 > 그라인더(연마기/광택기)
쿠팡,C000696,그라인더날/부품,C000694,4,생활용품 > 공구 > 전동공구 > 그라인더날/부품
쿠팡,C000697,기타 공구/기계부속품,C000694,4,생활용품 > 공구 > 전동공구 > 기타 공구/기계부속품
쿠팡,C000698,기타전동공구/정밀기계,C000694,4,생활용품 > 공구 > 전동공구 > 기타전동공구/정밀기계
쿠팡,C000699,루터/날/부품,C000694,4,생활용품 > 공구 > 전동공구 > 루터/날/부품
쿠팡,C000700,비트/플렉서블비트/홀쏘,C000694,4,생활용품 > 공구 > 전동공구 > 비트/플렉서블비트/홀쏘
쿠팡,C000701,선반/밀링/보링,C000694,4,생활용품 > 공구 > 전동공구 > 선반/밀링/보링
쿠팡,C000702,송풍기/열풍기,C000694,4,생활용품 > 공구 > 전동공구 > 송풍기/열풍기
쿠팡,C000703,압연기,C000694,4,생활용품 > 공구 > 전동공구 > 압연기
쿠팡,C000704,예초기/제초기,C000694,4,생활용품 > 공구 > 전동공구 > 예초기/제초기
쿠팡,C000705,전기톱/직소기,C000694,4,생활용품 > 공구 > 전동공구 > 전기톱/직소기
쿠팡,C000706,전동드릴/해머드릴,C000694,4,생활용품 > 공구 > 전동공구 > 전동드릴/해머드릴
쿠팡,C000707,전동타카/네일건,C000694,4,생활용품 > 공구 > 전동공구 > 전동타카/네일건
쿠팡,C000708,톱날/체인톱날/부품,C000694,4,생활용품 > 공구 > 전동공구 > 톱날/체인톱날/부품
쿠팡,C000709,트리머/루터기,C000694,4,생활용품 > 공구 > 전동공구 > 트리머/루터기
쿠팡,C000711,절단기,C000643,3,생활용품 > 공구 > 절단기
쿠팡,C000710,수동절단기,C000711,4,생활용품 > 공구 > 절단기 > 수동절단기
쿠팡,C000712,작두,C000711,4,생활용품 > 공구 > 절단기 > 작두
쿠팡,C000713,타일커터,C000711,4,생활용품 > 공구 > 절단기 > 타일커터
쿠팡,C000715,측정도구,C000643,3,생활용품 > 공구 > 측정도구
쿠팡,C000714,각도기/각도계,C000715,4,생활용품 > 공구 > 측정도구 > 각도기/각도계
쿠팡,C000716,검전기/테스터,C000715,4,생활용품 > 공구 > 측정도구 > 검전기/테스터
쿠팡,C000717,기타측정도구,C000715,4,생활용품 > 공구 > 측정도구 > 기타측정도구
쿠팡,C000718,레이저 측정기,C000715,4,생활용품 > 공구 > 측정도구 > 레이저 측정기
쿠팡,C000719,방안자/직자,C000715,4,생활용품 > 공구 > 측정도구 > 방안자/직자
쿠팡,C000720,보석감정 루페,C000715,4,생활용품 > 공구 > 측정도구 > 보석감정 루페
쿠팡,C000721,산업용 확대경,C000715,4,생활용품 > 공구 > 측정도구 > 산업용 확대경
쿠팡,C000722,수평기,C000715,4,생활용품 > 공구 > 측정도구 > 수평기
쿠팡,C000723,열화상카메라,C000715,4,생활용품 > 공구 > 측정도구 > 열화상카메라
쿠팡,C000724,줄자,C000715,4,생활용품 > 공구 > 측정도구 > 줄자
쿠팡,C000725,직각자,C000715,4,생활용품 > 공구 > 측정도구 > 직각자
쿠팡,C000726,캘리퍼스(노기스),C000715,4,생활용품 > 공구 > 측정도구 > 캘리퍼스(노기스)
쿠팡,C000728,토치/점화기,C000643,3,생활용품 > 공구 > 토치/점화기
쿠팡,C000727,가스토치,C000728,4,생활용품 > 공구 > 토치/점화기 > 가스토치
쿠팡,C000729,점화기/부싯돌,C000728,4,생활용품 > 공구 > 토치/점화기 > 점화기/부싯돌
쿠팡,C000730,파이어스틸,C000728,4,생활용품 > 공구 > 토치/점화기 > 파이어스틸
쿠팡,C000733,구강/면도,C000557,2,생활용품 > 구강/면도
쿠팡,C000732,구강보조용품,C000733,3,생활용품 > 구강/면도 > 구강보조용품
쿠팡,C000731,잇몸마사지,C000732,4,생활용품 > 구강/면도 > 구강보조용품 > 잇몸마사지
쿠팡,C000734,틀니세정제,C000732,4,생활용품 > 구강/면도 > 구강보조용품 > 틀니세정제
쿠팡,C000735,혀클리너,C000732,4,생활용품 > 구강/면도 > 구강보조용품 > 혀클리너
쿠팡,C000736,구강스프레이,C000733,3,생활용품 > 구강/면도 > 구강스프레이
쿠팡,C000737,구강용품세트,C000733,3,생활용품 > 구강/면도 > 구강용품세트
쿠팡,C000738,구강청결제,C000733,3,생활용품 > 구강/면도 > 구강청결제
쿠팡,C000740,면도기/날,C000733,3,생활용품 > 구강/면도 > 면도기/날
쿠팡,C000739,날면도기,C000740,4,생활용품 > 구강/면도 > 면도기/날 > 날면도기
쿠팡,C000741,면도기날,C000740,4,생활용품 > 구강/면도 > 면도기/날 > 면도기날
쿠팡,C000742,면도기세트,C000740,4,생활용품 > 구강/면도 > 면도기/날 > 면도기세트
쿠팡,C000743,면도기액세서리,C000740,4,생활용품 > 구강/면도 > 면도기/날 > 면도기액세서리
쿠팡,C000744,일회용면도기,C000740,4,생활용품 > 구강/면도 > 면도기/날 > 일회용면도기
쿠팡,C000746,쉐이빙케어,C000733,3,생활용품 > 구강/면도 > 쉐이빙케어
쿠팡,C000745,쉐이빙젤,C000746,4,생활용품 > 구강/면도 > 쉐이빙케어 > 쉐이빙젤
쿠팡,C000747,쉐이빙크림,C000746,4,생활용품 > 구강/면도 > 쉐이빙케어 > 쉐이빙크림
쿠팡,C000748,쉐이빙폼,C000746,4,생활용품 > 구강/면도 > 쉐이빙케어 > 쉐이빙폼
쿠팡,C000749,여행용 치약/칫솔키트,C000733,3,생활용품 > 구강/면도 > 여행용 치약/칫솔키트
쿠팡,C000751,유아구강용품,C000733,3,생활용품 > 구강/면도 > 유아구강용품
쿠팡,C000750,양치컵/기타구강용품,C000751,4,생활용품 > 구강/면도 > 유아구강용품 > 양치컵/기타구강용품
쿠팡,C000752,임산부칫솔,C000733,3,생활용품 > 구강/면도 > 임산부칫솔
쿠팡,C000754,치실/치간칫솔,C000733,3,생활용품 > 구강/면도 > 치실/치간칫솔
쿠팡,C000753,치간칫솔,C000754,4,생활용품 > 구강/면도 > 치실/치간칫솔 > 치간칫솔
쿠팡,C000755,치실,C000754,4,생활용품 > 구강/면도 > 치실/치간칫솔 > 치실
쿠팡,C000756,치아미백제,C000733,3,생활용품 > 구강/면도 > 치아미백제
쿠팡,C000757,치약,C000733,3,생활용품 > 구강/면도 > 치약
쿠팡,C000758,치약/칫솔선물세트,C000733,3,생활용품 > 구강/면도 > 치약/칫솔선물세트
쿠팡,C000759,칫솔,C000733,3,생활용품 > 구강/면도 > 칫솔
쿠팡,C000761,트리머,C000733,3,생활용품 > 구강/면도 > 트리머
쿠팡,C000760,트리머,C000761,4,생활용품 > 구강/면도 > 트리머 > 트리머
쿠팡,C000762,트리머날,C000761,4,생활용품 > 구강/면도 > 트리머 > 트리머날
쿠팡,C000764,도장용품,C000557,2,생활용품 > 도장용품
쿠팡,C000763,락카/스프레이,C000764,3,생활용품 > 도장용품 > 락카/스프레이
쿠팡,C000765,방부/방충도료,C000764,3,생활용품 > 도장용품 > 방부/방충도료
쿠팡,C000766,셀프페인팅세트,C000764,3,생활용품 > 도장용품 > 셀프페인팅세트
쿠팡,C000768,야외데크/목재,C000764,3,생활용품 > 도장용품 > 야외데크/목재
쿠팡,C000767,데크,C000768,4,생활용품 > 도장용품 > 야외데크/목재 > 데크
쿠팡,C000770,코팅제/스테인,C000764,3,생활용품 > 도장용품 > 코팅제/스테인
쿠팡,C000769,바니쉬/니스,C000770,4,생활용품 > 도장용품 > 코팅제/스테인 > 바니쉬/니스
쿠팡,C000771,스테인,C000770,4,생활용품 > 도장용품 > 코팅제/스테인 > 스테인
쿠팡,C000772,코팅제/왁스,C000764,3,생활용품 > 도장용품 > 코팅제/왁스
쿠팡,C000774,페인트,C000764,3,생활용품 > 도장용품 > 페인트
쿠팡,C000773,기타페인트/조색제,C000774,4,생활용품 > 도장용품 > 페인트 > 기타페인트/조색제
쿠팡,C000775,바르는황토벽지,C000774,4,생활용품 > 도장용품 > 페인트 > 바르는황토벽지
쿠팡,C000776,수성 페인트,C000774,4,생활용품 > 도장용품 > 페인트 > 수성 페인트
쿠팡,C000777,아크릴페인트,C000774,4,생활용품 > 도장용품 > 페인트 > 아크릴페인트
쿠팡,C000778,유성 페인트,C000774,4,생활용품 > 도장용품 > 페인트 > 유성 페인트
쿠팡,C000779,칠판/보드페인트,C000774,4,생활용품 > 도장용품 > 페인트 > 칠판/보드페인트
쿠팡,C000781,페인트보조재,C000764,3,생활용품 > 도장용품 > 페인트보조재
쿠팡,C000780,미끄럼방지파우더,C000781,4,생활용품 > 도장용품 > 페인트보조재 > 미끄럼방지파우더
쿠팡,C000782,젯소,C000781,4,생활용품 > 도장용품 > 페인트보조재 > 젯소
쿠팡,C000783,테라코트,C000781,4,생활용품 > 도장용품 > 페인트보조재 > 테라코트
쿠팡,C000784,퍼티,C000781,4,생활용품 > 도장용품 > 페인트보조재 > 퍼티
쿠팡,C000785,페인트세척제/제거제,C000781,4,생활용품 > 도장용품 > 페인트보조재 > 페인트세척제/제거제
쿠팡,C000786,페인트조색제,C000781,4,생활용품 > 도장용품 > 페인트보조재 > 페인트조색제
쿠팡,C000787,페인트프라이머,C000781,4,생활용품 > 도장용품 > 페인트보조재 > 페인트프라이머
쿠팡,C000788,핸디코트,C000781,4,생활용품 > 도장용품 > 페인트보조재 > 핸디코트
쿠팡,C000790,페인트작업도구,C000764,3,생활용품 > 도장용품 > 페인트작업도구
쿠팡,C000789,공캔/공병,C000790,4,생활용품 > 도장용품 > 페인트작업도구 > 공캔/공병
쿠팡,C000791,기타 도구,C000790,4,생활용품 > 도장용품 > 페인트작업도구 > 기타 도구
쿠팡,C000792,도구세트,C000790,4,생활용품 > 도장용품 > 페인트작업도구 > 도구세트
쿠팡,C000793,롤러,C000790,4,생활용품 > 도장용품 > 페인트작업도구 > 롤러
쿠팡,C000794,사포/샌딩기,C000790,4,생활용품 > 도장용품 > 페인트작업도구 > 사포/샌딩기
쿠팡,C000795,스텐실도안,C000790,4,생활용품 > 도장용품 > 페인트작업도구 > 스텐실도안
쿠팡,C000796,스펀지붓,C000790,4,생활용품 > 도장용품 > 페인트작업도구 > 스펀지붓
쿠팡,C000797,에어스프레이,C000790,4,생활용품 > 도장용품 > 페인트작업도구 > 에어스프레이
쿠팡,C000798,커버링테이프,C000790,4,생활용품 > 도장용품 > 페인트작업도구 > 커버링테이프
쿠팡,C000799,페인트붓,C000790,4,생활용품 > 도장용품 > 페인트작업도구 > 페인트붓
쿠팡,C000800,페인트트레이,C000790,4,생활용품 > 도장용품 > 페인트작업도구 > 페인트트레이
쿠팡,C000801,페인트패드,C000790,4,생활용품 > 도장용품 > 페인트작업도구 > 페인트패드
쿠팡,C000803,방충용품,C000557,2,생활용품 > 방충용품
쿠팡,C000802,모기향 연소기,C000803,3,생활용품 > 방충용품 > 모기향 연소기
쿠팡,C000804,방충/먼지방지창문필터,C000803,3,생활용품 > 방충용품 > 방충/먼지방지창문필터
쿠팡,C000805,방충망,C000803,3,생활용품 > 방충용품 > 방충망
쿠팡,C000806,방충보호복,C000803,3,생활용품 > 방충용품 > 방충보호복
쿠팡,C000807,파리채/전자모기채,C000803,3,생활용품 > 방충용품 > 파리채/전자모기채
쿠팡,C000810,방향/탈취/제습/살충,C000557,2,생활용품 > 방향/탈취/제습/살충
쿠팡,C000809,방충제,C000810,3,생활용품 > 방향/탈취/제습/살충 > 방충제
쿠팡,C000808,기타 방충제,C000809,4,생활용품 > 방향/탈취/제습/살충 > 방충제 > 기타 방충제
쿠팡,C000811,좀벌레/나프탈렌,C000809,4,생활용품 > 방향/탈취/제습/살충 > 방충제 > 좀벌레/나프탈렌
쿠팡,C000813,해충기피용품,C000809,4,생활용품 > 방향/탈취/제습/살충 > 방충제 > 해충기피용품
쿠팡,C000812,기타기피용품,C000813,5,생활용품 > 방향/탈취/제습/살충 > 방충제 > 해충기피용품 > 기타기피용품
쿠팡,C000814,손목밴드,C000813,5,생활용품 > 방향/탈취/제습/살충 > 방충제 > 해충기피용품 > 손목밴드
쿠팡,C000815,스프레이/로션,C000813,5,생활용품 > 방향/탈취/제습/살충 > 방충제 > 해충기피용품 > 스프레이/로션
쿠팡,C000816,패치,C000813,5,생활용품 > 방향/탈취/제습/살충 > 방충제 > 해충기피용품 > 패치
쿠팡,C000818,방향제,C000810,3,생활용품 > 방향/탈취/제습/살충 > 방향제
쿠팡,C000817,실내용 방향제,C000818,4,생활용품 > 방향/탈취/제습/살충 > 방향제 > 실내용 방향제
쿠팡,C000819,옷장방향제/종이사쉐,C000818,4,생활용품 > 방향/탈취/제습/살충 > 방향제 > 옷장방향제/종이사쉐
쿠팡,C000820,차량용 방향제,C000818,4,생활용품 > 방향/탈취/제습/살충 > 방향제 > 차량용 방향제
쿠팡,C000821,화장실용 방향제,C000818,4,생활용품 > 방향/탈취/제습/살충 > 방향제 > 화장실용 방향제
쿠팡,C000822,살균제/소독제,C000810,3,생활용품 > 방향/탈취/제습/살충 > 살균제/소독제
쿠팡,C000824,살충제/벌레약,C000810,3,생활용품 > 방향/탈취/제습/살충 > 살충제/벌레약
쿠팡,C000823,기타 살충제,C000824,4,생활용품 > 방향/탈취/제습/살충 > 살충제/벌레약 > 기타 살충제
쿠팡,C000825,모기/파리,C000824,4,생활용품 > 방향/탈취/제습/살충 > 살충제/벌레약 > 모기/파리
쿠팡,C000826,바퀴벌레/개미,C000824,4,생활용품 > 방향/탈취/제습/살충 > 살충제/벌레약 > 바퀴벌레/개미
쿠팡,C000827,쥐덫/쥐약,C000824,4,생활용품 > 방향/탈취/제습/살충 > 살충제/벌레약 > 쥐덫/쥐약
쿠팡,C000828,진드기,C000824,4,생활용품 > 방향/탈취/제습/살충 > 살충제/벌레약 > 진드기
쿠팡,C000829,새집증후군제거제,C000810,3,생활용품 > 방향/탈취/제습/살충 > 새집증후군제거제
쿠팡,C000831,유아위생/건강/세제,C000810,3,생활용품 > 방향/탈취/제습/살충 > 유아위생/건강/세제
쿠팡,C000830,제균스프레이,C000831,4,생활용품 > 방향/탈취/제습/살충 > 유아위생/건강/세제 > 제균스프레이
쿠팡,C000833,제습제,C000810,3,생활용품 > 방향/탈취/제습/살충 > 제습제
쿠팡,C000832,실리카겔,C000833,4,생활용품 > 방향/탈취/제습/살충 > 제습제 > 실리카겔
쿠팡,C000834,염화칼슘,C000833,4,생활용품 > 방향/탈취/제습/살충 > 제습제 > 염화칼슘
쿠팡,C000835,일반제습제,C000833,4,생활용품 > 방향/탈취/제습/살충 > 제습제 > 일반제습제
쿠팡,C000837,탈취제,C000810,3,생활용품 > 방향/탈취/제습/살충 > 탈취제
쿠팡,C000836,냉장고 탈취제,C000837,4,생활용품 > 방향/탈취/제습/살충 > 탈취제 > 냉장고 탈취제
쿠팡,C000838,드레스퍼퓸,C000837,4,생활용품 > 방향/탈취/제습/살충 > 탈취제 > 드레스퍼퓸
쿠팡,C000839,드레스퍼퓸세트,C000837,4,생활용품 > 방향/탈취/제습/살충 > 탈취제 > 드레스퍼퓸세트
쿠팡,C000840,섬유 탈취제,C000837,4,생활용품 > 방향/탈취/제습/살충 > 탈취제 > 섬유 탈취제
쿠팡,C000841,신발탈취제,C000837,4,생활용품 > 방향/탈취/제습/살충 > 탈취제 > 신발탈취제
쿠팡,C000842,실내 탈취제,C000837,4,생활용품 > 방향/탈취/제습/살충 > 탈취제 > 실내 탈취제
쿠팡,C000843,옷장/서랍/신발장탈취제,C000837,4,생활용품 > 방향/탈취/제습/살충 > 탈취제 > 옷장/서랍/신발장탈취제
쿠팡,C000844,차량탈취제,C000837,4,생활용품 > 방향/탈취/제습/살충 > 탈취제 > 차량탈취제
쿠팡,C000845,화장실탈취제,C000837,4,생활용품 > 방향/탈취/제습/살충 > 탈취제 > 화장실탈취제
쿠팡,C000846,피톤치드,C000810,3,생활용품 > 방향/탈취/제습/살충 > 피톤치드
쿠팡,C000849,배관/건축자재,C000557,2,생활용품 > 배관/건축자재
쿠팡,C000848,DIY자재,C000849,3,생활용품 > 배관/건축자재 > DIY자재
쿠팡,C000847,몰딩/걸레받이,C000848,4,생활용품 > 배관/건축자재 > DIY자재 > 몰딩/걸레받이
쿠팡,C000851,바닥재,C000848,4,생활용품 > 배관/건축자재 > DIY자재 > 바닥재
쿠팡,C000850,기타 바닥재,C000851,5,생활용품 > 배관/건축자재 > DIY자재 > 바닥재 > 기타 바닥재
쿠팡,C000852,데코타일,C000851,5,생활용품 > 배관/건축자재 > DIY자재 > 바닥재 > 데코타일
쿠팡,C000853,마루,C000851,5,생활용품 > 배관/건축자재 > DIY자재 > 바닥재 > 마루
쿠팡,C000854,장판,C000851,5,생활용품 > 배관/건축자재 > DIY자재 > 바닥재 > 장판
쿠팡,C000855,벽/바닥타일,C000848,4,생활용품 > 배관/건축자재 > DIY자재 > 벽/바닥타일
쿠팡,C000856,벽돌,C000848,4,생활용품 > 배관/건축자재 > DIY자재 > 벽돌
쿠팡,C000857,가스밸브/가스차단기,C000849,3,생활용품 > 배관/건축자재 > 가스밸브/가스차단기
쿠팡,C000858,건설자재,C000849,3,생활용품 > 배관/건축자재 > 건설자재
쿠팡,C000859,계량기/검침기,C000849,3,생활용품 > 배관/건축자재 > 계량기/검침기
쿠팡,C000860,기타배관용품,C000849,3,생활용품 > 배관/건축자재 > 기타배관용품
쿠팡,C000861,배관밀봉제,C000849,3,생활용품 > 배관/건축자재 > 배관밀봉제
쿠팡,C000862,배관보온재,C000849,3,생활용품 > 배관/건축자재 > 배관보온재
쿠팡,C000863,배선용 차단기,C000849,3,생활용품 > 배관/건축자재 > 배선용 차단기
쿠팡,C000864,배수구/역류방지트랩,C000849,3,생활용품 > 배관/건축자재 > 배수구/역류방지트랩
쿠팡,C000865,밸브,C000849,3,생활용품 > 배관/건축자재 > 밸브
쿠팡,C000866,보일러설비,C000849,3,생활용품 > 배관/건축자재 > 보일러설비
쿠팡,C000867,소방설비,C000849,3,생활용품 > 배관/건축자재 > 소방설비
쿠팡,C000869,손잡이/문고리,C000849,3,생활용품 > 배관/건축자재 > 손잡이/문고리
쿠팡,C000868,가구손잡이,C000869,4,생활용품 > 배관/건축자재 > 손잡이/문고리 > 가구손잡이
쿠팡,C000870,기타 손잡이,C000869,4,생활용품 > 배관/건축자재 > 손잡이/문고리 > 기타 손잡이
쿠팡,C000871,문고리/방문손잡이,C000869,4,생활용품 > 배관/건축자재 > 손잡이/문고리 > 문고리/방문손잡이
쿠팡,C000872,시멘트/백색시멘트,C000849,3,생활용품 > 배관/건축자재 > 시멘트/백색시멘트
쿠팡,C000874,실내도어/샷시,C000849,3,생활용품 > 배관/건축자재 > 실내도어/샷시
쿠팡,C000873,방문/실내도어,C000874,4,생활용품 > 배관/건축자재 > 실내도어/샷시 > 방문/실내도어
쿠팡,C000875,중문/샤시,C000874,4,생활용품 > 배관/건축자재 > 실내도어/샷시 > 중문/샤시
쿠팡,C000876,현관문/대문,C000874,4,생활용품 > 배관/건축자재 > 실내도어/샷시 > 현관문/대문
쿠팡,C000877,아스콘/도로포장자재,C000849,3,생활용품 > 배관/건축자재 > 아스콘/도로포장자재
쿠팡,C000879,야외데크/목재,C000849,3,생활용품 > 배관/건축자재 > 야외데크/목재
쿠팡,C000878,목재,C000879,4,생활용품 > 배관/건축자재 > 야외데크/목재 > 목재
쿠팡,C000880,패널,C000879,4,생활용품 > 배관/건축자재 > 야외데크/목재 > 패널
쿠팡,C000881,유리/강화유리,C000849,3,생활용품 > 배관/건축자재 > 유리/강화유리
쿠팡,C000882,점검구/배전박스,C000849,3,생활용품 > 배관/건축자재 > 점검구/배전박스
쿠팡,C000883,창호/샷시자재,C000849,3,생활용품 > 배관/건축자재 > 창호/샷시자재
쿠팡,C000884,파이프/배관,C000849,3,생활용품 > 배관/건축자재 > 파이프/배관
쿠팡,C000885,호스/튜브,C000849,3,생활용품 > 배관/건축자재 > 호스/튜브
쿠팡,C000887,환기구/덕트,C000849,3,생활용품 > 배관/건축자재 > 환기구/덕트
쿠팡,C000886,덕트/부자재,C000887,4,생활용품 > 배관/건축자재 > 환기구/덕트 > 덕트/부자재
쿠팡,C000888,산업용 환풍기,C000887,4,생활용품 > 배관/건축자재 > 환기구/덕트 > 산업용 환풍기
쿠팡,C000889,연통,C000887,4,생활용품 > 배관/건축자재 > 환기구/덕트 > 연통
쿠팡,C000892,보수용품,C000557,2,생활용품 > 보수용품
쿠팡,C000891,광택제/왁스,C000892,3,생활용품 > 보수용품 > 광택제/왁스
쿠팡,C000890,가구광택제,C000891,4,생활용품 > 보수용품 > 광택제/왁스 > 가구광택제
쿠팡,C000893,광택왁스,C000891,4,생활용품 > 보수용품 > 광택제/왁스 > 광택왁스
쿠팡,C000894,다목적광택제,C000891,4,생활용품 > 보수용품 > 광택제/왁스 > 다목적광택제
쿠팡,C000895,기타 보수용품,C000892,3,생활용품 > 보수용품 > 기타 보수용품
쿠팡,C000896,기타 보수제,C000892,3,생활용품 > 보수용품 > 기타 보수제
쿠팡,C000897,녹방지/윤활제,C000892,3,생활용품 > 보수용품 > 녹방지/윤활제
쿠팡,C000898,단열에어캡,C000892,3,생활용품 > 보수용품 > 단열에어캡
쿠팡,C000899,단열필름,C000892,3,생활용품 > 보수용품 > 단열필름
쿠팡,C000900,문풍지,C000892,3,생활용품 > 보수용품 > 문풍지
쿠팡,C000902,방수/결로방지,C000892,3,생활용품 > 보수용품 > 방수/결로방지
쿠팡,C000901,곰팡이방지첨가제,C000902,4,생활용품 > 보수용품 > 방수/결로방지 > 곰팡이방지첨가제
쿠팡,C000903,방수페인트,C000902,4,생활용품 > 보수용품 > 방수/결로방지 > 방수페인트
쿠팡,C000904,항곰팡이페인트,C000902,4,생활용품 > 보수용품 > 방수/결로방지 > 항곰팡이페인트
쿠팡,C000905,방수/코팅제,C000892,3,생활용품 > 보수용품 > 방수/코팅제
쿠팡,C000906,방음재/흡음재,C000892,3,생활용품 > 보수용품 > 방음재/흡음재
쿠팡,C000907,방충테이프,C000892,3,생활용품 > 보수용품 > 방충테이프
쿠팡,C000908,방풍비닐/방풍커튼,C000892,3,생활용품 > 보수용품 > 방풍비닐/방풍커튼
쿠팡,C000910,실리콘/도구,C000892,3,생활용품 > 보수용품 > 실리콘/도구
쿠팡,C000909,실리콘 헤라/제거기,C000910,4,생활용품 > 보수용품 > 실리콘/도구 > 실리콘 헤라/제거기
쿠팡,C000911,실리콘/실란트,C000910,4,생활용품 > 보수용품 > 실리콘/도구 > 실리콘/실란트
쿠팡,C000912,실리콘건/도구세트,C000910,4,생활용품 > 보수용품 > 실리콘/도구 > 실리콘건/도구세트
쿠팡,C000913,우드스틱,C000892,3,생활용품 > 보수용품 > 우드스틱
쿠팡,C000914,우드필러,C000892,3,생활용품 > 보수용품 > 우드필러
쿠팡,C000915,우레탄폼,C000892,3,생활용품 > 보수용품 > 우레탄폼
쿠팡,C000916,타일 줄눈 보수제,C000892,3,생활용품 > 보수용품 > 타일 줄눈 보수제
쿠팡,C000917,틈막이/도어패킹,C000892,3,생활용품 > 보수용품 > 틈막이/도어패킹
쿠팡,C000918,틈새메꿈 충진제,C000892,3,생활용품 > 보수용품 > 틈새메꿈 충진제
쿠팡,C000920,생리대/성인기저귀,C000557,2,생활용품 > 생리대/성인기저귀
쿠팡,C000919,면 생리대,C000920,3,생활용품 > 생리대/성인기저귀 > 면 생리대
쿠팡,C000921,산모패드,C000920,3,생활용품 > 생리대/성인기저귀 > 산모패드
쿠팡,C000922,생리컵,C000920,3,생활용품 > 생리대/성인기저귀 > 생리컵
쿠팡,C000924,성인기저귀/패드,C000920,3,생활용품 > 생리대/성인기저귀 > 성인기저귀/패드
쿠팡,C000923,깔개매트,C000924,4,생활용품 > 생리대/성인기저귀 > 성인기저귀/패드 > 깔개매트
쿠팡,C000925,패드형 성인기저귀,C000924,4,생활용품 > 생리대/성인기저귀 > 성인기저귀/패드 > 패드형 성인기저귀
쿠팡,C000926,팬티형 성인기저귀,C000924,4,생활용품 > 생리대/성인기저귀 > 성인기저귀/패드 > 팬티형 성인기저귀
쿠팡,C000927,오버나이트,C000920,3,생활용품 > 생리대/성인기저귀 > 오버나이트
쿠팡,C000928,입는 오버나이트,C000920,3,생활용품 > 생리대/성인기저귀 > 입는 오버나이트
쿠팡,C000929,체내형생리대/탐폰,C000920,3,생활용품 > 생리대/성인기저귀 > 체내형생리대/탐폰
쿠팡,C000931,패드형 생리대,C000920,3,생활용품 > 생리대/성인기저귀 > 패드형 생리대
쿠팡,C000930,날개형생리대,C000931,4,생활용품 > 생리대/성인기저귀 > 패드형 생리대 > 날개형생리대
쿠팡,C000932,일자형생리대,C000931,4,생활용품 > 생리대/성인기저귀 > 패드형 생리대 > 일자형생리대
쿠팡,C000933,팬티라이너,C000920,3,생활용품 > 생리대/성인기저귀 > 팬티라이너
쿠팡,C000935,생활소품,C000557,2,생활용품 > 생활소품
쿠팡,C000934,부채,C000935,3,생활용품 > 생활소품 > 부채
쿠팡,C000936,열쇠고리/키홀더,C000935,3,생활용품 > 생활소품 > 열쇠고리/키홀더
쿠팡,C000937,열쇠보관함/키박스,C000935,3,생활용품 > 생활소품 > 열쇠보관함/키박스
쿠팡,C000938,우체통,C000935,3,생활용품 > 생활소품 > 우체통
쿠팡,C000939,저금통,C000935,3,생활용품 > 생활소품 > 저금통
쿠팡,C000940,죽비,C000935,3,생활용품 > 생활소품 > 죽비
쿠팡,C000941,효자손,C000935,3,생활용품 > 생활소품 > 효자손
쿠팡,C000944,생활잡화,C000557,2,생활용품 > 생활잡화
쿠팡,C000943,광고/진열소품,C000944,3,생활용품 > 생활잡화 > 광고/진열소품
쿠팡,C000942,광고/카달로그스탠드,C000943,4,생활용품 > 생활잡화 > 광고/진열소품 > 광고/카달로그스탠드
쿠팡,C000945,기타매장/진열용품,C000943,4,생활용품 > 생활잡화 > 광고/진열소품 > 기타매장/진열용품
쿠팡,C000946,아크릴꽂이/명함꽂이,C000943,4,생활용품 > 생활잡화 > 광고/진열소품 > 아크릴꽂이/명함꽂이
쿠팡,C000947,아트사인/아크릴사인,C000943,4,생활용품 > 생활잡화 > 광고/진열소품 > 아트사인/아크릴사인
쿠팡,C000948,클립집게/쇼클립,C000943,4,생활용품 > 생활잡화 > 광고/진열소품 > 클립집게/쇼클립
쿠팡,C000950,금연/흡연용품,C000944,3,생활용품 > 생활잡화 > 금연/흡연용품
쿠팡,C000949,가스라이터(19),C000950,4,생활용품 > 생활잡화 > 금연/흡연용품 > 가스라이터(19)
쿠팡,C000951,재떨이,C000950,4,생활용품 > 생활잡화 > 금연/흡연용품 > 재떨이
쿠팡,C000952,전기라이터,C000950,4,생활용품 > 생활잡화 > 금연/흡연용품 > 전기라이터
쿠팡,C000954,기타생활용품,C000944,3,생활용품 > 생활잡화 > 기타생활용품
쿠팡,C000953,국기/깃발/깃봉,C000954,4,생활용품 > 생활잡화 > 기타생활용품 > 국기/깃발/깃봉
쿠팡,C000955,기타잡화,C000954,4,생활용품 > 생활잡화 > 기타생활용품 > 기타잡화
쿠팡,C000956,몰드,C000954,4,생활용품 > 생활잡화 > 기타생활용품 > 몰드
쿠팡,C000957,병따개/오프너,C000954,4,생활용품 > 생활잡화 > 기타생활용품 > 병따개/오프너
쿠팡,C000958,의자캡/소음방지패드,C000954,4,생활용품 > 생활잡화 > 기타생활용품 > 의자캡/소음방지패드
쿠팡,C000959,일회용우비,C000954,4,생활용품 > 생활잡화 > 기타생활용품 > 일회용우비
쿠팡,C000960,키재기용품,C000954,4,생활용품 > 생활잡화 > 기타생활용품 > 키재기용품
쿠팡,C000961,확대경,C000954,4,생활용품 > 생활잡화 > 기타생활용품 > 확대경
쿠팡,C000963,기타잡화케이스,C000944,3,생활용품 > 생활잡화 > 기타잡화케이스
쿠팡,C000962,기타케이스,C000963,4,생활용품 > 생활잡화 > 기타잡화케이스 > 기타케이스
쿠팡,C000964,담배케이스,C000963,4,생활용품 > 생활잡화 > 기타잡화케이스 > 담배케이스
쿠팡,C000965,도장케이스,C000963,4,생활용품 > 생활잡화 > 기타잡화케이스 > 도장케이스
쿠팡,C000966,명함케이스,C000963,4,생활용품 > 생활잡화 > 기타잡화케이스 > 명함케이스
쿠팡,C000967,이쑤시개케이스,C000963,4,생활용품 > 생활잡화 > 기타잡화케이스 > 이쑤시개케이스
쿠팡,C000968,휴지/티슈케이스,C000963,4,생활용품 > 생활잡화 > 기타잡화케이스 > 휴지/티슈케이스
쿠팡,C000970,발판/신발용품,C000944,3,생활용품 > 생활잡화 > 발판/신발용품
쿠팡,C000969,거실화거치대,C000970,4,생활용품 > 생활잡화 > 발판/신발용품 > 거실화거치대
쿠팡,C000971,구두약/구두솔,C000970,4,생활용품 > 생활잡화 > 발판/신발용품 > 구두약/구두솔
쿠팡,C000972,구두주걱,C000970,4,생활용품 > 생활잡화 > 발판/신발용품 > 구두주걱
쿠팡,C000973,기타용품,C000970,4,생활용품 > 생활잡화 > 발판/신발용품 > 기타용품
쿠팡,C000974,깔창,C000970,4,생활용품 > 생활잡화 > 발판/신발용품 > 깔창
쿠팡,C000975,만능긴팔집게/신발집게,C000970,4,생활용품 > 생활잡화 > 발판/신발용품 > 만능긴팔집게/신발집게
쿠팡,C000976,발해먹,C000970,4,생활용품 > 생활잡화 > 발판/신발용품 > 발해먹
쿠팡,C000977,부츠키퍼,C000970,4,생활용품 > 생활잡화 > 발판/신발용품 > 부츠키퍼
쿠팡,C000979,비닐/포장용품,C000944,3,생활용품 > 생활잡화 > 비닐/포장용품
쿠팡,C000978,기타포장용품,C000979,4,생활용품 > 생활잡화 > 비닐/포장용품 > 기타포장용품
쿠팡,C000981,노끈/포장끈,C000979,4,생활용품 > 생활잡화 > 비닐/포장용품 > 노끈/포장끈
쿠팡,C000980,기타끈,C000981,5,생활용품 > 생활잡화 > 비닐/포장용품 > 노끈/포장끈 > 기타끈
쿠팡,C000982,마끈/노끈/종이끈,C000981,5,생활용품 > 생활잡화 > 비닐/포장용품 > 노끈/포장끈 > 마끈/노끈/종이끈
쿠팡,C000983,빵끈,C000981,5,생활용품 > 생활잡화 > 비닐/포장용품 > 노끈/포장끈 > 빵끈
쿠팡,C000984,적끈/볼끈/바인더끈,C000981,5,생활용품 > 생활잡화 > 비닐/포장용품 > 노끈/포장끈 > 적끈/볼끈/바인더끈
쿠팡,C000985,칼라타이/전선끈,C000981,5,생활용품 > 생활잡화 > 비닐/포장용품 > 노끈/포장끈 > 칼라타이/전선끈
쿠팡,C000986,보자기,C000979,4,생활용품 > 생활잡화 > 비닐/포장용품 > 보자기
쿠팡,C000987,선물포장박스,C000979,4,생활용품 > 생활잡화 > 비닐/포장용품 > 선물포장박스
쿠팡,C000988,쇼핑백,C000979,4,생활용품 > 생활잡화 > 비닐/포장용품 > 쇼핑백
쿠팡,C000989,일반비닐봉지,C000979,4,생활용품 > 생활잡화 > 비닐/포장용품 > 일반비닐봉지
쿠팡,C000990,택배박스/종이이사박스,C000979,4,생활용품 > 생활잡화 > 비닐/포장용품 > 택배박스/종이이사박스
쿠팡,C000992,포장기,C000979,4,생활용품 > 생활잡화 > 비닐/포장용품 > 포장기
쿠팡,C000991,기타포장기,C000992,5,생활용품 > 생활잡화 > 비닐/포장용품 > 포장기 > 기타포장기
쿠팡,C000993,우산포장기/세트,C000992,5,생활용품 > 생활잡화 > 비닐/포장용품 > 포장기 > 우산포장기/세트
쿠팡,C000994,일회용우산포장비닐,C000992,5,생활용품 > 생활잡화 > 비닐/포장용품 > 포장기 > 일회용우산포장비닐
쿠팡,C000995,포장용 에어캡,C000979,4,생활용품 > 생활잡화 > 비닐/포장용품 > 포장용 에어캡
쿠팡,C000997,생활측정도구,C000944,3,생활용품 > 생활잡화 > 생활측정도구
쿠팡,C000996,나침반,C000997,4,생활용품 > 생활잡화 > 생활측정도구 > 나침반
쿠팡,C000998,다기능/기타측정도구,C000997,4,생활용품 > 생활잡화 > 생활측정도구 > 다기능/기타측정도구
쿠팡,C000999,미세먼지측정기,C000997,4,생활용품 > 생활잡화 > 생활측정도구 > 미세먼지측정기
쿠팡,C001000,습도계,C000997,4,생활용품 > 생활잡화 > 생활측정도구 > 습도계
쿠팡,C001001,온도계,C000997,4,생활용품 > 생활잡화 > 생활측정도구 > 온도계
쿠팡,C001003,생활테이프,C000944,3,생활용품 > 생활잡화 > 생활테이프
쿠팡,C001002,물기흡수테이프,C001003,4,생활용품 > 생활잡화 > 생활테이프 > 물기흡수테이프
쿠팡,C001004,벨크로테이프,C001003,4,생활용품 > 생활잡화 > 생활테이프 > 벨크로테이프
쿠팡,C001005,양면폼테이프,C001003,4,생활용품 > 생활잡화 > 생활테이프 > 양면폼테이프
쿠팡,C001007,실내보온용품,C000944,3,생활용품 > 생활잡화 > 실내보온용품
쿠팡,C001006,기타방풍/열차단용품,C001007,4,생활용품 > 생활잡화 > 실내보온용품 > 기타방풍/열차단용품
쿠팡,C001009,야외매트,C000944,3,생활용품 > 생활잡화 > 야외매트
쿠팡,C001008,업소용현관매트,C001009,4,생활용품 > 생활잡화 > 야외매트 > 업소용현관매트
쿠팡,C001011,코일매트/롤매트,C001009,4,생활용품 > 생활잡화 > 야외매트 > 코일매트/롤매트
쿠팡,C001010,매트부자재,C001011,5,생활용품 > 생활잡화 > 야외매트 > 코일매트/롤매트 > 매트부자재
쿠팡,C001012,미끄럼방지/코일매트,C001011,5,생활용품 > 생활잡화 > 야외매트 > 코일매트/롤매트 > 미끄럼방지/코일매트
쿠팡,C001013,발코니매트,C001011,5,생활용품 > 생활잡화 > 야외매트 > 코일매트/롤매트 > 발코니매트
쿠팡,C001015,이미용소품,C000944,3,생활용품 > 생활잡화 > 이미용소품
쿠팡,C001014,기타빗/빗세트,C001015,4,생활용품 > 생활잡화 > 이미용소품 > 기타빗/빗세트
쿠팡,C001016,기타이미용소품,C001015,4,생활용품 > 생활잡화 > 이미용소품 > 기타이미용소품
쿠팡,C001018,장바구니/카트,C000944,3,생활용품 > 생활잡화 > 장바구니/카트
쿠팡,C001017,쇼핑카트,C001018,4,생활용품 > 생활잡화 > 장바구니/카트 > 쇼핑카트
쿠팡,C001019,장바구니,C001018,4,생활용품 > 생활잡화 > 장바구니/카트 > 장바구니
쿠팡,C001020,핸드카트,C001018,4,생활용품 > 생활잡화 > 장바구니/카트 > 핸드카트
쿠팡,C001022,정리소품,C000944,3,생활용품 > 생활잡화 > 정리소품
쿠팡,C001021,고무줄/고무밴드,C001022,4,생활용품 > 생활잡화 > 정리소품 > 고무줄/고무밴드
쿠팡,C001023,기타집게,C001022,4,생활용품 > 생활잡화 > 정리소품 > 기타집게
쿠팡,C001024,마개/기타캡,C001022,4,생활용품 > 생활잡화 > 정리소품 > 마개/기타캡
쿠팡,C001025,봉지집게,C001022,4,생활용품 > 생활잡화 > 정리소품 > 봉지집게
쿠팡,C001027,전선정리소품,C001022,4,생활용품 > 생활잡화 > 정리소품 > 전선정리소품
쿠팡,C001026,케이블 정리박스,C001027,5,생활용품 > 생활잡화 > 정리소품 > 전선정리소품 > 케이블 정리박스
쿠팡,C001028,케이블 정리소품,C001027,5,생활용품 > 생활잡화 > 정리소품 > 전선정리소품 > 케이블 정리소품
쿠팡,C001029,케이블타이,C001027,5,생활용품 > 생활잡화 > 정리소품 > 전선정리소품 > 케이블타이
쿠팡,C001030,청소집게,C001022,4,생활용품 > 생활잡화 > 정리소품 > 청소집게
쿠팡,C001031,휴대용 가방걸이,C001022,4,생활용품 > 생활잡화 > 정리소품 > 휴대용 가방걸이
쿠팡,C001033,칠판/게시판,C000944,3,생활용품 > 생활잡화 > 칠판/게시판
쿠팡,C001032,게시판/메모보드,C001033,4,생활용품 > 생활잡화 > 칠판/게시판 > 게시판/메모보드
쿠팡,C001034,칠판/블랙보드,C001033,4,생활용품 > 생활잡화 > 칠판/게시판 > 칠판/블랙보드
쿠팡,C001035,화이트보드,C001033,4,생활용품 > 생활잡화 > 칠판/게시판 > 화이트보드
쿠팡,C001037,핫팩/아이스팩,C000944,3,생활용품 > 생활잡화 > 핫팩/아이스팩
쿠팡,C001036,손난로/핫팩,C001037,4,생활용품 > 생활잡화 > 핫팩/아이스팩 > 손난로/핫팩
쿠팡,C001038,아이스팩,C001037,4,생활용품 > 생활잡화 > 핫팩/아이스팩 > 아이스팩
쿠팡,C001039,얼음주머니,C001037,4,생활용품 > 생활잡화 > 핫팩/아이스팩 > 얼음주머니
쿠팡,C001042,성인용품(19),C000557,2,생활용품 > 성인용품(19)
쿠팡,C001041,SM용품(19),C001042,3,생활용품 > 성인용품(19) > SM용품(19)
쿠팡,C001040,기타 SM용품(19),C001041,4,생활용품 > 성인용품(19) > SM용품(19) > 기타 SM용품(19)
쿠팡,C001043,바디 구속용품(19),C001041,4,생활용품 > 성인용품(19) > SM용품(19) > 바디 구속용품(19)
쿠팡,C001044,채찍/처벌 용품(19),C001041,4,생활용품 > 성인용품(19) > SM용품(19) > 채찍/처벌 용품(19)
쿠팡,C001045,페이스 구속용품(19),C001041,4,생활용품 > 성인용품(19) > SM용품(19) > 페이스 구속용품(19)
쿠팡,C001046,러브젤,C001042,3,생활용품 > 성인용품(19) > 러브젤
쿠팡,C001047,마사지젤/오일,C001042,3,생활용품 > 성인용품(19) > 마사지젤/오일
쿠팡,C001049,성인 가구(19),C001042,3,생활용품 > 성인용품(19) > 성인 가구(19)
쿠팡,C001048,성인 가구/침구(19),C001049,4,생활용품 > 성인용품(19) > 성인 가구(19) > 성인 가구/침구(19)
쿠팡,C001050,성인 그네(19),C001049,4,생활용품 > 성인용품(19) > 성인 가구(19) > 성인 그네(19)
쿠팡,C001052,성인 완구/게임(19),C001042,3,생활용품 > 성인용품(19) > 성인 완구/게임(19)
쿠팡,C001051,성인게임(19),C001052,4,생활용품 > 성인용품(19) > 성인 완구/게임(19) > 성인게임(19)
쿠팡,C001054,성인완구(19),C001052,4,생활용품 > 성인용품(19) > 성인 완구/게임(19) > 성인완구(19)
쿠팡,C001053,남성 성기 링(19),C001054,5,생활용품 > 성인용품(19) > 성인 완구/게임(19) > 성인완구(19) > 남성 성기 링(19)
쿠팡,C001055,남성 자위기구/인형(19),C001054,5,생활용품 > 성인용품(19) > 성인 완구/게임(19) > 성인완구(19) > 남성 자위기구/인형(19)
쿠팡,C001056,딜도(19),C001054,5,생활용품 > 성인용품(19) > 성인 완구/게임(19) > 성인완구(19) > 딜도(19)
쿠팡,C001057,보관용품(19),C001054,5,생활용품 > 성인용품(19) > 성인 완구/게임(19) > 성인완구(19) > 보관용품(19)
쿠팡,C001058,애널용품(19),C001054,5,생활용품 > 성인용품(19) > 성인 완구/게임(19) > 성인완구(19) > 애널용품(19)
쿠팡,C001059,진동기(19),C001054,5,생활용품 > 성인용품(19) > 성인 완구/게임(19) > 성인완구(19) > 진동기(19)
쿠팡,C001060,케어/기타용품(19),C001054,5,생활용품 > 성인용품(19) > 성인 완구/게임(19) > 성인완구(19) > 케어/기타용품(19)
쿠팡,C001061,펌프/확대기(19),C001054,5,생활용품 > 성인용품(19) > 성인 완구/게임(19) > 성인완구(19) > 펌프/확대기(19)
쿠팡,C001062,술자리게임(19),C001052,4,생활용품 > 성인용품(19) > 성인 완구/게임(19) > 술자리게임(19)
쿠팡,C001063,성인용품세트(19),C001042,3,생활용품 > 성인용품(19) > 성인용품세트(19)
쿠팡,C001065,콘돔,C001042,3,생활용품 > 성인용품(19) > 콘돔
쿠팡,C001064,기능/특수형 콘돔(19),C001065,4,생활용품 > 성인용품(19) > 콘돔 > 기능/특수형 콘돔(19)
쿠팡,C001066,일반형 콘돔,C001065,4,생활용품 > 성인용품(19) > 콘돔 > 일반형 콘돔
쿠팡,C001068,흡연용품(19),C001042,3,생활용품 > 성인용품(19) > 흡연용품(19)
쿠팡,C001067,담배파이프,C001068,4,생활용품 > 성인용품(19) > 흡연용품(19) > 담배파이프
쿠팡,C001069,담배필터,C001068,4,생활용품 > 성인용품(19) > 흡연용품(19) > 담배필터
쿠팡,C001071,전자담배,C001068,4,생활용품 > 성인용품(19) > 흡연용품(19) > 전자담배
쿠팡,C001070,액상형,C001071,5,생활용품 > 성인용품(19) > 흡연용품(19) > 전자담배 > 액상형
쿠팡,C001072,카트리지형,C001071,5,생활용품 > 성인용품(19) > 흡연용품(19) > 전자담배 > 카트리지형
쿠팡,C001074,코일/액세서리,C001068,4,생활용품 > 성인용품(19) > 흡연용품(19) > 코일/액세서리
쿠팡,C001073,무니코틴 액상,C001074,5,생활용품 > 성인용품(19) > 흡연용품(19) > 코일/액세서리 > 무니코틴 액상
쿠팡,C001075,배터리,C001074,5,생활용품 > 성인용품(19) > 흡연용품(19) > 코일/액세서리 > 배터리
쿠팡,C001076,카토마이저,C001074,5,생활용품 > 성인용품(19) > 흡연용품(19) > 코일/액세서리 > 카토마이저
쿠팡,C001077,코일,C001074,5,생활용품 > 성인용품(19) > 흡연용품(19) > 코일/액세서리 > 코일
쿠팡,C001080,세제,C000557,2,생활용품 > 세제
쿠팡,C001079,섬유유연제,C001080,3,생활용품 > 세제 > 섬유유연제
쿠팡,C001078,시트 섬유유연제,C001079,4,생활용품 > 세제 > 섬유유연제 > 시트 섬유유연제
쿠팡,C001081,일반 섬유유연제,C001079,4,생활용품 > 세제 > 섬유유연제 > 일반 섬유유연제
쿠팡,C001082,세제선물세트,C001080,3,생활용품 > 세제 > 세제선물세트
쿠팡,C001083,세제혼합구성,C001080,3,생활용품 > 세제 > 세제혼합구성
쿠팡,C001085,세탁세제,C001080,3,생활용품 > 세제 > 세탁세제
쿠팡,C001084,가죽크리너,C001085,4,생활용품 > 세제 > 세탁세제 > 가죽크리너
쿠팡,C001087,드럼전용세제,C001085,4,생활용품 > 세제 > 세탁세제 > 드럼전용세제
쿠팡,C001086,분말세제,C001087,5,생활용품 > 세제 > 세탁세제 > 드럼전용세제 > 분말세제
쿠팡,C001088,액상세제,C001087,5,생활용품 > 세제 > 세탁세제 > 드럼전용세제 > 액상세제
쿠팡,C001089,젤형,C001087,5,생활용품 > 세제 > 세탁세제 > 드럼전용세제 > 젤형
쿠팡,C001090,섬유항균제,C001085,4,생활용품 > 세제 > 세탁세제 > 섬유항균제
쿠팡,C001091,세탁비누,C001085,4,생활용품 > 세제 > 세탁세제 > 세탁비누
쿠팡,C001092,얼룩/찌든때 제거제,C001085,4,생활용품 > 세제 > 세탁세제 > 얼룩/찌든때 제거제
쿠팡,C001093,운동화크리너/세제,C001085,4,생활용품 > 세제 > 세탁세제 > 운동화크리너/세제
쿠팡,C001095,울세제/홈드라이,C001085,4,생활용품 > 세제 > 세탁세제 > 울세제/홈드라이
쿠팡,C001094,울세제,C001095,5,생활용품 > 세제 > 세탁세제 > 울세제/홈드라이 > 울세제
쿠팡,C001096,홈드라이세제,C001095,5,생활용품 > 세제 > 세탁세제 > 울세제/홈드라이 > 홈드라이세제
쿠팡,C001098,일반/겸용세제,C001085,4,생활용품 > 세제 > 세탁세제 > 일반/겸용세제
쿠팡,C001097,분말세제,C001098,5,생활용품 > 세제 > 세탁세제 > 일반/겸용세제 > 분말세제
쿠팡,C001099,액상세제,C001098,5,생활용품 > 세제 > 세탁세제 > 일반/겸용세제 > 액상세제
쿠팡,C001101,캡슐/시트세제,C001085,4,생활용품 > 세제 > 세탁세제 > 캡슐/시트세제
쿠팡,C001100,시트세제,C001101,5,생활용품 > 세제 > 세탁세제 > 캡슐/시트세제 > 시트세제
쿠팡,C001102,캡슐세제,C001101,5,생활용품 > 세제 > 세탁세제 > 캡슐/시트세제 > 캡슐세제
쿠팡,C001104,표백제,C001085,4,생활용품 > 세제 > 세탁세제 > 표백제
쿠팡,C001103,분말형,C001104,5,생활용품 > 세제 > 세탁세제 > 표백제 > 분말형
쿠팡,C001105,액상형,C001104,5,생활용품 > 세제 > 세탁세제 > 표백제 > 액상형
쿠팡,C001106,젤형,C001104,5,생활용품 > 세제 > 세탁세제 > 표백제 > 젤형
쿠팡,C001107,향기지속제,C001085,4,생활용품 > 세제 > 세탁세제 > 향기지속제
쿠팡,C001109,주방세제,C001080,3,생활용품 > 세제 > 주방세제
쿠팡,C001108,식기세척기용세제,C001109,4,생활용품 > 세제 > 주방세제 > 식기세척기용세제
쿠팡,C001110,야채/과일세정제,C001109,4,생활용품 > 세제 > 주방세제 > 야채/과일세정제
쿠팡,C001111,일반주방세제,C001109,4,생활용품 > 세제 > 주방세제 > 일반주방세제
쿠팡,C001113,천연세제류,C001109,4,생활용품 > 세제 > 주방세제 > 천연세제류
쿠팡,C001112,EM원액,C001113,5,생활용품 > 세제 > 주방세제 > 천연세제류 > EM원액
쿠팡,C001114,과탄산소다/산소계표백제,C001113,5,생활용품 > 세제 > 주방세제 > 천연세제류 > 과탄산소다/산소계표백제
쿠팡,C001115,구연산,C001113,5,생활용품 > 세제 > 주방세제 > 천연세제류 > 구연산
쿠팡,C001116,베이킹소다,C001113,5,생활용품 > 세제 > 주방세제 > 천연세제류 > 베이킹소다
쿠팡,C001117,천연성분포함세제,C001113,5,생활용품 > 세제 > 주방세제 > 천연세제류 > 천연성분포함세제
쿠팡,C001118,천연세제세트,C001113,5,생활용품 > 세제 > 주방세제 > 천연세제류 > 천연세제세트
쿠팡,C001119,텀블러클리너,C001109,4,생활용품 > 세제 > 주방세제 > 텀블러클리너
쿠팡,C001120,행주/도마관리세제,C001109,4,생활용품 > 세제 > 주방세제 > 행주/도마관리세제
쿠팡,C001122,청소세제,C001080,3,생활용품 > 세제 > 청소세제
쿠팡,C001121,곰팡이세정제,C001122,4,생활용품 > 세제 > 청소세제 > 곰팡이세정제
쿠팡,C001123,광택크리너,C001122,4,생활용품 > 세제 > 청소세제 > 광택크리너
쿠팡,C001124,다목적세제,C001122,4,생활용품 > 세제 > 청소세제 > 다목적세제
쿠팡,C001125,락스/살균소독제,C001122,4,생활용품 > 세제 > 청소세제 > 락스/살균소독제
쿠팡,C001126,배수구세정제,C001122,4,생활용품 > 세제 > 청소세제 > 배수구세정제
쿠팡,C001127,변기세정제,C001122,4,생활용품 > 세제 > 청소세제 > 변기세정제
쿠팡,C001128,세정티슈,C001122,4,생활용품 > 세제 > 청소세제 > 세정티슈
쿠팡,C001129,세탁조세정제,C001122,4,생활용품 > 세제 > 청소세제 > 세탁조세정제
쿠팡,C001130,씽크세정제,C001122,4,생활용품 > 세제 > 청소세제 > 씽크세정제
쿠팡,C001131,에어컨세정제,C001122,4,생활용품 > 세제 > 청소세제 > 에어컨세정제
쿠팡,C001132,욕실세정제,C001122,4,생활용품 > 세제 > 청소세제 > 욕실세정제
쿠팡,C001133,유리용세정제,C001122,4,생활용품 > 세제 > 청소세제 > 유리용세정제
쿠팡,C001134,주방/기름때세정제,C001122,4,생활용품 > 세제 > 청소세제 > 주방/기름때세정제
쿠팡,C001136,세탁용품,C000557,2,생활용품 > 세탁용품
쿠팡,C001135,기타세탁용품,C001136,3,생활용품 > 세탁용품 > 기타세탁용품
쿠팡,C001137,다리미판,C001136,3,생활용품 > 세탁용품 > 다리미판
쿠팡,C001138,다림용품,C001136,3,생활용품 > 세탁용품 > 다림용품
쿠팡,C001139,분무기,C001136,3,생활용품 > 세탁용품 > 분무기
쿠팡,C001140,빨래건조대,C001136,3,생활용품 > 세탁용품 > 빨래건조대
쿠팡,C001141,빨래바구니,C001136,3,생활용품 > 세탁용품 > 빨래바구니
쿠팡,C001142,빨래줄/빨래집게,C001136,3,생활용품 > 세탁용품 > 빨래줄/빨래집게
쿠팡,C001143,빨래판,C001136,3,생활용품 > 세탁용품 > 빨래판
쿠팡,C001144,세탁기 거름망/필터,C001136,3,생활용품 > 세탁용품 > 세탁기 거름망/필터
쿠팡,C001145,세탁망,C001136,3,생활용품 > 세탁용품 > 세탁망
쿠팡,C001146,세탁볼,C001136,3,생활용품 > 세탁용품 > 세탁볼
쿠팡,C001147,세탁용시트,C001136,3,생활용품 > 세탁용품 > 세탁용시트
쿠팡,C001148,천장건조대,C001136,3,생활용품 > 세탁용품 > 천장건조대
쿠팡,C001151,수납/정리,C000557,2,생활용품 > 수납/정리
쿠팡,C001150,공간박스/선반,C001151,3,생활용품 > 수납/정리 > 공간박스/선반
쿠팡,C001149,기타선반/진열대,C001150,4,생활용품 > 수납/정리 > 공간박스/선반 > 기타선반/진열대
쿠팡,C001152,벽걸이/코너선반,C001150,4,생활용품 > 수납/정리 > 공간박스/선반 > 벽걸이/코너선반
쿠팡,C001153,선반대/받침/부속품,C001150,4,생활용품 > 수납/정리 > 공간박스/선반 > 선반대/받침/부속품
쿠팡,C001154,스탠드선반,C001150,4,생활용품 > 수납/정리 > 공간박스/선반 > 스탠드선반
쿠팡,C001155,신발정리대,C001150,4,생활용품 > 수납/정리 > 공간박스/선반 > 신발정리대
쿠팡,C001157,기타수납/정리용품,C001151,3,생활용품 > 수납/정리 > 기타수납/정리용품
쿠팡,C001156,기타수납정리용품,C001157,4,생활용품 > 수납/정리 > 기타수납/정리용품 > 기타수납정리용품
쿠팡,C001158,보석진열대,C001157,4,생활용품 > 수납/정리 > 기타수납/정리용품 > 보석진열대
쿠팡,C001159,빗물제거기,C001157,4,생활용품 > 수납/정리 > 기타수납/정리용품 > 빗물제거기
쿠팡,C001160,서랍칸막이/속옷정리,C001157,4,생활용품 > 수납/정리 > 기타수납/정리용품 > 서랍칸막이/속옷정리
쿠팡,C001161,슈즈렉,C001157,4,생활용품 > 수납/정리 > 기타수납/정리용품 > 슈즈렉
쿠팡,C001162,우산꽂이,C001157,4,생활용품 > 수납/정리 > 기타수납/정리용품 > 우산꽂이
쿠팡,C001163,화장품정리대,C001157,4,생활용품 > 수납/정리 > 기타수납/정리용품 > 화장품정리대
쿠팡,C001165,리빙박스/압축/커버,C001151,3,생활용품 > 수납/정리 > 리빙박스/압축/커버
쿠팡,C001164,기타수납박스,C001165,4,생활용품 > 수납/정리 > 리빙박스/압축/커버 > 기타수납박스
쿠팡,C001166,소품커버,C001165,4,생활용품 > 수납/정리 > 리빙박스/압축/커버 > 소품커버
쿠팡,C001168,압축팩/지퍼백,C001165,4,생활용품 > 수납/정리 > 리빙박스/압축/커버 > 압축팩/지퍼백
쿠팡,C001167,여행용 압축팩(롤업),C001168,5,생활용품 > 수납/정리 > 리빙박스/압축/커버 > 압축팩/지퍼백 > 여행용 압축팩(롤업)
쿠팡,C001169,의류용 압축팩,C001168,5,생활용품 > 수납/정리 > 리빙박스/압축/커버 > 압축팩/지퍼백 > 의류용 압축팩
쿠팡,C001170,이불용 압축팩,C001168,5,생활용품 > 수납/정리 > 리빙박스/압축/커버 > 압축팩/지퍼백 > 이불용 압축팩
쿠팡,C001171,지퍼백,C001168,5,생활용품 > 수납/정리 > 리빙박스/압축/커버 > 압축팩/지퍼백 > 지퍼백
쿠팡,C001172,의류커버,C001165,4,생활용품 > 수납/정리 > 리빙박스/압축/커버 > 의류커버
쿠팡,C001173,종이리빙박스,C001165,4,생활용품 > 수납/정리 > 리빙박스/압축/커버 > 종이리빙박스
쿠팡,C001174,패브릭리빙박스,C001165,4,생활용품 > 수납/정리 > 리빙박스/압축/커버 > 패브릭리빙박스
쿠팡,C001175,폴딩박스,C001165,4,생활용품 > 수납/정리 > 리빙박스/압축/커버 > 폴딩박스
쿠팡,C001176,플라스틱 리빙박스,C001165,4,생활용품 > 수납/정리 > 리빙박스/압축/커버 > 플라스틱 리빙박스
쿠팡,C001177,행거커버,C001165,4,생활용품 > 수납/정리 > 리빙박스/압축/커버 > 행거커버
쿠팡,C001179,바구니/이사박스,C001151,3,생활용품 > 수납/정리 > 바구니/이사박스
쿠팡,C001178,라탄바구니,C001179,4,생활용품 > 수납/정리 > 바구니/이사박스 > 라탄바구니
쿠팡,C001180,바구니,C001179,4,생활용품 > 수납/정리 > 바구니/이사박스 > 바구니
쿠팡,C001181,이사박스,C001179,4,생활용품 > 수납/정리 > 바구니/이사박스 > 이사박스
쿠팡,C001183,수납장/서랍장(플라스틱),C001151,3,생활용품 > 수납/정리 > 수납장/서랍장(플라스틱)
쿠팡,C001182,틈새/슬림수납장(플라스틱),C001183,4,생활용품 > 수납/정리 > 수납장/서랍장(플라스틱) > 틈새/슬림수납장(플라스틱)
쿠팡,C001185,옷걸이/다용도걸이,C001151,3,생활용품 > 수납/정리 > 옷걸이/다용도걸이
쿠팡,C001184,벽지핀,C001185,4,생활용품 > 수납/정리 > 옷걸이/다용도걸이 > 벽지핀
쿠팡,C001186,상의/셔츠 옷걸이,C001185,4,생활용품 > 수납/정리 > 옷걸이/다용도걸이 > 상의/셔츠 옷걸이
쿠팡,C001187,아동옷걸이,C001185,4,생활용품 > 수납/정리 > 옷걸이/다용도걸이 > 아동옷걸이
쿠팡,C001188,압축봉/행거부속품,C001185,4,생활용품 > 수납/정리 > 옷걸이/다용도걸이 > 압축봉/행거부속품
쿠팡,C001189,잡화걸이,C001185,4,생활용품 > 수납/정리 > 옷걸이/다용도걸이 > 잡화걸이
쿠팡,C001190,정장/코트 옷걸이,C001185,4,생활용품 > 수납/정리 > 옷걸이/다용도걸이 > 정장/코트 옷걸이
쿠팡,C001191,치마/바지걸이,C001185,4,생활용품 > 수납/정리 > 옷걸이/다용도걸이 > 치마/바지걸이
쿠팡,C001192,코트랙(벽부착형옷걸이),C001185,4,생활용품 > 수납/정리 > 옷걸이/다용도걸이 > 코트랙(벽부착형옷걸이)
쿠팡,C001193,후크/기타걸이,C001185,4,생활용품 > 수납/정리 > 옷걸이/다용도걸이 > 후크/기타걸이
쿠팡,C001195,행거,C001151,3,생활용품 > 수납/정리 > 행거
쿠팡,C001194,선반형행거,C001195,4,생활용품 > 수납/정리 > 행거 > 선반형행거
쿠팡,C001196,이동식행거,C001195,4,생활용품 > 수납/정리 > 행거 > 이동식행거
쿠팡,C001197,일반형행거,C001195,4,생활용품 > 수납/정리 > 행거 > 일반형행거
쿠팡,C001198,커튼형행거,C001195,4,생활용품 > 수납/정리 > 행거 > 커튼형행거
쿠팡,C001201,안전용품,C000557,2,생활용품 > 안전용품
쿠팡,C001200,가정/생활안전용품,C001201,3,생활용품 > 안전용품 > 가정/생활안전용품
쿠팡,C001199,기타생활안전용품,C001200,4,생활용품 > 안전용품 > 가정/생활안전용품 > 기타생활안전용품
쿠팡,C001202,슬로프/문턱받침,C001200,4,생활용품 > 안전용품 > 가정/생활안전용품 > 슬로프/문턱받침
쿠팡,C001204,안전가드/안전테이프,C001200,4,생활용품 > 안전용품 > 가정/생활안전용품 > 안전가드/안전테이프
쿠팡,C001203,모서리보호 가드,C001204,5,생활용품 > 안전용품 > 가정/생활안전용품 > 안전가드/안전테이프 > 모서리보호 가드
쿠팡,C001205,모서리보호 쿠션테이프,C001204,5,생활용품 > 안전용품 > 가정/생활안전용품 > 안전가드/안전테이프 > 모서리보호 쿠션테이프
쿠팡,C001206,미끄럼방지스티커,C001204,5,생활용품 > 안전용품 > 가정/생활안전용품 > 안전가드/안전테이프 > 미끄럼방지스티커
쿠팡,C001207,안전/반사테이프,C001204,5,생활용품 > 안전용품 > 가정/생활안전용품 > 안전가드/안전테이프 > 안전/반사테이프
쿠팡,C001208,안전문/펜스,C001204,5,생활용품 > 안전용품 > 가정/생활안전용품 > 안전가드/안전테이프 > 안전문/펜스
쿠팡,C001209,콘센트안전커버/안전망,C001204,5,생활용품 > 안전용품 > 가정/생활안전용품 > 안전가드/안전테이프 > 콘센트안전커버/안전망
쿠팡,C001211,안전펜스/안전바/점자,C001200,4,생활용품 > 안전용품 > 가정/생활안전용품 > 안전펜스/안전바/점자
쿠팡,C001210,경광봉/경광등,C001211,5,생활용품 > 안전용품 > 가정/생활안전용품 > 안전펜스/안전바/점자 > 경광봉/경광등
쿠팡,C001212,안전삼각대,C001211,5,생활용품 > 안전용품 > 가정/생활안전용품 > 안전펜스/안전바/점자 > 안전삼각대
쿠팡,C001213,장애인안전바/보조대,C001211,5,생활용품 > 안전용품 > 가정/생활안전용품 > 안전펜스/안전바/점자 > 장애인안전바/보조대
쿠팡,C001214,점자블럭,C001211,5,생활용품 > 안전용품 > 가정/생활안전용품 > 안전펜스/안전바/점자 > 점자블럭
쿠팡,C001215,주차금지/안전표지판,C001211,5,생활용품 > 안전용품 > 가정/생활안전용품 > 안전펜스/안전바/점자 > 주차금지/안전표지판
쿠팡,C001216,차선 규제봉,C001211,5,생활용품 > 안전용품 > 가정/생활안전용품 > 안전펜스/안전바/점자 > 차선 규제봉
쿠팡,C001218,잠금고정/방범용품,C001200,4,생활용품 > 안전용품 > 가정/생활안전용품 > 잠금고정/방범용품
쿠팡,C001217,경보기/호출벨/차임벨,C001218,5,생활용품 > 안전용품 > 가정/생활안전용품 > 잠금고정/방범용품 > 경보기/호출벨/차임벨
쿠팡,C001219,다용도/기타잠금장치,C001218,5,생활용품 > 안전용품 > 가정/생활안전용품 > 잠금고정/방범용품 > 다용도/기타잠금장치
쿠팡,C001220,도어스토퍼/문고정,C001218,5,생활용품 > 안전용품 > 가정/생활안전용품 > 잠금고정/방범용품 > 도어스토퍼/문고정
쿠팡,C001221,우유투입구마개,C001218,5,생활용품 > 안전용품 > 가정/생활안전용품 > 잠금고정/방범용품 > 우유투입구마개
쿠팡,C001222,창문잠금장치,C001218,5,생활용품 > 안전용품 > 가정/생활안전용품 > 잠금고정/방범용품 > 창문잠금장치
쿠팡,C001223,현관잠금장치/걸쇠,C001218,5,생활용품 > 안전용품 > 가정/생활안전용품 > 잠금고정/방범용품 > 현관잠금장치/걸쇠
쿠팡,C001225,산업안전용품/장갑,C001201,3,생활용품 > 안전용품 > 산업안전용품/장갑
쿠팡,C001224,기타산업안전용품,C001225,4,생활용품 > 안전용품 > 산업안전용품/장갑 > 기타산업안전용품
쿠팡,C001226,면장갑/목장갑,C001225,4,생활용품 > 안전용품 > 산업안전용품/장갑 > 면장갑/목장갑
쿠팡,C001227,방독면/필터,C001225,4,생활용품 > 안전용품 > 산업안전용품/장갑 > 방독면/필터
쿠팡,C001228,방진마스크,C001225,4,생활용품 > 안전용품 > 산업안전용품/장갑 > 방진마스크
쿠팡,C001229,보안경/고글,C001225,4,생활용품 > 안전용품 > 산업안전용품/장갑 > 보안경/고글
쿠팡,C001230,보호대/안전대,C001225,4,생활용품 > 안전용품 > 산업안전용품/장갑 > 보호대/안전대
쿠팡,C001231,보호복/작업복,C001225,4,생활용품 > 안전용품 > 산업안전용품/장갑 > 보호복/작업복
쿠팡,C001232,설치용 안전띠/경고띠,C001225,4,생활용품 > 안전용품 > 산업안전용품/장갑 > 설치용 안전띠/경고띠
쿠팡,C001233,안전각반/안전밴드,C001225,4,생활용품 > 안전용품 > 산업안전용품/장갑 > 안전각반/안전밴드
쿠팡,C001234,안전모,C001225,4,생활용품 > 안전용품 > 산업안전용품/장갑 > 안전모
쿠팡,C001235,안전조끼,C001225,4,생활용품 > 안전용품 > 산업안전용품/장갑 > 안전조끼
쿠팡,C001236,작업화,C001225,4,생활용품 > 안전용품 > 산업안전용품/장갑 > 작업화
쿠팡,C001237,절연장갑/안전장갑,C001225,4,생활용품 > 안전용품 > 산업안전용품/장갑 > 절연장갑/안전장갑
쿠팡,C001238,코팅작업장갑,C001225,4,생활용품 > 안전용품 > 산업안전용품/장갑 > 코팅작업장갑
쿠팡,C001240,소화기/재난용품,C001201,3,생활용품 > 안전용품 > 소화기/재난용품
쿠팡,C001239,비상탈출용 망치,C001240,4,생활용품 > 안전용품 > 소화기/재난용품 > 비상탈출용 망치
쿠팡,C001241,소방벨/소방경보기,C001240,4,생활용품 > 안전용품 > 소화기/재난용품 > 소방벨/소방경보기
쿠팡,C001242,소화기,C001240,4,생활용품 > 안전용품 > 소화기/재난용품 > 소화기
쿠팡,C001243,소화기거치대,C001240,4,생활용품 > 안전용품 > 소화기/재난용품 > 소화기거치대
쿠팡,C001244,유도등,C001240,4,생활용품 > 안전용품 > 소화기/재난용품 > 유도등
쿠팡,C001245,휴대용 비상조명등,C001240,4,생활용품 > 안전용품 > 소화기/재난용품 > 휴대용 비상조명등
쿠팡,C001247,재난/방역용품,C001201,3,생활용품 > 안전용품 > 재난/방역용품
쿠팡,C001246,눈삽/넉가래,C001247,4,생활용품 > 안전용품 > 재난/방역용품 > 눈삽/넉가래
쿠팡,C001248,수중펌프,C001247,4,생활용품 > 안전용품 > 재난/방역용품 > 수중펌프
쿠팡,C001249,안전우의,C001247,4,생활용품 > 안전용품 > 재난/방역용품 > 안전우의
쿠팡,C001250,제설용 염화칼슘,C001247,4,생활용품 > 안전용품 > 재난/방역용품 > 제설용 염화칼슘
쿠팡,C001251,제설함/모래함,C001247,4,생활용품 > 안전용품 > 재난/방역용품 > 제설함/모래함
쿠팡,C001252,차수막/수방용 마대,C001247,4,생활용품 > 안전용품 > 재난/방역용품 > 차수막/수방용 마대
쿠팡,C001253,항균/구리필름,C001247,4,생활용품 > 안전용품 > 재난/방역용품 > 항균/구리필름
쿠팡,C001255,호신용품,C001201,3,생활용품 > 안전용품 > 호신용품
쿠팡,C001254,기타호신용품,C001255,4,생활용품 > 안전용품 > 호신용품 > 기타호신용품
쿠팡,C001256,전기충격기,C001255,4,생활용품 > 안전용품 > 호신용품 > 전기충격기
쿠팡,C001257,호루라기,C001255,4,생활용품 > 안전용품 > 호신용품 > 호루라기
쿠팡,C001258,호신경보기,C001255,4,생활용품 > 안전용품 > 호신용품 > 호신경보기
쿠팡,C001259,호신봉,C001255,4,생활용품 > 안전용품 > 호신용품 > 호신봉
쿠팡,C001260,호신용가스총,C001255,4,생활용품 > 안전용품 > 호신용품 > 호신용가스총
쿠팡,C001261,호신용스프레이,C001255,4,생활용품 > 안전용품 > 호신용품 > 호신용스프레이
쿠팡,C001264,욕실용품,C000557,2,생활용품 > 욕실용품
쿠팡,C001263,변기용품,C001264,3,생활용품 > 욕실용품 > 변기용품
쿠팡,C001262,기타변기용품,C001263,4,생활용품 > 욕실용품 > 변기용품 > 기타변기용품
쿠팡,C001265,뚫어뻥,C001263,4,생활용품 > 욕실용품 > 변기용품 > 뚫어뻥
쿠팡,C001266,변기시트,C001263,4,생활용품 > 욕실용품 > 변기용품 > 변기시트
쿠팡,C001267,변기커버 손잡이,C001263,4,생활용품 > 욕실용품 > 변기용품 > 변기커버 손잡이
쿠팡,C001268,변기커버/뚜껑,C001263,4,생활용품 > 욕실용품 > 변기용품 > 변기커버/뚜껑
쿠팡,C001269,소변감지기/부속품,C001263,4,생활용품 > 욕실용품 > 변기용품 > 소변감지기/부속품
쿠팡,C001270,양변기,C001263,4,생활용품 > 욕실용품 > 변기용품 > 양변기
쿠팡,C001271,양변기부속품,C001263,4,생활용품 > 욕실용품 > 변기용품 > 양변기부속품
쿠팡,C001272,에티켓벨,C001263,4,생활용품 > 욕실용품 > 변기용품 > 에티켓벨
쿠팡,C001274,샤워/세면대/수전,C001264,3,생활용품 > 욕실용품 > 샤워/세면대/수전
쿠팡,C001273,배수구 용품,C001274,4,생활용품 > 욕실용품 > 샤워/세면대/수전 > 배수구 용품
쿠팡,C001275,부속품,C001274,4,생활용품 > 욕실용품 > 샤워/세면대/수전 > 부속품
쿠팡,C001276,샤워기홀더/행거,C001274,4,생활용품 > 욕실용품 > 샤워/세면대/수전 > 샤워기홀더/행거
쿠팡,C001277,샤워바,C001274,4,생활용품 > 욕실용품 > 샤워/세면대/수전 > 샤워바
쿠팡,C001278,샤워커튼/봉/부속품,C001274,4,생활용품 > 욕실용품 > 샤워/세면대/수전 > 샤워커튼/봉/부속품
쿠팡,C001279,샤워필터리필/연수기,C001274,4,생활용품 > 욕실용품 > 샤워/세면대/수전 > 샤워필터리필/연수기
쿠팡,C001280,샤워호스,C001274,4,생활용품 > 욕실용품 > 샤워/세면대/수전 > 샤워호스
쿠팡,C001281,세면대/세면기,C001274,4,생활용품 > 욕실용품 > 샤워/세면대/수전 > 세면대/세면기
쿠팡,C001282,세면대부속품,C001274,4,생활용품 > 욕실용품 > 샤워/세면대/수전 > 세면대부속품
쿠팡,C001283,수도꼭지,C001274,4,생활용품 > 욕실용품 > 샤워/세면대/수전 > 수도꼭지
쿠팡,C001284,수전세트,C001274,4,생활용품 > 욕실용품 > 샤워/세면대/수전 > 수전세트
쿠팡,C001285,욕실 환풍기,C001274,4,생활용품 > 욕실용품 > 샤워/세면대/수전 > 욕실 환풍기
쿠팡,C001286,일반샤워기,C001274,4,생활용품 > 욕실용품 > 샤워/세면대/수전 > 일반샤워기
쿠팡,C001287,필터샤워기,C001274,4,생활용품 > 욕실용품 > 샤워/세면대/수전 > 필터샤워기
쿠팡,C001288,해바라기샤워기,C001274,4,생활용품 > 욕실용품 > 샤워/세면대/수전 > 해바라기샤워기
쿠팡,C001290,욕실수납/정리,C001264,3,생활용품 > 욕실용품 > 욕실수납/정리
쿠팡,C001289,드라이기걸이,C001290,4,생활용품 > 욕실용품 > 욕실수납/정리 > 드라이기걸이
쿠팡,C001291,멀티선반,C001290,4,생활용품 > 욕실용품 > 욕실수납/정리 > 멀티선반
쿠팡,C001292,비누받침/비누곽,C001290,4,생활용품 > 욕실용품 > 욕실수납/정리 > 비누받침/비누곽
쿠팡,C001293,양치용품 정리,C001290,4,생활용품 > 욕실용품 > 욕실수납/정리 > 양치용품 정리
쿠팡,C001294,욕실 디스펜서,C001290,4,생활용품 > 욕실용품 > 욕실수납/정리 > 욕실 디스펜서
쿠팡,C001295,욕실걸이/홀더/휴지걸이,C001290,4,생활용품 > 욕실용품 > 욕실수납/정리 > 욕실걸이/홀더/휴지걸이
쿠팡,C001296,욕실선반,C001290,4,생활용품 > 욕실용품 > 욕실수납/정리 > 욕실선반
쿠팡,C001297,욕실수납장,C001290,4,생활용품 > 욕실용품 > 욕실수납/정리 > 욕실수납장
쿠팡,C001299,욕실용품/잡화,C001264,3,생활용품 > 욕실용품 > 욕실용품/잡화
쿠팡,C001298,기타 욕실소품,C001299,4,생활용품 > 욕실용품 > 욕실용품/잡화 > 기타 욕실소품
쿠팡,C001301,수건/타월/가운,C001299,4,생활용품 > 욕실용품 > 욕실용품/잡화 > 수건/타월/가운
쿠팡,C001300,때수건/샤워타월,C001301,5,생활용품 > 욕실용품 > 욕실용품/잡화 > 수건/타월/가운 > 때수건/샤워타월
쿠팡,C001302,바스타월,C001301,5,생활용품 > 욕실용품 > 욕실용품/잡화 > 수건/타월/가운 > 바스타월
쿠팡,C001303,비치타월,C001301,5,생활용품 > 욕실용품 > 욕실용품/잡화 > 수건/타월/가운 > 비치타월
쿠팡,C001304,샤워가운,C001301,5,생활용품 > 욕실용품 > 욕실용품/잡화 > 수건/타월/가운 > 샤워가운
쿠팡,C001305,수건,C001301,5,생활용품 > 욕실용품 > 욕실용품/잡화 > 수건/타월/가운 > 수건
쿠팡,C001306,수건선물세트,C001301,5,생활용품 > 욕실용품 > 욕실용품/잡화 > 수건/타월/가운 > 수건선물세트
쿠팡,C001307,스포츠타월,C001301,5,생활용품 > 욕실용품 > 욕실용품/잡화 > 수건/타월/가운 > 스포츠타월
쿠팡,C001308,핸드타월/세수타월,C001301,5,생활용품 > 욕실용품 > 욕실용품/잡화 > 수건/타월/가운 > 핸드타월/세수타월
쿠팡,C001309,헤어타월/헤어터번,C001301,5,생활용품 > 욕실용품 > 욕실용품/잡화 > 수건/타월/가운 > 헤어타월/헤어터번
쿠팡,C001311,욕실잡화,C001299,4,생활용품 > 욕실용품 > 욕실용품/잡화 > 욕실잡화
쿠팡,C001310,대야/바가지/양동이,C001311,5,생활용품 > 욕실용품 > 욕실용품/잡화 > 욕실잡화 > 대야/바가지/양동이
쿠팡,C001312,목욕가방,C001311,5,생활용품 > 욕실용품 > 욕실용품/잡화 > 욕실잡화 > 목욕가방
쿠팡,C001313,목욕바구니,C001311,5,생활용품 > 욕실용품 > 욕실용품/잡화 > 욕실잡화 > 목욕바구니
쿠팡,C001314,목욕베개,C001311,5,생활용품 > 욕실용품 > 욕실용품/잡화 > 욕실잡화 > 목욕베개
쿠팡,C001315,미끄럼방지매트,C001311,5,생활용품 > 욕실용품 > 욕실용품/잡화 > 욕실잡화 > 미끄럼방지매트
쿠팡,C001316,바디브러쉬,C001311,5,생활용품 > 욕실용품 > 욕실용품/잡화 > 욕실잡화 > 바디브러쉬
쿠팡,C001317,온습도계,C001311,5,생활용품 > 욕실용품 > 욕실용품/잡화 > 욕실잡화 > 온습도계
쿠팡,C001318,욕실디딤대/스탭퍼,C001311,5,생활용품 > 욕실용품 > 욕실용품/잡화 > 욕실잡화 > 욕실디딤대/스탭퍼
쿠팡,C001319,욕실발판,C001311,5,생활용품 > 욕실용품 > 욕실용품/잡화 > 욕실잡화 > 욕실발판
쿠팡,C001320,욕실용시계,C001311,5,생활용품 > 욕실용품 > 욕실용품/잡화 > 욕실잡화 > 욕실용시계
쿠팡,C001321,욕실의자,C001311,5,생활용품 > 욕실용품 > 욕실용품/잡화 > 욕실잡화 > 욕실의자
쿠팡,C001322,욕실화,C001311,5,생활용품 > 욕실용품 > 욕실용품/잡화 > 욕실잡화 > 욕실화
쿠팡,C001323,욕조매트,C001311,5,생활용품 > 욕실용품 > 욕실용품/잡화 > 욕실잡화 > 욕조매트
쿠팡,C001325,욕조/좌욕/족욕기,C001264,3,생활용품 > 욕실용품 > 욕조/좌욕/족욕기
쿠팡,C001324,욕조/반신욕조,C001325,4,생활용품 > 욕실용품 > 욕조/좌욕/족욕기 > 욕조/반신욕조
쿠팡,C001326,욕조거름망/마개,C001325,4,생활용품 > 욕실용품 > 욕조/좌욕/족욕기 > 욕조거름망/마개
쿠팡,C001327,욕조덮개/커버,C001325,4,생활용품 > 욕실용품 > 욕조/좌욕/족욕기 > 욕조덮개/커버
쿠팡,C001328,족욕기,C001325,4,생활용품 > 욕실용품 > 욕조/좌욕/족욕기 > 족욕기
쿠팡,C001329,좌욕기,C001325,4,생활용품 > 욕실용품 > 욕조/좌욕/족욕기 > 좌욕기
쿠팡,C001332,의료/간호용품,C000557,2,생활용품 > 의료/간호용품
쿠팡,C001331,가정의료용품,C001332,3,생활용품 > 의료/간호용품 > 가정의료용품
쿠팡,C001330,가위/핀셋,C001331,4,생활용품 > 의료/간호용품 > 가정의료용품 > 가위/핀셋
쿠팡,C001333,귀이개 세트,C001331,4,생활용품 > 의료/간호용품 > 가정의료용품 > 귀이개 세트
쿠팡,C001334,기타가정의료용품,C001331,4,생활용품 > 의료/간호용품 > 가정의료용품 > 기타가정의료용품
쿠팡,C001335,멸균면봉/귀이개,C001331,4,생활용품 > 의료/간호용품 > 가정의료용품 > 멸균면봉/귀이개
쿠팡,C001336,반창고/밴드,C001331,4,생활용품 > 의료/간호용품 > 가정의료용품 > 반창고/밴드
쿠팡,C001337,상처소독/연고,C001331,4,생활용품 > 의료/간호용품 > 가정의료용품 > 상처소독/연고
쿠팡,C001338,알콜솜/거즈/붕대,C001331,4,생활용품 > 의료/간호용품 > 가정의료용품 > 알콜솜/거즈/붕대
쿠팡,C001339,약통/구급함,C001331,4,생활용품 > 의료/간호용품 > 가정의료용품 > 약통/구급함
쿠팡,C001340,재생밴드,C001331,4,생활용품 > 의료/간호용품 > 가정의료용품 > 재생밴드
쿠팡,C001341,파스/스프레이파스,C001331,4,생활용품 > 의료/간호용품 > 가정의료용품 > 파스/스프레이파스
쿠팡,C001343,병원/의료용품,C001332,3,생활용품 > 의료/간호용품 > 병원/의료용품
쿠팡,C001342,건강검진용품,C001343,4,생활용품 > 의료/간호용품 > 병원/의료용품 > 건강검진용품
쿠팡,C001344,기타병원용품,C001343,4,생활용품 > 의료/간호용품 > 병원/의료용품 > 기타병원용품
쿠팡,C001345,기타의료기기,C001343,4,생활용품 > 의료/간호용품 > 병원/의료용품 > 기타의료기기
쿠팡,C001346,병원/환자침대,C001343,4,생활용품 > 의료/간호용품 > 병원/의료용품 > 병원/환자침대
쿠팡,C001347,보청기,C001343,4,생활용품 > 의료/간호용품 > 병원/의료용품 > 보청기
쿠팡,C001348,유린백/소변백,C001343,4,생활용품 > 의료/간호용품 > 병원/의료용품 > 유린백/소변백
쿠팡,C001349,응급구조용품,C001343,4,생활용품 > 의료/간호용품 > 병원/의료용품 > 응급구조용품
쿠팡,C001350,저주파치료기,C001343,4,생활용품 > 의료/간호용품 > 병원/의료용품 > 저주파치료기
쿠팡,C001351,적외선치료기,C001343,4,생활용품 > 의료/간호용품 > 병원/의료용품 > 적외선치료기
쿠팡,C001352,청진기,C001343,4,생활용품 > 의료/간호용품 > 병원/의료용품 > 청진기
쿠팡,C001354,환자보조용품,C001332,3,생활용품 > 의료/간호용품 > 환자보조용품
쿠팡,C001353,기브스방수커버,C001354,4,생활용품 > 의료/간호용품 > 환자보조용품 > 기브스방수커버
쿠팡,C001355,세발기,C001354,4,생활용품 > 의료/간호용품 > 환자보조용품 > 세발기
쿠팡,C001356,요강/소변통,C001354,4,생활용품 > 의료/간호용품 > 환자보조용품 > 요강/소변통
쿠팡,C001357,재활운동용품,C001354,4,생활용품 > 의료/간호용품 > 환자보조용품 > 재활운동용품
쿠팡,C001358,환자턱받이/앞치마,C001354,4,생활용품 > 의료/간호용품 > 환자보조용품 > 환자턱받이/앞치마
쿠팡,C001359,휴대용변기,C001354,4,생활용품 > 의료/간호용품 > 환자보조용품 > 휴대용변기
쿠팡,C001361,접착용품,C000557,2,생활용품 > 접착용품
쿠팡,C001360,글루건/심,C001361,3,생활용품 > 접착용품 > 글루건/심
쿠팡,C001362,기타특수접착제,C001361,3,생활용품 > 접착용품 > 기타특수접착제
쿠팡,C001363,다용도본드,C001361,3,생활용품 > 접착용품 > 다용도본드
쿠팡,C001364,목공용본드,C001361,3,생활용품 > 접착용품 > 목공용본드
쿠팡,C001365,순간접착제,C001361,3,생활용품 > 접착용품 > 순간접착제
쿠팡,C001366,스프레이접착제,C001361,3,생활용품 > 접착용품 > 스프레이접착제
쿠팡,C001367,에폭시/수지경화제,C001361,3,생활용품 > 접착용품 > 에폭시/수지경화제
쿠팡,C001368,접착제제거제,C001361,3,생활용품 > 접착용품 > 접착제제거제
쿠팡,C001370,테이프,C001361,3,생활용품 > 접착용품 > 테이프
쿠팡,C001369,기타용도 테이프,C001370,4,생활용품 > 접착용품 > 테이프 > 기타용도 테이프
쿠팡,C001371,마스킹테이프,C001370,4,생활용품 > 접착용품 > 테이프 > 마스킹테이프
쿠팡,C001372,미끄럼방지 테이프,C001370,4,생활용품 > 접착용품 > 테이프 > 미끄럼방지 테이프
쿠팡,C001373,박스테이프,C001370,4,생활용품 > 접착용품 > 테이프 > 박스테이프
쿠팡,C001374,사무용테이프,C001370,4,생활용품 > 접착용품 > 테이프 > 사무용테이프
쿠팡,C001375,알루미늄테이프,C001370,4,생활용품 > 접착용품 > 테이프 > 알루미늄테이프
쿠팡,C001376,양면테이프,C001370,4,생활용품 > 접착용품 > 테이프 > 양면테이프
쿠팡,C001377,절연테이프,C001370,4,생활용품 > 접착용품 > 테이프 > 절연테이프
쿠팡,C001378,청테이프/덕트테이프,C001370,4,생활용품 > 접착용품 > 테이프 > 청테이프/덕트테이프
쿠팡,C001379,테이프커터/디스펜서,C001370,4,생활용품 > 접착용품 > 테이프 > 테이프커터/디스펜서
쿠팡,C001380,테프론테이프,C001370,4,생활용품 > 접착용품 > 테이프 > 테프론테이프
쿠팡,C001383,조명/전기용품,C000557,2,생활용품 > 조명/전기용품
쿠팡,C001382,건전지,C001383,3,생활용품 > 조명/전기용품 > 건전지
쿠팡,C001381,AAA건전지,C001382,4,생활용품 > 조명/전기용품 > 건전지 > AAA건전지
쿠팡,C001384,AA건전지,C001382,4,생활용품 > 조명/전기용품 > 건전지 > AA건전지
쿠팡,C001385,건전지충전기,C001382,4,생활용품 > 조명/전기용품 > 건전지 > 건전지충전기
쿠팡,C001386,멀티배터리/대형배터리,C001382,4,생활용품 > 조명/전기용품 > 건전지 > 멀티배터리/대형배터리
쿠팡,C001387,차량용배터리,C001382,4,생활용품 > 조명/전기용품 > 건전지 > 차량용배터리
쿠팡,C001388,충전지,C001382,4,생활용품 > 조명/전기용품 > 건전지 > 충전지
쿠팡,C001389,코인건전지,C001382,4,생활용품 > 조명/전기용품 > 건전지 > 코인건전지
쿠팡,C001390,"특수건전지(C,D,V형)",C001382,4,"생활용품 > 조명/전기용품 > 건전지 > 특수건전지(C,D,V형)"
쿠팡,C001392,멀티탭/연장선,C001383,3,생활용품 > 조명/전기용품 > 멀티탭/연장선
쿠팡,C001391,멀티탭 T자,C001392,4,생활용품 > 조명/전기용품 > 멀티탭/연장선 > 멀티탭 T자
쿠팡,C001393,멀티탭 전선형,C001392,4,생활용품 > 조명/전기용품 > 멀티탭/연장선 > 멀티탭 전선형
쿠팡,C001394,전기연장선/릴선,C001392,4,생활용품 > 조명/전기용품 > 멀티탭/연장선 > 전기연장선/릴선
쿠팡,C001395,손전등/랜턴,C001383,3,생활용품 > 조명/전기용품 > 손전등/랜턴
쿠팡,C001397,전구/형광등,C001383,3,생활용품 > 조명/전기용품 > 전구/형광등
쿠팡,C001396,LED전구,C001397,4,생활용품 > 조명/전기용품 > 전구/형광등 > LED전구
쿠팡,C001398,백열등/백열전구,C001397,4,생활용품 > 조명/전기용품 > 전구/형광등 > 백열등/백열전구
쿠팡,C001399,삼파장전구,C001397,4,생활용품 > 조명/전기용품 > 전구/형광등 > 삼파장전구
쿠팡,C001400,인테리어전구/에디슨전구,C001397,4,생활용품 > 조명/전기용품 > 전구/형광등 > 인테리어전구/에디슨전구
쿠팡,C001401,컬러/야광전구/특수램프,C001397,4,생활용품 > 조명/전기용품 > 전구/형광등 > 컬러/야광전구/특수램프
쿠팡,C001402,할로겐램프,C001397,4,생활용품 > 조명/전기용품 > 전구/형광등 > 할로겐램프
쿠팡,C001403,형광등,C001397,4,생활용품 > 조명/전기용품 > 전구/형광등 > 형광등
쿠팡,C001405,전기설비자재,C001383,3,생활용품 > 조명/전기용품 > 전기설비자재
쿠팡,C001404,기타 브라켓/거치대,C001405,4,생활용품 > 조명/전기용품 > 전기설비자재 > 기타 브라켓/거치대
쿠팡,C001406,기타 전기설비부자재,C001405,4,생활용품 > 조명/전기용품 > 전기설비자재 > 기타 전기설비부자재
쿠팡,C001407,스위치,C001405,4,생활용품 > 조명/전기용품 > 전기설비자재 > 스위치
쿠팡,C001408,스위치부속품,C001405,4,생활용품 > 조명/전기용품 > 전기설비자재 > 스위치부속품
쿠팡,C001409,전기차단기/두꺼비집,C001405,4,생활용품 > 조명/전기용품 > 전기설비자재 > 전기차단기/두꺼비집
쿠팡,C001410,전선 (플러그없음),C001405,4,생활용품 > 조명/전기용품 > 전기설비자재 > 전선 (플러그없음)
쿠팡,C001411,콘센트(설치용),C001405,4,생활용품 > 조명/전기용품 > 전기설비자재 > 콘센트(설치용)
쿠팡,C001412,콘센트덮개/커버,C001405,4,생활용품 > 조명/전기용품 > 전기설비자재 > 콘센트덮개/커버
쿠팡,C001413,콘센트설치부속품,C001405,4,생활용품 > 조명/전기용품 > 전기설비자재 > 콘센트설치부속품
쿠팡,C001415,조명부자재,C001383,3,생활용품 > 조명/전기용품 > 조명부자재
쿠팡,C001414,LED모듈/조명모듈,C001415,4,생활용품 > 조명/전기용품 > 조명부자재 > LED모듈/조명모듈
쿠팡,C001416,LED전광판,C001415,4,생활용품 > 조명/전기용품 > 조명부자재 > LED전광판
쿠팡,C001417,등기구/투광기/실링팬,C001415,4,생활용품 > 조명/전기용품 > 조명부자재 > 등기구/투광기/실링팬
쿠팡,C001418,레일지지대/레일플러그,C001415,4,생활용품 > 조명/전기용품 > 조명부자재 > 레일지지대/레일플러그
쿠팡,C001419,센서등/매입등,C001415,4,생활용품 > 조명/전기용품 > 조명부자재 > 센서등/매입등
쿠팡,C001420,소켓/연장소켓,C001415,4,생활용품 > 조명/전기용품 > 조명부자재 > 소켓/연장소켓
쿠팡,C001421,스타터(초크다마),C001415,4,생활용품 > 조명/전기용품 > 조명부자재 > 스타터(초크다마)
쿠팡,C001422,조명 설치부자재,C001415,4,생활용품 > 조명/전기용품 > 조명부자재 > 조명 설치부자재
쿠팡,C001423,조명용 레일,C001415,4,생활용품 > 조명/전기용품 > 조명부자재 > 조명용 레일
쿠팡,C001424,컨버터/조명안정기,C001415,4,생활용품 > 조명/전기용품 > 조명부자재 > 컨버터/조명안정기
쿠팡,C001426,플러그/어댑터,C001383,3,생활용품 > 조명/전기용품 > 플러그/어댑터
쿠팡,C001425,어댑터/여행용어댑터,C001426,4,생활용품 > 조명/전기용품 > 플러그/어댑터 > 어댑터/여행용어댑터
쿠팡,C001427,플러그,C001426,4,생활용품 > 조명/전기용품 > 플러그/어댑터 > 플러그
쿠팡,C001429,철물,C000557,2,생활용품 > 철물
쿠팡,C001428,경첩/꺽쇠,C001429,3,생활용품 > 철물 > 경첩/꺽쇠
쿠팡,C001430,기타철물,C001429,3,생활용품 > 철물 > 기타철물
쿠팡,C001431,기타체결도구,C001429,3,생활용품 > 철물 > 기타체결도구
쿠팡,C001432,나사/못 세트,C001429,3,생활용품 > 철물 > 나사/못 세트
쿠팡,C001433,나사/앙카,C001429,3,생활용품 > 철물 > 나사/앙카
쿠팡,C001434,노끈,C001429,3,생활용품 > 철물 > 노끈
쿠팡,C001435,다이스,C001429,3,생활용품 > 철물 > 다이스
쿠팡,C001436,못/콘크리트못,C001429,3,생활용품 > 철물 > 못/콘크리트못
쿠팡,C001437,볼트/너트,C001429,3,생활용품 > 철물 > 볼트/너트
쿠팡,C001438,사포/샌딩스펀지,C001429,3,생활용품 > 철물 > 사포/샌딩스펀지
쿠팡,C001439,쇠사슬/체인,C001429,3,생활용품 > 철물 > 쇠사슬/체인
쿠팡,C001440,스프링/용수철,C001429,3,생활용품 > 철물 > 스프링/용수철
쿠팡,C001442,자물쇠,C001429,3,생활용품 > 철물 > 자물쇠
쿠팡,C001441,기타자물쇠,C001442,4,생활용품 > 철물 > 자물쇠 > 기타자물쇠
쿠팡,C001443,다이얼자물쇠,C001442,4,생활용품 > 철물 > 자물쇠 > 다이얼자물쇠
쿠팡,C001444,열쇠자물쇠,C001442,4,생활용품 > 철물 > 자물쇠 > 열쇠자물쇠
쿠팡,C001445,철사,C001429,3,생활용품 > 철물 > 철사
쿠팡,C001448,청소용품,C000557,2,생활용품 > 청소용품
쿠팡,C001447,걸레/밀대/청소포,C001448,3,생활용품 > 청소용품 > 걸레/밀대/청소포
쿠팡,C001446,마대/대걸레,C001447,4,생활용품 > 청소용품 > 걸레/밀대/청소포 > 마대/대걸레
쿠팡,C001449,밀대/청소포,C001447,4,생활용품 > 청소용품 > 걸레/밀대/청소포 > 밀대/청소포
쿠팡,C001450,손걸레/청소봉,C001447,4,생활용품 > 청소용품 > 걸레/밀대/청소포 > 손걸레/청소봉
쿠팡,C001451,일회용청소포,C001447,4,생활용품 > 청소용품 > 걸레/밀대/청소포 > 일회용청소포
쿠팡,C001452,짤순이/탈수기,C001447,4,생활용품 > 청소용품 > 걸레/밀대/청소포 > 짤순이/탈수기
쿠팡,C001453,청소슬리퍼,C001447,4,생활용품 > 청소용품 > 걸레/밀대/청소포 > 청소슬리퍼
쿠팡,C001454,청소장갑,C001447,4,생활용품 > 청소용품 > 걸레/밀대/청소포 > 청소장갑
쿠팡,C001455,회전밀대/회전탈수,C001447,4,생활용품 > 청소용품 > 걸레/밀대/청소포 > 회전밀대/회전탈수
쿠팡,C001457,먼지제거/클리너,C001448,3,생활용품 > 청소용품 > 먼지제거/클리너
쿠팡,C001456,먼지제거브러쉬,C001457,4,생활용품 > 청소용품 > 먼지제거/클리너 > 먼지제거브러쉬
쿠팡,C001458,먼지제거젤,C001457,4,생활용품 > 청소용품 > 먼지제거/클리너 > 먼지제거젤
쿠팡,C001459,먼지털이,C001457,4,생활용품 > 청소용품 > 먼지제거/클리너 > 먼지털이
쿠팡,C001460,스펀지클리너,C001457,4,생활용품 > 청소용품 > 먼지제거/클리너 > 스펀지클리너
쿠팡,C001461,테이프클리너,C001457,4,생활용품 > 청소용품 > 먼지제거/클리너 > 테이프클리너
쿠팡,C001462,물호스/릴호스/분사기,C001448,3,생활용품 > 청소용품 > 물호스/릴호스/분사기
쿠팡,C001464,빗자루/쓰레받기,C001448,3,생활용품 > 청소용품 > 빗자루/쓰레받기
쿠팡,C001463,도로비/개량비,C001464,4,생활용품 > 청소용품 > 빗자루/쓰레받기 > 도로비/개량비
쿠팡,C001465,빗자루,C001464,4,생활용품 > 청소용품 > 빗자루/쓰레받기 > 빗자루
쿠팡,C001466,빗자루쓰레받기세트,C001464,4,생활용품 > 청소용품 > 빗자루/쓰레받기 > 빗자루쓰레받기세트
쿠팡,C001467,쓰레받기,C001464,4,생활용품 > 청소용품 > 빗자루/쓰레받기 > 쓰레받기
쿠팡,C001468,유리 청소용품,C001448,3,생활용품 > 청소용품 > 유리 청소용품
쿠팡,C001469,청소 바퀴의자,C001448,3,생활용품 > 청소용품 > 청소 바퀴의자
쿠팡,C001470,청소솔/스틱,C001448,3,생활용품 > 청소용품 > 청소솔/스틱
쿠팡,C001472,휴지통/분리수거함,C001448,3,생활용품 > 청소용품 > 휴지통/분리수거함
쿠팡,C001471,분리수거함,C001472,4,생활용품 > 청소용품 > 휴지통/분리수거함 > 분리수거함
쿠팡,C001473,휴지통,C001472,4,생활용품 > 청소용품 > 휴지통/분리수거함 > 휴지통
쿠팡,C001475,화장지/물티슈,C000557,2,생활용품 > 화장지/물티슈
쿠팡,C001474,화장지/제지세트,C001475,3,생활용품 > 화장지/물티슈 > 화장지/제지세트
쿠팡,C001477,화장지/티슈,C001475,3,생활용품 > 화장지/물티슈 > 화장지/티슈
쿠팡,C001476,각티슈/미용티슈,C001477,4,생활용품 > 화장지/물티슈 > 화장지/티슈 > 각티슈/미용티슈
쿠팡,C001478,고급롤화장지(3겹이상),C001477,4,생활용품 > 화장지/물티슈 > 화장지/티슈 > 고급롤화장지(3겹이상)
쿠팡,C001479,물티슈,C001477,4,생활용품 > 화장지/물티슈 > 화장지/티슈 > 물티슈
쿠팡,C001480,비데티슈,C001477,4,생활용품 > 화장지/물티슈 > 화장지/티슈 > 비데티슈
쿠팡,C001481,손소독티슈,C001477,4,생활용품 > 화장지/물티슈 > 화장지/티슈 > 손소독티슈
쿠팡,C001482,여행용/포켓티슈,C001477,4,생활용품 > 화장지/물티슈 > 화장지/티슈 > 여행용/포켓티슈
쿠팡,C001483,일반롤화장지(2겹),C001477,4,생활용품 > 화장지/물티슈 > 화장지/티슈 > 일반롤화장지(2겹)
쿠팡,C001484,일회용핸드타올,C001477,4,생활용품 > 화장지/물티슈 > 화장지/티슈 > 일회용핸드타올
쿠팡,C001485,점보롤,C001477,4,생활용품 > 화장지/물티슈 > 화장지/티슈 > 점보롤
쿠팡,C001487,키친타올,C001477,4,생활용품 > 화장지/물티슈 > 화장지/티슈 > 키친타올
쿠팡,C001486,각키친타올,C001487,5,생활용품 > 화장지/물티슈 > 화장지/티슈 > 키친타올 > 각키친타올
쿠팡,C001488,롤키친타올,C001487,5,생활용품 > 화장지/물티슈 > 화장지/티슈 > 키친타올 > 롤키친타올
쿠팡,C001489,빨아쓰는/행주용타올,C001487,5,생활용품 > 화장지/물티슈 > 화장지/티슈 > 키친타올 > 빨아쓰는/행주용타올
쿠팡,C001493,스포츠/레져,ROOT,1,스포츠/레져
쿠팡,C001492,검도/격투/무술,C001493,2,스포츠/레져 > 검도/격투/무술
쿠팡,C001491,검도,C001492,3,스포츠/레져 > 검도/격투/무술 > 검도
쿠팡,C001490,검도 호구/보호대,C001491,4,스포츠/레져 > 검도/격투/무술 > 검도 > 검도 호구/보호대
쿠팡,C001494,검도복,C001491,4,스포츠/레져 > 검도/격투/무술 > 검도 > 검도복
쿠팡,C001495,기타 검도용품,C001491,4,스포츠/레져 > 검도/격투/무술 > 검도 > 기타 검도용품
쿠팡,C001496,죽도/가검/목검,C001491,4,스포츠/레져 > 검도/격투/무술 > 검도 > 죽도/가검/목검
쿠팡,C001497,죽도/호구가방,C001491,4,스포츠/레져 > 검도/격투/무술 > 검도 > 죽도/호구가방
쿠팡,C001498,타격대/훈련용품,C001491,4,스포츠/레져 > 검도/격투/무술 > 검도 > 타격대/훈련용품
쿠팡,C001500,권투/격투기,C001492,3,스포츠/레져 > 검도/격투/무술 > 권투/격투기
쿠팡,C001499,격투 보호대,C001500,4,스포츠/레져 > 검도/격투/무술 > 권투/격투기 > 격투 보호대
쿠팡,C001501,격투 헤드기어,C001500,4,스포츠/레져 > 검도/격투/무술 > 권투/격투기 > 격투 헤드기어
쿠팡,C001502,마우스피스,C001500,4,스포츠/레져 > 검도/격투/무술 > 권투/격투기 > 마우스피스
쿠팡,C001503,미트,C001500,4,스포츠/레져 > 검도/격투/무술 > 권투/격투기 > 미트
쿠팡,C001504,복싱글러브,C001500,4,스포츠/레져 > 검도/격투/무술 > 권투/격투기 > 복싱글러브
쿠팡,C001505,복싱복/복싱 팬츠,C001500,4,스포츠/레져 > 검도/격투/무술 > 권투/격투기 > 복싱복/복싱 팬츠
쿠팡,C001506,복싱화/격투화,C001500,4,스포츠/레져 > 검도/격투/무술 > 권투/격투기 > 복싱화/격투화
쿠팡,C001507,샌드백,C001500,4,스포츠/레져 > 검도/격투/무술 > 권투/격투기 > 샌드백
쿠팡,C001508,샌드백 설치용품,C001500,4,스포츠/레져 > 검도/격투/무술 > 권투/격투기 > 샌드백 설치용품
쿠팡,C001509,핸드랩,C001500,4,스포츠/레져 > 검도/격투/무술 > 권투/격투기 > 핸드랩
쿠팡,C001511,쌍절곤/기타무술,C001492,3,스포츠/레져 > 검도/격투/무술 > 쌍절곤/기타무술
쿠팡,C001510,기타무술용품,C001511,4,스포츠/레져 > 검도/격투/무술 > 쌍절곤/기타무술 > 기타무술용품
쿠팡,C001512,쌍절곤,C001511,4,스포츠/레져 > 검도/격투/무술 > 쌍절곤/기타무술 > 쌍절곤
쿠팡,C001513,씨름용품,C001511,4,스포츠/레져 > 검도/격투/무술 > 쌍절곤/기타무술 > 씨름용품
쿠팡,C001515,주짓수/유도,C001492,3,스포츠/레져 > 검도/격투/무술 > 주짓수/유도
쿠팡,C001514,주짓수/유도복,C001515,4,스포츠/레져 > 검도/격투/무술 > 주짓수/유도 > 주짓수/유도복
쿠팡,C001517,태권도,C001492,3,스포츠/레져 > 검도/격투/무술 > 태권도
쿠팡,C001516,기타 태권도용품,C001517,4,스포츠/레져 > 검도/격투/무술 > 태권도 > 기타 태권도용품
쿠팡,C001518,태권도 격파용품,C001517,4,스포츠/레져 > 검도/격투/무술 > 태권도 > 태권도 격파용품
쿠팡,C001519,태권도 호구/보호대,C001517,4,스포츠/레져 > 검도/격투/무술 > 태권도 > 태권도 호구/보호대
쿠팡,C001520,태권도도복,C001517,4,스포츠/레져 > 검도/격투/무술 > 태권도 > 태권도도복
쿠팡,C001521,태권도품띠/태권도띠/벨트,C001517,4,스포츠/레져 > 검도/격투/무술 > 태권도 > 태권도품띠/태권도띠/벨트
쿠팡,C001522,태권도화,C001517,4,스포츠/레져 > 검도/격투/무술 > 태권도 > 태권도화
쿠팡,C001523,호구가방,C001517,4,스포츠/레져 > 검도/격투/무술 > 태권도 > 호구가방
쿠팡,C001525,골프,C001493,2,스포츠/레져 > 골프
쿠팡,C001524,골프공,C001525,3,스포츠/레져 > 골프 > 골프공
쿠팡,C001527,골프백,C001525,3,스포츠/레져 > 골프 > 골프백
쿠팡,C001526,골프 보스턴백,C001527,4,스포츠/레져 > 골프 > 골프백 > 골프 보스턴백
쿠팡,C001528,골프 스탠드백,C001527,4,스포츠/레져 > 골프 > 골프백 > 골프 스탠드백
쿠팡,C001529,골프 캐디백/카트백,C001527,4,스포츠/레져 > 골프 > 골프백 > 골프 캐디백/카트백
쿠팡,C001530,골프 파우치 백,C001527,4,스포츠/레져 > 골프 > 골프백 > 골프 파우치 백
쿠팡,C001531,골프 하프백,C001527,4,스포츠/레져 > 골프 > 골프백 > 골프 하프백
쿠팡,C001532,골프 항공커버,C001527,4,스포츠/레져 > 골프 > 골프백 > 골프 항공커버
쿠팡,C001533,골프백세트,C001527,4,스포츠/레져 > 골프 > 골프백 > 골프백세트
쿠팡,C001534,골프카트캐리어,C001527,4,스포츠/레져 > 골프 > 골프백 > 골프카트캐리어
쿠팡,C001537,골프신발,C001525,3,스포츠/레져 > 골프 > 골프신발
쿠팡,C001536,남녀공용,C001537,4,스포츠/레져 > 골프 > 골프신발 > 남녀공용
쿠팡,C001535,골프화,C001536,5,스포츠/레져 > 골프 > 골프신발 > 남녀공용 > 골프화
쿠팡,C001539,남성용,C001537,4,스포츠/레져 > 골프 > 골프신발 > 남성용
쿠팡,C001538,골프화,C001539,5,스포츠/레져 > 골프 > 골프신발 > 남성용 > 골프화
쿠팡,C001541,여성용,C001537,4,스포츠/레져 > 골프 > 골프신발 > 여성용
쿠팡,C001540,골프화,C001541,5,스포츠/레져 > 골프 > 골프신발 > 여성용 > 골프화
쿠팡,C001543,주니어용,C001537,4,스포츠/레져 > 골프 > 골프신발 > 주니어용
쿠팡,C001542,골프화,C001543,5,스포츠/레져 > 골프 > 골프신발 > 주니어용 > 골프화
쿠팡,C001546,골프의류,C001525,3,스포츠/레져 > 골프 > 골프의류
쿠팡,C001545,남녀공용,C001546,4,스포츠/레져 > 골프 > 골프의류 > 남녀공용
쿠팡,C001544,골프 우의/레인자켓,C001545,5,스포츠/레져 > 골프 > 골프의류 > 남녀공용 > 골프 우의/레인자켓
쿠팡,C001548,남성용,C001546,4,스포츠/레져 > 골프 > 골프의류 > 남성용
쿠팡,C001547,골프 우의/레인자켓,C001548,5,스포츠/레져 > 골프 > 골프의류 > 남성용 > 골프 우의/레인자켓
쿠팡,C001550,여성용,C001546,4,스포츠/레져 > 골프 > 골프의류 > 여성용
쿠팡,C001549,골프 우의/레인자켓,C001550,5,스포츠/레져 > 골프 > 골프의류 > 여성용 > 골프 우의/레인자켓
쿠팡,C001552,골프잡화,C001525,3,스포츠/레져 > 골프 > 골프잡화
쿠팡,C001551,골프 마스크,C001552,4,스포츠/레져 > 골프 > 골프잡화 > 골프 마스크
쿠팡,C001553,골프 방한용품/워머/귀마개,C001552,4,스포츠/레져 > 골프 > 골프잡화 > 골프 방한용품/워머/귀마개
쿠팡,C001554,골프공 스탬프/스티커,C001552,4,스포츠/레져 > 골프 > 골프잡화 > 골프공 스탬프/스티커
쿠팡,C001555,골프모자,C001552,4,스포츠/레져 > 골프 > 골프잡화 > 골프모자
쿠팡,C001556,골프벨트,C001552,4,스포츠/레져 > 골프 > 골프잡화 > 골프벨트
쿠팡,C001557,골프선물세트/골프용품세트,C001552,4,스포츠/레져 > 골프 > 골프잡화 > 골프선물세트/골프용품세트
쿠팡,C001558,골프양말,C001552,4,스포츠/레져 > 골프 > 골프잡화 > 골프양말
쿠팡,C001559,골프우산,C001552,4,스포츠/레져 > 골프 > 골프잡화 > 골프우산
쿠팡,C001560,골프장갑,C001552,4,스포츠/레져 > 골프 > 골프잡화 > 골프장갑
쿠팡,C001561,골프채걸이,C001552,4,스포츠/레져 > 골프 > 골프잡화 > 골프채걸이
쿠팡,C001562,골프화 가방,C001552,4,스포츠/레져 > 골프 > 골프잡화 > 골프화 가방
쿠팡,C001563,팔토시/쿨토시/손등토시,C001552,4,스포츠/레져 > 골프 > 골프잡화 > 팔토시/쿨토시/손등토시
쿠팡,C001564,핑거밴드,C001552,4,스포츠/레져 > 골프 > 골프잡화 > 핑거밴드
쿠팡,C001566,골프클럽,C001525,3,스포츠/레져 > 골프 > 골프클럽
쿠팡,C001565,골프클럽 풀세트,C001566,4,스포츠/레져 > 골프 > 골프클럽 > 골프클럽 풀세트
쿠팡,C001567,드라이버,C001566,4,스포츠/레져 > 골프 > 골프클럽 > 드라이버
쿠팡,C001568,아이언,C001566,4,스포츠/레져 > 골프 > 골프클럽 > 아이언
쿠팡,C001569,웨지,C001566,4,스포츠/레져 > 골프 > 골프클럽 > 웨지
쿠팡,C001570,유틸리티/하이브리드우드,C001566,4,스포츠/레져 > 골프 > 골프클럽 > 유틸리티/하이브리드우드
쿠팡,C001571,치퍼,C001566,4,스포츠/레져 > 골프 > 골프클럽 > 치퍼
쿠팡,C001572,퍼터,C001566,4,스포츠/레져 > 골프 > 골프클럽 > 퍼터
쿠팡,C001573,페어웨이우드,C001566,4,스포츠/레져 > 골프 > 골프클럽 > 페어웨이우드
쿠팡,C001575,골프클럽 부품,C001525,3,스포츠/레져 > 골프 > 골프클럽 부품
쿠팡,C001574,골프그립,C001575,4,스포츠/레져 > 골프 > 골프클럽 부품 > 골프그립
쿠팡,C001576,골프클럽 관리용품,C001575,4,스포츠/레져 > 골프 > 골프클럽 부품 > 골프클럽 관리용품
쿠팡,C001577,샤프트,C001575,4,스포츠/레져 > 골프 > 골프클럽 부품 > 샤프트
쿠팡,C001578,헤드,C001575,4,스포츠/레져 > 골프 > 골프클럽 부품 > 헤드
쿠팡,C001579,헤드커버,C001575,4,스포츠/레져 > 골프 > 골프클럽 부품 > 헤드커버
쿠팡,C001581,연습용품,C001525,3,스포츠/레져 > 골프 > 연습용품
쿠팡,C001580,스윙네트/골프망,C001581,4,스포츠/레져 > 골프 > 연습용품 > 스윙네트/골프망
쿠팡,C001582,스윙매트/골프매트,C001581,4,스포츠/레져 > 골프 > 연습용품 > 스윙매트/골프매트
쿠팡,C001583,스윙연습기/분석기,C001581,4,스포츠/레져 > 골프 > 연습용품 > 스윙연습기/분석기
쿠팡,C001584,스윙타겟,C001581,4,스포츠/레져 > 골프 > 연습용품 > 스윙타겟
쿠팡,C001585,자세교정기,C001581,4,스포츠/레져 > 골프 > 연습용품 > 자세교정기
쿠팡,C001586,퍼팅매트,C001581,4,스포츠/레져 > 골프 > 연습용품 > 퍼팅매트
쿠팡,C001587,퍼팅연습기,C001581,4,스포츠/레져 > 골프 > 연습용품 > 퍼팅연습기
쿠팡,C001589,필드용품,C001525,3,스포츠/레져 > 골프 > 필드용품
쿠팡,C001588,골프 거리측정기/GPS,C001589,4,스포츠/레져 > 골프 > 필드용품 > 골프 거리측정기/GPS
쿠팡,C001590,골프공 바구니,C001589,4,스포츠/레져 > 골프 > 필드용품 > 골프공 바구니
쿠팡,C001591,골프공 세척/관리용품,C001589,4,스포츠/레져 > 골프 > 필드용품 > 골프공 세척/관리용품
쿠팡,C001592,골프공 회수기,C001589,4,스포츠/레져 > 골프 > 필드용품 > 골프공 회수기
쿠팡,C001593,골프볼라이너,C001589,4,스포츠/레져 > 골프 > 필드용품 > 골프볼라이너
쿠팡,C001594,골프트로피/상패,C001589,4,스포츠/레져 > 골프 > 필드용품 > 골프트로피/상패
쿠팡,C001595,골프티,C001589,4,스포츠/레져 > 골프 > 필드용품 > 골프티
쿠팡,C001596,그린보수기,C001589,4,스포츠/레져 > 골프 > 필드용품 > 그린보수기
쿠팡,C001597,볼 공급기,C001589,4,스포츠/레져 > 골프 > 필드용품 > 볼 공급기
쿠팡,C001598,볼마커,C001589,4,스포츠/레져 > 골프 > 필드용품 > 볼마커
쿠팡,C001599,볼주머니/볼파우치,C001589,4,스포츠/레져 > 골프 > 필드용품 > 볼주머니/볼파우치
쿠팡,C001600,스파이크징/렌치,C001589,4,스포츠/레져 > 골프 > 필드용품 > 스파이크징/렌치
쿠팡,C001601,연습용 골프공,C001589,4,스포츠/레져 > 골프 > 필드용품 > 연습용 골프공
쿠팡,C001603,구기스포츠,C001493,2,스포츠/레져 > 구기스포츠
쿠팡,C001602,공 정리/보관용품,C001603,3,스포츠/레져 > 구기스포츠 > 공 정리/보관용품
쿠팡,C001604,넷볼/츄크볼/기타구기용품,C001603,3,스포츠/레져 > 구기스포츠 > 넷볼/츄크볼/기타구기용품
쿠팡,C001606,농구,C001603,3,스포츠/레져 > 구기스포츠 > 농구
쿠팡,C001605,농구공,C001606,4,스포츠/레져 > 구기스포츠 > 농구 > 농구공
쿠팡,C001607,농구공가방,C001606,4,스포츠/레져 > 구기스포츠 > 농구 > 농구공가방
쿠팡,C001608,농구대/농구골대,C001606,4,스포츠/레져 > 구기스포츠 > 농구 > 농구대/농구골대
쿠팡,C001609,농구복 상의,C001606,4,스포츠/레져 > 구기스포츠 > 농구 > 농구복 상의
쿠팡,C001610,농구복 세트,C001606,4,스포츠/레져 > 구기스포츠 > 농구 > 농구복 세트
쿠팡,C001611,농구복 하의,C001606,4,스포츠/레져 > 구기스포츠 > 농구 > 농구복 하의
쿠팡,C001612,농구화,C001606,4,스포츠/레져 > 구기스포츠 > 농구 > 농구화
쿠팡,C001614,당구/포켓볼,C001603,3,스포츠/레져 > 구기스포츠 > 당구/포켓볼
쿠팡,C001613,당구 그립/포켓볼그립,C001614,4,스포츠/레져 > 구기스포츠 > 당구/포켓볼 > 당구 그립/포켓볼그립
쿠팡,C001615,당구 브릿지/레스트,C001614,4,스포츠/레져 > 구기스포츠 > 당구/포켓볼 > 당구 브릿지/레스트
쿠팡,C001616,당구 장갑/포켓볼 장갑,C001614,4,스포츠/레져 > 구기스포츠 > 당구/포켓볼 > 당구 장갑/포켓볼 장갑
쿠팡,C001617,당구 초크/포켓볼 초크,C001614,4,스포츠/레져 > 구기스포츠 > 당구/포켓볼 > 당구 초크/포켓볼 초크
쿠팡,C001618,당구/포켓볼 관리용품,C001614,4,스포츠/레져 > 구기스포츠 > 당구/포켓볼 > 당구/포켓볼 관리용품
쿠팡,C001619,당구공/포켓볼공,C001614,4,스포츠/레져 > 구기스포츠 > 당구/포켓볼 > 당구공/포켓볼공
쿠팡,C001620,당구대/포켓볼대,C001614,4,스포츠/레져 > 구기스포츠 > 당구/포켓볼 > 당구대/포켓볼대
쿠팡,C001621,당구큐대/포켓볼큐대,C001614,4,스포츠/레져 > 구기스포츠 > 당구/포켓볼 > 당구큐대/포켓볼큐대
쿠팡,C001622,큐가방,C001614,4,스포츠/레져 > 구기스포츠 > 당구/포켓볼 > 큐가방
쿠팡,C001624,미식축구/럭비,C001603,3,스포츠/레져 > 구기스포츠 > 미식축구/럭비
쿠팡,C001623,미식축구/럭비공,C001624,4,스포츠/레져 > 구기스포츠 > 미식축구/럭비 > 미식축구/럭비공
쿠팡,C001625,미식축구/럭비용품,C001624,4,스포츠/레져 > 구기스포츠 > 미식축구/럭비 > 미식축구/럭비용품
쿠팡,C001627,배구/피구/족구,C001603,3,스포츠/레져 > 구기스포츠 > 배구/피구/족구
쿠팡,C001626,배구 네트/지주,C001627,4,스포츠/레져 > 구기스포츠 > 배구/피구/족구 > 배구 네트/지주
쿠팡,C001628,배구공,C001627,4,스포츠/레져 > 구기스포츠 > 배구/피구/족구 > 배구공
쿠팡,C001629,배구복 상의,C001627,4,스포츠/레져 > 구기스포츠 > 배구/피구/족구 > 배구복 상의
쿠팡,C001630,배구복 세트,C001627,4,스포츠/레져 > 구기스포츠 > 배구/피구/족구 > 배구복 세트
쿠팡,C001631,배구복 하의,C001627,4,스포츠/레져 > 구기스포츠 > 배구/피구/족구 > 배구복 하의
쿠팡,C001632,배구화,C001627,4,스포츠/레져 > 구기스포츠 > 배구/피구/족구 > 배구화
쿠팡,C001633,족구 네트/지주,C001627,4,스포츠/레져 > 구기스포츠 > 배구/피구/족구 > 족구 네트/지주
쿠팡,C001634,족구공,C001627,4,스포츠/레져 > 구기스포츠 > 배구/피구/족구 > 족구공
쿠팡,C001635,족구의류,C001627,4,스포츠/레져 > 구기스포츠 > 배구/피구/족구 > 족구의류
쿠팡,C001636,족구화,C001627,4,스포츠/레져 > 구기스포츠 > 배구/피구/족구 > 족구화
쿠팡,C001637,피구공,C001627,4,스포츠/레져 > 구기스포츠 > 배구/피구/족구 > 피구공
쿠팡,C001639,볼링,C001603,3,스포츠/레져 > 구기스포츠 > 볼링
쿠팡,C001638,볼링 가방,C001639,4,스포츠/레져 > 구기스포츠 > 볼링 > 볼링 가방
쿠팡,C001640,볼링 볼클리너/타올,C001639,4,스포츠/레져 > 구기스포츠 > 볼링 > 볼링 볼클리너/타올
쿠팡,C001641,볼링 소품,C001639,4,스포츠/레져 > 구기스포츠 > 볼링 > 볼링 소품
쿠팡,C001642,볼링 아대,C001639,4,스포츠/레져 > 구기스포츠 > 볼링 > 볼링 아대
쿠팡,C001643,볼링 테이프,C001639,4,스포츠/레져 > 구기스포츠 > 볼링 > 볼링 테이프
쿠팡,C001644,볼링공,C001639,4,스포츠/레져 > 구기스포츠 > 볼링 > 볼링공
쿠팡,C001645,볼링복 상의,C001639,4,스포츠/레져 > 구기스포츠 > 볼링 > 볼링복 상의
쿠팡,C001646,볼링복 세트,C001639,4,스포츠/레져 > 구기스포츠 > 볼링 > 볼링복 세트
쿠팡,C001647,볼링복 하의,C001639,4,스포츠/레져 > 구기스포츠 > 볼링 > 볼링복 하의
쿠팡,C001648,볼링핀,C001639,4,스포츠/레져 > 구기스포츠 > 볼링 > 볼링핀
쿠팡,C001649,볼링화,C001639,4,스포츠/레져 > 구기스포츠 > 볼링 > 볼링화
쿠팡,C001650,볼링화 부품,C001639,4,스포츠/레져 > 구기스포츠 > 볼링 > 볼링화 부품
쿠팡,C001651,볼펌프/에어펌프,C001603,3,스포츠/레져 > 구기스포츠 > 볼펌프/에어펌프
쿠팡,C001653,야구,C001603,3,스포츠/레져 > 구기스포츠 > 야구
쿠팡,C001652,로진백,C001653,4,스포츠/레져 > 구기스포츠 > 야구 > 로진백
쿠팡,C001655,성인용,C001653,4,스포츠/레져 > 구기스포츠 > 야구 > 성인용
쿠팡,C001654,야구 프로팀 유니폼,C001655,5,스포츠/레져 > 구기스포츠 > 야구 > 성인용 > 야구 프로팀 유니폼
쿠팡,C001656,야구복 상의/티셔츠/맨투맨,C001655,5,스포츠/레져 > 구기스포츠 > 야구 > 성인용 > 야구복 상의/티셔츠/맨투맨
쿠팡,C001657,야구복 상하의 세트,C001655,5,스포츠/레져 > 구기스포츠 > 야구 > 성인용 > 야구복 상하의 세트
쿠팡,C001658,야구복 하의/바지,C001655,5,스포츠/레져 > 구기스포츠 > 야구 > 성인용 > 야구복 하의/바지
쿠팡,C001659,야구가방,C001653,4,스포츠/레져 > 구기스포츠 > 야구 > 야구가방
쿠팡,C001660,야구경기/필드용품,C001653,4,스포츠/레져 > 구기스포츠 > 야구 > 야구경기/필드용품
쿠팡,C001661,야구공,C001653,4,스포츠/레져 > 구기스포츠 > 야구 > 야구공
쿠팡,C001662,야구글러브,C001653,4,스포츠/레져 > 구기스포츠 > 야구 > 야구글러브
쿠팡,C001663,야구글러브관리용품,C001653,4,스포츠/레져 > 구기스포츠 > 야구 > 야구글러브관리용품
쿠팡,C001664,야구모자,C001653,4,스포츠/레져 > 구기스포츠 > 야구 > 야구모자
쿠팡,C001665,야구목걸이,C001653,4,스포츠/레져 > 구기스포츠 > 야구 > 야구목걸이
쿠팡,C001666,야구배트,C001653,4,스포츠/레져 > 구기스포츠 > 야구 > 야구배트
쿠팡,C001667,야구배팅연습용품,C001653,4,스포츠/레져 > 구기스포츠 > 야구 > 야구배팅연습용품
쿠팡,C001668,야구베이스,C001653,4,스포츠/레져 > 구기스포츠 > 야구 > 야구베이스
쿠팡,C001669,야구벨트,C001653,4,스포츠/레져 > 구기스포츠 > 야구 > 야구벨트
쿠팡,C001670,야구보호대,C001653,4,스포츠/레져 > 구기스포츠 > 야구 > 야구보호대
쿠팡,C001671,야구안면보호마스크,C001653,4,스포츠/레져 > 구기스포츠 > 야구 > 야구안면보호마스크
쿠팡,C001672,야구양말,C001653,4,스포츠/레져 > 구기스포츠 > 야구 > 야구양말
쿠팡,C001673,야구연습용네트,C001653,4,스포츠/레져 > 구기스포츠 > 야구 > 야구연습용네트
쿠팡,C001674,야구장갑,C001653,4,스포츠/레져 > 구기스포츠 > 야구 > 야구장갑
쿠팡,C001675,야구헬멧,C001653,4,스포츠/레져 > 구기스포츠 > 야구 > 야구헬멧
쿠팡,C001676,야구화,C001653,4,스포츠/레져 > 구기스포츠 > 야구 > 야구화
쿠팡,C001678,유아동/주니어용,C001653,4,스포츠/레져 > 구기스포츠 > 야구 > 유아동/주니어용
쿠팡,C001677,야구 프로팀 유니폼,C001678,5,스포츠/레져 > 구기스포츠 > 야구 > 유아동/주니어용 > 야구 프로팀 유니폼
쿠팡,C001679,야구복 상의/티셔츠/맨투맨,C001678,5,스포츠/레져 > 구기스포츠 > 야구 > 유아동/주니어용 > 야구복 상의/티셔츠/맨투맨
쿠팡,C001680,야구복 상하의 세트,C001678,5,스포츠/레져 > 구기스포츠 > 야구 > 유아동/주니어용 > 야구복 상하의 세트
쿠팡,C001681,야구복 하의/바지,C001678,5,스포츠/레져 > 구기스포츠 > 야구 > 유아동/주니어용 > 야구복 하의/바지
쿠팡,C001683,응원용품,C001603,3,스포츠/레져 > 구기스포츠 > 응원용품
쿠팡,C001682,스포츠 응원용품,C001683,4,스포츠/레져 > 구기스포츠 > 응원용품 > 스포츠 응원용품
쿠팡,C001684,야구 응원용품,C001683,4,스포츠/레져 > 구기스포츠 > 응원용품 > 야구 응원용품
쿠팡,C001686,축구,C001603,3,스포츠/레져 > 구기스포츠 > 축구
쿠팡,C001685,기타축구소품/완장,C001686,4,스포츠/레져 > 구기스포츠 > 축구 > 기타축구소품/완장
쿠팡,C001688,성인용,C001686,4,스포츠/레져 > 구기스포츠 > 축구 > 성인용
쿠팡,C001687,축구 프로팀 유니폼,C001688,5,스포츠/레져 > 구기스포츠 > 축구 > 성인용 > 축구 프로팀 유니폼
쿠팡,C001689,축구복 바지/하의,C001688,5,스포츠/레져 > 구기스포츠 > 축구 > 성인용 > 축구복 바지/하의
쿠팡,C001690,축구복 상하의 세트,C001688,5,스포츠/레져 > 구기스포츠 > 축구 > 성인용 > 축구복 상하의 세트
쿠팡,C001691,축구복 티셔츠/상의,C001688,5,스포츠/레져 > 구기스포츠 > 축구 > 성인용 > 축구복 티셔츠/상의
쿠팡,C001693,유아동/주니어용,C001686,4,스포츠/레져 > 구기스포츠 > 축구 > 유아동/주니어용
쿠팡,C001692,축구 프로팀 유니폼,C001693,5,스포츠/레져 > 구기스포츠 > 축구 > 유아동/주니어용 > 축구 프로팀 유니폼
쿠팡,C001694,축구복 바지/하의,C001693,5,스포츠/레져 > 구기스포츠 > 축구 > 유아동/주니어용 > 축구복 바지/하의
쿠팡,C001695,축구복 상하의 세트,C001693,5,스포츠/레져 > 구기스포츠 > 축구 > 유아동/주니어용 > 축구복 상하의 세트
쿠팡,C001696,축구복 티셔츠/상의,C001693,5,스포츠/레져 > 구기스포츠 > 축구 > 유아동/주니어용 > 축구복 티셔츠/상의
쿠팡,C001697,축구골대/축구네트,C001686,4,스포츠/레져 > 구기스포츠 > 축구 > 축구골대/축구네트
쿠팡,C001698,축구공,C001686,4,스포츠/레져 > 구기스포츠 > 축구 > 축구공
쿠팡,C001699,축구공가방,C001686,4,스포츠/레져 > 구기스포츠 > 축구 > 축구공가방
쿠팡,C001700,축구보호대/정강이보호대,C001686,4,스포츠/레져 > 구기스포츠 > 축구 > 축구보호대/정강이보호대
쿠팡,C001701,축구양말,C001686,4,스포츠/레져 > 구기스포츠 > 축구 > 축구양말
쿠팡,C001702,축구연습용품,C001686,4,스포츠/레져 > 구기스포츠 > 축구 > 축구연습용품
쿠팡,C001703,축구장갑/골키퍼장갑,C001686,4,스포츠/레져 > 구기스포츠 > 축구 > 축구장갑/골키퍼장갑
쿠팡,C001704,축구화,C001686,4,스포츠/레져 > 구기스포츠 > 축구 > 축구화
쿠팡,C001705,풋살공/스킬볼,C001686,4,스포츠/레져 > 구기스포츠 > 축구 > 풋살공/스킬볼
쿠팡,C001706,티볼/소프트볼용품,C001603,3,스포츠/레져 > 구기스포츠 > 티볼/소프트볼용품
쿠팡,C001707,플로어볼/게이트볼용품,C001603,3,스포츠/레져 > 구기스포츠 > 플로어볼/게이트볼용품
쿠팡,C001709,하키,C001603,3,스포츠/레져 > 구기스포츠 > 하키
쿠팡,C001708,하키골대/하키네트,C001709,4,스포츠/레져 > 구기스포츠 > 하키 > 하키골대/하키네트
쿠팡,C001710,하키공,C001709,4,스포츠/레져 > 구기스포츠 > 하키 > 하키공
쿠팡,C001711,하키보호장비,C001709,4,스포츠/레져 > 구기스포츠 > 하키 > 하키보호장비
쿠팡,C001712,하키복,C001709,4,스포츠/레져 > 구기스포츠 > 하키 > 하키복
쿠팡,C001713,하키세트/용품,C001709,4,스포츠/레져 > 구기스포츠 > 하키 > 하키세트/용품
쿠팡,C001714,하키스틱,C001709,4,스포츠/레져 > 구기스포츠 > 하키 > 하키스틱
쿠팡,C001716,핸드볼,C001603,3,스포츠/레져 > 구기스포츠 > 핸드볼
쿠팡,C001715,핸드볼 공,C001716,4,스포츠/레져 > 구기스포츠 > 핸드볼 > 핸드볼 공
쿠팡,C001717,핸드볼 용품,C001716,4,스포츠/레져 > 구기스포츠 > 핸드볼 > 핸드볼 용품
쿠팡,C001719,훈련/연습용품,C001603,3,스포츠/레져 > 구기스포츠 > 훈련/연습용품
쿠팡,C001718,낙하산훈련용품,C001719,4,스포츠/레져 > 구기스포츠 > 훈련/연습용품 > 낙하산훈련용품
쿠팡,C001720,스피드사다리/스피드훈련,C001719,4,스포츠/레져 > 구기스포츠 > 훈련/연습용품 > 스피드사다리/스피드훈련
쿠팡,C001721,접시콘/칼라콘,C001719,4,스포츠/레져 > 구기스포츠 > 훈련/연습용품 > 접시콘/칼라콘
쿠팡,C001723,기타스포츠,C001493,2,스포츠/레져 > 기타스포츠
쿠팡,C001722,기타스포츠화,C001723,3,스포츠/레져 > 기타스포츠 > 기타스포츠화
쿠팡,C001725,다트/레저,C001723,3,스포츠/레져 > 기타스포츠 > 다트/레저
쿠팡,C001724,기타레저스포츠,C001725,4,스포츠/레져 > 기타스포츠 > 다트/레저 > 기타레저스포츠
쿠팡,C001726,다트보드,C001725,4,스포츠/레져 > 기타스포츠 > 다트/레저 > 다트보드
쿠팡,C001727,다트샤프트,C001725,4,스포츠/레져 > 기타스포츠 > 다트/레저 > 다트샤프트
쿠팡,C001728,다트케이스,C001725,4,스포츠/레져 > 기타스포츠 > 다트/레저 > 다트케이스
쿠팡,C001729,다트플라이트,C001725,4,스포츠/레져 > 기타스포츠 > 다트/레저 > 다트플라이트
쿠팡,C001730,다트핀,C001725,4,스포츠/레져 > 기타스포츠 > 다트/레저 > 다트핀
쿠팡,C001731,원반,C001725,4,스포츠/레져 > 기타스포츠 > 다트/레저 > 원반
쿠팡,C001733,마라톤,C001723,3,스포츠/레져 > 기타스포츠 > 마라톤
쿠팡,C001732,마라톤화/육상화,C001733,4,스포츠/레져 > 기타스포츠 > 마라톤 > 마라톤화/육상화
쿠팡,C001735,서바이벌게임용품,C001723,3,스포츠/레져 > 기타스포츠 > 서바이벌게임용품
쿠팡,C001734,밀리터리용품,C001735,4,스포츠/레져 > 기타스포츠 > 서바이벌게임용품 > 밀리터리용품
쿠팡,C001736,전동건/가스건,C001735,4,스포츠/레져 > 기타스포츠 > 서바이벌게임용품 > 전동건/가스건
쿠팡,C001737,전동건/가스건 (19세 이상),C001735,4,스포츠/레져 > 기타스포츠 > 서바이벌게임용품 > 전동건/가스건 (19세 이상)
쿠팡,C001738,전동건/가스건부품,C001735,4,스포츠/레져 > 기타스포츠 > 서바이벌게임용품 > 전동건/가스건부품
쿠팡,C001739,전투복,C001735,4,스포츠/레져 > 기타스포츠 > 서바이벌게임용품 > 전투복
쿠팡,C001740,전투화/군화,C001735,4,스포츠/레져 > 기타스포츠 > 서바이벌게임용품 > 전투화/군화
쿠팡,C001742,양궁/사격/승마,C001723,3,스포츠/레져 > 기타스포츠 > 양궁/사격/승마
쿠팡,C001741,사격/사냥용품,C001742,4,스포츠/레져 > 기타스포츠 > 양궁/사격/승마 > 사격/사냥용품
쿠팡,C001743,승마용품,C001742,4,스포츠/레져 > 기타스포츠 > 양궁/사격/승마 > 승마용품
쿠팡,C001744,양궁용품,C001742,4,스포츠/레져 > 기타스포츠 > 양궁/사격/승마 > 양궁용품
쿠팡,C001746,육상/체조,C001723,3,스포츠/레져 > 기타스포츠 > 육상/체조
쿠팡,C001745,경기장 라인기/롤러,C001746,4,스포츠/레져 > 기타스포츠 > 육상/체조 > 경기장 라인기/롤러
쿠팡,C001747,높이뛰기용품,C001746,4,스포츠/레져 > 기타스포츠 > 육상/체조 > 높이뛰기용품
쿠팡,C001748,릴레이봉/바톤,C001746,4,스포츠/레져 > 기타스포츠 > 육상/체조 > 릴레이봉/바톤
쿠팡,C001749,마라톤가방,C001746,4,스포츠/레져 > 기타스포츠 > 육상/체조 > 마라톤가방
쿠팡,C001750,마라톤복,C001746,4,스포츠/레져 > 기타스포츠 > 육상/체조 > 마라톤복
쿠팡,C001751,마라톤양말,C001746,4,스포츠/레져 > 기타스포츠 > 육상/체조 > 마라톤양말
쿠팡,C001752,스타팅블록/신호탄,C001746,4,스포츠/레져 > 기타스포츠 > 육상/체조 > 스타팅블록/신호탄
쿠팡,C001753,육상줄자,C001746,4,스포츠/레져 > 기타스포츠 > 육상/체조 > 육상줄자
쿠팡,C001754,창/포환,C001746,4,스포츠/레져 > 기타스포츠 > 육상/체조 > 창/포환
쿠팡,C001755,체육관매트/바닥재,C001746,4,스포츠/레져 > 기타스포츠 > 육상/체조 > 체육관매트/바닥재
쿠팡,C001756,체조기구,C001746,4,스포츠/레져 > 기타스포츠 > 육상/체조 > 체조기구
쿠팡,C001757,허들/림보,C001746,4,스포츠/레져 > 기타스포츠 > 육상/체조 > 허들/림보
쿠팡,C001760,팀 유니폼,C001723,3,스포츠/레져 > 기타스포츠 > 팀 유니폼
쿠팡,C001759,성인용,C001760,4,스포츠/레져 > 기타스포츠 > 팀 유니폼 > 성인용
쿠팡,C001758,기타 스포츠 팀유니폼 상의,C001759,5,스포츠/레져 > 기타스포츠 > 팀 유니폼 > 성인용 > 기타 스포츠 팀유니폼 상의
쿠팡,C001761,기타 스포츠 팀유니폼 상하의 세트,C001759,5,스포츠/레져 > 기타스포츠 > 팀 유니폼 > 성인용 > 기타 스포츠 팀유니폼 상하의 세트
쿠팡,C001762,기타 스포츠 팀유니폼 하의,C001759,5,스포츠/레져 > 기타스포츠 > 팀 유니폼 > 성인용 > 기타 스포츠 팀유니폼 하의
쿠팡,C001763,성인용 팀조끼,C001759,5,스포츠/레져 > 기타스포츠 > 팀 유니폼 > 성인용 > 성인용 팀조끼
쿠팡,C001765,유아동/주니어용,C001760,4,스포츠/레져 > 기타스포츠 > 팀 유니폼 > 유아동/주니어용
쿠팡,C001764,기타 스포츠 팀유니폼 상의,C001765,5,스포츠/레져 > 기타스포츠 > 팀 유니폼 > 유아동/주니어용 > 기타 스포츠 팀유니폼 상의
쿠팡,C001766,기타 스포츠 팀유니폼 상하의 세트,C001765,5,스포츠/레져 > 기타스포츠 > 팀 유니폼 > 유아동/주니어용 > 기타 스포츠 팀유니폼 상하의 세트
쿠팡,C001767,기타 스포츠 팀유니폼 하의,C001765,5,스포츠/레져 > 기타스포츠 > 팀 유니폼 > 유아동/주니어용 > 기타 스포츠 팀유니폼 하의
쿠팡,C001768,유아동/주니어용 팀조끼,C001765,5,스포츠/레져 > 기타스포츠 > 팀 유니폼 > 유아동/주니어용 > 유아동/주니어용 팀조끼
쿠팡,C001772,낚시,C001493,2,스포츠/레져 > 낚시
쿠팡,C001771,낚시가방/잡화,C001772,3,스포츠/레져 > 낚시 > 낚시가방/잡화
쿠팡,C001770,낚시 공용,C001771,4,스포츠/레져 > 낚시 > 낚시가방/잡화 > 낚시 공용
쿠팡,C001769,낚시가방/낚싯대가방/로드케이스,C001770,5,스포츠/레져 > 낚시 > 낚시가방/잡화 > 낚시 공용 > 낚시가방/낚싯대가방/로드케이스
쿠팡,C001773,낚시가방/보조가방,C001770,5,스포츠/레져 > 낚시 > 낚시가방/잡화 > 낚시 공용 > 낚시가방/보조가방
쿠팡,C001774,낚시모자/정글모자,C001771,4,스포츠/레져 > 낚시 > 낚시가방/잡화 > 낚시모자/정글모자
쿠팡,C001775,낚시용 아이스박스,C001771,4,스포츠/레져 > 낚시 > 낚시가방/잡화 > 낚시용 아이스박스
쿠팡,C001776,낚시장갑,C001771,4,스포츠/레져 > 낚시 > 낚시가방/잡화 > 낚시장갑
쿠팡,C001777,낚싯대 벨트,C001771,4,스포츠/레져 > 낚시 > 낚시가방/잡화 > 낚싯대 벨트
쿠팡,C001779,민물낚시,C001771,4,스포츠/레져 > 낚시 > 낚시가방/잡화 > 민물낚시
쿠팡,C001778,민물낚시가방/낚싯대가방/로드케이스,C001779,5,스포츠/레져 > 낚시 > 낚시가방/잡화 > 민물낚시 > 민물낚시가방/낚싯대가방/로드케이스
쿠팡,C001781,바다낚시,C001771,4,스포츠/레져 > 낚시 > 낚시가방/잡화 > 바다낚시
쿠팡,C001780,바다낚시가방/낚싯대가방/로드케이스,C001781,5,스포츠/레져 > 낚시 > 낚시가방/잡화 > 바다낚시 > 바다낚시가방/낚싯대가방/로드케이스
쿠팡,C001782,찌/채비 케이스,C001771,4,스포츠/레져 > 낚시 > 낚시가방/잡화 > 찌/채비 케이스
쿠팡,C001783,태클박스,C001771,4,스포츠/레져 > 낚시 > 낚시가방/잡화 > 태클박스
쿠팡,C001785,낚시공구/소품,C001772,3,스포츠/레져 > 낚시 > 낚시공구/소품
쿠팡,C001784,꿰미,C001785,4,스포츠/레져 > 낚시 > 낚시공구/소품 > 꿰미
쿠팡,C001786,낚시 소품,C001785,4,스포츠/레져 > 낚시 > 낚시공구/소품 > 낚시 소품
쿠팡,C001787,낚시로프,C001785,4,스포츠/레져 > 낚시 > 낚시공구/소품 > 낚시로프
쿠팡,C001788,낚시작살,C001785,4,스포츠/레져 > 낚시 > 낚시공구/소품 > 낚시작살
쿠팡,C001789,낚시줄감개,C001785,4,스포츠/레져 > 낚시 > 낚시공구/소품 > 낚시줄감개
쿠팡,C001790,물고기집게/포셉,C001785,4,스포츠/레져 > 낚시 > 낚시공구/소품 > 물고기집게/포셉
쿠팡,C001791,바늘 빼기,C001785,4,스포츠/레져 > 낚시 > 낚시공구/소품 > 바늘 빼기
쿠팡,C001792,바늘결속기,C001785,4,스포츠/레져 > 낚시 > 낚시공구/소품 > 바늘결속기
쿠팡,C001793,수초제거기/갈고리,C001785,4,스포츠/레져 > 낚시 > 낚시공구/소품 > 수초제거기/갈고리
쿠팡,C001794,얼음낚시끌,C001785,4,스포츠/레져 > 낚시 > 낚시공구/소품 > 얼음낚시끌
쿠팡,C001795,찌 회수기,C001785,4,스포츠/레져 > 낚시 > 낚시공구/소품 > 찌 회수기
쿠팡,C001796,펜치/니퍼/플라이어,C001785,4,스포츠/레져 > 낚시 > 낚시공구/소품 > 펜치/니퍼/플라이어
쿠팡,C001797,핀온릴/라인커터,C001785,4,스포츠/레져 > 낚시 > 낚시공구/소품 > 핀온릴/라인커터
쿠팡,C001800,낚시릴,C001772,3,스포츠/레져 > 낚시 > 낚시릴
쿠팡,C001799,릴 부품/소품,C001800,4,스포츠/레져 > 낚시 > 낚시릴 > 릴 부품/소품
쿠팡,C001798,릴 손잡이/부품,C001799,5,스포츠/레져 > 낚시 > 낚시릴 > 릴 부품/소품 > 릴 손잡이/부품
쿠팡,C001801,릴 오일/염분제거제,C001799,5,스포츠/레져 > 낚시 > 낚시릴 > 릴 부품/소품 > 릴 오일/염분제거제
쿠팡,C001802,릴 케이스,C001799,5,스포츠/레져 > 낚시 > 낚시릴 > 릴 부품/소품 > 릴 케이스
쿠팡,C001803,전동릴 배터리,C001799,5,스포츠/레져 > 낚시 > 낚시릴 > 릴 부품/소품 > 전동릴 배터리
쿠팡,C001804,베이트릴,C001800,4,스포츠/레져 > 낚시 > 낚시릴 > 베이트릴
쿠팡,C001805,스피닝릴,C001800,4,스포츠/레져 > 낚시 > 낚시릴 > 스피닝릴
쿠팡,C001806,전동릴,C001800,4,스포츠/레져 > 낚시 > 낚시릴 > 전동릴
쿠팡,C001807,플라이릴,C001800,4,스포츠/레져 > 낚시 > 낚시릴 > 플라이릴
쿠팡,C001809,낚시신발,C001772,3,스포츠/레져 > 낚시 > 낚시신발
쿠팡,C001808,낚시화/낚시장화,C001809,4,스포츠/레져 > 낚시 > 낚시신발 > 낚시화/낚시장화
쿠팡,C001811,낚시의류,C001772,3,스포츠/레져 > 낚시 > 낚시의류
쿠팡,C001810,낚시힙커버/힙가드,C001811,4,스포츠/레져 > 낚시 > 낚시의류 > 낚시힙커버/힙가드
쿠팡,C001813,낚시장비,C001772,3,스포츠/레져 > 낚시 > 낚시장비
쿠팡,C001812,그물/족대,C001813,4,스포츠/레져 > 낚시 > 낚시장비 > 그물/족대
쿠팡,C001814,낚시보트,C001813,4,스포츠/레져 > 낚시 > 낚시장비 > 낚시보트
쿠팡,C001815,낚시용 기포발생기,C001813,4,스포츠/레져 > 낚시 > 낚시장비 > 낚시용 기포발생기
쿠팡,C001816,뜰채,C001813,4,스포츠/레져 > 낚시 > 낚시장비 > 뜰채
쿠팡,C001817,살림통/두레박,C001813,4,스포츠/레져 > 낚시 > 낚시장비 > 살림통/두레박
쿠팡,C001818,어군탐지기,C001813,4,스포츠/레져 > 낚시 > 낚시장비 > 어군탐지기
쿠팡,C001819,집어등,C001813,4,스포츠/레져 > 낚시 > 낚시장비 > 집어등
쿠팡,C001820,통발/어포기,C001813,4,스포츠/레져 > 낚시 > 낚시장비 > 통발/어포기
쿠팡,C001821,플라이낚시 소품,C001813,4,스포츠/레져 > 낚시 > 낚시장비 > 플라이낚시 소품
쿠팡,C001823,낚싯대,C001772,3,스포츠/레져 > 낚시 > 낚싯대
쿠팡,C001822,낚싯대 거치대/진열대,C001823,4,스포츠/레져 > 낚시 > 낚싯대 > 낚싯대 거치대/진열대
쿠팡,C001824,낚싯대 받침대,C001823,4,스포츠/레져 > 낚시 > 낚싯대 > 낚싯대 받침대
쿠팡,C001825,민물 낚싯대,C001823,4,스포츠/레져 > 낚시 > 낚싯대 > 민물 낚싯대
쿠팡,C001826,바다 낚싯대,C001823,4,스포츠/레져 > 낚시 > 낚싯대 > 바다 낚싯대
쿠팡,C001827,바다/민물겸용 낚싯대,C001823,4,스포츠/레져 > 낚시 > 낚싯대 > 바다/민물겸용 낚싯대
쿠팡,C001828,얼음/미니 낚싯대,C001823,4,스포츠/레져 > 낚시 > 낚싯대 > 얼음/미니 낚싯대
쿠팡,C001830,미끼/떡밥/루어,C001772,3,스포츠/레져 > 낚시 > 미끼/떡밥/루어
쿠팡,C001829,떡밥 그릇,C001830,4,스포츠/레져 > 낚시 > 미끼/떡밥/루어 > 떡밥 그릇
쿠팡,C001831,떡밥 주걱,C001830,4,스포츠/레져 > 낚시 > 미끼/떡밥/루어 > 떡밥 주걱
쿠팡,C001832,떡밥/집어제,C001830,4,스포츠/레져 > 낚시 > 미끼/떡밥/루어 > 떡밥/집어제
쿠팡,C001833,루어 부품,C001830,4,스포츠/레져 > 낚시 > 미끼/떡밥/루어 > 루어 부품
쿠팡,C001834,루어/플라이훅,C001830,4,스포츠/레져 > 낚시 > 미끼/떡밥/루어 > 루어/플라이훅
쿠팡,C001835,미끼용 지렁이/먹이,C001830,4,스포츠/레져 > 낚시 > 미끼/떡밥/루어 > 미끼용 지렁이/먹이
쿠팡,C001836,미끼통,C001830,4,스포츠/레져 > 낚시 > 미끼/떡밥/루어 > 미끼통
쿠팡,C001838,좌대/야외용품,C001772,3,스포츠/레져 > 낚시 > 좌대/야외용품
쿠팡,C001837,좌대/발판,C001838,4,스포츠/레져 > 낚시 > 좌대/야외용품 > 좌대/발판
쿠팡,C001839,좌대/발판 부품,C001838,4,스포츠/레져 > 낚시 > 좌대/야외용품 > 좌대/발판 부품
쿠팡,C001841,줄/바늘/미끼/채비,C001772,3,스포츠/레져 > 낚시 > 줄/바늘/미끼/채비
쿠팡,C001840,낚시찌,C001841,4,스포츠/레져 > 낚시 > 줄/바늘/미끼/채비 > 낚시찌
쿠팡,C001842,낚시찌부품,C001841,4,스포츠/레져 > 낚시 > 줄/바늘/미끼/채비 > 낚시찌부품
쿠팡,C001843,낚싯바늘,C001841,4,스포츠/레져 > 낚시 > 줄/바늘/미끼/채비 > 낚싯바늘
쿠팡,C001844,낚싯줄,C001841,4,스포츠/레져 > 낚시 > 줄/바늘/미끼/채비 > 낚싯줄
쿠팡,C001845,도래,C001841,4,스포츠/레져 > 낚시 > 줄/바늘/미끼/채비 > 도래
쿠팡,C001846,봉돌/추,C001841,4,스포츠/레져 > 낚시 > 줄/바늘/미끼/채비 > 봉돌/추
쿠팡,C001847,지그헤드,C001841,4,스포츠/레져 > 낚시 > 줄/바늘/미끼/채비 > 지그헤드
쿠팡,C001848,찌 멈춤고무/스토퍼,C001841,4,스포츠/레져 > 낚시 > 줄/바늘/미끼/채비 > 찌 멈춤고무/스토퍼
쿠팡,C001849,케미/케미부품,C001841,4,스포츠/레져 > 낚시 > 줄/바늘/미끼/채비 > 케미/케미부품
쿠팡,C001852,등산,C001493,2,스포츠/레져 > 등산
쿠팡,C001851,등반용 장비,C001852,3,스포츠/레져 > 등산 > 등반용 장비
쿠팡,C001850,기어 부품,C001851,4,스포츠/레져 > 등산 > 등반용 장비 > 기어 부품
쿠팡,C001853,기어랙/장비걸이,C001851,4,스포츠/레져 > 등산 > 등반용 장비 > 기어랙/장비걸이
쿠팡,C001854,기어세트,C001851,4,스포츠/레져 > 등산 > 등반용 장비 > 기어세트
쿠팡,C001855,도르래,C001851,4,스포츠/레져 > 등산 > 등반용 장비 > 도르래
쿠팡,C001856,등강기,C001851,4,스포츠/레져 > 등산 > 등반용 장비 > 등강기
쿠팡,C001857,포타렛지,C001851,4,스포츠/레져 > 등산 > 등반용 장비 > 포타렛지
쿠팡,C001858,하강기,C001851,4,스포츠/레져 > 등산 > 등반용 장비 > 하강기
쿠팡,C001859,확보물,C001851,4,스포츠/레져 > 등산 > 등반용 장비 > 확보물
쿠팡,C001862,등산/아웃도어 신발,C001852,3,스포츠/레져 > 등산 > 등산/아웃도어 신발
쿠팡,C001861,남녀공용,C001862,4,스포츠/레져 > 등산 > 등산/아웃도어 신발 > 남녀공용
쿠팡,C001860,등산화,C001861,5,스포츠/레져 > 등산 > 등산/아웃도어 신발 > 남녀공용 > 등산화
쿠팡,C001863,릿지화(릿지겸용화),C001861,5,스포츠/레져 > 등산 > 등산/아웃도어 신발 > 남녀공용 > 릿지화(릿지겸용화)
쿠팡,C001864,빙벽화,C001861,5,스포츠/레져 > 등산 > 등산/아웃도어 신발 > 남녀공용 > 빙벽화
쿠팡,C001865,암벽화,C001861,5,스포츠/레져 > 등산 > 등산/아웃도어 신발 > 남녀공용 > 암벽화
쿠팡,C001866,트레킹화,C001861,5,스포츠/레져 > 등산 > 등산/아웃도어 신발 > 남녀공용 > 트레킹화
쿠팡,C001868,남성용,C001862,4,스포츠/레져 > 등산 > 등산/아웃도어 신발 > 남성용
쿠팡,C001867,등산화,C001868,5,스포츠/레져 > 등산 > 등산/아웃도어 신발 > 남성용 > 등산화
쿠팡,C001869,릿지화(릿지겸용화),C001868,5,스포츠/레져 > 등산 > 등산/아웃도어 신발 > 남성용 > 릿지화(릿지겸용화)
쿠팡,C001870,빙벽화,C001868,5,스포츠/레져 > 등산 > 등산/아웃도어 신발 > 남성용 > 빙벽화
쿠팡,C001871,암벽화,C001868,5,스포츠/레져 > 등산 > 등산/아웃도어 신발 > 남성용 > 암벽화
쿠팡,C001872,트레킹화,C001868,5,스포츠/레져 > 등산 > 등산/아웃도어 신발 > 남성용 > 트레킹화
쿠팡,C001874,여성용,C001862,4,스포츠/레져 > 등산 > 등산/아웃도어 신발 > 여성용
쿠팡,C001873,등산화,C001874,5,스포츠/레져 > 등산 > 등산/아웃도어 신발 > 여성용 > 등산화
쿠팡,C001875,릿지화(릿지겸용화),C001874,5,스포츠/레져 > 등산 > 등산/아웃도어 신발 > 여성용 > 릿지화(릿지겸용화)
쿠팡,C001876,빙벽화,C001874,5,스포츠/레져 > 등산 > 등산/아웃도어 신발 > 여성용 > 빙벽화
쿠팡,C001877,암벽화,C001874,5,스포츠/레져 > 등산 > 등산/아웃도어 신발 > 여성용 > 암벽화
쿠팡,C001878,트레킹화,C001874,5,스포츠/레져 > 등산 > 등산/아웃도어 신발 > 여성용 > 트레킹화
쿠팡,C001881,등산/아웃도어 잡화,C001852,3,스포츠/레져 > 등산 > 등산/아웃도어 잡화
쿠팡,C001880,등산모자,C001881,4,스포츠/레져 > 등산 > 등산/아웃도어 잡화 > 등산모자
쿠팡,C001879,등산모자(귀달이모자/고소모),C001880,5,스포츠/레져 > 등산 > 등산/아웃도어 잡화 > 등산모자 > 등산모자(귀달이모자/고소모)
쿠팡,C001882,등산모자(두건/반다나),C001880,5,스포츠/레져 > 등산 > 등산/아웃도어 잡화 > 등산모자 > 등산모자(두건/반다나)
쿠팡,C001883,등산모자(바이져),C001880,5,스포츠/레져 > 등산 > 등산/아웃도어 잡화 > 등산모자 > 등산모자(바이져)
쿠팡,C001884,등산모자(비니),C001880,5,스포츠/레져 > 등산 > 등산/아웃도어 잡화 > 등산모자 > 등산모자(비니)
쿠팡,C001885,등산모자(사파리모자),C001880,5,스포츠/레져 > 등산 > 등산/아웃도어 잡화 > 등산모자 > 등산모자(사파리모자)
쿠팡,C001886,등산모자(캡모자),C001880,5,스포츠/레져 > 등산 > 등산/아웃도어 잡화 > 등산모자 > 등산모자(캡모자)
쿠팡,C001887,등산양말/아웃도어양말,C001881,4,스포츠/레져 > 등산 > 등산/아웃도어 잡화 > 등산양말/아웃도어양말
쿠팡,C001888,등산우의/아웃도어우의/우비,C001881,4,스포츠/레져 > 등산 > 등산/아웃도어 잡화 > 등산우의/아웃도어우의/우비
쿠팡,C001890,등산/아웃도어 지갑/케이스,C001852,3,스포츠/레져 > 등산 > 등산/아웃도어 지갑/케이스
쿠팡,C001889,등산 다용도 케이스,C001890,4,스포츠/레져 > 등산 > 등산/아웃도어 지갑/케이스 > 등산 다용도 케이스
쿠팡,C001891,등산 지갑,C001890,4,스포츠/레져 > 등산 > 등산/아웃도어 지갑/케이스 > 등산 지갑
쿠팡,C001892,등산 팩/파우치,C001890,4,스포츠/레져 > 등산 > 등산/아웃도어 지갑/케이스 > 등산 팩/파우치
쿠팡,C001894,등산배낭 소품,C001852,3,스포츠/레져 > 등산 > 등산배낭 소품
쿠팡,C001893,등산배낭 스트랩,C001894,4,스포츠/레져 > 등산 > 등산배낭 소품 > 등산배낭 스트랩
쿠팡,C001895,등산배낭 어댑터,C001894,4,스포츠/레져 > 등산 > 등산배낭 소품 > 등산배낭 어댑터
쿠팡,C001896,등산배낭 자물쇠/잠금장치,C001894,4,스포츠/레져 > 등산 > 등산배낭 소품 > 등산배낭 자물쇠/잠금장치
쿠팡,C001897,등산배낭 헤드,C001894,4,스포츠/레져 > 등산 > 등산배낭 소품 > 등산배낭 헤드
쿠팡,C001898,등산배낭소품 세트,C001894,4,스포츠/레져 > 등산 > 등산배낭 소품 > 등산배낭소품 세트
쿠팡,C001899,등산배낭택,C001894,4,스포츠/레져 > 등산 > 등산배낭 소품 > 등산배낭택
쿠팡,C001900,등산배낭 커버,C001852,3,스포츠/레져 > 등산 > 등산배낭 커버
쿠팡,C001902,등산배낭/등산가방,C001852,3,스포츠/레져 > 등산 > 등산배낭/등산가방
쿠팡,C001901,등산 숄더백,C001902,4,스포츠/레져 > 등산 > 등산배낭/등산가방 > 등산 숄더백
쿠팡,C001903,등산 슬링백,C001902,4,스포츠/레져 > 등산 > 등산배낭/등산가방 > 등산 슬링백
쿠팡,C001904,등산 크로스백,C001902,4,스포츠/레져 > 등산 > 등산배낭/등산가방 > 등산 크로스백
쿠팡,C001905,등산 힙색/벨트색,C001902,4,스포츠/레져 > 등산 > 등산배낭/등산가방 > 등산 힙색/벨트색
쿠팡,C001906,등산배낭(대형배낭/50L이상),C001902,4,스포츠/레져 > 등산 > 등산배낭/등산가방 > 등산배낭(대형배낭/50L이상)
쿠팡,C001907,등산배낭(소형배낭/30L이하),C001902,4,스포츠/레져 > 등산 > 등산배낭/등산가방 > 등산배낭(소형배낭/30L이하)
쿠팡,C001908,등산배낭(중형배낭/30L초과),C001902,4,스포츠/레져 > 등산 > 등산배낭/등산가방 > 등산배낭(중형배낭/30L초과)
쿠팡,C001909,등산배낭/캠핑배낭세트,C001902,4,스포츠/레져 > 등산 > 등산배낭/등산가방 > 등산배낭/캠핑배낭세트
쿠팡,C001910,등산스틱,C001852,3,스포츠/레져 > 등산 > 등산스틱
쿠팡,C001912,로프/줄,C001852,3,스포츠/레져 > 등산 > 로프/줄
쿠팡,C001911,등반용 로프,C001912,4,스포츠/레져 > 등산 > 로프/줄 > 등반용 로프
쿠팡,C001913,로프 가방,C001912,4,스포츠/레져 > 등산 > 로프/줄 > 로프 가방
쿠팡,C001914,슬링,C001912,4,스포츠/레져 > 등산 > 로프/줄 > 슬링
쿠팡,C001915,확보줄,C001912,4,스포츠/레져 > 등산 > 로프/줄 > 확보줄
쿠팡,C001917,보호장비,C001852,3,스포츠/레져 > 등산 > 보호장비
쿠팡,C001916,등산장갑,C001917,4,스포츠/레져 > 등산 > 보호장비 > 등산장갑
쿠팡,C001918,크러쉬패드,C001917,4,스포츠/레져 > 등산 > 보호장비 > 크러쉬패드
쿠팡,C001919,하네스/안전벨트,C001917,4,스포츠/레져 > 등산 > 보호장비 > 하네스/안전벨트
쿠팡,C001920,헬멧,C001917,4,스포츠/레져 > 등산 > 보호장비 > 헬멧
쿠팡,C001922,얼음장비,C001852,3,스포츠/레져 > 등산 > 얼음장비
쿠팡,C001921,스크류/확보물,C001922,4,스포츠/레져 > 등산 > 얼음장비 > 스크류/확보물
쿠팡,C001923,스패츠,C001922,4,스포츠/레져 > 등산 > 얼음장비 > 스패츠
쿠팡,C001924,아이젠,C001922,4,스포츠/레져 > 등산 > 얼음장비 > 아이젠
쿠팡,C001925,피켈/바일/얼음망치,C001922,4,스포츠/레져 > 등산 > 얼음장비 > 피켈/바일/얼음망치
쿠팡,C001927,응급/안전용품,C001852,3,스포츠/레져 > 등산 > 응급/안전용품
쿠팡,C001926,비상담요,C001927,4,스포츠/레져 > 등산 > 응급/안전용품 > 비상담요
쿠팡,C001928,생존팔찌/파라코드,C001927,4,스포츠/레져 > 등산 > 응급/안전용품 > 생존팔찌/파라코드
쿠팡,C001929,서바이벌키트,C001927,4,스포츠/레져 > 등산 > 응급/안전용품 > 서바이벌키트
쿠팡,C001930,조난신호용품,C001927,4,스포츠/레져 > 등산 > 응급/안전용품 > 조난신호용품
쿠팡,C001931,파이어스타터,C001927,4,스포츠/레져 > 등산 > 응급/안전용품 > 파이어스타터
쿠팡,C001933,초크/초크백,C001852,3,스포츠/레져 > 등산 > 초크/초크백
쿠팡,C001932,초크,C001933,4,스포츠/레져 > 등산 > 초크/초크백 > 초크
쿠팡,C001934,초크백,C001933,4,스포츠/레져 > 등산 > 초크/초크백 > 초크백
쿠팡,C001936,측정장비,C001852,3,스포츠/레져 > 등산 > 측정장비
쿠팡,C001935,나침반,C001936,4,스포츠/레져 > 등산 > 측정장비 > 나침반
쿠팡,C001937,등산시계,C001936,4,스포츠/레져 > 등산 > 측정장비 > 등산시계
쿠팡,C001938,망원경,C001936,4,스포츠/레져 > 등산 > 측정장비 > 망원경
쿠팡,C001940,카라비너/퀵드로,C001852,3,스포츠/레져 > 등산 > 카라비너/퀵드로
쿠팡,C001939,카라비너,C001940,4,스포츠/레져 > 등산 > 카라비너/퀵드로 > 카라비너
쿠팡,C001941,퀵드로,C001940,4,스포츠/레져 > 등산 > 카라비너/퀵드로 > 퀵드로
쿠팡,C001943,훈련용품,C001852,3,스포츠/레져 > 등산 > 훈련용품
쿠팡,C001942,슬랙라인,C001943,4,스포츠/레져 > 등산 > 훈련용품 > 슬랙라인
쿠팡,C001944,클라이밍홀드/볼더링도구,C001943,4,스포츠/레져 > 등산 > 훈련용품 > 클라이밍홀드/볼더링도구
쿠팡,C001946,라켓스포츠,C001493,2,스포츠/레져 > 라켓스포츠
쿠팡,C001945,기타 라켓용품,C001946,3,스포츠/레져 > 라켓스포츠 > 기타 라켓용품
쿠팡,C001949,배드민턴,C001946,3,스포츠/레져 > 라켓스포츠 > 배드민턴
쿠팡,C001948,남녀공용,C001949,4,스포츠/레져 > 라켓스포츠 > 배드민턴 > 남녀공용
쿠팡,C001947,배드민턴복 바지,C001948,5,스포츠/레져 > 라켓스포츠 > 배드민턴 > 남녀공용 > 배드민턴복 바지
쿠팡,C001950,배드민턴복 상하의 세트,C001948,5,스포츠/레져 > 라켓스포츠 > 배드민턴 > 남녀공용 > 배드민턴복 상하의 세트
쿠팡,C001951,배드민턴복 티셔츠,C001948,5,스포츠/레져 > 라켓스포츠 > 배드민턴 > 남녀공용 > 배드민턴복 티셔츠
쿠팡,C001953,남성용,C001949,4,스포츠/레져 > 라켓스포츠 > 배드민턴 > 남성용
쿠팡,C001952,배드민턴복 바지,C001953,5,스포츠/레져 > 라켓스포츠 > 배드민턴 > 남성용 > 배드민턴복 바지
쿠팡,C001954,배드민턴복 상하의 세트,C001953,5,스포츠/레져 > 라켓스포츠 > 배드민턴 > 남성용 > 배드민턴복 상하의 세트
쿠팡,C001955,배드민턴복 티셔츠,C001953,5,스포츠/레져 > 라켓스포츠 > 배드민턴 > 남성용 > 배드민턴복 티셔츠
쿠팡,C001956,배드민턴 거트/스트링,C001949,4,스포츠/레져 > 라켓스포츠 > 배드민턴 > 배드민턴 거트/스트링
쿠팡,C001957,배드민턴 그립,C001949,4,스포츠/레져 > 라켓스포츠 > 배드민턴 > 배드민턴 그립
쿠팡,C001958,배드민턴 네트/지주,C001949,4,스포츠/레져 > 라켓스포츠 > 배드민턴 > 배드민턴 네트/지주
쿠팡,C001959,배드민턴 라켓,C001949,4,스포츠/레져 > 라켓스포츠 > 배드민턴 > 배드민턴 라켓
쿠팡,C001960,배드민턴 셔틀콕,C001949,4,스포츠/레져 > 라켓스포츠 > 배드민턴 > 배드민턴 셔틀콕
쿠팡,C001961,배드민턴가방,C001949,4,스포츠/레져 > 라켓스포츠 > 배드민턴 > 배드민턴가방
쿠팡,C001962,배드민턴화,C001949,4,스포츠/레져 > 라켓스포츠 > 배드민턴 > 배드민턴화
쿠팡,C001964,여성용,C001949,4,스포츠/레져 > 라켓스포츠 > 배드민턴 > 여성용
쿠팡,C001963,배드민턴복 바지,C001964,5,스포츠/레져 > 라켓스포츠 > 배드민턴 > 여성용 > 배드민턴복 바지
쿠팡,C001965,배드민턴복 상하의 세트,C001964,5,스포츠/레져 > 라켓스포츠 > 배드민턴 > 여성용 > 배드민턴복 상하의 세트
쿠팡,C001966,배드민턴복 스커트/원피스,C001964,5,스포츠/레져 > 라켓스포츠 > 배드민턴 > 여성용 > 배드민턴복 스커트/원피스
쿠팡,C001967,배드민턴복 티셔츠,C001964,5,스포츠/레져 > 라켓스포츠 > 배드민턴 > 여성용 > 배드민턴복 티셔츠
쿠팡,C001969,배드민턴/탁구/테니스 공용,C001946,3,스포츠/레져 > 라켓스포츠 > 배드민턴/탁구/테니스 공용
쿠팡,C001968,공용 배드민턴화/탁구화/테니스화,C001969,4,스포츠/레져 > 라켓스포츠 > 배드민턴/탁구/테니스 공용 > 공용 배드민턴화/탁구화/테니스화
쿠팡,C001971,남녀공용,C001969,4,스포츠/레져 > 라켓스포츠 > 배드민턴/탁구/테니스 공용 > 남녀공용
쿠팡,C001970,배드민턴복/탁구복/테니스복 공용 바지,C001971,5,스포츠/레져 > 라켓스포츠 > 배드민턴/탁구/테니스 공용 > 남녀공용 > 배드민턴복/탁구복/테니스복 공용 바지
쿠팡,C001972,배드민턴복/탁구복/테니스복 공용 상하의 세트,C001971,5,스포츠/레져 > 라켓스포츠 > 배드민턴/탁구/테니스 공용 > 남녀공용 > 배드민턴복/탁구복/테니스복 공용 상하의 세트
쿠팡,C001973,배드민턴복/탁구복/테니스복 공용 티셔츠,C001971,5,스포츠/레져 > 라켓스포츠 > 배드민턴/탁구/테니스 공용 > 남녀공용 > 배드민턴복/탁구복/테니스복 공용 티셔츠
쿠팡,C001975,남성용,C001969,4,스포츠/레져 > 라켓스포츠 > 배드민턴/탁구/테니스 공용 > 남성용
쿠팡,C001974,배드민턴복/탁구복/테니스복 공용 바지,C001975,5,스포츠/레져 > 라켓스포츠 > 배드민턴/탁구/테니스 공용 > 남성용 > 배드민턴복/탁구복/테니스복 공용 바지
쿠팡,C001976,배드민턴복/탁구복/테니스복 공용 상하의 세트,C001975,5,스포츠/레져 > 라켓스포츠 > 배드민턴/탁구/테니스 공용 > 남성용 > 배드민턴복/탁구복/테니스복 공용 상하의 세트
쿠팡,C001977,배드민턴복/탁구복/테니스복 공용 티셔츠,C001975,5,스포츠/레져 > 라켓스포츠 > 배드민턴/탁구/테니스 공용 > 남성용 > 배드민턴복/탁구복/테니스복 공용 티셔츠
쿠팡,C001979,여성용,C001969,4,스포츠/레져 > 라켓스포츠 > 배드민턴/탁구/테니스 공용 > 여성용
쿠팡,C001978,배드민턴복/탁구복/테니스복 공용 바지,C001979,5,스포츠/레져 > 라켓스포츠 > 배드민턴/탁구/테니스 공용 > 여성용 > 배드민턴복/탁구복/테니스복 공용 바지
쿠팡,C001980,배드민턴복/탁구복/테니스복 공용 상하의 세트,C001979,5,스포츠/레져 > 라켓스포츠 > 배드민턴/탁구/테니스 공용 > 여성용 > 배드민턴복/탁구복/테니스복 공용 상하의 세트
쿠팡,C001981,배드민턴복/탁구복/테니스복 공용 스커트/원피스,C001979,5,스포츠/레져 > 라켓스포츠 > 배드민턴/탁구/테니스 공용 > 여성용 > 배드민턴복/탁구복/테니스복 공용 스커트/원피스
쿠팡,C001982,배드민턴복/탁구복/테니스복 공용 티셔츠,C001979,5,스포츠/레져 > 라켓스포츠 > 배드민턴/탁구/테니스 공용 > 여성용 > 배드민턴복/탁구복/테니스복 공용 티셔츠
쿠팡,C001984,스쿼시,C001946,3,스포츠/레져 > 라켓스포츠 > 스쿼시
쿠팡,C001983,스쿼시 거트/스트링,C001984,4,스포츠/레져 > 라켓스포츠 > 스쿼시 > 스쿼시 거트/스트링
쿠팡,C001985,스쿼시 그립,C001984,4,스포츠/레져 > 라켓스포츠 > 스쿼시 > 스쿼시 그립
쿠팡,C001986,스쿼시 보호안경/고글,C001984,4,스포츠/레져 > 라켓스포츠 > 스쿼시 > 스쿼시 보호안경/고글
쿠팡,C001987,스쿼시공,C001984,4,스포츠/레져 > 라켓스포츠 > 스쿼시 > 스쿼시공
쿠팡,C001988,스쿼시라켓,C001984,4,스포츠/레져 > 라켓스포츠 > 스쿼시 > 스쿼시라켓
쿠팡,C001991,탁구,C001946,3,스포츠/레져 > 라켓스포츠 > 탁구
쿠팡,C001990,남녀공용,C001991,4,스포츠/레져 > 라켓스포츠 > 탁구 > 남녀공용
쿠팡,C001989,탁구복 바지,C001990,5,스포츠/레져 > 라켓스포츠 > 탁구 > 남녀공용 > 탁구복 바지
쿠팡,C001992,탁구복 상하의 세트,C001990,5,스포츠/레져 > 라켓스포츠 > 탁구 > 남녀공용 > 탁구복 상하의 세트
쿠팡,C001993,탁구복 티셔츠,C001990,5,스포츠/레져 > 라켓스포츠 > 탁구 > 남녀공용 > 탁구복 티셔츠
쿠팡,C001995,남성용,C001991,4,스포츠/레져 > 라켓스포츠 > 탁구 > 남성용
쿠팡,C001994,탁구복 바지,C001995,5,스포츠/레져 > 라켓스포츠 > 탁구 > 남성용 > 탁구복 바지
쿠팡,C001996,탁구복 상하의 세트,C001995,5,스포츠/레져 > 라켓스포츠 > 탁구 > 남성용 > 탁구복 상하의 세트
쿠팡,C001997,탁구복 티셔츠,C001995,5,스포츠/레져 > 라켓스포츠 > 탁구 > 남성용 > 탁구복 티셔츠
쿠팡,C001999,여성용,C001991,4,스포츠/레져 > 라켓스포츠 > 탁구 > 여성용
쿠팡,C001998,탁구복 바지,C001999,5,스포츠/레져 > 라켓스포츠 > 탁구 > 여성용 > 탁구복 바지
쿠팡,C002000,탁구복 상하의 세트,C001999,5,스포츠/레져 > 라켓스포츠 > 탁구 > 여성용 > 탁구복 상하의 세트
쿠팡,C002001,탁구복 스커트/원피스,C001999,5,스포츠/레져 > 라켓스포츠 > 탁구 > 여성용 > 탁구복 스커트/원피스
쿠팡,C002002,탁구복 티셔츠,C001999,5,스포츠/레져 > 라켓스포츠 > 탁구 > 여성용 > 탁구복 티셔츠
쿠팡,C002003,탁구 그립/탁구 라켓부품,C001991,4,스포츠/레져 > 라켓스포츠 > 탁구 > 탁구 그립/탁구 라켓부품
쿠팡,C002004,탁구 네트/지주,C001991,4,스포츠/레져 > 라켓스포츠 > 탁구 > 탁구 네트/지주
쿠팡,C002005,탁구 라켓,C001991,4,스포츠/레져 > 라켓스포츠 > 탁구 > 탁구 라켓
쿠팡,C002006,탁구 러버,C001991,4,스포츠/레져 > 라켓스포츠 > 탁구 > 탁구 러버
쿠팡,C002007,탁구 러버 접착제,C001991,4,스포츠/레져 > 라켓스포츠 > 탁구 > 탁구 러버 접착제
쿠팡,C002008,탁구 러버 클리너,C001991,4,스포츠/레져 > 라켓스포츠 > 탁구 > 탁구 러버 클리너
쿠팡,C002009,탁구 연습용품,C001991,4,스포츠/레져 > 라켓스포츠 > 탁구 > 탁구 연습용품
쿠팡,C002010,탁구가방/탁구케이스,C001991,4,스포츠/레져 > 라켓스포츠 > 탁구 > 탁구가방/탁구케이스
쿠팡,C002011,탁구공,C001991,4,스포츠/레져 > 라켓스포츠 > 탁구 > 탁구공
쿠팡,C002012,탁구대,C001991,4,스포츠/레져 > 라켓스포츠 > 탁구 > 탁구대
쿠팡,C002013,탁구화,C001991,4,스포츠/레져 > 라켓스포츠 > 탁구 > 탁구화
쿠팡,C002016,테니스,C001946,3,스포츠/레져 > 라켓스포츠 > 테니스
쿠팡,C002015,남녀공용,C002016,4,스포츠/레져 > 라켓스포츠 > 테니스 > 남녀공용
쿠팡,C002014,테니스 바지,C002015,5,스포츠/레져 > 라켓스포츠 > 테니스 > 남녀공용 > 테니스 바지
쿠팡,C002017,테니스 상하 세트,C002015,5,스포츠/레져 > 라켓스포츠 > 테니스 > 남녀공용 > 테니스 상하 세트
쿠팡,C002018,테니스 티셔츠,C002015,5,스포츠/레져 > 라켓스포츠 > 테니스 > 남녀공용 > 테니스 티셔츠
쿠팡,C002020,남성용,C002016,4,스포츠/레져 > 라켓스포츠 > 테니스 > 남성용
쿠팡,C002019,테니스 바지,C002020,5,스포츠/레져 > 라켓스포츠 > 테니스 > 남성용 > 테니스 바지
쿠팡,C002021,테니스 상하 세트,C002020,5,스포츠/레져 > 라켓스포츠 > 테니스 > 남성용 > 테니스 상하 세트
쿠팡,C002022,테니스 티셔츠,C002020,5,스포츠/레져 > 라켓스포츠 > 테니스 > 남성용 > 테니스 티셔츠
쿠팡,C002024,여성용,C002016,4,스포츠/레져 > 라켓스포츠 > 테니스 > 여성용
쿠팡,C002023,테니스 바지,C002024,5,스포츠/레져 > 라켓스포츠 > 테니스 > 여성용 > 테니스 바지
쿠팡,C002025,테니스 상하 세트,C002024,5,스포츠/레져 > 라켓스포츠 > 테니스 > 여성용 > 테니스 상하 세트
쿠팡,C002026,테니스 스커트/원피스,C002024,5,스포츠/레져 > 라켓스포츠 > 테니스 > 여성용 > 테니스 스커트/원피스
쿠팡,C002027,테니스 티셔츠,C002024,5,스포츠/레져 > 라켓스포츠 > 테니스 > 여성용 > 테니스 티셔츠
쿠팡,C002028,테니스 거트/스트링,C002016,4,스포츠/레져 > 라켓스포츠 > 테니스 > 테니스 거트/스트링
쿠팡,C002029,테니스 공 보관함,C002016,4,스포츠/레져 > 라켓스포츠 > 테니스 > 테니스 공 보관함
쿠팡,C002030,테니스 그립,C002016,4,스포츠/레져 > 라켓스포츠 > 테니스 > 테니스 그립
쿠팡,C002031,테니스 네트/지주,C002016,4,스포츠/레져 > 라켓스포츠 > 테니스 > 테니스 네트/지주
쿠팡,C002032,테니스 소품,C002016,4,스포츠/레져 > 라켓스포츠 > 테니스 > 테니스 소품
쿠팡,C002033,테니스 스트링머신/줄감개,C002016,4,스포츠/레져 > 라켓스포츠 > 테니스 > 테니스 스트링머신/줄감개
쿠팡,C002034,테니스 엘보링/댐프너/진동방지,C002016,4,스포츠/레져 > 라켓스포츠 > 테니스 > 테니스 엘보링/댐프너/진동방지
쿠팡,C002035,테니스 훈련용품,C002016,4,스포츠/레져 > 라켓스포츠 > 테니스 > 테니스 훈련용품
쿠팡,C002036,테니스가방/스쿼시가방 공용,C002016,4,스포츠/레져 > 라켓스포츠 > 테니스 > 테니스가방/스쿼시가방 공용
쿠팡,C002037,테니스공,C002016,4,스포츠/레져 > 라켓스포츠 > 테니스 > 테니스공
쿠팡,C002038,테니스라켓,C002016,4,스포츠/레져 > 라켓스포츠 > 테니스 > 테니스라켓
쿠팡,C002039,테니스화/스쿼시화,C002016,4,스포츠/레져 > 라켓스포츠 > 테니스 > 테니스화/스쿼시화
쿠팡,C002043,발레/댄스/에어로빅,C001493,2,스포츠/레져 > 발레/댄스/에어로빅
쿠팡,C002042,발레/댄스화,C002043,3,스포츠/레져 > 발레/댄스/에어로빅 > 발레/댄스화
쿠팡,C002041,성인용,C002042,4,스포츠/레져 > 발레/댄스/에어로빅 > 발레/댄스화 > 성인용
쿠팡,C002040,발레잡화/타이즈,C002041,5,스포츠/레져 > 발레/댄스/에어로빅 > 발레/댄스화 > 성인용 > 발레잡화/타이즈
쿠팡,C002044,에어로빅스타킹/타이즈,C002043,3,스포츠/레져 > 발레/댄스/에어로빅 > 에어로빅스타킹/타이즈
쿠팡,C002048,수영/수상스포츠,C001493,2,스포츠/레져 > 수영/수상스포츠
쿠팡,C002047,래쉬가드,C002048,3,스포츠/레져 > 수영/수상스포츠 > 래쉬가드
쿠팡,C002046,남녀공용,C002047,4,스포츠/레져 > 수영/수상스포츠 > 래쉬가드 > 남녀공용
쿠팡,C002045,래쉬가드 세트,C002046,5,스포츠/레져 > 수영/수상스포츠 > 래쉬가드 > 남녀공용 > 래쉬가드 세트
쿠팡,C002049,래쉬가드(상의),C002046,5,스포츠/레져 > 수영/수상스포츠 > 래쉬가드 > 남녀공용 > 래쉬가드(상의)
쿠팡,C002050,보드숏(비치 반바지),C002046,5,스포츠/레져 > 수영/수상스포츠 > 래쉬가드 > 남녀공용 > 보드숏(비치 반바지)
쿠팡,C002051,워터레깅스(긴바지),C002046,5,스포츠/레져 > 수영/수상스포츠 > 래쉬가드 > 남녀공용 > 워터레깅스(긴바지)
쿠팡,C002053,남성용,C002047,4,스포츠/레져 > 수영/수상스포츠 > 래쉬가드 > 남성용
쿠팡,C002052,래쉬가드 세트,C002053,5,스포츠/레져 > 수영/수상스포츠 > 래쉬가드 > 남성용 > 래쉬가드 세트
쿠팡,C002054,래쉬가드(상의),C002053,5,스포츠/레져 > 수영/수상스포츠 > 래쉬가드 > 남성용 > 래쉬가드(상의)
쿠팡,C002055,보드숏(비치 반바지),C002053,5,스포츠/레져 > 수영/수상스포츠 > 래쉬가드 > 남성용 > 보드숏(비치 반바지)
쿠팡,C002056,워터레깅스(긴바지),C002053,5,스포츠/레져 > 수영/수상스포츠 > 래쉬가드 > 남성용 > 워터레깅스(긴바지)
쿠팡,C002058,여성용,C002047,4,스포츠/레져 > 수영/수상스포츠 > 래쉬가드 > 여성용
쿠팡,C002057,래쉬가드 세트,C002058,5,스포츠/레져 > 수영/수상스포츠 > 래쉬가드 > 여성용 > 래쉬가드 세트
쿠팡,C002059,래쉬가드 이너,C002058,5,스포츠/레져 > 수영/수상스포츠 > 래쉬가드 > 여성용 > 래쉬가드 이너
쿠팡,C002060,래쉬가드(상의),C002058,5,스포츠/레져 > 수영/수상스포츠 > 래쉬가드 > 여성용 > 래쉬가드(상의)
쿠팡,C002061,보드숏(비치 반바지),C002058,5,스포츠/레져 > 수영/수상스포츠 > 래쉬가드 > 여성용 > 보드숏(비치 반바지)
쿠팡,C002062,워터레깅스(긴바지),C002058,5,스포츠/레져 > 수영/수상스포츠 > 래쉬가드 > 여성용 > 워터레깅스(긴바지)
쿠팡,C002064,주니어용(9~17세),C002047,4,스포츠/레져 > 수영/수상스포츠 > 래쉬가드 > 주니어용(9~17세)
쿠팡,C002063,남아 래쉬가드,C002064,5,스포츠/레져 > 수영/수상스포츠 > 래쉬가드 > 주니어용(9~17세) > 남아 래쉬가드
쿠팡,C002065,남아 워터레깅스,C002064,5,스포츠/레져 > 수영/수상스포츠 > 래쉬가드 > 주니어용(9~17세) > 남아 워터레깅스
쿠팡,C002066,여아 래쉬가드,C002064,5,스포츠/레져 > 수영/수상스포츠 > 래쉬가드 > 주니어용(9~17세) > 여아 래쉬가드
쿠팡,C002067,여아 워터레깅스/수영복반바지,C002064,5,스포츠/레져 > 수영/수상스포츠 > 래쉬가드 > 주니어용(9~17세) > 여아 워터레깅스/수영복반바지
쿠팡,C002069,서핑/수상보드,C002048,3,스포츠/레져 > 수영/수상스포츠 > 서핑/수상보드
쿠팡,C002068,리쉬코드,C002069,4,스포츠/레져 > 수영/수상스포츠 > 서핑/수상보드 > 리쉬코드
쿠팡,C002070,서핑모자,C002069,4,스포츠/레져 > 수영/수상스포츠 > 서핑/수상보드 > 서핑모자
쿠팡,C002071,서핑보드,C002069,4,스포츠/레져 > 수영/수상스포츠 > 서핑/수상보드 > 서핑보드
쿠팡,C002072,서핑보드/수상보드 부품,C002069,4,스포츠/레져 > 수영/수상스포츠 > 서핑/수상보드 > 서핑보드/수상보드 부품
쿠팡,C002073,서핑보드백,C002069,4,스포츠/레져 > 수영/수상스포츠 > 서핑/수상보드 > 서핑보드백
쿠팡,C002074,서핑슈트,C002069,4,스포츠/레져 > 수영/수상스포츠 > 서핑/수상보드 > 서핑슈트
쿠팡,C002075,서핑왁스,C002069,4,스포츠/레져 > 수영/수상스포츠 > 서핑/수상보드 > 서핑왁스
쿠팡,C002076,서핑장갑/보드장갑,C002069,4,스포츠/레져 > 수영/수상스포츠 > 서핑/수상보드 > 서핑장갑/보드장갑
쿠팡,C002077,서핑핀/웨이크핀,C002069,4,스포츠/레져 > 수영/수상스포츠 > 서핑/수상보드 > 서핑핀/웨이크핀
쿠팡,C002078,서핑헬멧/보드헬멧,C002069,4,스포츠/레져 > 수영/수상스포츠 > 서핑/수상보드 > 서핑헬멧/보드헬멧
쿠팡,C002079,수상보드 거치대,C002069,4,스포츠/레져 > 수영/수상스포츠 > 서핑/수상보드 > 수상보드 거치대
쿠팡,C002080,수상보드 바인딩,C002069,4,스포츠/레져 > 수영/수상스포츠 > 서핑/수상보드 > 수상보드 바인딩
쿠팡,C002081,웨이크보드/수상보드,C002069,4,스포츠/레져 > 수영/수상스포츠 > 서핑/수상보드 > 웨이크보드/수상보드
쿠팡,C002082,웨이크보드부츠,C002069,4,스포츠/레져 > 수영/수상스포츠 > 서핑/수상보드 > 웨이크보드부츠
쿠팡,C002083,패들보드,C002069,4,스포츠/레져 > 수영/수상스포츠 > 서핑/수상보드 > 패들보드
쿠팡,C002085,수상스키,C002048,3,스포츠/레져 > 수영/수상스포츠 > 수상스키
쿠팡,C002084,수상스키,C002085,4,스포츠/레져 > 수영/수상스포츠 > 수상스키 > 수상스키
쿠팡,C002086,수상스키 로프,C002085,4,스포츠/레져 > 수영/수상스포츠 > 수상스키 > 수상스키 로프
쿠팡,C002087,수상스키 바인딩,C002085,4,스포츠/레져 > 수영/수상스포츠 > 수상스키 > 수상스키 바인딩
쿠팡,C002089,수영/물놀이용품,C002048,3,스포츠/레져 > 수영/수상스포츠 > 수영/물놀이용품
쿠팡,C002088,구명조끼/착용형 보조용품,C002089,4,스포츠/레져 > 수영/수상스포츠 > 수영/물놀이용품 > 구명조끼/착용형 보조용품
쿠팡,C002090,귀마개/코마개,C002089,4,스포츠/레져 > 수영/수상스포츠 > 수영/물놀이용품 > 귀마개/코마개
쿠팡,C002091,물놀이 악세서리,C002089,4,스포츠/레져 > 수영/수상스포츠 > 수영/물놀이용품 > 물놀이 악세서리
쿠팡,C002092,부표/수상안전용품,C002089,4,스포츠/레져 > 수영/수상스포츠 > 수영/물놀이용품 > 부표/수상안전용품
쿠팡,C002093,수영훈련용품,C002089,4,스포츠/레져 > 수영/수상스포츠 > 수영/물놀이용품 > 수영훈련용품
쿠팡,C002094,안티포그용품,C002089,4,스포츠/레져 > 수영/수상스포츠 > 수영/물놀이용품 > 안티포그용품
쿠팡,C002095,오리손/물갈퀴,C002089,4,스포츠/레져 > 수영/수상스포츠 > 수영/물놀이용품 > 오리손/물갈퀴
쿠팡,C002096,킥판/킥보드,C002089,4,스포츠/레져 > 수영/수상스포츠 > 수영/물놀이용품 > 킥판/킥보드
쿠팡,C002099,수영복,C002048,3,스포츠/레져 > 수영/수상스포츠 > 수영복
쿠팡,C002098,남성용,C002099,4,스포츠/레져 > 수영/수상스포츠 > 수영복 > 남성용
쿠팡,C002097,남자 9부/남자 전신 수영복,C002098,5,스포츠/레져 > 수영/수상스포츠 > 수영복 > 남성용 > 남자 9부/남자 전신 수영복
쿠팡,C002100,남자 사각 수영복,C002098,5,스포츠/레져 > 수영/수상스포츠 > 수영복 > 남성용 > 남자 사각 수영복
쿠팡,C002101,남자 삼각 수영복,C002098,5,스포츠/레져 > 수영/수상스포츠 > 수영복 > 남성용 > 남자 삼각 수영복
쿠팡,C002103,여성용,C002099,4,스포츠/레져 > 수영/수상스포츠 > 수영복 > 여성용
쿠팡,C002102,2~9부/반전신수영복,C002103,5,스포츠/레져 > 수영/수상스포츠 > 수영복 > 여성용 > 2~9부/반전신수영복
쿠팡,C002104,레포츠용 비키니,C002103,5,스포츠/레져 > 수영/수상스포츠 > 수영복 > 여성용 > 레포츠용 비키니
쿠팡,C002105,수영복 브라캡,C002103,5,스포츠/레져 > 수영/수상스포츠 > 수영복 > 여성용 > 수영복 브라캡
쿠팡,C002106,실내 원피스 수영복,C002103,5,스포츠/레져 > 수영/수상스포츠 > 수영복 > 여성용 > 실내 원피스 수영복
쿠팡,C002107,커버업/비치웨어,C002103,5,스포츠/레져 > 수영/수상스포츠 > 수영복 > 여성용 > 커버업/비치웨어
쿠팡,C002109,주니어용(9~17세),C002099,4,스포츠/레져 > 수영/수상스포츠 > 수영복 > 주니어용(9~17세)
쿠팡,C002108,남아 수영복,C002109,5,스포츠/레져 > 수영/수상스포츠 > 수영복 > 주니어용(9~17세) > 남아 수영복
쿠팡,C002110,여아 수영복,C002109,5,스포츠/레져 > 수영/수상스포츠 > 수영복 > 주니어용(9~17세) > 여아 수영복
쿠팡,C002113,수영잡화,C002048,3,스포츠/레져 > 수영/수상스포츠 > 수영잡화
쿠팡,C002112,성인용,C002113,4,스포츠/레져 > 수영/수상스포츠 > 수영잡화 > 성인용
쿠팡,C002111,교체용 수경끈,C002112,5,스포츠/레져 > 수영/수상스포츠 > 수영잡화 > 성인용 > 교체용 수경끈
쿠팡,C002114,수경/물안경,C002112,5,스포츠/레져 > 수영/수상스포츠 > 수영잡화 > 성인용 > 수경/물안경
쿠팡,C002115,수영가방,C002112,5,스포츠/레져 > 수영/수상스포츠 > 수영잡화 > 성인용 > 수영가방
쿠팡,C002116,수영모,C002112,5,스포츠/레져 > 수영/수상스포츠 > 수영잡화 > 성인용 > 수영모
쿠팡,C002117,수영스포츠타월,C002113,4,스포츠/레져 > 수영/수상스포츠 > 수영잡화 > 수영스포츠타월
쿠팡,C002119,유아동/주니어용,C002113,4,스포츠/레져 > 수영/수상스포츠 > 수영잡화 > 유아동/주니어용
쿠팡,C002118,교체용 수경끈,C002119,5,스포츠/레져 > 수영/수상스포츠 > 수영잡화 > 유아동/주니어용 > 교체용 수경끈
쿠팡,C002120,수경/물안경,C002119,5,스포츠/레져 > 수영/수상스포츠 > 수영잡화 > 유아동/주니어용 > 수경/물안경
쿠팡,C002121,수영모,C002119,5,스포츠/레져 > 수영/수상스포츠 > 수영잡화 > 유아동/주니어용 > 수영모
쿠팡,C002123,스노클링/다이빙,C002048,3,스포츠/레져 > 수영/수상스포츠 > 스노클링/다이빙
쿠팡,C002122,다이빙 소품,C002123,4,스포츠/레져 > 수영/수상스포츠 > 스노클링/다이빙 > 다이빙 소품
쿠팡,C002124,다이빙 웻슈트/드라이슈트,C002123,4,스포츠/레져 > 수영/수상스포츠 > 스노클링/다이빙 > 다이빙 웻슈트/드라이슈트
쿠팡,C002125,다이빙 후드/다이빙모자,C002123,4,스포츠/레져 > 수영/수상스포츠 > 스노클링/다이빙 > 다이빙 후드/다이빙모자
쿠팡,C002126,다이빙나이프/공구,C002123,4,스포츠/레져 > 수영/수상스포츠 > 스노클링/다이빙 > 다이빙나이프/공구
쿠팡,C002127,다이빙릴,C002123,4,스포츠/레져 > 수영/수상스포츠 > 스노클링/다이빙 > 다이빙릴
쿠팡,C002128,다이빙부츠,C002123,4,스포츠/레져 > 수영/수상스포츠 > 스노클링/다이빙 > 다이빙부츠
쿠팡,C002129,다이빙웨이트/벨트,C002123,4,스포츠/레져 > 수영/수상스포츠 > 스노클링/다이빙 > 다이빙웨이트/벨트
쿠팡,C002130,다이빙장갑,C002123,4,스포츠/레져 > 수영/수상스포츠 > 스노클링/다이빙 > 다이빙장갑
쿠팡,C002131,다이빙컴퓨터/게이지,C002123,4,스포츠/레져 > 수영/수상스포츠 > 스노클링/다이빙 > 다이빙컴퓨터/게이지
쿠팡,C002132,레귤레이터/옥토퍼스/호흡기,C002123,4,스포츠/레져 > 수영/수상스포츠 > 스노클링/다이빙 > 레귤레이터/옥토퍼스/호흡기
쿠팡,C002133,리트렉터/장비걸이,C002123,4,스포츠/레져 > 수영/수상스포츠 > 스노클링/다이빙 > 리트렉터/장비걸이
쿠팡,C002134,마스크/잠수경(성인용),C002123,4,스포츠/레져 > 수영/수상스포츠 > 스노클링/다이빙 > 마스크/잠수경(성인용)
쿠팡,C002135,마스크/잠수경(아동용/아동성인공용),C002123,4,스포츠/레져 > 수영/수상스포츠 > 스노클링/다이빙 > 마스크/잠수경(아동용/아동성인공용)
쿠팡,C002136,부력조절기,C002123,4,스포츠/레져 > 수영/수상스포츠 > 스노클링/다이빙 > 부력조절기
쿠팡,C002137,산소통,C002123,4,스포츠/레져 > 수영/수상스포츠 > 스노클링/다이빙 > 산소통
쿠팡,C002138,수중랜턴,C002123,4,스포츠/레져 > 수영/수상스포츠 > 스노클링/다이빙 > 수중랜턴
쿠팡,C002139,수중총/작살,C002123,4,스포츠/레져 > 수영/수상스포츠 > 스노클링/다이빙 > 수중총/작살
쿠팡,C002140,스노클/호흡기,C002123,4,스포츠/레져 > 수영/수상스포츠 > 스노클링/다이빙 > 스노클/호흡기
쿠팡,C002141,스노클링/다이빙세트(성인용),C002123,4,스포츠/레져 > 수영/수상스포츠 > 스노클링/다이빙 > 스노클링/다이빙세트(성인용)
쿠팡,C002142,스노클링/다이빙세트(아동용/아동성인공용),C002123,4,스포츠/레져 > 수영/수상스포츠 > 스노클링/다이빙 > 스노클링/다이빙세트(아동용/아동성인공용)
쿠팡,C002143,오리발,C002123,4,스포츠/레져 > 수영/수상스포츠 > 스노클링/다이빙 > 오리발
쿠팡,C002144,핀서포트,C002123,4,스포츠/레져 > 수영/수상스포츠 > 스노클링/다이빙 > 핀서포트
쿠팡,C002146,제트스키,C002048,3,스포츠/레져 > 수영/수상스포츠 > 제트스키
쿠팡,C002145,제트스키 고글/가방,C002146,4,스포츠/레져 > 수영/수상스포츠 > 제트스키 > 제트스키 고글/가방
쿠팡,C002148,카누/카약/보트,C002048,3,스포츠/레져 > 수영/수상스포츠 > 카누/카약/보트
쿠팡,C002147,고무보트,C002148,4,스포츠/레져 > 수영/수상스포츠 > 카누/카약/보트 > 고무보트
쿠팡,C002149,보트 부품,C002148,4,스포츠/레져 > 수영/수상스포츠 > 카누/카약/보트 > 보트 부품
쿠팡,C002150,수상보트/제트스키,C002148,4,스포츠/레져 > 수영/수상스포츠 > 카누/카약/보트 > 수상보트/제트스키
쿠팡,C002151,카누/카약 거치대,C002148,4,스포츠/레져 > 수영/수상스포츠 > 카누/카약/보트 > 카누/카약 거치대
쿠팡,C002152,카누/카약 부품,C002148,4,스포츠/레져 > 수영/수상스포츠 > 카누/카약/보트 > 카누/카약 부품
쿠팡,C002153,카누/카약보트,C002148,4,스포츠/레져 > 수영/수상스포츠 > 카누/카약/보트 > 카누/카약보트
쿠팡,C002154,카누패들,C002148,4,스포츠/레져 > 수영/수상스포츠 > 카누/카약/보트 > 카누패들
쿠팡,C002155,카약패들,C002148,4,스포츠/레져 > 수영/수상스포츠 > 카누/카약/보트 > 카약패들
쿠팡,C002158,스키/겨울스포츠,C001493,2,스포츠/레져 > 스키/겨울스포츠
쿠팡,C002157,빙상스포츠,C002158,3,스포츠/레져 > 스키/겨울스포츠 > 빙상스포츠
쿠팡,C002156,스케이트 날집,C002157,4,스포츠/레져 > 스키/겨울스포츠 > 빙상스포츠 > 스케이트 날집
쿠팡,C002159,스케이트 부품,C002157,4,스포츠/레져 > 스키/겨울스포츠 > 빙상스포츠 > 스케이트 부품
쿠팡,C002160,스케이트 헬멧,C002157,4,스포츠/레져 > 스키/겨울스포츠 > 빙상스포츠 > 스케이트 헬멧
쿠팡,C002161,스케이트복/스케이트의류,C002157,4,스포츠/레져 > 스키/겨울스포츠 > 빙상스포츠 > 스케이트복/스케이트의류
쿠팡,C002162,스케이트화/스케이트구두,C002157,4,스포츠/레져 > 스키/겨울스포츠 > 빙상스포츠 > 스케이트화/스케이트구두
쿠팡,C002163,아이스하키/기타빙상용품,C002157,4,스포츠/레져 > 스키/겨울스포츠 > 빙상스포츠 > 아이스하키/기타빙상용품
쿠팡,C002164,컬링용품,C002157,4,스포츠/레져 > 스키/겨울스포츠 > 빙상스포츠 > 컬링용품
쿠팡,C002166,스노우보드화,C002158,3,스포츠/레져 > 스키/겨울스포츠 > 스노우보드화
쿠팡,C002165,보드부츠,C002166,4,스포츠/레져 > 스키/겨울스포츠 > 스노우보드화 > 보드부츠
쿠팡,C002168,스키/보드 잡화,C002158,3,스포츠/레져 > 스키/겨울스포츠 > 스키/보드 잡화
쿠팡,C002167,마스크/반다나,C002168,4,스포츠/레져 > 스키/겨울스포츠 > 스키/보드 잡화 > 마스크/반다나
쿠팡,C002169,보드장비가방,C002168,4,스포츠/레져 > 스키/겨울스포츠 > 스키/보드 잡화 > 보드장비가방
쿠팡,C002170,스키고글/보드고글,C002168,4,스포츠/레져 > 스키/겨울스포츠 > 스키/보드 잡화 > 스키고글/보드고글
쿠팡,C002171,스키넥워머/보드넥워머,C002168,4,스포츠/레져 > 스키/겨울스포츠 > 스키/보드 잡화 > 스키넥워머/보드넥워머
쿠팡,C002172,스키모자/보드모자,C002168,4,스포츠/레져 > 스키/겨울스포츠 > 스키/보드 잡화 > 스키모자/보드모자
쿠팡,C002173,스키양말/보드양말,C002168,4,스포츠/레져 > 스키/겨울스포츠 > 스키/보드 잡화 > 스키양말/보드양말
쿠팡,C002174,스키장비가방,C002168,4,스포츠/레져 > 스키/겨울스포츠 > 스키/보드 잡화 > 스키장비가방
쿠팡,C002176,스키/보드장비,C002158,3,스포츠/레져 > 스키/겨울스포츠 > 스키/보드장비
쿠팡,C002175,보드데크,C002176,4,스포츠/레져 > 스키/겨울스포츠 > 스키/보드장비 > 보드데크
쿠팡,C002177,보드바인딩,C002176,4,스포츠/레져 > 스키/겨울스포츠 > 스키/보드장비 > 보드바인딩
쿠팡,C002178,보드풀세트,C002176,4,스포츠/레져 > 스키/겨울스포츠 > 스키/보드장비 > 보드풀세트
쿠팡,C002179,스키바인딩,C002176,4,스포츠/레져 > 스키/겨울스포츠 > 스키/보드장비 > 스키바인딩
쿠팡,C002180,스키보호대/보드보호대,C002176,4,스포츠/레져 > 스키/겨울스포츠 > 스키/보드장비 > 스키보호대/보드보호대
쿠팡,C002181,스키장갑/보드장갑,C002176,4,스포츠/레져 > 스키/겨울스포츠 > 스키/보드장비 > 스키장갑/보드장갑
쿠팡,C002182,스키캐리어/보드캐리어,C002176,4,스포츠/레져 > 스키/겨울스포츠 > 스키/보드장비 > 스키캐리어/보드캐리어
쿠팡,C002183,스키폴/스키스틱,C002176,4,스포츠/레져 > 스키/겨울스포츠 > 스키/보드장비 > 스키폴/스키스틱
쿠팡,C002184,스키풀세트,C002176,4,스포츠/레져 > 스키/겨울스포츠 > 스키/보드장비 > 스키풀세트
쿠팡,C002185,스키플레이트,C002176,4,스포츠/레져 > 스키/겨울스포츠 > 스키/보드장비 > 스키플레이트
쿠팡,C002186,스키헬멧/보드헬멧,C002176,4,스포츠/레져 > 스키/겨울스포츠 > 스키/보드장비 > 스키헬멧/보드헬멧
쿠팡,C002187,스티커/튜닝용품,C002176,4,스포츠/레져 > 스키/겨울스포츠 > 스키/보드장비 > 스티커/튜닝용품
쿠팡,C002188,시즌권 케이스,C002176,4,스포츠/레져 > 스키/겨울스포츠 > 스키/보드장비 > 시즌권 케이스
쿠팡,C002189,왁스/관리용품,C002176,4,스포츠/레져 > 스키/겨울스포츠 > 스키/보드장비 > 왁스/관리용품
쿠팡,C002190,스키부츠,C002158,3,스포츠/레져 > 스키/겨울스포츠 > 스키부츠
쿠팡,C002194,스포츠 신발,C001493,2,스포츠/레져 > 스포츠 신발
쿠팡,C002193,스포츠슬리퍼/쪼리,C002194,3,스포츠/레져 > 스포츠 신발 > 스포츠슬리퍼/쪼리
쿠팡,C002192,성인용 스포츠슬리퍼/스포츠쪼리,C002193,4,스포츠/레져 > 스포츠 신발 > 스포츠슬리퍼/쪼리 > 성인용 스포츠슬리퍼/스포츠쪼리
쿠팡,C002191,스포츠슬리퍼/쪼리,C002192,5,스포츠/레져 > 스포츠 신발 > 스포츠슬리퍼/쪼리 > 성인용 스포츠슬리퍼/스포츠쪼리 > 스포츠슬리퍼/쪼리
쿠팡,C002197,아쿠아/메시슈즈,C002194,3,스포츠/레져 > 스포츠 신발 > 아쿠아/메시슈즈
쿠팡,C002196,남녀공용,C002197,4,스포츠/레져 > 스포츠 신발 > 아쿠아/메시슈즈 > 남녀공용
쿠팡,C002195,아쿠아슈즈/메시슈즈,C002196,5,스포츠/레져 > 스포츠 신발 > 아쿠아/메시슈즈 > 남녀공용 > 아쿠아슈즈/메시슈즈
쿠팡,C002199,남성용,C002197,4,스포츠/레져 > 스포츠 신발 > 아쿠아/메시슈즈 > 남성용
쿠팡,C002198,아쿠아슈즈/메시슈즈,C002199,5,스포츠/레져 > 스포츠 신발 > 아쿠아/메시슈즈 > 남성용 > 아쿠아슈즈/메시슈즈
쿠팡,C002201,여성용,C002197,4,스포츠/레져 > 스포츠 신발 > 아쿠아/메시슈즈 > 여성용
쿠팡,C002200,아쿠아슈즈/메시슈즈,C002201,5,스포츠/레져 > 스포츠 신발 > 아쿠아/메시슈즈 > 여성용 > 아쿠아슈즈/메시슈즈
쿠팡,C002203,스포츠 잡화,C001493,2,스포츠/레져 > 스포츠 잡화
쿠팡,C002202,드라이백,C002203,3,스포츠/레져 > 스포츠 잡화 > 드라이백
쿠팡,C002204,레그워머/발토시,C002203,3,스포츠/레져 > 스포츠 잡화 > 레그워머/발토시
쿠팡,C002205,바라클라바/후드넥워머,C002203,3,스포츠/레져 > 스포츠 잡화 > 바라클라바/후드넥워머
쿠팡,C002207,소품,C002203,3,스포츠/레져 > 스포츠 잡화 > 소품
쿠팡,C002206,안전밴드/안전팔찌,C002207,4,스포츠/레져 > 스포츠 잡화 > 소품 > 안전밴드/안전팔찌
쿠팡,C002208,스카프/넥워머/아이스머플러,C002203,3,스포츠/레져 > 스포츠 잡화 > 스카프/넥워머/아이스머플러
쿠팡,C002210,스포츠 가방,C002203,3,스포츠/레져 > 스포츠 잡화 > 스포츠 가방
쿠팡,C002209,스포츠 공용 슈즈백/신발가방,C002210,4,스포츠/레져 > 스포츠 잡화 > 스포츠 가방 > 스포츠 공용 슈즈백/신발가방
쿠팡,C002211,스포츠 공용 지갑/파우치/케이스,C002210,4,스포츠/레져 > 스포츠 잡화 > 스포츠 가방 > 스포츠 공용 지갑/파우치/케이스
쿠팡,C002212,스포츠 백팩,C002210,4,스포츠/레져 > 스포츠 잡화 > 스포츠 가방 > 스포츠 백팩
쿠팡,C002213,스포츠 크로스백,C002210,4,스포츠/레져 > 스포츠 잡화 > 스포츠 가방 > 스포츠 크로스백
쿠팡,C002214,스포츠 토트백/숄더백,C002210,4,스포츠/레져 > 스포츠 잡화 > 스포츠 가방 > 스포츠 토트백/숄더백
쿠팡,C002215,팀백/더플백,C002210,4,스포츠/레져 > 스포츠 잡화 > 스포츠 가방 > 팀백/더플백
쿠팡,C002216,힙색/허리색,C002210,4,스포츠/레져 > 스포츠 잡화 > 스포츠 가방 > 힙색/허리색
쿠팡,C002217,스포츠 귀마개,C002203,3,스포츠/레져 > 스포츠 잡화 > 스포츠 귀마개
쿠팡,C002218,스포츠 마스크,C002203,3,스포츠/레져 > 스포츠 잡화 > 스포츠 마스크
쿠팡,C002219,스포츠 모자,C002203,3,스포츠/레져 > 스포츠 잡화 > 스포츠 모자
쿠팡,C002220,스포츠 목걸이/팔찌,C002203,3,스포츠/레져 > 스포츠 잡화 > 스포츠 목걸이/팔찌
쿠팡,C002221,스포츠 물병,C002203,3,스포츠/레져 > 스포츠 잡화 > 스포츠 물병
쿠팡,C002222,스포츠 벨트,C002203,3,스포츠/레져 > 스포츠 잡화 > 스포츠 벨트
쿠팡,C002223,스포츠 선글라스,C002203,3,스포츠/레져 > 스포츠 잡화 > 스포츠 선글라스
쿠팡,C002224,스포츠 시계,C002203,3,스포츠/레져 > 스포츠 잡화 > 스포츠 시계
쿠팡,C002225,스포츠 아대/헤어밴드,C002203,3,스포츠/레져 > 스포츠 잡화 > 스포츠 아대/헤어밴드
쿠팡,C002226,스포츠 양말,C002203,3,스포츠/레져 > 스포츠 잡화 > 스포츠 양말
쿠팡,C002227,스포츠 장갑,C002203,3,스포츠/레져 > 스포츠 잡화 > 스포츠 장갑
쿠팡,C002228,팔토시/쿨토시,C002203,3,스포츠/레져 > 스포츠 잡화 > 팔토시/쿨토시
쿠팡,C002229,핸드/암워머,C002203,3,스포츠/레져 > 스포츠 잡화 > 핸드/암워머
쿠팡,C002231,심판용품,C001493,2,스포츠/레져 > 심판용품
쿠팡,C002230,기록지/카드,C002231,3,스포츠/레져 > 심판용품 > 기록지/카드
쿠팡,C002232,선심기/부심기,C002231,3,스포츠/레져 > 심판용품 > 선심기/부심기
쿠팡,C002233,심판 보호대,C002231,3,스포츠/레져 > 심판용품 > 심판 보호대
쿠팡,C002234,심판의류,C002231,3,스포츠/레져 > 심판용품 > 심판의류
쿠팡,C002236,작전판,C002231,3,스포츠/레져 > 심판용품 > 작전판
쿠팡,C002235,기타 구기 스포츠 작전판,C002236,4,스포츠/레져 > 심판용품 > 작전판 > 기타 구기 스포츠 작전판
쿠팡,C002237,농구작전판,C002236,4,스포츠/레져 > 심판용품 > 작전판 > 농구작전판
쿠팡,C002238,라켓 스포츠 작전판,C002236,4,스포츠/레져 > 심판용품 > 작전판 > 라켓 스포츠 작전판
쿠팡,C002239,배구/족구/피구 작전판,C002236,4,스포츠/레져 > 심판용품 > 작전판 > 배구/족구/피구 작전판
쿠팡,C002240,야구작전판,C002236,4,스포츠/레져 > 심판용품 > 작전판 > 야구작전판
쿠팡,C002241,축구작전판,C002236,4,스포츠/레져 > 심판용품 > 작전판 > 축구작전판
쿠팡,C002242,점수판/스코어보드,C002231,3,스포츠/레져 > 심판용품 > 점수판/스코어보드
쿠팡,C002243,호루라기,C002231,3,스포츠/레져 > 심판용품 > 호루라기
쿠팡,C002245,자전거,C001493,2,스포츠/레져 > 자전거
쿠팡,C002244,BMX자전거,C002245,3,스포츠/레져 > 자전거 > BMX자전거
쿠팡,C002246,MTB/산악용,C002245,3,스포츠/레져 > 자전거 > MTB/산악용
쿠팡,C002248,거치대/트레이너,C002245,3,스포츠/레져 > 자전거 > 거치대/트레이너
쿠팡,C002247,자전거 보관용 거치대,C002248,4,스포츠/레져 > 자전거 > 거치대/트레이너 > 자전거 보관용 거치대
쿠팡,C002249,자전거 차량용 거치대,C002248,4,스포츠/레져 > 자전거 > 거치대/트레이너 > 자전거 차량용 거치대
쿠팡,C002250,킥스탠드/받침대,C002248,4,스포츠/레져 > 자전거 > 거치대/트레이너 > 킥스탠드/받침대
쿠팡,C002251,트레이너/롤러,C002248,4,스포츠/레져 > 자전거 > 거치대/트레이너 > 트레이너/롤러
쿠팡,C002252,로드 자전거,C002245,3,스포츠/레져 > 자전거 > 로드 자전거
쿠팡,C002253,리컴번트 자전거,C002245,3,스포츠/레져 > 자전거 > 리컴번트 자전거
쿠팡,C002255,보호장비,C002245,3,스포츠/레져 > 자전거 > 보호장비
쿠팡,C002254,보호대(성인용),C002255,4,스포츠/레져 > 자전거 > 보호장비 > 보호대(성인용)
쿠팡,C002256,보호대(아동용/아동성인공용),C002255,4,스포츠/레져 > 자전거 > 보호장비 > 보호대(아동용/아동성인공용)
쿠팡,C002257,헬멧 커버,C002255,4,스포츠/레져 > 자전거 > 보호장비 > 헬멧 커버
쿠팡,C002258,헬멧(성인용),C002255,4,스포츠/레져 > 자전거 > 보호장비 > 헬멧(성인용)
쿠팡,C002259,헬멧(아동용/아동성인공용),C002255,4,스포츠/레져 > 자전거 > 보호장비 > 헬멧(아동용/아동성인공용)
쿠팡,C002261,아동용자전거,C002245,3,스포츠/레져 > 자전거 > 아동용자전거
쿠팡,C002260,두발 자전거,C002261,4,스포츠/레져 > 자전거 > 아동용자전거 > 두발 자전거
쿠팡,C002262,밸런스 자전거,C002261,4,스포츠/레져 > 자전거 > 아동용자전거 > 밸런스 자전거
쿠팡,C002263,보조바퀴 자전거,C002261,4,스포츠/레져 > 자전거 > 아동용자전거 > 보조바퀴 자전거
쿠팡,C002264,외발 자전거,C002245,3,스포츠/레져 > 자전거 > 외발 자전거
쿠팡,C002266,자전거 바구니/가방,C002245,3,스포츠/레져 > 자전거 > 자전거 바구니/가방
쿠팡,C002265,자전거 바구니,C002266,4,스포츠/레져 > 자전거 > 자전거 바구니/가방 > 자전거 바구니
쿠팡,C002267,자전거 백팩,C002266,4,스포츠/레져 > 자전거 > 자전거 바구니/가방 > 자전거 백팩
쿠팡,C002268,자전거 안장 가방,C002266,4,스포츠/레져 > 자전거 > 자전거 바구니/가방 > 자전거 안장 가방
쿠팡,C002269,자전거 캐링백/자전거 파우치,C002266,4,스포츠/레져 > 자전거 > 자전거 바구니/가방 > 자전거 캐링백/자전거 파우치
쿠팡,C002270,자전거 크로스 가방,C002266,4,스포츠/레져 > 자전거 > 자전거 바구니/가방 > 자전거 크로스 가방
쿠팡,C002271,자전거 패니어,C002266,4,스포츠/레져 > 자전거 > 자전거 바구니/가방 > 자전거 패니어
쿠팡,C002272,자전거 프레임가방,C002266,4,스포츠/레져 > 자전거 > 자전거 바구니/가방 > 자전거 프레임가방
쿠팡,C002273,자전거 핸들가방,C002266,4,스포츠/레져 > 자전거 > 자전거 바구니/가방 > 자전거 핸들가방
쿠팡,C002274,자전거 힙색,C002266,4,스포츠/레져 > 자전거 > 자전거 바구니/가방 > 자전거 힙색
쿠팡,C002276,자전거 신발/페달,C002245,3,스포츠/레져 > 자전거 > 자전거 신발/페달
쿠팡,C002275,MTB용 클릿슈즈,C002276,4,스포츠/레져 > 자전거 > 자전거 신발/페달 > MTB용 클릿슈즈
쿠팡,C002277,로드용 클릿슈즈,C002276,4,스포츠/레져 > 자전거 > 자전거 신발/페달 > 로드용 클릿슈즈
쿠팡,C002278,자전거 슈커버,C002276,4,스포츠/레져 > 자전거 > 자전거 신발/페달 > 자전거 슈커버
쿠팡,C002279,평페달용 신발,C002276,4,스포츠/레져 > 자전거 > 자전거 신발/페달 > 평페달용 신발
쿠팡,C002281,자전거 악세서리,C002245,3,스포츠/레져 > 자전거 > 자전거 악세서리
쿠팡,C002280,라이트 거치대,C002281,4,스포츠/레져 > 자전거 > 자전거 악세서리 > 라이트 거치대
쿠팡,C002282,물병 거치대,C002281,4,스포츠/레져 > 자전거 > 자전거 악세서리 > 물병 거치대
쿠팡,C002283,반사경/사이드미러,C002281,4,스포츠/레져 > 자전거 > 자전거 악세서리 > 반사경/사이드미러
쿠팡,C002284,스티커/자전거 데코,C002281,4,스포츠/레져 > 자전거 > 자전거 악세서리 > 스티커/자전거 데코
쿠팡,C002285,안장커버,C002281,4,스포츠/레져 > 자전거 > 자전거 악세서리 > 안장커버
쿠팡,C002286,유아 안장,C002281,4,스포츠/레져 > 자전거 > 자전거 악세서리 > 유아 안장
쿠팡,C002287,자전거 벨,C002281,4,스포츠/레져 > 자전거 > 자전거 악세서리 > 자전거 벨
쿠팡,C002288,자전거 속도계/GPS,C002281,4,스포츠/레져 > 자전거 > 자전거 악세서리 > 자전거 속도계/GPS
쿠팡,C002289,자전거 자물쇠,C002281,4,스포츠/레져 > 자전거 > 자전거 악세서리 > 자전거 자물쇠
쿠팡,C002290,자전거 짐받이,C002281,4,스포츠/레져 > 자전거 > 자전거 악세서리 > 자전거 짐받이
쿠팡,C002291,자전거 커버,C002281,4,스포츠/레져 > 자전거 > 자전거 악세서리 > 자전거 커버
쿠팡,C002292,자전거 트레일러,C002281,4,스포츠/레져 > 자전거 > 자전거 악세서리 > 자전거 트레일러
쿠팡,C002293,자전거 흙받이,C002281,4,스포츠/레져 > 자전거 > 자전거 악세서리 > 자전거 흙받이
쿠팡,C002294,전조등,C002281,4,스포츠/레져 > 자전거 > 자전거 악세서리 > 전조등
쿠팡,C002295,전조등/후미등 세트,C002281,4,스포츠/레져 > 자전거 > 자전거 악세서리 > 전조등/후미등 세트
쿠팡,C002296,짐고정/다용도로프,C002281,4,스포츠/레져 > 자전거 > 자전거 악세서리 > 짐고정/다용도로프
쿠팡,C002297,후미등,C002281,4,스포츠/레져 > 자전거 > 자전거 악세서리 > 후미등
쿠팡,C002298,휠라이트,C002281,4,스포츠/레져 > 자전거 > 자전거 악세서리 > 휠라이트
쿠팡,C002299,휴대폰 거치대,C002281,4,스포츠/레져 > 자전거 > 자전거 악세서리 > 휴대폰 거치대
쿠팡,C002301,자전거 잡화,C002245,3,스포츠/레져 > 자전거 > 자전거 잡화
쿠팡,C002300,자전거 양말,C002301,4,스포츠/레져 > 자전거 > 자전거 잡화 > 자전거 양말
쿠팡,C002302,자전거 장갑,C002301,4,스포츠/레져 > 자전거 > 자전거 잡화 > 자전거 장갑
쿠팡,C002303,자전거모자/쪽모자/조각모/두건,C002301,4,스포츠/레져 > 자전거 > 자전거 잡화 > 자전거모자/쪽모자/조각모/두건
쿠팡,C002306,자전거/라이딩복,C002245,3,스포츠/레져 > 자전거 > 자전거/라이딩복
쿠팡,C002305,남녀공용,C002306,4,스포츠/레져 > 자전거 > 자전거/라이딩복 > 남녀공용
쿠팡,C002304,자전거 바지/자전거 타이즈,C002305,5,스포츠/레져 > 자전거 > 자전거/라이딩복 > 남녀공용 > 자전거 바지/자전거 타이즈
쿠팡,C002307,자전거 빕숏,C002305,5,스포츠/레져 > 자전거 > 자전거/라이딩복 > 남녀공용 > 자전거 빕숏
쿠팡,C002308,자전거 상의/자전거 져지,C002305,5,스포츠/레져 > 자전거 > 자전거/라이딩복 > 남녀공용 > 자전거 상의/자전거 져지
쿠팡,C002309,자전거 상하의 세트,C002305,5,스포츠/레져 > 자전거 > 자전거/라이딩복 > 남녀공용 > 자전거 상하의 세트
쿠팡,C002310,자전거 속바지,C002305,5,스포츠/레져 > 자전거 > 자전거/라이딩복 > 남녀공용 > 자전거 속바지
쿠팡,C002311,자전거 자켓/조끼,C002305,5,스포츠/레져 > 자전거 > 자전거/라이딩복 > 남녀공용 > 자전거 자켓/조끼
쿠팡,C002313,남성용,C002306,4,스포츠/레져 > 자전거 > 자전거/라이딩복 > 남성용
쿠팡,C002312,자전거 바지/자전거 타이즈,C002313,5,스포츠/레져 > 자전거 > 자전거/라이딩복 > 남성용 > 자전거 바지/자전거 타이즈
쿠팡,C002314,자전거 빕숏,C002313,5,스포츠/레져 > 자전거 > 자전거/라이딩복 > 남성용 > 자전거 빕숏
쿠팡,C002315,자전거 상의/자전거 져지,C002313,5,스포츠/레져 > 자전거 > 자전거/라이딩복 > 남성용 > 자전거 상의/자전거 져지
쿠팡,C002316,자전거 상하의 세트,C002313,5,스포츠/레져 > 자전거 > 자전거/라이딩복 > 남성용 > 자전거 상하의 세트
쿠팡,C002317,자전거 속바지,C002313,5,스포츠/레져 > 자전거 > 자전거/라이딩복 > 남성용 > 자전거 속바지
쿠팡,C002318,자전거 자켓/조끼,C002313,5,스포츠/레져 > 자전거 > 자전거/라이딩복 > 남성용 > 자전거 자켓/조끼
쿠팡,C002320,여성용,C002306,4,스포츠/레져 > 자전거 > 자전거/라이딩복 > 여성용
쿠팡,C002319,자전거 바지/자전거 타이즈,C002320,5,스포츠/레져 > 자전거 > 자전거/라이딩복 > 여성용 > 자전거 바지/자전거 타이즈
쿠팡,C002321,자전거 빕숏,C002320,5,스포츠/레져 > 자전거 > 자전거/라이딩복 > 여성용 > 자전거 빕숏
쿠팡,C002322,자전거 상의/자전거 져지,C002320,5,스포츠/레져 > 자전거 > 자전거/라이딩복 > 여성용 > 자전거 상의/자전거 져지
쿠팡,C002323,자전거 상하의 세트,C002320,5,스포츠/레져 > 자전거 > 자전거/라이딩복 > 여성용 > 자전거 상하의 세트
쿠팡,C002324,자전거 속바지,C002320,5,스포츠/레져 > 자전거 > 자전거/라이딩복 > 여성용 > 자전거 속바지
쿠팡,C002325,자전거 자켓/조끼,C002320,5,스포츠/레져 > 자전거 > 자전거/라이딩복 > 여성용 > 자전거 자켓/조끼
쿠팡,C002326,자전거 치마,C002320,5,스포츠/레져 > 자전거 > 자전거/라이딩복 > 여성용 > 자전거 치마
쿠팡,C002327,우의/우비,C002306,4,스포츠/레져 > 자전거 > 자전거/라이딩복 > 우의/우비
쿠팡,C002329,자전거부품,C002245,3,스포츠/레져 > 자전거 > 자전거부품
쿠팡,C002328,림,C002329,4,스포츠/레져 > 자전거 > 자전거부품 > 림
쿠팡,C002330,림테이프,C002329,4,스포츠/레져 > 자전거 > 자전거부품 > 림테이프
쿠팡,C002331,바텀브라켓,C002329,4,스포츠/레져 > 자전거 > 자전거부품 > 바텀브라켓
쿠팡,C002332,밸브캡,C002329,4,스포츠/레져 > 자전거 > 자전거부품 > 밸브캡
쿠팡,C002333,변속기,C002329,4,스포츠/레져 > 자전거 > 자전거부품 > 변속기
쿠팡,C002334,보조발판,C002329,4,스포츠/레져 > 자전거 > 자전거부품 > 보조발판
쿠팡,C002335,브레이크,C002329,4,스포츠/레져 > 자전거 > 자전거부품 > 브레이크
쿠팡,C002336,브레이크 부품,C002329,4,스포츠/레져 > 자전거 > 자전거부품 > 브레이크 부품
쿠팡,C002337,브레이크 케이블,C002329,4,스포츠/레져 > 자전거 > 자전거부품 > 브레이크 케이블
쿠팡,C002338,서스펜션/쇼크,C002329,4,스포츠/레져 > 자전거 > 자전거부품 > 서스펜션/쇼크
쿠팡,C002339,스템,C002329,4,스포츠/레져 > 자전거 > 자전거부품 > 스템
쿠팡,C002340,스포크/바퀴 부품,C002329,4,스포츠/레져 > 자전거 > 자전거부품 > 스포크/바퀴 부품
쿠팡,C002341,안장부품,C002329,4,스포츠/레져 > 자전거 > 자전거부품 > 안장부품
쿠팡,C002342,자전거 안장,C002329,4,스포츠/레져 > 자전거 > 자전거부품 > 자전거 안장
쿠팡,C002343,자전거 타이어,C002329,4,스포츠/레져 > 자전거 > 자전거부품 > 자전거 타이어
쿠팡,C002344,자전거 튜브,C002329,4,스포츠/레져 > 자전거 > 자전거부품 > 자전거 튜브
쿠팡,C002345,자전거 페달,C002329,4,스포츠/레져 > 자전거 > 자전거부품 > 자전거 페달
쿠팡,C002346,자전거 포크,C002329,4,스포츠/레져 > 자전거 > 자전거부품 > 자전거 포크
쿠팡,C002347,자전거 프레임,C002329,4,스포츠/레져 > 자전거 > 자전거부품 > 자전거 프레임
쿠팡,C002348,전기자전거 배터리,C002329,4,스포츠/레져 > 자전거 > 자전거부품 > 전기자전거 배터리
쿠팡,C002349,체인,C002329,4,스포츠/레져 > 자전거 > 자전거부품 > 체인
쿠팡,C002350,체인/변속기 부품,C002329,4,스포츠/레져 > 자전거 > 자전거부품 > 체인/변속기 부품
쿠팡,C002351,체인링,C002329,4,스포츠/레져 > 자전거 > 자전거부품 > 체인링
쿠팡,C002352,체인텐셔너,C002329,4,스포츠/레져 > 자전거 > 자전거부품 > 체인텐셔너
쿠팡,C002353,크랭크암,C002329,4,스포츠/레져 > 자전거 > 자전거부품 > 크랭크암
쿠팡,C002354,클릿/페달 부속품,C002329,4,스포츠/레져 > 자전거 > 자전거부품 > 클릿/페달 부속품
쿠팡,C002356,타이어/바퀴,C002329,4,스포츠/레져 > 자전거 > 자전거부품 > 타이어/바퀴
쿠팡,C002355,보조바퀴,C002356,5,스포츠/레져 > 자전거 > 자전거부품 > 타이어/바퀴 > 보조바퀴
쿠팡,C002357,프리휠/스프라켓,C002329,4,스포츠/레져 > 자전거 > 자전거부품 > 프리휠/스프라켓
쿠팡,C002358,핸들 그립,C002329,4,스포츠/레져 > 자전거 > 자전거부품 > 핸들 그립
쿠팡,C002359,핸들바,C002329,4,스포츠/레져 > 자전거 > 자전거부품 > 핸들바
쿠팡,C002360,핸들바 테이프,C002329,4,스포츠/레져 > 자전거 > 자전거부품 > 핸들바 테이프
쿠팡,C002361,전기자전거,C002245,3,스포츠/레져 > 자전거 > 전기자전거
쿠팡,C002363,정비용품,C002245,3,스포츠/레져 > 자전거 > 정비용품
쿠팡,C002362,자전거 공구,C002363,4,스포츠/레져 > 자전거 > 정비용품 > 자전거 공구
쿠팡,C002364,자전거 세척/청소용품,C002363,4,스포츠/레져 > 자전거 > 정비용품 > 자전거 세척/청소용품
쿠팡,C002365,자전거 오일/윤활유,C002363,4,스포츠/레져 > 자전거 > 정비용품 > 자전거 오일/윤활유
쿠팡,C002366,자전거 펌프,C002363,4,스포츠/레져 > 자전거 > 정비용품 > 자전거 펌프
쿠팡,C002367,자전거 펑크패치,C002363,4,스포츠/레져 > 자전거 > 정비용품 > 자전거 펑크패치
쿠팡,C002368,클래식/미니벨로,C002245,3,스포츠/레져 > 자전거 > 클래식/미니벨로
쿠팡,C002369,텐덤/2인용 자전거,C002245,3,스포츠/레져 > 자전거 > 텐덤/2인용 자전거
쿠팡,C002370,펫바이크,C002245,3,스포츠/레져 > 자전거 > 펫바이크
쿠팡,C002371,픽시 자전거,C002245,3,스포츠/레져 > 자전거 > 픽시 자전거
쿠팡,C002372,하이브리드자전거,C002245,3,스포츠/레져 > 자전거 > 하이브리드자전거
쿠팡,C002375,철인3종경기,C001493,2,스포츠/레져 > 철인3종경기
쿠팡,C002374,경기복,C002375,3,스포츠/레져 > 철인3종경기 > 경기복
쿠팡,C002373,철인3종슈트/철인3종경기복,C002374,4,스포츠/레져 > 철인3종경기 > 경기복 > 철인3종슈트/철인3종경기복
쿠팡,C002377,측정용품,C001493,2,스포츠/레져 > 측정용품
쿠팡,C002376,계수기/카운터,C002377,3,스포츠/레져 > 측정용품 > 계수기/카운터
쿠팡,C002378,만보기/심박/칼로리측정기,C002377,3,스포츠/레져 > 측정용품 > 만보기/심박/칼로리측정기
쿠팡,C002379,스톱워치/타이머,C002377,3,스포츠/레져 > 측정용품 > 스톱워치/타이머
쿠팡,C002382,캠핑,C001493,2,스포츠/레져 > 캠핑
쿠팡,C002381,랜턴/조명,C002382,3,스포츠/레져 > 캠핑 > 랜턴/조명
쿠팡,C002380,랜턴,C002381,4,스포츠/레져 > 캠핑 > 랜턴/조명 > 랜턴
쿠팡,C002383,랜턴거치대/랜턴걸이,C002381,4,스포츠/레져 > 캠핑 > 랜턴/조명 > 랜턴거치대/랜턴걸이
쿠팡,C002384,랜턴소품,C002381,4,스포츠/레져 > 캠핑 > 랜턴/조명 > 랜턴소품
쿠팡,C002385,손전등,C002381,4,스포츠/레져 > 캠핑 > 랜턴/조명 > 손전등
쿠팡,C002386,헤드랜턴,C002381,4,스포츠/레져 > 캠핑 > 랜턴/조명 > 헤드랜턴
쿠팡,C002388,수납/정리소품,C002382,3,스포츠/레져 > 캠핑 > 수납/정리소품
쿠팡,C002387,캠핑 가방/케이스,C002388,4,스포츠/레져 > 캠핑 > 수납/정리소품 > 캠핑 가방/케이스
쿠팡,C002389,캠핑소품,C002388,4,스포츠/레져 > 캠핑 > 수납/정리소품 > 캠핑소품
쿠팡,C002390,캠핑용 건조대,C002388,4,스포츠/레져 > 캠핑 > 수납/정리소품 > 캠핑용 건조대
쿠팡,C002391,캠핑용 수납/선반,C002388,4,스포츠/레져 > 캠핑 > 수납/정리소품 > 캠핑용 수납/선반
쿠팡,C002392,캠핑장식용품,C002388,4,스포츠/레져 > 캠핑 > 수납/정리소품 > 캠핑장식용품
쿠팡,C002393,캠핑트레일러/캠핑웨건,C002388,4,스포츠/레져 > 캠핑 > 수납/정리소품 > 캠핑트레일러/캠핑웨건
쿠팡,C002395,의자/테이블,C002382,3,스포츠/레져 > 캠핑 > 의자/테이블
쿠팡,C002394,그네의자/해먹의자,C002395,4,스포츠/레져 > 캠핑 > 의자/테이블 > 그네의자/해먹의자
쿠팡,C002396,바베큐 테이블,C002395,4,스포츠/레져 > 캠핑 > 의자/테이블 > 바베큐 테이블
쿠팡,C002397,의자/테이블 세트,C002395,4,스포츠/레져 > 캠핑 > 의자/테이블 > 의자/테이블 세트
쿠팡,C002398,캠핑 테이블,C002395,4,스포츠/레져 > 캠핑 > 의자/테이블 > 캠핑 테이블
쿠팡,C002399,캠핑 테이블보,C002395,4,스포츠/레져 > 캠핑 > 의자/테이블 > 캠핑 테이블보
쿠팡,C002400,캠핑의자,C002395,4,스포츠/레져 > 캠핑 > 의자/테이블 > 캠핑의자
쿠팡,C002402,침낭/매트/해먹,C002382,3,스포츠/레져 > 캠핑 > 침낭/매트/해먹
쿠팡,C002401,돗자리,C002402,4,스포츠/레져 > 캠핑 > 침낭/매트/해먹 > 돗자리
쿠팡,C002403,베개/담요,C002402,4,스포츠/레져 > 캠핑 > 침낭/매트/해먹 > 베개/담요
쿠팡,C002404,야전침대,C002402,4,스포츠/레져 > 캠핑 > 침낭/매트/해먹 > 야전침대
쿠팡,C002405,에어매트/매트리스,C002402,4,스포츠/레져 > 캠핑 > 침낭/매트/해먹 > 에어매트/매트리스
쿠팡,C002406,이너매트/시트,C002402,4,스포츠/레져 > 캠핑 > 침낭/매트/해먹 > 이너매트/시트
쿠팡,C002407,침낭,C002402,4,스포츠/레져 > 캠핑 > 침낭/매트/해먹 > 침낭
쿠팡,C002408,침낭라이너,C002402,4,스포츠/레져 > 캠핑 > 침낭/매트/해먹 > 침낭라이너
쿠팡,C002409,침낭커버,C002402,4,스포츠/레져 > 캠핑 > 침낭/매트/해먹 > 침낭커버
쿠팡,C002410,침낭파우치,C002402,4,스포츠/레져 > 캠핑 > 침낭/매트/해먹 > 침낭파우치
쿠팡,C002411,캠핑매트/매트리스,C002402,4,스포츠/레져 > 캠핑 > 침낭/매트/해먹 > 캠핑매트/매트리스
쿠팡,C002412,캠핑방석,C002402,4,스포츠/레져 > 캠핑 > 침낭/매트/해먹 > 캠핑방석
쿠팡,C002413,해먹,C002402,4,스포츠/레져 > 캠핑 > 침낭/매트/해먹 > 해먹
쿠팡,C002414,해먹/침대 설치소품,C002402,4,스포츠/레져 > 캠핑 > 침낭/매트/해먹 > 해먹/침대 설치소품
쿠팡,C002416,캠핑공구,C002382,3,스포츠/레져 > 캠핑 > 캠핑공구
쿠팡,C002415,기타 캠핑 공구,C002416,4,스포츠/레져 > 캠핑 > 캠핑공구 > 기타 캠핑 공구
쿠팡,C002417,마체테/정글칼,C002416,4,스포츠/레져 > 캠핑 > 캠핑공구 > 마체테/정글칼
쿠팡,C002418,멀티툴/캠핑공구 세트,C002416,4,스포츠/레져 > 캠핑 > 캠핑공구 > 멀티툴/캠핑공구 세트
쿠팡,C002419,야전삽,C002416,4,스포츠/레져 > 캠핑 > 캠핑공구 > 야전삽
쿠팡,C002420,캠핑공구 가방,C002416,4,스포츠/레져 > 캠핑 > 캠핑공구 > 캠핑공구 가방
쿠팡,C002421,캠핑난방용품,C002416,4,스포츠/레져 > 캠핑 > 캠핑공구 > 캠핑난방용품
쿠팡,C002422,캠핑용 도끼/톱/망치,C002416,4,스포츠/레져 > 캠핑 > 캠핑공구 > 캠핑용 도끼/톱/망치
쿠팡,C002423,캠핑용 칼,C002416,4,스포츠/레져 > 캠핑 > 캠핑공구 > 캠핑용 칼
쿠팡,C002425,캠핑주방용품,C002382,3,스포츠/레져 > 캠핑 > 캠핑주방용품
쿠팡,C002424,가스/연료,C002425,4,스포츠/레져 > 캠핑 > 캠핑주방용품 > 가스/연료
쿠팡,C002426,가스그릴,C002425,4,스포츠/레져 > 캠핑 > 캠핑주방용품 > 가스그릴
쿠팡,C002427,가스토치,C002425,4,스포츠/레져 > 캠핑 > 캠핑주방용품 > 가스토치
쿠팡,C002428,그릴/오븐 소품,C002425,4,스포츠/레져 > 캠핑 > 캠핑주방용품 > 그릴/오븐 소품
쿠팡,C002429,그릴스탠드/버너스탠드,C002425,4,스포츠/레져 > 캠핑 > 캠핑주방용품 > 그릴스탠드/버너스탠드
쿠팡,C002430,냄비/프라이팬,C002425,4,스포츠/레져 > 캠핑 > 캠핑주방용품 > 냄비/프라이팬
쿠팡,C002431,다용도 보관용기,C002425,4,스포츠/레져 > 캠핑 > 캠핑주방용품 > 다용도 보관용기
쿠팡,C002432,더치오븐,C002425,4,스포츠/레져 > 캠핑 > 캠핑주방용품 > 더치오븐
쿠팡,C002433,물통,C002425,4,스포츠/레져 > 캠핑 > 캠핑주방용품 > 물통
쿠팡,C002434,바베큐 도구,C002425,4,스포츠/레져 > 캠핑 > 캠핑주방용품 > 바베큐 도구
쿠팡,C002435,반합/도시락통,C002425,4,스포츠/레져 > 캠핑 > 캠핑주방용품 > 반합/도시락통
쿠팡,C002436,발열제,C002425,4,스포츠/레져 > 캠핑 > 캠핑주방용품 > 발열제
쿠팡,C002437,버너 바람막이,C002425,4,스포츠/레져 > 캠핑 > 캠핑주방용품 > 버너 바람막이
쿠팡,C002438,버너 소품,C002425,4,스포츠/레져 > 캠핑 > 캠핑주방용품 > 버너 소품
쿠팡,C002439,버너/스토브,C002425,4,스포츠/레져 > 캠핑 > 캠핑주방용품 > 버너/스토브
쿠팡,C002440,볼,C002425,4,스포츠/레져 > 캠핑 > 캠핑주방용품 > 볼
쿠팡,C002441,설거지통,C002425,4,스포츠/레져 > 캠핑 > 캠핑주방용품 > 설거지통
쿠팡,C002442,수저/커트러리,C002425,4,스포츠/레져 > 캠핑 > 캠핑주방용품 > 수저/커트러리
쿠팡,C002443,숯/장작,C002425,4,스포츠/레져 > 캠핑 > 캠핑주방용품 > 숯/장작
쿠팡,C002444,숯불그릴/화로대,C002425,4,스포츠/레져 > 캠핑 > 캠핑주방용품 > 숯불그릴/화로대
쿠팡,C002445,스모커,C002425,4,스포츠/레져 > 캠핑 > 캠핑주방용품 > 스모커
쿠팡,C002446,식기세트,C002425,4,스포츠/레져 > 캠핑 > 캠핑주방용품 > 식기세트
쿠팡,C002448,아이스박스/쿨러,C002425,4,스포츠/레져 > 캠핑 > 캠핑주방용품 > 아이스박스/쿨러
쿠팡,C002447,소프트쿨러,C002448,5,스포츠/레져 > 캠핑 > 캠핑주방용품 > 아이스박스/쿨러 > 소프트쿨러
쿠팡,C002449,하드쿨러/아이스박스,C002448,5,스포츠/레져 > 캠핑 > 캠핑주방용품 > 아이스박스/쿨러 > 하드쿨러/아이스박스
쿠팡,C002450,양념통,C002425,4,스포츠/레져 > 캠핑 > 캠핑주방용품 > 양념통
쿠팡,C002451,연료통,C002425,4,스포츠/레져 > 캠핑 > 캠핑주방용품 > 연료통
쿠팡,C002452,재받침/숯받침대,C002425,4,스포츠/레져 > 캠핑 > 캠핑주방용품 > 재받침/숯받침대
쿠팡,C002453,조리도구세트,C002425,4,스포츠/레져 > 캠핑 > 캠핑주방용품 > 조리도구세트
쿠팡,C002454,주전자,C002425,4,스포츠/레져 > 캠핑 > 캠핑주방용품 > 주전자
쿠팡,C002455,칼/도마,C002425,4,스포츠/레져 > 캠핑 > 캠핑주방용품 > 칼/도마
쿠팡,C002456,캠핑 정수용품,C002425,4,스포츠/레져 > 캠핑 > 캠핑주방용품 > 캠핑 정수용품
쿠팡,C002457,커피메이커,C002425,4,스포츠/레져 > 캠핑 > 캠핑주방용품 > 커피메이커
쿠팡,C002458,컵,C002425,4,스포츠/레져 > 캠핑 > 캠핑주방용품 > 컵
쿠팡,C002459,코펠세트,C002425,4,스포츠/레져 > 캠핑 > 캠핑주방용품 > 코펠세트
쿠팡,C002460,플레이트,C002425,4,스포츠/레져 > 캠핑 > 캠핑주방용품 > 플레이트
쿠팡,C002462,타프/그늘막,C002382,3,스포츠/레져 > 캠핑 > 타프/그늘막
쿠팡,C002461,베스티블,C002462,4,스포츠/레져 > 캠핑 > 타프/그늘막 > 베스티블
쿠팡,C002463,어닝/사이드월,C002462,4,스포츠/레져 > 캠핑 > 타프/그늘막 > 어닝/사이드월
쿠팡,C002464,차광막/루프,C002462,4,스포츠/레져 > 캠핑 > 타프/그늘막 > 차광막/루프
쿠팡,C002465,천막/캐노피,C002462,4,스포츠/레져 > 캠핑 > 타프/그늘막 > 천막/캐노피
쿠팡,C002466,타프,C002462,4,스포츠/레져 > 캠핑 > 타프/그늘막 > 타프
쿠팡,C002467,타프스크린/타프쉘,C002462,4,스포츠/레져 > 캠핑 > 타프/그늘막 > 타프스크린/타프쉘
쿠팡,C002468,파라솔,C002462,4,스포츠/레져 > 캠핑 > 타프/그늘막 > 파라솔
쿠팡,C002470,텐트,C002382,3,스포츠/레져 > 캠핑 > 텐트
쿠팡,C002469,거실형/캐빈 텐트,C002470,4,스포츠/레져 > 캠핑 > 텐트 > 거실형/캐빈 텐트
쿠팡,C002471,그늘막 텐트,C002470,4,스포츠/레져 > 캠핑 > 텐트 > 그늘막 텐트
쿠팡,C002472,루프탑텐트,C002470,4,스포츠/레져 > 캠핑 > 텐트 > 루프탑텐트
쿠팡,C002473,비비색,C002470,4,스포츠/레져 > 캠핑 > 텐트 > 비비색
쿠팡,C002474,알파인/돔형 텐트,C002470,4,스포츠/레져 > 캠핑 > 텐트 > 알파인/돔형 텐트
쿠팡,C002475,티피 텐트,C002470,4,스포츠/레져 > 캠핑 > 텐트 > 티피 텐트
쿠팡,C002477,텐트/타프 부품,C002382,3,스포츠/레져 > 캠핑 > 텐트/타프 부품
쿠팡,C002476,TPU창/패널,C002477,4,스포츠/레져 > 캠핑 > 텐트/타프 부품 > TPU창/패널
쿠팡,C002478,기타 텐트 부품,C002477,4,스포츠/레져 > 캠핑 > 텐트/타프 부품 > 기타 텐트 부품
쿠팡,C002479,수선/수리 용품,C002477,4,스포츠/레져 > 캠핑 > 텐트/타프 부품 > 수선/수리 용품
쿠팡,C002480,스토퍼,C002477,4,스포츠/레져 > 캠핑 > 텐트/타프 부품 > 스토퍼
쿠팡,C002481,스트링 가드,C002477,4,스포츠/레져 > 캠핑 > 텐트/타프 부품 > 스트링 가드
쿠팡,C002482,타프클립,C002477,4,스포츠/레져 > 캠핑 > 텐트/타프 부품 > 타프클립
쿠팡,C002483,탄성끈/스트레치코드,C002477,4,스포츠/레져 > 캠핑 > 텐트/타프 부품 > 탄성끈/스트레치코드
쿠팡,C002484,텐트로프/스트링,C002477,4,스포츠/레져 > 캠핑 > 텐트/타프 부품 > 텐트로프/스트링
쿠팡,C002485,텐트펙,C002477,4,스포츠/레져 > 캠핑 > 텐트/타프 부품 > 텐트펙
쿠팡,C002486,폴대,C002477,4,스포츠/레져 > 캠핑 > 텐트/타프 부품 > 폴대
쿠팡,C002487,풋프린트/그라운드시트,C002477,4,스포츠/레져 > 캠핑 > 텐트/타프 부품 > 풋프린트/그라운드시트
쿠팡,C002489,화장실/샤워용품,C002382,3,스포츠/레져 > 캠핑 > 화장실/샤워용품
쿠팡,C002488,샤워부스/샤워텐트,C002489,4,스포츠/레져 > 캠핑 > 화장실/샤워용품 > 샤워부스/샤워텐트
쿠팡,C002490,캠핑 샤워기,C002489,4,스포츠/레져 > 캠핑 > 화장실/샤워용품 > 캠핑 샤워기
쿠팡,C002491,캠핑 세면기/물 키트,C002489,4,스포츠/레져 > 캠핑 > 화장실/샤워용품 > 캠핑 세면기/물 키트
쿠팡,C002492,캠핑용 변기/변기커버,C002489,4,스포츠/레져 > 캠핑 > 화장실/샤워용품 > 캠핑용 변기/변기커버
쿠팡,C002495,킥보드/스케이트,C001493,2,스포츠/레져 > 킥보드/스케이트
쿠팡,C002494,스케이트보드,C002495,3,스포츠/레져 > 킥보드/스케이트 > 스케이트보드
쿠팡,C002493,롱보드,C002494,4,스포츠/레져 > 킥보드/스케이트 > 스케이트보드 > 롱보드
쿠팡,C002496,보드공구/툴,C002494,4,스포츠/레져 > 킥보드/스케이트 > 스케이트보드 > 보드공구/툴
쿠팡,C002498,보드부품,C002494,4,스포츠/레져 > 킥보드/스케이트 > 스케이트보드 > 보드부품
쿠팡,C002497,그립테이프,C002498,5,스포츠/레져 > 킥보드/스케이트 > 스케이트보드 > 보드부품 > 그립테이프
쿠팡,C002499,데크,C002498,5,스포츠/레져 > 킥보드/스케이트 > 스케이트보드 > 보드부품 > 데크
쿠팡,C002500,베어링,C002498,5,스포츠/레져 > 킥보드/스케이트 > 스케이트보드 > 보드부품 > 베어링
쿠팡,C002501,트럭/부싱,C002498,5,스포츠/레져 > 킥보드/스케이트 > 스케이트보드 > 보드부품 > 트럭/부싱
쿠팡,C002502,휠,C002498,5,스포츠/레져 > 킥보드/스케이트 > 스케이트보드 > 보드부품 > 휠
쿠팡,C002503,스케이트보드,C002494,4,스포츠/레져 > 킥보드/스케이트 > 스케이트보드 > 스케이트보드
쿠팡,C002504,스케이트보드 가방,C002494,4,스포츠/레져 > 킥보드/스케이트 > 스케이트보드 > 스케이트보드 가방
쿠팡,C002505,에스보드,C002494,4,스포츠/레져 > 킥보드/스케이트 > 스케이트보드 > 에스보드
쿠팡,C002506,크루져보드,C002494,4,스포츠/레져 > 킥보드/스케이트 > 스케이트보드 > 크루져보드
쿠팡,C002508,인라인/롤러스케이트,C002495,3,스포츠/레져 > 킥보드/스케이트 > 인라인/롤러스케이트
쿠팡,C002507,롤러스케이트(성인용),C002508,4,스포츠/레져 > 킥보드/스케이트 > 인라인/롤러스케이트 > 롤러스케이트(성인용)
쿠팡,C002509,롤러스케이트(아동용/아동성인공용),C002508,4,스포츠/레져 > 킥보드/스케이트 > 인라인/롤러스케이트 > 롤러스케이트(아동용/아동성인공용)
쿠팡,C002510,인라인/롤러스케이트 부품,C002508,4,스포츠/레져 > 킥보드/스케이트 > 인라인/롤러스케이트 > 인라인/롤러스케이트 부품
쿠팡,C002511,인라인/롤러스케이트 정비공구,C002508,4,스포츠/레져 > 킥보드/스케이트 > 인라인/롤러스케이트 > 인라인/롤러스케이트 정비공구
쿠팡,C002512,인라인스케이트 가방,C002508,4,스포츠/레져 > 킥보드/스케이트 > 인라인/롤러스케이트 > 인라인스케이트 가방
쿠팡,C002513,인라인스케이트(성인용),C002508,4,스포츠/레져 > 킥보드/스케이트 > 인라인/롤러스케이트 > 인라인스케이트(성인용)
쿠팡,C002514,인라인스케이트(아동용/아동성인공용),C002508,4,스포츠/레져 > 킥보드/스케이트 > 인라인/롤러스케이트 > 인라인스케이트(아동용/아동성인공용)
쿠팡,C002515,탈부착형 슈즈롤러,C002508,4,스포츠/레져 > 킥보드/스케이트 > 인라인/롤러스케이트 > 탈부착형 슈즈롤러
쿠팡,C002517,전동휠/보드,C002495,3,스포츠/레져 > 킥보드/스케이트 > 전동휠/보드
쿠팡,C002516,배터리/충전기,C002517,4,스포츠/레져 > 킥보드/스케이트 > 전동휠/보드 > 배터리/충전기
쿠팡,C002518,저속전동스쿠터,C002517,4,스포츠/레져 > 킥보드/스케이트 > 전동휠/보드 > 저속전동스쿠터
쿠팡,C002519,전동 킥보드(성인용),C002517,4,스포츠/레져 > 킥보드/스케이트 > 전동휠/보드 > 전동 킥보드(성인용)
쿠팡,C002520,전동 킥보드(아동용/아동성인공용),C002517,4,스포츠/레져 > 킥보드/스케이트 > 전동휠/보드 > 전동 킥보드(아동용/아동성인공용)
쿠팡,C002521,전동 휠,C002517,4,스포츠/레져 > 킥보드/스케이트 > 전동휠/보드 > 전동 휠
쿠팡,C002523,킥보드/트라이더,C002495,3,스포츠/레져 > 킥보드/스케이트 > 킥보드/트라이더
쿠팡,C002522,킥보드 바퀴,C002523,4,스포츠/레져 > 킥보드/스케이트 > 킥보드/트라이더 > 킥보드 바퀴
쿠팡,C002524,킥보드 부품,C002523,4,스포츠/레져 > 킥보드/스케이트 > 킥보드/트라이더 > 킥보드 부품
쿠팡,C002525,킥보드(성인용),C002523,4,스포츠/레져 > 킥보드/스케이트 > 킥보드/트라이더 > 킥보드(성인용)
쿠팡,C002526,킥보드(아동용/아동성인공용),C002523,4,스포츠/레져 > 킥보드/스케이트 > 킥보드/트라이더 > 킥보드(아동용/아동성인공용)
쿠팡,C002527,트라이더,C002523,4,스포츠/레져 > 킥보드/스케이트 > 킥보드/트라이더 > 트라이더
쿠팡,C002530,헬스/요가,C001493,2,스포츠/레져 > 헬스/요가
쿠팡,C002529,요가/필라테스 잡화,C002530,3,스포츠/레져 > 헬스/요가 > 요가/필라테스 잡화
쿠팡,C002528,요가양말/필라테스양말,C002529,4,스포츠/레져 > 헬스/요가 > 요가/필라테스 잡화 > 요가양말/필라테스양말
쿠팡,C002531,요가장갑,C002529,4,스포츠/레져 > 헬스/요가 > 요가/필라테스 잡화 > 요가장갑
쿠팡,C002533,요가/필라테스용품,C002530,3,스포츠/레져 > 헬스/요가 > 요가/필라테스용품
쿠팡,C002532,마사지볼/라크로스볼,C002533,4,스포츠/레져 > 헬스/요가 > 요가/필라테스용품 > 마사지볼/라크로스볼
쿠팡,C002534,메디신볼/토닝볼,C002533,4,스포츠/레져 > 헬스/요가 > 요가/필라테스용품 > 메디신볼/토닝볼
쿠팡,C002535,요가매트,C002533,4,스포츠/레져 > 헬스/요가 > 요가/필라테스용품 > 요가매트
쿠팡,C002536,요가매트 가방,C002533,4,스포츠/레져 > 헬스/요가 > 요가/필라테스용품 > 요가매트 가방
쿠팡,C002537,요가밴드,C002533,4,스포츠/레져 > 헬스/요가 > 요가/필라테스용품 > 요가밴드
쿠팡,C002538,요가블럭,C002533,4,스포츠/레져 > 헬스/요가 > 요가/필라테스용품 > 요가블럭
쿠팡,C002539,요가스트랩/벨트,C002533,4,스포츠/레져 > 헬스/요가 > 요가/필라테스용품 > 요가스트랩/벨트
쿠팡,C002540,요가타올,C002533,4,스포츠/레져 > 헬스/요가 > 요가/필라테스용품 > 요가타올
쿠팡,C002541,요가해먹/고정장치,C002533,4,스포츠/레져 > 헬스/요가 > 요가/필라테스용품 > 요가해먹/고정장치
쿠팡,C002542,짐볼,C002533,4,스포츠/레져 > 헬스/요가 > 요가/필라테스용품 > 짐볼
쿠팡,C002543,폼롤러,C002533,4,스포츠/레져 > 헬스/요가 > 요가/필라테스용품 > 폼롤러
쿠팡,C002544,필라테스 링,C002533,4,스포츠/레져 > 헬스/요가 > 요가/필라테스용품 > 필라테스 링
쿠팡,C002545,필라테스기구/리포머,C002533,4,스포츠/레져 > 헬스/요가 > 요가/필라테스용품 > 필라테스기구/리포머
쿠팡,C002546,필라테스의자,C002533,4,스포츠/레져 > 헬스/요가 > 요가/필라테스용품 > 필라테스의자
쿠팡,C002548,헬스기구/용품,C002530,3,스포츠/레져 > 헬스/요가 > 헬스기구/용품
쿠팡,C002547,AB휠/슬라이더,C002548,4,스포츠/레져 > 헬스/요가 > 헬스기구/용품 > AB휠/슬라이더
쿠팡,C002549,EMS 트레이닝,C002548,4,스포츠/레져 > 헬스/요가 > 헬스기구/용품 > EMS 트레이닝
쿠팡,C002550,거꾸리,C002548,4,스포츠/레져 > 헬스/요가 > 헬스기구/용품 > 거꾸리
쿠팡,C002551,기타운동기구,C002548,4,스포츠/레져 > 헬스/요가 > 헬스기구/용품 > 기타운동기구
쿠팡,C002552,기타헬스소품,C002548,4,스포츠/레져 > 헬스/요가 > 헬스기구/용품 > 기타헬스소품
쿠팡,C002553,다리운동도구,C002548,4,스포츠/레져 > 헬스/요가 > 헬스기구/용품 > 다리운동도구
쿠팡,C002554,딥바/딥스바,C002548,4,스포츠/레져 > 헬스/요가 > 헬스기구/용품 > 딥바/딥스바
쿠팡,C002555,랫풀다운,C002548,4,스포츠/레져 > 헬스/요가 > 헬스기구/용품 > 랫풀다운
쿠팡,C002556,런닝머신,C002548,4,스포츠/레져 > 헬스/요가 > 헬스기구/용품 > 런닝머신
쿠팡,C002557,런닝머신 오일,C002548,4,스포츠/레져 > 헬스/요가 > 헬스기구/용품 > 런닝머신 오일
쿠팡,C002558,레그 프레스,C002548,4,스포츠/레져 > 헬스/요가 > 헬스기구/용품 > 레그 프레스
쿠팡,C002559,레그익스텐션,C002548,4,스포츠/레져 > 헬스/요가 > 헬스기구/용품 > 레그익스텐션
쿠팡,C002560,레그컬,C002548,4,스포츠/레져 > 헬스/요가 > 헬스기구/용품 > 레그컬
쿠팡,C002561,로만체어,C002548,4,스포츠/레져 > 헬스/요가 > 헬스기구/용품 > 로만체어
쿠팡,C002562,로잉머신,C002548,4,스포츠/레져 > 헬스/요가 > 헬스기구/용품 > 로잉머신
쿠팡,C002563,마구리,C002548,4,스포츠/레져 > 헬스/요가 > 헬스기구/용품 > 마구리
쿠팡,C002564,멀티힙,C002548,4,스포츠/레져 > 헬스/요가 > 헬스기구/용품 > 멀티힙
쿠팡,C002565,모래주머니/웨이트벨트,C002548,4,스포츠/레져 > 헬스/요가 > 헬스기구/용품 > 모래주머니/웨이트벨트
쿠팡,C002566,바/원판/바벨,C002548,4,스포츠/레져 > 헬스/요가 > 헬스기구/용품 > 바/원판/바벨
쿠팡,C002567,밸런스쿠션/보드,C002548,4,스포츠/레져 > 헬스/요가 > 헬스기구/용품 > 밸런스쿠션/보드
쿠팡,C002568,벤치/보드,C002548,4,스포츠/레져 > 헬스/요가 > 헬스기구/용품 > 벤치/보드
쿠팡,C002569,벨트마사지기,C002548,4,스포츠/레져 > 헬스/요가 > 헬스기구/용품 > 벨트마사지기
쿠팡,C002570,숄더/체스트프레스,C002548,4,스포츠/레져 > 헬스/요가 > 헬스기구/용품 > 숄더/체스트프레스
쿠팡,C002571,스쿼트랙/머신,C002548,4,스포츠/레져 > 헬스/요가 > 헬스기구/용품 > 스쿼트랙/머신
쿠팡,C002572,스테퍼,C002548,4,스포츠/레져 > 헬스/요가 > 헬스기구/용품 > 스테퍼
쿠팡,C002573,스텝박스,C002548,4,스포츠/레져 > 헬스/요가 > 헬스기구/용품 > 스텝박스
쿠팡,C002574,스트레칭보드/기구,C002548,4,스포츠/레져 > 헬스/요가 > 헬스기구/용품 > 스트레칭보드/기구
쿠팡,C002575,스트레칭봉,C002548,4,스포츠/레져 > 헬스/요가 > 헬스기구/용품 > 스트레칭봉
쿠팡,C002576,스포츠테이프,C002548,4,스포츠/레져 > 헬스/요가 > 헬스기구/용품 > 스포츠테이프
쿠팡,C002577,승마운동기구,C002548,4,스포츠/레져 > 헬스/요가 > 헬스기구/용품 > 승마운동기구
쿠팡,C002578,아령/덤벨,C002548,4,스포츠/레져 > 헬스/요가 > 헬스기구/용품 > 아령/덤벨
쿠팡,C002579,악력기/완력기,C002548,4,스포츠/레져 > 헬스/요가 > 헬스기구/용품 > 악력기/완력기
쿠팡,C002580,이너타이,C002548,4,스포츠/레져 > 헬스/요가 > 헬스기구/용품 > 이너타이
쿠팡,C002581,일립티컬,C002548,4,스포츠/레져 > 헬스/요가 > 헬스기구/용품 > 일립티컬
쿠팡,C002582,자동스테퍼,C002548,4,스포츠/레져 > 헬스/요가 > 헬스기구/용품 > 자동스테퍼
쿠팡,C002583,줄넘기,C002548,4,스포츠/레져 > 헬스/요가 > 헬스기구/용품 > 줄넘기
쿠팡,C002584,중량조끼,C002548,4,스포츠/레져 > 헬스/요가 > 헬스기구/용품 > 중량조끼
쿠팡,C002585,진동운동기구,C002548,4,스포츠/레져 > 헬스/요가 > 헬스기구/용품 > 진동운동기구
쿠팡,C002586,짐로프/밧줄운동,C002548,4,스포츠/레져 > 헬스/요가 > 헬스기구/용품 > 짐로프/밧줄운동
쿠팡,C002587,철봉,C002548,4,스포츠/레져 > 헬스/요가 > 헬스기구/용품 > 철봉
쿠팡,C002588,치닝디핑,C002548,4,스포츠/레져 > 헬스/요가 > 헬스기구/용품 > 치닝디핑
쿠팡,C002589,케틀벨,C002548,4,스포츠/레져 > 헬스/요가 > 헬스기구/용품 > 케틀벨
쿠팡,C002590,튜빙밴드/근력밴드,C002548,4,스포츠/레져 > 헬스/요가 > 헬스기구/용품 > 튜빙밴드/근력밴드
쿠팡,C002591,트램펄린,C002548,4,스포츠/레져 > 헬스/요가 > 헬스기구/용품 > 트램펄린
쿠팡,C002592,트위스트운동기구,C002548,4,스포츠/레져 > 헬스/요가 > 헬스기구/용품 > 트위스트운동기구
쿠팡,C002593,푸쉬업바,C002548,4,스포츠/레져 > 헬스/요가 > 헬스기구/용품 > 푸쉬업바
쿠팡,C002594,헬스보호대,C002548,4,스포츠/레져 > 헬스/요가 > 헬스기구/용품 > 헬스보호대
쿠팡,C002595,헬스사이클,C002548,4,스포츠/레져 > 헬스/요가 > 헬스기구/용품 > 헬스사이클
쿠팡,C002596,헬스스트랩,C002548,4,스포츠/레져 > 헬스/요가 > 헬스기구/용품 > 헬스스트랩
쿠팡,C002597,헬스용품 정리대,C002548,4,스포츠/레져 > 헬스/요가 > 헬스기구/용품 > 헬스용품 정리대
쿠팡,C002598,헬스장갑,C002548,4,스포츠/레져 > 헬스/요가 > 헬스기구/용품 > 헬스장갑
쿠팡,C002599,홈짐세트,C002548,4,스포츠/레져 > 헬스/요가 > 헬스기구/용품 > 홈짐세트
쿠팡,C002600,훌라후프,C002548,4,스포츠/레져 > 헬스/요가 > 헬스기구/용품 > 훌라후프
쿠팡,C002604,패션의류잡화,ROOT,1,패션의류잡화
쿠팡,C002603,남성패션,C002604,2,패션의류잡화 > 남성패션
쿠팡,C002602,남성시계,C002603,3,패션의류잡화 > 남성패션 > 남성시계
쿠팡,C002601,남성가죽시계,C002602,4,패션의류잡화 > 남성패션 > 남성시계 > 남성가죽시계
쿠팡,C002605,남성메탈시계,C002602,4,패션의류잡화 > 남성패션 > 남성시계 > 남성메탈시계
쿠팡,C002606,남성세라믹시계,C002602,4,패션의류잡화 > 남성패션 > 남성시계 > 남성세라믹시계
쿠팡,C002607,남성스포츠시계,C002602,4,패션의류잡화 > 남성패션 > 남성시계 > 남성스포츠시계
쿠팡,C002608,남성젤리/우레탄시계,C002602,4,패션의류잡화 > 남성패션 > 남성시계 > 남성젤리/우레탄시계
쿠팡,C002609,남성패브릭시계,C002602,4,패션의류잡화 > 남성패션 > 남성시계 > 남성패브릭시계
쿠팡,C002612,남성의류,C002603,3,패션의류잡화 > 남성패션 > 남성의류
쿠팡,C002611,가디건,C002612,4,패션의류잡화 > 남성패션 > 남성의류 > 가디건
쿠팡,C002610,남성 기본(허리길이)가디건,C002611,5,패션의류잡화 > 남성패션 > 남성의류 > 가디건 > 남성 기본(허리길이)가디건
쿠팡,C002613,남성 롱 가디건,C002611,5,패션의류잡화 > 남성패션 > 남성의류 > 가디건 > 남성 롱 가디건
쿠팡,C002615,골프의류,C002612,4,패션의류잡화 > 남성패션 > 남성의류 > 골프의류
쿠팡,C002614,남성 골프 니트/가디건,C002615,5,패션의류잡화 > 남성패션 > 남성의류 > 골프의류 > 남성 골프 니트/가디건
쿠팡,C002616,남성 골프 바람막이/재킷,C002615,5,패션의류잡화 > 남성패션 > 남성의류 > 골프의류 > 남성 골프 바람막이/재킷
쿠팡,C002617,남성 골프 바지,C002615,5,패션의류잡화 > 남성패션 > 남성의류 > 골프의류 > 남성 골프 바지
쿠팡,C002618,남성 골프 셔츠,C002615,5,패션의류잡화 > 남성패션 > 남성의류 > 골프의류 > 남성 골프 셔츠
쿠팡,C002619,남성 골프 조끼,C002615,5,패션의류잡화 > 남성패션 > 남성의류 > 골프의류 > 남성 골프 조끼
쿠팡,C002620,남성 골프 티셔츠,C002615,5,패션의류잡화 > 남성패션 > 남성의류 > 골프의류 > 남성 골프 티셔츠
쿠팡,C002621,남성 골프 패딩/다운패딩,C002615,5,패션의류잡화 > 남성패션 > 남성의류 > 골프의류 > 남성 골프 패딩/다운패딩
쿠팡,C002622,남성 맨투맨,C002612,4,패션의류잡화 > 남성패션 > 남성의류 > 남성 맨투맨
쿠팡,C002623,남성 베스트(조끼),C002612,4,패션의류잡화 > 남성패션 > 남성의류 > 남성 베스트(조끼)
쿠팡,C002624,남성 와이셔츠(드레스셔츠),C002612,4,패션의류잡화 > 남성패션 > 남성의류 > 남성 와이셔츠(드레스셔츠)
쿠팡,C002625,남성 정장세트,C002612,4,패션의류잡화 > 남성패션 > 남성의류 > 남성 정장세트
쿠팡,C002626,남성 캐주얼 셔츠,C002612,4,패션의류잡화 > 남성패션 > 남성의류 > 남성 캐주얼 셔츠
쿠팡,C002627,남성 후드집업/집업류,C002612,4,패션의류잡화 > 남성패션 > 남성의류 > 남성 후드집업/집업류
쿠팡,C002628,남성 후드티,C002612,4,패션의류잡화 > 남성패션 > 남성의류 > 남성 후드티
쿠팡,C002629,남성레깅스,C002612,4,패션의류잡화 > 남성패션 > 남성의류 > 남성레깅스
쿠팡,C002631,등산/아웃도어 의류,C002612,4,패션의류잡화 > 남성패션 > 남성의류 > 등산/아웃도어 의류
쿠팡,C002630,남성 등산/아웃도어 니트/스웨터,C002631,5,패션의류잡화 > 남성패션 > 남성의류 > 등산/아웃도어 의류 > 남성 등산/아웃도어 니트/스웨터
쿠팡,C002632,남성 등산/아웃도어 바람막이/방수자켓,C002631,5,패션의류잡화 > 남성패션 > 남성의류 > 등산/아웃도어 의류 > 남성 등산/아웃도어 바람막이/방수자켓
쿠팡,C002633,남성 등산/아웃도어 바지,C002631,5,패션의류잡화 > 남성패션 > 남성의류 > 등산/아웃도어 의류 > 남성 등산/아웃도어 바지
쿠팡,C002634,남성 등산/아웃도어 셔츠,C002631,5,패션의류잡화 > 남성패션 > 남성의류 > 등산/아웃도어 의류 > 남성 등산/아웃도어 셔츠
쿠팡,C002635,남성 등산/아웃도어 조끼,C002631,5,패션의류잡화 > 남성패션 > 남성의류 > 등산/아웃도어 의류 > 남성 등산/아웃도어 조끼
쿠팡,C002636,남성 등산/아웃도어 패딩/점퍼,C002631,5,패션의류잡화 > 남성패션 > 남성의류 > 등산/아웃도어 의류 > 남성 등산/아웃도어 패딩/점퍼
쿠팡,C002637,남성 등산/아웃도어 플리스자켓,C002631,5,패션의류잡화 > 남성패션 > 남성의류 > 등산/아웃도어 의류 > 남성 등산/아웃도어 플리스자켓
쿠팡,C002639,등산/아웃도어 티셔츠,C002631,5,패션의류잡화 > 남성패션 > 남성의류 > 등산/아웃도어 의류 > 등산/아웃도어 티셔츠
쿠팡,C002638,남성 등산/아웃도어 트랙탑/집업,C002639,6,패션의류잡화 > 남성패션 > 남성의류 > 등산/아웃도어 의류 > 등산/아웃도어 티셔츠 > 남성 등산/아웃도어 트랙탑/집업
쿠팡,C002640,남성 등산/아웃도어 티셔츠,C002639,6,패션의류잡화 > 남성패션 > 남성의류 > 등산/아웃도어 의류 > 등산/아웃도어 티셔츠 > 남성 등산/아웃도어 티셔츠
쿠팡,C002642,바지/캐주얼,C002612,4,패션의류잡화 > 남성패션 > 남성의류 > 바지/캐주얼
쿠팡,C002641,남성 긴바지,C002642,5,패션의류잡화 > 남성패션 > 남성의류 > 바지/캐주얼 > 남성 긴바지
쿠팡,C002643,남성 반바지,C002642,5,패션의류잡화 > 남성패션 > 남성의류 > 바지/캐주얼 > 남성 반바지
쿠팡,C002644,남성 정장바지,C002642,5,패션의류잡화 > 남성패션 > 남성의류 > 바지/캐주얼 > 남성 정장바지
쿠팡,C002646,스웨터/니트,C002612,4,패션의류잡화 > 남성패션 > 남성의류 > 스웨터/니트
쿠팡,C002645,남성 라운드넥,C002646,5,패션의류잡화 > 남성패션 > 남성의류 > 스웨터/니트 > 남성 라운드넥
쿠팡,C002647,남성 브이넥,C002646,5,패션의류잡화 > 남성패션 > 남성의류 > 스웨터/니트 > 남성 브이넥
쿠팡,C002648,남성 카라넥,C002646,5,패션의류잡화 > 남성패션 > 남성의류 > 스웨터/니트 > 남성 카라넥
쿠팡,C002649,남성 터틀넥,C002646,5,패션의류잡화 > 남성패션 > 남성의류 > 스웨터/니트 > 남성 터틀넥
쿠팡,C002650,남성 후드,C002646,5,패션의류잡화 > 남성패션 > 남성의류 > 스웨터/니트 > 남성 후드
쿠팡,C002652,스포츠의류,C002612,4,패션의류잡화 > 남성패션 > 남성의류 > 스포츠의류
쿠팡,C002651,남성 스포츠 니트/스웨터,C002652,5,패션의류잡화 > 남성패션 > 남성의류 > 스포츠의류 > 남성 스포츠 니트/스웨터
쿠팡,C002653,남성 스포츠 상하의 세트,C002652,5,패션의류잡화 > 남성패션 > 남성의류 > 스포츠의류 > 남성 스포츠 상하의 세트
쿠팡,C002654,남성 스포츠 셔츠,C002652,5,패션의류잡화 > 남성패션 > 남성의류 > 스포츠의류 > 남성 스포츠 셔츠
쿠팡,C002656,댄스복,C002652,5,패션의류잡화 > 남성패션 > 남성의류 > 스포츠의류 > 댄스복
쿠팡,C002655,댄스스포츠티셔츠/셔츠,C002656,6,패션의류잡화 > 남성패션 > 남성의류 > 스포츠의류 > 댄스복 > 댄스스포츠티셔츠/셔츠
쿠팡,C002657,댄스스포츠팬츠,C002656,6,패션의류잡화 > 남성패션 > 남성의류 > 스포츠의류 > 댄스복 > 댄스스포츠팬츠
쿠팡,C002658,발레복,C002652,5,패션의류잡화 > 남성패션 > 남성의류 > 스포츠의류 > 발레복
쿠팡,C002660,수영복,C002652,5,패션의류잡화 > 남성패션 > 남성의류 > 스포츠의류 > 수영복
쿠팡,C002659,남성 비치웨어/비치점퍼/후드,C002660,6,패션의류잡화 > 남성패션 > 남성의류 > 스포츠의류 > 수영복 > 남성 비치웨어/비치점퍼/후드
쿠팡,C002662,스키/보드복,C002652,5,패션의류잡화 > 남성패션 > 남성의류 > 스포츠의류 > 스키/보드복
쿠팡,C002661,보드복바지,C002662,6,패션의류잡화 > 남성패션 > 남성의류 > 스포츠의류 > 스키/보드복 > 보드복바지
쿠팡,C002663,보드복상하의세트,C002662,6,패션의류잡화 > 남성패션 > 남성의류 > 스포츠의류 > 스키/보드복 > 보드복상하의세트
쿠팡,C002664,보드복자켓,C002662,6,패션의류잡화 > 남성패션 > 남성의류 > 스포츠의류 > 스키/보드복 > 보드복자켓
쿠팡,C002665,스키/보드복바지,C002662,6,패션의류잡화 > 남성패션 > 남성의류 > 스포츠의류 > 스키/보드복 > 스키/보드복바지
쿠팡,C002666,스키/보드복상의,C002662,6,패션의류잡화 > 남성패션 > 남성의류 > 스포츠의류 > 스키/보드복 > 스키/보드복상의
쿠팡,C002667,스키/보드복상하의세트,C002662,6,패션의류잡화 > 남성패션 > 남성의류 > 스포츠의류 > 스키/보드복 > 스키/보드복상하의세트
쿠팡,C002668,스키/보드복자켓,C002662,6,패션의류잡화 > 남성패션 > 남성의류 > 스포츠의류 > 스키/보드복 > 스키/보드복자켓
쿠팡,C002669,스키복바지,C002662,6,패션의류잡화 > 남성패션 > 남성의류 > 스포츠의류 > 스키/보드복 > 스키복바지
쿠팡,C002670,스키복상하의세트,C002662,6,패션의류잡화 > 남성패션 > 남성의류 > 스포츠의류 > 스키/보드복 > 스키복상하의세트
쿠팡,C002671,스키복자켓,C002662,6,패션의류잡화 > 남성패션 > 남성의류 > 스포츠의류 > 스키/보드복 > 스키복자켓
쿠팡,C002673,스포츠 바지/레깅스,C002652,5,패션의류잡화 > 남성패션 > 남성의류 > 스포츠의류 > 스포츠 바지/레깅스
쿠팡,C002672,남성 스포츠 레깅스/타이즈,C002673,6,패션의류잡화 > 남성패션 > 남성의류 > 스포츠의류 > 스포츠 바지/레깅스 > 남성 스포츠 레깅스/타이즈
쿠팡,C002674,남성 스포츠 바지,C002673,6,패션의류잡화 > 남성패션 > 남성의류 > 스포츠의류 > 스포츠 바지/레깅스 > 남성 스포츠 바지
쿠팡,C002676,스포츠 자켓/집업,C002652,5,패션의류잡화 > 남성패션 > 남성의류 > 스포츠의류 > 스포츠 자켓/집업
쿠팡,C002675,남성 스포츠 바람막이,C002676,6,패션의류잡화 > 남성패션 > 남성의류 > 스포츠의류 > 스포츠 자켓/집업 > 남성 스포츠 바람막이
쿠팡,C002677,남성 스포츠 자켓/집업류,C002676,6,패션의류잡화 > 남성패션 > 남성의류 > 스포츠의류 > 스포츠 자켓/집업 > 남성 스포츠 자켓/집업류
쿠팡,C002678,남성 스포츠 조끼,C002676,6,패션의류잡화 > 남성패션 > 남성의류 > 스포츠의류 > 스포츠 자켓/집업 > 남성 스포츠 조끼
쿠팡,C002679,남성 스포츠 패딩/다운패딩,C002676,6,패션의류잡화 > 남성패션 > 남성의류 > 스포츠의류 > 스포츠 자켓/집업 > 남성 스포츠 패딩/다운패딩
쿠팡,C002681,스포츠 티셔츠/나시,C002652,5,패션의류잡화 > 남성패션 > 남성의류 > 스포츠의류 > 스포츠 티셔츠/나시
쿠팡,C002680,남성 스포츠 맨투맨,C002681,6,패션의류잡화 > 남성패션 > 남성의류 > 스포츠의류 > 스포츠 티셔츠/나시 > 남성 스포츠 맨투맨
쿠팡,C002682,남성 스포츠 민소매/나시,C002681,6,패션의류잡화 > 남성패션 > 남성의류 > 스포츠의류 > 스포츠 티셔츠/나시 > 남성 스포츠 민소매/나시
쿠팡,C002683,남성 스포츠 티셔츠,C002681,6,패션의류잡화 > 남성패션 > 남성의류 > 스포츠의류 > 스포츠 티셔츠/나시 > 남성 스포츠 티셔츠
쿠팡,C002684,남성 스포츠 후드티,C002681,6,패션의류잡화 > 남성패션 > 남성의류 > 스포츠의류 > 스포츠 티셔츠/나시 > 남성 스포츠 후드티
쿠팡,C002685,에어로빅복,C002652,5,패션의류잡화 > 남성패션 > 남성의류 > 스포츠의류 > 에어로빅복
쿠팡,C002687,요가/피트니스웨어,C002652,5,패션의류잡화 > 남성패션 > 남성의류 > 스포츠의류 > 요가/피트니스웨어
쿠팡,C002686,요가민소매/나시,C002687,6,패션의류잡화 > 남성패션 > 남성의류 > 스포츠의류 > 요가/피트니스웨어 > 요가민소매/나시
쿠팡,C002688,요가바지,C002687,6,패션의류잡화 > 남성패션 > 남성의류 > 스포츠의류 > 요가/피트니스웨어 > 요가바지
쿠팡,C002689,요가상하의세트,C002687,6,패션의류잡화 > 남성패션 > 남성의류 > 스포츠의류 > 요가/피트니스웨어 > 요가상하의세트
쿠팡,C002690,요가집업점퍼,C002687,6,패션의류잡화 > 남성패션 > 남성의류 > 스포츠의류 > 요가/피트니스웨어 > 요가집업점퍼
쿠팡,C002691,요가타이즈/요가레깅스,C002687,6,패션의류잡화 > 남성패션 > 남성의류 > 스포츠의류 > 요가/피트니스웨어 > 요가타이즈/요가레깅스
쿠팡,C002692,요가티셔츠,C002687,6,패션의류잡화 > 남성패션 > 남성의류 > 스포츠의류 > 요가/피트니스웨어 > 요가티셔츠
쿠팡,C002694,재킷,C002612,4,패션의류잡화 > 남성패션 > 남성의류 > 재킷
쿠팡,C002693,남성 정장재킷,C002694,5,패션의류잡화 > 남성패션 > 남성의류 > 재킷 > 남성 정장재킷
쿠팡,C002695,남성 캐주얼재킷,C002694,5,패션의류잡화 > 남성패션 > 남성의류 > 재킷 > 남성 캐주얼재킷
쿠팡,C002697,점퍼,C002612,4,패션의류잡화 > 남성패션 > 남성의류 > 점퍼
쿠팡,C002696,남성 기타 점퍼류,C002697,5,패션의류잡화 > 남성패션 > 남성의류 > 점퍼 > 남성 기타 점퍼류
쿠팡,C002698,남성 바람막이 점퍼,C002697,5,패션의류잡화 > 남성패션 > 남성의류 > 점퍼 > 남성 바람막이 점퍼
쿠팡,C002699,남성 야구점퍼/스타디움,C002697,5,패션의류잡화 > 남성패션 > 남성의류 > 점퍼 > 남성 야구점퍼/스타디움
쿠팡,C002700,남성 야상/사파리,C002697,5,패션의류잡화 > 남성패션 > 남성의류 > 점퍼 > 남성 야상/사파리
쿠팡,C002701,남성 패딩/다운패딩점퍼,C002697,5,패션의류잡화 > 남성패션 > 남성의류 > 점퍼 > 남성 패딩/다운패딩점퍼
쿠팡,C002702,남성 패딩/다운패딩조끼,C002697,5,패션의류잡화 > 남성패션 > 남성의류 > 점퍼 > 남성 패딩/다운패딩조끼
쿠팡,C002703,남성 항공점퍼/블루종,C002697,5,패션의류잡화 > 남성패션 > 남성의류 > 점퍼 > 남성 항공점퍼/블루종
쿠팡,C002705,청바지,C002612,4,패션의류잡화 > 남성패션 > 남성의류 > 청바지
쿠팡,C002704,남성 긴바지,C002705,5,패션의류잡화 > 남성패션 > 남성의류 > 청바지 > 남성 긴바지
쿠팡,C002706,남성 반바지,C002705,5,패션의류잡화 > 남성패션 > 남성의류 > 청바지 > 남성 반바지
쿠팡,C002708,코트,C002612,4,패션의류잡화 > 남성패션 > 남성의류 > 코트
쿠팡,C002707,남성 겨울 코트,C002708,5,패션의류잡화 > 남성패션 > 남성의류 > 코트 > 남성 겨울 코트
쿠팡,C002709,남성 봄가을 코트/트렌치,C002708,5,패션의류잡화 > 남성패션 > 남성의류 > 코트 > 남성 봄가을 코트/트렌치
쿠팡,C002711,티셔츠,C002612,4,패션의류잡화 > 남성패션 > 남성의류 > 티셔츠
쿠팡,C002710,남성 긴소매,C002711,5,패션의류잡화 > 남성패션 > 남성의류 > 티셔츠 > 남성 긴소매
쿠팡,C002712,남성 민소매/나시,C002711,5,패션의류잡화 > 남성패션 > 남성의류 > 티셔츠 > 남성 민소매/나시
쿠팡,C002713,남성 반소매,C002711,5,패션의류잡화 > 남성패션 > 남성의류 > 티셔츠 > 남성 반소매
쿠팡,C002715,패션 트레이닝복,C002612,4,패션의류잡화 > 남성패션 > 남성의류 > 패션 트레이닝복
쿠팡,C002714,남성 상의,C002715,5,패션의류잡화 > 남성패션 > 남성의류 > 패션 트레이닝복 > 남성 상의
쿠팡,C002716,남성 상하의 세트,C002715,5,패션의류잡화 > 남성패션 > 남성의류 > 패션 트레이닝복 > 남성 상하의 세트
쿠팡,C002717,남성 하의,C002715,5,패션의류잡화 > 남성패션 > 남성의류 > 패션 트레이닝복 > 남성 하의
쿠팡,C002720,남성잡화,C002603,3,패션의류잡화 > 남성패션 > 남성잡화
쿠팡,C002719,가방,C002720,4,패션의류잡화 > 남성패션 > 남성잡화 > 가방
쿠팡,C002718,남성가방액세서리,C002719,5,패션의류잡화 > 남성패션 > 남성잡화 > 가방 > 남성가방액세서리
쿠팡,C002721,남성기타캐주얼가방,C002719,5,패션의류잡화 > 남성패션 > 남성잡화 > 가방 > 남성기타캐주얼가방
쿠팡,C002722,남성노트북 가방,C002719,5,패션의류잡화 > 남성패션 > 남성잡화 > 가방 > 남성노트북 가방
쿠팡,C002723,남성맨스백/손가방,C002719,5,패션의류잡화 > 남성패션 > 남성잡화 > 가방 > 남성맨스백/손가방
쿠팡,C002724,남성백팩,C002719,5,패션의류잡화 > 남성패션 > 남성잡화 > 가방 > 남성백팩
쿠팡,C002725,남성사무용/서류가방,C002719,5,패션의류잡화 > 남성패션 > 남성잡화 > 가방 > 남성사무용/서류가방
쿠팡,C002726,남성숄더백,C002719,5,패션의류잡화 > 남성패션 > 남성잡화 > 가방 > 남성숄더백
쿠팡,C002727,남성캔버스/에코백,C002719,5,패션의류잡화 > 남성패션 > 남성잡화 > 가방 > 남성캔버스/에코백
쿠팡,C002728,남성크로스/메신저백,C002719,5,패션의류잡화 > 남성패션 > 남성잡화 > 가방 > 남성크로스/메신저백
쿠팡,C002729,남성클러치,C002719,5,패션의류잡화 > 남성패션 > 남성잡화 > 가방 > 남성클러치
쿠팡,C002730,남성토트백,C002719,5,패션의류잡화 > 남성패션 > 남성잡화 > 가방 > 남성토트백
쿠팡,C002731,남성힙색/허리색,C002719,5,패션의류잡화 > 남성패션 > 남성잡화 > 가방 > 남성힙색/허리색
쿠팡,C002733,기타시즌잡화,C002720,4,패션의류잡화 > 남성패션 > 남성잡화 > 기타시즌잡화
쿠팡,C002732,남성 기타잡화,C002733,5,패션의류잡화 > 남성패션 > 남성잡화 > 기타시즌잡화 > 남성 기타잡화
쿠팡,C002734,남성손수건,C002720,4,패션의류잡화 > 남성패션 > 남성잡화 > 남성손수건
쿠팡,C002735,남성우비,C002720,4,패션의류잡화 > 남성패션 > 남성잡화 > 남성우비
쿠팡,C002737,넥타이,C002720,4,패션의류잡화 > 남성패션 > 남성잡화 > 넥타이
쿠팡,C002736,니트타이,C002737,5,패션의류잡화 > 남성패션 > 남성잡화 > 넥타이 > 니트타이
쿠팡,C002738,보타이,C002737,5,패션의류잡화 > 남성패션 > 남성잡화 > 넥타이 > 보타이
쿠팡,C002739,슬림넥타이,C002737,5,패션의류잡화 > 남성패션 > 남성잡화 > 넥타이 > 슬림넥타이
쿠팡,C002740,일반넥타이,C002737,5,패션의류잡화 > 남성패션 > 남성잡화 > 넥타이 > 일반넥타이
쿠팡,C002741,자동넥타이,C002737,5,패션의류잡화 > 남성패션 > 남성잡화 > 넥타이 > 자동넥타이
쿠팡,C002743,넥타이핀/넥타이 소품,C002720,4,패션의류잡화 > 남성패션 > 남성잡화 > 넥타이핀/넥타이 소품
쿠팡,C002742,넥타이소품세트,C002743,5,패션의류잡화 > 남성패션 > 남성잡화 > 넥타이핀/넥타이 소품 > 넥타이소품세트
쿠팡,C002744,넥타이핀,C002743,5,패션의류잡화 > 남성패션 > 남성잡화 > 넥타이핀/넥타이 소품 > 넥타이핀
쿠팡,C002745,부토니에,C002743,5,패션의류잡화 > 남성패션 > 남성잡화 > 넥타이핀/넥타이 소품 > 부토니에
쿠팡,C002746,커프스링크,C002743,5,패션의류잡화 > 남성패션 > 남성잡화 > 넥타이핀/넥타이 소품 > 커프스링크
쿠팡,C002747,행거치프,C002743,5,패션의류잡화 > 남성패션 > 남성잡화 > 넥타이핀/넥타이 소품 > 행거치프
쿠팡,C002749,라이터/담배케이스,C002720,4,패션의류잡화 > 남성패션 > 남성잡화 > 라이터/담배케이스
쿠팡,C002748,담배케이스,C002749,5,패션의류잡화 > 남성패션 > 남성잡화 > 라이터/담배케이스 > 담배케이스
쿠팡,C002750,오일라이터,C002749,5,패션의류잡화 > 남성패션 > 남성잡화 > 라이터/담배케이스 > 오일라이터
쿠팡,C002752,머플러/스카프/숄,C002720,4,패션의류잡화 > 남성패션 > 남성잡화 > 머플러/스카프/숄
쿠팡,C002751,남성넥워머,C002752,5,패션의류잡화 > 남성패션 > 남성잡화 > 머플러/스카프/숄 > 남성넥워머
쿠팡,C002753,남성니트머플러,C002752,5,패션의류잡화 > 남성패션 > 남성잡화 > 머플러/스카프/숄 > 남성니트머플러
쿠팡,C002754,남성린넨머플러,C002752,5,패션의류잡화 > 남성패션 > 남성잡화 > 머플러/스카프/숄 > 남성린넨머플러
쿠팡,C002755,남성면(아사)스카프,C002752,5,패션의류잡화 > 남성패션 > 남성잡화 > 머플러/스카프/숄 > 남성면(아사)스카프
쿠팡,C002756,남성실크스카프,C002752,5,패션의류잡화 > 남성패션 > 남성잡화 > 머플러/스카프/숄 > 남성실크스카프
쿠팡,C002757,남성울(아크릴)머플러,C002752,5,패션의류잡화 > 남성패션 > 남성잡화 > 머플러/스카프/숄 > 남성울(아크릴)머플러
쿠팡,C002759,모자,C002720,4,패션의류잡화 > 남성패션 > 남성잡화 > 모자
쿠팡,C002758,남성귀달이 모자,C002759,5,패션의류잡화 > 남성패션 > 남성잡화 > 모자 > 남성귀달이 모자
쿠팡,C002760,남성반다나/두건,C002759,5,패션의류잡화 > 남성패션 > 남성잡화 > 모자 > 남성반다나/두건
쿠팡,C002761,남성벙거지,C002759,5,패션의류잡화 > 남성패션 > 남성잡화 > 모자 > 남성벙거지
쿠팡,C002762,남성베레모/헌팅캡,C002759,5,패션의류잡화 > 남성패션 > 남성잡화 > 모자 > 남성베레모/헌팅캡
쿠팡,C002763,남성비니,C002759,5,패션의류잡화 > 남성패션 > 남성잡화 > 모자 > 남성비니
쿠팡,C002764,남성사파리/챙모자,C002759,5,패션의류잡화 > 남성패션 > 남성잡화 > 모자 > 남성사파리/챙모자
쿠팡,C002765,남성썬캡,C002759,5,패션의류잡화 > 남성패션 > 남성잡화 > 모자 > 남성썬캡
쿠팡,C002766,남성야구모자/군모,C002759,5,패션의류잡화 > 남성패션 > 남성잡화 > 모자 > 남성야구모자/군모
쿠팡,C002767,남성왕골/밀짚모자,C002759,5,패션의류잡화 > 남성패션 > 남성잡화 > 모자 > 남성왕골/밀짚모자
쿠팡,C002768,남성털/방울모자,C002759,5,패션의류잡화 > 남성패션 > 남성잡화 > 모자 > 남성털/방울모자
쿠팡,C002769,남성털귀마개,C002759,5,패션의류잡화 > 남성패션 > 남성잡화 > 모자 > 남성털귀마개
쿠팡,C002770,남성페도라/중절모,C002759,5,패션의류잡화 > 남성패션 > 남성잡화 > 모자 > 남성페도라/중절모
쿠팡,C002771,남성힙합모자/스냅백,C002759,5,패션의류잡화 > 남성패션 > 남성잡화 > 모자 > 남성힙합모자/스냅백
쿠팡,C002773,벨트,C002720,4,패션의류잡화 > 남성패션 > 남성잡화 > 벨트
쿠팡,C002772,남성정장벨트,C002773,5,패션의류잡화 > 남성패션 > 남성잡화 > 벨트 > 남성정장벨트
쿠팡,C002774,남성캐주얼벨트,C002773,5,패션의류잡화 > 남성패션 > 남성잡화 > 벨트 > 남성캐주얼벨트
쿠팡,C002776,선글라스,C002720,4,패션의류잡화 > 남성패션 > 남성잡화 > 선글라스
쿠팡,C002775,남성스포츠선글라스,C002776,5,패션의류잡화 > 남성패션 > 남성잡화 > 선글라스 > 남성스포츠선글라스
쿠팡,C002777,남성패션선글라스,C002776,5,패션의류잡화 > 남성패션 > 남성잡화 > 선글라스 > 남성패션선글라스
쿠팡,C002779,안경테,C002720,4,패션의류잡화 > 남성패션 > 남성잡화 > 안경테
쿠팡,C002778,남성무테,C002779,5,패션의류잡화 > 남성패션 > 남성잡화 > 안경테 > 남성무테
쿠팡,C002780,남성반무테,C002779,5,패션의류잡화 > 남성패션 > 남성잡화 > 안경테 > 남성반무테
쿠팡,C002781,남성뿔테,C002779,5,패션의류잡화 > 남성패션 > 남성잡화 > 안경테 > 남성뿔테
쿠팡,C002782,남성실테(금속테),C002779,5,패션의류잡화 > 남성패션 > 남성잡화 > 안경테 > 남성실테(금속테)
쿠팡,C002784,양말,C002720,4,패션의류잡화 > 남성패션 > 남성잡화 > 양말
쿠팡,C002783,남성덧신,C002784,5,패션의류잡화 > 남성패션 > 남성잡화 > 양말 > 남성덧신
쿠팡,C002785,남성레그워머,C002784,5,패션의류잡화 > 남성패션 > 남성잡화 > 양말 > 남성레그워머
쿠팡,C002786,남성무릎양말(니삭스),C002784,5,패션의류잡화 > 남성패션 > 남성잡화 > 양말 > 남성무릎양말(니삭스)
쿠팡,C002787,남성발가락/향균 양말,C002784,5,패션의류잡화 > 남성패션 > 남성잡화 > 양말 > 남성발가락/향균 양말
쿠팡,C002788,남성발목양말,C002784,5,패션의류잡화 > 남성패션 > 남성잡화 > 양말 > 남성발목양말
쿠팡,C002789,남성수면양말,C002784,5,패션의류잡화 > 남성패션 > 남성잡화 > 양말 > 남성수면양말
쿠팡,C002790,남성스니커즈양말,C002784,5,패션의류잡화 > 남성패션 > 남성잡화 > 양말 > 남성스니커즈양말
쿠팡,C002791,남성양말세트,C002784,5,패션의류잡화 > 남성패션 > 남성잡화 > 양말 > 남성양말세트
쿠팡,C002793,우산,C002720,4,패션의류잡화 > 남성패션 > 남성잡화 > 우산
쿠팡,C002792,남성2단우산,C002793,5,패션의류잡화 > 남성패션 > 남성잡화 > 우산 > 남성2단우산
쿠팡,C002794,남성3단우산,C002793,5,패션의류잡화 > 남성패션 > 남성잡화 > 우산 > 남성3단우산
쿠팡,C002795,남성4단우산,C002793,5,패션의류잡화 > 남성패션 > 남성잡화 > 우산 > 남성4단우산
쿠팡,C002796,남성5단우산,C002793,5,패션의류잡화 > 남성패션 > 남성잡화 > 우산 > 남성5단우산
쿠팡,C002797,남성장우산,C002793,5,패션의류잡화 > 남성패션 > 남성잡화 > 우산 > 남성장우산
쿠팡,C002799,장갑,C002720,4,패션의류잡화 > 남성패션 > 남성잡화 > 장갑
쿠팡,C002798,남성가죽장갑,C002799,5,패션의류잡화 > 남성패션 > 남성잡화 > 장갑 > 남성가죽장갑
쿠팡,C002800,남성니트장갑,C002799,5,패션의류잡화 > 남성패션 > 남성잡화 > 장갑 > 남성니트장갑
쿠팡,C002801,남성모직장갑,C002799,5,패션의류잡화 > 남성패션 > 남성잡화 > 장갑 > 남성모직장갑
쿠팡,C002802,남성스웨이드장갑,C002799,5,패션의류잡화 > 남성패션 > 남성잡화 > 장갑 > 남성스웨이드장갑
쿠팡,C002803,남성암워머,C002799,5,패션의류잡화 > 남성패션 > 남성잡화 > 장갑 > 남성암워머
쿠팡,C002804,남성패딩/방한장갑,C002799,5,패션의류잡화 > 남성패션 > 남성잡화 > 장갑 > 남성패딩/방한장갑
쿠팡,C002806,지갑,C002720,4,패션의류잡화 > 남성패션 > 남성잡화 > 지갑
쿠팡,C002805,남성동전지갑,C002806,5,패션의류잡화 > 남성패션 > 남성잡화 > 지갑 > 남성동전지갑
쿠팡,C002807,남성머니클립,C002806,5,패션의류잡화 > 남성패션 > 남성잡화 > 지갑 > 남성머니클립
쿠팡,C002808,남성반지갑,C002806,5,패션의류잡화 > 남성패션 > 남성잡화 > 지갑 > 남성반지갑
쿠팡,C002809,남성스마트폰카드지갑,C002806,5,패션의류잡화 > 남성패션 > 남성잡화 > 지갑 > 남성스마트폰카드지갑
쿠팡,C002810,남성장지갑,C002806,5,패션의류잡화 > 남성패션 > 남성잡화 > 지갑 > 남성장지갑
쿠팡,C002811,남성중지갑,C002806,5,패션의류잡화 > 남성패션 > 남성잡화 > 지갑 > 남성중지갑
쿠팡,C002812,남성지갑/벨트 세트,C002806,5,패션의류잡화 > 남성패션 > 남성잡화 > 지갑 > 남성지갑/벨트 세트
쿠팡,C002813,남성카드/명함지갑,C002806,5,패션의류잡화 > 남성패션 > 남성잡화 > 지갑 > 남성카드/명함지갑
쿠팡,C002814,남성카드목걸이,C002806,5,패션의류잡화 > 남성패션 > 남성잡화 > 지갑 > 남성카드목걸이
쿠팡,C002815,남성키지갑/키홀더,C002806,5,패션의류잡화 > 남성패션 > 남성잡화 > 지갑 > 남성키지갑/키홀더
쿠팡,C002816,남성통장지갑,C002806,5,패션의류잡화 > 남성패션 > 남성잡화 > 지갑 > 남성통장지갑
쿠팡,C002818,케이스/렌즈소품/기타,C002720,4,패션의류잡화 > 남성패션 > 남성잡화 > 케이스/렌즈소품/기타
쿠팡,C002817,남성 코받침,C002818,5,패션의류잡화 > 남성패션 > 남성잡화 > 케이스/렌즈소품/기타 > 남성 코받침
쿠팡,C002819,남성안경줄,C002818,5,패션의류잡화 > 남성패션 > 남성잡화 > 케이스/렌즈소품/기타 > 남성안경줄
쿠팡,C002820,남성케이스/렌즈소품,C002818,5,패션의류잡화 > 남성패션 > 남성잡화 > 케이스/렌즈소품/기타 > 남성케이스/렌즈소품
쿠팡,C002823,남성쥬얼리,C002603,3,패션의류잡화 > 남성패션 > 남성쥬얼리
쿠팡,C002822,귀걸이,C002823,4,패션의류잡화 > 남성패션 > 남성쥬얼리 > 귀걸이
쿠팡,C002821,남성골드(화이트/로즈골드) 귀걸이,C002822,5,패션의류잡화 > 남성패션 > 남성쥬얼리 > 귀걸이 > 남성골드(화이트/로즈골드) 귀걸이
쿠팡,C002824,남성실버귀걸이,C002822,5,패션의류잡화 > 남성패션 > 남성쥬얼리 > 귀걸이 > 남성실버귀걸이
쿠팡,C002825,남성패션귀걸이,C002822,5,패션의류잡화 > 남성패션 > 남성쥬얼리 > 귀걸이 > 남성패션귀걸이
쿠팡,C002826,남성피어싱,C002822,5,패션의류잡화 > 남성패션 > 남성쥬얼리 > 귀걸이 > 남성피어싱
쿠팡,C002828,목걸이/팬던트,C002823,4,패션의류잡화 > 남성패션 > 남성쥬얼리 > 목걸이/팬던트
쿠팡,C002827,남성골드(화이트/로즈골드) 목걸이,C002828,5,패션의류잡화 > 남성패션 > 남성쥬얼리 > 목걸이/팬던트 > 남성골드(화이트/로즈골드) 목걸이
쿠팡,C002829,남성실버목걸이,C002828,5,패션의류잡화 > 남성패션 > 남성쥬얼리 > 목걸이/팬던트 > 남성실버목걸이
쿠팡,C002830,남성패션목걸이,C002828,5,패션의류잡화 > 남성패션 > 남성쥬얼리 > 목걸이/팬던트 > 남성패션목걸이
쿠팡,C002831,남성팬던트(진주/보석/이니셜),C002828,5,패션의류잡화 > 남성패션 > 남성쥬얼리 > 목걸이/팬던트 > 남성팬던트(진주/보석/이니셜)
쿠팡,C002833,반지,C002823,4,패션의류잡화 > 남성패션 > 남성쥬얼리 > 반지
쿠팡,C002832,남성골드(화이트/로즈골드) 반지,C002833,5,패션의류잡화 > 남성패션 > 남성쥬얼리 > 반지 > 남성골드(화이트/로즈골드) 반지
쿠팡,C002834,남성실버반지,C002833,5,패션의류잡화 > 남성패션 > 남성쥬얼리 > 반지 > 남성실버반지
쿠팡,C002835,남성패션반지,C002833,5,패션의류잡화 > 남성패션 > 남성쥬얼리 > 반지 > 남성패션반지
쿠팡,C002837,팔찌/발찌,C002823,4,패션의류잡화 > 남성패션 > 남성쥬얼리 > 팔찌/발찌
쿠팡,C002836,남성골드(화이트/로즈골드) 발찌,C002837,5,패션의류잡화 > 남성패션 > 남성쥬얼리 > 팔찌/발찌 > 남성골드(화이트/로즈골드) 발찌
쿠팡,C002838,남성골드(화이트/로즈골드) 팔찌,C002837,5,패션의류잡화 > 남성패션 > 남성쥬얼리 > 팔찌/발찌 > 남성골드(화이트/로즈골드) 팔찌
쿠팡,C002839,남성실버발찌,C002837,5,패션의류잡화 > 남성패션 > 남성쥬얼리 > 팔찌/발찌 > 남성실버발찌
쿠팡,C002840,남성실버팔찌,C002837,5,패션의류잡화 > 남성패션 > 남성쥬얼리 > 팔찌/발찌 > 남성실버팔찌
쿠팡,C002841,남성패션발찌,C002837,5,패션의류잡화 > 남성패션 > 남성쥬얼리 > 팔찌/발찌 > 남성패션발찌
쿠팡,C002842,남성패션팔찌,C002837,5,패션의류잡화 > 남성패션 > 남성쥬얼리 > 팔찌/발찌 > 남성패션팔찌
쿠팡,C002845,남성화,C002603,3,패션의류잡화 > 남성패션 > 남성화
쿠팡,C002844,기능화,C002845,4,패션의류잡화 > 남성패션 > 남성화 > 기능화
쿠팡,C002843,남성간호사화/유니폼화,C002844,5,패션의류잡화 > 남성패션 > 남성화 > 기능화 > 남성간호사화/유니폼화
쿠팡,C002846,남성건강워킹화,C002844,5,패션의류잡화 > 남성패션 > 남성화 > 기능화 > 남성건강워킹화
쿠팡,C002847,남성고무/작업용장화,C002844,5,패션의류잡화 > 남성패션 > 남성화 > 기능화 > 남성고무/작업용장화
쿠팡,C002848,남성고무신,C002844,5,패션의류잡화 > 남성패션 > 남성화 > 기능화 > 남성고무신
쿠팡,C002849,남성안전화/작업화,C002844,5,패션의류잡화 > 남성패션 > 남성화 > 기능화 > 남성안전화/작업화
쿠팡,C002850,남성컴포트화/효도화,C002844,5,패션의류잡화 > 남성패션 > 남성화 > 기능화 > 남성컴포트화/효도화
쿠팡,C002851,남성한복신발,C002844,5,패션의류잡화 > 남성패션 > 남성화 > 기능화 > 남성한복신발
쿠팡,C002852,남성레인부츠,C002845,4,패션의류잡화 > 남성패션 > 남성화 > 남성레인부츠
쿠팡,C002853,남성부츠,C002845,4,패션의류잡화 > 남성패션 > 남성화 > 남성부츠
쿠팡,C002854,남성스니커즈,C002845,4,패션의류잡화 > 남성패션 > 남성화 > 남성스니커즈
쿠팡,C002855,남성슬립온,C002845,4,패션의류잡화 > 남성패션 > 남성화 > 남성슬립온
쿠팡,C002856,남성워커,C002845,4,패션의류잡화 > 남성패션 > 남성화 > 남성워커
쿠팡,C002857,남성정장구두,C002845,4,패션의류잡화 > 남성패션 > 남성화 > 남성정장구두
쿠팡,C002858,남성패딩/방한화,C002845,4,패션의류잡화 > 남성패션 > 남성화 > 남성패딩/방한화
쿠팡,C002860,로퍼/보트슈즈/웰트화,C002845,4,패션의류잡화 > 남성패션 > 남성화 > 로퍼/보트슈즈/웰트화
쿠팡,C002859,남성로퍼,C002860,5,패션의류잡화 > 남성패션 > 남성화 > 로퍼/보트슈즈/웰트화 > 남성로퍼
쿠팡,C002861,남성모카신/털단화,C002860,5,패션의류잡화 > 남성패션 > 남성화 > 로퍼/보트슈즈/웰트화 > 남성모카신/털단화
쿠팡,C002862,남성보트슈즈,C002860,5,패션의류잡화 > 남성패션 > 남성화 > 로퍼/보트슈즈/웰트화 > 남성보트슈즈
쿠팡,C002863,남성웰트화,C002860,5,패션의류잡화 > 남성패션 > 남성화 > 로퍼/보트슈즈/웰트화 > 남성웰트화
쿠팡,C002865,샌들,C002845,4,패션의류잡화 > 남성패션 > 남성화 > 샌들
쿠팡,C002864,남성 스포츠샌들,C002865,5,패션의류잡화 > 남성패션 > 남성화 > 샌들 > 남성 스포츠샌들
쿠팡,C002866,남성정장샌들,C002865,5,패션의류잡화 > 남성패션 > 남성화 > 샌들 > 남성정장샌들
쿠팡,C002867,남성젤리슈즈,C002865,5,패션의류잡화 > 남성패션 > 남성화 > 샌들 > 남성젤리슈즈
쿠팡,C002868,남성캐주얼샌들,C002865,5,패션의류잡화 > 남성패션 > 남성화 > 샌들 > 남성캐주얼샌들
쿠팡,C002870,스포츠화,C002845,4,패션의류잡화 > 남성패션 > 남성화 > 스포츠화
쿠팡,C002869,댄스화,C002870,5,패션의류잡화 > 남성패션 > 남성화 > 스포츠화 > 댄스화
쿠팡,C002871,발레화,C002870,5,패션의류잡화 > 남성패션 > 남성화 > 스포츠화 > 발레화
쿠팡,C002873,슬리퍼/쪼리,C002845,4,패션의류잡화 > 남성패션 > 남성화 > 슬리퍼/쪼리
쿠팡,C002872,남성일반/사무용슬리퍼,C002873,5,패션의류잡화 > 남성패션 > 남성화 > 슬리퍼/쪼리 > 남성일반/사무용슬리퍼
쿠팡,C002874,남성쪼리,C002873,5,패션의류잡화 > 남성패션 > 남성화 > 슬리퍼/쪼리 > 남성쪼리
쿠팡,C002876,실내화/슬리퍼,C002845,4,패션의류잡화 > 남성패션 > 남성화 > 실내화/슬리퍼
쿠팡,C002875,남성다이어트/지압슬리퍼,C002876,5,패션의류잡화 > 남성패션 > 남성화 > 실내화/슬리퍼 > 남성다이어트/지압슬리퍼
쿠팡,C002877,남성털실내화/슬리퍼,C002876,5,패션의류잡화 > 남성패션 > 남성화 > 실내화/슬리퍼 > 남성털실내화/슬리퍼
쿠팡,C002878,남성학생용실내화,C002876,5,패션의류잡화 > 남성패션 > 남성화 > 실내화/슬리퍼 > 남성학생용실내화
쿠팡,C002880,운동화/스니커즈,C002845,4,패션의류잡화 > 남성패션 > 남성화 > 운동화/스니커즈
쿠팡,C002879,남성 런닝화,C002880,5,패션의류잡화 > 남성패션 > 남성화 > 운동화/스니커즈 > 남성 런닝화
쿠팡,C002881,남성패션운동화,C002880,5,패션의류잡화 > 남성패션 > 남성화 > 운동화/스니커즈 > 남성패션운동화
쿠팡,C002882,남성패션하이탑,C002880,5,패션의류잡화 > 남성패션 > 남성화 > 운동화/스니커즈 > 남성패션하이탑
쿠팡,C002884,래쉬가드,C002603,3,패션의류잡화 > 남성패션 > 래쉬가드
쿠팡,C002883,남성 래쉬가드 상의,C002884,4,패션의류잡화 > 남성패션 > 래쉬가드 > 남성 래쉬가드 상의
쿠팡,C002885,남성 래쉬가드 세트,C002884,4,패션의류잡화 > 남성패션 > 래쉬가드 > 남성 래쉬가드 세트
쿠팡,C002886,남성 방수 반바지,C002884,4,패션의류잡화 > 남성패션 > 래쉬가드 > 남성 방수 반바지
쿠팡,C002887,남성 워터레깅스(긴바지),C002884,4,패션의류잡화 > 남성패션 > 래쉬가드 > 남성 워터레깅스(긴바지)
쿠팡,C002890,빅사이즈 의류,C002603,3,패션의류잡화 > 남성패션 > 빅사이즈 의류
쿠팡,C002889,가디건,C002890,4,패션의류잡화 > 남성패션 > 빅사이즈 의류 > 가디건
쿠팡,C002888,남성 기본(허리길이)가디건,C002889,5,패션의류잡화 > 남성패션 > 빅사이즈 의류 > 가디건 > 남성 기본(허리길이)가디건
쿠팡,C002891,남성 롱 가디건,C002889,5,패션의류잡화 > 남성패션 > 빅사이즈 의류 > 가디건 > 남성 롱 가디건
쿠팡,C002892,남성 맨투맨,C002890,4,패션의류잡화 > 남성패션 > 빅사이즈 의류 > 남성 맨투맨
쿠팡,C002893,남성 베스트(조끼),C002890,4,패션의류잡화 > 남성패션 > 빅사이즈 의류 > 남성 베스트(조끼)
쿠팡,C002894,남성 와이셔츠(드레스셔츠),C002890,4,패션의류잡화 > 남성패션 > 빅사이즈 의류 > 남성 와이셔츠(드레스셔츠)
쿠팡,C002895,남성 캐주얼 셔츠,C002890,4,패션의류잡화 > 남성패션 > 빅사이즈 의류 > 남성 캐주얼 셔츠
쿠팡,C002896,남성 후드집업/집업류,C002890,4,패션의류잡화 > 남성패션 > 빅사이즈 의류 > 남성 후드집업/집업류
쿠팡,C002897,남성 후드티,C002890,4,패션의류잡화 > 남성패션 > 빅사이즈 의류 > 남성 후드티
쿠팡,C002899,바지,C002890,4,패션의류잡화 > 남성패션 > 빅사이즈 의류 > 바지
쿠팡,C002898,남성 긴바지,C002899,5,패션의류잡화 > 남성패션 > 빅사이즈 의류 > 바지 > 남성 긴바지
쿠팡,C002900,남성 반바지,C002899,5,패션의류잡화 > 남성패션 > 빅사이즈 의류 > 바지 > 남성 반바지
쿠팡,C002901,남성 정장바지,C002899,5,패션의류잡화 > 남성패션 > 빅사이즈 의류 > 바지 > 남성 정장바지
쿠팡,C002903,스웨터/니트,C002890,4,패션의류잡화 > 남성패션 > 빅사이즈 의류 > 스웨터/니트
쿠팡,C002902,남성 라운드넥,C002903,5,패션의류잡화 > 남성패션 > 빅사이즈 의류 > 스웨터/니트 > 남성 라운드넥
쿠팡,C002904,남성 브이넥,C002903,5,패션의류잡화 > 남성패션 > 빅사이즈 의류 > 스웨터/니트 > 남성 브이넥
쿠팡,C002905,남성 카라넥,C002903,5,패션의류잡화 > 남성패션 > 빅사이즈 의류 > 스웨터/니트 > 남성 카라넥
쿠팡,C002906,남성 터틀넥,C002903,5,패션의류잡화 > 남성패션 > 빅사이즈 의류 > 스웨터/니트 > 남성 터틀넥
쿠팡,C002907,남성 후드,C002903,5,패션의류잡화 > 남성패션 > 빅사이즈 의류 > 스웨터/니트 > 남성 후드
쿠팡,C002909,재킷,C002890,4,패션의류잡화 > 남성패션 > 빅사이즈 의류 > 재킷
쿠팡,C002908,남성 정장세트,C002909,5,패션의류잡화 > 남성패션 > 빅사이즈 의류 > 재킷 > 남성 정장세트
쿠팡,C002910,남성 정장재킷,C002909,5,패션의류잡화 > 남성패션 > 빅사이즈 의류 > 재킷 > 남성 정장재킷
쿠팡,C002911,남성 캐주얼재킷,C002909,5,패션의류잡화 > 남성패션 > 빅사이즈 의류 > 재킷 > 남성 캐주얼재킷
쿠팡,C002913,점퍼,C002890,4,패션의류잡화 > 남성패션 > 빅사이즈 의류 > 점퍼
쿠팡,C002912,남성 기타 점퍼류,C002913,5,패션의류잡화 > 남성패션 > 빅사이즈 의류 > 점퍼 > 남성 기타 점퍼류
쿠팡,C002914,남성 바람막이 점퍼,C002913,5,패션의류잡화 > 남성패션 > 빅사이즈 의류 > 점퍼 > 남성 바람막이 점퍼
쿠팡,C002915,남성 야구점퍼/스타디움,C002913,5,패션의류잡화 > 남성패션 > 빅사이즈 의류 > 점퍼 > 남성 야구점퍼/스타디움
쿠팡,C002916,남성 야상/사파리,C002913,5,패션의류잡화 > 남성패션 > 빅사이즈 의류 > 점퍼 > 남성 야상/사파리
쿠팡,C002917,남성 패딩/다운패딩점퍼,C002913,5,패션의류잡화 > 남성패션 > 빅사이즈 의류 > 점퍼 > 남성 패딩/다운패딩점퍼
쿠팡,C002918,남성 패딩/다운패딩조끼,C002913,5,패션의류잡화 > 남성패션 > 빅사이즈 의류 > 점퍼 > 남성 패딩/다운패딩조끼
쿠팡,C002919,남성 항공점퍼/블루종,C002913,5,패션의류잡화 > 남성패션 > 빅사이즈 의류 > 점퍼 > 남성 항공점퍼/블루종
쿠팡,C002921,청바지,C002890,4,패션의류잡화 > 남성패션 > 빅사이즈 의류 > 청바지
쿠팡,C002920,남성 긴바지,C002921,5,패션의류잡화 > 남성패션 > 빅사이즈 의류 > 청바지 > 남성 긴바지
쿠팡,C002922,남성 반바지,C002921,5,패션의류잡화 > 남성패션 > 빅사이즈 의류 > 청바지 > 남성 반바지
쿠팡,C002924,코트,C002890,4,패션의류잡화 > 남성패션 > 빅사이즈 의류 > 코트
쿠팡,C002923,남성 겨울 코트,C002924,5,패션의류잡화 > 남성패션 > 빅사이즈 의류 > 코트 > 남성 겨울 코트
쿠팡,C002925,남성 봄가을 코트/트렌치,C002924,5,패션의류잡화 > 남성패션 > 빅사이즈 의류 > 코트 > 남성 봄가을 코트/트렌치
쿠팡,C002927,티셔츠,C002890,4,패션의류잡화 > 남성패션 > 빅사이즈 의류 > 티셔츠
쿠팡,C002926,남성 긴소매,C002927,5,패션의류잡화 > 남성패션 > 빅사이즈 의류 > 티셔츠 > 남성 긴소매
쿠팡,C002928,남성 민소매/나시,C002927,5,패션의류잡화 > 남성패션 > 빅사이즈 의류 > 티셔츠 > 남성 민소매/나시
쿠팡,C002929,남성 반소매,C002927,5,패션의류잡화 > 남성패션 > 빅사이즈 의류 > 티셔츠 > 남성 반소매
쿠팡,C002931,패션 트레이닝복,C002890,4,패션의류잡화 > 남성패션 > 빅사이즈 의류 > 패션 트레이닝복
쿠팡,C002930,남성 상의,C002931,5,패션의류잡화 > 남성패션 > 빅사이즈 의류 > 패션 트레이닝복 > 남성 상의
쿠팡,C002932,남성 상하의 세트,C002931,5,패션의류잡화 > 남성패션 > 빅사이즈 의류 > 패션 트레이닝복 > 남성 상하의 세트
쿠팡,C002933,남성 하의,C002931,5,패션의류잡화 > 남성패션 > 빅사이즈 의류 > 패션 트레이닝복 > 남성 하의
쿠팡,C002935,속옷/잠옷,C002603,3,패션의류잡화 > 남성패션 > 속옷/잠옷
쿠팡,C002934,남성 목욕가운,C002935,4,패션의류잡화 > 남성패션 > 속옷/잠옷 > 남성 목욕가운
쿠팡,C002937,남성 보정 속옷,C002935,4,패션의류잡화 > 남성패션 > 속옷/잠옷 > 남성 보정 속옷
쿠팡,C002936,남성 거들,C002937,5,패션의류잡화 > 남성패션 > 속옷/잠옷 > 남성 보정 속옷 > 남성 거들
쿠팡,C002938,남성 보정나시(바디쉐이퍼),C002937,5,패션의류잡화 > 남성패션 > 속옷/잠옷 > 남성 보정 속옷 > 남성 보정나시(바디쉐이퍼)
쿠팡,C002939,남성 복대/웨이스트 니퍼,C002937,5,패션의류잡화 > 남성패션 > 속옷/잠옷 > 남성 보정 속옷 > 남성 복대/웨이스트 니퍼
쿠팡,C002940,남성 압박서포터/타이즈,C002937,5,패션의류잡화 > 남성패션 > 속옷/잠옷 > 남성 보정 속옷 > 남성 압박서포터/타이즈
쿠팡,C002941,남성 힙업팬티,C002937,5,패션의류잡화 > 남성패션 > 속옷/잠옷 > 남성 보정 속옷 > 남성 힙업팬티
쿠팡,C002942,남성 팬티 런닝 세트,C002935,4,패션의류잡화 > 남성패션 > 속옷/잠옷 > 남성 팬티 런닝 세트
쿠팡,C002943,남성런닝,C002935,4,패션의류잡화 > 남성패션 > 속옷/잠옷 > 남성런닝
쿠팡,C002945,남성팬티,C002935,4,패션의류잡화 > 남성패션 > 속옷/잠옷 > 남성팬티
쿠팡,C002944,남성 남성팬티세트,C002945,5,패션의류잡화 > 남성패션 > 속옷/잠옷 > 남성팬티 > 남성 남성팬티세트
쿠팡,C002946,남성 삼각팬티(브리프),C002945,5,패션의류잡화 > 남성패션 > 속옷/잠옷 > 남성팬티 > 남성 삼각팬티(브리프)
쿠팡,C002947,남성 스판사각팬티(드로즈),C002945,5,패션의류잡화 > 남성패션 > 속옷/잠옷 > 남성팬티 > 남성 스판사각팬티(드로즈)
쿠팡,C002948,남성 스포츠 팬티,C002945,5,패션의류잡화 > 남성패션 > 속옷/잠옷 > 남성팬티 > 남성 스포츠 팬티
쿠팡,C002949,남성 트렁크(박시),C002945,5,패션의류잡화 > 남성패션 > 속옷/잠옷 > 남성팬티 > 남성 트렁크(박시)
쿠팡,C002951,내의/모시메리,C002935,4,패션의류잡화 > 남성패션 > 속옷/잠옷 > 내의/모시메리
쿠팡,C002950,남성 상의,C002951,5,패션의류잡화 > 남성패션 > 속옷/잠옷 > 내의/모시메리 > 남성 상의
쿠팡,C002952,남성 상하의 세트,C002951,5,패션의류잡화 > 남성패션 > 속옷/잠옷 > 내의/모시메리 > 남성 상하의 세트
쿠팡,C002953,남성 하의,C002951,5,패션의류잡화 > 남성패션 > 속옷/잠옷 > 내의/모시메리 > 남성 하의
쿠팡,C002955,발열내의,C002951,5,패션의류잡화 > 남성패션 > 속옷/잠옷 > 내의/모시메리 > 발열내의
쿠팡,C002954,남성 상의,C002955,6,패션의류잡화 > 남성패션 > 속옷/잠옷 > 내의/모시메리 > 발열내의 > 남성 상의
쿠팡,C002956,남성 상하의 세트,C002955,6,패션의류잡화 > 남성패션 > 속옷/잠옷 > 내의/모시메리 > 발열내의 > 남성 상하의 세트
쿠팡,C002957,남성 하의,C002955,6,패션의류잡화 > 남성패션 > 속옷/잠옷 > 내의/모시메리 > 발열내의 > 남성 하의
쿠팡,C002959,스포츠 속옷/언더레이어,C002951,5,패션의류잡화 > 남성패션 > 속옷/잠옷 > 내의/모시메리 > 스포츠 속옷/언더레이어
쿠팡,C002958,남성 스포츠 언더레이어/기능성 보온내의 상의,C002959,6,패션의류잡화 > 남성패션 > 속옷/잠옷 > 내의/모시메리 > 스포츠 속옷/언더레이어 > 남성 스포츠 언더레이어/기능성 보온내의 상의
쿠팡,C002960,남성 스포츠 언더레이어/기능성 보온내의 상하세트,C002959,6,패션의류잡화 > 남성패션 > 속옷/잠옷 > 내의/모시메리 > 스포츠 속옷/언더레이어 > 남성 스포츠 언더레이어/기능성 보온내의 상하세트
쿠팡,C002961,남성 스포츠 언더레이어/기능성 보온내의 하의,C002959,6,패션의류잡화 > 남성패션 > 속옷/잠옷 > 내의/모시메리 > 스포츠 속옷/언더레이어 > 남성 스포츠 언더레이어/기능성 보온내의 하의
쿠팡,C002963,섹시 언더웨어(19),C002935,4,패션의류잡화 > 남성패션 > 속옷/잠옷 > 섹시 언더웨어(19)
쿠팡,C002962,남성 섹시 팬티(19),C002963,5,패션의류잡화 > 남성패션 > 속옷/잠옷 > 섹시 언더웨어(19) > 남성 섹시 팬티(19)
쿠팡,C002965,잠옷,C002935,4,패션의류잡화 > 남성패션 > 속옷/잠옷 > 잠옷
쿠팡,C002964,남성 상의,C002965,5,패션의류잡화 > 남성패션 > 속옷/잠옷 > 잠옷 > 남성 상의
쿠팡,C002966,남성 상하의 세트,C002965,5,패션의류잡화 > 남성패션 > 속옷/잠옷 > 잠옷 > 남성 상하의 세트
쿠팡,C002967,남성 하의,C002965,5,패션의류잡화 > 남성패션 > 속옷/잠옷 > 잠옷 > 남성 하의
쿠팡,C002969,커버업,C002603,3,패션의류잡화 > 남성패션 > 커버업
쿠팡,C002968,남성 후드/집업 커버업,C002969,4,패션의류잡화 > 남성패션 > 커버업 > 남성 후드/집업 커버업
쿠팡,C002971,파티복/우리옷(한복),C002603,3,패션의류잡화 > 남성패션 > 파티복/우리옷(한복)
쿠팡,C002970,남성 섹시 코스튬(19),C002971,4,패션의류잡화 > 남성패션 > 파티복/우리옷(한복) > 남성 섹시 코스튬(19)
쿠팡,C002972,남성 할로윈 외 파티코스튬,C002971,4,패션의류잡화 > 남성패션 > 파티복/우리옷(한복) > 남성 할로윈 외 파티코스튬
쿠팡,C002974,우리옷(한복),C002971,4,패션의류잡화 > 남성패션 > 파티복/우리옷(한복) > 우리옷(한복)
쿠팡,C002973,남성 기타 한복,C002974,5,패션의류잡화 > 남성패션 > 파티복/우리옷(한복) > 우리옷(한복) > 남성 기타 한복
쿠팡,C002975,남성 생활한복(개량한복),C002974,5,패션의류잡화 > 남성패션 > 파티복/우리옷(한복) > 우리옷(한복) > 남성 생활한복(개량한복)
쿠팡,C002976,남성 절복,C002974,5,패션의류잡화 > 남성패션 > 파티복/우리옷(한복) > 우리옷(한복) > 남성 절복
쿠팡,C002977,남성 한복 상의,C002974,5,패션의류잡화 > 남성패션 > 파티복/우리옷(한복) > 우리옷(한복) > 남성 한복 상의
쿠팡,C002978,남성 한복 세트(한벌),C002974,5,패션의류잡화 > 남성패션 > 파티복/우리옷(한복) > 우리옷(한복) > 남성 한복 세트(한벌)
쿠팡,C002979,남성 한복 속바지,C002974,5,패션의류잡화 > 남성패션 > 파티복/우리옷(한복) > 우리옷(한복) > 남성 한복 속바지
쿠팡,C002980,남성 한복 조끼,C002974,5,패션의류잡화 > 남성패션 > 파티복/우리옷(한복) > 우리옷(한복) > 남성 한복 조끼
쿠팡,C002981,남성 한복 하의,C002974,5,패션의류잡화 > 남성패션 > 파티복/우리옷(한복) > 우리옷(한복) > 남성 한복 하의
쿠팡,C002984,해외직구,C002603,3,패션의류잡화 > 남성패션 > 해외직구
쿠팡,C002983,가방,C002984,4,패션의류잡화 > 남성패션 > 해외직구 > 가방
쿠팡,C002982,남성가방액세서리,C002983,5,패션의류잡화 > 남성패션 > 해외직구 > 가방 > 남성가방액세서리
쿠팡,C002985,남성노트북 가방,C002983,5,패션의류잡화 > 남성패션 > 해외직구 > 가방 > 남성노트북 가방
쿠팡,C002986,남성백팩,C002983,5,패션의류잡화 > 남성패션 > 해외직구 > 가방 > 남성백팩
쿠팡,C002987,남성사무용/서류가방,C002983,5,패션의류잡화 > 남성패션 > 해외직구 > 가방 > 남성사무용/서류가방
쿠팡,C002988,남성숄더백,C002983,5,패션의류잡화 > 남성패션 > 해외직구 > 가방 > 남성숄더백
쿠팡,C002989,남성캔버스/에코백,C002983,5,패션의류잡화 > 남성패션 > 해외직구 > 가방 > 남성캔버스/에코백
쿠팡,C002990,남성크로스/메신저백,C002983,5,패션의류잡화 > 남성패션 > 해외직구 > 가방 > 남성크로스/메신저백
쿠팡,C002991,남성클러치,C002983,5,패션의류잡화 > 남성패션 > 해외직구 > 가방 > 남성클러치
쿠팡,C002992,남성토트백,C002983,5,패션의류잡화 > 남성패션 > 해외직구 > 가방 > 남성토트백
쿠팡,C002993,남성힙색/허리색,C002983,5,패션의류잡화 > 남성패션 > 해외직구 > 가방 > 남성힙색/허리색
쿠팡,C002995,속옷,C002984,4,패션의류잡화 > 남성패션 > 해외직구 > 속옷
쿠팡,C002994,남성 런닝,C002995,5,패션의류잡화 > 남성패션 > 해외직구 > 속옷 > 남성 런닝
쿠팡,C002996,남성 속옷세트,C002995,5,패션의류잡화 > 남성패션 > 해외직구 > 속옷 > 남성 속옷세트
쿠팡,C002997,남성 팬티,C002995,5,패션의류잡화 > 남성패션 > 해외직구 > 속옷 > 남성 팬티
쿠팡,C002999,시계,C002984,4,패션의류잡화 > 남성패션 > 해외직구 > 시계
쿠팡,C002998,남성시계,C002999,5,패션의류잡화 > 남성패션 > 해외직구 > 시계 > 남성시계
쿠팡,C003000,남성시계줄/시계소품/기타,C002999,5,패션의류잡화 > 남성패션 > 해외직구 > 시계 > 남성시계줄/시계소품/기타
쿠팡,C003002,신발,C002984,4,패션의류잡화 > 남성패션 > 해외직구 > 신발
쿠팡,C003001,남성 구두/신발 관리용품,C003002,5,패션의류잡화 > 남성패션 > 해외직구 > 신발 > 남성 구두/신발 관리용품
쿠팡,C003003,남성 모카신/털단화,C003002,5,패션의류잡화 > 남성패션 > 해외직구 > 신발 > 남성 모카신/털단화
쿠팡,C003004,남성 키높이깔창/신발끈,C003002,5,패션의류잡화 > 남성패션 > 해외직구 > 신발 > 남성 키높이깔창/신발끈
쿠팡,C003005,남성구두,C003002,5,패션의류잡화 > 남성패션 > 해외직구 > 신발 > 남성구두
쿠팡,C003006,남성기능화,C003002,5,패션의류잡화 > 남성패션 > 해외직구 > 신발 > 남성기능화
쿠팡,C003007,남성레인부츠,C003002,5,패션의류잡화 > 남성패션 > 해외직구 > 신발 > 남성레인부츠
쿠팡,C003008,남성로퍼,C003002,5,패션의류잡화 > 남성패션 > 해외직구 > 신발 > 남성로퍼
쿠팡,C003009,남성보트화,C003002,5,패션의류잡화 > 남성패션 > 해외직구 > 신발 > 남성보트화
쿠팡,C003010,남성부츠/워커,C003002,5,패션의류잡화 > 남성패션 > 해외직구 > 신발 > 남성부츠/워커
쿠팡,C003011,남성샌들/쪼리,C003002,5,패션의류잡화 > 남성패션 > 해외직구 > 신발 > 남성샌들/쪼리
쿠팡,C003012,남성슬립온/스니커즈,C003002,5,패션의류잡화 > 남성패션 > 해외직구 > 신발 > 남성슬립온/스니커즈
쿠팡,C003013,남성실내화/슬리퍼,C003002,5,패션의류잡화 > 남성패션 > 해외직구 > 신발 > 남성실내화/슬리퍼
쿠팡,C003014,남성운동화,C003002,5,패션의류잡화 > 남성패션 > 해외직구 > 신발 > 남성운동화
쿠팡,C003015,남성웰트화,C003002,5,패션의류잡화 > 남성패션 > 해외직구 > 신발 > 남성웰트화
쿠팡,C003017,의류,C002984,4,패션의류잡화 > 남성패션 > 해외직구 > 의류
쿠팡,C003016,남성 가디건,C003017,5,패션의류잡화 > 남성패션 > 해외직구 > 의류 > 남성 가디건
쿠팡,C003018,남성 래쉬가드 상의,C003017,5,패션의류잡화 > 남성패션 > 해외직구 > 의류 > 남성 래쉬가드 상의
쿠팡,C003019,남성 래쉬가드 세트,C003017,5,패션의류잡화 > 남성패션 > 해외직구 > 의류 > 남성 래쉬가드 세트
쿠팡,C003020,남성 비치 반바지,C003017,5,패션의류잡화 > 남성패션 > 해외직구 > 의류 > 남성 비치 반바지
쿠팡,C003021,남성 셔츠/남방,C003017,5,패션의류잡화 > 남성패션 > 해외직구 > 의류 > 남성 셔츠/남방
쿠팡,C003022,남성 스웨터/니트,C003017,5,패션의류잡화 > 남성패션 > 해외직구 > 의류 > 남성 스웨터/니트
쿠팡,C003023,남성 와이셔츠(드레스셔츠),C003017,5,패션의류잡화 > 남성패션 > 해외직구 > 의류 > 남성 와이셔츠(드레스셔츠)
쿠팡,C003024,남성 워터레깅스,C003017,5,패션의류잡화 > 남성패션 > 해외직구 > 의류 > 남성 워터레깅스
쿠팡,C003025,남성 자켓,C003017,5,패션의류잡화 > 남성패션 > 해외직구 > 의류 > 남성 자켓
쿠팡,C003026,남성 점퍼,C003017,5,패션의류잡화 > 남성패션 > 해외직구 > 의류 > 남성 점퍼
쿠팡,C003027,남성 정장바지,C003017,5,패션의류잡화 > 남성패션 > 해외직구 > 의류 > 남성 정장바지
쿠팡,C003028,남성 정장세트,C003017,5,패션의류잡화 > 남성패션 > 해외직구 > 의류 > 남성 정장세트
쿠팡,C003029,남성 조끼/베스트,C003017,5,패션의류잡화 > 남성패션 > 해외직구 > 의류 > 남성 조끼/베스트
쿠팡,C003030,남성 청바지,C003017,5,패션의류잡화 > 남성패션 > 해외직구 > 의류 > 남성 청바지
쿠팡,C003031,남성 캐주얼바지,C003017,5,패션의류잡화 > 남성패션 > 해외직구 > 의류 > 남성 캐주얼바지
쿠팡,C003032,남성 커버업,C003017,5,패션의류잡화 > 남성패션 > 해외직구 > 의류 > 남성 커버업
쿠팡,C003033,남성 코트,C003017,5,패션의류잡화 > 남성패션 > 해외직구 > 의류 > 남성 코트
쿠팡,C003034,남성 트레이닝웨어,C003017,5,패션의류잡화 > 남성패션 > 해외직구 > 의류 > 남성 트레이닝웨어
쿠팡,C003035,남성 티셔츠,C003017,5,패션의류잡화 > 남성패션 > 해외직구 > 의류 > 남성 티셔츠
쿠팡,C003036,남성 패딩/다운,C003017,5,패션의류잡화 > 남성패션 > 해외직구 > 의류 > 남성 패딩/다운
쿠팡,C003038,잡화,C002984,4,패션의류잡화 > 남성패션 > 해외직구 > 잡화
쿠팡,C003037,남성머플러/스카프/숄,C003038,5,패션의류잡화 > 남성패션 > 해외직구 > 잡화 > 남성머플러/스카프/숄
쿠팡,C003039,남성모자,C003038,5,패션의류잡화 > 남성패션 > 해외직구 > 잡화 > 남성모자
쿠팡,C003040,남성벨트,C003038,5,패션의류잡화 > 남성패션 > 해외직구 > 잡화 > 남성벨트
쿠팡,C003041,남성선글라스,C003038,5,패션의류잡화 > 남성패션 > 해외직구 > 잡화 > 남성선글라스
쿠팡,C003042,남성손수건,C003038,5,패션의류잡화 > 남성패션 > 해외직구 > 잡화 > 남성손수건
쿠팡,C003043,남성안경테,C003038,5,패션의류잡화 > 남성패션 > 해외직구 > 잡화 > 남성안경테
쿠팡,C003044,남성양말,C003038,5,패션의류잡화 > 남성패션 > 해외직구 > 잡화 > 남성양말
쿠팡,C003045,남성우비,C003038,5,패션의류잡화 > 남성패션 > 해외직구 > 잡화 > 남성우비
쿠팡,C003046,남성우산,C003038,5,패션의류잡화 > 남성패션 > 해외직구 > 잡화 > 남성우산
쿠팡,C003047,남성장갑,C003038,5,패션의류잡화 > 남성패션 > 해외직구 > 잡화 > 남성장갑
쿠팡,C003048,남성지갑,C003038,5,패션의류잡화 > 남성패션 > 해외직구 > 잡화 > 남성지갑
쿠팡,C003049,남성케이스/렌즈소품,C003038,5,패션의류잡화 > 남성패션 > 해외직구 > 잡화 > 남성케이스/렌즈소품
쿠팡,C003051,주얼리/헤어액세서리,C002984,4,패션의류잡화 > 남성패션 > 해외직구 > 주얼리/헤어액세서리
쿠팡,C003050,남성귀걸이,C003051,5,패션의류잡화 > 남성패션 > 해외직구 > 주얼리/헤어액세서리 > 남성귀걸이
쿠팡,C003052,남성기타 쥬얼리,C003051,5,패션의류잡화 > 남성패션 > 해외직구 > 주얼리/헤어액세서리 > 남성기타 쥬얼리
쿠팡,C003053,남성머리끈/머리핀,C003051,5,패션의류잡화 > 남성패션 > 해외직구 > 주얼리/헤어액세서리 > 남성머리끈/머리핀
쿠팡,C003054,남성목걸이,C003051,5,패션의류잡화 > 남성패션 > 해외직구 > 주얼리/헤어액세서리 > 남성목걸이
쿠팡,C003055,남성반지,C003051,5,패션의류잡화 > 남성패션 > 해외직구 > 주얼리/헤어액세서리 > 남성반지
쿠팡,C003056,남성쥬얼리 소품/기타,C003051,5,패션의류잡화 > 남성패션 > 해외직구 > 주얼리/헤어액세서리 > 남성쥬얼리 소품/기타
쿠팡,C003057,남성팔찌/발찌,C003051,5,패션의류잡화 > 남성패션 > 해외직구 > 주얼리/헤어액세서리 > 남성팔찌/발찌
쿠팡,C003058,남성헤어밴드,C003051,5,패션의류잡화 > 남성패션 > 해외직구 > 주얼리/헤어액세서리 > 남성헤어밴드
쿠팡,C003061,베이비 의류/신발/잡화(~24개월),C002604,2,패션의류잡화 > 베이비 의류/신발/잡화(~24개월)
쿠팡,C003060,베이비신발,C003061,3,패션의류잡화 > 베이비 의류/신발/잡화(~24개월) > 베이비신발
쿠팡,C003059,보행기화/걸음마신발,C003060,4,패션의류잡화 > 베이비 의류/신발/잡화(~24개월) > 베이비신발 > 보행기화/걸음마신발
쿠팡,C003063,베이비의류,C003061,3,패션의류잡화 > 베이비 의류/신발/잡화(~24개월) > 베이비의류
쿠팡,C003062,레그/스패츠,C003063,4,패션의류잡화 > 베이비 의류/신발/잡화(~24개월) > 베이비의류 > 레그/스패츠
쿠팡,C003065,바디슈트/롬퍼,C003063,4,패션의류잡화 > 베이비 의류/신발/잡화(~24개월) > 베이비의류 > 바디슈트/롬퍼
쿠팡,C003064,바디슈트/롬퍼,C003065,5,패션의류잡화 > 베이비 의류/신발/잡화(~24개월) > 베이비의류 > 바디슈트/롬퍼 > 바디슈트/롬퍼
쿠팡,C003066,점프수트,C003065,5,패션의류잡화 > 베이비 의류/신발/잡화(~24개월) > 베이비의류 > 바디슈트/롬퍼 > 점프수트
쿠팡,C003067,배냇저고리,C003063,4,패션의류잡화 > 베이비 의류/신발/잡화(~24개월) > 베이비의류 > 배냇저고리
쿠팡,C003069,상의,C003063,4,패션의류잡화 > 베이비 의류/신발/잡화(~24개월) > 베이비의류 > 상의
쿠팡,C003068,베스트/조끼,C003069,5,패션의류잡화 > 베이비 의류/신발/잡화(~24개월) > 베이비의류 > 상의 > 베스트/조끼
쿠팡,C003070,셔츠/블라우스,C003069,5,패션의류잡화 > 베이비 의류/신발/잡화(~24개월) > 베이비의류 > 상의 > 셔츠/블라우스
쿠팡,C003071,스웨터/가디건,C003069,5,패션의류잡화 > 베이비 의류/신발/잡화(~24개월) > 베이비의류 > 상의 > 스웨터/가디건
쿠팡,C003072,트레이닝 상의,C003069,5,패션의류잡화 > 베이비 의류/신발/잡화(~24개월) > 베이비의류 > 상의 > 트레이닝 상의
쿠팡,C003073,티셔츠,C003069,5,패션의류잡화 > 베이비 의류/신발/잡화(~24개월) > 베이비의류 > 상의 > 티셔츠
쿠팡,C003075,상하복 세트,C003063,4,패션의류잡화 > 베이비 의류/신발/잡화(~24개월) > 베이비의류 > 상하복 세트
쿠팡,C003074,상하 바지세트,C003075,5,패션의류잡화 > 베이비 의류/신발/잡화(~24개월) > 베이비의류 > 상하복 세트 > 상하 바지세트
쿠팡,C003076,여아 상하 치마세트/원피스세트,C003075,5,패션의류잡화 > 베이비 의류/신발/잡화(~24개월) > 베이비의류 > 상하복 세트 > 여아 상하 치마세트/원피스세트
쿠팡,C003077,정장세트,C003075,5,패션의류잡화 > 베이비 의류/신발/잡화(~24개월) > 베이비의류 > 상하복 세트 > 정장세트
쿠팡,C003078,트레이닝복 상하 세트,C003075,5,패션의류잡화 > 베이비 의류/신발/잡화(~24개월) > 베이비의류 > 상하복 세트 > 트레이닝복 상하 세트
쿠팡,C003079,파자마 세트,C003075,5,패션의류잡화 > 베이비 의류/신발/잡화(~24개월) > 베이비의류 > 상하복 세트 > 파자마 세트
쿠팡,C003081,속옷/잠옷,C003063,4,패션의류잡화 > 베이비 의류/신발/잡화(~24개월) > 베이비의류 > 속옷/잠옷
쿠팡,C003080,런닝,C003081,5,패션의류잡화 > 베이비 의류/신발/잡화(~24개월) > 베이비의류 > 속옷/잠옷 > 런닝
쿠팡,C003082,실내복,C003081,5,패션의류잡화 > 베이비 의류/신발/잡화(~24개월) > 베이비의류 > 속옷/잠옷 > 실내복
쿠팡,C003083,팬티,C003081,5,패션의류잡화 > 베이비 의류/신발/잡화(~24개월) > 베이비의류 > 속옷/잠옷 > 팬티
쿠팡,C003085,아우터,C003063,4,패션의류잡화 > 베이비 의류/신발/잡화(~24개월) > 베이비의류 > 아우터
쿠팡,C003084,다운/패딩점퍼,C003085,5,패션의류잡화 > 베이비 의류/신발/잡화(~24개월) > 베이비의류 > 아우터 > 다운/패딩점퍼
쿠팡,C003086,재킷/점퍼,C003085,5,패션의류잡화 > 베이비 의류/신발/잡화(~24개월) > 베이비의류 > 아우터 > 재킷/점퍼
쿠팡,C003087,코트,C003085,5,패션의류잡화 > 베이비 의류/신발/잡화(~24개월) > 베이비의류 > 아우터 > 코트
쿠팡,C003088,트레이닝 아우터류,C003085,5,패션의류잡화 > 베이비 의류/신발/잡화(~24개월) > 베이비의류 > 아우터 > 트레이닝 아우터류
쿠팡,C003089,우주복,C003063,4,패션의류잡화 > 베이비 의류/신발/잡화(~24개월) > 베이비의류 > 우주복
쿠팡,C003090,원피스,C003063,4,패션의류잡화 > 베이비 의류/신발/잡화(~24개월) > 베이비의류 > 원피스
쿠팡,C003091,출산선물세트,C003063,4,패션의류잡화 > 베이비 의류/신발/잡화(~24개월) > 베이비의류 > 출산선물세트
쿠팡,C003093,하의,C003063,4,패션의류잡화 > 베이비 의류/신발/잡화(~24개월) > 베이비의류 > 하의
쿠팡,C003092,바지/청바지,C003093,5,패션의류잡화 > 베이비 의류/신발/잡화(~24개월) > 베이비의류 > 하의 > 바지/청바지
쿠팡,C003094,스커트,C003093,5,패션의류잡화 > 베이비 의류/신발/잡화(~24개월) > 베이비의류 > 하의 > 스커트
쿠팡,C003095,트레이닝 하의,C003093,5,패션의류잡화 > 베이비 의류/신발/잡화(~24개월) > 베이비의류 > 하의 > 트레이닝 하의
쿠팡,C003097,베이비잡화,C003061,3,패션의류잡화 > 베이비 의류/신발/잡화(~24개월) > 베이비잡화
쿠팡,C003096,가제수건,C003097,4,패션의류잡화 > 베이비 의류/신발/잡화(~24개월) > 베이비잡화 > 가제수건
쿠팡,C003098,겉싸개,C003097,4,패션의류잡화 > 베이비 의류/신발/잡화(~24개월) > 베이비잡화 > 겉싸개
쿠팡,C003099,미아방지가방,C003097,4,패션의류잡화 > 베이비 의류/신발/잡화(~24개월) > 베이비잡화 > 미아방지가방
쿠팡,C003100,미아방지주얼리,C003097,4,패션의류잡화 > 베이비 의류/신발/잡화(~24개월) > 베이비잡화 > 미아방지주얼리
쿠팡,C003101,배가리개,C003097,4,패션의류잡화 > 베이비 의류/신발/잡화(~24개월) > 베이비잡화 > 배가리개
쿠팡,C003102,속싸개,C003097,4,패션의류잡화 > 베이비 의류/신발/잡화(~24개월) > 베이비잡화 > 속싸개
쿠팡,C003103,손싸개/발싸개,C003097,4,패션의류잡화 > 베이비 의류/신발/잡화(~24개월) > 베이비잡화 > 손싸개/발싸개
쿠팡,C003104,신생아모자,C003097,4,패션의류잡화 > 베이비 의류/신발/잡화(~24개월) > 베이비잡화 > 신생아모자
쿠팡,C003105,아기양말,C003097,4,패션의류잡화 > 베이비 의류/신발/잡화(~24개월) > 베이비잡화 > 아기양말
쿠팡,C003106,턱받이/스카프빕,C003097,4,패션의류잡화 > 베이비 의류/신발/잡화(~24개월) > 베이비잡화 > 턱받이/스카프빕
쿠팡,C003109,여성패션,C002604,2,패션의류잡화 > 여성패션
쿠팡,C003108,래쉬가드,C003109,3,패션의류잡화 > 여성패션 > 래쉬가드
쿠팡,C003107,여성 래쉬가드 상의,C003108,4,패션의류잡화 > 여성패션 > 래쉬가드 > 여성 래쉬가드 상의
쿠팡,C003110,여성 래쉬가드 세트,C003108,4,패션의류잡화 > 여성패션 > 래쉬가드 > 여성 래쉬가드 세트
쿠팡,C003111,여성 방수 반바지,C003108,4,패션의류잡화 > 여성패션 > 래쉬가드 > 여성 방수 반바지
쿠팡,C003112,여성 워터레깅스(긴바지),C003108,4,패션의류잡화 > 여성패션 > 래쉬가드 > 여성 워터레깅스(긴바지)
쿠팡,C003115,빅사이즈 의류,C003109,3,패션의류잡화 > 여성패션 > 빅사이즈 의류
쿠팡,C003114,가디건,C003115,4,패션의류잡화 > 여성패션 > 빅사이즈 의류 > 가디건
쿠팡,C003113,여성 기본(허리길이)가디건,C003114,5,패션의류잡화 > 여성패션 > 빅사이즈 의류 > 가디건 > 여성 기본(허리길이)가디건
쿠팡,C003116,여성 롱 가디건,C003114,5,패션의류잡화 > 여성패션 > 빅사이즈 의류 > 가디건 > 여성 롱 가디건
쿠팡,C003117,여성 숏가디건(볼레로),C003114,5,패션의류잡화 > 여성패션 > 빅사이즈 의류 > 가디건 > 여성 숏가디건(볼레로)
쿠팡,C003119,레깅스/치마레깅스,C003115,4,패션의류잡화 > 여성패션 > 빅사이즈 의류 > 레깅스/치마레깅스
쿠팡,C003118,여성 레깅스,C003119,5,패션의류잡화 > 여성패션 > 빅사이즈 의류 > 레깅스/치마레깅스 > 여성 레깅스
쿠팡,C003120,여성 치마레깅스,C003119,5,패션의류잡화 > 여성패션 > 빅사이즈 의류 > 레깅스/치마레깅스 > 여성 치마레깅스
쿠팡,C003122,바지,C003115,4,패션의류잡화 > 여성패션 > 빅사이즈 의류 > 바지
쿠팡,C003121,여성 긴바지,C003122,5,패션의류잡화 > 여성패션 > 빅사이즈 의류 > 바지 > 여성 긴바지
쿠팡,C003123,여성 반바지,C003122,5,패션의류잡화 > 여성패션 > 빅사이즈 의류 > 바지 > 여성 반바지
쿠팡,C003125,스웨터/니트,C003115,4,패션의류잡화 > 여성패션 > 빅사이즈 의류 > 스웨터/니트
쿠팡,C003124,여성 라운드넥,C003125,5,패션의류잡화 > 여성패션 > 빅사이즈 의류 > 스웨터/니트 > 여성 라운드넥
쿠팡,C003126,여성 브이넥,C003125,5,패션의류잡화 > 여성패션 > 빅사이즈 의류 > 스웨터/니트 > 여성 브이넥
쿠팡,C003127,여성 카라넥,C003125,5,패션의류잡화 > 여성패션 > 빅사이즈 의류 > 스웨터/니트 > 여성 카라넥
쿠팡,C003128,여성 터틀넥,C003125,5,패션의류잡화 > 여성패션 > 빅사이즈 의류 > 스웨터/니트 > 여성 터틀넥
쿠팡,C003129,여성 후드,C003125,5,패션의류잡화 > 여성패션 > 빅사이즈 의류 > 스웨터/니트 > 여성 후드
쿠팡,C003131,스커트,C003115,4,패션의류잡화 > 여성패션 > 빅사이즈 의류 > 스커트
쿠팡,C003130,여성 롱(발목길이)스커트,C003131,5,패션의류잡화 > 여성패션 > 빅사이즈 의류 > 스커트 > 여성 롱(발목길이)스커트
쿠팡,C003132,여성 미니스커트,C003131,5,패션의류잡화 > 여성패션 > 빅사이즈 의류 > 스커트 > 여성 미니스커트
쿠팡,C003133,여성 미디(무릎길이) 스커트,C003131,5,패션의류잡화 > 여성패션 > 빅사이즈 의류 > 스커트 > 여성 미디(무릎길이) 스커트
쿠팡,C003134,여성 치마바지,C003131,5,패션의류잡화 > 여성패션 > 빅사이즈 의류 > 스커트 > 여성 치마바지
쿠팡,C003135,여성 맨투맨,C003115,4,패션의류잡화 > 여성패션 > 빅사이즈 의류 > 여성 맨투맨
쿠팡,C003136,여성 베스트(조끼),C003115,4,패션의류잡화 > 여성패션 > 빅사이즈 의류 > 여성 베스트(조끼)
쿠팡,C003137,여성 블라우스,C003115,4,패션의류잡화 > 여성패션 > 빅사이즈 의류 > 여성 블라우스
쿠팡,C003138,여성 셔츠,C003115,4,패션의류잡화 > 여성패션 > 빅사이즈 의류 > 여성 셔츠
쿠팡,C003139,여성 후드집업/집업류,C003115,4,패션의류잡화 > 여성패션 > 빅사이즈 의류 > 여성 후드집업/집업류
쿠팡,C003140,여성 후드티,C003115,4,패션의류잡화 > 여성패션 > 빅사이즈 의류 > 여성 후드티
쿠팡,C003142,원피스,C003115,4,패션의류잡화 > 여성패션 > 빅사이즈 의류 > 원피스
쿠팡,C003141,여성 롱원피스(종아리아래),C003142,5,패션의류잡화 > 여성패션 > 빅사이즈 의류 > 원피스 > 여성 롱원피스(종아리아래)
쿠팡,C003143,여성 미니원피스(허벅지위),C003142,5,패션의류잡화 > 여성패션 > 빅사이즈 의류 > 원피스 > 여성 미니원피스(허벅지위)
쿠팡,C003144,여성 미디원피스(무릎길이),C003142,5,패션의류잡화 > 여성패션 > 빅사이즈 의류 > 원피스 > 여성 미디원피스(무릎길이)
쿠팡,C003145,여성 점프수트,C003142,5,패션의류잡화 > 여성패션 > 빅사이즈 의류 > 원피스 > 여성 점프수트
쿠팡,C003147,재킷,C003115,4,패션의류잡화 > 여성패션 > 빅사이즈 의류 > 재킷
쿠팡,C003146,여성 정장재킷,C003147,5,패션의류잡화 > 여성패션 > 빅사이즈 의류 > 재킷 > 여성 정장재킷
쿠팡,C003148,여성 캐주얼재킷,C003147,5,패션의류잡화 > 여성패션 > 빅사이즈 의류 > 재킷 > 여성 캐주얼재킷
쿠팡,C003150,점퍼,C003115,4,패션의류잡화 > 여성패션 > 빅사이즈 의류 > 점퍼
쿠팡,C003149,여성 기타 점퍼류,C003150,5,패션의류잡화 > 여성패션 > 빅사이즈 의류 > 점퍼 > 여성 기타 점퍼류
쿠팡,C003151,여성 바람막이 점퍼,C003150,5,패션의류잡화 > 여성패션 > 빅사이즈 의류 > 점퍼 > 여성 바람막이 점퍼
쿠팡,C003152,여성 야구점퍼,C003150,5,패션의류잡화 > 여성패션 > 빅사이즈 의류 > 점퍼 > 여성 야구점퍼
쿠팡,C003153,여성 야상/사파리,C003150,5,패션의류잡화 > 여성패션 > 빅사이즈 의류 > 점퍼 > 여성 야상/사파리
쿠팡,C003154,여성 패딩/다운패딩점퍼,C003150,5,패션의류잡화 > 여성패션 > 빅사이즈 의류 > 점퍼 > 여성 패딩/다운패딩점퍼
쿠팡,C003155,여성 패딩/다운패딩조끼,C003150,5,패션의류잡화 > 여성패션 > 빅사이즈 의류 > 점퍼 > 여성 패딩/다운패딩조끼
쿠팡,C003156,여성 항공점퍼/블루종,C003150,5,패션의류잡화 > 여성패션 > 빅사이즈 의류 > 점퍼 > 여성 항공점퍼/블루종
쿠팡,C003158,정장/세트류,C003115,4,패션의류잡화 > 여성패션 > 빅사이즈 의류 > 정장/세트류
쿠팡,C003157,여성 바지 정장 세트,C003158,5,패션의류잡화 > 여성패션 > 빅사이즈 의류 > 정장/세트류 > 여성 바지 정장 세트
쿠팡,C003159,여성 스커트 정장 세트,C003158,5,패션의류잡화 > 여성패션 > 빅사이즈 의류 > 정장/세트류 > 여성 스커트 정장 세트
쿠팡,C003160,여성 원피스 세트,C003158,5,패션의류잡화 > 여성패션 > 빅사이즈 의류 > 정장/세트류 > 여성 원피스 세트
쿠팡,C003161,여성 캐주얼 세트,C003158,5,패션의류잡화 > 여성패션 > 빅사이즈 의류 > 정장/세트류 > 여성 캐주얼 세트
쿠팡,C003163,청바지,C003115,4,패션의류잡화 > 여성패션 > 빅사이즈 의류 > 청바지
쿠팡,C003162,여성 긴바지,C003163,5,패션의류잡화 > 여성패션 > 빅사이즈 의류 > 청바지 > 여성 긴바지
쿠팡,C003164,여성 반바지,C003163,5,패션의류잡화 > 여성패션 > 빅사이즈 의류 > 청바지 > 여성 반바지
쿠팡,C003166,코트,C003115,4,패션의류잡화 > 여성패션 > 빅사이즈 의류 > 코트
쿠팡,C003165,여성 겨울 코트,C003166,5,패션의류잡화 > 여성패션 > 빅사이즈 의류 > 코트 > 여성 겨울 코트
쿠팡,C003167,여성 봄가을 코트/트렌치,C003166,5,패션의류잡화 > 여성패션 > 빅사이즈 의류 > 코트 > 여성 봄가을 코트/트렌치
쿠팡,C003169,티셔츠,C003115,4,패션의류잡화 > 여성패션 > 빅사이즈 의류 > 티셔츠
쿠팡,C003168,여성 긴소매,C003169,5,패션의류잡화 > 여성패션 > 빅사이즈 의류 > 티셔츠 > 여성 긴소매
쿠팡,C003170,여성 민소매/나시,C003169,5,패션의류잡화 > 여성패션 > 빅사이즈 의류 > 티셔츠 > 여성 민소매/나시
쿠팡,C003171,여성 반소매,C003169,5,패션의류잡화 > 여성패션 > 빅사이즈 의류 > 티셔츠 > 여성 반소매
쿠팡,C003173,패션 트레이닝복,C003115,4,패션의류잡화 > 여성패션 > 빅사이즈 의류 > 패션 트레이닝복
쿠팡,C003172,여성 상의,C003173,5,패션의류잡화 > 여성패션 > 빅사이즈 의류 > 패션 트레이닝복 > 여성 상의
쿠팡,C003174,여성 상하의 세트,C003173,5,패션의류잡화 > 여성패션 > 빅사이즈 의류 > 패션 트레이닝복 > 여성 상하의 세트
쿠팡,C003175,여성 하의,C003173,5,패션의류잡화 > 여성패션 > 빅사이즈 의류 > 패션 트레이닝복 > 여성 하의
쿠팡,C003179,속옷/잠옷,C003109,3,패션의류잡화 > 여성패션 > 속옷/잠옷
쿠팡,C003178,내복/모시메리,C003179,4,패션의류잡화 > 여성패션 > 속옷/잠옷 > 내복/모시메리
쿠팡,C003177,발열내의,C003178,5,패션의류잡화 > 여성패션 > 속옷/잠옷 > 내복/모시메리 > 발열내의
쿠팡,C003176,여성 상의,C003177,6,패션의류잡화 > 여성패션 > 속옷/잠옷 > 내복/모시메리 > 발열내의 > 여성 상의
쿠팡,C003180,여성 상하의 세트,C003177,6,패션의류잡화 > 여성패션 > 속옷/잠옷 > 내복/모시메리 > 발열내의 > 여성 상하의 세트
쿠팡,C003181,여성 하의,C003177,6,패션의류잡화 > 여성패션 > 속옷/잠옷 > 내복/모시메리 > 발열내의 > 여성 하의
쿠팡,C003183,스포츠 속옷/언더레이어,C003178,5,패션의류잡화 > 여성패션 > 속옷/잠옷 > 내복/모시메리 > 스포츠 속옷/언더레이어
쿠팡,C003182,여성 스포츠 언더레이어/기능성 보온내의 상의,C003183,6,패션의류잡화 > 여성패션 > 속옷/잠옷 > 내복/모시메리 > 스포츠 속옷/언더레이어 > 여성 스포츠 언더레이어/기능성 보온내의 상의
쿠팡,C003184,여성 스포츠 언더레이어/기능성 보온내의 상하세트,C003183,6,패션의류잡화 > 여성패션 > 속옷/잠옷 > 내복/모시메리 > 스포츠 속옷/언더레이어 > 여성 스포츠 언더레이어/기능성 보온내의 상하세트
쿠팡,C003185,여성 스포츠 언더레이어/기능성 보온내의 하의,C003183,6,패션의류잡화 > 여성패션 > 속옷/잠옷 > 내복/모시메리 > 스포츠 속옷/언더레이어 > 여성 스포츠 언더레이어/기능성 보온내의 하의
쿠팡,C003186,여성 상의,C003178,5,패션의류잡화 > 여성패션 > 속옷/잠옷 > 내복/모시메리 > 여성 상의
쿠팡,C003187,여성 상하의세트,C003178,5,패션의류잡화 > 여성패션 > 속옷/잠옷 > 내복/모시메리 > 여성 상하의세트
쿠팡,C003188,여성 하의,C003178,5,패션의류잡화 > 여성패션 > 속옷/잠옷 > 내복/모시메리 > 여성 하의
쿠팡,C003190,보정속옷,C003179,4,패션의류잡화 > 여성패션 > 속옷/잠옷 > 보정속옷
쿠팡,C003189,보정 브래지어,C003190,5,패션의류잡화 > 여성패션 > 속옷/잠옷 > 보정속옷 > 보정 브래지어
쿠팡,C003191,뷔스티에,C003190,5,패션의류잡화 > 여성패션 > 속옷/잠옷 > 보정속옷 > 뷔스티에
쿠팡,C003192,여성 거들,C003190,5,패션의류잡화 > 여성패션 > 속옷/잠옷 > 보정속옷 > 여성 거들
쿠팡,C003193,여성 복대/웨이스트 니퍼,C003190,5,패션의류잡화 > 여성패션 > 속옷/잠옷 > 보정속옷 > 여성 복대/웨이스트 니퍼
쿠팡,C003194,여성 올인원/바디쉐이퍼,C003190,5,패션의류잡화 > 여성패션 > 속옷/잠옷 > 보정속옷 > 여성 올인원/바디쉐이퍼
쿠팡,C003195,여성 힙업 팬티,C003190,5,패션의류잡화 > 여성패션 > 속옷/잠옷 > 보정속옷 > 여성 힙업 팬티
쿠팡,C003196,코르셋,C003190,5,패션의류잡화 > 여성패션 > 속옷/잠옷 > 보정속옷 > 코르셋
쿠팡,C003198,브라팬티 세트,C003179,4,패션의류잡화 > 여성패션 > 속옷/잠옷 > 브라팬티 세트
쿠팡,C003197,스포티 디자인,C003198,5,패션의류잡화 > 여성패션 > 속옷/잠옷 > 브라팬티 세트 > 스포티 디자인
쿠팡,C003199,심플/베이직 디자인,C003198,5,패션의류잡화 > 여성패션 > 속옷/잠옷 > 브라팬티 세트 > 심플/베이직 디자인
쿠팡,C003200,자수/레이스 디자인,C003198,5,패션의류잡화 > 여성패션 > 속옷/잠옷 > 브라팬티 세트 > 자수/레이스 디자인
쿠팡,C003202,브래지어,C003179,4,패션의류잡화 > 여성패션 > 속옷/잠옷 > 브래지어
쿠팡,C003201,볼륨업브라,C003202,5,패션의류잡화 > 여성패션 > 속옷/잠옷 > 브래지어 > 볼륨업브라
쿠팡,C003203,스포츠 브라탑,C003202,5,패션의류잡화 > 여성패션 > 속옷/잠옷 > 브래지어 > 스포츠 브라탑
쿠팡,C003204,일반/몰드브라,C003202,5,패션의류잡화 > 여성패션 > 속옷/잠옷 > 브래지어 > 일반/몰드브라
쿠팡,C003205,접착형브라,C003202,5,패션의류잡화 > 여성패션 > 속옷/잠옷 > 브래지어 > 접착형브라
쿠팡,C003206,튜브탑/브라탑,C003202,5,패션의류잡화 > 여성패션 > 속옷/잠옷 > 브래지어 > 튜브탑/브라탑
쿠팡,C003207,홑겹/노패드 브라,C003202,5,패션의류잡화 > 여성패션 > 속옷/잠옷 > 브래지어 > 홑겹/노패드 브라
쿠팡,C003209,섹시 언더웨어(19),C003179,4,패션의류잡화 > 여성패션 > 속옷/잠옷 > 섹시 언더웨어(19)
쿠팡,C003208,섹시 브라팬티세트(19),C003209,5,패션의류잡화 > 여성패션 > 속옷/잠옷 > 섹시 언더웨어(19) > 섹시 브라팬티세트(19)
쿠팡,C003210,섹시 브래지어(19),C003209,5,패션의류잡화 > 여성패션 > 속옷/잠옷 > 섹시 언더웨어(19) > 섹시 브래지어(19)
쿠팡,C003211,여성 섹시 가터벨트(19),C003209,5,패션의류잡화 > 여성패션 > 속옷/잠옷 > 섹시 언더웨어(19) > 여성 섹시 가터벨트(19)
쿠팡,C003212,여성 섹시 속옷 부속품(19),C003209,5,패션의류잡화 > 여성패션 > 속옷/잠옷 > 섹시 언더웨어(19) > 여성 섹시 속옷 부속품(19)
쿠팡,C003213,여성 섹시 슬립(19),C003209,5,패션의류잡화 > 여성패션 > 속옷/잠옷 > 섹시 언더웨어(19) > 여성 섹시 슬립(19)
쿠팡,C003214,여성 섹시 팬티(19),C003209,5,패션의류잡화 > 여성패션 > 속옷/잠옷 > 섹시 언더웨어(19) > 여성 섹시 팬티(19)
쿠팡,C003216,속옷 부속품,C003179,4,패션의류잡화 > 여성패션 > 속옷/잠옷 > 속옷 부속품
쿠팡,C003215,브라끈,C003216,5,패션의류잡화 > 여성패션 > 속옷/잠옷 > 속옷 부속품 > 브라끈
쿠팡,C003217,브라패드/뽕패드,C003216,5,패션의류잡화 > 여성패션 > 속옷/잠옷 > 속옷 부속품 > 브라패드/뽕패드
쿠팡,C003218,여성 니플커버 외 기타 소품,C003216,5,패션의류잡화 > 여성패션 > 속옷/잠옷 > 속옷 부속품 > 여성 니플커버 외 기타 소품
쿠팡,C003220,속치마/속바지,C003179,4,패션의류잡화 > 여성패션 > 속옷/잠옷 > 속치마/속바지
쿠팡,C003219,여성 속바지,C003220,5,패션의류잡화 > 여성패션 > 속옷/잠옷 > 속치마/속바지 > 여성 속바지
쿠팡,C003221,여성 속치마,C003220,5,패션의류잡화 > 여성패션 > 속옷/잠옷 > 속치마/속바지 > 여성 속치마
쿠팡,C003223,슬립 외 란제리,C003179,4,패션의류잡화 > 여성패션 > 속옷/잠옷 > 슬립 외 란제리
쿠팡,C003222,여성 가터벨트,C003223,5,패션의류잡화 > 여성패션 > 속옷/잠옷 > 슬립 외 란제리 > 여성 가터벨트
쿠팡,C003224,여성 슬립,C003223,5,패션의류잡화 > 여성패션 > 속옷/잠옷 > 슬립 외 란제리 > 여성 슬립
쿠팡,C003225,여성 캐미솔,C003223,5,패션의류잡화 > 여성패션 > 속옷/잠옷 > 슬립 외 란제리 > 여성 캐미솔
쿠팡,C003226,여성 런닝,C003179,4,패션의류잡화 > 여성패션 > 속옷/잠옷 > 여성 런닝
쿠팡,C003227,여성 목욕가운,C003179,4,패션의류잡화 > 여성패션 > 속옷/잠옷 > 여성 목욕가운
쿠팡,C003230,임산부속옷/잠옷,C003179,4,패션의류잡화 > 여성패션 > 속옷/잠옷 > 임산부속옷/잠옷
쿠팡,C003229,임산부내복,C003230,5,패션의류잡화 > 여성패션 > 속옷/잠옷 > 임산부속옷/잠옷 > 임산부내복
쿠팡,C003228,임산부 내복 상의,C003229,6,패션의류잡화 > 여성패션 > 속옷/잠옷 > 임산부속옷/잠옷 > 임산부내복 > 임산부 내복 상의
쿠팡,C003231,임산부 내복 세트,C003229,6,패션의류잡화 > 여성패션 > 속옷/잠옷 > 임산부속옷/잠옷 > 임산부내복 > 임산부 내복 세트
쿠팡,C003232,임산부 내복 하의,C003229,6,패션의류잡화 > 여성패션 > 속옷/잠옷 > 임산부속옷/잠옷 > 임산부내복 > 임산부 내복 하의
쿠팡,C003233,임산부 배가리개,C003229,6,패션의류잡화 > 여성패션 > 속옷/잠옷 > 임산부속옷/잠옷 > 임산부내복 > 임산부 배가리개
쿠팡,C003235,임산부속옷,C003230,5,패션의류잡화 > 여성패션 > 속옷/잠옷 > 임산부속옷/잠옷 > 임산부속옷
쿠팡,C003234,산전/산후보정거들,C003235,6,패션의류잡화 > 여성패션 > 속옷/잠옷 > 임산부속옷/잠옷 > 임산부속옷 > 산전/산후보정거들
쿠팡,C003236,산전/산후보정브라,C003235,6,패션의류잡화 > 여성패션 > 속옷/잠옷 > 임산부속옷/잠옷 > 임산부속옷 > 산전/산후보정브라
쿠팡,C003237,산후 팬티,C003235,6,패션의류잡화 > 여성패션 > 속옷/잠옷 > 임산부속옷/잠옷 > 임산부속옷 > 산후 팬티
쿠팡,C003238,수유브라,C003235,6,패션의류잡화 > 여성패션 > 속옷/잠옷 > 임산부속옷/잠옷 > 임산부속옷 > 수유브라
쿠팡,C003239,임산부 런닝(캐미솔),C003235,6,패션의류잡화 > 여성패션 > 속옷/잠옷 > 임산부속옷/잠옷 > 임산부속옷 > 임산부 런닝(캐미솔)
쿠팡,C003240,임산부 브라,C003235,6,패션의류잡화 > 여성패션 > 속옷/잠옷 > 임산부속옷/잠옷 > 임산부속옷 > 임산부 브라
쿠팡,C003241,임산부 브라탑,C003235,6,패션의류잡화 > 여성패션 > 속옷/잠옷 > 임산부속옷/잠옷 > 임산부속옷 > 임산부 브라탑
쿠팡,C003242,임산부 속치마/속바지,C003235,6,패션의류잡화 > 여성패션 > 속옷/잠옷 > 임산부속옷/잠옷 > 임산부속옷 > 임산부 속치마/속바지
쿠팡,C003243,임산부 팬티,C003235,6,패션의류잡화 > 여성패션 > 속옷/잠옷 > 임산부속옷/잠옷 > 임산부속옷 > 임산부 팬티
쿠팡,C003245,임산부잠옷,C003230,5,패션의류잡화 > 여성패션 > 속옷/잠옷 > 임산부속옷/잠옷 > 임산부잠옷
쿠팡,C003244,임산부 수면 바지,C003245,6,패션의류잡화 > 여성패션 > 속옷/잠옷 > 임산부속옷/잠옷 > 임산부잠옷 > 임산부 수면 바지
쿠팡,C003246,임산부 원피스 잠옷,C003245,6,패션의류잡화 > 여성패션 > 속옷/잠옷 > 임산부속옷/잠옷 > 임산부잠옷 > 임산부 원피스 잠옷
쿠팡,C003247,임산부 잠옷 상의,C003245,6,패션의류잡화 > 여성패션 > 속옷/잠옷 > 임산부속옷/잠옷 > 임산부잠옷 > 임산부 잠옷 상의
쿠팡,C003248,임산부 잠옷 상하 세트,C003245,6,패션의류잡화 > 여성패션 > 속옷/잠옷 > 임산부속옷/잠옷 > 임산부잠옷 > 임산부 잠옷 상하 세트
쿠팡,C003250,잠옷,C003179,4,패션의류잡화 > 여성패션 > 속옷/잠옷 > 잠옷
쿠팡,C003249,여성 상의,C003250,5,패션의류잡화 > 여성패션 > 속옷/잠옷 > 잠옷 > 여성 상의
쿠팡,C003251,여성 상하의 세트,C003250,5,패션의류잡화 > 여성패션 > 속옷/잠옷 > 잠옷 > 여성 상하의 세트
쿠팡,C003252,여성 원피스형,C003250,5,패션의류잡화 > 여성패션 > 속옷/잠옷 > 잠옷 > 여성 원피스형
쿠팡,C003253,여성 하의,C003250,5,패션의류잡화 > 여성패션 > 속옷/잠옷 > 잠옷 > 여성 하의
쿠팡,C003255,팬티,C003179,4,패션의류잡화 > 여성패션 > 속옷/잠옷 > 팬티
쿠팡,C003254,여성 T팬티,C003255,5,패션의류잡화 > 여성패션 > 속옷/잠옷 > 팬티 > 여성 T팬티
쿠팡,C003256,여성 사각팬티,C003255,5,패션의류잡화 > 여성패션 > 속옷/잠옷 > 팬티 > 여성 사각팬티
쿠팡,C003257,여성 삼각팬티,C003255,5,패션의류잡화 > 여성패션 > 속옷/잠옷 > 팬티 > 여성 삼각팬티
쿠팡,C003258,여성 스포츠 팬티,C003255,5,패션의류잡화 > 여성패션 > 속옷/잠옷 > 팬티 > 여성 스포츠 팬티
쿠팡,C003259,여성 요일팬티/팬티세트,C003255,5,패션의류잡화 > 여성패션 > 속옷/잠옷 > 팬티 > 여성 요일팬티/팬티세트
쿠팡,C003260,위생/생리팬티,C003255,5,패션의류잡화 > 여성패션 > 속옷/잠옷 > 팬티 > 위생/생리팬티
쿠팡,C003262,수영복,C003109,3,패션의류잡화 > 여성패션 > 수영복
쿠팡,C003261,여성 비키니 상의,C003262,4,패션의류잡화 > 여성패션 > 수영복 > 여성 비키니 상의
쿠팡,C003263,여성 비키니 수영복,C003262,4,패션의류잡화 > 여성패션 > 수영복 > 여성 비키니 수영복
쿠팡,C003264,여성 비키니 하의,C003262,4,패션의류잡화 > 여성패션 > 수영복 > 여성 비키니 하의
쿠팡,C003265,여성 쓰리피스 외 수영복 세트,C003262,4,패션의류잡화 > 여성패션 > 수영복 > 여성 쓰리피스 외 수영복 세트
쿠팡,C003266,여성 패션 원피스 수영복,C003262,4,패션의류잡화 > 여성패션 > 수영복 > 여성 패션 원피스 수영복
쿠팡,C003268,여성시계,C003109,3,패션의류잡화 > 여성패션 > 여성시계
쿠팡,C003267,여성가죽시계,C003268,4,패션의류잡화 > 여성패션 > 여성시계 > 여성가죽시계
쿠팡,C003269,여성메탈시계,C003268,4,패션의류잡화 > 여성패션 > 여성시계 > 여성메탈시계
쿠팡,C003270,여성세라믹 시계,C003268,4,패션의류잡화 > 여성패션 > 여성시계 > 여성세라믹 시계
쿠팡,C003271,여성스포츠시계,C003268,4,패션의류잡화 > 여성패션 > 여성시계 > 여성스포츠시계
쿠팡,C003272,여성젤리/우레탄시계,C003268,4,패션의류잡화 > 여성패션 > 여성시계 > 여성젤리/우레탄시계
쿠팡,C003273,여성팔찌형시계,C003268,4,패션의류잡화 > 여성패션 > 여성시계 > 여성팔찌형시계
쿠팡,C003274,여성패브릭시계,C003268,4,패션의류잡화 > 여성패션 > 여성시계 > 여성패브릭시계
쿠팡,C003277,여성의류,C003109,3,패션의류잡화 > 여성패션 > 여성의류
쿠팡,C003276,가디건,C003277,4,패션의류잡화 > 여성패션 > 여성의류 > 가디건
쿠팡,C003275,여성 기본(허리길이)가디건,C003276,5,패션의류잡화 > 여성패션 > 여성의류 > 가디건 > 여성 기본(허리길이)가디건
쿠팡,C003278,여성 롱 가디건,C003276,5,패션의류잡화 > 여성패션 > 여성의류 > 가디건 > 여성 롱 가디건
쿠팡,C003279,여성 숏가디건(볼레로),C003276,5,패션의류잡화 > 여성패션 > 여성의류 > 가디건 > 여성 숏가디건(볼레로)
쿠팡,C003281,골프의류,C003277,4,패션의류잡화 > 여성패션 > 여성의류 > 골프의류
쿠팡,C003280,여성 골프 니트/가디건,C003281,5,패션의류잡화 > 여성패션 > 여성의류 > 골프의류 > 여성 골프 니트/가디건
쿠팡,C003282,여성 골프 바람막이/재킷,C003281,5,패션의류잡화 > 여성패션 > 여성의류 > 골프의류 > 여성 골프 바람막이/재킷
쿠팡,C003283,여성 골프 바지,C003281,5,패션의류잡화 > 여성패션 > 여성의류 > 골프의류 > 여성 골프 바지
쿠팡,C003284,여성 골프 셔츠,C003281,5,패션의류잡화 > 여성패션 > 여성의류 > 골프의류 > 여성 골프 셔츠
쿠팡,C003285,여성 골프 스커트,C003281,5,패션의류잡화 > 여성패션 > 여성의류 > 골프의류 > 여성 골프 스커트
쿠팡,C003286,여성 골프 원피스,C003281,5,패션의류잡화 > 여성패션 > 여성의류 > 골프의류 > 여성 골프 원피스
쿠팡,C003287,여성 골프 조끼,C003281,5,패션의류잡화 > 여성패션 > 여성의류 > 골프의류 > 여성 골프 조끼
쿠팡,C003288,여성 골프 티셔츠,C003281,5,패션의류잡화 > 여성패션 > 여성의류 > 골프의류 > 여성 골프 티셔츠
쿠팡,C003289,여성 골프 패딩/다운패딩,C003281,5,패션의류잡화 > 여성패션 > 여성의류 > 골프의류 > 여성 골프 패딩/다운패딩
쿠팡,C003292,등산/아웃도어 의류,C003277,4,패션의류잡화 > 여성패션 > 여성의류 > 등산/아웃도어 의류
쿠팡,C003291,등산/아웃도어 티셔츠,C003292,5,패션의류잡화 > 여성패션 > 여성의류 > 등산/아웃도어 의류 > 등산/아웃도어 티셔츠
쿠팡,C003290,여성 등산/아웃도어 트랙탑/집업,C003291,6,패션의류잡화 > 여성패션 > 여성의류 > 등산/아웃도어 의류 > 등산/아웃도어 티셔츠 > 여성 등산/아웃도어 트랙탑/집업
쿠팡,C003293,여성 등산/아웃도어 티셔츠,C003291,6,패션의류잡화 > 여성패션 > 여성의류 > 등산/아웃도어 의류 > 등산/아웃도어 티셔츠 > 여성 등산/아웃도어 티셔츠
쿠팡,C003294,여성 등산/아웃도어 니트/스웨터,C003292,5,패션의류잡화 > 여성패션 > 여성의류 > 등산/아웃도어 의류 > 여성 등산/아웃도어 니트/스웨터
쿠팡,C003295,여성 등산/아웃도어 바람막이/방수자켓,C003292,5,패션의류잡화 > 여성패션 > 여성의류 > 등산/아웃도어 의류 > 여성 등산/아웃도어 바람막이/방수자켓
쿠팡,C003296,여성 등산/아웃도어 바지,C003292,5,패션의류잡화 > 여성패션 > 여성의류 > 등산/아웃도어 의류 > 여성 등산/아웃도어 바지
쿠팡,C003297,여성 등산/아웃도어 셔츠,C003292,5,패션의류잡화 > 여성패션 > 여성의류 > 등산/아웃도어 의류 > 여성 등산/아웃도어 셔츠
쿠팡,C003298,여성 등산/아웃도어 조끼,C003292,5,패션의류잡화 > 여성패션 > 여성의류 > 등산/아웃도어 의류 > 여성 등산/아웃도어 조끼
쿠팡,C003299,여성 등산/아웃도어 패딩/점퍼,C003292,5,패션의류잡화 > 여성패션 > 여성의류 > 등산/아웃도어 의류 > 여성 등산/아웃도어 패딩/점퍼
쿠팡,C003300,여성 등산/아웃도어 플리스자켓,C003292,5,패션의류잡화 > 여성패션 > 여성의류 > 등산/아웃도어 의류 > 여성 등산/아웃도어 플리스자켓
쿠팡,C003302,레깅스/치마레깅스,C003277,4,패션의류잡화 > 여성패션 > 여성의류 > 레깅스/치마레깅스
쿠팡,C003301,여성 레깅스,C003302,5,패션의류잡화 > 여성패션 > 여성의류 > 레깅스/치마레깅스 > 여성 레깅스
쿠팡,C003303,여성 치마레깅스,C003302,5,패션의류잡화 > 여성패션 > 여성의류 > 레깅스/치마레깅스 > 여성 치마레깅스
쿠팡,C003305,바지,C003277,4,패션의류잡화 > 여성패션 > 여성의류 > 바지
쿠팡,C003304,여성 긴바지,C003305,5,패션의류잡화 > 여성패션 > 여성의류 > 바지 > 여성 긴바지
쿠팡,C003306,여성 반바지,C003305,5,패션의류잡화 > 여성패션 > 여성의류 > 바지 > 여성 반바지
쿠팡,C003308,스웨터/니트,C003277,4,패션의류잡화 > 여성패션 > 여성의류 > 스웨터/니트
쿠팡,C003307,여성 라운드넥,C003308,5,패션의류잡화 > 여성패션 > 여성의류 > 스웨터/니트 > 여성 라운드넥
쿠팡,C003309,여성 브이넥,C003308,5,패션의류잡화 > 여성패션 > 여성의류 > 스웨터/니트 > 여성 브이넥
쿠팡,C003310,여성 카라넥,C003308,5,패션의류잡화 > 여성패션 > 여성의류 > 스웨터/니트 > 여성 카라넥
쿠팡,C003311,여성 터틀넥,C003308,5,패션의류잡화 > 여성패션 > 여성의류 > 스웨터/니트 > 여성 터틀넥
쿠팡,C003312,여성 후드,C003308,5,패션의류잡화 > 여성패션 > 여성의류 > 스웨터/니트 > 여성 후드
쿠팡,C003314,스커트,C003277,4,패션의류잡화 > 여성패션 > 여성의류 > 스커트
쿠팡,C003313,여성 롱(발목길이)스커트,C003314,5,패션의류잡화 > 여성패션 > 여성의류 > 스커트 > 여성 롱(발목길이)스커트
쿠팡,C003315,여성 미니스커트,C003314,5,패션의류잡화 > 여성패션 > 여성의류 > 스커트 > 여성 미니스커트
쿠팡,C003316,여성 미디(무릎길이) 스커트,C003314,5,패션의류잡화 > 여성패션 > 여성의류 > 스커트 > 여성 미디(무릎길이) 스커트
쿠팡,C003317,여성 치마바지,C003314,5,패션의류잡화 > 여성패션 > 여성의류 > 스커트 > 여성 치마바지
쿠팡,C003320,스포츠의류,C003277,4,패션의류잡화 > 여성패션 > 여성의류 > 스포츠의류
쿠팡,C003319,댄스복,C003320,5,패션의류잡화 > 여성패션 > 여성의류 > 스포츠의류 > 댄스복
쿠팡,C003318,댄스스포츠스커트,C003319,6,패션의류잡화 > 여성패션 > 여성의류 > 스포츠의류 > 댄스복 > 댄스스포츠스커트
쿠팡,C003321,댄스스포츠원피스,C003319,6,패션의류잡화 > 여성패션 > 여성의류 > 스포츠의류 > 댄스복 > 댄스스포츠원피스
쿠팡,C003322,댄스스포츠티셔츠/셔츠,C003319,6,패션의류잡화 > 여성패션 > 여성의류 > 스포츠의류 > 댄스복 > 댄스스포츠티셔츠/셔츠
쿠팡,C003323,댄스스포츠팬츠,C003319,6,패션의류잡화 > 여성패션 > 여성의류 > 스포츠의류 > 댄스복 > 댄스스포츠팬츠
쿠팡,C003324,밸리댄스복,C003319,6,패션의류잡화 > 여성패션 > 여성의류 > 스포츠의류 > 댄스복 > 밸리댄스복
쿠팡,C003325,발레복,C003320,5,패션의류잡화 > 여성패션 > 여성의류 > 스포츠의류 > 발레복
쿠팡,C003327,스키/보드복,C003320,5,패션의류잡화 > 여성패션 > 여성의류 > 스포츠의류 > 스키/보드복
쿠팡,C003326,보드복바지,C003327,6,패션의류잡화 > 여성패션 > 여성의류 > 스포츠의류 > 스키/보드복 > 보드복바지
쿠팡,C003328,보드복상하의세트,C003327,6,패션의류잡화 > 여성패션 > 여성의류 > 스포츠의류 > 스키/보드복 > 보드복상하의세트
쿠팡,C003329,보드복자켓,C003327,6,패션의류잡화 > 여성패션 > 여성의류 > 스포츠의류 > 스키/보드복 > 보드복자켓
쿠팡,C003330,스키/보드복바지,C003327,6,패션의류잡화 > 여성패션 > 여성의류 > 스포츠의류 > 스키/보드복 > 스키/보드복바지
쿠팡,C003331,스키/보드복상의,C003327,6,패션의류잡화 > 여성패션 > 여성의류 > 스포츠의류 > 스키/보드복 > 스키/보드복상의
쿠팡,C003332,스키/보드복상하의세트,C003327,6,패션의류잡화 > 여성패션 > 여성의류 > 스포츠의류 > 스키/보드복 > 스키/보드복상하의세트
쿠팡,C003333,스키/보드복자켓,C003327,6,패션의류잡화 > 여성패션 > 여성의류 > 스포츠의류 > 스키/보드복 > 스키/보드복자켓
쿠팡,C003334,스키복바지,C003327,6,패션의류잡화 > 여성패션 > 여성의류 > 스포츠의류 > 스키/보드복 > 스키복바지
쿠팡,C003335,스키복상하의세트,C003327,6,패션의류잡화 > 여성패션 > 여성의류 > 스포츠의류 > 스키/보드복 > 스키복상하의세트
쿠팡,C003336,스키복자켓,C003327,6,패션의류잡화 > 여성패션 > 여성의류 > 스포츠의류 > 스키/보드복 > 스키복자켓
쿠팡,C003338,스포츠 바지/레깅스,C003320,5,패션의류잡화 > 여성패션 > 여성의류 > 스포츠의류 > 스포츠 바지/레깅스
쿠팡,C003337,여성 스포츠 레깅스/타이즈,C003338,6,패션의류잡화 > 여성패션 > 여성의류 > 스포츠의류 > 스포츠 바지/레깅스 > 여성 스포츠 레깅스/타이즈
쿠팡,C003339,여성 스포츠 바지,C003338,6,패션의류잡화 > 여성패션 > 여성의류 > 스포츠의류 > 스포츠 바지/레깅스 > 여성 스포츠 바지
쿠팡,C003341,스포츠 스커트/원피스,C003320,5,패션의류잡화 > 여성패션 > 여성의류 > 스포츠의류 > 스포츠 스커트/원피스
쿠팡,C003340,여성 스포츠 스커트,C003341,6,패션의류잡화 > 여성패션 > 여성의류 > 스포츠의류 > 스포츠 스커트/원피스 > 여성 스포츠 스커트
쿠팡,C003342,여성 스포츠 원피스,C003341,6,패션의류잡화 > 여성패션 > 여성의류 > 스포츠의류 > 스포츠 스커트/원피스 > 여성 스포츠 원피스
쿠팡,C003344,스포츠 자켓/집업,C003320,5,패션의류잡화 > 여성패션 > 여성의류 > 스포츠의류 > 스포츠 자켓/집업
쿠팡,C003343,여성 스포츠 바람막이,C003344,6,패션의류잡화 > 여성패션 > 여성의류 > 스포츠의류 > 스포츠 자켓/집업 > 여성 스포츠 바람막이
쿠팡,C003345,여성 스포츠 자켓/집업류,C003344,6,패션의류잡화 > 여성패션 > 여성의류 > 스포츠의류 > 스포츠 자켓/집업 > 여성 스포츠 자켓/집업류
쿠팡,C003346,여성 스포츠 조끼,C003344,6,패션의류잡화 > 여성패션 > 여성의류 > 스포츠의류 > 스포츠 자켓/집업 > 여성 스포츠 조끼
쿠팡,C003347,여성 스포츠 패딩/다운패딩,C003344,6,패션의류잡화 > 여성패션 > 여성의류 > 스포츠의류 > 스포츠 자켓/집업 > 여성 스포츠 패딩/다운패딩
쿠팡,C003349,스포츠 티셔츠/나시,C003320,5,패션의류잡화 > 여성패션 > 여성의류 > 스포츠의류 > 스포츠 티셔츠/나시
쿠팡,C003348,여성 스포츠 맨투맨,C003349,6,패션의류잡화 > 여성패션 > 여성의류 > 스포츠의류 > 스포츠 티셔츠/나시 > 여성 스포츠 맨투맨
쿠팡,C003350,여성 스포츠 민소매/나시/끈탑,C003349,6,패션의류잡화 > 여성패션 > 여성의류 > 스포츠의류 > 스포츠 티셔츠/나시 > 여성 스포츠 민소매/나시/끈탑
쿠팡,C003351,여성 스포츠 티셔츠,C003349,6,패션의류잡화 > 여성패션 > 여성의류 > 스포츠의류 > 스포츠 티셔츠/나시 > 여성 스포츠 티셔츠
쿠팡,C003352,여성 스포츠 후드티,C003349,6,패션의류잡화 > 여성패션 > 여성의류 > 스포츠의류 > 스포츠 티셔츠/나시 > 여성 스포츠 후드티
쿠팡,C003353,에어로빅복,C003320,5,패션의류잡화 > 여성패션 > 여성의류 > 스포츠의류 > 에어로빅복
쿠팡,C003354,여성 스포츠 니트/스웨터,C003320,5,패션의류잡화 > 여성패션 > 여성의류 > 스포츠의류 > 여성 스포츠 니트/스웨터
쿠팡,C003355,여성 스포츠 상하의 세트,C003320,5,패션의류잡화 > 여성패션 > 여성의류 > 스포츠의류 > 여성 스포츠 상하의 세트
쿠팡,C003356,여성 스포츠 셔츠,C003320,5,패션의류잡화 > 여성패션 > 여성의류 > 스포츠의류 > 여성 스포츠 셔츠
쿠팡,C003358,요가/피트니스웨어,C003320,5,패션의류잡화 > 여성패션 > 여성의류 > 스포츠의류 > 요가/피트니스웨어
쿠팡,C003357,요가민소매/나시,C003358,6,패션의류잡화 > 여성패션 > 여성의류 > 스포츠의류 > 요가/피트니스웨어 > 요가민소매/나시
쿠팡,C003359,요가바지,C003358,6,패션의류잡화 > 여성패션 > 여성의류 > 스포츠의류 > 요가/피트니스웨어 > 요가바지
쿠팡,C003360,요가상하의세트,C003358,6,패션의류잡화 > 여성패션 > 여성의류 > 스포츠의류 > 요가/피트니스웨어 > 요가상하의세트
쿠팡,C003361,요가집업점퍼,C003358,6,패션의류잡화 > 여성패션 > 여성의류 > 스포츠의류 > 요가/피트니스웨어 > 요가집업점퍼
쿠팡,C003362,요가타이즈/요가레깅스,C003358,6,패션의류잡화 > 여성패션 > 여성의류 > 스포츠의류 > 요가/피트니스웨어 > 요가타이즈/요가레깅스
쿠팡,C003363,요가티셔츠,C003358,6,패션의류잡화 > 여성패션 > 여성의류 > 스포츠의류 > 요가/피트니스웨어 > 요가티셔츠
쿠팡,C003364,여성 맨투맨,C003277,4,패션의류잡화 > 여성패션 > 여성의류 > 여성 맨투맨
쿠팡,C003365,여성 베스트(조끼),C003277,4,패션의류잡화 > 여성패션 > 여성의류 > 여성 베스트(조끼)
쿠팡,C003366,여성 블라우스,C003277,4,패션의류잡화 > 여성패션 > 여성의류 > 여성 블라우스
쿠팡,C003367,여성 셔츠(남방),C003277,4,패션의류잡화 > 여성패션 > 여성의류 > 여성 셔츠(남방)
쿠팡,C003368,여성 후드집업/집업류,C003277,4,패션의류잡화 > 여성패션 > 여성의류 > 여성 후드집업/집업류
쿠팡,C003369,여성 후드티,C003277,4,패션의류잡화 > 여성패션 > 여성의류 > 여성 후드티
쿠팡,C003371,원피스,C003277,4,패션의류잡화 > 여성패션 > 여성의류 > 원피스
쿠팡,C003370,여성 롱원피스(종아리아래),C003371,5,패션의류잡화 > 여성패션 > 여성의류 > 원피스 > 여성 롱원피스(종아리아래)
쿠팡,C003372,여성 미니원피스(허벅지위),C003371,5,패션의류잡화 > 여성패션 > 여성의류 > 원피스 > 여성 미니원피스(허벅지위)
쿠팡,C003373,여성 미디원피스(무릎길이),C003371,5,패션의류잡화 > 여성패션 > 여성의류 > 원피스 > 여성 미디원피스(무릎길이)
쿠팡,C003374,여성 점프수트,C003371,5,패션의류잡화 > 여성패션 > 여성의류 > 원피스 > 여성 점프수트
쿠팡,C003377,임산부의류,C003277,4,패션의류잡화 > 여성패션 > 여성의류 > 임산부의류
쿠팡,C003376,가디건,C003377,5,패션의류잡화 > 여성패션 > 여성의류 > 임산부의류 > 가디건
쿠팡,C003375,임산부 기본(허리길이)가디건,C003376,6,패션의류잡화 > 여성패션 > 여성의류 > 임산부의류 > 가디건 > 임산부 기본(허리길이)가디건
쿠팡,C003378,임산부 롱 가디건,C003376,6,패션의류잡화 > 여성패션 > 여성의류 > 임산부의류 > 가디건 > 임산부 롱 가디건
쿠팡,C003379,임산부 숏가디건(볼레로),C003376,6,패션의류잡화 > 여성패션 > 여성의류 > 임산부의류 > 가디건 > 임산부 숏가디건(볼레로)
쿠팡,C003381,레깅스/치마레깅스,C003377,5,패션의류잡화 > 여성패션 > 여성의류 > 임산부의류 > 레깅스/치마레깅스
쿠팡,C003380,임산부 레깅스,C003381,6,패션의류잡화 > 여성패션 > 여성의류 > 임산부의류 > 레깅스/치마레깅스 > 임산부 레깅스
쿠팡,C003382,임산부 치마레깅스,C003381,6,패션의류잡화 > 여성패션 > 여성의류 > 임산부의류 > 레깅스/치마레깅스 > 임산부 치마레깅스
쿠팡,C003384,바지,C003377,5,패션의류잡화 > 여성패션 > 여성의류 > 임산부의류 > 바지
쿠팡,C003383,임산부 긴바지,C003384,6,패션의류잡화 > 여성패션 > 여성의류 > 임산부의류 > 바지 > 임산부 긴바지
쿠팡,C003385,임산부 반바지,C003384,6,패션의류잡화 > 여성패션 > 여성의류 > 임산부의류 > 바지 > 임산부 반바지
쿠팡,C003387,비치웨어,C003377,5,패션의류잡화 > 여성패션 > 여성의류 > 임산부의류 > 비치웨어
쿠팡,C003386,임산부 래쉬가드,C003387,6,패션의류잡화 > 여성패션 > 여성의류 > 임산부의류 > 비치웨어 > 임산부 래쉬가드
쿠팡,C003388,임산부 수영복,C003387,6,패션의류잡화 > 여성패션 > 여성의류 > 임산부의류 > 비치웨어 > 임산부 수영복
쿠팡,C003389,임산부 워터레깅스,C003387,6,패션의류잡화 > 여성패션 > 여성의류 > 임산부의류 > 비치웨어 > 임산부 워터레깅스
쿠팡,C003390,임산부 커버업 외 비치웨어,C003387,6,패션의류잡화 > 여성패션 > 여성의류 > 임산부의류 > 비치웨어 > 임산부 커버업 외 비치웨어
쿠팡,C003392,수유복,C003377,5,패션의류잡화 > 여성패션 > 여성의류 > 임산부의류 > 수유복
쿠팡,C003391,수유가리개,C003392,6,패션의류잡화 > 여성패션 > 여성의류 > 임산부의류 > 수유복 > 수유가리개
쿠팡,C003393,수유셔츠,C003392,6,패션의류잡화 > 여성패션 > 여성의류 > 임산부의류 > 수유복 > 수유셔츠
쿠팡,C003394,수유원피스,C003392,6,패션의류잡화 > 여성패션 > 여성의류 > 임산부의류 > 수유복 > 수유원피스
쿠팡,C003395,수유티셔츠,C003392,6,패션의류잡화 > 여성패션 > 여성의류 > 임산부의류 > 수유복 > 수유티셔츠
쿠팡,C003397,스웨터/니트,C003377,5,패션의류잡화 > 여성패션 > 여성의류 > 임산부의류 > 스웨터/니트
쿠팡,C003396,임산부 라운드넥,C003397,6,패션의류잡화 > 여성패션 > 여성의류 > 임산부의류 > 스웨터/니트 > 임산부 라운드넥
쿠팡,C003398,임산부 브이넥,C003397,6,패션의류잡화 > 여성패션 > 여성의류 > 임산부의류 > 스웨터/니트 > 임산부 브이넥
쿠팡,C003399,임산부 카라넥,C003397,6,패션의류잡화 > 여성패션 > 여성의류 > 임산부의류 > 스웨터/니트 > 임산부 카라넥
쿠팡,C003400,임산부 터틀넥,C003397,6,패션의류잡화 > 여성패션 > 여성의류 > 임산부의류 > 스웨터/니트 > 임산부 터틀넥
쿠팡,C003401,임산부 후드,C003397,6,패션의류잡화 > 여성패션 > 여성의류 > 임산부의류 > 스웨터/니트 > 임산부 후드
쿠팡,C003403,스커트,C003377,5,패션의류잡화 > 여성패션 > 여성의류 > 임산부의류 > 스커트
쿠팡,C003402,임산부 롱(발목길이)스커트,C003403,6,패션의류잡화 > 여성패션 > 여성의류 > 임산부의류 > 스커트 > 임산부 롱(발목길이)스커트
쿠팡,C003404,임산부 미니스커트,C003403,6,패션의류잡화 > 여성패션 > 여성의류 > 임산부의류 > 스커트 > 임산부 미니스커트
쿠팡,C003405,임산부 미디(무릎길이) 스커트,C003403,6,패션의류잡화 > 여성패션 > 여성의류 > 임산부의류 > 스커트 > 임산부 미디(무릎길이) 스커트
쿠팡,C003407,아우터,C003377,5,패션의류잡화 > 여성패션 > 여성의류 > 임산부의류 > 아우터
쿠팡,C003406,임산부 겨울 코트,C003407,6,패션의류잡화 > 여성패션 > 여성의류 > 임산부의류 > 아우터 > 임산부 겨울 코트
쿠팡,C003408,임산부 봄가을 코트/트렌치,C003407,6,패션의류잡화 > 여성패션 > 여성의류 > 임산부의류 > 아우터 > 임산부 봄가을 코트/트렌치
쿠팡,C003409,임산부 야상/사파리,C003407,6,패션의류잡화 > 여성패션 > 여성의류 > 임산부의류 > 아우터 > 임산부 야상/사파리
쿠팡,C003410,임산부 점퍼/블루종,C003407,6,패션의류잡화 > 여성패션 > 여성의류 > 임산부의류 > 아우터 > 임산부 점퍼/블루종
쿠팡,C003411,임산부 정장재킷,C003407,6,패션의류잡화 > 여성패션 > 여성의류 > 임산부의류 > 아우터 > 임산부 정장재킷
쿠팡,C003412,임산부 캐주얼재킷,C003407,6,패션의류잡화 > 여성패션 > 여성의류 > 임산부의류 > 아우터 > 임산부 캐주얼재킷
쿠팡,C003413,임산부 패딩/다운패딩점퍼,C003407,6,패션의류잡화 > 여성패션 > 여성의류 > 임산부의류 > 아우터 > 임산부 패딩/다운패딩점퍼
쿠팡,C003414,임산부 패딩/다운패딩조끼,C003407,6,패션의류잡화 > 여성패션 > 여성의류 > 임산부의류 > 아우터 > 임산부 패딩/다운패딩조끼
쿠팡,C003416,원피스/점프수트,C003377,5,패션의류잡화 > 여성패션 > 여성의류 > 임산부의류 > 원피스/점프수트
쿠팡,C003415,임산부 원피스,C003416,6,패션의류잡화 > 여성패션 > 여성의류 > 임산부의류 > 원피스/점프수트 > 임산부 원피스
쿠팡,C003417,임산부 점프수트,C003416,6,패션의류잡화 > 여성패션 > 여성의류 > 임산부의류 > 원피스/점프수트 > 임산부 점프수트
쿠팡,C003418,임산부 베스트(조끼),C003377,5,패션의류잡화 > 여성패션 > 여성의류 > 임산부의류 > 임산부 베스트(조끼)
쿠팡,C003420,정장/세트류,C003377,5,패션의류잡화 > 여성패션 > 여성의류 > 임산부의류 > 정장/세트류
쿠팡,C003419,임산부 바지 정장 세트,C003420,6,패션의류잡화 > 여성패션 > 여성의류 > 임산부의류 > 정장/세트류 > 임산부 바지 정장 세트
쿠팡,C003421,임산부 스커트 정장 세트,C003420,6,패션의류잡화 > 여성패션 > 여성의류 > 임산부의류 > 정장/세트류 > 임산부 스커트 정장 세트
쿠팡,C003422,임산부 원피스 세트,C003420,6,패션의류잡화 > 여성패션 > 여성의류 > 임산부의류 > 정장/세트류 > 임산부 원피스 세트
쿠팡,C003423,임산부 캐주얼 세트,C003420,6,패션의류잡화 > 여성패션 > 여성의류 > 임산부의류 > 정장/세트류 > 임산부 캐주얼 세트
쿠팡,C003425,청바지,C003377,5,패션의류잡화 > 여성패션 > 여성의류 > 임산부의류 > 청바지
쿠팡,C003424,임산부 긴바지,C003425,6,패션의류잡화 > 여성패션 > 여성의류 > 임산부의류 > 청바지 > 임산부 긴바지
쿠팡,C003426,임산부 반바지,C003425,6,패션의류잡화 > 여성패션 > 여성의류 > 임산부의류 > 청바지 > 임산부 반바지
쿠팡,C003428,트레이닝복,C003377,5,패션의류잡화 > 여성패션 > 여성의류 > 임산부의류 > 트레이닝복
쿠팡,C003427,임산부 트레이닝복 상의,C003428,6,패션의류잡화 > 여성패션 > 여성의류 > 임산부의류 > 트레이닝복 > 임산부 트레이닝복 상의
쿠팡,C003429,임산부 트레이닝복 상하 세트,C003428,6,패션의류잡화 > 여성패션 > 여성의류 > 임산부의류 > 트레이닝복 > 임산부 트레이닝복 상하 세트
쿠팡,C003430,임산부 트레이닝복 하의,C003428,6,패션의류잡화 > 여성패션 > 여성의류 > 임산부의류 > 트레이닝복 > 임산부 트레이닝복 하의
쿠팡,C003432,티셔츠,C003377,5,패션의류잡화 > 여성패션 > 여성의류 > 임산부의류 > 티셔츠
쿠팡,C003431,임산부 긴소매,C003432,6,패션의류잡화 > 여성패션 > 여성의류 > 임산부의류 > 티셔츠 > 임산부 긴소매
쿠팡,C003433,임산부 맨투맨,C003432,6,패션의류잡화 > 여성패션 > 여성의류 > 임산부의류 > 티셔츠 > 임산부 맨투맨
쿠팡,C003434,임산부 민소매/나시,C003432,6,패션의류잡화 > 여성패션 > 여성의류 > 임산부의류 > 티셔츠 > 임산부 민소매/나시
쿠팡,C003435,임산부 반소매,C003432,6,패션의류잡화 > 여성패션 > 여성의류 > 임산부의류 > 티셔츠 > 임산부 반소매
쿠팡,C003436,임산부 블라우스,C003432,6,패션의류잡화 > 여성패션 > 여성의류 > 임산부의류 > 티셔츠 > 임산부 블라우스
쿠팡,C003437,임산부 셔츠,C003432,6,패션의류잡화 > 여성패션 > 여성의류 > 임산부의류 > 티셔츠 > 임산부 셔츠
쿠팡,C003438,임산부 후드집업/집업류,C003432,6,패션의류잡화 > 여성패션 > 여성의류 > 임산부의류 > 티셔츠 > 임산부 후드집업/집업류
쿠팡,C003439,임산부 후드티,C003432,6,패션의류잡화 > 여성패션 > 여성의류 > 임산부의류 > 티셔츠 > 임산부 후드티
쿠팡,C003441,재킷,C003277,4,패션의류잡화 > 여성패션 > 여성의류 > 재킷
쿠팡,C003440,여성 정장재킷,C003441,5,패션의류잡화 > 여성패션 > 여성의류 > 재킷 > 여성 정장재킷
쿠팡,C003442,여성 캐주얼재킷,C003441,5,패션의류잡화 > 여성패션 > 여성의류 > 재킷 > 여성 캐주얼재킷
쿠팡,C003444,점퍼,C003277,4,패션의류잡화 > 여성패션 > 여성의류 > 점퍼
쿠팡,C003443,여성 기타점퍼,C003444,5,패션의류잡화 > 여성패션 > 여성의류 > 점퍼 > 여성 기타점퍼
쿠팡,C003445,여성 바람막이 점퍼,C003444,5,패션의류잡화 > 여성패션 > 여성의류 > 점퍼 > 여성 바람막이 점퍼
쿠팡,C003446,여성 야구점퍼/스타디움,C003444,5,패션의류잡화 > 여성패션 > 여성의류 > 점퍼 > 여성 야구점퍼/스타디움
쿠팡,C003447,여성 야상/사파리,C003444,5,패션의류잡화 > 여성패션 > 여성의류 > 점퍼 > 여성 야상/사파리
쿠팡,C003448,여성 패딩/다운패딩점퍼,C003444,5,패션의류잡화 > 여성패션 > 여성의류 > 점퍼 > 여성 패딩/다운패딩점퍼
쿠팡,C003449,여성 패딩/다운패딩조끼,C003444,5,패션의류잡화 > 여성패션 > 여성의류 > 점퍼 > 여성 패딩/다운패딩조끼
쿠팡,C003450,여성 항공점퍼/블루종,C003444,5,패션의류잡화 > 여성패션 > 여성의류 > 점퍼 > 여성 항공점퍼/블루종
쿠팡,C003452,정장/세트류,C003277,4,패션의류잡화 > 여성패션 > 여성의류 > 정장/세트류
쿠팡,C003451,여성 바지 정장 세트,C003452,5,패션의류잡화 > 여성패션 > 여성의류 > 정장/세트류 > 여성 바지 정장 세트
쿠팡,C003453,여성 스커트 정장 세트,C003452,5,패션의류잡화 > 여성패션 > 여성의류 > 정장/세트류 > 여성 스커트 정장 세트
쿠팡,C003454,여성 원피스 세트,C003452,5,패션의류잡화 > 여성패션 > 여성의류 > 정장/세트류 > 여성 원피스 세트
쿠팡,C003455,여성 캐주얼 세트,C003452,5,패션의류잡화 > 여성패션 > 여성의류 > 정장/세트류 > 여성 캐주얼 세트
쿠팡,C003457,청바지,C003277,4,패션의류잡화 > 여성패션 > 여성의류 > 청바지
쿠팡,C003456,여성 긴바지,C003457,5,패션의류잡화 > 여성패션 > 여성의류 > 청바지 > 여성 긴바지
쿠팡,C003458,여성 반바지,C003457,5,패션의류잡화 > 여성패션 > 여성의류 > 청바지 > 여성 반바지
쿠팡,C003460,코트,C003277,4,패션의류잡화 > 여성패션 > 여성의류 > 코트
쿠팡,C003459,여성 겨울 코트,C003460,5,패션의류잡화 > 여성패션 > 여성의류 > 코트 > 여성 겨울 코트
쿠팡,C003461,여성 봄가을 코트/트렌치,C003460,5,패션의류잡화 > 여성패션 > 여성의류 > 코트 > 여성 봄가을 코트/트렌치
쿠팡,C003463,티셔츠,C003277,4,패션의류잡화 > 여성패션 > 여성의류 > 티셔츠
쿠팡,C003462,여성 긴소매,C003463,5,패션의류잡화 > 여성패션 > 여성의류 > 티셔츠 > 여성 긴소매
쿠팡,C003464,여성 민소매/나시,C003463,5,패션의류잡화 > 여성패션 > 여성의류 > 티셔츠 > 여성 민소매/나시
쿠팡,C003465,여성 반소매,C003463,5,패션의류잡화 > 여성패션 > 여성의류 > 티셔츠 > 여성 반소매
쿠팡,C003467,패션 트레이닝복,C003277,4,패션의류잡화 > 여성패션 > 여성의류 > 패션 트레이닝복
쿠팡,C003466,여성 상의,C003467,5,패션의류잡화 > 여성패션 > 여성의류 > 패션 트레이닝복 > 여성 상의
쿠팡,C003468,여성 상하의 세트,C003467,5,패션의류잡화 > 여성패션 > 여성의류 > 패션 트레이닝복 > 여성 상하의 세트
쿠팡,C003469,여성 하의,C003467,5,패션의류잡화 > 여성패션 > 여성의류 > 패션 트레이닝복 > 여성 하의
쿠팡,C003472,여성잡화,C003109,3,패션의류잡화 > 여성패션 > 여성잡화
쿠팡,C003471,가방,C003472,4,패션의류잡화 > 여성패션 > 여성잡화 > 가방
쿠팡,C003470,여성가방액세서리,C003471,5,패션의류잡화 > 여성패션 > 여성잡화 > 가방 > 여성가방액세서리
쿠팡,C003473,여성기타캐주얼가방,C003471,5,패션의류잡화 > 여성패션 > 여성잡화 > 가방 > 여성기타캐주얼가방
쿠팡,C003475,여성미니백,C003471,5,패션의류잡화 > 여성패션 > 여성잡화 > 가방 > 여성미니백
쿠팡,C003474,여성 숄더백,C003475,6,패션의류잡화 > 여성패션 > 여성잡화 > 가방 > 여성미니백 > 여성 숄더백
쿠팡,C003476,여성 크로스백,C003475,6,패션의류잡화 > 여성패션 > 여성잡화 > 가방 > 여성미니백 > 여성 크로스백
쿠팡,C003477,여성 토트백,C003475,6,패션의류잡화 > 여성패션 > 여성잡화 > 가방 > 여성미니백 > 여성 토트백
쿠팡,C003478,여성백팩,C003471,5,패션의류잡화 > 여성패션 > 여성잡화 > 가방 > 여성백팩
쿠팡,C003479,여성비치백/왕골가방,C003471,5,패션의류잡화 > 여성패션 > 여성잡화 > 가방 > 여성비치백/왕골가방
쿠팡,C003480,여성쇼퍼백,C003471,5,패션의류잡화 > 여성패션 > 여성잡화 > 가방 > 여성쇼퍼백
쿠팡,C003481,여성숄더백,C003471,5,패션의류잡화 > 여성패션 > 여성잡화 > 가방 > 여성숄더백
쿠팡,C003482,여성이너백,C003471,5,패션의류잡화 > 여성패션 > 여성잡화 > 가방 > 여성이너백
쿠팡,C003483,여성캔버스/에코백,C003471,5,패션의류잡화 > 여성패션 > 여성잡화 > 가방 > 여성캔버스/에코백
쿠팡,C003484,여성크로스백,C003471,5,패션의류잡화 > 여성패션 > 여성잡화 > 가방 > 여성크로스백
쿠팡,C003485,여성클러치,C003471,5,패션의류잡화 > 여성패션 > 여성잡화 > 가방 > 여성클러치
쿠팡,C003486,여성토트백,C003471,5,패션의류잡화 > 여성패션 > 여성잡화 > 가방 > 여성토트백
쿠팡,C003487,여성파우치,C003471,5,패션의류잡화 > 여성패션 > 여성잡화 > 가방 > 여성파우치
쿠팡,C003489,기타시즌잡화,C003472,4,패션의류잡화 > 여성패션 > 여성잡화 > 기타시즌잡화
쿠팡,C003488,여성 기타잡화,C003489,5,패션의류잡화 > 여성패션 > 여성잡화 > 기타시즌잡화 > 여성 기타잡화
쿠팡,C003490,여성 셔츠카라/페이크폴라,C003489,5,패션의류잡화 > 여성패션 > 여성잡화 > 기타시즌잡화 > 여성 셔츠카라/페이크폴라
쿠팡,C003491,여성 한복액세서리/소품,C003489,5,패션의류잡화 > 여성패션 > 여성잡화 > 기타시즌잡화 > 여성 한복액세서리/소품
쿠팡,C003493,머플러/스카프/숄,C003472,4,패션의류잡화 > 여성패션 > 여성잡화 > 머플러/스카프/숄
쿠팡,C003492,여성넥워머,C003493,5,패션의류잡화 > 여성패션 > 여성잡화 > 머플러/스카프/숄 > 여성넥워머
쿠팡,C003494,여성니트머플러,C003493,5,패션의류잡화 > 여성패션 > 여성잡화 > 머플러/스카프/숄 > 여성니트머플러
쿠팡,C003495,여성린넨머플러,C003493,5,패션의류잡화 > 여성패션 > 여성잡화 > 머플러/스카프/숄 > 여성린넨머플러
쿠팡,C003496,여성면(아사)스카프,C003493,5,패션의류잡화 > 여성패션 > 여성잡화 > 머플러/스카프/숄 > 여성면(아사)스카프
쿠팡,C003497,여성숄/망토,C003493,5,패션의류잡화 > 여성패션 > 여성잡화 > 머플러/스카프/숄 > 여성숄/망토
쿠팡,C003498,여성실크스카프,C003493,5,패션의류잡화 > 여성패션 > 여성잡화 > 머플러/스카프/숄 > 여성실크스카프
쿠팡,C003499,여성울(아크릴)머플러,C003493,5,패션의류잡화 > 여성패션 > 여성잡화 > 머플러/스카프/숄 > 여성울(아크릴)머플러
쿠팡,C003500,여성퍼머플러,C003493,5,패션의류잡화 > 여성패션 > 여성잡화 > 머플러/스카프/숄 > 여성퍼머플러
쿠팡,C003502,모자,C003472,4,패션의류잡화 > 여성패션 > 여성잡화 > 모자
쿠팡,C003501,여성귀달이 모자,C003502,5,패션의류잡화 > 여성패션 > 여성잡화 > 모자 > 여성귀달이 모자
쿠팡,C003503,여성반다나/두건,C003502,5,패션의류잡화 > 여성패션 > 여성잡화 > 모자 > 여성반다나/두건
쿠팡,C003504,여성벙거지,C003502,5,패션의류잡화 > 여성패션 > 여성잡화 > 모자 > 여성벙거지
쿠팡,C003505,여성베레모/헌팅캡,C003502,5,패션의류잡화 > 여성패션 > 여성잡화 > 모자 > 여성베레모/헌팅캡
쿠팡,C003506,여성비니,C003502,5,패션의류잡화 > 여성패션 > 여성잡화 > 모자 > 여성비니
쿠팡,C003507,여성사파리/챙모자,C003502,5,패션의류잡화 > 여성패션 > 여성잡화 > 모자 > 여성사파리/챙모자
쿠팡,C003508,여성썬캡,C003502,5,패션의류잡화 > 여성패션 > 여성잡화 > 모자 > 여성썬캡
쿠팡,C003509,여성야구모자/군모,C003502,5,패션의류잡화 > 여성패션 > 여성잡화 > 모자 > 여성야구모자/군모
쿠팡,C003510,여성왕골/밀짚모자,C003502,5,패션의류잡화 > 여성패션 > 여성잡화 > 모자 > 여성왕골/밀짚모자
쿠팡,C003511,여성털/방울모자,C003502,5,패션의류잡화 > 여성패션 > 여성잡화 > 모자 > 여성털/방울모자
쿠팡,C003512,여성털귀마개,C003502,5,패션의류잡화 > 여성패션 > 여성잡화 > 모자 > 여성털귀마개
쿠팡,C003513,여성페도라/중절모,C003502,5,패션의류잡화 > 여성패션 > 여성잡화 > 모자 > 여성페도라/중절모
쿠팡,C003514,여성힙합모자/스냅백,C003502,5,패션의류잡화 > 여성패션 > 여성잡화 > 모자 > 여성힙합모자/스냅백
쿠팡,C003516,벨트,C003472,4,패션의류잡화 > 여성패션 > 여성잡화 > 벨트
쿠팡,C003515,여성정장벨트,C003516,5,패션의류잡화 > 여성패션 > 여성잡화 > 벨트 > 여성정장벨트
쿠팡,C003517,여성캐주얼벨트,C003516,5,패션의류잡화 > 여성패션 > 여성잡화 > 벨트 > 여성캐주얼벨트
쿠팡,C003519,선글라스,C003472,4,패션의류잡화 > 여성패션 > 여성잡화 > 선글라스
쿠팡,C003518,여성스포츠선글라스,C003519,5,패션의류잡화 > 여성패션 > 여성잡화 > 선글라스 > 여성스포츠선글라스
쿠팡,C003520,여성패션선글라스,C003519,5,패션의류잡화 > 여성패션 > 여성잡화 > 선글라스 > 여성패션선글라스
쿠팡,C003522,스타킹/타이즈,C003472,4,패션의류잡화 > 여성패션 > 여성잡화 > 스타킹/타이즈
쿠팡,C003521,여성기모스타킹,C003522,5,패션의류잡화 > 여성패션 > 여성잡화 > 스타킹/타이즈 > 여성기모스타킹
쿠팡,C003523,여성면타이즈,C003522,5,패션의류잡화 > 여성패션 > 여성잡화 > 스타킹/타이즈 > 여성면타이즈
쿠팡,C003524,여성발목스타킹,C003522,5,패션의류잡화 > 여성패션 > 여성잡화 > 스타킹/타이즈 > 여성발목스타킹
쿠팡,C003525,여성밴드스타킹(허벅지),C003522,5,패션의류잡화 > 여성패션 > 여성잡화 > 스타킹/타이즈 > 여성밴드스타킹(허벅지)
쿠팡,C003526,여성압박스타킹,C003522,5,패션의류잡화 > 여성패션 > 여성잡화 > 스타킹/타이즈 > 여성압박스타킹
쿠팡,C003527,여성판타롱스타킹(무릎 아래),C003522,5,패션의류잡화 > 여성패션 > 여성잡화 > 스타킹/타이즈 > 여성판타롱스타킹(무릎 아래)
쿠팡,C003528,여성팬티스타킹,C003522,5,패션의류잡화 > 여성패션 > 여성잡화 > 스타킹/타이즈 > 여성팬티스타킹
쿠팡,C003530,안경테,C003472,4,패션의류잡화 > 여성패션 > 여성잡화 > 안경테
쿠팡,C003529,여성무테,C003530,5,패션의류잡화 > 여성패션 > 여성잡화 > 안경테 > 여성무테
쿠팡,C003531,여성반무테,C003530,5,패션의류잡화 > 여성패션 > 여성잡화 > 안경테 > 여성반무테
쿠팡,C003532,여성뿔테,C003530,5,패션의류잡화 > 여성패션 > 여성잡화 > 안경테 > 여성뿔테
쿠팡,C003533,여성실테(금속테),C003530,5,패션의류잡화 > 여성패션 > 여성잡화 > 안경테 > 여성실테(금속테)
쿠팡,C003535,양말,C003472,4,패션의류잡화 > 여성패션 > 여성잡화 > 양말
쿠팡,C003534,여성덧신,C003535,5,패션의류잡화 > 여성패션 > 여성잡화 > 양말 > 여성덧신
쿠팡,C003536,여성레그워머,C003535,5,패션의류잡화 > 여성패션 > 여성잡화 > 양말 > 여성레그워머
쿠팡,C003537,여성무릎양말(니삭스),C003535,5,패션의류잡화 > 여성패션 > 여성잡화 > 양말 > 여성무릎양말(니삭스)
쿠팡,C003538,여성발가락/향균 양말,C003535,5,패션의류잡화 > 여성패션 > 여성잡화 > 양말 > 여성발가락/향균 양말
쿠팡,C003539,여성발목양말,C003535,5,패션의류잡화 > 여성패션 > 여성잡화 > 양말 > 여성발목양말
쿠팡,C003540,여성수면 양말,C003535,5,패션의류잡화 > 여성패션 > 여성잡화 > 양말 > 여성수면 양말
쿠팡,C003541,여성스니커즈 양말,C003535,5,패션의류잡화 > 여성패션 > 여성잡화 > 양말 > 여성스니커즈 양말
쿠팡,C003542,여성양말세트,C003535,5,패션의류잡화 > 여성패션 > 여성잡화 > 양말 > 여성양말세트
쿠팡,C003543,여성허벅지양말(오버니삭스),C003535,5,패션의류잡화 > 여성패션 > 여성잡화 > 양말 > 여성허벅지양말(오버니삭스)
쿠팡,C003545,양산,C003472,4,패션의류잡화 > 여성패션 > 여성잡화 > 양산
쿠팡,C003544,여성양산,C003545,5,패션의류잡화 > 여성패션 > 여성잡화 > 양산 > 여성양산
쿠팡,C003546,여성우양산겸용,C003545,5,패션의류잡화 > 여성패션 > 여성잡화 > 양산 > 여성우양산겸용
쿠팡,C003547,여성손수건,C003472,4,패션의류잡화 > 여성패션 > 여성잡화 > 여성손수건
쿠팡,C003548,여성우비,C003472,4,패션의류잡화 > 여성패션 > 여성잡화 > 여성우비
쿠팡,C003550,우산,C003472,4,패션의류잡화 > 여성패션 > 여성잡화 > 우산
쿠팡,C003549,여성2단우산,C003550,5,패션의류잡화 > 여성패션 > 여성잡화 > 우산 > 여성2단우산
쿠팡,C003551,여성3단우산,C003550,5,패션의류잡화 > 여성패션 > 여성잡화 > 우산 > 여성3단우산
쿠팡,C003552,여성4단우산,C003550,5,패션의류잡화 > 여성패션 > 여성잡화 > 우산 > 여성4단우산
쿠팡,C003553,여성5단우산,C003550,5,패션의류잡화 > 여성패션 > 여성잡화 > 우산 > 여성5단우산
쿠팡,C003554,여성장우산,C003550,5,패션의류잡화 > 여성패션 > 여성잡화 > 우산 > 여성장우산
쿠팡,C003557,임산부속옷/잠옷,C003472,4,패션의류잡화 > 여성패션 > 여성잡화 > 임산부속옷/잠옷
쿠팡,C003556,임산부속옷,C003557,5,패션의류잡화 > 여성패션 > 여성잡화 > 임산부속옷/잠옷 > 임산부속옷
쿠팡,C003555,산전후복대,C003556,6,패션의류잡화 > 여성패션 > 여성잡화 > 임산부속옷/잠옷 > 임산부속옷 > 산전후복대
쿠팡,C003559,임산부잡화,C003472,4,패션의류잡화 > 여성패션 > 여성잡화 > 임산부잡화
쿠팡,C003558,임산부 손목/무릎보호대,C003559,5,패션의류잡화 > 여성패션 > 여성잡화 > 임산부잡화 > 임산부 손목/무릎보호대
쿠팡,C003560,임산부 스타킹,C003559,5,패션의류잡화 > 여성패션 > 여성잡화 > 임산부잡화 > 임산부 스타킹
쿠팡,C003561,임산부 양말,C003559,5,패션의류잡화 > 여성패션 > 여성잡화 > 임산부잡화 > 임산부 양말
쿠팡,C003563,장갑,C003472,4,패션의류잡화 > 여성패션 > 여성잡화 > 장갑
쿠팡,C003562,여성가죽장갑,C003563,5,패션의류잡화 > 여성패션 > 여성잡화 > 장갑 > 여성가죽장갑
쿠팡,C003564,여성니트장갑,C003563,5,패션의류잡화 > 여성패션 > 여성잡화 > 장갑 > 여성니트장갑
쿠팡,C003565,여성모직장갑,C003563,5,패션의류잡화 > 여성패션 > 여성잡화 > 장갑 > 여성모직장갑
쿠팡,C003566,여성스웨이드장갑,C003563,5,패션의류잡화 > 여성패션 > 여성잡화 > 장갑 > 여성스웨이드장갑
쿠팡,C003567,여성암워머,C003563,5,패션의류잡화 > 여성패션 > 여성잡화 > 장갑 > 여성암워머
쿠팡,C003568,여성패딩/방한장갑,C003563,5,패션의류잡화 > 여성패션 > 여성잡화 > 장갑 > 여성패딩/방한장갑
쿠팡,C003570,지갑,C003472,4,패션의류잡화 > 여성패션 > 여성잡화 > 지갑
쿠팡,C003569,여성담배케이스,C003570,5,패션의류잡화 > 여성패션 > 여성잡화 > 지갑 > 여성담배케이스
쿠팡,C003571,여성동전지갑,C003570,5,패션의류잡화 > 여성패션 > 여성잡화 > 지갑 > 여성동전지갑
쿠팡,C003572,여성머니클립,C003570,5,패션의류잡화 > 여성패션 > 여성잡화 > 지갑 > 여성머니클립
쿠팡,C003573,여성반지갑,C003570,5,패션의류잡화 > 여성패션 > 여성잡화 > 지갑 > 여성반지갑
쿠팡,C003574,여성스마트폰카드지갑,C003570,5,패션의류잡화 > 여성패션 > 여성잡화 > 지갑 > 여성스마트폰카드지갑
쿠팡,C003575,여성장지갑,C003570,5,패션의류잡화 > 여성패션 > 여성잡화 > 지갑 > 여성장지갑
쿠팡,C003576,여성중지갑,C003570,5,패션의류잡화 > 여성패션 > 여성잡화 > 지갑 > 여성중지갑
쿠팡,C003577,여성지갑/벨트 세트,C003570,5,패션의류잡화 > 여성패션 > 여성잡화 > 지갑 > 여성지갑/벨트 세트
쿠팡,C003578,여성카드/명함지갑,C003570,5,패션의류잡화 > 여성패션 > 여성잡화 > 지갑 > 여성카드/명함지갑
쿠팡,C003579,여성카드목걸이,C003570,5,패션의류잡화 > 여성패션 > 여성잡화 > 지갑 > 여성카드목걸이
쿠팡,C003580,여성키지갑/키홀더,C003570,5,패션의류잡화 > 여성패션 > 여성잡화 > 지갑 > 여성키지갑/키홀더
쿠팡,C003581,여성통장지갑,C003570,5,패션의류잡화 > 여성패션 > 여성잡화 > 지갑 > 여성통장지갑
쿠팡,C003583,케이스/렌즈소품/기타,C003472,4,패션의류잡화 > 여성패션 > 여성잡화 > 케이스/렌즈소품/기타
쿠팡,C003582,여성 코받침,C003583,5,패션의류잡화 > 여성패션 > 여성잡화 > 케이스/렌즈소품/기타 > 여성 코받침
쿠팡,C003584,여성안경줄,C003583,5,패션의류잡화 > 여성패션 > 여성잡화 > 케이스/렌즈소품/기타 > 여성안경줄
쿠팡,C003585,여성케이스/렌즈소품,C003583,5,패션의류잡화 > 여성패션 > 여성잡화 > 케이스/렌즈소품/기타 > 여성케이스/렌즈소품
쿠팡,C003587,헤어액세서리,C003472,4,패션의류잡화 > 여성패션 > 여성잡화 > 헤어액세서리
쿠팡,C003586,여성머리끈,C003587,5,패션의류잡화 > 여성패션 > 여성잡화 > 헤어액세서리 > 여성머리끈
쿠팡,C003588,여성머리핀,C003587,5,패션의류잡화 > 여성패션 > 여성잡화 > 헤어액세서리 > 여성머리핀
쿠팡,C003589,여성헤어밴드,C003587,5,패션의류잡화 > 여성패션 > 여성잡화 > 헤어액세서리 > 여성헤어밴드
쿠팡,C003590,여성헤어집게,C003587,5,패션의류잡화 > 여성패션 > 여성잡화 > 헤어액세서리 > 여성헤어집게
쿠팡,C003593,여성쥬얼리,C003109,3,패션의류잡화 > 여성패션 > 여성쥬얼리
쿠팡,C003592,귀걸이,C003593,4,패션의류잡화 > 여성패션 > 여성쥬얼리 > 귀걸이
쿠팡,C003591,여성골드(화이트/로즈골드) 귀걸이,C003592,5,패션의류잡화 > 여성패션 > 여성쥬얼리 > 귀걸이 > 여성골드(화이트/로즈골드) 귀걸이
쿠팡,C003594,여성다이아몬드귀걸이,C003592,5,패션의류잡화 > 여성패션 > 여성쥬얼리 > 귀걸이 > 여성다이아몬드귀걸이
쿠팡,C003595,여성실버귀걸이,C003592,5,패션의류잡화 > 여성패션 > 여성쥬얼리 > 귀걸이 > 여성실버귀걸이
쿠팡,C003596,여성유색/보석 귀걸이,C003592,5,패션의류잡화 > 여성패션 > 여성쥬얼리 > 귀걸이 > 여성유색/보석 귀걸이
쿠팡,C003597,여성진주귀걸이,C003592,5,패션의류잡화 > 여성패션 > 여성쥬얼리 > 귀걸이 > 여성진주귀걸이
쿠팡,C003598,여성패션귀걸이,C003592,5,패션의류잡화 > 여성패션 > 여성쥬얼리 > 귀걸이 > 여성패션귀걸이
쿠팡,C003599,여성피어싱,C003592,5,패션의류잡화 > 여성패션 > 여성쥬얼리 > 귀걸이 > 여성피어싱
쿠팡,C003601,목걸이/팬던트,C003593,4,패션의류잡화 > 여성패션 > 여성쥬얼리 > 목걸이/팬던트
쿠팡,C003600,여성골드(화이트/로즈골드) 목걸이,C003601,5,패션의류잡화 > 여성패션 > 여성쥬얼리 > 목걸이/팬던트 > 여성골드(화이트/로즈골드) 목걸이
쿠팡,C003602,여성다이아몬드목걸이,C003601,5,패션의류잡화 > 여성패션 > 여성쥬얼리 > 목걸이/팬던트 > 여성다이아몬드목걸이
쿠팡,C003603,여성실버목걸이,C003601,5,패션의류잡화 > 여성패션 > 여성쥬얼리 > 목걸이/팬던트 > 여성실버목걸이
쿠팡,C003604,여성유색/보석목걸이,C003601,5,패션의류잡화 > 여성패션 > 여성쥬얼리 > 목걸이/팬던트 > 여성유색/보석목걸이
쿠팡,C003605,여성진주 목걸이,C003601,5,패션의류잡화 > 여성패션 > 여성쥬얼리 > 목걸이/팬던트 > 여성진주 목걸이
쿠팡,C003606,여성패션목걸이,C003601,5,패션의류잡화 > 여성패션 > 여성쥬얼리 > 목걸이/팬던트 > 여성패션목걸이
쿠팡,C003607,여성팬던트(진주/보석/이니셜),C003601,5,패션의류잡화 > 여성패션 > 여성쥬얼리 > 목걸이/팬던트 > 여성팬던트(진주/보석/이니셜)
쿠팡,C003609,반지,C003593,4,패션의류잡화 > 여성패션 > 여성쥬얼리 > 반지
쿠팡,C003608,여성골드(화이트/로즈골드) 반지,C003609,5,패션의류잡화 > 여성패션 > 여성쥬얼리 > 반지 > 여성골드(화이트/로즈골드) 반지
쿠팡,C003610,여성다이아몬드 반지,C003609,5,패션의류잡화 > 여성패션 > 여성쥬얼리 > 반지 > 여성다이아몬드 반지
쿠팡,C003611,여성실버 반지,C003609,5,패션의류잡화 > 여성패션 > 여성쥬얼리 > 반지 > 여성실버 반지
쿠팡,C003612,여성유색/보석 반지,C003609,5,패션의류잡화 > 여성패션 > 여성쥬얼리 > 반지 > 여성유색/보석 반지
쿠팡,C003613,여성진주 반지,C003609,5,패션의류잡화 > 여성패션 > 여성쥬얼리 > 반지 > 여성진주 반지
쿠팡,C003614,여성패션반지,C003609,5,패션의류잡화 > 여성패션 > 여성쥬얼리 > 반지 > 여성패션반지
쿠팡,C003616,브로치,C003593,4,패션의류잡화 > 여성패션 > 여성쥬얼리 > 브로치
쿠팡,C003615,여성보석브로치,C003616,5,패션의류잡화 > 여성패션 > 여성쥬얼리 > 브로치 > 여성보석브로치
쿠팡,C003617,여성패션브로치,C003616,5,패션의류잡화 > 여성패션 > 여성쥬얼리 > 브로치 > 여성패션브로치
쿠팡,C003619,예물관,C003593,4,패션의류잡화 > 여성패션 > 여성쥬얼리 > 예물관
쿠팡,C003618,여성다이아몬드 쥬얼리,C003619,5,패션의류잡화 > 여성패션 > 여성쥬얼리 > 예물관 > 여성다이아몬드 쥬얼리
쿠팡,C003620,여성유색/보석 쥬얼리,C003619,5,패션의류잡화 > 여성패션 > 여성쥬얼리 > 예물관 > 여성유색/보석 쥬얼리
쿠팡,C003621,여성진주 쥬얼리,C003619,5,패션의류잡화 > 여성패션 > 여성쥬얼리 > 예물관 > 여성진주 쥬얼리
쿠팡,C003623,쥬얼리세트,C003593,4,패션의류잡화 > 여성패션 > 여성쥬얼리 > 쥬얼리세트
쿠팡,C003622,여성골드(화이트/로즈골드) 세트,C003623,5,패션의류잡화 > 여성패션 > 여성쥬얼리 > 쥬얼리세트 > 여성골드(화이트/로즈골드) 세트
쿠팡,C003624,여성다이아몬드세트,C003623,5,패션의류잡화 > 여성패션 > 여성쥬얼리 > 쥬얼리세트 > 여성다이아몬드세트
쿠팡,C003625,여성실버세트,C003623,5,패션의류잡화 > 여성패션 > 여성쥬얼리 > 쥬얼리세트 > 여성실버세트
쿠팡,C003626,여성유색/보석 세트,C003623,5,패션의류잡화 > 여성패션 > 여성쥬얼리 > 쥬얼리세트 > 여성유색/보석 세트
쿠팡,C003627,여성진주세트,C003623,5,패션의류잡화 > 여성패션 > 여성쥬얼리 > 쥬얼리세트 > 여성진주세트
쿠팡,C003628,여성패션주얼리세트,C003623,5,패션의류잡화 > 여성패션 > 여성쥬얼리 > 쥬얼리세트 > 여성패션주얼리세트
쿠팡,C003630,팔찌/발찌,C003593,4,패션의류잡화 > 여성패션 > 여성쥬얼리 > 팔찌/발찌
쿠팡,C003629,여성골드(화이트/로즈골드) 발찌,C003630,5,패션의류잡화 > 여성패션 > 여성쥬얼리 > 팔찌/발찌 > 여성골드(화이트/로즈골드) 발찌
쿠팡,C003631,여성골드(화이트/로즈골드) 팔찌,C003630,5,패션의류잡화 > 여성패션 > 여성쥬얼리 > 팔찌/발찌 > 여성골드(화이트/로즈골드) 팔찌
쿠팡,C003632,여성다이아몬드팔찌,C003630,5,패션의류잡화 > 여성패션 > 여성쥬얼리 > 팔찌/발찌 > 여성다이아몬드팔찌
쿠팡,C003633,여성실버발찌,C003630,5,패션의류잡화 > 여성패션 > 여성쥬얼리 > 팔찌/발찌 > 여성실버발찌
쿠팡,C003634,여성실버팔찌,C003630,5,패션의류잡화 > 여성패션 > 여성쥬얼리 > 팔찌/발찌 > 여성실버팔찌
쿠팡,C003635,여성유색/보석팔찌,C003630,5,패션의류잡화 > 여성패션 > 여성쥬얼리 > 팔찌/발찌 > 여성유색/보석팔찌
쿠팡,C003636,여성진주팔찌,C003630,5,패션의류잡화 > 여성패션 > 여성쥬얼리 > 팔찌/발찌 > 여성진주팔찌
쿠팡,C003637,여성패션발찌,C003630,5,패션의류잡화 > 여성패션 > 여성쥬얼리 > 팔찌/발찌 > 여성패션발찌
쿠팡,C003638,여성패션팔찌,C003630,5,패션의류잡화 > 여성패션 > 여성쥬얼리 > 팔찌/발찌 > 여성패션팔찌
쿠팡,C003641,여성화,C003109,3,패션의류잡화 > 여성패션 > 여성화
쿠팡,C003640,기능화,C003641,4,패션의류잡화 > 여성패션 > 여성화 > 기능화
쿠팡,C003639,여성간호사화/유니폼화,C003640,5,패션의류잡화 > 여성패션 > 여성화 > 기능화 > 여성간호사화/유니폼화
쿠팡,C003642,여성건강워킹화,C003640,5,패션의류잡화 > 여성패션 > 여성화 > 기능화 > 여성건강워킹화
쿠팡,C003643,여성고무/작업용장화,C003640,5,패션의류잡화 > 여성패션 > 여성화 > 기능화 > 여성고무/작업용장화
쿠팡,C003644,여성고무신,C003640,5,패션의류잡화 > 여성패션 > 여성화 > 기능화 > 여성고무신
쿠팡,C003645,여성안전화/작업화,C003640,5,패션의류잡화 > 여성패션 > 여성화 > 기능화 > 여성안전화/작업화
쿠팡,C003646,여성컴포트화/효도화,C003640,5,패션의류잡화 > 여성패션 > 여성화 > 기능화 > 여성컴포트화/효도화
쿠팡,C003647,여성한복신발,C003640,5,패션의류잡화 > 여성패션 > 여성화 > 기능화 > 여성한복신발
쿠팡,C003649,단화/플랫,C003641,4,패션의류잡화 > 여성패션 > 여성화 > 단화/플랫
쿠팡,C003648,여성로퍼,C003649,5,패션의류잡화 > 여성패션 > 여성화 > 단화/플랫 > 여성로퍼
쿠팡,C003650,여성모카신/털단화,C003649,5,패션의류잡화 > 여성패션 > 여성화 > 단화/플랫 > 여성모카신/털단화
쿠팡,C003651,여성보트화,C003649,5,패션의류잡화 > 여성패션 > 여성화 > 단화/플랫 > 여성보트화
쿠팡,C003652,여성옥스포드화,C003649,5,패션의류잡화 > 여성패션 > 여성화 > 단화/플랫 > 여성옥스포드화
쿠팡,C003653,여성플랫슈즈,C003649,5,패션의류잡화 > 여성패션 > 여성화 > 단화/플랫 > 여성플랫슈즈
쿠팡,C003655,부츠,C003641,4,패션의류잡화 > 여성패션 > 여성화 > 부츠
쿠팡,C003654,여성레인부츠,C003655,5,패션의류잡화 > 여성패션 > 여성화 > 부츠 > 여성레인부츠
쿠팡,C003656,여성롱부츠,C003655,5,패션의류잡화 > 여성패션 > 여성화 > 부츠 > 여성롱부츠
쿠팡,C003657,여성앵클부츠,C003655,5,패션의류잡화 > 여성패션 > 여성화 > 부츠 > 여성앵클부츠
쿠팡,C003658,여성첼시부츠,C003655,5,패션의류잡화 > 여성패션 > 여성화 > 부츠 > 여성첼시부츠
쿠팡,C003659,여성털부츠,C003655,5,패션의류잡화 > 여성패션 > 여성화 > 부츠 > 여성털부츠
쿠팡,C003660,여성패딩/방한화,C003655,5,패션의류잡화 > 여성패션 > 여성화 > 부츠 > 여성패딩/방한화
쿠팡,C003662,샌들,C003641,4,패션의류잡화 > 여성패션 > 여성화 > 샌들
쿠팡,C003661,여성 스포츠샌들,C003662,5,패션의류잡화 > 여성패션 > 여성화 > 샌들 > 여성 스포츠샌들
쿠팡,C003663,여성글레디에이터 샌들,C003662,5,패션의류잡화 > 여성패션 > 여성화 > 샌들 > 여성글레디에이터 샌들
쿠팡,C003664,여성뮬/슬리퍼형샌들,C003662,5,패션의류잡화 > 여성패션 > 여성화 > 샌들 > 여성뮬/슬리퍼형샌들
쿠팡,C003665,여성블로퍼,C003662,5,패션의류잡화 > 여성패션 > 여성화 > 샌들 > 여성블로퍼
쿠팡,C003666,여성스트랩샌들,C003662,5,패션의류잡화 > 여성패션 > 여성화 > 샌들 > 여성스트랩샌들
쿠팡,C003667,여성웨지샌들,C003662,5,패션의류잡화 > 여성패션 > 여성화 > 샌들 > 여성웨지샌들
쿠팡,C003668,여성젤리슈즈,C003662,5,패션의류잡화 > 여성패션 > 여성화 > 샌들 > 여성젤리슈즈
쿠팡,C003670,스포츠화,C003641,4,패션의류잡화 > 여성패션 > 여성화 > 스포츠화
쿠팡,C003669,댄스화,C003670,5,패션의류잡화 > 여성패션 > 여성화 > 스포츠화 > 댄스화
쿠팡,C003671,발레화,C003670,5,패션의류잡화 > 여성패션 > 여성화 > 스포츠화 > 발레화
쿠팡,C003673,슬리퍼/쪼리,C003641,4,패션의류잡화 > 여성패션 > 여성화 > 슬리퍼/쪼리
쿠팡,C003672,여성일반/사무용슬리퍼,C003673,5,패션의류잡화 > 여성패션 > 여성화 > 슬리퍼/쪼리 > 여성일반/사무용슬리퍼
쿠팡,C003674,여성쪼리,C003673,5,패션의류잡화 > 여성패션 > 여성화 > 슬리퍼/쪼리 > 여성쪼리
쿠팡,C003676,실내화/슬리퍼,C003641,4,패션의류잡화 > 여성패션 > 여성화 > 실내화/슬리퍼
쿠팡,C003675,여성다이어트/지압슬리퍼,C003676,5,패션의류잡화 > 여성패션 > 여성화 > 실내화/슬리퍼 > 여성다이어트/지압슬리퍼
쿠팡,C003677,여성털실내화/슬리퍼,C003676,5,패션의류잡화 > 여성패션 > 여성화 > 실내화/슬리퍼 > 여성털실내화/슬리퍼
쿠팡,C003678,여성학생용실내화,C003676,5,패션의류잡화 > 여성패션 > 여성화 > 실내화/슬리퍼 > 여성학생용실내화
쿠팡,C003679,여성스니커즈,C003641,4,패션의류잡화 > 여성패션 > 여성화 > 여성스니커즈
쿠팡,C003680,여성슬립온,C003641,4,패션의류잡화 > 여성패션 > 여성화 > 여성슬립온
쿠팡,C003681,여성워커,C003641,4,패션의류잡화 > 여성패션 > 여성화 > 여성워커
쿠팡,C003683,운동화/스니커즈,C003641,4,패션의류잡화 > 여성패션 > 여성화 > 운동화/스니커즈
쿠팡,C003682,여성 런닝화,C003683,5,패션의류잡화 > 여성패션 > 여성화 > 운동화/스니커즈 > 여성 런닝화
쿠팡,C003684,여성패션운동화,C003683,5,패션의류잡화 > 여성패션 > 여성화 > 운동화/스니커즈 > 여성패션운동화
쿠팡,C003685,여성패션하이탑,C003683,5,패션의류잡화 > 여성패션 > 여성화 > 운동화/스니커즈 > 여성패션하이탑
쿠팡,C003687,하이힐/펌프스/정장구두,C003641,4,패션의류잡화 > 여성패션 > 여성화 > 하이힐/펌프스/정장구두
쿠팡,C003686,여성슬링백,C003687,5,패션의류잡화 > 여성패션 > 여성화 > 하이힐/펌프스/정장구두 > 여성슬링백
쿠팡,C003688,여성웨딩/파티슈즈,C003687,5,패션의류잡화 > 여성패션 > 여성화 > 하이힐/펌프스/정장구두 > 여성웨딩/파티슈즈
쿠팡,C003689,여성웨지힐,C003687,5,패션의류잡화 > 여성패션 > 여성화 > 하이힐/펌프스/정장구두 > 여성웨지힐
쿠팡,C003690,여성일반하이힐,C003687,5,패션의류잡화 > 여성패션 > 여성화 > 하이힐/펌프스/정장구두 > 여성일반하이힐
쿠팡,C003691,여성토오픈,C003687,5,패션의류잡화 > 여성패션 > 여성화 > 하이힐/펌프스/정장구두 > 여성토오픈
쿠팡,C003693,커버업,C003109,3,패션의류잡화 > 여성패션 > 커버업
쿠팡,C003692,여성 니트/메쉬 커버업,C003693,4,패션의류잡화 > 여성패션 > 커버업 > 여성 니트/메쉬 커버업
쿠팡,C003694,여성 원피스 커버업,C003693,4,패션의류잡화 > 여성패션 > 커버업 > 여성 원피스 커버업
쿠팡,C003695,여성 후드/집업 커버업,C003693,4,패션의류잡화 > 여성패션 > 커버업 > 여성 후드/집업 커버업
쿠팡,C003698,파티복/우리옷(한복),C003109,3,패션의류잡화 > 여성패션 > 파티복/우리옷(한복)
쿠팡,C003697,우리옷(한복),C003698,4,패션의류잡화 > 여성패션 > 파티복/우리옷(한복) > 우리옷(한복)
쿠팡,C003696,여성 기타 한복,C003697,5,패션의류잡화 > 여성패션 > 파티복/우리옷(한복) > 우리옷(한복) > 여성 기타 한복
쿠팡,C003699,여성 생활한복(개량한복),C003697,5,패션의류잡화 > 여성패션 > 파티복/우리옷(한복) > 우리옷(한복) > 여성 생활한복(개량한복)
쿠팡,C003700,여성 절복,C003697,5,패션의류잡화 > 여성패션 > 파티복/우리옷(한복) > 우리옷(한복) > 여성 절복
쿠팡,C003701,여성 한복 상하 세트(한벌),C003697,5,패션의류잡화 > 여성패션 > 파티복/우리옷(한복) > 우리옷(한복) > 여성 한복 상하 세트(한벌)
쿠팡,C003702,여성 한복 속바지,C003697,5,패션의류잡화 > 여성패션 > 파티복/우리옷(한복) > 우리옷(한복) > 여성 한복 속바지
쿠팡,C003703,여성 한복 속치마,C003697,5,패션의류잡화 > 여성패션 > 파티복/우리옷(한복) > 우리옷(한복) > 여성 한복 속치마
쿠팡,C003704,여성 한복 저고리,C003697,5,패션의류잡화 > 여성패션 > 파티복/우리옷(한복) > 우리옷(한복) > 여성 한복 저고리
쿠팡,C003705,여성 한복 조끼(배자),C003697,5,패션의류잡화 > 여성패션 > 파티복/우리옷(한복) > 우리옷(한복) > 여성 한복 조끼(배자)
쿠팡,C003706,여성 한복 치마,C003697,5,패션의류잡화 > 여성패션 > 파티복/우리옷(한복) > 우리옷(한복) > 여성 한복 치마
쿠팡,C003708,파티복/드레스,C003698,4,패션의류잡화 > 여성패션 > 파티복/우리옷(한복) > 파티복/드레스
쿠팡,C003707,여성 섹시 드레스,C003708,5,패션의류잡화 > 여성패션 > 파티복/우리옷(한복) > 파티복/드레스 > 여성 섹시 드레스
쿠팡,C003709,여성 섹시 코스튬(19),C003708,5,패션의류잡화 > 여성패션 > 파티복/우리옷(한복) > 파티복/드레스 > 여성 섹시 코스튬(19)
쿠팡,C003710,여성 웨딩 드레스,C003708,5,패션의류잡화 > 여성패션 > 파티복/우리옷(한복) > 파티복/드레스 > 여성 웨딩 드레스
쿠팡,C003711,여성 파티/칵테일 드레스,C003708,5,패션의류잡화 > 여성패션 > 파티복/우리옷(한복) > 파티복/드레스 > 여성 파티/칵테일 드레스
쿠팡,C003712,여성 할로윈 외 파티코스튬,C003708,5,패션의류잡화 > 여성패션 > 파티복/우리옷(한복) > 파티복/드레스 > 여성 할로윈 외 파티코스튬
쿠팡,C003715,해외직구,C003109,3,패션의류잡화 > 여성패션 > 해외직구
쿠팡,C003714,가방,C003715,4,패션의류잡화 > 여성패션 > 해외직구 > 가방
쿠팡,C003713,여성가방액세서리,C003714,5,패션의류잡화 > 여성패션 > 해외직구 > 가방 > 여성가방액세서리
쿠팡,C003716,여성기타 캐주얼 가방,C003714,5,패션의류잡화 > 여성패션 > 해외직구 > 가방 > 여성기타 캐주얼 가방
쿠팡,C003717,여성백팩,C003714,5,패션의류잡화 > 여성패션 > 해외직구 > 가방 > 여성백팩
쿠팡,C003718,여성숄더백,C003714,5,패션의류잡화 > 여성패션 > 해외직구 > 가방 > 여성숄더백
쿠팡,C003719,여성캔버스/에코백,C003714,5,패션의류잡화 > 여성패션 > 해외직구 > 가방 > 여성캔버스/에코백
쿠팡,C003720,여성크로스백,C003714,5,패션의류잡화 > 여성패션 > 해외직구 > 가방 > 여성크로스백
쿠팡,C003721,여성클러치/미니백,C003714,5,패션의류잡화 > 여성패션 > 해외직구 > 가방 > 여성클러치/미니백
쿠팡,C003722,여성토트백,C003714,5,패션의류잡화 > 여성패션 > 해외직구 > 가방 > 여성토트백
쿠팡,C003723,여성파우치/이너백,C003714,5,패션의류잡화 > 여성패션 > 해외직구 > 가방 > 여성파우치/이너백
쿠팡,C003725,상의류,C003715,4,패션의류잡화 > 여성패션 > 해외직구 > 상의류
쿠팡,C003724,여성 가디건,C003725,5,패션의류잡화 > 여성패션 > 해외직구 > 상의류 > 여성 가디건
쿠팡,C003726,여성 블라우스,C003725,5,패션의류잡화 > 여성패션 > 해외직구 > 상의류 > 여성 블라우스
쿠팡,C003727,여성 셔츠,C003725,5,패션의류잡화 > 여성패션 > 해외직구 > 상의류 > 여성 셔츠
쿠팡,C003728,여성 스웨터/니트,C003725,5,패션의류잡화 > 여성패션 > 해외직구 > 상의류 > 여성 스웨터/니트
쿠팡,C003729,여성 조끼/베스트,C003725,5,패션의류잡화 > 여성패션 > 해외직구 > 상의류 > 여성 조끼/베스트
쿠팡,C003730,여성 티셔츠,C003725,5,패션의류잡화 > 여성패션 > 해외직구 > 상의류 > 여성 티셔츠
쿠팡,C003732,속옷,C003715,4,패션의류잡화 > 여성패션 > 해외직구 > 속옷
쿠팡,C003731,브래지어,C003732,5,패션의류잡화 > 여성패션 > 해외직구 > 속옷 > 브래지어
쿠팡,C003733,여성 속옷세트,C003732,5,패션의류잡화 > 여성패션 > 해외직구 > 속옷 > 여성 속옷세트
쿠팡,C003734,여성 슬립/란제리,C003732,5,패션의류잡화 > 여성패션 > 해외직구 > 속옷 > 여성 슬립/란제리
쿠팡,C003735,여성 팬티,C003732,5,패션의류잡화 > 여성패션 > 해외직구 > 속옷 > 여성 팬티
쿠팡,C003737,스포츠의류,C003715,4,패션의류잡화 > 여성패션 > 해외직구 > 스포츠의류
쿠팡,C003736,여성 래쉬가드 상의,C003737,5,패션의류잡화 > 여성패션 > 해외직구 > 스포츠의류 > 여성 래쉬가드 상의
쿠팡,C003738,여성 래쉬가드 세트,C003737,5,패션의류잡화 > 여성패션 > 해외직구 > 스포츠의류 > 여성 래쉬가드 세트
쿠팡,C003739,여성 비치 반바지,C003737,5,패션의류잡화 > 여성패션 > 해외직구 > 스포츠의류 > 여성 비치 반바지
쿠팡,C003740,여성 비치웨어,C003737,5,패션의류잡화 > 여성패션 > 해외직구 > 스포츠의류 > 여성 비치웨어
쿠팡,C003741,여성 워터레깅스,C003737,5,패션의류잡화 > 여성패션 > 해외직구 > 스포츠의류 > 여성 워터레깅스
쿠팡,C003742,여성 커버업,C003737,5,패션의류잡화 > 여성패션 > 해외직구 > 스포츠의류 > 여성 커버업
쿠팡,C003743,여성 트레이닝웨어,C003737,5,패션의류잡화 > 여성패션 > 해외직구 > 스포츠의류 > 여성 트레이닝웨어
쿠팡,C003744,여성 패션수영복/세트,C003737,5,패션의류잡화 > 여성패션 > 해외직구 > 스포츠의류 > 여성 패션수영복/세트
쿠팡,C003746,시계,C003715,4,패션의류잡화 > 여성패션 > 해외직구 > 시계
쿠팡,C003745,여성시계,C003746,5,패션의류잡화 > 여성패션 > 해외직구 > 시계 > 여성시계
쿠팡,C003747,여성시계줄/시계소품/기타,C003746,5,패션의류잡화 > 여성패션 > 해외직구 > 시계 > 여성시계줄/시계소품/기타
쿠팡,C003749,신발,C003715,4,패션의류잡화 > 여성패션 > 해외직구 > 신발
쿠팡,C003748,여성 구두/신발 관리용품,C003749,5,패션의류잡화 > 여성패션 > 해외직구 > 신발 > 여성 구두/신발 관리용품
쿠팡,C003750,여성 키높이깔창/신발끈,C003749,5,패션의류잡화 > 여성패션 > 해외직구 > 신발 > 여성 키높이깔창/신발끈
쿠팡,C003751,여성기능화,C003749,5,패션의류잡화 > 여성패션 > 해외직구 > 신발 > 여성기능화
쿠팡,C003752,여성레인부츠,C003749,5,패션의류잡화 > 여성패션 > 해외직구 > 신발 > 여성레인부츠
쿠팡,C003753,여성로퍼,C003749,5,패션의류잡화 > 여성패션 > 해외직구 > 신발 > 여성로퍼
쿠팡,C003754,여성모카신/털단화,C003749,5,패션의류잡화 > 여성패션 > 해외직구 > 신발 > 여성모카신/털단화
쿠팡,C003755,여성보트화,C003749,5,패션의류잡화 > 여성패션 > 해외직구 > 신발 > 여성보트화
쿠팡,C003756,여성부츠,C003749,5,패션의류잡화 > 여성패션 > 해외직구 > 신발 > 여성부츠
쿠팡,C003757,여성샌들/쪼리,C003749,5,패션의류잡화 > 여성패션 > 해외직구 > 신발 > 여성샌들/쪼리
쿠팡,C003758,여성슬립온/스니커즈,C003749,5,패션의류잡화 > 여성패션 > 해외직구 > 신발 > 여성슬립온/스니커즈
쿠팡,C003759,여성슬링백,C003749,5,패션의류잡화 > 여성패션 > 해외직구 > 신발 > 여성슬링백
쿠팡,C003760,여성옥스포드화,C003749,5,패션의류잡화 > 여성패션 > 해외직구 > 신발 > 여성옥스포드화
쿠팡,C003761,여성운동화,C003749,5,패션의류잡화 > 여성패션 > 해외직구 > 신발 > 여성운동화
쿠팡,C003762,여성워커/부티,C003749,5,패션의류잡화 > 여성패션 > 해외직구 > 신발 > 여성워커/부티
쿠팡,C003763,여성웨딩/파티슈즈,C003749,5,패션의류잡화 > 여성패션 > 해외직구 > 신발 > 여성웨딩/파티슈즈
쿠팡,C003764,여성웨지힐,C003749,5,패션의류잡화 > 여성패션 > 해외직구 > 신발 > 여성웨지힐
쿠팡,C003765,여성일반하이힐,C003749,5,패션의류잡화 > 여성패션 > 해외직구 > 신발 > 여성일반하이힐
쿠팡,C003766,여성토오픈,C003749,5,패션의류잡화 > 여성패션 > 해외직구 > 신발 > 여성토오픈
쿠팡,C003767,여성플랫슈즈,C003749,5,패션의류잡화 > 여성패션 > 해외직구 > 신발 > 여성플랫슈즈
쿠팡,C003769,아우터류,C003715,4,패션의류잡화 > 여성패션 > 해외직구 > 아우터류
쿠팡,C003768,여성 자켓,C003769,5,패션의류잡화 > 여성패션 > 해외직구 > 아우터류 > 여성 자켓
쿠팡,C003770,여성 점퍼,C003769,5,패션의류잡화 > 여성패션 > 해외직구 > 아우터류 > 여성 점퍼
쿠팡,C003771,여성 코트,C003769,5,패션의류잡화 > 여성패션 > 해외직구 > 아우터류 > 여성 코트
쿠팡,C003772,여성 패딩/다운,C003769,5,패션의류잡화 > 여성패션 > 해외직구 > 아우터류 > 여성 패딩/다운
쿠팡,C003774,원피스/세트류,C003715,4,패션의류잡화 > 여성패션 > 해외직구 > 원피스/세트류
쿠팡,C003773,여성 원피스/점프수트,C003774,5,패션의류잡화 > 여성패션 > 해외직구 > 원피스/세트류 > 여성 원피스/점프수트
쿠팡,C003775,여성 투피스/세트,C003774,5,패션의류잡화 > 여성패션 > 해외직구 > 원피스/세트류 > 여성 투피스/세트
쿠팡,C003777,잡화,C003715,4,패션의류잡화 > 여성패션 > 해외직구 > 잡화
쿠팡,C003776,여성머플러/스카프/숄,C003777,5,패션의류잡화 > 여성패션 > 해외직구 > 잡화 > 여성머플러/스카프/숄
쿠팡,C003778,여성모자,C003777,5,패션의류잡화 > 여성패션 > 해외직구 > 잡화 > 여성모자
쿠팡,C003779,여성벨트,C003777,5,패션의류잡화 > 여성패션 > 해외직구 > 잡화 > 여성벨트
쿠팡,C003780,여성선글라스,C003777,5,패션의류잡화 > 여성패션 > 해외직구 > 잡화 > 여성선글라스
쿠팡,C003781,여성손수건,C003777,5,패션의류잡화 > 여성패션 > 해외직구 > 잡화 > 여성손수건
쿠팡,C003782,여성스타킹/타이즈,C003777,5,패션의류잡화 > 여성패션 > 해외직구 > 잡화 > 여성스타킹/타이즈
쿠팡,C003783,여성안경테,C003777,5,패션의류잡화 > 여성패션 > 해외직구 > 잡화 > 여성안경테
쿠팡,C003784,여성양말,C003777,5,패션의류잡화 > 여성패션 > 해외직구 > 잡화 > 여성양말
쿠팡,C003785,여성양산,C003777,5,패션의류잡화 > 여성패션 > 해외직구 > 잡화 > 여성양산
쿠팡,C003786,여성우비,C003777,5,패션의류잡화 > 여성패션 > 해외직구 > 잡화 > 여성우비
쿠팡,C003787,여성우산,C003777,5,패션의류잡화 > 여성패션 > 해외직구 > 잡화 > 여성우산
쿠팡,C003788,여성장갑,C003777,5,패션의류잡화 > 여성패션 > 해외직구 > 잡화 > 여성장갑
쿠팡,C003789,여성지갑,C003777,5,패션의류잡화 > 여성패션 > 해외직구 > 잡화 > 여성지갑
쿠팡,C003790,여성케이스/렌즈소품,C003777,5,패션의류잡화 > 여성패션 > 해외직구 > 잡화 > 여성케이스/렌즈소품
쿠팡,C003792,주얼리/헤어액세서리,C003715,4,패션의류잡화 > 여성패션 > 해외직구 > 주얼리/헤어액세서리
쿠팡,C003791,여성 쥬얼리 소품/기타,C003792,5,패션의류잡화 > 여성패션 > 해외직구 > 주얼리/헤어액세서리 > 여성 쥬얼리 소품/기타
쿠팡,C003793,여성귀걸이,C003792,5,패션의류잡화 > 여성패션 > 해외직구 > 주얼리/헤어액세서리 > 여성귀걸이
쿠팡,C003794,여성기타 쥬얼리,C003792,5,패션의류잡화 > 여성패션 > 해외직구 > 주얼리/헤어액세서리 > 여성기타 쥬얼리
쿠팡,C003795,여성머리끈/머리핀,C003792,5,패션의류잡화 > 여성패션 > 해외직구 > 주얼리/헤어액세서리 > 여성머리끈/머리핀
쿠팡,C003796,여성목걸이,C003792,5,패션의류잡화 > 여성패션 > 해외직구 > 주얼리/헤어액세서리 > 여성목걸이
쿠팡,C003797,여성반지,C003792,5,패션의류잡화 > 여성패션 > 해외직구 > 주얼리/헤어액세서리 > 여성반지
쿠팡,C003798,여성팔찌/발찌,C003792,5,패션의류잡화 > 여성패션 > 해외직구 > 주얼리/헤어액세서리 > 여성팔찌/발찌
쿠팡,C003799,여성헤어밴드,C003792,5,패션의류잡화 > 여성패션 > 해외직구 > 주얼리/헤어액세서리 > 여성헤어밴드
쿠팡,C003801,하의류,C003715,4,패션의류잡화 > 여성패션 > 해외직구 > 하의류
쿠팡,C003800,여성 레깅스,C003801,5,패션의류잡화 > 여성패션 > 해외직구 > 하의류 > 여성 레깅스
쿠팡,C003802,여성 바지,C003801,5,패션의류잡화 > 여성패션 > 해외직구 > 하의류 > 여성 바지
쿠팡,C003803,여성 스커트,C003801,5,패션의류잡화 > 여성패션 > 해외직구 > 하의류 > 여성 스커트
쿠팡,C003804,여성 청바지,C003801,5,패션의류잡화 > 여성패션 > 해외직구 > 하의류 > 여성 청바지
쿠팡,C003807,영유아동 신발/잡화/기타의류(0~17세),C002604,2,패션의류잡화 > 영유아동 신발/잡화/기타의류(0~17세)
쿠팡,C003806,남녀공용신발,C003807,3,패션의류잡화 > 영유아동 신발/잡화/기타의류(0~17세) > 남녀공용신발
쿠팡,C003805,공용 아쿠아슈즈,C003806,4,패션의류잡화 > 영유아동 신발/잡화/기타의류(0~17세) > 남녀공용신발 > 공용 아쿠아슈즈
쿠팡,C003808,구두,C003806,4,패션의류잡화 > 영유아동 신발/잡화/기타의류(0~17세) > 남녀공용신발 > 구두
쿠팡,C003810,등산/스포츠화,C003806,4,패션의류잡화 > 영유아동 신발/잡화/기타의류(0~17세) > 남녀공용신발 > 등산/스포츠화
쿠팡,C003809,공용 기타스포츠화,C003810,5,패션의류잡화 > 영유아동 신발/잡화/기타의류(0~17세) > 남녀공용신발 > 등산/스포츠화 > 공용 기타스포츠화
쿠팡,C003811,공용 농구화,C003810,5,패션의류잡화 > 영유아동 신발/잡화/기타의류(0~17세) > 남녀공용신발 > 등산/스포츠화 > 공용 농구화
쿠팡,C003812,공용 등산화,C003810,5,패션의류잡화 > 영유아동 신발/잡화/기타의류(0~17세) > 남녀공용신발 > 등산/스포츠화 > 공용 등산화
쿠팡,C003813,공용 축구화,C003810,5,패션의류잡화 > 영유아동 신발/잡화/기타의류(0~17세) > 남녀공용신발 > 등산/스포츠화 > 공용 축구화
쿠팡,C003815,부츠/워커,C003806,4,패션의류잡화 > 영유아동 신발/잡화/기타의류(0~17세) > 남녀공용신발 > 부츠/워커
쿠팡,C003814,공용 레인부츠,C003815,5,패션의류잡화 > 영유아동 신발/잡화/기타의류(0~17세) > 남녀공용신발 > 부츠/워커 > 공용 레인부츠
쿠팡,C003816,공용 부츠,C003815,5,패션의류잡화 > 영유아동 신발/잡화/기타의류(0~17세) > 남녀공용신발 > 부츠/워커 > 공용 부츠
쿠팡,C003817,공용 워커,C003815,5,패션의류잡화 > 영유아동 신발/잡화/기타의류(0~17세) > 남녀공용신발 > 부츠/워커 > 공용 워커
쿠팡,C003819,샌들류,C003806,4,패션의류잡화 > 영유아동 신발/잡화/기타의류(0~17세) > 남녀공용신발 > 샌들류
쿠팡,C003818,공용 샌들,C003819,5,패션의류잡화 > 영유아동 신발/잡화/기타의류(0~17세) > 남녀공용신발 > 샌들류 > 공용 샌들
쿠팡,C003820,공용 크록스스타일,C003819,5,패션의류잡화 > 영유아동 신발/잡화/기타의류(0~17세) > 남녀공용신발 > 샌들류 > 공용 크록스스타일
쿠팡,C003822,슬리퍼/쪼리,C003806,4,패션의류잡화 > 영유아동 신발/잡화/기타의류(0~17세) > 남녀공용신발 > 슬리퍼/쪼리
쿠팡,C003821,공용 슬리퍼,C003822,5,패션의류잡화 > 영유아동 신발/잡화/기타의류(0~17세) > 남녀공용신발 > 슬리퍼/쪼리 > 공용 슬리퍼
쿠팡,C003823,공용 플립플랍/쪼리,C003822,5,패션의류잡화 > 영유아동 신발/잡화/기타의류(0~17세) > 남녀공용신발 > 슬리퍼/쪼리 > 공용 플립플랍/쪼리
쿠팡,C003825,실내화/덧신,C003806,4,패션의류잡화 > 영유아동 신발/잡화/기타의류(0~17세) > 남녀공용신발 > 실내화/덧신
쿠팡,C003824,공용 실내화,C003825,5,패션의류잡화 > 영유아동 신발/잡화/기타의류(0~17세) > 남녀공용신발 > 실내화/덧신 > 공용 실내화
쿠팡,C003826,공용 실내화 덧신,C003825,5,패션의류잡화 > 영유아동 신발/잡화/기타의류(0~17세) > 남녀공용신발 > 실내화/덧신 > 공용 실내화 덧신
쿠팡,C003828,운동화/스니커즈,C003806,4,패션의류잡화 > 영유아동 신발/잡화/기타의류(0~17세) > 남녀공용신발 > 운동화/스니커즈
쿠팡,C003827,공용 슬립온,C003828,5,패션의류잡화 > 영유아동 신발/잡화/기타의류(0~17세) > 남녀공용신발 > 운동화/스니커즈 > 공용 슬립온
쿠팡,C003829,공용 운동화,C003828,5,패션의류잡화 > 영유아동 신발/잡화/기타의류(0~17세) > 남녀공용신발 > 운동화/스니커즈 > 공용 운동화
쿠팡,C003830,공용 캔버스/스니커즈,C003828,5,패션의류잡화 > 영유아동 신발/잡화/기타의류(0~17세) > 남녀공용신발 > 운동화/스니커즈 > 공용 캔버스/스니커즈
쿠팡,C003832,한복/신발/소품,C003806,4,패션의류잡화 > 영유아동 신발/잡화/기타의류(0~17세) > 남녀공용신발 > 한복/신발/소품
쿠팡,C003831,공용 고무신,C003832,5,패션의류잡화 > 영유아동 신발/잡화/기타의류(0~17세) > 남녀공용신발 > 한복/신발/소품 > 공용 고무신
쿠팡,C003833,공용 한복신발,C003832,5,패션의류잡화 > 영유아동 신발/잡화/기타의류(0~17세) > 남녀공용신발 > 한복/신발/소품 > 공용 한복신발
쿠팡,C003836,남녀공용잡화,C003807,3,패션의류잡화 > 영유아동 신발/잡화/기타의류(0~17세) > 남녀공용잡화
쿠팡,C003835,가방,C003836,4,패션의류잡화 > 영유아동 신발/잡화/기타의류(0~17세) > 남녀공용잡화 > 가방
쿠팡,C003834,공용 백팩/책가방,C003835,5,패션의류잡화 > 영유아동 신발/잡화/기타의류(0~17세) > 남녀공용잡화 > 가방 > 공용 백팩/책가방
쿠팡,C003837,공용 보조가방/신발주머니,C003835,5,패션의류잡화 > 영유아동 신발/잡화/기타의류(0~17세) > 남녀공용잡화 > 가방 > 공용 보조가방/신발주머니
쿠팡,C003838,공용 손가방,C003835,5,패션의류잡화 > 영유아동 신발/잡화/기타의류(0~17세) > 남녀공용잡화 > 가방 > 공용 손가방
쿠팡,C003839,공용 책가방세트,C003835,5,패션의류잡화 > 영유아동 신발/잡화/기타의류(0~17세) > 남녀공용잡화 > 가방 > 공용 책가방세트
쿠팡,C003840,공용 캐리어/여행가방,C003835,5,패션의류잡화 > 영유아동 신발/잡화/기타의류(0~17세) > 남녀공용잡화 > 가방 > 공용 캐리어/여행가방
쿠팡,C003841,공용 크로스백,C003835,5,패션의류잡화 > 영유아동 신발/잡화/기타의류(0~17세) > 남녀공용잡화 > 가방 > 공용 크로스백
쿠팡,C003843,고글/스키용품,C003836,4,패션의류잡화 > 영유아동 신발/잡화/기타의류(0~17세) > 남녀공용잡화 > 고글/스키용품
쿠팡,C003842,공용 스키/패딩장갑,C003843,5,패션의류잡화 > 영유아동 신발/잡화/기타의류(0~17세) > 남녀공용잡화 > 고글/스키용품 > 공용 스키/패딩장갑
쿠팡,C003844,공용 스키고글,C003843,5,패션의류잡화 > 영유아동 신발/잡화/기타의류(0~17세) > 남녀공용잡화 > 고글/스키용품 > 공용 스키고글
쿠팡,C003845,공용 스키모자/헬멧,C003843,5,패션의류잡화 > 영유아동 신발/잡화/기타의류(0~17세) > 남녀공용잡화 > 고글/스키용품 > 공용 스키모자/헬멧
쿠팡,C003846,공용 지갑,C003836,4,패션의류잡화 > 영유아동 신발/잡화/기타의류(0~17세) > 남녀공용잡화 > 공용 지갑
쿠팡,C003848,공용 패션마스크/스트랩,C003836,4,패션의류잡화 > 영유아동 신발/잡화/기타의류(0~17세) > 남녀공용잡화 > 공용 패션마스크/스트랩
쿠팡,C003847,마스크,C003848,5,패션의류잡화 > 영유아동 신발/잡화/기타의류(0~17세) > 남녀공용잡화 > 공용 패션마스크/스트랩 > 마스크
쿠팡,C003849,스트랩,C003848,5,패션의류잡화 > 영유아동 신발/잡화/기타의류(0~17세) > 남녀공용잡화 > 공용 패션마스크/스트랩 > 스트랩
쿠팡,C003851,머플러/스카프빕,C003836,4,패션의류잡화 > 영유아동 신발/잡화/기타의류(0~17세) > 남녀공용잡화 > 머플러/스카프빕
쿠팡,C003850,공용 넥워머,C003851,5,패션의류잡화 > 영유아동 신발/잡화/기타의류(0~17세) > 남녀공용잡화 > 머플러/스카프빕 > 공용 넥워머
쿠팡,C003852,공용 머플러,C003851,5,패션의류잡화 > 영유아동 신발/잡화/기타의류(0~17세) > 남녀공용잡화 > 머플러/스카프빕 > 공용 머플러
쿠팡,C003853,공용 스카프,C003851,5,패션의류잡화 > 영유아동 신발/잡화/기타의류(0~17세) > 남녀공용잡화 > 머플러/스카프빕 > 공용 스카프
쿠팡,C003854,공용 스카프빕,C003851,5,패션의류잡화 > 영유아동 신발/잡화/기타의류(0~17세) > 남녀공용잡화 > 머플러/스카프빕 > 공용 스카프빕
쿠팡,C003856,모자,C003836,4,패션의류잡화 > 영유아동 신발/잡화/기타의류(0~17세) > 남녀공용잡화 > 모자
쿠팡,C003855,공용 벙거지/챙모자,C003856,5,패션의류잡화 > 영유아동 신발/잡화/기타의류(0~17세) > 남녀공용잡화 > 모자 > 공용 벙거지/챙모자
쿠팡,C003857,공용 베레모/헌팅캡,C003856,5,패션의류잡화 > 영유아동 신발/잡화/기타의류(0~17세) > 남녀공용잡화 > 모자 > 공용 베레모/헌팅캡
쿠팡,C003858,공용 비니,C003856,5,패션의류잡화 > 영유아동 신발/잡화/기타의류(0~17세) > 남녀공용잡화 > 모자 > 공용 비니
쿠팡,C003859,공용 선캡,C003856,5,패션의류잡화 > 영유아동 신발/잡화/기타의류(0~17세) > 남녀공용잡화 > 모자 > 공용 선캡
쿠팡,C003860,공용 스냅백/야구모자,C003856,5,패션의류잡화 > 영유아동 신발/잡화/기타의류(0~17세) > 남녀공용잡화 > 모자 > 공용 스냅백/야구모자
쿠팡,C003861,공용 왕골/밀짚모자,C003856,5,패션의류잡화 > 영유아동 신발/잡화/기타의류(0~17세) > 남녀공용잡화 > 모자 > 공용 왕골/밀짚모자
쿠팡,C003862,공용 털/귀달이모자,C003856,5,패션의류잡화 > 영유아동 신발/잡화/기타의류(0~17세) > 남녀공용잡화 > 모자 > 공용 털/귀달이모자
쿠팡,C003863,공용 페도라/중절모,C003856,5,패션의류잡화 > 영유아동 신발/잡화/기타의류(0~17세) > 남녀공용잡화 > 모자 > 공용 페도라/중절모
쿠팡,C003866,발레복/발레화/용품,C003836,4,패션의류잡화 > 영유아동 신발/잡화/기타의류(0~17세) > 남녀공용잡화 > 발레복/발레화/용품
쿠팡,C003865,스포츠잡화,C003866,5,패션의류잡화 > 영유아동 신발/잡화/기타의류(0~17세) > 남녀공용잡화 > 발레복/발레화/용품 > 스포츠잡화
쿠팡,C003864,공용 발레가방,C003865,6,패션의류잡화 > 영유아동 신발/잡화/기타의류(0~17세) > 남녀공용잡화 > 발레복/발레화/용품 > 스포츠잡화 > 공용 발레가방
쿠팡,C003868,벨트,C003836,4,패션의류잡화 > 영유아동 신발/잡화/기타의류(0~17세) > 남녀공용잡화 > 벨트
쿠팡,C003867,공용 멜빵/서스펜더,C003868,5,패션의류잡화 > 영유아동 신발/잡화/기타의류(0~17세) > 남녀공용잡화 > 벨트 > 공용 멜빵/서스펜더
쿠팡,C003869,공용 벨트,C003868,5,패션의류잡화 > 영유아동 신발/잡화/기타의류(0~17세) > 남녀공용잡화 > 벨트 > 공용 벨트
쿠팡,C003871,선글라스/안경테,C003836,4,패션의류잡화 > 영유아동 신발/잡화/기타의류(0~17세) > 남녀공용잡화 > 선글라스/안경테
쿠팡,C003870,공용 선글라스,C003871,5,패션의류잡화 > 영유아동 신발/잡화/기타의류(0~17세) > 남녀공용잡화 > 선글라스/안경테 > 공용 선글라스
쿠팡,C003872,공용 안경테,C003871,5,패션의류잡화 > 영유아동 신발/잡화/기타의류(0~17세) > 남녀공용잡화 > 선글라스/안경테 > 공용 안경테
쿠팡,C003874,스포츠잡화,C003836,4,패션의류잡화 > 영유아동 신발/잡화/기타의류(0~17세) > 남녀공용잡화 > 스포츠잡화
쿠팡,C003873,공용 기타비치소품,C003874,5,패션의류잡화 > 영유아동 신발/잡화/기타의류(0~17세) > 남녀공용잡화 > 스포츠잡화 > 공용 기타비치소품
쿠팡,C003875,공용 수영가방,C003874,5,패션의류잡화 > 영유아동 신발/잡화/기타의류(0~17세) > 남녀공용잡화 > 스포츠잡화 > 공용 수영가방
쿠팡,C003876,공용 플랩캡,C003874,5,패션의류잡화 > 영유아동 신발/잡화/기타의류(0~17세) > 남녀공용잡화 > 스포츠잡화 > 공용 플랩캡
쿠팡,C003878,시계/주얼리,C003836,4,패션의류잡화 > 영유아동 신발/잡화/기타의류(0~17세) > 남녀공용잡화 > 시계/주얼리
쿠팡,C003877,공용 아날로그시계,C003878,5,패션의류잡화 > 영유아동 신발/잡화/기타의류(0~17세) > 남녀공용잡화 > 시계/주얼리 > 공용 아날로그시계
쿠팡,C003879,공용 전자시계,C003878,5,패션의류잡화 > 영유아동 신발/잡화/기타의류(0~17세) > 남녀공용잡화 > 시계/주얼리 > 공용 전자시계
쿠팡,C003880,공용 패션주얼리,C003878,5,패션의류잡화 > 영유아동 신발/잡화/기타의류(0~17세) > 남녀공용잡화 > 시계/주얼리 > 공용 패션주얼리
쿠팡,C003882,앞치마/두건/팔토시/세트,C003836,4,패션의류잡화 > 영유아동 신발/잡화/기타의류(0~17세) > 남녀공용잡화 > 앞치마/두건/팔토시/세트
쿠팡,C003881,공용 두건,C003882,5,패션의류잡화 > 영유아동 신발/잡화/기타의류(0~17세) > 남녀공용잡화 > 앞치마/두건/팔토시/세트 > 공용 두건
쿠팡,C003883,공용 앞치마,C003882,5,패션의류잡화 > 영유아동 신발/잡화/기타의류(0~17세) > 남녀공용잡화 > 앞치마/두건/팔토시/세트 > 공용 앞치마
쿠팡,C003884,공용 앞치마/두건세트,C003882,5,패션의류잡화 > 영유아동 신발/잡화/기타의류(0~17세) > 남녀공용잡화 > 앞치마/두건/팔토시/세트 > 공용 앞치마/두건세트
쿠팡,C003885,공용 앞치마/토시/두건세트,C003882,5,패션의류잡화 > 영유아동 신발/잡화/기타의류(0~17세) > 남녀공용잡화 > 앞치마/두건/팔토시/세트 > 공용 앞치마/토시/두건세트
쿠팡,C003886,공용 팔토시,C003882,5,패션의류잡화 > 영유아동 신발/잡화/기타의류(0~17세) > 남녀공용잡화 > 앞치마/두건/팔토시/세트 > 공용 팔토시
쿠팡,C003888,양말/타이즈,C003836,4,패션의류잡화 > 영유아동 신발/잡화/기타의류(0~17세) > 남녀공용잡화 > 양말/타이즈
쿠팡,C003887,공용 덧신,C003888,5,패션의류잡화 > 영유아동 신발/잡화/기타의류(0~17세) > 남녀공용잡화 > 양말/타이즈 > 공용 덧신
쿠팡,C003889,공용 양말,C003888,5,패션의류잡화 > 영유아동 신발/잡화/기타의류(0~17세) > 남녀공용잡화 > 양말/타이즈 > 공용 양말
쿠팡,C003890,공용 타이즈,C003888,5,패션의류잡화 > 영유아동 신발/잡화/기타의류(0~17세) > 남녀공용잡화 > 양말/타이즈 > 공용 타이즈
쿠팡,C003892,우산/우비,C003836,4,패션의류잡화 > 영유아동 신발/잡화/기타의류(0~17세) > 남녀공용잡화 > 우산/우비
쿠팡,C003891,공용 우비,C003892,5,패션의류잡화 > 영유아동 신발/잡화/기타의류(0~17세) > 남녀공용잡화 > 우산/우비 > 공용 우비
쿠팡,C003893,공용 우산,C003892,5,패션의류잡화 > 영유아동 신발/잡화/기타의류(0~17세) > 남녀공용잡화 > 우산/우비 > 공용 우산
쿠팡,C003895,장갑/귀마개,C003836,4,패션의류잡화 > 영유아동 신발/잡화/기타의류(0~17세) > 남녀공용잡화 > 장갑/귀마개
쿠팡,C003894,공용 가죽/스웨이드장갑,C003895,5,패션의류잡화 > 영유아동 신발/잡화/기타의류(0~17세) > 남녀공용잡화 > 장갑/귀마개 > 공용 가죽/스웨이드장갑
쿠팡,C003896,공용 귀마개,C003895,5,패션의류잡화 > 영유아동 신발/잡화/기타의류(0~17세) > 남녀공용잡화 > 장갑/귀마개 > 공용 귀마개
쿠팡,C003897,공용 니트장갑,C003895,5,패션의류잡화 > 영유아동 신발/잡화/기타의류(0~17세) > 남녀공용잡화 > 장갑/귀마개 > 공용 니트장갑
쿠팡,C003898,공용 암워머/기타장갑,C003895,5,패션의류잡화 > 영유아동 신발/잡화/기타의류(0~17세) > 남녀공용잡화 > 장갑/귀마개 > 공용 암워머/기타장갑
쿠팡,C003900,한복/신발/소품,C003836,4,패션의류잡화 > 영유아동 신발/잡화/기타의류(0~17세) > 남녀공용잡화 > 한복/신발/소품
쿠팡,C003899,공용 기타액세서리,C003900,5,패션의류잡화 > 영유아동 신발/잡화/기타의류(0~17세) > 남녀공용잡화 > 한복/신발/소품 > 공용 기타액세서리
쿠팡,C003901,공용 한복 소품,C003900,5,패션의류잡화 > 영유아동 신발/잡화/기타의류(0~17세) > 남녀공용잡화 > 한복/신발/소품 > 공용 한복 소품
쿠팡,C003905,남아 스포츠/한복 외,C003807,3,패션의류잡화 > 영유아동 신발/잡화/기타의류(0~17세) > 남아 스포츠/한복 외
쿠팡,C003904,발레복/발레화/용품,C003905,4,패션의류잡화 > 영유아동 신발/잡화/기타의류(0~17세) > 남아 스포츠/한복 외 > 발레복/발레화/용품
쿠팡,C003903,스포츠웨어,C003904,5,패션의류잡화 > 영유아동 신발/잡화/기타의류(0~17세) > 남아 스포츠/한복 외 > 발레복/발레화/용품 > 스포츠웨어
쿠팡,C003902,남아 발레티셔츠/댄스티셔츠,C003903,6,패션의류잡화 > 영유아동 신발/잡화/기타의류(0~17세) > 남아 스포츠/한복 외 > 발레복/발레화/용품 > 스포츠웨어 > 남아 발레티셔츠/댄스티셔츠
쿠팡,C003906,남아 발레팬츠/댄스팬츠,C003903,6,패션의류잡화 > 영유아동 신발/잡화/기타의류(0~17세) > 남아 스포츠/한복 외 > 발레복/발레화/용품 > 스포츠웨어 > 남아 발레팬츠/댄스팬츠
쿠팡,C003908,수영복/비치웨어,C003905,4,패션의류잡화 > 영유아동 신발/잡화/기타의류(0~17세) > 남아 스포츠/한복 외 > 수영복/비치웨어
쿠팡,C003907,남아 래쉬가드,C003908,5,패션의류잡화 > 영유아동 신발/잡화/기타의류(0~17세) > 남아 스포츠/한복 외 > 수영복/비치웨어 > 남아 래쉬가드
쿠팡,C003909,남아 비치가운,C003908,5,패션의류잡화 > 영유아동 신발/잡화/기타의류(0~17세) > 남아 스포츠/한복 외 > 수영복/비치웨어 > 남아 비치가운
쿠팡,C003910,남아 수영복,C003908,5,패션의류잡화 > 영유아동 신발/잡화/기타의류(0~17세) > 남아 스포츠/한복 외 > 수영복/비치웨어 > 남아 수영복
쿠팡,C003911,남아 쓰리피스 수영복,C003908,5,패션의류잡화 > 영유아동 신발/잡화/기타의류(0~17세) > 남아 스포츠/한복 외 > 수영복/비치웨어 > 남아 쓰리피스 수영복
쿠팡,C003912,남아 워터레깅스,C003908,5,패션의류잡화 > 영유아동 신발/잡화/기타의류(0~17세) > 남아 스포츠/한복 외 > 수영복/비치웨어 > 남아 워터레깅스
쿠팡,C003913,남아 점프수트 수영복,C003908,5,패션의류잡화 > 영유아동 신발/잡화/기타의류(0~17세) > 남아 스포츠/한복 외 > 수영복/비치웨어 > 남아 점프수트 수영복
쿠팡,C003914,남아 커버업/비치점퍼,C003908,5,패션의류잡화 > 영유아동 신발/잡화/기타의류(0~17세) > 남아 스포츠/한복 외 > 수영복/비치웨어 > 남아 커버업/비치점퍼
쿠팡,C003915,남아 투피스 수영복,C003908,5,패션의류잡화 > 영유아동 신발/잡화/기타의류(0~17세) > 남아 스포츠/한복 외 > 수영복/비치웨어 > 남아 투피스 수영복
쿠팡,C003917,스포츠웨어,C003905,4,패션의류잡화 > 영유아동 신발/잡화/기타의류(0~17세) > 남아 스포츠/한복 외 > 스포츠웨어
쿠팡,C003916,남아 스키복 상의,C003917,5,패션의류잡화 > 영유아동 신발/잡화/기타의류(0~17세) > 남아 스포츠/한복 외 > 스포츠웨어 > 남아 스키복 상의
쿠팡,C003918,남아 스키복 상하세트,C003917,5,패션의류잡화 > 영유아동 신발/잡화/기타의류(0~17세) > 남아 스포츠/한복 외 > 스포츠웨어 > 남아 스키복 상하세트
쿠팡,C003919,남아 스키복 하의,C003917,5,패션의류잡화 > 영유아동 신발/잡화/기타의류(0~17세) > 남아 스포츠/한복 외 > 스포츠웨어 > 남아 스키복 하의
쿠팡,C003920,남아 아웃도어/등산 레깅스,C003917,5,패션의류잡화 > 영유아동 신발/잡화/기타의류(0~17세) > 남아 스포츠/한복 외 > 스포츠웨어 > 남아 아웃도어/등산 레깅스
쿠팡,C003921,남아 아웃도어/등산 바람막이,C003917,5,패션의류잡화 > 영유아동 신발/잡화/기타의류(0~17세) > 남아 스포츠/한복 외 > 스포츠웨어 > 남아 아웃도어/등산 바람막이
쿠팡,C003922,남아 아웃도어/등산 바지,C003917,5,패션의류잡화 > 영유아동 신발/잡화/기타의류(0~17세) > 남아 스포츠/한복 외 > 스포츠웨어 > 남아 아웃도어/등산 바지
쿠팡,C003923,남아 아웃도어/등산 스웨터,C003917,5,패션의류잡화 > 영유아동 신발/잡화/기타의류(0~17세) > 남아 스포츠/한복 외 > 스포츠웨어 > 남아 아웃도어/등산 스웨터
쿠팡,C003924,남아 아웃도어/등산 조끼,C003917,5,패션의류잡화 > 영유아동 신발/잡화/기타의류(0~17세) > 남아 스포츠/한복 외 > 스포츠웨어 > 남아 아웃도어/등산 조끼
쿠팡,C003925,남아 아웃도어/등산 티셔츠,C003917,5,패션의류잡화 > 영유아동 신발/잡화/기타의류(0~17세) > 남아 스포츠/한복 외 > 스포츠웨어 > 남아 아웃도어/등산 티셔츠
쿠팡,C003926,남아 아웃도어/등산 패딩점퍼,C003917,5,패션의류잡화 > 영유아동 신발/잡화/기타의류(0~17세) > 남아 스포츠/한복 외 > 스포츠웨어 > 남아 아웃도어/등산 패딩점퍼
쿠팡,C003927,남아 아웃도어/등산 패딩조끼,C003917,5,패션의류잡화 > 영유아동 신발/잡화/기타의류(0~17세) > 남아 스포츠/한복 외 > 스포츠웨어 > 남아 아웃도어/등산 패딩조끼
쿠팡,C003928,남아 아웃도어/등산 후드집업,C003917,5,패션의류잡화 > 영유아동 신발/잡화/기타의류(0~17세) > 남아 스포츠/한복 외 > 스포츠웨어 > 남아 아웃도어/등산 후드집업
쿠팡,C003930,파티복,C003905,4,패션의류잡화 > 영유아동 신발/잡화/기타의류(0~17세) > 남아 스포츠/한복 외 > 파티복
쿠팡,C003929,남아 코스튬/캐릭터복장,C003930,5,패션의류잡화 > 영유아동 신발/잡화/기타의류(0~17세) > 남아 스포츠/한복 외 > 파티복 > 남아 코스튬/캐릭터복장
쿠팡,C003931,남아 턱시도,C003930,5,패션의류잡화 > 영유아동 신발/잡화/기타의류(0~17세) > 남아 스포츠/한복 외 > 파티복 > 남아 턱시도
쿠팡,C003933,한복/신발/소품,C003905,4,패션의류잡화 > 영유아동 신발/잡화/기타의류(0~17세) > 남아 스포츠/한복 외 > 한복/신발/소품
쿠팡,C003932,남아 한복 두루마기/마고자/배자,C003933,5,패션의류잡화 > 영유아동 신발/잡화/기타의류(0~17세) > 남아 스포츠/한복 외 > 한복/신발/소품 > 남아 한복 두루마기/마고자/배자
쿠팡,C003934,남아 한복바지,C003933,5,패션의류잡화 > 영유아동 신발/잡화/기타의류(0~17세) > 남아 스포츠/한복 외 > 한복/신발/소품 > 남아 한복바지
쿠팡,C003935,남아 한복세트,C003933,5,패션의류잡화 > 영유아동 신발/잡화/기타의류(0~17세) > 남아 스포츠/한복 외 > 한복/신발/소품 > 남아 한복세트
쿠팡,C003936,남아 한복속바지,C003933,5,패션의류잡화 > 영유아동 신발/잡화/기타의류(0~17세) > 남아 스포츠/한복 외 > 한복/신발/소품 > 남아 한복속바지
쿠팡,C003937,남아 한복저고리,C003933,5,패션의류잡화 > 영유아동 신발/잡화/기타의류(0~17세) > 남아 스포츠/한복 외 > 한복/신발/소품 > 남아 한복저고리
쿠팡,C003939,남아신발,C003807,3,패션의류잡화 > 영유아동 신발/잡화/기타의류(0~17세) > 남아신발
쿠팡,C003938,남아 구두,C003939,4,패션의류잡화 > 영유아동 신발/잡화/기타의류(0~17세) > 남아신발 > 남아 구두
쿠팡,C003940,남아 아쿠아슈즈,C003939,4,패션의류잡화 > 영유아동 신발/잡화/기타의류(0~17세) > 남아신발 > 남아 아쿠아슈즈
쿠팡,C003943,발레복/발레화/용품,C003939,4,패션의류잡화 > 영유아동 신발/잡화/기타의류(0~17세) > 남아신발 > 발레복/발레화/용품
쿠팡,C003942,기타신발,C003943,5,패션의류잡화 > 영유아동 신발/잡화/기타의류(0~17세) > 남아신발 > 발레복/발레화/용품 > 기타신발
쿠팡,C003941,남아 발레화,C003942,6,패션의류잡화 > 영유아동 신발/잡화/기타의류(0~17세) > 남아신발 > 발레복/발레화/용품 > 기타신발 > 남아 발레화
쿠팡,C003945,부츠/워커,C003939,4,패션의류잡화 > 영유아동 신발/잡화/기타의류(0~17세) > 남아신발 > 부츠/워커
쿠팡,C003944,남아 레인부츠,C003945,5,패션의류잡화 > 영유아동 신발/잡화/기타의류(0~17세) > 남아신발 > 부츠/워커 > 남아 레인부츠
쿠팡,C003946,남아 부츠,C003945,5,패션의류잡화 > 영유아동 신발/잡화/기타의류(0~17세) > 남아신발 > 부츠/워커 > 남아 부츠
쿠팡,C003947,남아 워커,C003945,5,패션의류잡화 > 영유아동 신발/잡화/기타의류(0~17세) > 남아신발 > 부츠/워커 > 남아 워커
쿠팡,C003949,샌들류,C003939,4,패션의류잡화 > 영유아동 신발/잡화/기타의류(0~17세) > 남아신발 > 샌들류
쿠팡,C003948,남아 샌들,C003949,5,패션의류잡화 > 영유아동 신발/잡화/기타의류(0~17세) > 남아신발 > 샌들류 > 남아 샌들
쿠팡,C003950,남아 크록스스타일,C003949,5,패션의류잡화 > 영유아동 신발/잡화/기타의류(0~17세) > 남아신발 > 샌들류 > 남아 크록스스타일
쿠팡,C003952,슬리퍼/쪼리,C003939,4,패션의류잡화 > 영유아동 신발/잡화/기타의류(0~17세) > 남아신발 > 슬리퍼/쪼리
쿠팡,C003951,남아 슬리퍼,C003952,5,패션의류잡화 > 영유아동 신발/잡화/기타의류(0~17세) > 남아신발 > 슬리퍼/쪼리 > 남아 슬리퍼
쿠팡,C003953,남아 플립플랍/쪼리,C003952,5,패션의류잡화 > 영유아동 신발/잡화/기타의류(0~17세) > 남아신발 > 슬리퍼/쪼리 > 남아 플립플랍/쪼리
쿠팡,C003955,실내화/덧신,C003939,4,패션의류잡화 > 영유아동 신발/잡화/기타의류(0~17세) > 남아신발 > 실내화/덧신
쿠팡,C003954,남아 실내화,C003955,5,패션의류잡화 > 영유아동 신발/잡화/기타의류(0~17세) > 남아신발 > 실내화/덧신 > 남아 실내화
쿠팡,C003956,남아 실내화덧신,C003955,5,패션의류잡화 > 영유아동 신발/잡화/기타의류(0~17세) > 남아신발 > 실내화/덧신 > 남아 실내화덧신
쿠팡,C003958,운동화/스니커즈,C003939,4,패션의류잡화 > 영유아동 신발/잡화/기타의류(0~17세) > 남아신발 > 운동화/스니커즈
쿠팡,C003957,남아 슬립온,C003958,5,패션의류잡화 > 영유아동 신발/잡화/기타의류(0~17세) > 남아신발 > 운동화/스니커즈 > 남아 슬립온
쿠팡,C003959,남아 운동화,C003958,5,패션의류잡화 > 영유아동 신발/잡화/기타의류(0~17세) > 남아신발 > 운동화/스니커즈 > 남아 운동화
쿠팡,C003960,남아 캔버스/스니커즈,C003958,5,패션의류잡화 > 영유아동 신발/잡화/기타의류(0~17세) > 남아신발 > 운동화/스니커즈 > 남아 캔버스/스니커즈
쿠팡,C003962,한복/신발/소품,C003939,4,패션의류잡화 > 영유아동 신발/잡화/기타의류(0~17세) > 남아신발 > 한복/신발/소품
쿠팡,C003961,남아 고무신,C003962,5,패션의류잡화 > 영유아동 신발/잡화/기타의류(0~17세) > 남아신발 > 한복/신발/소품 > 남아 고무신
쿠팡,C003963,남아 한복신발,C003962,5,패션의류잡화 > 영유아동 신발/잡화/기타의류(0~17세) > 남아신발 > 한복/신발/소품 > 남아 한복신발
쿠팡,C003966,남아잡화,C003807,3,패션의류잡화 > 영유아동 신발/잡화/기타의류(0~17세) > 남아잡화
쿠팡,C003965,가방,C003966,4,패션의류잡화 > 영유아동 신발/잡화/기타의류(0~17세) > 남아잡화 > 가방
쿠팡,C003964,남아 백팩/책가방,C003965,5,패션의류잡화 > 영유아동 신발/잡화/기타의류(0~17세) > 남아잡화 > 가방 > 남아 백팩/책가방
쿠팡,C003967,남아 보조가방/신발주머니,C003965,5,패션의류잡화 > 영유아동 신발/잡화/기타의류(0~17세) > 남아잡화 > 가방 > 남아 보조가방/신발주머니
쿠팡,C003968,남아 손가방,C003965,5,패션의류잡화 > 영유아동 신발/잡화/기타의류(0~17세) > 남아잡화 > 가방 > 남아 손가방
쿠팡,C003969,남아 책가방세트,C003965,5,패션의류잡화 > 영유아동 신발/잡화/기타의류(0~17세) > 남아잡화 > 가방 > 남아 책가방세트
쿠팡,C003970,남아 캐리어/여행가방,C003965,5,패션의류잡화 > 영유아동 신발/잡화/기타의류(0~17세) > 남아잡화 > 가방 > 남아 캐리어/여행가방
쿠팡,C003971,남아 크로스백,C003965,5,패션의류잡화 > 영유아동 신발/잡화/기타의류(0~17세) > 남아잡화 > 가방 > 남아 크로스백
쿠팡,C003973,고글/스키용품,C003966,4,패션의류잡화 > 영유아동 신발/잡화/기타의류(0~17세) > 남아잡화 > 고글/스키용품
쿠팡,C003972,남아 스키/패딩장갑,C003973,5,패션의류잡화 > 영유아동 신발/잡화/기타의류(0~17세) > 남아잡화 > 고글/스키용품 > 남아 스키/패딩장갑
쿠팡,C003974,남아 지갑,C003966,4,패션의류잡화 > 영유아동 신발/잡화/기타의류(0~17세) > 남아잡화 > 남아 지갑
쿠팡,C003975,남아 패션마스크,C003966,4,패션의류잡화 > 영유아동 신발/잡화/기타의류(0~17세) > 남아잡화 > 남아 패션마스크
쿠팡,C003977,넥타이/보타이,C003966,4,패션의류잡화 > 영유아동 신발/잡화/기타의류(0~17세) > 남아잡화 > 넥타이/보타이
쿠팡,C003976,남아 넥타이,C003977,5,패션의류잡화 > 영유아동 신발/잡화/기타의류(0~17세) > 남아잡화 > 넥타이/보타이 > 남아 넥타이
쿠팡,C003978,남아 보타이,C003977,5,패션의류잡화 > 영유아동 신발/잡화/기타의류(0~17세) > 남아잡화 > 넥타이/보타이 > 남아 보타이
쿠팡,C003980,머플러/스카프빕,C003966,4,패션의류잡화 > 영유아동 신발/잡화/기타의류(0~17세) > 남아잡화 > 머플러/스카프빕
쿠팡,C003979,남아 넥워머,C003980,5,패션의류잡화 > 영유아동 신발/잡화/기타의류(0~17세) > 남아잡화 > 머플러/스카프빕 > 남아 넥워머
쿠팡,C003981,남아 머플러,C003980,5,패션의류잡화 > 영유아동 신발/잡화/기타의류(0~17세) > 남아잡화 > 머플러/스카프빕 > 남아 머플러
쿠팡,C003982,남아 스카프,C003980,5,패션의류잡화 > 영유아동 신발/잡화/기타의류(0~17세) > 남아잡화 > 머플러/스카프빕 > 남아 스카프
쿠팡,C003983,남아 스카프빕,C003980,5,패션의류잡화 > 영유아동 신발/잡화/기타의류(0~17세) > 남아잡화 > 머플러/스카프빕 > 남아 스카프빕
쿠팡,C003985,모자,C003966,4,패션의류잡화 > 영유아동 신발/잡화/기타의류(0~17세) > 남아잡화 > 모자
쿠팡,C003984,남아 벙거지/챙모자,C003985,5,패션의류잡화 > 영유아동 신발/잡화/기타의류(0~17세) > 남아잡화 > 모자 > 남아 벙거지/챙모자
쿠팡,C003986,남아 베레모/헌팅캡,C003985,5,패션의류잡화 > 영유아동 신발/잡화/기타의류(0~17세) > 남아잡화 > 모자 > 남아 베레모/헌팅캡
쿠팡,C003987,남아 비니,C003985,5,패션의류잡화 > 영유아동 신발/잡화/기타의류(0~17세) > 남아잡화 > 모자 > 남아 비니
쿠팡,C003988,남아 선캡,C003985,5,패션의류잡화 > 영유아동 신발/잡화/기타의류(0~17세) > 남아잡화 > 모자 > 남아 선캡
쿠팡,C003989,남아 스냅백/야구모자,C003985,5,패션의류잡화 > 영유아동 신발/잡화/기타의류(0~17세) > 남아잡화 > 모자 > 남아 스냅백/야구모자
쿠팡,C003990,남아 왕골/밀짚모자,C003985,5,패션의류잡화 > 영유아동 신발/잡화/기타의류(0~17세) > 남아잡화 > 모자 > 남아 왕골/밀짚모자
쿠팡,C003991,남아 털/귀달이모자,C003985,5,패션의류잡화 > 영유아동 신발/잡화/기타의류(0~17세) > 남아잡화 > 모자 > 남아 털/귀달이모자
쿠팡,C003992,남아 페도라/중절모,C003985,5,패션의류잡화 > 영유아동 신발/잡화/기타의류(0~17세) > 남아잡화 > 모자 > 남아 페도라/중절모
쿠팡,C003994,벨트,C003966,4,패션의류잡화 > 영유아동 신발/잡화/기타의류(0~17세) > 남아잡화 > 벨트
쿠팡,C003993,남아 멜빵/서스펜더,C003994,5,패션의류잡화 > 영유아동 신발/잡화/기타의류(0~17세) > 남아잡화 > 벨트 > 남아 멜빵/서스펜더
쿠팡,C003995,남아 벨트,C003994,5,패션의류잡화 > 영유아동 신발/잡화/기타의류(0~17세) > 남아잡화 > 벨트 > 남아 벨트
쿠팡,C003997,선글라스/안경테,C003966,4,패션의류잡화 > 영유아동 신발/잡화/기타의류(0~17세) > 남아잡화 > 선글라스/안경테
쿠팡,C003996,남아 선글라스,C003997,5,패션의류잡화 > 영유아동 신발/잡화/기타의류(0~17세) > 남아잡화 > 선글라스/안경테 > 남아 선글라스
쿠팡,C003998,남아 안경테,C003997,5,패션의류잡화 > 영유아동 신발/잡화/기타의류(0~17세) > 남아잡화 > 선글라스/안경테 > 남아 안경테
쿠팡,C004000,스포츠잡화,C003966,4,패션의류잡화 > 영유아동 신발/잡화/기타의류(0~17세) > 남아잡화 > 스포츠잡화
쿠팡,C003999,남아 기타비치소품,C004000,5,패션의류잡화 > 영유아동 신발/잡화/기타의류(0~17세) > 남아잡화 > 스포츠잡화 > 남아 기타비치소품
쿠팡,C004001,남아 수영가방,C004000,5,패션의류잡화 > 영유아동 신발/잡화/기타의류(0~17세) > 남아잡화 > 스포츠잡화 > 남아 수영가방
쿠팡,C004002,남아 플랩캡,C004000,5,패션의류잡화 > 영유아동 신발/잡화/기타의류(0~17세) > 남아잡화 > 스포츠잡화 > 남아 플랩캡
쿠팡,C004004,시계/주얼리,C003966,4,패션의류잡화 > 영유아동 신발/잡화/기타의류(0~17세) > 남아잡화 > 시계/주얼리
쿠팡,C004003,남아 아날로그시계,C004004,5,패션의류잡화 > 영유아동 신발/잡화/기타의류(0~17세) > 남아잡화 > 시계/주얼리 > 남아 아날로그시계
쿠팡,C004005,남아 전자시계,C004004,5,패션의류잡화 > 영유아동 신발/잡화/기타의류(0~17세) > 남아잡화 > 시계/주얼리 > 남아 전자시계
쿠팡,C004006,남아 패션주얼리,C004004,5,패션의류잡화 > 영유아동 신발/잡화/기타의류(0~17세) > 남아잡화 > 시계/주얼리 > 남아 패션주얼리
쿠팡,C004008,앞치마/두건/팔토시/세트,C003966,4,패션의류잡화 > 영유아동 신발/잡화/기타의류(0~17세) > 남아잡화 > 앞치마/두건/팔토시/세트
쿠팡,C004007,남아 두건,C004008,5,패션의류잡화 > 영유아동 신발/잡화/기타의류(0~17세) > 남아잡화 > 앞치마/두건/팔토시/세트 > 남아 두건
쿠팡,C004009,남아 앞치마,C004008,5,패션의류잡화 > 영유아동 신발/잡화/기타의류(0~17세) > 남아잡화 > 앞치마/두건/팔토시/세트 > 남아 앞치마
쿠팡,C004010,남아 앞치마/두건세트,C004008,5,패션의류잡화 > 영유아동 신발/잡화/기타의류(0~17세) > 남아잡화 > 앞치마/두건/팔토시/세트 > 남아 앞치마/두건세트
쿠팡,C004011,남아 앞치마/토시/두건세트,C004008,5,패션의류잡화 > 영유아동 신발/잡화/기타의류(0~17세) > 남아잡화 > 앞치마/두건/팔토시/세트 > 남아 앞치마/토시/두건세트
쿠팡,C004012,남아 팔토시,C004008,5,패션의류잡화 > 영유아동 신발/잡화/기타의류(0~17세) > 남아잡화 > 앞치마/두건/팔토시/세트 > 남아 팔토시
쿠팡,C004014,양말/타이즈,C003966,4,패션의류잡화 > 영유아동 신발/잡화/기타의류(0~17세) > 남아잡화 > 양말/타이즈
쿠팡,C004013,남아 덧신,C004014,5,패션의류잡화 > 영유아동 신발/잡화/기타의류(0~17세) > 남아잡화 > 양말/타이즈 > 남아 덧신
쿠팡,C004015,남아 양말,C004014,5,패션의류잡화 > 영유아동 신발/잡화/기타의류(0~17세) > 남아잡화 > 양말/타이즈 > 남아 양말
쿠팡,C004016,남아 타이즈,C004014,5,패션의류잡화 > 영유아동 신발/잡화/기타의류(0~17세) > 남아잡화 > 양말/타이즈 > 남아 타이즈
쿠팡,C004018,우산/우비,C003966,4,패션의류잡화 > 영유아동 신발/잡화/기타의류(0~17세) > 남아잡화 > 우산/우비
쿠팡,C004017,남아 우비,C004018,5,패션의류잡화 > 영유아동 신발/잡화/기타의류(0~17세) > 남아잡화 > 우산/우비 > 남아 우비
쿠팡,C004019,남아 우산,C004018,5,패션의류잡화 > 영유아동 신발/잡화/기타의류(0~17세) > 남아잡화 > 우산/우비 > 남아 우산
쿠팡,C004021,장갑/귀마개,C003966,4,패션의류잡화 > 영유아동 신발/잡화/기타의류(0~17세) > 남아잡화 > 장갑/귀마개
쿠팡,C004020,남아 가죽/스웨이드장갑,C004021,5,패션의류잡화 > 영유아동 신발/잡화/기타의류(0~17세) > 남아잡화 > 장갑/귀마개 > 남아 가죽/스웨이드장갑
쿠팡,C004022,남아 귀마개,C004021,5,패션의류잡화 > 영유아동 신발/잡화/기타의류(0~17세) > 남아잡화 > 장갑/귀마개 > 남아 귀마개
쿠팡,C004023,남아 니트장갑,C004021,5,패션의류잡화 > 영유아동 신발/잡화/기타의류(0~17세) > 남아잡화 > 장갑/귀마개 > 남아 니트장갑
쿠팡,C004024,남아 암워머/기타장갑,C004021,5,패션의류잡화 > 영유아동 신발/잡화/기타의류(0~17세) > 남아잡화 > 장갑/귀마개 > 남아 암워머/기타장갑
쿠팡,C004026,한복/신발/소품,C003966,4,패션의류잡화 > 영유아동 신발/잡화/기타의류(0~17세) > 남아잡화 > 한복/신발/소품
쿠팡,C004025,남아 기타액세서리,C004026,5,패션의류잡화 > 영유아동 신발/잡화/기타의류(0~17세) > 남아잡화 > 한복/신발/소품 > 남아 기타액세서리
쿠팡,C004027,남아 도령모,C004026,5,패션의류잡화 > 영유아동 신발/잡화/기타의류(0~17세) > 남아잡화 > 한복/신발/소품 > 남아 도령모
쿠팡,C004028,남아 한복소품,C004026,5,패션의류잡화 > 영유아동 신발/잡화/기타의류(0~17세) > 남아잡화 > 한복/신발/소품 > 남아 한복소품
쿠팡,C004032,남여공용 스포츠/한복 외,C003807,3,패션의류잡화 > 영유아동 신발/잡화/기타의류(0~17세) > 남여공용 스포츠/한복 외
쿠팡,C004031,발레복/발레화/용품,C004032,4,패션의류잡화 > 영유아동 신발/잡화/기타의류(0~17세) > 남여공용 스포츠/한복 외 > 발레복/발레화/용품
쿠팡,C004030,스포츠웨어,C004031,5,패션의류잡화 > 영유아동 신발/잡화/기타의류(0~17세) > 남여공용 스포츠/한복 외 > 발레복/발레화/용품 > 스포츠웨어
쿠팡,C004029,공용 발레 타이즈,C004030,6,패션의류잡화 > 영유아동 신발/잡화/기타의류(0~17세) > 남여공용 스포츠/한복 외 > 발레복/발레화/용품 > 스포츠웨어 > 공용 발레 타이즈
쿠팡,C004034,수영복/비치웨어,C004032,4,패션의류잡화 > 영유아동 신발/잡화/기타의류(0~17세) > 남여공용 스포츠/한복 외 > 수영복/비치웨어
쿠팡,C004033,공용 래쉬가드,C004034,5,패션의류잡화 > 영유아동 신발/잡화/기타의류(0~17세) > 남여공용 스포츠/한복 외 > 수영복/비치웨어 > 공용 래쉬가드
쿠팡,C004035,공용 비치가운,C004034,5,패션의류잡화 > 영유아동 신발/잡화/기타의류(0~17세) > 남여공용 스포츠/한복 외 > 수영복/비치웨어 > 공용 비치가운
쿠팡,C004036,공용 워터레깅스/수영복바지,C004034,5,패션의류잡화 > 영유아동 신발/잡화/기타의류(0~17세) > 남여공용 스포츠/한복 외 > 수영복/비치웨어 > 공용 워터레깅스/수영복바지
쿠팡,C004037,공용 커버업/비치점퍼,C004034,5,패션의류잡화 > 영유아동 신발/잡화/기타의류(0~17세) > 남여공용 스포츠/한복 외 > 수영복/비치웨어 > 공용 커버업/비치점퍼
쿠팡,C004039,스포츠웨어,C004032,4,패션의류잡화 > 영유아동 신발/잡화/기타의류(0~17세) > 남여공용 스포츠/한복 외 > 스포츠웨어
쿠팡,C004038,공용 스키복 상의,C004039,5,패션의류잡화 > 영유아동 신발/잡화/기타의류(0~17세) > 남여공용 스포츠/한복 외 > 스포츠웨어 > 공용 스키복 상의
쿠팡,C004040,공용 스키복 상하세트,C004039,5,패션의류잡화 > 영유아동 신발/잡화/기타의류(0~17세) > 남여공용 스포츠/한복 외 > 스포츠웨어 > 공용 스키복 상하세트
쿠팡,C004041,공용 스키복 하의,C004039,5,패션의류잡화 > 영유아동 신발/잡화/기타의류(0~17세) > 남여공용 스포츠/한복 외 > 스포츠웨어 > 공용 스키복 하의
쿠팡,C004042,공용 아웃도어/등산 레깅스,C004039,5,패션의류잡화 > 영유아동 신발/잡화/기타의류(0~17세) > 남여공용 스포츠/한복 외 > 스포츠웨어 > 공용 아웃도어/등산 레깅스
쿠팡,C004043,공용 아웃도어/등산 바람막이,C004039,5,패션의류잡화 > 영유아동 신발/잡화/기타의류(0~17세) > 남여공용 스포츠/한복 외 > 스포츠웨어 > 공용 아웃도어/등산 바람막이
쿠팡,C004044,공용 아웃도어/등산 바지,C004039,5,패션의류잡화 > 영유아동 신발/잡화/기타의류(0~17세) > 남여공용 스포츠/한복 외 > 스포츠웨어 > 공용 아웃도어/등산 바지
쿠팡,C004045,공용 아웃도어/등산 스웨터,C004039,5,패션의류잡화 > 영유아동 신발/잡화/기타의류(0~17세) > 남여공용 스포츠/한복 외 > 스포츠웨어 > 공용 아웃도어/등산 스웨터
쿠팡,C004046,공용 아웃도어/등산 조끼,C004039,5,패션의류잡화 > 영유아동 신발/잡화/기타의류(0~17세) > 남여공용 스포츠/한복 외 > 스포츠웨어 > 공용 아웃도어/등산 조끼
쿠팡,C004047,공용 아웃도어/등산 티셔츠,C004039,5,패션의류잡화 > 영유아동 신발/잡화/기타의류(0~17세) > 남여공용 스포츠/한복 외 > 스포츠웨어 > 공용 아웃도어/등산 티셔츠
쿠팡,C004048,공용 아웃도어/등산 패딩점퍼,C004039,5,패션의류잡화 > 영유아동 신발/잡화/기타의류(0~17세) > 남여공용 스포츠/한복 외 > 스포츠웨어 > 공용 아웃도어/등산 패딩점퍼
쿠팡,C004049,공용 아웃도어/등산 패딩조끼,C004039,5,패션의류잡화 > 영유아동 신발/잡화/기타의류(0~17세) > 남여공용 스포츠/한복 외 > 스포츠웨어 > 공용 아웃도어/등산 패딩조끼
쿠팡,C004050,공용 아웃도어/등산 후드집업,C004039,5,패션의류잡화 > 영유아동 신발/잡화/기타의류(0~17세) > 남여공용 스포츠/한복 외 > 스포츠웨어 > 공용 아웃도어/등산 후드집업
쿠팡,C004052,온가족 패밀리룩,C004032,4,패션의류잡화 > 영유아동 신발/잡화/기타의류(0~17세) > 남여공용 스포츠/한복 외 > 온가족 패밀리룩
쿠팡,C004051,공용 패밀리 잠옷,C004052,5,패션의류잡화 > 영유아동 신발/잡화/기타의류(0~17세) > 남여공용 스포츠/한복 외 > 온가족 패밀리룩 > 공용 패밀리 잠옷
쿠팡,C004053,공용 패밀리룩 상의,C004052,5,패션의류잡화 > 영유아동 신발/잡화/기타의류(0~17세) > 남여공용 스포츠/한복 외 > 온가족 패밀리룩 > 공용 패밀리룩 상의
쿠팡,C004054,공용 패밀리룩 상하세트,C004052,5,패션의류잡화 > 영유아동 신발/잡화/기타의류(0~17세) > 남여공용 스포츠/한복 외 > 온가족 패밀리룩 > 공용 패밀리룩 상하세트
쿠팡,C004055,공용 패밀리룩 하의,C004052,5,패션의류잡화 > 영유아동 신발/잡화/기타의류(0~17세) > 남여공용 스포츠/한복 외 > 온가족 패밀리룩 > 공용 패밀리룩 하의
쿠팡,C004057,한복/파티복,C004032,4,패션의류잡화 > 영유아동 신발/잡화/기타의류(0~17세) > 남여공용 스포츠/한복 외 > 한복/파티복
쿠팡,C004056,공용 코스튬/캐릭터복장,C004057,5,패션의류잡화 > 영유아동 신발/잡화/기타의류(0~17세) > 남여공용 스포츠/한복 외 > 한복/파티복 > 공용 코스튬/캐릭터복장
쿠팡,C004061,여아 스포츠/한복 외,C003807,3,패션의류잡화 > 영유아동 신발/잡화/기타의류(0~17세) > 여아 스포츠/한복 외
쿠팡,C004060,발레복/발레화/용품,C004061,4,패션의류잡화 > 영유아동 신발/잡화/기타의류(0~17세) > 여아 스포츠/한복 외 > 발레복/발레화/용품
쿠팡,C004059,스포츠웨어,C004060,5,패션의류잡화 > 영유아동 신발/잡화/기타의류(0~17세) > 여아 스포츠/한복 외 > 발레복/발레화/용품 > 스포츠웨어
쿠팡,C004058,여아 레오타드,C004059,6,패션의류잡화 > 영유아동 신발/잡화/기타의류(0~17세) > 여아 스포츠/한복 외 > 발레복/발레화/용품 > 스포츠웨어 > 여아 레오타드
쿠팡,C004062,여아 발레가디건/니트,C004059,6,패션의류잡화 > 영유아동 신발/잡화/기타의류(0~17세) > 여아 스포츠/한복 외 > 발레복/발레화/용품 > 스포츠웨어 > 여아 발레가디건/니트
쿠팡,C004063,여아 발레복세트,C004059,6,패션의류잡화 > 영유아동 신발/잡화/기타의류(0~17세) > 여아 스포츠/한복 외 > 발레복/발레화/용품 > 스포츠웨어 > 여아 발레복세트
쿠팡,C004064,여아 발레스커트,C004059,6,패션의류잡화 > 영유아동 신발/잡화/기타의류(0~17세) > 여아 스포츠/한복 외 > 발레복/발레화/용품 > 스포츠웨어 > 여아 발레스커트
쿠팡,C004065,여아 발레타이즈,C004059,6,패션의류잡화 > 영유아동 신발/잡화/기타의류(0~17세) > 여아 스포츠/한복 외 > 발레복/발레화/용품 > 스포츠웨어 > 여아 발레타이즈
쿠팡,C004066,여아 발레티셔츠,C004059,6,패션의류잡화 > 영유아동 신발/잡화/기타의류(0~17세) > 여아 스포츠/한복 외 > 발레복/발레화/용품 > 스포츠웨어 > 여아 발레티셔츠
쿠팡,C004067,여아 발레팬츠,C004059,6,패션의류잡화 > 영유아동 신발/잡화/기타의류(0~17세) > 여아 스포츠/한복 외 > 발레복/발레화/용품 > 스포츠웨어 > 여아 발레팬츠
쿠팡,C004068,여아 분리형발레복,C004059,6,패션의류잡화 > 영유아동 신발/잡화/기타의류(0~17세) > 여아 스포츠/한복 외 > 발레복/발레화/용품 > 스포츠웨어 > 여아 분리형발레복
쿠팡,C004069,여아 쉬폰형발레복,C004059,6,패션의류잡화 > 영유아동 신발/잡화/기타의류(0~17세) > 여아 스포츠/한복 외 > 발레복/발레화/용품 > 스포츠웨어 > 여아 쉬폰형발레복
쿠팡,C004070,여아 튜튜형발레복,C004059,6,패션의류잡화 > 영유아동 신발/잡화/기타의류(0~17세) > 여아 스포츠/한복 외 > 발레복/발레화/용품 > 스포츠웨어 > 여아 튜튜형발레복
쿠팡,C004072,수영복/비치웨어,C004061,4,패션의류잡화 > 영유아동 신발/잡화/기타의류(0~17세) > 여아 스포츠/한복 외 > 수영복/비치웨어
쿠팡,C004071,여아 래쉬가드,C004072,5,패션의류잡화 > 영유아동 신발/잡화/기타의류(0~17세) > 여아 스포츠/한복 외 > 수영복/비치웨어 > 여아 래쉬가드
쿠팡,C004073,여아 비치가운,C004072,5,패션의류잡화 > 영유아동 신발/잡화/기타의류(0~17세) > 여아 스포츠/한복 외 > 수영복/비치웨어 > 여아 비치가운
쿠팡,C004074,여아 쓰리피스 수영복,C004072,5,패션의류잡화 > 영유아동 신발/잡화/기타의류(0~17세) > 여아 스포츠/한복 외 > 수영복/비치웨어 > 여아 쓰리피스 수영복
쿠팡,C004075,여아 워터레깅스/수영복바지,C004072,5,패션의류잡화 > 영유아동 신발/잡화/기타의류(0~17세) > 여아 스포츠/한복 외 > 수영복/비치웨어 > 여아 워터레깅스/수영복바지
쿠팡,C004076,여아 원피스 수영복,C004072,5,패션의류잡화 > 영유아동 신발/잡화/기타의류(0~17세) > 여아 스포츠/한복 외 > 수영복/비치웨어 > 여아 원피스 수영복
쿠팡,C004077,여아 커버업/비치점퍼,C004072,5,패션의류잡화 > 영유아동 신발/잡화/기타의류(0~17세) > 여아 스포츠/한복 외 > 수영복/비치웨어 > 여아 커버업/비치점퍼
쿠팡,C004078,여아 투피스 수영복,C004072,5,패션의류잡화 > 영유아동 신발/잡화/기타의류(0~17세) > 여아 스포츠/한복 외 > 수영복/비치웨어 > 여아 투피스 수영복
쿠팡,C004080,스포츠웨어,C004061,4,패션의류잡화 > 영유아동 신발/잡화/기타의류(0~17세) > 여아 스포츠/한복 외 > 스포츠웨어
쿠팡,C004079,여아 밸리댄스복,C004080,5,패션의류잡화 > 영유아동 신발/잡화/기타의류(0~17세) > 여아 스포츠/한복 외 > 스포츠웨어 > 여아 밸리댄스복
쿠팡,C004081,여아 스키복 상의,C004080,5,패션의류잡화 > 영유아동 신발/잡화/기타의류(0~17세) > 여아 스포츠/한복 외 > 스포츠웨어 > 여아 스키복 상의
쿠팡,C004082,여아 스키복 상하세트,C004080,5,패션의류잡화 > 영유아동 신발/잡화/기타의류(0~17세) > 여아 스포츠/한복 외 > 스포츠웨어 > 여아 스키복 상하세트
쿠팡,C004083,여아 스키복 하의,C004080,5,패션의류잡화 > 영유아동 신발/잡화/기타의류(0~17세) > 여아 스포츠/한복 외 > 스포츠웨어 > 여아 스키복 하의
쿠팡,C004084,여아 아웃도어/등산 레깅스,C004080,5,패션의류잡화 > 영유아동 신발/잡화/기타의류(0~17세) > 여아 스포츠/한복 외 > 스포츠웨어 > 여아 아웃도어/등산 레깅스
쿠팡,C004085,여아 아웃도어/등산 바람막이,C004080,5,패션의류잡화 > 영유아동 신발/잡화/기타의류(0~17세) > 여아 스포츠/한복 외 > 스포츠웨어 > 여아 아웃도어/등산 바람막이
쿠팡,C004086,여아 아웃도어/등산 바지,C004080,5,패션의류잡화 > 영유아동 신발/잡화/기타의류(0~17세) > 여아 스포츠/한복 외 > 스포츠웨어 > 여아 아웃도어/등산 바지
쿠팡,C004087,여아 아웃도어/등산 스웨터,C004080,5,패션의류잡화 > 영유아동 신발/잡화/기타의류(0~17세) > 여아 스포츠/한복 외 > 스포츠웨어 > 여아 아웃도어/등산 스웨터
쿠팡,C004088,여아 아웃도어/등산 조끼,C004080,5,패션의류잡화 > 영유아동 신발/잡화/기타의류(0~17세) > 여아 스포츠/한복 외 > 스포츠웨어 > 여아 아웃도어/등산 조끼
쿠팡,C004089,여아 아웃도어/등산 티셔츠,C004080,5,패션의류잡화 > 영유아동 신발/잡화/기타의류(0~17세) > 여아 스포츠/한복 외 > 스포츠웨어 > 여아 아웃도어/등산 티셔츠
쿠팡,C004090,여아 아웃도어/등산 패딩점퍼,C004080,5,패션의류잡화 > 영유아동 신발/잡화/기타의류(0~17세) > 여아 스포츠/한복 외 > 스포츠웨어 > 여아 아웃도어/등산 패딩점퍼
쿠팡,C004091,여아 아웃도어/등산 패딩조끼,C004080,5,패션의류잡화 > 영유아동 신발/잡화/기타의류(0~17세) > 여아 스포츠/한복 외 > 스포츠웨어 > 여아 아웃도어/등산 패딩조끼
쿠팡,C004092,여아 아웃도어/등산 후드집업,C004080,5,패션의류잡화 > 영유아동 신발/잡화/기타의류(0~17세) > 여아 스포츠/한복 외 > 스포츠웨어 > 여아 아웃도어/등산 후드집업
쿠팡,C004094,파티복,C004061,4,패션의류잡화 > 영유아동 신발/잡화/기타의류(0~17세) > 여아 스포츠/한복 외 > 파티복
쿠팡,C004093,여아 코스튬/캐릭터복장,C004094,5,패션의류잡화 > 영유아동 신발/잡화/기타의류(0~17세) > 여아 스포츠/한복 외 > 파티복 > 여아 코스튬/캐릭터복장
쿠팡,C004096,한복/신발/소품,C004061,4,패션의류잡화 > 영유아동 신발/잡화/기타의류(0~17세) > 여아 스포츠/한복 외 > 한복/신발/소품
쿠팡,C004095,여아 한복 두루마기/마고자/배자,C004096,5,패션의류잡화 > 영유아동 신발/잡화/기타의류(0~17세) > 여아 스포츠/한복 외 > 한복/신발/소품 > 여아 한복 두루마기/마고자/배자
쿠팡,C004097,여아 한복세트,C004096,5,패션의류잡화 > 영유아동 신발/잡화/기타의류(0~17세) > 여아 스포츠/한복 외 > 한복/신발/소품 > 여아 한복세트
쿠팡,C004098,여아 한복속치마,C004096,5,패션의류잡화 > 영유아동 신발/잡화/기타의류(0~17세) > 여아 스포츠/한복 외 > 한복/신발/소품 > 여아 한복속치마
쿠팡,C004099,여아 한복저고리,C004096,5,패션의류잡화 > 영유아동 신발/잡화/기타의류(0~17세) > 여아 스포츠/한복 외 > 한복/신발/소품 > 여아 한복저고리
쿠팡,C004100,여아 한복치마,C004096,5,패션의류잡화 > 영유아동 신발/잡화/기타의류(0~17세) > 여아 스포츠/한복 외 > 한복/신발/소품 > 여아 한복치마
쿠팡,C004104,여아신발,C003807,3,패션의류잡화 > 영유아동 신발/잡화/기타의류(0~17세) > 여아신발
쿠팡,C004103,발레복/발레화/용품,C004104,4,패션의류잡화 > 영유아동 신발/잡화/기타의류(0~17세) > 여아신발 > 발레복/발레화/용품
쿠팡,C004102,기타신발,C004103,5,패션의류잡화 > 영유아동 신발/잡화/기타의류(0~17세) > 여아신발 > 발레복/발레화/용품 > 기타신발
쿠팡,C004101,여아 발레화,C004102,6,패션의류잡화 > 영유아동 신발/잡화/기타의류(0~17세) > 여아신발 > 발레복/발레화/용품 > 기타신발 > 여아 발레화
쿠팡,C004106,부츠/워커,C004104,4,패션의류잡화 > 영유아동 신발/잡화/기타의류(0~17세) > 여아신발 > 부츠/워커
쿠팡,C004105,여아 레인부츠,C004106,5,패션의류잡화 > 영유아동 신발/잡화/기타의류(0~17세) > 여아신발 > 부츠/워커 > 여아 레인부츠
쿠팡,C004107,여아 부츠,C004106,5,패션의류잡화 > 영유아동 신발/잡화/기타의류(0~17세) > 여아신발 > 부츠/워커 > 여아 부츠
쿠팡,C004108,여아 워커,C004106,5,패션의류잡화 > 영유아동 신발/잡화/기타의류(0~17세) > 여아신발 > 부츠/워커 > 여아 워커
쿠팡,C004110,샌들류,C004104,4,패션의류잡화 > 영유아동 신발/잡화/기타의류(0~17세) > 여아신발 > 샌들류
쿠팡,C004109,여아 샌들,C004110,5,패션의류잡화 > 영유아동 신발/잡화/기타의류(0~17세) > 여아신발 > 샌들류 > 여아 샌들
쿠팡,C004111,여아 크록스스타일,C004110,5,패션의류잡화 > 영유아동 신발/잡화/기타의류(0~17세) > 여아신발 > 샌들류 > 여아 크록스스타일
쿠팡,C004113,슬리퍼/쪼리,C004104,4,패션의류잡화 > 영유아동 신발/잡화/기타의류(0~17세) > 여아신발 > 슬리퍼/쪼리
쿠팡,C004112,여아 슬리퍼,C004113,5,패션의류잡화 > 영유아동 신발/잡화/기타의류(0~17세) > 여아신발 > 슬리퍼/쪼리 > 여아 슬리퍼
쿠팡,C004114,여아 플립플랍/쪼리,C004113,5,패션의류잡화 > 영유아동 신발/잡화/기타의류(0~17세) > 여아신발 > 슬리퍼/쪼리 > 여아 플립플랍/쪼리
쿠팡,C004116,실내화/덧신,C004104,4,패션의류잡화 > 영유아동 신발/잡화/기타의류(0~17세) > 여아신발 > 실내화/덧신
쿠팡,C004115,여아 실내화,C004116,5,패션의류잡화 > 영유아동 신발/잡화/기타의류(0~17세) > 여아신발 > 실내화/덧신 > 여아 실내화
쿠팡,C004117,여아 실내화 덧신,C004116,5,패션의류잡화 > 영유아동 신발/잡화/기타의류(0~17세) > 여아신발 > 실내화/덧신 > 여아 실내화 덧신
쿠팡,C004118,여아 구두,C004104,4,패션의류잡화 > 영유아동 신발/잡화/기타의류(0~17세) > 여아신발 > 여아 구두
쿠팡,C004119,여아 아쿠아슈즈,C004104,4,패션의류잡화 > 영유아동 신발/잡화/기타의류(0~17세) > 여아신발 > 여아 아쿠아슈즈
쿠팡,C004121,운동화/스니커즈,C004104,4,패션의류잡화 > 영유아동 신발/잡화/기타의류(0~17세) > 여아신발 > 운동화/스니커즈
쿠팡,C004120,여아 슬립온,C004121,5,패션의류잡화 > 영유아동 신발/잡화/기타의류(0~17세) > 여아신발 > 운동화/스니커즈 > 여아 슬립온
쿠팡,C004122,여아 운동화,C004121,5,패션의류잡화 > 영유아동 신발/잡화/기타의류(0~17세) > 여아신발 > 운동화/스니커즈 > 여아 운동화
쿠팡,C004123,여아 캔버스/스니커즈,C004121,5,패션의류잡화 > 영유아동 신발/잡화/기타의류(0~17세) > 여아신발 > 운동화/스니커즈 > 여아 캔버스/스니커즈
쿠팡,C004125,한복/신발/소품,C004104,4,패션의류잡화 > 영유아동 신발/잡화/기타의류(0~17세) > 여아신발 > 한복/신발/소품
쿠팡,C004124,여아 고무신,C004125,5,패션의류잡화 > 영유아동 신발/잡화/기타의류(0~17세) > 여아신발 > 한복/신발/소품 > 여아 고무신
쿠팡,C004126,여아 한복신발,C004125,5,패션의류잡화 > 영유아동 신발/잡화/기타의류(0~17세) > 여아신발 > 한복/신발/소품 > 여아 한복신발
쿠팡,C004129,여아잡화,C003807,3,패션의류잡화 > 영유아동 신발/잡화/기타의류(0~17세) > 여아잡화
쿠팡,C004128,가방,C004129,4,패션의류잡화 > 영유아동 신발/잡화/기타의류(0~17세) > 여아잡화 > 가방
쿠팡,C004127,여아 백팩/책가방,C004128,5,패션의류잡화 > 영유아동 신발/잡화/기타의류(0~17세) > 여아잡화 > 가방 > 여아 백팩/책가방
쿠팡,C004130,여아 보조가방/신발주머니,C004128,5,패션의류잡화 > 영유아동 신발/잡화/기타의류(0~17세) > 여아잡화 > 가방 > 여아 보조가방/신발주머니
쿠팡,C004131,여아 손가방,C004128,5,패션의류잡화 > 영유아동 신발/잡화/기타의류(0~17세) > 여아잡화 > 가방 > 여아 손가방
쿠팡,C004132,여아 책가방세트,C004128,5,패션의류잡화 > 영유아동 신발/잡화/기타의류(0~17세) > 여아잡화 > 가방 > 여아 책가방세트
쿠팡,C004133,여아 캐리어/여행가방,C004128,5,패션의류잡화 > 영유아동 신발/잡화/기타의류(0~17세) > 여아잡화 > 가방 > 여아 캐리어/여행가방
쿠팡,C004134,여아 크로스백,C004128,5,패션의류잡화 > 영유아동 신발/잡화/기타의류(0~17세) > 여아잡화 > 가방 > 여아 크로스백
쿠팡,C004136,고글/스키용품,C004129,4,패션의류잡화 > 영유아동 신발/잡화/기타의류(0~17세) > 여아잡화 > 고글/스키용품
쿠팡,C004135,여아 스키/패딩장갑,C004136,5,패션의류잡화 > 영유아동 신발/잡화/기타의류(0~17세) > 여아잡화 > 고글/스키용품 > 여아 스키/패딩장갑
쿠팡,C004138,머플러/스카프빕,C004129,4,패션의류잡화 > 영유아동 신발/잡화/기타의류(0~17세) > 여아잡화 > 머플러/스카프빕
쿠팡,C004137,여아 넥워머,C004138,5,패션의류잡화 > 영유아동 신발/잡화/기타의류(0~17세) > 여아잡화 > 머플러/스카프빕 > 여아 넥워머
쿠팡,C004139,여아 머플러,C004138,5,패션의류잡화 > 영유아동 신발/잡화/기타의류(0~17세) > 여아잡화 > 머플러/스카프빕 > 여아 머플러
쿠팡,C004140,여아 스카프,C004138,5,패션의류잡화 > 영유아동 신발/잡화/기타의류(0~17세) > 여아잡화 > 머플러/스카프빕 > 여아 스카프
쿠팡,C004141,여아 스카프빕,C004138,5,패션의류잡화 > 영유아동 신발/잡화/기타의류(0~17세) > 여아잡화 > 머플러/스카프빕 > 여아 스카프빕
쿠팡,C004143,모자,C004129,4,패션의류잡화 > 영유아동 신발/잡화/기타의류(0~17세) > 여아잡화 > 모자
쿠팡,C004142,여아 벙거지/챙모자,C004143,5,패션의류잡화 > 영유아동 신발/잡화/기타의류(0~17세) > 여아잡화 > 모자 > 여아 벙거지/챙모자
쿠팡,C004144,여아 베레모/헌팅캡,C004143,5,패션의류잡화 > 영유아동 신발/잡화/기타의류(0~17세) > 여아잡화 > 모자 > 여아 베레모/헌팅캡
쿠팡,C004145,여아 비니,C004143,5,패션의류잡화 > 영유아동 신발/잡화/기타의류(0~17세) > 여아잡화 > 모자 > 여아 비니
쿠팡,C004146,여아 선캡,C004143,5,패션의류잡화 > 영유아동 신발/잡화/기타의류(0~17세) > 여아잡화 > 모자 > 여아 선캡
쿠팡,C004147,여아 스냅백/야구모자,C004143,5,패션의류잡화 > 영유아동 신발/잡화/기타의류(0~17세) > 여아잡화 > 모자 > 여아 스냅백/야구모자
쿠팡,C004148,여아 왕골/밀짚모자,C004143,5,패션의류잡화 > 영유아동 신발/잡화/기타의류(0~17세) > 여아잡화 > 모자 > 여아 왕골/밀짚모자
쿠팡,C004149,여아 털/귀달이모자,C004143,5,패션의류잡화 > 영유아동 신발/잡화/기타의류(0~17세) > 여아잡화 > 모자 > 여아 털/귀달이모자
쿠팡,C004150,여아 페도라/중절모,C004143,5,패션의류잡화 > 영유아동 신발/잡화/기타의류(0~17세) > 여아잡화 > 모자 > 여아 페도라/중절모
쿠팡,C004153,발레복/발레화/용품,C004129,4,패션의류잡화 > 영유아동 신발/잡화/기타의류(0~17세) > 여아잡화 > 발레복/발레화/용품
쿠팡,C004152,스포츠잡화,C004153,5,패션의류잡화 > 영유아동 신발/잡화/기타의류(0~17세) > 여아잡화 > 발레복/발레화/용품 > 스포츠잡화
쿠팡,C004151,여아 발레워머/토시,C004152,6,패션의류잡화 > 영유아동 신발/잡화/기타의류(0~17세) > 여아잡화 > 발레복/발레화/용품 > 스포츠잡화 > 여아 발레워머/토시
쿠팡,C004155,벨트,C004129,4,패션의류잡화 > 영유아동 신발/잡화/기타의류(0~17세) > 여아잡화 > 벨트
쿠팡,C004154,여아 멜빵/서스펜더,C004155,5,패션의류잡화 > 영유아동 신발/잡화/기타의류(0~17세) > 여아잡화 > 벨트 > 여아 멜빵/서스펜더
쿠팡,C004156,여아 벨트,C004155,5,패션의류잡화 > 영유아동 신발/잡화/기타의류(0~17세) > 여아잡화 > 벨트 > 여아 벨트
쿠팡,C004158,선글라스/안경테,C004129,4,패션의류잡화 > 영유아동 신발/잡화/기타의류(0~17세) > 여아잡화 > 선글라스/안경테
쿠팡,C004157,여아 선글라스,C004158,5,패션의류잡화 > 영유아동 신발/잡화/기타의류(0~17세) > 여아잡화 > 선글라스/안경테 > 여아 선글라스
쿠팡,C004159,여아 안경테,C004158,5,패션의류잡화 > 영유아동 신발/잡화/기타의류(0~17세) > 여아잡화 > 선글라스/안경테 > 여아 안경테
쿠팡,C004161,스포츠잡화,C004129,4,패션의류잡화 > 영유아동 신발/잡화/기타의류(0~17세) > 여아잡화 > 스포츠잡화
쿠팡,C004160,여아 기타비치소품,C004161,5,패션의류잡화 > 영유아동 신발/잡화/기타의류(0~17세) > 여아잡화 > 스포츠잡화 > 여아 기타비치소품
쿠팡,C004162,여아 수영가방,C004161,5,패션의류잡화 > 영유아동 신발/잡화/기타의류(0~17세) > 여아잡화 > 스포츠잡화 > 여아 수영가방
쿠팡,C004163,여아 플랩캡,C004161,5,패션의류잡화 > 영유아동 신발/잡화/기타의류(0~17세) > 여아잡화 > 스포츠잡화 > 여아 플랩캡
쿠팡,C004165,시계/주얼리,C004129,4,패션의류잡화 > 영유아동 신발/잡화/기타의류(0~17세) > 여아잡화 > 시계/주얼리
쿠팡,C004164,여아 시계,C004165,5,패션의류잡화 > 영유아동 신발/잡화/기타의류(0~17세) > 여아잡화 > 시계/주얼리 > 여아 시계
쿠팡,C004166,여아 패션주얼리,C004165,5,패션의류잡화 > 영유아동 신발/잡화/기타의류(0~17세) > 여아잡화 > 시계/주얼리 > 여아 패션주얼리
쿠팡,C004168,앞치마/두건/팔토시/세트,C004129,4,패션의류잡화 > 영유아동 신발/잡화/기타의류(0~17세) > 여아잡화 > 앞치마/두건/팔토시/세트
쿠팡,C004167,여아 두건,C004168,5,패션의류잡화 > 영유아동 신발/잡화/기타의류(0~17세) > 여아잡화 > 앞치마/두건/팔토시/세트 > 여아 두건
쿠팡,C004169,여아 앞치마,C004168,5,패션의류잡화 > 영유아동 신발/잡화/기타의류(0~17세) > 여아잡화 > 앞치마/두건/팔토시/세트 > 여아 앞치마
쿠팡,C004170,여아 앞치마/두건세트,C004168,5,패션의류잡화 > 영유아동 신발/잡화/기타의류(0~17세) > 여아잡화 > 앞치마/두건/팔토시/세트 > 여아 앞치마/두건세트
쿠팡,C004171,여아 앞치마/토시/두건세트,C004168,5,패션의류잡화 > 영유아동 신발/잡화/기타의류(0~17세) > 여아잡화 > 앞치마/두건/팔토시/세트 > 여아 앞치마/토시/두건세트
쿠팡,C004172,여아 팔토시,C004168,5,패션의류잡화 > 영유아동 신발/잡화/기타의류(0~17세) > 여아잡화 > 앞치마/두건/팔토시/세트 > 여아 팔토시
쿠팡,C004174,양말/타이즈,C004129,4,패션의류잡화 > 영유아동 신발/잡화/기타의류(0~17세) > 여아잡화 > 양말/타이즈
쿠팡,C004173,여아 덧신,C004174,5,패션의류잡화 > 영유아동 신발/잡화/기타의류(0~17세) > 여아잡화 > 양말/타이즈 > 여아 덧신
쿠팡,C004175,여아 스타킹,C004174,5,패션의류잡화 > 영유아동 신발/잡화/기타의류(0~17세) > 여아잡화 > 양말/타이즈 > 여아 스타킹
쿠팡,C004176,여아 양말,C004174,5,패션의류잡화 > 영유아동 신발/잡화/기타의류(0~17세) > 여아잡화 > 양말/타이즈 > 여아 양말
쿠팡,C004177,여아 타이즈,C004174,5,패션의류잡화 > 영유아동 신발/잡화/기타의류(0~17세) > 여아잡화 > 양말/타이즈 > 여아 타이즈
쿠팡,C004178,여아 지갑,C004129,4,패션의류잡화 > 영유아동 신발/잡화/기타의류(0~17세) > 여아잡화 > 여아 지갑
쿠팡,C004179,여아 패션마스크,C004129,4,패션의류잡화 > 영유아동 신발/잡화/기타의류(0~17세) > 여아잡화 > 여아 패션마스크
쿠팡,C004181,우산/우비,C004129,4,패션의류잡화 > 영유아동 신발/잡화/기타의류(0~17세) > 여아잡화 > 우산/우비
쿠팡,C004180,여아 우비,C004181,5,패션의류잡화 > 영유아동 신발/잡화/기타의류(0~17세) > 여아잡화 > 우산/우비 > 여아 우비
쿠팡,C004182,여아 우산,C004181,5,패션의류잡화 > 영유아동 신발/잡화/기타의류(0~17세) > 여아잡화 > 우산/우비 > 여아 우산
쿠팡,C004184,장갑/귀마개,C004129,4,패션의류잡화 > 영유아동 신발/잡화/기타의류(0~17세) > 여아잡화 > 장갑/귀마개
쿠팡,C004183,여아 가죽/스웨이드장갑,C004184,5,패션의류잡화 > 영유아동 신발/잡화/기타의류(0~17세) > 여아잡화 > 장갑/귀마개 > 여아 가죽/스웨이드장갑
쿠팡,C004185,여아 귀마개,C004184,5,패션의류잡화 > 영유아동 신발/잡화/기타의류(0~17세) > 여아잡화 > 장갑/귀마개 > 여아 귀마개
쿠팡,C004186,여아 니트장갑,C004184,5,패션의류잡화 > 영유아동 신발/잡화/기타의류(0~17세) > 여아잡화 > 장갑/귀마개 > 여아 니트장갑
쿠팡,C004187,여아 암워머/기타장갑,C004184,5,패션의류잡화 > 영유아동 신발/잡화/기타의류(0~17세) > 여아잡화 > 장갑/귀마개 > 여아 암워머/기타장갑
쿠팡,C004189,한복/신발/소품,C004129,4,패션의류잡화 > 영유아동 신발/잡화/기타의류(0~17세) > 여아잡화 > 한복/신발/소품
쿠팡,C004188,여아 기타액세서리,C004189,5,패션의류잡화 > 영유아동 신발/잡화/기타의류(0~17세) > 여아잡화 > 한복/신발/소품 > 여아 기타액세서리
쿠팡,C004190,여아 한복 소품,C004189,5,패션의류잡화 > 영유아동 신발/잡화/기타의류(0~17세) > 여아잡화 > 한복/신발/소품 > 여아 한복 소품
쿠팡,C004191,여아 한복 조바위,C004189,5,패션의류잡화 > 영유아동 신발/잡화/기타의류(0~17세) > 여아잡화 > 한복/신발/소품 > 여아 한복 조바위
쿠팡,C004192,여아 한복 헤어액세서리,C004189,5,패션의류잡화 > 영유아동 신발/잡화/기타의류(0~17세) > 여아잡화 > 한복/신발/소품 > 여아 한복 헤어액세서리
쿠팡,C004194,헤어액세서리,C004129,4,패션의류잡화 > 영유아동 신발/잡화/기타의류(0~17세) > 여아잡화 > 헤어액세서리
쿠팡,C004193,헤어끈,C004194,5,패션의류잡화 > 영유아동 신발/잡화/기타의류(0~17세) > 여아잡화 > 헤어액세서리 > 헤어끈
쿠팡,C004195,헤어밴드/머리띠,C004194,5,패션의류잡화 > 영유아동 신발/잡화/기타의류(0~17세) > 여아잡화 > 헤어액세서리 > 헤어밴드/머리띠
쿠팡,C004196,헤어집게,C004194,5,패션의류잡화 > 영유아동 신발/잡화/기타의류(0~17세) > 여아잡화 > 헤어액세서리 > 헤어집게
쿠팡,C004197,헤어핀,C004194,5,패션의류잡화 > 영유아동 신발/잡화/기타의류(0~17세) > 여아잡화 > 헤어액세서리 > 헤어핀
쿠팡,C004200,유니섹스/남녀공용 패션,C002604,2,패션의류잡화 > 유니섹스/남녀공용 패션
쿠팡,C004199,공용 시계,C004200,3,패션의류잡화 > 유니섹스/남녀공용 패션 > 공용 시계
쿠팡,C004198,남녀공용가죽시계,C004199,4,패션의류잡화 > 유니섹스/남녀공용 패션 > 공용 시계 > 남녀공용가죽시계
쿠팡,C004201,남녀공용메탈시계,C004199,4,패션의류잡화 > 유니섹스/남녀공용 패션 > 공용 시계 > 남녀공용메탈시계
쿠팡,C004202,남녀공용세라믹 시계,C004199,4,패션의류잡화 > 유니섹스/남녀공용 패션 > 공용 시계 > 남녀공용세라믹 시계
쿠팡,C004203,남녀공용스포츠시계,C004199,4,패션의류잡화 > 유니섹스/남녀공용 패션 > 공용 시계 > 남녀공용스포츠시계
쿠팡,C004204,남녀공용젤리/우레탄시계,C004199,4,패션의류잡화 > 유니섹스/남녀공용 패션 > 공용 시계 > 남녀공용젤리/우레탄시계
쿠팡,C004205,남녀공용커플시계,C004199,4,패션의류잡화 > 유니섹스/남녀공용 패션 > 공용 시계 > 남녀공용커플시계
쿠팡,C004206,남녀공용패브릭시계,C004199,4,패션의류잡화 > 유니섹스/남녀공용 패션 > 공용 시계 > 남녀공용패브릭시계
쿠팡,C004208,시계줄/시계소품/기타,C004199,4,패션의류잡화 > 유니섹스/남녀공용 패션 > 공용 시계 > 시계줄/시계소품/기타
쿠팡,C004207,가죽밴드,C004208,5,패션의류잡화 > 유니섹스/남녀공용 패션 > 공용 시계 > 시계줄/시계소품/기타 > 가죽밴드
쿠팡,C004209,기타밴드,C004208,5,패션의류잡화 > 유니섹스/남녀공용 패션 > 공용 시계 > 시계줄/시계소품/기타 > 기타밴드
쿠팡,C004210,메탈밴드,C004208,5,패션의류잡화 > 유니섹스/남녀공용 패션 > 공용 시계 > 시계줄/시계소품/기타 > 메탈밴드
쿠팡,C004211,수납함/기타,C004208,5,패션의류잡화 > 유니섹스/남녀공용 패션 > 공용 시계 > 시계줄/시계소품/기타 > 수납함/기타
쿠팡,C004212,시계공구,C004208,5,패션의류잡화 > 유니섹스/남녀공용 패션 > 공용 시계 > 시계줄/시계소품/기타 > 시계공구
쿠팡,C004213,젤리/우레탄밴드,C004208,5,패션의류잡화 > 유니섹스/남녀공용 패션 > 공용 시계 > 시계줄/시계소품/기타 > 젤리/우레탄밴드
쿠팡,C004216,공용 잡화,C004200,3,패션의류잡화 > 유니섹스/남녀공용 패션 > 공용 잡화
쿠팡,C004215,가방,C004216,4,패션의류잡화 > 유니섹스/남녀공용 패션 > 공용 잡화 > 가방
쿠팡,C004214,남녀공용가방액세서리,C004215,5,패션의류잡화 > 유니섹스/남녀공용 패션 > 공용 잡화 > 가방 > 남녀공용가방액세서리
쿠팡,C004217,남녀공용기타캐주얼가방,C004215,5,패션의류잡화 > 유니섹스/남녀공용 패션 > 공용 잡화 > 가방 > 남녀공용기타캐주얼가방
쿠팡,C004218,남녀공용노트북 가방,C004215,5,패션의류잡화 > 유니섹스/남녀공용 패션 > 공용 잡화 > 가방 > 남녀공용노트북 가방
쿠팡,C004219,남녀공용백팩,C004215,5,패션의류잡화 > 유니섹스/남녀공용 패션 > 공용 잡화 > 가방 > 남녀공용백팩
쿠팡,C004220,남녀공용숄더백,C004215,5,패션의류잡화 > 유니섹스/남녀공용 패션 > 공용 잡화 > 가방 > 남녀공용숄더백
쿠팡,C004221,남녀공용이너백,C004215,5,패션의류잡화 > 유니섹스/남녀공용 패션 > 공용 잡화 > 가방 > 남녀공용이너백
쿠팡,C004222,남녀공용캔버스/에코백,C004215,5,패션의류잡화 > 유니섹스/남녀공용 패션 > 공용 잡화 > 가방 > 남녀공용캔버스/에코백
쿠팡,C004223,남녀공용크로스/메신저백,C004215,5,패션의류잡화 > 유니섹스/남녀공용 패션 > 공용 잡화 > 가방 > 남녀공용크로스/메신저백
쿠팡,C004224,남녀공용클러치,C004215,5,패션의류잡화 > 유니섹스/남녀공용 패션 > 공용 잡화 > 가방 > 남녀공용클러치
쿠팡,C004225,남녀공용토트백,C004215,5,패션의류잡화 > 유니섹스/남녀공용 패션 > 공용 잡화 > 가방 > 남녀공용토트백
쿠팡,C004226,남녀공용파우치,C004215,5,패션의류잡화 > 유니섹스/남녀공용 패션 > 공용 잡화 > 가방 > 남녀공용파우치
쿠팡,C004227,남녀공용힙색/허리색,C004215,5,패션의류잡화 > 유니섹스/남녀공용 패션 > 공용 잡화 > 가방 > 남녀공용힙색/허리색
쿠팡,C004229,기타시즌잡화,C004216,4,패션의류잡화 > 유니섹스/남녀공용 패션 > 공용 잡화 > 기타시즌잡화
쿠팡,C004228,기타잡화,C004229,5,패션의류잡화 > 유니섹스/남녀공용 패션 > 공용 잡화 > 기타시즌잡화 > 기타잡화
쿠팡,C004230,남녀공용우비,C004216,4,패션의류잡화 > 유니섹스/남녀공용 패션 > 공용 잡화 > 남녀공용우비
쿠팡,C004231,마스크 스트랩,C004216,4,패션의류잡화 > 유니섹스/남녀공용 패션 > 공용 잡화 > 마스크 스트랩
쿠팡,C004233,머플러/스카프/숄,C004216,4,패션의류잡화 > 유니섹스/남녀공용 패션 > 공용 잡화 > 머플러/스카프/숄
쿠팡,C004232,남녀공용넥워머,C004233,5,패션의류잡화 > 유니섹스/남녀공용 패션 > 공용 잡화 > 머플러/스카프/숄 > 남녀공용넥워머
쿠팡,C004234,남녀공용니트머플러,C004233,5,패션의류잡화 > 유니섹스/남녀공용 패션 > 공용 잡화 > 머플러/스카프/숄 > 남녀공용니트머플러
쿠팡,C004235,남녀공용린넨머플러,C004233,5,패션의류잡화 > 유니섹스/남녀공용 패션 > 공용 잡화 > 머플러/스카프/숄 > 남녀공용린넨머플러
쿠팡,C004236,남녀공용면(아사)스카프,C004233,5,패션의류잡화 > 유니섹스/남녀공용 패션 > 공용 잡화 > 머플러/스카프/숄 > 남녀공용면(아사)스카프
쿠팡,C004237,남녀공용숄/망토,C004233,5,패션의류잡화 > 유니섹스/남녀공용 패션 > 공용 잡화 > 머플러/스카프/숄 > 남녀공용숄/망토
쿠팡,C004238,남녀공용실크스카프,C004233,5,패션의류잡화 > 유니섹스/남녀공용 패션 > 공용 잡화 > 머플러/스카프/숄 > 남녀공용실크스카프
쿠팡,C004239,남녀공용울(아크릴) 머플러,C004233,5,패션의류잡화 > 유니섹스/남녀공용 패션 > 공용 잡화 > 머플러/스카프/숄 > 남녀공용울(아크릴) 머플러
쿠팡,C004240,남녀공용퍼머플러,C004233,5,패션의류잡화 > 유니섹스/남녀공용 패션 > 공용 잡화 > 머플러/스카프/숄 > 남녀공용퍼머플러
쿠팡,C004242,모자,C004216,4,패션의류잡화 > 유니섹스/남녀공용 패션 > 공용 잡화 > 모자
쿠팡,C004241,남녀공용귀달이 모자,C004242,5,패션의류잡화 > 유니섹스/남녀공용 패션 > 공용 잡화 > 모자 > 남녀공용귀달이 모자
쿠팡,C004243,남녀공용반다나/두건,C004242,5,패션의류잡화 > 유니섹스/남녀공용 패션 > 공용 잡화 > 모자 > 남녀공용반다나/두건
쿠팡,C004244,남녀공용벙거지,C004242,5,패션의류잡화 > 유니섹스/남녀공용 패션 > 공용 잡화 > 모자 > 남녀공용벙거지
쿠팡,C004245,남녀공용베레모/헌팅캡,C004242,5,패션의류잡화 > 유니섹스/남녀공용 패션 > 공용 잡화 > 모자 > 남녀공용베레모/헌팅캡
쿠팡,C004246,남녀공용비니,C004242,5,패션의류잡화 > 유니섹스/남녀공용 패션 > 공용 잡화 > 모자 > 남녀공용비니
쿠팡,C004247,남녀공용사파리/챙모자,C004242,5,패션의류잡화 > 유니섹스/남녀공용 패션 > 공용 잡화 > 모자 > 남녀공용사파리/챙모자
쿠팡,C004248,남녀공용썬캡,C004242,5,패션의류잡화 > 유니섹스/남녀공용 패션 > 공용 잡화 > 모자 > 남녀공용썬캡
쿠팡,C004249,남녀공용야구모자/군모,C004242,5,패션의류잡화 > 유니섹스/남녀공용 패션 > 공용 잡화 > 모자 > 남녀공용야구모자/군모
쿠팡,C004250,남녀공용왕골/밀짚모자,C004242,5,패션의류잡화 > 유니섹스/남녀공용 패션 > 공용 잡화 > 모자 > 남녀공용왕골/밀짚모자
쿠팡,C004251,남녀공용털/방울모자,C004242,5,패션의류잡화 > 유니섹스/남녀공용 패션 > 공용 잡화 > 모자 > 남녀공용털/방울모자
쿠팡,C004252,남녀공용털귀마개,C004242,5,패션의류잡화 > 유니섹스/남녀공용 패션 > 공용 잡화 > 모자 > 남녀공용털귀마개
쿠팡,C004253,남녀공용페도라/중절모,C004242,5,패션의류잡화 > 유니섹스/남녀공용 패션 > 공용 잡화 > 모자 > 남녀공용페도라/중절모
쿠팡,C004254,남녀공용힙합모자/스냅백,C004242,5,패션의류잡화 > 유니섹스/남녀공용 패션 > 공용 잡화 > 모자 > 남녀공용힙합모자/스냅백
쿠팡,C004256,벨트,C004216,4,패션의류잡화 > 유니섹스/남녀공용 패션 > 공용 잡화 > 벨트
쿠팡,C004255,남녀공용캐주얼벨트,C004256,5,패션의류잡화 > 유니섹스/남녀공용 패션 > 공용 잡화 > 벨트 > 남녀공용캐주얼벨트
쿠팡,C004258,선글라스,C004216,4,패션의류잡화 > 유니섹스/남녀공용 패션 > 공용 잡화 > 선글라스
쿠팡,C004257,남녀공용스포츠선글라스,C004258,5,패션의류잡화 > 유니섹스/남녀공용 패션 > 공용 잡화 > 선글라스 > 남녀공용스포츠선글라스
쿠팡,C004259,남녀공용패션선글라스,C004258,5,패션의류잡화 > 유니섹스/남녀공용 패션 > 공용 잡화 > 선글라스 > 남녀공용패션선글라스
쿠팡,C004261,안경테,C004216,4,패션의류잡화 > 유니섹스/남녀공용 패션 > 공용 잡화 > 안경테
쿠팡,C004260,남녀공용무테,C004261,5,패션의류잡화 > 유니섹스/남녀공용 패션 > 공용 잡화 > 안경테 > 남녀공용무테
쿠팡,C004262,남녀공용반무테,C004261,5,패션의류잡화 > 유니섹스/남녀공용 패션 > 공용 잡화 > 안경테 > 남녀공용반무테
쿠팡,C004263,남녀공용뿔테,C004261,5,패션의류잡화 > 유니섹스/남녀공용 패션 > 공용 잡화 > 안경테 > 남녀공용뿔테
쿠팡,C004264,남녀공용실테(금속테),C004261,5,패션의류잡화 > 유니섹스/남녀공용 패션 > 공용 잡화 > 안경테 > 남녀공용실테(금속테)
쿠팡,C004266,양말,C004216,4,패션의류잡화 > 유니섹스/남녀공용 패션 > 공용 잡화 > 양말
쿠팡,C004265,남녀공용덧신,C004266,5,패션의류잡화 > 유니섹스/남녀공용 패션 > 공용 잡화 > 양말 > 남녀공용덧신
쿠팡,C004267,남녀공용레그워머,C004266,5,패션의류잡화 > 유니섹스/남녀공용 패션 > 공용 잡화 > 양말 > 남녀공용레그워머
쿠팡,C004268,남녀공용무릎양말(니삭스),C004266,5,패션의류잡화 > 유니섹스/남녀공용 패션 > 공용 잡화 > 양말 > 남녀공용무릎양말(니삭스)
쿠팡,C004269,남녀공용발가락/향균 양말,C004266,5,패션의류잡화 > 유니섹스/남녀공용 패션 > 공용 잡화 > 양말 > 남녀공용발가락/향균 양말
쿠팡,C004270,남녀공용발목양말,C004266,5,패션의류잡화 > 유니섹스/남녀공용 패션 > 공용 잡화 > 양말 > 남녀공용발목양말
쿠팡,C004271,남녀공용수면양말,C004266,5,패션의류잡화 > 유니섹스/남녀공용 패션 > 공용 잡화 > 양말 > 남녀공용수면양말
쿠팡,C004272,남녀공용스니커즈 양말,C004266,5,패션의류잡화 > 유니섹스/남녀공용 패션 > 공용 잡화 > 양말 > 남녀공용스니커즈 양말
쿠팡,C004273,남녀공용양말세트,C004266,5,패션의류잡화 > 유니섹스/남녀공용 패션 > 공용 잡화 > 양말 > 남녀공용양말세트
쿠팡,C004275,여행용가방,C004216,4,패션의류잡화 > 유니섹스/남녀공용 패션 > 공용 잡화 > 여행용가방
쿠팡,C004274,보스톤가방,C004275,5,패션의류잡화 > 유니섹스/남녀공용 패션 > 공용 잡화 > 여행용가방 > 보스톤가방
쿠팡,C004276,이민/유학용가방,C004275,5,패션의류잡화 > 유니섹스/남녀공용 패션 > 공용 잡화 > 여행용가방 > 이민/유학용가방
쿠팡,C004277,휴대용/보조가방,C004275,5,패션의류잡화 > 유니섹스/남녀공용 패션 > 공용 잡화 > 여행용가방 > 휴대용/보조가방
쿠팡,C004279,여행파우치/소품,C004216,4,패션의류잡화 > 유니섹스/남녀공용 패션 > 공용 잡화 > 여행파우치/소품
쿠팡,C004278,네임택,C004279,5,패션의류잡화 > 유니섹스/남녀공용 패션 > 공용 잡화 > 여행파우치/소품 > 네임택
쿠팡,C004280,목베개,C004279,5,패션의류잡화 > 유니섹스/남녀공용 패션 > 공용 잡화 > 여행파우치/소품 > 목베개
쿠팡,C004281,복대/힙색,C004279,5,패션의류잡화 > 유니섹스/남녀공용 패션 > 공용 잡화 > 여행파우치/소품 > 복대/힙색
쿠팡,C004282,신발파우치,C004279,5,패션의류잡화 > 유니섹스/남녀공용 패션 > 공용 잡화 > 여행파우치/소품 > 신발파우치
쿠팡,C004283,안대,C004279,5,패션의류잡화 > 유니섹스/남녀공용 패션 > 공용 잡화 > 여행파우치/소품 > 안대
쿠팡,C004284,여권케이스,C004279,5,패션의류잡화 > 유니섹스/남녀공용 패션 > 공용 잡화 > 여행파우치/소품 > 여권케이스
쿠팡,C004285,워시백/세면백,C004279,5,패션의류잡화 > 유니섹스/남녀공용 패션 > 공용 잡화 > 여행파우치/소품 > 워시백/세면백
쿠팡,C004286,의류/속옷파우치,C004279,5,패션의류잡화 > 유니섹스/남녀공용 패션 > 공용 잡화 > 여행파우치/소품 > 의류/속옷파우치
쿠팡,C004287,자물쇠,C004279,5,패션의류잡화 > 유니섹스/남녀공용 패션 > 공용 잡화 > 여행파우치/소품 > 자물쇠
쿠팡,C004288,잠금벨트,C004279,5,패션의류잡화 > 유니섹스/남녀공용 패션 > 공용 잡화 > 여행파우치/소품 > 잠금벨트
쿠팡,C004289,캐리어커버,C004279,5,패션의류잡화 > 유니섹스/남녀공용 패션 > 공용 잡화 > 여행파우치/소품 > 캐리어커버
쿠팡,C004290,파우치세트,C004279,5,패션의류잡화 > 유니섹스/남녀공용 패션 > 공용 잡화 > 여행파우치/소품 > 파우치세트
쿠팡,C004292,우산,C004216,4,패션의류잡화 > 유니섹스/남녀공용 패션 > 공용 잡화 > 우산
쿠팡,C004291,남녀공용2단우산,C004292,5,패션의류잡화 > 유니섹스/남녀공용 패션 > 공용 잡화 > 우산 > 남녀공용2단우산
쿠팡,C004293,남녀공용3단우산,C004292,5,패션의류잡화 > 유니섹스/남녀공용 패션 > 공용 잡화 > 우산 > 남녀공용3단우산
쿠팡,C004294,남녀공용4단우산,C004292,5,패션의류잡화 > 유니섹스/남녀공용 패션 > 공용 잡화 > 우산 > 남녀공용4단우산
쿠팡,C004295,남녀공용5단우산,C004292,5,패션의류잡화 > 유니섹스/남녀공용 패션 > 공용 잡화 > 우산 > 남녀공용5단우산
쿠팡,C004296,남녀공용장우산,C004292,5,패션의류잡화 > 유니섹스/남녀공용 패션 > 공용 잡화 > 우산 > 남녀공용장우산
쿠팡,C004298,장갑,C004216,4,패션의류잡화 > 유니섹스/남녀공용 패션 > 공용 잡화 > 장갑
쿠팡,C004297,남녀공용가죽장갑,C004298,5,패션의류잡화 > 유니섹스/남녀공용 패션 > 공용 잡화 > 장갑 > 남녀공용가죽장갑
쿠팡,C004299,남녀공용니트장갑,C004298,5,패션의류잡화 > 유니섹스/남녀공용 패션 > 공용 잡화 > 장갑 > 남녀공용니트장갑
쿠팡,C004300,남녀공용모직장갑,C004298,5,패션의류잡화 > 유니섹스/남녀공용 패션 > 공용 잡화 > 장갑 > 남녀공용모직장갑
쿠팡,C004301,남녀공용스웨이드장갑,C004298,5,패션의류잡화 > 유니섹스/남녀공용 패션 > 공용 잡화 > 장갑 > 남녀공용스웨이드장갑
쿠팡,C004302,남녀공용암워머,C004298,5,패션의류잡화 > 유니섹스/남녀공용 패션 > 공용 잡화 > 장갑 > 남녀공용암워머
쿠팡,C004303,남녀공용쿨토시,C004298,5,패션의류잡화 > 유니섹스/남녀공용 패션 > 공용 잡화 > 장갑 > 남녀공용쿨토시
쿠팡,C004304,남녀공용패딩/방한장갑,C004298,5,패션의류잡화 > 유니섹스/남녀공용 패션 > 공용 잡화 > 장갑 > 남녀공용패딩/방한장갑
쿠팡,C004306,지갑,C004216,4,패션의류잡화 > 유니섹스/남녀공용 패션 > 공용 잡화 > 지갑
쿠팡,C004305,남녀공용동전지갑,C004306,5,패션의류잡화 > 유니섹스/남녀공용 패션 > 공용 잡화 > 지갑 > 남녀공용동전지갑
쿠팡,C004307,남녀공용머니클립,C004306,5,패션의류잡화 > 유니섹스/남녀공용 패션 > 공용 잡화 > 지갑 > 남녀공용머니클립
쿠팡,C004308,남녀공용반지갑,C004306,5,패션의류잡화 > 유니섹스/남녀공용 패션 > 공용 잡화 > 지갑 > 남녀공용반지갑
쿠팡,C004309,남녀공용스마트폰카드지갑,C004306,5,패션의류잡화 > 유니섹스/남녀공용 패션 > 공용 잡화 > 지갑 > 남녀공용스마트폰카드지갑
쿠팡,C004310,남녀공용장지갑,C004306,5,패션의류잡화 > 유니섹스/남녀공용 패션 > 공용 잡화 > 지갑 > 남녀공용장지갑
쿠팡,C004311,남녀공용중지갑,C004306,5,패션의류잡화 > 유니섹스/남녀공용 패션 > 공용 잡화 > 지갑 > 남녀공용중지갑
쿠팡,C004312,남녀공용지갑/벨트 세트,C004306,5,패션의류잡화 > 유니섹스/남녀공용 패션 > 공용 잡화 > 지갑 > 남녀공용지갑/벨트 세트
쿠팡,C004313,남녀공용카드/명함지갑,C004306,5,패션의류잡화 > 유니섹스/남녀공용 패션 > 공용 잡화 > 지갑 > 남녀공용카드/명함지갑
쿠팡,C004314,남녀공용카드목걸이,C004306,5,패션의류잡화 > 유니섹스/남녀공용 패션 > 공용 잡화 > 지갑 > 남녀공용카드목걸이
쿠팡,C004315,남녀공용키지갑/키홀더,C004306,5,패션의류잡화 > 유니섹스/남녀공용 패션 > 공용 잡화 > 지갑 > 남녀공용키지갑/키홀더
쿠팡,C004316,남녀공용통장지갑,C004306,5,패션의류잡화 > 유니섹스/남녀공용 패션 > 공용 잡화 > 지갑 > 남녀공용통장지갑
쿠팡,C004318,캐리어,C004216,4,패션의류잡화 > 유니섹스/남녀공용 패션 > 공용 잡화 > 캐리어
쿠팡,C004317,기내용 캐리어_소프트,C004318,5,패션의류잡화 > 유니섹스/남녀공용 패션 > 공용 잡화 > 캐리어 > 기내용 캐리어_소프트
쿠팡,C004319,기내용 캐리어_하드,C004318,5,패션의류잡화 > 유니섹스/남녀공용 패션 > 공용 잡화 > 캐리어 > 기내용 캐리어_하드
쿠팡,C004320,중/대형 캐리어_소프트,C004318,5,패션의류잡화 > 유니섹스/남녀공용 패션 > 공용 잡화 > 캐리어 > 중/대형 캐리어_소프트
쿠팡,C004321,중/대형 캐리어_하드,C004318,5,패션의류잡화 > 유니섹스/남녀공용 패션 > 공용 잡화 > 캐리어 > 중/대형 캐리어_하드
쿠팡,C004322,캐리어세트_소프트,C004318,5,패션의류잡화 > 유니섹스/남녀공용 패션 > 공용 잡화 > 캐리어 > 캐리어세트_소프트
쿠팡,C004323,캐리어세트_하드,C004318,5,패션의류잡화 > 유니섹스/남녀공용 패션 > 공용 잡화 > 캐리어 > 캐리어세트_하드
쿠팡,C004325,케이스/렌즈소품/기타,C004216,4,패션의류잡화 > 유니섹스/남녀공용 패션 > 공용 잡화 > 케이스/렌즈소품/기타
쿠팡,C004324,공용 코받침,C004325,5,패션의류잡화 > 유니섹스/남녀공용 패션 > 공용 잡화 > 케이스/렌즈소품/기타 > 공용 코받침
쿠팡,C004326,남녀공용안경줄,C004325,5,패션의류잡화 > 유니섹스/남녀공용 패션 > 공용 잡화 > 케이스/렌즈소품/기타 > 남녀공용안경줄
쿠팡,C004327,남녀공용케이스/렌즈소품,C004325,5,패션의류잡화 > 유니섹스/남녀공용 패션 > 공용 잡화 > 케이스/렌즈소품/기타 > 남녀공용케이스/렌즈소품
쿠팡,C004328,패션마스크,C004216,4,패션의류잡화 > 유니섹스/남녀공용 패션 > 공용 잡화 > 패션마스크
쿠팡,C004330,헤어액세서리,C004216,4,패션의류잡화 > 유니섹스/남녀공용 패션 > 공용 잡화 > 헤어액세서리
쿠팡,C004329,남녀공용머리끈,C004330,5,패션의류잡화 > 유니섹스/남녀공용 패션 > 공용 잡화 > 헤어액세서리 > 남녀공용머리끈
쿠팡,C004331,남녀공용머리핀,C004330,5,패션의류잡화 > 유니섹스/남녀공용 패션 > 공용 잡화 > 헤어액세서리 > 남녀공용머리핀
쿠팡,C004332,남녀공용헤어밴드,C004330,5,패션의류잡화 > 유니섹스/남녀공용 패션 > 공용 잡화 > 헤어액세서리 > 남녀공용헤어밴드
쿠팡,C004333,남녀공용헤어집게,C004330,5,패션의류잡화 > 유니섹스/남녀공용 패션 > 공용 잡화 > 헤어액세서리 > 남녀공용헤어집게
쿠팡,C004336,공용 쥬얼리,C004200,3,패션의류잡화 > 유니섹스/남녀공용 패션 > 공용 쥬얼리
쿠팡,C004335,DIY재료/비즈/원석,C004336,4,패션의류잡화 > 유니섹스/남녀공용 패션 > 공용 쥬얼리 > DIY재료/비즈/원석
쿠팡,C004334,DIY재료,C004335,5,패션의류잡화 > 유니섹스/남녀공용 패션 > 공용 쥬얼리 > DIY재료/비즈/원석 > DIY재료
쿠팡,C004337,비즈,C004335,5,패션의류잡화 > 유니섹스/남녀공용 패션 > 공용 쥬얼리 > DIY재료/비즈/원석 > 비즈
쿠팡,C004338,원석,C004335,5,패션의류잡화 > 유니섹스/남녀공용 패션 > 공용 쥬얼리 > DIY재료/비즈/원석 > 원석
쿠팡,C004340,귀걸이,C004336,4,패션의류잡화 > 유니섹스/남녀공용 패션 > 공용 쥬얼리 > 귀걸이
쿠팡,C004339,남녀공용골드(화이트/로즈골드) 귀걸이,C004340,5,패션의류잡화 > 유니섹스/남녀공용 패션 > 공용 쥬얼리 > 귀걸이 > 남녀공용골드(화이트/로즈골드) 귀걸이
쿠팡,C004341,남녀공용다이아몬드 귀걸이,C004340,5,패션의류잡화 > 유니섹스/남녀공용 패션 > 공용 쥬얼리 > 귀걸이 > 남녀공용다이아몬드 귀걸이
쿠팡,C004342,남녀공용실버귀걸이,C004340,5,패션의류잡화 > 유니섹스/남녀공용 패션 > 공용 쥬얼리 > 귀걸이 > 남녀공용실버귀걸이
쿠팡,C004343,남녀공용유색/보석 귀걸이,C004340,5,패션의류잡화 > 유니섹스/남녀공용 패션 > 공용 쥬얼리 > 귀걸이 > 남녀공용유색/보석 귀걸이
쿠팡,C004344,남녀공용패션귀걸이,C004340,5,패션의류잡화 > 유니섹스/남녀공용 패션 > 공용 쥬얼리 > 귀걸이 > 남녀공용패션귀걸이
쿠팡,C004345,남녀공용커플링,C004336,4,패션의류잡화 > 유니섹스/남녀공용 패션 > 공용 쥬얼리 > 남녀공용커플링
쿠팡,C004346,남녀공용피어싱,C004336,4,패션의류잡화 > 유니섹스/남녀공용 패션 > 공용 쥬얼리 > 남녀공용피어싱
쿠팡,C004348,목걸이/팬던트,C004336,4,패션의류잡화 > 유니섹스/남녀공용 패션 > 공용 쥬얼리 > 목걸이/팬던트
쿠팡,C004347,남녀공용골드(화이트/로즈골드) 목걸이,C004348,5,패션의류잡화 > 유니섹스/남녀공용 패션 > 공용 쥬얼리 > 목걸이/팬던트 > 남녀공용골드(화이트/로즈골드) 목걸이
쿠팡,C004349,남녀공용실버목걸이,C004348,5,패션의류잡화 > 유니섹스/남녀공용 패션 > 공용 쥬얼리 > 목걸이/팬던트 > 남녀공용실버목걸이
쿠팡,C004350,남녀공용유색/보석 목걸이,C004348,5,패션의류잡화 > 유니섹스/남녀공용 패션 > 공용 쥬얼리 > 목걸이/팬던트 > 남녀공용유색/보석 목걸이
쿠팡,C004351,남녀공용패션목걸이,C004348,5,패션의류잡화 > 유니섹스/남녀공용 패션 > 공용 쥬얼리 > 목걸이/팬던트 > 남녀공용패션목걸이
쿠팡,C004352,남녀공용팬던트(진주/보석/이니셜),C004348,5,패션의류잡화 > 유니섹스/남녀공용 패션 > 공용 쥬얼리 > 목걸이/팬던트 > 남녀공용팬던트(진주/보석/이니셜)
쿠팡,C004354,반지,C004336,4,패션의류잡화 > 유니섹스/남녀공용 패션 > 공용 쥬얼리 > 반지
쿠팡,C004353,남녀공용골드(화이트/로즈골드) 반지,C004354,5,패션의류잡화 > 유니섹스/남녀공용 패션 > 공용 쥬얼리 > 반지 > 남녀공용골드(화이트/로즈골드) 반지
쿠팡,C004355,남녀공용다이아몬드 반지,C004354,5,패션의류잡화 > 유니섹스/남녀공용 패션 > 공용 쥬얼리 > 반지 > 남녀공용다이아몬드 반지
쿠팡,C004356,남녀공용실버반지,C004354,5,패션의류잡화 > 유니섹스/남녀공용 패션 > 공용 쥬얼리 > 반지 > 남녀공용실버반지
쿠팡,C004357,남녀공용유색/보석 반지,C004354,5,패션의류잡화 > 유니섹스/남녀공용 패션 > 공용 쥬얼리 > 반지 > 남녀공용유색/보석 반지
쿠팡,C004358,남녀공용패션반지,C004354,5,패션의류잡화 > 유니섹스/남녀공용 패션 > 공용 쥬얼리 > 반지 > 남녀공용패션반지
쿠팡,C004360,브로치/와펜,C004336,4,패션의류잡화 > 유니섹스/남녀공용 패션 > 공용 쥬얼리 > 브로치/와펜
쿠팡,C004359,남녀공용와펜,C004360,5,패션의류잡화 > 유니섹스/남녀공용 패션 > 공용 쥬얼리 > 브로치/와펜 > 남녀공용와펜
쿠팡,C004361,남녀공용카네이션 브로치,C004360,5,패션의류잡화 > 유니섹스/남녀공용 패션 > 공용 쥬얼리 > 브로치/와펜 > 남녀공용카네이션 브로치
쿠팡,C004363,순금/골드바/돌반지,C004336,4,패션의류잡화 > 유니섹스/남녀공용 패션 > 공용 쥬얼리 > 순금/골드바/돌반지
쿠팡,C004362,골드바,C004363,5,패션의류잡화 > 유니섹스/남녀공용 패션 > 공용 쥬얼리 > 순금/골드바/돌반지 > 골드바
쿠팡,C004364,금수저,C004363,5,패션의류잡화 > 유니섹스/남녀공용 패션 > 공용 쥬얼리 > 순금/골드바/돌반지 > 금수저
쿠팡,C004365,돌반지/돌팔찌,C004363,5,패션의류잡화 > 유니섹스/남녀공용 패션 > 공용 쥬얼리 > 순금/골드바/돌반지 > 돌반지/돌팔찌
쿠팡,C004366,순금제품기타,C004363,5,패션의류잡화 > 유니섹스/남녀공용 패션 > 공용 쥬얼리 > 순금/골드바/돌반지 > 순금제품기타
쿠팡,C004367,순금주얼리,C004363,5,패션의류잡화 > 유니섹스/남녀공용 패션 > 공용 쥬얼리 > 순금/골드바/돌반지 > 순금주얼리
쿠팡,C004368,실버바,C004363,5,패션의류잡화 > 유니섹스/남녀공용 패션 > 공용 쥬얼리 > 순금/골드바/돌반지 > 실버바
쿠팡,C004370,쥬얼리 박스/세척제/기타,C004336,4,패션의류잡화 > 유니섹스/남녀공용 패션 > 공용 쥬얼리 > 쥬얼리 박스/세척제/기타
쿠팡,C004369,광택제,C004370,5,패션의류잡화 > 유니섹스/남녀공용 패션 > 공용 쥬얼리 > 쥬얼리 박스/세척제/기타 > 광택제
쿠팡,C004371,기타,C004370,5,패션의류잡화 > 유니섹스/남녀공용 패션 > 공용 쥬얼리 > 쥬얼리 박스/세척제/기타 > 기타
쿠팡,C004372,세척액,C004370,5,패션의류잡화 > 유니섹스/남녀공용 패션 > 공용 쥬얼리 > 쥬얼리 박스/세척제/기타 > 세척액
쿠팡,C004373,쥬얼리박스/보석함,C004370,5,패션의류잡화 > 유니섹스/남녀공용 패션 > 공용 쥬얼리 > 쥬얼리 박스/세척제/기타 > 쥬얼리박스/보석함
쿠팡,C004374,쥬얼리진열대,C004370,5,패션의류잡화 > 유니섹스/남녀공용 패션 > 공용 쥬얼리 > 쥬얼리 박스/세척제/기타 > 쥬얼리진열대
쿠팡,C004376,팔찌/발찌,C004336,4,패션의류잡화 > 유니섹스/남녀공용 패션 > 공용 쥬얼리 > 팔찌/발찌
쿠팡,C004375,남녀공용골드(화이트/로즈골드) 발찌,C004376,5,패션의류잡화 > 유니섹스/남녀공용 패션 > 공용 쥬얼리 > 팔찌/발찌 > 남녀공용골드(화이트/로즈골드) 발찌
쿠팡,C004377,남녀공용골드(화이트/로즈골드) 팔찌,C004376,5,패션의류잡화 > 유니섹스/남녀공용 패션 > 공용 쥬얼리 > 팔찌/발찌 > 남녀공용골드(화이트/로즈골드) 팔찌
쿠팡,C004378,남녀공용실버 발찌,C004376,5,패션의류잡화 > 유니섹스/남녀공용 패션 > 공용 쥬얼리 > 팔찌/발찌 > 남녀공용실버 발찌
쿠팡,C004379,남녀공용실버 팔찌,C004376,5,패션의류잡화 > 유니섹스/남녀공용 패션 > 공용 쥬얼리 > 팔찌/발찌 > 남녀공용실버 팔찌
쿠팡,C004380,남녀공용유색/보석 팔찌,C004376,5,패션의류잡화 > 유니섹스/남녀공용 패션 > 공용 쥬얼리 > 팔찌/발찌 > 남녀공용유색/보석 팔찌
쿠팡,C004381,남녀공용패션 팔찌,C004376,5,패션의류잡화 > 유니섹스/남녀공용 패션 > 공용 쥬얼리 > 팔찌/발찌 > 남녀공용패션 팔찌
쿠팡,C004382,남녀공용패션발찌,C004376,5,패션의류잡화 > 유니섹스/남녀공용 패션 > 공용 쥬얼리 > 팔찌/발찌 > 남녀공용패션발찌
쿠팡,C004385,공용화,C004200,3,패션의류잡화 > 유니섹스/남녀공용 패션 > 공용화
쿠팡,C004384,구두/신발 관리용품,C004385,4,패션의류잡화 > 유니섹스/남녀공용 패션 > 공용화 > 구두/신발 관리용품
쿠팡,C004383,가죽염색제,C004384,5,패션의류잡화 > 유니섹스/남녀공용 패션 > 공용화 > 구두/신발 관리용품 > 가죽염색제
쿠팡,C004386,가죽케어크림/클리너,C004384,5,패션의류잡화 > 유니섹스/남녀공용 패션 > 공용화 > 구두/신발 관리용품 > 가죽케어크림/클리너
쿠팡,C004387,구두약,C004384,5,패션의류잡화 > 유니섹스/남녀공용 패션 > 공용화 > 구두/신발 관리용품 > 구두약
쿠팡,C004388,방수스프레이,C004384,5,패션의류잡화 > 유니섹스/남녀공용 패션 > 공용화 > 구두/신발 관리용품 > 방수스프레이
쿠팡,C004389,부츠키퍼,C004384,5,패션의류잡화 > 유니섹스/남녀공용 패션 > 공용화 > 구두/신발 관리용품 > 부츠키퍼
쿠팡,C004390,브러쉬,C004384,5,패션의류잡화 > 유니섹스/남녀공용 패션 > 공용화 > 구두/신발 관리용품 > 브러쉬
쿠팡,C004391,슈트리,C004384,5,패션의류잡화 > 유니섹스/남녀공용 패션 > 공용화 > 구두/신발 관리용품 > 슈트리
쿠팡,C004392,스웨이드 클리너,C004384,5,패션의류잡화 > 유니섹스/남녀공용 패션 > 공용화 > 구두/신발 관리용품 > 스웨이드 클리너
쿠팡,C004393,스펀지,C004384,5,패션의류잡화 > 유니섹스/남녀공용 패션 > 공용화 > 구두/신발 관리용품 > 스펀지
쿠팡,C004394,탈취제,C004384,5,패션의류잡화 > 유니섹스/남녀공용 패션 > 공용화 > 구두/신발 관리용품 > 탈취제
쿠팡,C004396,기능화,C004385,4,패션의류잡화 > 유니섹스/남녀공용 패션 > 공용화 > 기능화
쿠팡,C004395,남녀공용간호사화/유니폼화,C004396,5,패션의류잡화 > 유니섹스/남녀공용 패션 > 공용화 > 기능화 > 남녀공용간호사화/유니폼화
쿠팡,C004397,남녀공용건강워킹화,C004396,5,패션의류잡화 > 유니섹스/남녀공용 패션 > 공용화 > 기능화 > 남녀공용건강워킹화
쿠팡,C004398,남녀공용고무/작업용장화,C004396,5,패션의류잡화 > 유니섹스/남녀공용 패션 > 공용화 > 기능화 > 남녀공용고무/작업용장화
쿠팡,C004399,남녀공용고무신,C004396,5,패션의류잡화 > 유니섹스/남녀공용 패션 > 공용화 > 기능화 > 남녀공용고무신
쿠팡,C004400,남녀공용안전화/작업화,C004396,5,패션의류잡화 > 유니섹스/남녀공용 패션 > 공용화 > 기능화 > 남녀공용안전화/작업화
쿠팡,C004401,남녀공용컴포트화/효도화,C004396,5,패션의류잡화 > 유니섹스/남녀공용 패션 > 공용화 > 기능화 > 남녀공용컴포트화/효도화
쿠팡,C004403,깔창/쿠션패드,C004385,4,패션의류잡화 > 유니섹스/남녀공용 패션 > 공용화 > 깔창/쿠션패드
쿠팡,C004402,일반 깔창,C004403,5,패션의류잡화 > 유니섹스/남녀공용 패션 > 공용화 > 깔창/쿠션패드 > 일반 깔창
쿠팡,C004404,쿠션패드,C004403,5,패션의류잡화 > 유니섹스/남녀공용 패션 > 공용화 > 깔창/쿠션패드 > 쿠션패드
쿠팡,C004405,키높이깔창,C004403,5,패션의류잡화 > 유니섹스/남녀공용 패션 > 공용화 > 깔창/쿠션패드 > 키높이깔창
쿠팡,C004406,남녀공용스니커즈,C004385,4,패션의류잡화 > 유니섹스/남녀공용 패션 > 공용화 > 남녀공용스니커즈
쿠팡,C004407,남녀공용슬립온,C004385,4,패션의류잡화 > 유니섹스/남녀공용 패션 > 공용화 > 남녀공용슬립온
쿠팡,C004409,로퍼/보트슈즈/웰트화,C004385,4,패션의류잡화 > 유니섹스/남녀공용 패션 > 공용화 > 로퍼/보트슈즈/웰트화
쿠팡,C004408,남녀공용로퍼,C004409,5,패션의류잡화 > 유니섹스/남녀공용 패션 > 공용화 > 로퍼/보트슈즈/웰트화 > 남녀공용로퍼
쿠팡,C004410,남녀공용모카신/털단화,C004409,5,패션의류잡화 > 유니섹스/남녀공용 패션 > 공용화 > 로퍼/보트슈즈/웰트화 > 남녀공용모카신/털단화
쿠팡,C004411,남녀공용보트슈즈,C004409,5,패션의류잡화 > 유니섹스/남녀공용 패션 > 공용화 > 로퍼/보트슈즈/웰트화 > 남녀공용보트슈즈
쿠팡,C004412,남녀공용웰트화,C004409,5,패션의류잡화 > 유니섹스/남녀공용 패션 > 공용화 > 로퍼/보트슈즈/웰트화 > 남녀공용웰트화
쿠팡,C004414,샌들,C004385,4,패션의류잡화 > 유니섹스/남녀공용 패션 > 공용화 > 샌들
쿠팡,C004413,남녀공용 스포츠샌들,C004414,5,패션의류잡화 > 유니섹스/남녀공용 패션 > 공용화 > 샌들 > 남녀공용 스포츠샌들
쿠팡,C004415,남녀공용 캐주얼샌들,C004414,5,패션의류잡화 > 유니섹스/남녀공용 패션 > 공용화 > 샌들 > 남녀공용 캐주얼샌들
쿠팡,C004416,남녀공용젤리슈즈,C004414,5,패션의류잡화 > 유니섹스/남녀공용 패션 > 공용화 > 샌들 > 남녀공용젤리슈즈
쿠팡,C004418,슬리퍼/쪼리,C004385,4,패션의류잡화 > 유니섹스/남녀공용 패션 > 공용화 > 슬리퍼/쪼리
쿠팡,C004417,남녀공용일반/사무용슬리퍼,C004418,5,패션의류잡화 > 유니섹스/남녀공용 패션 > 공용화 > 슬리퍼/쪼리 > 남녀공용일반/사무용슬리퍼
쿠팡,C004419,남녀공용쪼리,C004418,5,패션의류잡화 > 유니섹스/남녀공용 패션 > 공용화 > 슬리퍼/쪼리 > 남녀공용쪼리
쿠팡,C004420,신발끈,C004385,4,패션의류잡화 > 유니섹스/남녀공용 패션 > 공용화 > 신발끈
쿠팡,C004422,실내화/슬리퍼,C004385,4,패션의류잡화 > 유니섹스/남녀공용 패션 > 공용화 > 실내화/슬리퍼
쿠팡,C004421,남녀공용다이어트/지압슬리퍼,C004422,5,패션의류잡화 > 유니섹스/남녀공용 패션 > 공용화 > 실내화/슬리퍼 > 남녀공용다이어트/지압슬리퍼
쿠팡,C004423,남녀공용털실내화/슬리퍼,C004422,5,패션의류잡화 > 유니섹스/남녀공용 패션 > 공용화 > 실내화/슬리퍼 > 남녀공용털실내화/슬리퍼
쿠팡,C004424,남녀공용학생용실내화,C004422,5,패션의류잡화 > 유니섹스/남녀공용 패션 > 공용화 > 실내화/슬리퍼 > 남녀공용학생용실내화
쿠팡,C004426,운동화/스니커즈,C004385,4,패션의류잡화 > 유니섹스/남녀공용 패션 > 공용화 > 운동화/스니커즈
쿠팡,C004425,남녀공용 런닝화,C004426,5,패션의류잡화 > 유니섹스/남녀공용 패션 > 공용화 > 운동화/스니커즈 > 남녀공용 런닝화
쿠팡,C004427,남녀공용패션운동화,C004426,5,패션의류잡화 > 유니섹스/남녀공용 패션 > 공용화 > 운동화/스니커즈 > 남녀공용패션운동화
쿠팡,C004428,남녀공용패션하이탑,C004426,5,패션의류잡화 > 유니섹스/남녀공용 패션 > 공용화 > 운동화/스니커즈 > 남녀공용패션하이탑
쿠팡,C004430,워커/부츠/방한화,C004385,4,패션의류잡화 > 유니섹스/남녀공용 패션 > 공용화 > 워커/부츠/방한화
쿠팡,C004429,남녀공용 패딩/방한화,C004430,5,패션의류잡화 > 유니섹스/남녀공용 패션 > 공용화 > 워커/부츠/방한화 > 남녀공용 패딩/방한화
쿠팡,C004431,남녀공용부츠,C004430,5,패션의류잡화 > 유니섹스/남녀공용 패션 > 공용화 > 워커/부츠/방한화 > 남녀공용부츠
쿠팡,C004432,남녀공용워커,C004430,5,패션의류잡화 > 유니섹스/남녀공용 패션 > 공용화 > 워커/부츠/방한화 > 남녀공용워커
쿠팡,C004434,내의/잠옷,C004200,3,패션의류잡화 > 유니섹스/남녀공용 패션 > 내의/잠옷
쿠팡,C004433,공용 니플커버 외 속옷 부속품,C004434,4,패션의류잡화 > 유니섹스/남녀공용 패션 > 내의/잠옷 > 공용 니플커버 외 속옷 부속품
쿠팡,C004435,공용 목욕가운,C004434,4,패션의류잡화 > 유니섹스/남녀공용 패션 > 내의/잠옷 > 공용 목욕가운
쿠팡,C004437,잠옷,C004434,4,패션의류잡화 > 유니섹스/남녀공용 패션 > 내의/잠옷 > 잠옷
쿠팡,C004436,공용 상의,C004437,5,패션의류잡화 > 유니섹스/남녀공용 패션 > 내의/잠옷 > 잠옷 > 공용 상의
쿠팡,C004438,공용 상하의 세트,C004437,5,패션의류잡화 > 유니섹스/남녀공용 패션 > 내의/잠옷 > 잠옷 > 공용 상하의 세트
쿠팡,C004439,공용 하의,C004437,5,패션의류잡화 > 유니섹스/남녀공용 패션 > 내의/잠옷 > 잠옷 > 공용 하의
쿠팡,C004441,커플룩/패밀리룩,C004434,4,패션의류잡화 > 유니섹스/남녀공용 패션 > 내의/잠옷 > 커플룩/패밀리룩
쿠팡,C004440,커플 속옷,C004441,5,패션의류잡화 > 유니섹스/남녀공용 패션 > 내의/잠옷 > 커플룩/패밀리룩 > 커플 속옷
쿠팡,C004442,커플 잠옷,C004441,5,패션의류잡화 > 유니섹스/남녀공용 패션 > 내의/잠옷 > 커플룩/패밀리룩 > 커플 잠옷
쿠팡,C004444,래쉬가드,C004200,3,패션의류잡화 > 유니섹스/남녀공용 패션 > 래쉬가드
쿠팡,C004443,공용 래쉬가드 상의,C004444,4,패션의류잡화 > 유니섹스/남녀공용 패션 > 래쉬가드 > 공용 래쉬가드 상의
쿠팡,C004445,공용 래쉬가드 세트,C004444,4,패션의류잡화 > 유니섹스/남녀공용 패션 > 래쉬가드 > 공용 래쉬가드 세트
쿠팡,C004446,공용 방수 반바지,C004444,4,패션의류잡화 > 유니섹스/남녀공용 패션 > 래쉬가드 > 공용 방수 반바지
쿠팡,C004447,공용 워터레깅스(긴바지),C004444,4,패션의류잡화 > 유니섹스/남녀공용 패션 > 래쉬가드 > 공용 워터레깅스(긴바지)
쿠팡,C004449,빅사이즈 의류,C004200,3,패션의류잡화 > 유니섹스/남녀공용 패션 > 빅사이즈 의류
쿠팡,C004448,공용 맨투맨,C004449,4,패션의류잡화 > 유니섹스/남녀공용 패션 > 빅사이즈 의류 > 공용 맨투맨
쿠팡,C004450,공용 베스트/조끼,C004449,4,패션의류잡화 > 유니섹스/남녀공용 패션 > 빅사이즈 의류 > 공용 베스트/조끼
쿠팡,C004451,공용 캐주얼 셔츠,C004449,4,패션의류잡화 > 유니섹스/남녀공용 패션 > 빅사이즈 의류 > 공용 캐주얼 셔츠
쿠팡,C004452,공용 후드집업/집업류,C004449,4,패션의류잡화 > 유니섹스/남녀공용 패션 > 빅사이즈 의류 > 공용 후드집업/집업류
쿠팡,C004453,공용 후드티,C004449,4,패션의류잡화 > 유니섹스/남녀공용 패션 > 빅사이즈 의류 > 공용 후드티
쿠팡,C004455,바지,C004449,4,패션의류잡화 > 유니섹스/남녀공용 패션 > 빅사이즈 의류 > 바지
쿠팡,C004454,공용 긴바지,C004455,5,패션의류잡화 > 유니섹스/남녀공용 패션 > 빅사이즈 의류 > 바지 > 공용 긴바지
쿠팡,C004456,공용 반바지,C004455,5,패션의류잡화 > 유니섹스/남녀공용 패션 > 빅사이즈 의류 > 바지 > 공용 반바지
쿠팡,C004458,점퍼,C004449,4,패션의류잡화 > 유니섹스/남녀공용 패션 > 빅사이즈 의류 > 점퍼
쿠팡,C004457,공용 기타 점퍼류,C004458,5,패션의류잡화 > 유니섹스/남녀공용 패션 > 빅사이즈 의류 > 점퍼 > 공용 기타 점퍼류
쿠팡,C004459,공용 바람막이 점퍼,C004458,5,패션의류잡화 > 유니섹스/남녀공용 패션 > 빅사이즈 의류 > 점퍼 > 공용 바람막이 점퍼
쿠팡,C004460,공용 야구점퍼/스타디움,C004458,5,패션의류잡화 > 유니섹스/남녀공용 패션 > 빅사이즈 의류 > 점퍼 > 공용 야구점퍼/스타디움
쿠팡,C004461,공용 야상/사파리,C004458,5,패션의류잡화 > 유니섹스/남녀공용 패션 > 빅사이즈 의류 > 점퍼 > 공용 야상/사파리
쿠팡,C004462,공용 패딩/다운패딩점퍼,C004458,5,패션의류잡화 > 유니섹스/남녀공용 패션 > 빅사이즈 의류 > 점퍼 > 공용 패딩/다운패딩점퍼
쿠팡,C004463,공용 패딩/다운패딩조끼,C004458,5,패션의류잡화 > 유니섹스/남녀공용 패션 > 빅사이즈 의류 > 점퍼 > 공용 패딩/다운패딩조끼
쿠팡,C004464,공용 항공점퍼/블루종,C004458,5,패션의류잡화 > 유니섹스/남녀공용 패션 > 빅사이즈 의류 > 점퍼 > 공용 항공점퍼/블루종
쿠팡,C004466,코트,C004449,4,패션의류잡화 > 유니섹스/남녀공용 패션 > 빅사이즈 의류 > 코트
쿠팡,C004465,공용 겨울 코트,C004466,5,패션의류잡화 > 유니섹스/남녀공용 패션 > 빅사이즈 의류 > 코트 > 공용 겨울 코트
쿠팡,C004467,공용 봄가을 코트/트렌치,C004466,5,패션의류잡화 > 유니섹스/남녀공용 패션 > 빅사이즈 의류 > 코트 > 공용 봄가을 코트/트렌치
쿠팡,C004469,티셔츠,C004449,4,패션의류잡화 > 유니섹스/남녀공용 패션 > 빅사이즈 의류 > 티셔츠
쿠팡,C004468,공용 긴소매,C004469,5,패션의류잡화 > 유니섹스/남녀공용 패션 > 빅사이즈 의류 > 티셔츠 > 공용 긴소매
쿠팡,C004470,공용 민소매/나시,C004469,5,패션의류잡화 > 유니섹스/남녀공용 패션 > 빅사이즈 의류 > 티셔츠 > 공용 민소매/나시
쿠팡,C004471,공용 반소매,C004469,5,패션의류잡화 > 유니섹스/남녀공용 패션 > 빅사이즈 의류 > 티셔츠 > 공용 반소매
쿠팡,C004473,패션 트레이닝복,C004449,4,패션의류잡화 > 유니섹스/남녀공용 패션 > 빅사이즈 의류 > 패션 트레이닝복
쿠팡,C004472,공용 상의,C004473,5,패션의류잡화 > 유니섹스/남녀공용 패션 > 빅사이즈 의류 > 패션 트레이닝복 > 공용 상의
쿠팡,C004474,공용 상하의 세트,C004473,5,패션의류잡화 > 유니섹스/남녀공용 패션 > 빅사이즈 의류 > 패션 트레이닝복 > 공용 상하의 세트
쿠팡,C004475,공용 하의,C004473,5,패션의류잡화 > 유니섹스/남녀공용 패션 > 빅사이즈 의류 > 패션 트레이닝복 > 공용 하의
쿠팡,C004478,캐주얼 의류,C004200,3,패션의류잡화 > 유니섹스/남녀공용 패션 > 캐주얼 의류
쿠팡,C004477,가디건,C004478,4,패션의류잡화 > 유니섹스/남녀공용 패션 > 캐주얼 의류 > 가디건
쿠팡,C004476,공용 기본(허리길이)가디건,C004477,5,패션의류잡화 > 유니섹스/남녀공용 패션 > 캐주얼 의류 > 가디건 > 공용 기본(허리길이)가디건
쿠팡,C004479,공용 롱 가디건,C004477,5,패션의류잡화 > 유니섹스/남녀공용 패션 > 캐주얼 의류 > 가디건 > 공용 롱 가디건
쿠팡,C004480,공용 맨투맨,C004478,4,패션의류잡화 > 유니섹스/남녀공용 패션 > 캐주얼 의류 > 공용 맨투맨
쿠팡,C004481,공용 베스트/조끼,C004478,4,패션의류잡화 > 유니섹스/남녀공용 패션 > 캐주얼 의류 > 공용 베스트/조끼
쿠팡,C004482,공용 셔츠/남방,C004478,4,패션의류잡화 > 유니섹스/남녀공용 패션 > 캐주얼 의류 > 공용 셔츠/남방
쿠팡,C004483,공용 후드집업/집업류,C004478,4,패션의류잡화 > 유니섹스/남녀공용 패션 > 캐주얼 의류 > 공용 후드집업/집업류
쿠팡,C004484,공용 후드티,C004478,4,패션의류잡화 > 유니섹스/남녀공용 패션 > 캐주얼 의류 > 공용 후드티
쿠팡,C004486,등산/아웃도어 의류,C004478,4,패션의류잡화 > 유니섹스/남녀공용 패션 > 캐주얼 의류 > 등산/아웃도어 의류
쿠팡,C004485,공용 등산/아웃도어 니트/스웨터,C004486,5,패션의류잡화 > 유니섹스/남녀공용 패션 > 캐주얼 의류 > 등산/아웃도어 의류 > 공용 등산/아웃도어 니트/스웨터
쿠팡,C004487,공용 등산/아웃도어 바람막이/방수자켓,C004486,5,패션의류잡화 > 유니섹스/남녀공용 패션 > 캐주얼 의류 > 등산/아웃도어 의류 > 공용 등산/아웃도어 바람막이/방수자켓
쿠팡,C004488,공용 등산/아웃도어 바지,C004486,5,패션의류잡화 > 유니섹스/남녀공용 패션 > 캐주얼 의류 > 등산/아웃도어 의류 > 공용 등산/아웃도어 바지
쿠팡,C004489,공용 등산/아웃도어 셔츠,C004486,5,패션의류잡화 > 유니섹스/남녀공용 패션 > 캐주얼 의류 > 등산/아웃도어 의류 > 공용 등산/아웃도어 셔츠
쿠팡,C004490,공용 등산/아웃도어 조끼,C004486,5,패션의류잡화 > 유니섹스/남녀공용 패션 > 캐주얼 의류 > 등산/아웃도어 의류 > 공용 등산/아웃도어 조끼
쿠팡,C004491,공용 등산/아웃도어 패딩/점퍼,C004486,5,패션의류잡화 > 유니섹스/남녀공용 패션 > 캐주얼 의류 > 등산/아웃도어 의류 > 공용 등산/아웃도어 패딩/점퍼
쿠팡,C004492,공용 등산/아웃도어 플리스자켓,C004486,5,패션의류잡화 > 유니섹스/남녀공용 패션 > 캐주얼 의류 > 등산/아웃도어 의류 > 공용 등산/아웃도어 플리스자켓
쿠팡,C004494,등산/아웃도어 티셔츠,C004486,5,패션의류잡화 > 유니섹스/남녀공용 패션 > 캐주얼 의류 > 등산/아웃도어 의류 > 등산/아웃도어 티셔츠
쿠팡,C004493,공용 등산/아웃도어 트랙탑/집업,C004494,6,패션의류잡화 > 유니섹스/남녀공용 패션 > 캐주얼 의류 > 등산/아웃도어 의류 > 등산/아웃도어 티셔츠 > 공용 등산/아웃도어 트랙탑/집업
쿠팡,C004495,공용 등산/아웃도어 티셔츠,C004494,6,패션의류잡화 > 유니섹스/남녀공용 패션 > 캐주얼 의류 > 등산/아웃도어 의류 > 등산/아웃도어 티셔츠 > 공용 등산/아웃도어 티셔츠
쿠팡,C004497,바지,C004478,4,패션의류잡화 > 유니섹스/남녀공용 패션 > 캐주얼 의류 > 바지
쿠팡,C004496,공용 긴바지,C004497,5,패션의류잡화 > 유니섹스/남녀공용 패션 > 캐주얼 의류 > 바지 > 공용 긴바지
쿠팡,C004498,공용 반바지,C004497,5,패션의류잡화 > 유니섹스/남녀공용 패션 > 캐주얼 의류 > 바지 > 공용 반바지
쿠팡,C004500,스웨터/니트,C004478,4,패션의류잡화 > 유니섹스/남녀공용 패션 > 캐주얼 의류 > 스웨터/니트
쿠팡,C004499,공용 라운드넥,C004500,5,패션의류잡화 > 유니섹스/남녀공용 패션 > 캐주얼 의류 > 스웨터/니트 > 공용 라운드넥
쿠팡,C004501,공용 브이넥,C004500,5,패션의류잡화 > 유니섹스/남녀공용 패션 > 캐주얼 의류 > 스웨터/니트 > 공용 브이넥
쿠팡,C004502,공용 카라넥,C004500,5,패션의류잡화 > 유니섹스/남녀공용 패션 > 캐주얼 의류 > 스웨터/니트 > 공용 카라넥
쿠팡,C004503,공용 터틀넥,C004500,5,패션의류잡화 > 유니섹스/남녀공용 패션 > 캐주얼 의류 > 스웨터/니트 > 공용 터틀넥
쿠팡,C004504,공용 후드,C004500,5,패션의류잡화 > 유니섹스/남녀공용 패션 > 캐주얼 의류 > 스웨터/니트 > 공용 후드
쿠팡,C004506,스포츠의류,C004478,4,패션의류잡화 > 유니섹스/남녀공용 패션 > 캐주얼 의류 > 스포츠의류
쿠팡,C004505,공용 스포츠 니트/스웨터,C004506,5,패션의류잡화 > 유니섹스/남녀공용 패션 > 캐주얼 의류 > 스포츠의류 > 공용 스포츠 니트/스웨터
쿠팡,C004507,공용 스포츠 바지,C004506,5,패션의류잡화 > 유니섹스/남녀공용 패션 > 캐주얼 의류 > 스포츠의류 > 공용 스포츠 바지
쿠팡,C004508,공용 스포츠 상하의 세트,C004506,5,패션의류잡화 > 유니섹스/남녀공용 패션 > 캐주얼 의류 > 스포츠의류 > 공용 스포츠 상하의 세트
쿠팡,C004509,공용 스포츠 셔츠,C004506,5,패션의류잡화 > 유니섹스/남녀공용 패션 > 캐주얼 의류 > 스포츠의류 > 공용 스포츠 셔츠
쿠팡,C004511,낚시복,C004506,5,패션의류잡화 > 유니섹스/남녀공용 패션 > 캐주얼 의류 > 스포츠의류 > 낚시복
쿠팡,C004510,낚시조끼,C004511,6,패션의류잡화 > 유니섹스/남녀공용 패션 > 캐주얼 의류 > 스포츠의류 > 낚시복 > 낚시조끼
쿠팡,C004512,내피,C004511,6,패션의류잡화 > 유니섹스/남녀공용 패션 > 캐주얼 의류 > 스포츠의류 > 낚시복 > 내피
쿠팡,C004513,방수복,C004511,6,패션의류잡화 > 유니섹스/남녀공용 패션 > 캐주얼 의류 > 스포츠의류 > 낚시복 > 방수복
쿠팡,C004514,외피,C004511,6,패션의류잡화 > 유니섹스/남녀공용 패션 > 캐주얼 의류 > 스포츠의류 > 낚시복 > 외피
쿠팡,C004516,수영복,C004506,5,패션의류잡화 > 유니섹스/남녀공용 패션 > 캐주얼 의류 > 스포츠의류 > 수영복
쿠팡,C004515,공용 비치웨어/비치점퍼/후드,C004516,6,패션의류잡화 > 유니섹스/남녀공용 패션 > 캐주얼 의류 > 스포츠의류 > 수영복 > 공용 비치웨어/비치점퍼/후드
쿠팡,C004518,스키/보드복,C004506,5,패션의류잡화 > 유니섹스/남녀공용 패션 > 캐주얼 의류 > 스포츠의류 > 스키/보드복
쿠팡,C004517,보드복바지,C004518,6,패션의류잡화 > 유니섹스/남녀공용 패션 > 캐주얼 의류 > 스포츠의류 > 스키/보드복 > 보드복바지
쿠팡,C004519,보드복상하의세트,C004518,6,패션의류잡화 > 유니섹스/남녀공용 패션 > 캐주얼 의류 > 스포츠의류 > 스키/보드복 > 보드복상하의세트
쿠팡,C004520,보드복자켓,C004518,6,패션의류잡화 > 유니섹스/남녀공용 패션 > 캐주얼 의류 > 스포츠의류 > 스키/보드복 > 보드복자켓
쿠팡,C004521,스키/보드복바지,C004518,6,패션의류잡화 > 유니섹스/남녀공용 패션 > 캐주얼 의류 > 스포츠의류 > 스키/보드복 > 스키/보드복바지
쿠팡,C004522,스키/보드복상의,C004518,6,패션의류잡화 > 유니섹스/남녀공용 패션 > 캐주얼 의류 > 스포츠의류 > 스키/보드복 > 스키/보드복상의
쿠팡,C004523,스키/보드복상하의세트,C004518,6,패션의류잡화 > 유니섹스/남녀공용 패션 > 캐주얼 의류 > 스포츠의류 > 스키/보드복 > 스키/보드복상하의세트
쿠팡,C004524,스키/보드복자켓,C004518,6,패션의류잡화 > 유니섹스/남녀공용 패션 > 캐주얼 의류 > 스포츠의류 > 스키/보드복 > 스키/보드복자켓
쿠팡,C004525,스키복바지,C004518,6,패션의류잡화 > 유니섹스/남녀공용 패션 > 캐주얼 의류 > 스포츠의류 > 스키/보드복 > 스키복바지
쿠팡,C004526,스키복상하의세트,C004518,6,패션의류잡화 > 유니섹스/남녀공용 패션 > 캐주얼 의류 > 스포츠의류 > 스키/보드복 > 스키복상하의세트
쿠팡,C004527,스키복자켓,C004518,6,패션의류잡화 > 유니섹스/남녀공용 패션 > 캐주얼 의류 > 스포츠의류 > 스키/보드복 > 스키복자켓
쿠팡,C004529,스포츠 자켓/집업,C004506,5,패션의류잡화 > 유니섹스/남녀공용 패션 > 캐주얼 의류 > 스포츠의류 > 스포츠 자켓/집업
쿠팡,C004528,공용 스포츠 바람막이,C004529,6,패션의류잡화 > 유니섹스/남녀공용 패션 > 캐주얼 의류 > 스포츠의류 > 스포츠 자켓/집업 > 공용 스포츠 바람막이
쿠팡,C004530,공용 스포츠 자켓/집업류,C004529,6,패션의류잡화 > 유니섹스/남녀공용 패션 > 캐주얼 의류 > 스포츠의류 > 스포츠 자켓/집업 > 공용 스포츠 자켓/집업류
쿠팡,C004531,공용 스포츠 조끼,C004529,6,패션의류잡화 > 유니섹스/남녀공용 패션 > 캐주얼 의류 > 스포츠의류 > 스포츠 자켓/집업 > 공용 스포츠 조끼
쿠팡,C004532,공용 스포츠 패딩/다운패딩,C004529,6,패션의류잡화 > 유니섹스/남녀공용 패션 > 캐주얼 의류 > 스포츠의류 > 스포츠 자켓/집업 > 공용 스포츠 패딩/다운패딩
쿠팡,C004534,스포츠 티셔츠/나시,C004506,5,패션의류잡화 > 유니섹스/남녀공용 패션 > 캐주얼 의류 > 스포츠의류 > 스포츠 티셔츠/나시
쿠팡,C004533,공용 스포츠 맨투맨,C004534,6,패션의류잡화 > 유니섹스/남녀공용 패션 > 캐주얼 의류 > 스포츠의류 > 스포츠 티셔츠/나시 > 공용 스포츠 맨투맨
쿠팡,C004535,공용 스포츠 민소매/나시,C004534,6,패션의류잡화 > 유니섹스/남녀공용 패션 > 캐주얼 의류 > 스포츠의류 > 스포츠 티셔츠/나시 > 공용 스포츠 민소매/나시
쿠팡,C004536,공용 스포츠 티셔츠,C004534,6,패션의류잡화 > 유니섹스/남녀공용 패션 > 캐주얼 의류 > 스포츠의류 > 스포츠 티셔츠/나시 > 공용 스포츠 티셔츠
쿠팡,C004537,공용 스포츠 후드티,C004534,6,패션의류잡화 > 유니섹스/남녀공용 패션 > 캐주얼 의류 > 스포츠의류 > 스포츠 티셔츠/나시 > 공용 스포츠 후드티
쿠팡,C004539,요가/피트니스웨어,C004506,5,패션의류잡화 > 유니섹스/남녀공용 패션 > 캐주얼 의류 > 스포츠의류 > 요가/피트니스웨어
쿠팡,C004538,요가민소매/나시,C004539,6,패션의류잡화 > 유니섹스/남녀공용 패션 > 캐주얼 의류 > 스포츠의류 > 요가/피트니스웨어 > 요가민소매/나시
쿠팡,C004540,요가바지,C004539,6,패션의류잡화 > 유니섹스/남녀공용 패션 > 캐주얼 의류 > 스포츠의류 > 요가/피트니스웨어 > 요가바지
쿠팡,C004541,요가상하의세트,C004539,6,패션의류잡화 > 유니섹스/남녀공용 패션 > 캐주얼 의류 > 스포츠의류 > 요가/피트니스웨어 > 요가상하의세트
쿠팡,C004542,요가집업점퍼,C004539,6,패션의류잡화 > 유니섹스/남녀공용 패션 > 캐주얼 의류 > 스포츠의류 > 요가/피트니스웨어 > 요가집업점퍼
쿠팡,C004543,요가타이즈/요가레깅스,C004539,6,패션의류잡화 > 유니섹스/남녀공용 패션 > 캐주얼 의류 > 스포츠의류 > 요가/피트니스웨어 > 요가타이즈/요가레깅스
쿠팡,C004544,요가티셔츠,C004539,6,패션의류잡화 > 유니섹스/남녀공용 패션 > 캐주얼 의류 > 스포츠의류 > 요가/피트니스웨어 > 요가티셔츠
쿠팡,C004546,재킷,C004478,4,패션의류잡화 > 유니섹스/남녀공용 패션 > 캐주얼 의류 > 재킷
쿠팡,C004545,남녀공용 재킷,C004546,5,패션의류잡화 > 유니섹스/남녀공용 패션 > 캐주얼 의류 > 재킷 > 남녀공용 재킷
쿠팡,C004548,점퍼,C004478,4,패션의류잡화 > 유니섹스/남녀공용 패션 > 캐주얼 의류 > 점퍼
쿠팡,C004547,공용 기타 점퍼류,C004548,5,패션의류잡화 > 유니섹스/남녀공용 패션 > 캐주얼 의류 > 점퍼 > 공용 기타 점퍼류
쿠팡,C004549,공용 바람막이 점퍼,C004548,5,패션의류잡화 > 유니섹스/남녀공용 패션 > 캐주얼 의류 > 점퍼 > 공용 바람막이 점퍼
쿠팡,C004550,공용 야구점퍼/스타디움,C004548,5,패션의류잡화 > 유니섹스/남녀공용 패션 > 캐주얼 의류 > 점퍼 > 공용 야구점퍼/스타디움
쿠팡,C004551,공용 야상/사파리,C004548,5,패션의류잡화 > 유니섹스/남녀공용 패션 > 캐주얼 의류 > 점퍼 > 공용 야상/사파리
쿠팡,C004552,공용 패딩/다운패딩점퍼,C004548,5,패션의류잡화 > 유니섹스/남녀공용 패션 > 캐주얼 의류 > 점퍼 > 공용 패딩/다운패딩점퍼
쿠팡,C004553,공용 패딩/다운패딩조끼,C004548,5,패션의류잡화 > 유니섹스/남녀공용 패션 > 캐주얼 의류 > 점퍼 > 공용 패딩/다운패딩조끼
쿠팡,C004554,공용 항공점퍼/블루종,C004548,5,패션의류잡화 > 유니섹스/남녀공용 패션 > 캐주얼 의류 > 점퍼 > 공용 항공점퍼/블루종
쿠팡,C004556,커플룩,C004478,4,패션의류잡화 > 유니섹스/남녀공용 패션 > 캐주얼 의류 > 커플룩
쿠팡,C004555,공용 커플룩 상의,C004556,5,패션의류잡화 > 유니섹스/남녀공용 패션 > 캐주얼 의류 > 커플룩 > 공용 커플룩 상의
쿠팡,C004557,공용 커플룩 하의,C004556,5,패션의류잡화 > 유니섹스/남녀공용 패션 > 캐주얼 의류 > 커플룩 > 공용 커플룩 하의
쿠팡,C004559,코트,C004478,4,패션의류잡화 > 유니섹스/남녀공용 패션 > 캐주얼 의류 > 코트
쿠팡,C004558,공용 겨울 코트,C004559,5,패션의류잡화 > 유니섹스/남녀공용 패션 > 캐주얼 의류 > 코트 > 공용 겨울 코트
쿠팡,C004560,공용 봄가을 코트/트렌치,C004559,5,패션의류잡화 > 유니섹스/남녀공용 패션 > 캐주얼 의류 > 코트 > 공용 봄가을 코트/트렌치
쿠팡,C004562,티셔츠,C004478,4,패션의류잡화 > 유니섹스/남녀공용 패션 > 캐주얼 의류 > 티셔츠
쿠팡,C004561,공용 긴소매,C004562,5,패션의류잡화 > 유니섹스/남녀공용 패션 > 캐주얼 의류 > 티셔츠 > 공용 긴소매
쿠팡,C004563,공용 민소매/나시,C004562,5,패션의류잡화 > 유니섹스/남녀공용 패션 > 캐주얼 의류 > 티셔츠 > 공용 민소매/나시
쿠팡,C004564,공용 반소매,C004562,5,패션의류잡화 > 유니섹스/남녀공용 패션 > 캐주얼 의류 > 티셔츠 > 공용 반소매
쿠팡,C004566,패션 트레이닝복,C004478,4,패션의류잡화 > 유니섹스/남녀공용 패션 > 캐주얼 의류 > 패션 트레이닝복
쿠팡,C004565,공용 상의,C004566,5,패션의류잡화 > 유니섹스/남녀공용 패션 > 캐주얼 의류 > 패션 트레이닝복 > 공용 상의
쿠팡,C004567,공용 상하의 세트,C004566,5,패션의류잡화 > 유니섹스/남녀공용 패션 > 캐주얼 의류 > 패션 트레이닝복 > 공용 상하의 세트
쿠팡,C004568,공용 하의,C004566,5,패션의류잡화 > 유니섹스/남녀공용 패션 > 캐주얼 의류 > 패션 트레이닝복 > 공용 하의
쿠팡,C004570,커버업,C004200,3,패션의류잡화 > 유니섹스/남녀공용 패션 > 커버업
쿠팡,C004569,공용 후드/집업 커버업,C004570,4,패션의류잡화 > 유니섹스/남녀공용 패션 > 커버업 > 공용 후드/집업 커버업
쿠팡,C004572,테마복/유니폼/수의,C004200,3,패션의류잡화 > 유니섹스/남녀공용 패션 > 테마복/유니폼/수의
쿠팡,C004571,공용 할로윈 외 파티코스튬,C004572,4,패션의류잡화 > 유니섹스/남녀공용 패션 > 테마복/유니폼/수의 > 공용 할로윈 외 파티코스튬
쿠팡,C004573,수의,C004572,4,패션의류잡화 > 유니섹스/남녀공용 패션 > 테마복/유니폼/수의 > 수의
쿠팡,C004575,유니폼,C004572,4,패션의류잡화 > 유니섹스/남녀공용 패션 > 테마복/유니폼/수의 > 유니폼
쿠팡,C004574,간호사복/의사가운,C004575,5,패션의류잡화 > 유니섹스/남녀공용 패션 > 테마복/유니폼/수의 > 유니폼 > 간호사복/의사가운
쿠팡,C004576,기타유니폼,C004575,5,패션의류잡화 > 유니섹스/남녀공용 패션 > 테마복/유니폼/수의 > 유니폼 > 기타유니폼
쿠팡,C004577,작업복,C004575,5,패션의류잡화 > 유니섹스/남녀공용 패션 > 테마복/유니폼/수의 > 유니폼 > 작업복
쿠팡,C004578,조리사/셰프복,C004575,5,패션의류잡화 > 유니섹스/남녀공용 패션 > 테마복/유니폼/수의 > 유니폼 > 조리사/셰프복
옥션2.0,C004581,PC주변기기,ROOT,1,PC주변기기
옥션2.0,C004580,ODD,C004581,2,PC주변기기 > ODD
옥션2.0,C004579,CD-ROM/RW,C004580,3,PC주변기기 > ODD > CD-ROM/RW
옥션2.0,C004582,DVD-ROM/RW,C004580,3,PC주변기기 > ODD > DVD-ROM/RW
옥션2.0,C004583,블루레이드라이브,C004580,3,PC주변기기 > ODD > 블루레이드라이브
옥션2.0,C004585,PC부품,C004581,2,PC주변기기 > PC부품
옥션2.0,C004584,CPU,C004585,3,PC주변기기 > PC부품 > CPU
옥션2.0,C004586,PC케이스,C004585,3,PC주변기기 > PC부품 > PC케이스
옥션2.0,C004587,RAM,C004585,3,PC주변기기 > PC부품 > RAM
옥션2.0,C004588,그래픽카드,C004585,3,PC주변기기 > PC부품 > 그래픽카드
옥션2.0,C004589,기타PC부품,C004585,3,PC주변기기 > PC부품 > 기타PC부품
옥션2.0,C004590,메인보드,C004585,3,PC주변기기 > PC부품 > 메인보드
옥션2.0,C004591,쿨러,C004585,3,PC주변기기 > PC부품 > 쿨러
옥션2.0,C004592,파워서플라이,C004585,3,PC주변기기 > PC부품 > 파워서플라이
옥션2.0,C004594,PC영상/음향기기,C004581,2,PC주변기기 > PC영상/음향기기
옥션2.0,C004593,PC마이크,C004594,3,PC주변기기 > PC영상/음향기기 > PC마이크
옥션2.0,C004595,PC스피커,C004594,3,PC주변기기 > PC영상/음향기기 > PC스피커
옥션2.0,C004596,PC카메라,C004594,3,PC주변기기 > PC영상/음향기기 > PC카메라
옥션2.0,C004597,PC헤드셋,C004594,3,PC주변기기 > PC영상/음향기기 > PC헤드셋
옥션2.0,C004598,TV수신카드,C004594,3,PC주변기기 > PC영상/음향기기 > TV수신카드
옥션2.0,C004599,사운드카드,C004594,3,PC주변기기 > PC영상/음향기기 > 사운드카드
옥션2.0,C004600,영상편집카드,C004594,3,PC주변기기 > PC영상/음향기기 > 영상편집카드
옥션2.0,C004601,PC주변용품,C004581,2,PC주변기기 > PC주변용품
옥션2.0,C004603,네트워크장비,C004581,2,PC주변기기 > 네트워크장비
옥션2.0,C004602,AP,C004603,3,PC주변기기 > 네트워크장비 > AP
옥션2.0,C004604,KVM스위치,C004603,3,PC주변기기 > 네트워크장비 > KVM스위치
옥션2.0,C004605,USB동글,C004603,3,PC주변기기 > 네트워크장비 > USB동글
옥션2.0,C004606,USB허브,C004603,3,PC주변기기 > 네트워크장비 > USB허브
옥션2.0,C004607,공유기,C004603,3,PC주변기기 > 네트워크장비 > 공유기
옥션2.0,C004608,기타네트워크장비,C004603,3,PC주변기기 > 네트워크장비 > 기타네트워크장비
옥션2.0,C004609,랜카드,C004603,3,PC주변기기 > 네트워크장비 > 랜카드
옥션2.0,C004610,랜툴,C004603,3,PC주변기기 > 네트워크장비 > 랜툴
옥션2.0,C004611,리피터,C004603,3,PC주변기기 > 네트워크장비 > 리피터
옥션2.0,C004612,미라캐스트,C004603,3,PC주변기기 > 네트워크장비 > 미라캐스트
옥션2.0,C004613,분배기/선택기,C004603,3,PC주변기기 > 네트워크장비 > 분배기/선택기
옥션2.0,C004614,스위칭허브,C004603,3,PC주변기기 > 네트워크장비 > 스위칭허브
옥션2.0,C004615,안테나,C004603,3,PC주변기기 > 네트워크장비 > 안테나
옥션2.0,C004616,컨버터장비,C004603,3,PC주변기기 > 네트워크장비 > 컨버터장비
옥션2.0,C004617,프린터공유기,C004603,3,PC주변기기 > 네트워크장비 > 프린터공유기
옥션2.0,C004618,데이터/통신케이블,C004581,2,PC주변기기 > 데이터/통신케이블
옥션2.0,C004620,변환/전원케이블,C004581,2,PC주변기기 > 변환/전원케이블
옥션2.0,C004619,기타변환/전원케이블,C004620,3,PC주변기기 > 변환/전원케이블 > 기타변환/전원케이블
옥션2.0,C004621,전원케이블,C004620,3,PC주변기기 > 변환/전원케이블 > 전원케이블
옥션2.0,C004622,젠더/컨버터케이블,C004620,3,PC주변기기 > 변환/전원케이블 > 젠더/컨버터케이블
옥션2.0,C004624,소프트웨어,C004581,2,PC주변기기 > 소프트웨어
옥션2.0,C004623,그래픽/멀티미디어,C004624,3,PC주변기기 > 소프트웨어 > 그래픽/멀티미디어
옥션2.0,C004625,기타소프트웨어,C004624,3,PC주변기기 > 소프트웨어 > 기타소프트웨어
옥션2.0,C004626,보안/백신/복구,C004624,3,PC주변기기 > 소프트웨어 > 보안/백신/복구
옥션2.0,C004627,오피스,C004624,3,PC주변기기 > 소프트웨어 > 오피스
옥션2.0,C004628,운영체제,C004624,3,PC주변기기 > 소프트웨어 > 운영체제
옥션2.0,C004630,영상/음향케이블,C004581,2,PC주변기기 > 영상/음향케이블
옥션2.0,C004629,AUX케이블,C004630,3,PC주변기기 > 영상/음향케이블 > AUX케이블
옥션2.0,C004631,BNC케이블,C004630,3,PC주변기기 > 영상/음향케이블 > BNC케이블
옥션2.0,C004632,DVI케이블,C004630,3,PC주변기기 > 영상/음향케이블 > DVI케이블
옥션2.0,C004633,HDMI케이블,C004630,3,PC주변기기 > 영상/음향케이블 > HDMI케이블
옥션2.0,C004634,RCA케이블,C004630,3,PC주변기기 > 영상/음향케이블 > RCA케이블
옥션2.0,C004635,RGB케이블,C004630,3,PC주변기기 > 영상/음향케이블 > RGB케이블
옥션2.0,C004636,S-VHS/S-Video,C004630,3,PC주변기기 > 영상/음향케이블 > S-VHS/S-Video
옥션2.0,C004637,광케이블,C004630,3,PC주변기기 > 영상/음향케이블 > 광케이블
옥션2.0,C004638,기타영상/음향케이블,C004630,3,PC주변기기 > 영상/음향케이블 > 기타영상/음향케이블
옥션2.0,C004639,동축케이블,C004630,3,PC주변기기 > 영상/음향케이블 > 동축케이블
옥션2.0,C004640,컴포넌트케이블,C004630,3,PC주변기기 > 영상/음향케이블 > 컴포넌트케이블
옥션2.0,C004642,키보드/마우스 주변기기,C004581,2,PC주변기기 > 키보드/마우스 주변기기
옥션2.0,C004641,기타PC입력장치,C004642,3,PC주변기기 > 키보드/마우스 주변기기 > 기타PC입력장치
옥션2.0,C004643,마우스,C004642,3,PC주변기기 > 키보드/마우스 주변기기 > 마우스
옥션2.0,C004644,키보드,C004642,3,PC주변기기 > 키보드/마우스 주변기기 > 키보드
옥션2.0,C004645,키보드/마우스세트,C004642,3,PC주변기기 > 키보드/마우스 주변기기 > 키보드/마우스세트
옥션2.0,C004646,키보드스킨,C004642,3,PC주변기기 > 키보드/마우스 주변기기 > 키보드스킨
옥션2.0,C004647,키보드키캡,C004642,3,PC주변기기 > 키보드/마우스 주변기기 > 키보드키캡
옥션2.0,C004648,키패드,C004642,3,PC주변기기 > 키보드/마우스 주변기기 > 키패드
옥션2.0,C004649,타블렛,C004642,3,PC주변기기 > 키보드/마우스 주변기기 > 타블렛
옥션2.0,C004650,타블렛용품,C004642,3,PC주변기기 > 키보드/마우스 주변기기 > 타블렛용품
옥션2.0,C004651,프리젠터/포인터,C004642,3,PC주변기기 > 키보드/마우스 주변기기 > 프리젠터/포인터
옥션2.0,C004654,가공식품,ROOT,1,가공식품
옥션2.0,C004653,과자/간식,C004654,2,가공식품 > 과자/간식
옥션2.0,C004652,가공안주류,C004653,3,가공식품 > 과자/간식 > 가공안주류
옥션2.0,C004655,간식용소시지,C004653,3,가공식품 > 과자/간식 > 간식용소시지
옥션2.0,C004656,기타과자/간식,C004653,3,가공식품 > 과자/간식 > 기타과자/간식
옥션2.0,C004657,껌,C004653,3,가공식품 > 과자/간식 > 껌
옥션2.0,C004658,뻥튀기/건빵,C004653,3,가공식품 > 과자/간식 > 뻥튀기/건빵
옥션2.0,C004659,사탕,C004653,3,가공식품 > 과자/간식 > 사탕
옥션2.0,C004660,스낵,C004653,3,가공식품 > 과자/간식 > 스낵
옥션2.0,C004661,시리얼,C004653,3,가공식품 > 과자/간식 > 시리얼
옥션2.0,C004662,원물간식,C004653,3,가공식품 > 과자/간식 > 원물간식
옥션2.0,C004663,젤리,C004653,3,가공식품 > 과자/간식 > 젤리
옥션2.0,C004664,초콜릿,C004653,3,가공식품 > 과자/간식 > 초콜릿
옥션2.0,C004665,캐러멜,C004653,3,가공식품 > 과자/간식 > 캐러멜
옥션2.0,C004666,쿠키/비스킷,C004653,3,가공식품 > 과자/간식 > 쿠키/비스킷
옥션2.0,C004667,파이류간식,C004653,3,가공식품 > 과자/간식 > 파이류간식
옥션2.0,C004669,냉동/간편조리식품,C004654,2,가공식품 > 냉동/간편조리식품
옥션2.0,C004668,감자튀김,C004669,3,가공식품 > 냉동/간편조리식품 > 감자튀김
옥션2.0,C004670,기타냉동/간편조리식품,C004669,3,가공식품 > 냉동/간편조리식품 > 기타냉동/간편조리식품
옥션2.0,C004671,기타튀김,C004669,3,가공식품 > 냉동/간편조리식품 > 기타튀김
옥션2.0,C004672,동그랑땡/완자,C004669,3,가공식품 > 냉동/간편조리식품 > 동그랑땡/완자
옥션2.0,C004673,떡볶이,C004669,3,가공식품 > 냉동/간편조리식품 > 떡볶이
옥션2.0,C004674,또띠야/월남쌈,C004669,3,가공식품 > 냉동/간편조리식품 > 또띠야/월남쌈
옥션2.0,C004675,만두,C004669,3,가공식품 > 냉동/간편조리식품 > 만두
옥션2.0,C004676,밀키트,C004669,3,가공식품 > 냉동/간편조리식품 > 밀키트
옥션2.0,C004677,샐러드,C004669,3,가공식품 > 냉동/간편조리식품 > 샐러드
옥션2.0,C004678,유부초밥/김밥/주먹밥,C004669,3,가공식품 > 냉동/간편조리식품 > 유부초밥/김밥/주먹밥
옥션2.0,C004679,즉석국/탕,C004669,3,가공식품 > 냉동/간편조리식품 > 즉석국/탕
옥션2.0,C004680,즉석조리/볶음요리,C004669,3,가공식품 > 냉동/간편조리식품 > 즉석조리/볶음요리
옥션2.0,C004681,찌개/찜,C004669,3,가공식품 > 냉동/간편조리식품 > 찌개/찜
옥션2.0,C004682,치즈스틱,C004669,3,가공식품 > 냉동/간편조리식품 > 치즈스틱
옥션2.0,C004683,카레/짜장,C004669,3,가공식품 > 냉동/간편조리식품 > 카레/짜장
옥션2.0,C004684,피자,C004669,3,가공식품 > 냉동/간편조리식품 > 피자
옥션2.0,C004685,핫도그/햄버거,C004669,3,가공식품 > 냉동/간편조리식품 > 핫도그/햄버거
옥션2.0,C004687,떡,C004654,2,가공식품 > 떡
옥션2.0,C004686,기타떡,C004687,3,가공식품 > 떡 > 기타떡
옥션2.0,C004688,떡볶이떡/떡국떡,C004687,3,가공식품 > 떡 > 떡볶이떡/떡국떡
옥션2.0,C004689,떡케이크/답례떡,C004687,3,가공식품 > 떡 > 떡케이크/답례떡
옥션2.0,C004690,송편,C004687,3,가공식품 > 떡 > 송편
옥션2.0,C004691,인절미,C004687,3,가공식품 > 떡 > 인절미
옥션2.0,C004692,찹쌀/두텁떡,C004687,3,가공식품 > 떡 > 찹쌀/두텁떡
옥션2.0,C004694,라면,C004654,2,가공식품 > 라면
옥션2.0,C004693,봉지라면,C004694,3,가공식품 > 라면 > 봉지라면
옥션2.0,C004695,컵라면,C004694,3,가공식품 > 라면 > 컵라면
옥션2.0,C004697,면류,C004654,2,가공식품 > 면류
옥션2.0,C004696,국수면,C004697,3,가공식품 > 면류 > 국수면
옥션2.0,C004698,기타면류,C004697,3,가공식품 > 면류 > 기타면류
옥션2.0,C004699,냉면/소바,C004697,3,가공식품 > 면류 > 냉면/소바
옥션2.0,C004700,당면,C004697,3,가공식품 > 면류 > 당면
옥션2.0,C004701,스파게티/파스타,C004697,3,가공식품 > 면류 > 스파게티/파스타
옥션2.0,C004702,쌀국수,C004697,3,가공식품 > 면류 > 쌀국수
옥션2.0,C004703,우동,C004697,3,가공식품 > 면류 > 우동
옥션2.0,C004704,짜장면/짬뽕,C004697,3,가공식품 > 면류 > 짜장면/짬뽕
옥션2.0,C004705,쫄면/비빔국수,C004697,3,가공식품 > 면류 > 쫄면/비빔국수
옥션2.0,C004706,칼국수/수제비,C004697,3,가공식품 > 면류 > 칼국수/수제비
옥션2.0,C004708,밀가루/믹스류,C004654,2,가공식품 > 밀가루/믹스류
옥션2.0,C004707,기타밀가루/믹스류,C004708,3,가공식품 > 밀가루/믹스류 > 기타밀가루/믹스류
옥션2.0,C004709,밀가루,C004708,3,가공식품 > 밀가루/믹스류 > 밀가루
옥션2.0,C004710,베이킹믹스,C004708,3,가공식품 > 밀가루/믹스류 > 베이킹믹스
옥션2.0,C004711,빵가루,C004708,3,가공식품 > 밀가루/믹스류 > 빵가루
옥션2.0,C004712,전분,C004708,3,가공식품 > 밀가루/믹스류 > 전분
옥션2.0,C004713,튀김/부침가루,C004708,3,가공식품 > 밀가루/믹스류 > 튀김/부침가루
옥션2.0,C004715,빙과류,C004654,2,가공식품 > 빙과류
옥션2.0,C004714,빙수/빙수재료,C004715,3,가공식품 > 빙과류 > 빙수/빙수재료
옥션2.0,C004716,아이스크림,C004715,3,가공식품 > 빙과류 > 아이스크림
옥션2.0,C004718,빵/케이크,C004654,2,가공식품 > 빵/케이크
옥션2.0,C004717,기타빵/케이크,C004718,3,가공식품 > 빵/케이크 > 기타빵/케이크
옥션2.0,C004719,도너츠,C004718,3,가공식품 > 빵/케이크 > 도너츠
옥션2.0,C004720,식빵/베이글,C004718,3,가공식품 > 빵/케이크 > 식빵/베이글
옥션2.0,C004721,제빵/제과재료,C004718,3,가공식품 > 빵/케이크 > 제빵/제과재료
옥션2.0,C004722,찐빵/호빵,C004718,3,가공식품 > 빵/케이크 > 찐빵/호빵
옥션2.0,C004723,케이크/머핀,C004718,3,가공식품 > 빵/케이크 > 케이크/머핀
옥션2.0,C004724,호두과자,C004718,3,가공식품 > 빵/케이크 > 호두과자
옥션2.0,C004726,소스/드레싱,C004654,2,가공식품 > 소스/드레싱
옥션2.0,C004725,굴소스/중화요리소스,C004726,3,가공식품 > 소스/드레싱 > 굴소스/중화요리소스
옥션2.0,C004727,기타소스/드레싱,C004726,3,가공식품 > 소스/드레싱 > 기타소스/드레싱
옥션2.0,C004728,돈까스/스테이크소스,C004726,3,가공식품 > 소스/드레싱 > 돈까스/스테이크소스
옥션2.0,C004729,머스터드/겨자소스,C004726,3,가공식품 > 소스/드레싱 > 머스터드/겨자소스
옥션2.0,C004730,샐러드드레싱,C004726,3,가공식품 > 소스/드레싱 > 샐러드드레싱
옥션2.0,C004731,일식/동남아요리소스,C004726,3,가공식품 > 소스/드레싱 > 일식/동남아요리소스
옥션2.0,C004732,칠리/살사소스,C004726,3,가공식품 > 소스/드레싱 > 칠리/살사소스
옥션2.0,C004733,케첩/마요네즈,C004726,3,가공식품 > 소스/드레싱 > 케첩/마요네즈
옥션2.0,C004734,파스타소스,C004726,3,가공식품 > 소스/드레싱 > 파스타소스
옥션2.0,C004736,수산가공식품,C004654,2,가공식품 > 수산가공식품
옥션2.0,C004735,기타수산가공식품,C004736,3,가공식품 > 수산가공식품 > 기타수산가공식품
옥션2.0,C004737,스마일클럽(test),C004736,3,가공식품 > 수산가공식품 > 스마일클럽(test)
옥션2.0,C004738,어묵/맛살,C004736,3,가공식품 > 수산가공식품 > 어묵/맛살
옥션2.0,C004739,핫바,C004736,3,가공식품 > 수산가공식품 > 핫바
옥션2.0,C004740,해물볶음,C004736,3,가공식품 > 수산가공식품 > 해물볶음
옥션2.0,C004741,해물탕,C004736,3,가공식품 > 수산가공식품 > 해물탕
옥션2.0,C004742,해물튀김,C004736,3,가공식품 > 수산가공식품 > 해물튀김
옥션2.0,C004744,식용유/오일,C004654,2,가공식품 > 식용유/오일
옥션2.0,C004743,기타식용유/오일,C004744,3,가공식품 > 식용유/오일 > 기타식용유/오일
옥션2.0,C004745,들기름,C004744,3,가공식품 > 식용유/오일 > 들기름
옥션2.0,C004746,식용유선물세트,C004744,3,가공식품 > 식용유/오일 > 식용유선물세트
옥션2.0,C004747,올리브유,C004744,3,가공식품 > 식용유/오일 > 올리브유
옥션2.0,C004748,참기름,C004744,3,가공식품 > 식용유/오일 > 참기름
옥션2.0,C004749,카놀라유,C004744,3,가공식품 > 식용유/오일 > 카놀라유
옥션2.0,C004750,콩기름/대두유,C004744,3,가공식품 > 식용유/오일 > 콩기름/대두유
옥션2.0,C004751,포도씨유,C004744,3,가공식품 > 식용유/오일 > 포도씨유
옥션2.0,C004752,해바라기씨유,C004744,3,가공식품 > 식용유/오일 > 해바라기씨유
옥션2.0,C004754,장류,C004654,2,가공식품 > 장류
옥션2.0,C004753,간장,C004754,3,가공식품 > 장류 > 간장
옥션2.0,C004755,고추장,C004754,3,가공식품 > 장류 > 고추장
옥션2.0,C004756,기타장류,C004754,3,가공식품 > 장류 > 기타장류
옥션2.0,C004757,된장/쌈장,C004754,3,가공식품 > 장류 > 된장/쌈장
옥션2.0,C004758,청국장/낫또,C004754,3,가공식품 > 장류 > 청국장/낫또
옥션2.0,C004760,잼/시럽,C004654,2,가공식품 > 잼/시럽
옥션2.0,C004759,과일잼,C004760,3,가공식품 > 잼/시럽 > 과일잼
옥션2.0,C004761,기타잼/시럽,C004760,3,가공식품 > 잼/시럽 > 기타잼/시럽
옥션2.0,C004762,땅콩/초코잼,C004760,3,가공식품 > 잼/시럽 > 땅콩/초코잼
옥션2.0,C004763,메이플시럽,C004760,3,가공식품 > 잼/시럽 > 메이플시럽
옥션2.0,C004764,초코시럽,C004760,3,가공식품 > 잼/시럽 > 초코시럽
옥션2.0,C004765,커피시럽,C004760,3,가공식품 > 잼/시럽 > 커피시럽
옥션2.0,C004767,조미료/양념,C004654,2,가공식품 > 조미료/양념
옥션2.0,C004766,겨자/고추냉이,C004767,3,가공식품 > 조미료/양념 > 겨자/고추냉이
옥션2.0,C004768,고춧가루,C004767,3,가공식품 > 조미료/양념 > 고춧가루
옥션2.0,C004769,기타조미료/양념,C004767,3,가공식품 > 조미료/양념 > 기타조미료/양념
옥션2.0,C004770,물엿/올리고당,C004767,3,가공식품 > 조미료/양념 > 물엿/올리고당
옥션2.0,C004771,설탕,C004767,3,가공식품 > 조미료/양념 > 설탕
옥션2.0,C004772,소금,C004767,3,가공식품 > 조미료/양념 > 소금
옥션2.0,C004773,식초,C004767,3,가공식품 > 조미료/양념 > 식초
옥션2.0,C004774,양념장,C004767,3,가공식품 > 조미료/양념 > 양념장
옥션2.0,C004775,캡사이신,C004767,3,가공식품 > 조미료/양념 > 캡사이신
옥션2.0,C004776,향신료,C004767,3,가공식품 > 조미료/양념 > 향신료
옥션2.0,C004777,후추,C004767,3,가공식품 > 조미료/양념 > 후추
옥션2.0,C004779,즉석밥,C004654,2,가공식품 > 즉석밥
옥션2.0,C004778,누룽지,C004779,3,가공식품 > 즉석밥 > 누룽지
옥션2.0,C004780,볶음밥,C004779,3,가공식품 > 즉석밥 > 볶음밥
옥션2.0,C004781,전투식량,C004779,3,가공식품 > 즉석밥 > 전투식량
옥션2.0,C004782,죽/스프,C004779,3,가공식품 > 즉석밥 > 죽/스프
옥션2.0,C004783,즉석밥,C004779,3,가공식품 > 즉석밥 > 즉석밥
옥션2.0,C004784,컵밥/덮밥,C004779,3,가공식품 > 즉석밥 > 컵밥/덮밥
옥션2.0,C004786,축산가공식품,C004654,2,가공식품 > 축산가공식품
옥션2.0,C004785,곱창/막창,C004786,3,가공식품 > 축산가공식품 > 곱창/막창
옥션2.0,C004787,구운계란/훈제란,C004786,3,가공식품 > 축산가공식품 > 구운계란/훈제란
옥션2.0,C004788,기타축산가공식품,C004786,3,가공식품 > 축산가공식품 > 기타축산가공식품
옥션2.0,C004789,꼬치류,C004786,3,가공식품 > 축산가공식품 > 꼬치류
옥션2.0,C004790,너겟/텐더,C004786,3,가공식품 > 축산가공식품 > 너겟/텐더
옥션2.0,C004791,닭가공식품,C004786,3,가공식품 > 축산가공식품 > 닭가공식품
옥션2.0,C004792,닭고기양념육,C004786,3,가공식품 > 축산가공식품 > 닭고기양념육
옥션2.0,C004793,돈까스/탕수육,C004786,3,가공식품 > 축산가공식품 > 돈까스/탕수육
옥션2.0,C004794,돼지고기양념육,C004786,3,가공식품 > 축산가공식품 > 돼지고기양념육
옥션2.0,C004795,떡갈비,C004786,3,가공식품 > 축산가공식품 > 떡갈비
옥션2.0,C004796,베이컨,C004786,3,가공식품 > 축산가공식품 > 베이컨
옥션2.0,C004797,삼계탕,C004786,3,가공식품 > 축산가공식품 > 삼계탕
옥션2.0,C004798,소고기양념육,C004786,3,가공식품 > 축산가공식품 > 소고기양념육
옥션2.0,C004799,순대,C004786,3,가공식품 > 축산가공식품 > 순대
옥션2.0,C004800,오리고기양념육,C004786,3,가공식품 > 축산가공식품 > 오리고기양념육
옥션2.0,C004801,오리훈제,C004786,3,가공식품 > 축산가공식품 > 오리훈제
옥션2.0,C004802,육포,C004786,3,가공식품 > 축산가공식품 > 육포
옥션2.0,C004803,족발,C004786,3,가공식품 > 축산가공식품 > 족발
옥션2.0,C004804,폭립,C004786,3,가공식품 > 축산가공식품 > 폭립
옥션2.0,C004805,햄/소시지,C004786,3,가공식품 > 축산가공식품 > 햄/소시지
옥션2.0,C004807,치즈/버터/크림,C004654,2,가공식품 > 치즈/버터/크림
옥션2.0,C004806,버터/마가린,C004807,3,가공식품 > 치즈/버터/크림 > 버터/마가린
옥션2.0,C004808,생크림/휘핑크림,C004807,3,가공식품 > 치즈/버터/크림 > 생크림/휘핑크림
옥션2.0,C004809,치즈,C004807,3,가공식품 > 치즈/버터/크림 > 치즈
옥션2.0,C004811,통조림/캔,C004654,2,가공식품 > 통조림/캔
옥션2.0,C004810,고등어/꽁치캔,C004811,3,가공식품 > 통조림/캔 > 고등어/꽁치캔
옥션2.0,C004812,골뱅이/번데기캔,C004811,3,가공식품 > 통조림/캔 > 골뱅이/번데기캔
옥션2.0,C004813,과일통조림,C004811,3,가공식품 > 통조림/캔 > 과일통조림
옥션2.0,C004814,기타통조림/캔,C004811,3,가공식품 > 통조림/캔 > 기타통조림/캔
옥션2.0,C004815,닭가슴살캔,C004811,3,가공식품 > 통조림/캔 > 닭가슴살캔
옥션2.0,C004816,반찬통조림,C004811,3,가공식품 > 통조림/캔 > 반찬통조림
옥션2.0,C004817,야채통조림,C004811,3,가공식품 > 통조림/캔 > 야채통조림
옥션2.0,C004818,참치캔,C004811,3,가공식품 > 통조림/캔 > 참치캔
옥션2.0,C004819,캔선물세트,C004811,3,가공식품 > 통조림/캔 > 캔선물세트
옥션2.0,C004820,햄통조림,C004811,3,가공식품 > 통조림/캔 > 햄통조림
옥션2.0,C004822,한과/전통과자,C004654,2,가공식품 > 한과/전통과자
옥션2.0,C004821,강정/엿,C004822,3,가공식품 > 한과/전통과자 > 강정/엿
옥션2.0,C004823,기타한과/전통과자,C004822,3,가공식품 > 한과/전통과자 > 기타한과/전통과자
옥션2.0,C004824,약과,C004822,3,가공식품 > 한과/전통과자 > 약과
옥션2.0,C004825,유과,C004822,3,가공식품 > 한과/전통과자 > 유과
옥션2.0,C004826,전병,C004822,3,가공식품 > 한과/전통과자 > 전병
옥션2.0,C004827,한과/전통과자세트,C004822,3,가공식품 > 한과/전통과자 > 한과/전통과자세트
옥션2.0,C004830,가구/DIY,ROOT,1,가구/DIY
옥션2.0,C004829,DIY자재/용품,C004830,2,가구/DIY > DIY자재/용품
옥션2.0,C004828,DIY가구목재,C004829,3,가구/DIY > DIY자재/용품 > DIY가구목재
옥션2.0,C004831,가구손잡이/발통,C004829,3,가구/DIY > DIY자재/용품 > 가구손잡이/발통
옥션2.0,C004832,가구장식패널,C004829,3,가구/DIY > DIY자재/용품 > 가구장식패널
옥션2.0,C004833,기타DIY가구용품,C004829,3,가구/DIY > DIY자재/용품 > 기타DIY가구용품
옥션2.0,C004835,거실장/장식장,C004830,2,가구/DIY > 거실장/장식장
옥션2.0,C004834,TV장,C004835,3,가구/DIY > 거실장/장식장 > TV장
옥션2.0,C004836,거실장,C004835,3,가구/DIY > 거실장/장식장 > 거실장
옥션2.0,C004837,장식장,C004835,3,가구/DIY > 거실장/장식장 > 장식장
옥션2.0,C004839,리모델링/시공,C004830,2,가구/DIY > 리모델링/시공
옥션2.0,C004838,기타시공인테리어,C004839,3,가구/DIY > 리모델링/시공 > 기타시공인테리어
옥션2.0,C004840,도배시공,C004839,3,가구/DIY > 리모델링/시공 > 도배시공
옥션2.0,C004841,바닥시공,C004839,3,가구/DIY > 리모델링/시공 > 바닥시공
옥션2.0,C004842,시스템키친시공,C004839,3,가구/DIY > 리모델링/시공 > 시스템키친시공
옥션2.0,C004843,싱크대시공,C004839,3,가구/DIY > 리모델링/시공 > 싱크대시공
옥션2.0,C004844,중문/도어시공,C004839,3,가구/DIY > 리모델링/시공 > 중문/도어시공
옥션2.0,C004845,창문/창호/샷시,C004839,3,가구/DIY > 리모델링/시공 > 창문/창호/샷시
옥션2.0,C004846,페인트시공,C004839,3,가구/DIY > 리모델링/시공 > 페인트시공
옥션2.0,C004848,사무/업소용가구,C004830,2,가구/DIY > 사무/업소용가구
옥션2.0,C004847,교구용가구,C004848,3,가구/DIY > 사무/업소용가구 > 교구용가구
옥션2.0,C004849,기타사무용가구,C004848,3,가구/DIY > 사무/업소용가구 > 기타사무용가구
옥션2.0,C004850,사무용서랍장,C004848,3,가구/DIY > 사무/업소용가구 > 사무용서랍장
옥션2.0,C004851,사무용소파,C004848,3,가구/DIY > 사무/업소용가구 > 사무용소파
옥션2.0,C004852,사무용의자,C004848,3,가구/DIY > 사무/업소용가구 > 사무용의자
옥션2.0,C004853,사무용책상,C004848,3,가구/DIY > 사무/업소용가구 > 사무용책상
옥션2.0,C004854,사무용책장,C004848,3,가구/DIY > 사무/업소용가구 > 사무용책장
옥션2.0,C004855,사무용파티션,C004848,3,가구/DIY > 사무/업소용가구 > 사무용파티션
옥션2.0,C004856,회의용테이블,C004848,3,가구/DIY > 사무/업소용가구 > 회의용테이블
옥션2.0,C004858,소파,C004830,2,가구/DIY > 소파
옥션2.0,C004857,리클라이너소파,C004858,3,가구/DIY > 소파 > 리클라이너소파
옥션2.0,C004859,벤치소파,C004858,3,가구/DIY > 소파 > 벤치소파
옥션2.0,C004860,빈백,C004858,3,가구/DIY > 소파 > 빈백
옥션2.0,C004861,소파베드,C004858,3,가구/DIY > 소파 > 소파베드
옥션2.0,C004862,일반소파,C004858,3,가구/DIY > 소파 > 일반소파
옥션2.0,C004864,수납가구,C004830,2,가구/DIY > 수납가구
옥션2.0,C004863,CD/DVD장,C004864,3,가구/DIY > 수납가구 > CD/DVD장
옥션2.0,C004865,공간박스,C004864,3,가구/DIY > 수납가구 > 공간박스
옥션2.0,C004866,그릇장,C004864,3,가구/DIY > 수납가구 > 그릇장
옥션2.0,C004867,서랍장,C004864,3,가구/DIY > 수납가구 > 서랍장
옥션2.0,C004868,신발장,C004864,3,가구/DIY > 수납가구 > 신발장
옥션2.0,C004869,일반수납장,C004864,3,가구/DIY > 수납가구 > 일반수납장
옥션2.0,C004870,주방수납장,C004864,3,가구/DIY > 수납가구 > 주방수납장
옥션2.0,C004871,협탁,C004864,3,가구/DIY > 수납가구 > 협탁
옥션2.0,C004873,식탁/테이블,C004830,2,가구/DIY > 식탁/테이블
옥션2.0,C004872,거실테이블,C004873,3,가구/DIY > 식탁/테이블 > 거실테이블
옥션2.0,C004874,교자상,C004873,3,가구/DIY > 식탁/테이블 > 교자상
옥션2.0,C004875,기타테이블,C004873,3,가구/DIY > 식탁/테이블 > 기타테이블
옥션2.0,C004876,레인지대,C004873,3,가구/DIY > 식탁/테이블 > 레인지대
옥션2.0,C004877,밥상/다과상,C004873,3,가구/DIY > 식탁/테이블 > 밥상/다과상
옥션2.0,C004878,사이드테이블,C004873,3,가구/DIY > 식탁/테이블 > 사이드테이블
옥션2.0,C004879,아일랜드식탁,C004873,3,가구/DIY > 식탁/테이블 > 아일랜드식탁
옥션2.0,C004880,일반식탁,C004873,3,가구/DIY > 식탁/테이블 > 일반식탁
옥션2.0,C004881,주방왜건,C004873,3,가구/DIY > 식탁/테이블 > 주방왜건
옥션2.0,C004882,콘솔테이블,C004873,3,가구/DIY > 식탁/테이블 > 콘솔테이블
옥션2.0,C004883,티테이블,C004873,3,가구/DIY > 식탁/테이블 > 티테이블
옥션2.0,C004885,아동가구,C004830,2,가구/DIY > 아동가구
옥션2.0,C004884,기타아동가구,C004885,3,가구/DIY > 아동가구 > 기타아동가구
옥션2.0,C004886,아동공부상,C004885,3,가구/DIY > 아동가구 > 아동공부상
옥션2.0,C004887,아동서랍장,C004885,3,가구/DIY > 아동가구 > 아동서랍장
옥션2.0,C004888,아동소파,C004885,3,가구/DIY > 아동가구 > 아동소파
옥션2.0,C004889,아동옷장/베이비장,C004885,3,가구/DIY > 아동가구 > 아동옷장/베이비장
옥션2.0,C004890,아동의자,C004885,3,가구/DIY > 아동가구 > 아동의자
옥션2.0,C004891,아동책꽂이,C004885,3,가구/DIY > 아동가구 > 아동책꽂이
옥션2.0,C004892,아동책상,C004885,3,가구/DIY > 아동가구 > 아동책상
옥션2.0,C004893,아동책장,C004885,3,가구/DIY > 아동가구 > 아동책장
옥션2.0,C004894,아동침대,C004885,3,가구/DIY > 아동가구 > 아동침대
옥션2.0,C004895,이층/벙커침대,C004885,3,가구/DIY > 아동가구 > 이층/벙커침대
옥션2.0,C004897,야외가구,C004830,2,가구/DIY > 야외가구
옥션2.0,C004896,그네의자,C004897,3,가구/DIY > 야외가구 > 그네의자
옥션2.0,C004898,야외용벤치의자,C004897,3,가구/DIY > 야외가구 > 야외용벤치의자
옥션2.0,C004899,야외용의자,C004897,3,가구/DIY > 야외가구 > 야외용의자
옥션2.0,C004900,야외용테이블,C004897,3,가구/DIY > 야외가구 > 야외용테이블
옥션2.0,C004901,원두막/정자,C004897,3,가구/DIY > 야외가구 > 원두막/정자
옥션2.0,C004902,조립식창고,C004897,3,가구/DIY > 야외가구 > 조립식창고
옥션2.0,C004903,평상,C004897,3,가구/DIY > 야외가구 > 평상
옥션2.0,C004905,옷장/붙박이장,C004830,2,가구/DIY > 옷장/붙박이장
옥션2.0,C004904,드레스룸,C004905,3,가구/DIY > 옷장/붙박이장 > 드레스룸
옥션2.0,C004906,붙박이장,C004905,3,가구/DIY > 옷장/붙박이장 > 붙박이장
옥션2.0,C004907,옷장,C004905,3,가구/DIY > 옷장/붙박이장 > 옷장
옥션2.0,C004908,장롱,C004905,3,가구/DIY > 옷장/붙박이장 > 장롱
옥션2.0,C004910,의자,C004830,2,가구/DIY > 의자
옥션2.0,C004909,게이밍의자,C004910,3,가구/DIY > 의자 > 게이밍의자
옥션2.0,C004911,베드벤치,C004910,3,가구/DIY > 의자 > 베드벤치
옥션2.0,C004912,스툴,C004910,3,가구/DIY > 의자 > 스툴
옥션2.0,C004913,식탁의자,C004910,3,가구/DIY > 의자 > 식탁의자
옥션2.0,C004914,안락의자,C004910,3,가구/DIY > 의자 > 안락의자
옥션2.0,C004915,접이식의자,C004910,3,가구/DIY > 의자 > 접이식의자
옥션2.0,C004916,좌식의자,C004910,3,가구/DIY > 의자 > 좌식의자
옥션2.0,C004917,책상의자,C004910,3,가구/DIY > 의자 > 책상의자
옥션2.0,C004918,홈바의자,C004910,3,가구/DIY > 의자 > 홈바의자
옥션2.0,C004920,책상/책장,C004830,2,가구/DIY > 책상/책장
옥션2.0,C004919,기타책상,C004920,3,가구/DIY > 책상/책장 > 기타책상
옥션2.0,C004921,독서실책상,C004920,3,가구/DIY > 책상/책장 > 독서실책상
옥션2.0,C004922,일반책상,C004920,3,가구/DIY > 책상/책장 > 일반책상
옥션2.0,C004923,좌식책상,C004920,3,가구/DIY > 책상/책장 > 좌식책상
옥션2.0,C004924,책꽂이,C004920,3,가구/DIY > 책상/책장 > 책꽂이
옥션2.0,C004925,책상소품,C004920,3,가구/DIY > 책상/책장 > 책상소품
옥션2.0,C004926,책상의자세트,C004920,3,가구/DIY > 책상/책장 > 책상의자세트
옥션2.0,C004927,책장,C004920,3,가구/DIY > 책상/책장 > 책장
옥션2.0,C004928,컴퓨터책상,C004920,3,가구/DIY > 책상/책장 > 컴퓨터책상
옥션2.0,C004930,침대/매트리스,C004830,2,가구/DIY > 침대/매트리스
옥션2.0,C004929,데이베드,C004930,3,가구/DIY > 침대/매트리스 > 데이베드
옥션2.0,C004931,돌침대/흙침대,C004930,3,가구/DIY > 침대/매트리스 > 돌침대/흙침대
옥션2.0,C004932,매트리스,C004930,3,가구/DIY > 침대/매트리스 > 매트리스
옥션2.0,C004933,모션침대,C004930,3,가구/DIY > 침대/매트리스 > 모션침대
옥션2.0,C004934,이층침대,C004930,3,가구/DIY > 침대/매트리스 > 이층침대
옥션2.0,C004935,일반침대,C004930,3,가구/DIY > 침대/매트리스 > 일반침대
옥션2.0,C004936,접이식침대,C004930,3,가구/DIY > 침대/매트리스 > 접이식침대
옥션2.0,C004937,침대프레임,C004930,3,가구/DIY > 침대/매트리스 > 침대프레임
옥션2.0,C004938,패밀리침대,C004930,3,가구/DIY > 침대/매트리스 > 패밀리침대
옥션2.0,C004940,화장대/거울,C004830,2,가구/DIY > 화장대/거울
옥션2.0,C004939,벽거울,C004940,3,가구/DIY > 화장대/거울 > 벽거울
옥션2.0,C004941,일반화장대,C004940,3,가구/DIY > 화장대/거울 > 일반화장대
옥션2.0,C004942,전신거울,C004940,3,가구/DIY > 화장대/거울 > 전신거울
옥션2.0,C004943,좌식화장대,C004940,3,가구/DIY > 화장대/거울 > 좌식화장대
옥션2.0,C004944,탁상거울,C004940,3,가구/DIY > 화장대/거울 > 탁상거울
옥션2.0,C004947,가방/잡화,ROOT,1,가방/잡화
옥션2.0,C004946,남성가방,C004947,2,가방/잡화 > 남성가방
옥션2.0,C004945,맨스백,C004946,3,가방/잡화 > 남성가방 > 맨스백
옥션2.0,C004948,서류가방,C004946,3,가방/잡화 > 남성가방 > 서류가방
옥션2.0,C004949,크로스백,C004946,3,가방/잡화 > 남성가방 > 크로스백
옥션2.0,C004950,토트/숄더백,C004946,3,가방/잡화 > 남성가방 > 토트/숄더백
옥션2.0,C004952,넥타이/손수건,C004947,2,가방/잡화 > 넥타이/손수건
옥션2.0,C004951,기본넥타이,C004952,3,가방/잡화 > 넥타이/손수건 > 기본넥타이
옥션2.0,C004953,나비넥타이/보타이,C004952,3,가방/잡화 > 넥타이/손수건 > 나비넥타이/보타이
옥션2.0,C004954,넥타이핀/커프스,C004952,3,가방/잡화 > 넥타이/손수건 > 넥타이핀/커프스
옥션2.0,C004955,무늬넥타이,C004952,3,가방/잡화 > 넥타이/손수건 > 무늬넥타이
옥션2.0,C004956,손수건,C004952,3,가방/잡화 > 넥타이/손수건 > 손수건
옥션2.0,C004957,포켓/헹커치프,C004952,3,가방/잡화 > 넥타이/손수건 > 포켓/헹커치프
옥션2.0,C004959,머플러/스카프/숄,C004947,2,가방/잡화 > 머플러/스카프/숄
옥션2.0,C004958,넥워머,C004959,3,가방/잡화 > 머플러/스카프/숄 > 넥워머
옥션2.0,C004960,니트머플러,C004959,3,가방/잡화 > 머플러/스카프/숄 > 니트머플러
옥션2.0,C004961,롱스카프,C004959,3,가방/잡화 > 머플러/스카프/숄 > 롱스카프
옥션2.0,C004962,면머플러,C004959,3,가방/잡화 > 머플러/스카프/숄 > 면머플러
옥션2.0,C004963,쁘띠/미니스카프,C004959,3,가방/잡화 > 머플러/스카프/숄 > 쁘띠/미니스카프
옥션2.0,C004964,숄/망토/판쵸,C004959,3,가방/잡화 > 머플러/스카프/숄 > 숄/망토/판쵸
옥션2.0,C004965,울/캐시미어머플러,C004959,3,가방/잡화 > 머플러/스카프/숄 > 울/캐시미어머플러
옥션2.0,C004966,케이프,C004959,3,가방/잡화 > 머플러/스카프/숄 > 케이프
옥션2.0,C004967,퍼머플러,C004959,3,가방/잡화 > 머플러/스카프/숄 > 퍼머플러
옥션2.0,C004969,모자,C004947,2,가방/잡화 > 모자
옥션2.0,C004968,귀마개,C004969,3,가방/잡화 > 모자 > 귀마개
옥션2.0,C004970,메쉬캡,C004969,3,가방/잡화 > 모자 > 메쉬캡
옥션2.0,C004971,반다나/두건,C004969,3,가방/잡화 > 모자 > 반다나/두건
옥션2.0,C004972,베레모/헌팅캡,C004969,3,가방/잡화 > 모자 > 베레모/헌팅캡
옥션2.0,C004973,비니,C004969,3,가방/잡화 > 모자 > 비니
옥션2.0,C004974,스냅백/힙합모자,C004969,3,가방/잡화 > 모자 > 스냅백/힙합모자
옥션2.0,C004975,썬캡/썬바이져,C004969,3,가방/잡화 > 모자 > 썬캡/썬바이져
옥션2.0,C004976,야구모자/군모,C004969,3,가방/잡화 > 모자 > 야구모자/군모
옥션2.0,C004977,왕골/밀짚모자,C004969,3,가방/잡화 > 모자 > 왕골/밀짚모자
옥션2.0,C004978,털/방울/귀달이모자,C004969,3,가방/잡화 > 모자 > 털/방울/귀달이모자
옥션2.0,C004979,페도라/중절모,C004969,3,가방/잡화 > 모자 > 페도라/중절모
옥션2.0,C004981,백팩/캐주얼가방,C004947,2,가방/잡화 > 백팩/캐주얼가방
옥션2.0,C004980,노트북/카메라가방,C004981,3,가방/잡화 > 백팩/캐주얼가방 > 노트북/카메라가방
옥션2.0,C004982,백팩,C004981,3,가방/잡화 > 백팩/캐주얼가방 > 백팩
옥션2.0,C004983,비치백/왕골가방,C004981,3,가방/잡화 > 백팩/캐주얼가방 > 비치백/왕골가방
옥션2.0,C004984,숄더백,C004981,3,가방/잡화 > 백팩/캐주얼가방 > 숄더백
옥션2.0,C004985,스포츠백,C004981,3,가방/잡화 > 백팩/캐주얼가방 > 스포츠백
옥션2.0,C004986,책가방,C004981,3,가방/잡화 > 백팩/캐주얼가방 > 책가방
옥션2.0,C004987,캔버스/에코백,C004981,3,가방/잡화 > 백팩/캐주얼가방 > 캔버스/에코백
옥션2.0,C004988,크로스백,C004981,3,가방/잡화 > 백팩/캐주얼가방 > 크로스백
옥션2.0,C004989,토트백,C004981,3,가방/잡화 > 백팩/캐주얼가방 > 토트백
옥션2.0,C004990,힙색/슬링백,C004981,3,가방/잡화 > 백팩/캐주얼가방 > 힙색/슬링백
옥션2.0,C004992,벨트,C004947,2,가방/잡화 > 벨트
옥션2.0,C004991,남성정장벨트,C004992,3,가방/잡화 > 벨트 > 남성정장벨트
옥션2.0,C004993,멜빵,C004992,3,가방/잡화 > 벨트 > 멜빵
옥션2.0,C004994,여성정장벨트,C004992,3,가방/잡화 > 벨트 > 여성정장벨트
옥션2.0,C004995,체인/메탈벨트,C004992,3,가방/잡화 > 벨트 > 체인/메탈벨트
옥션2.0,C004996,캐주얼벨트,C004992,3,가방/잡화 > 벨트 > 캐주얼벨트
옥션2.0,C004998,양말/스타킹,C004947,2,가방/잡화 > 양말/스타킹
옥션2.0,C004997,기모스타킹,C004998,3,가방/잡화 > 양말/스타킹 > 기모스타킹
옥션2.0,C004999,니삭스/레그워머,C004998,3,가방/잡화 > 양말/스타킹 > 니삭스/레그워머
옥션2.0,C005000,덧신/페이크삭스,C004998,3,가방/잡화 > 양말/스타킹 > 덧신/페이크삭스
옥션2.0,C005001,레깅스,C004998,3,가방/잡화 > 양말/스타킹 > 레깅스
옥션2.0,C005002,발가락양말,C004998,3,가방/잡화 > 양말/스타킹 > 발가락양말
옥션2.0,C005003,발목/밴드/판타롱,C004998,3,가방/잡화 > 양말/스타킹 > 발목/밴드/판타롱
옥션2.0,C005004,발목/스니커즈양말,C004998,3,가방/잡화 > 양말/스타킹 > 발목/스니커즈양말
옥션2.0,C005005,수면양말,C004998,3,가방/잡화 > 양말/스타킹 > 수면양말
옥션2.0,C005006,스포츠양말,C004998,3,가방/잡화 > 양말/스타킹 > 스포츠양말
옥션2.0,C005007,압박스타킹,C004998,3,가방/잡화 > 양말/스타킹 > 압박스타킹
옥션2.0,C005008,정장양말,C004998,3,가방/잡화 > 양말/스타킹 > 정장양말
옥션2.0,C005009,팬티스타킹,C004998,3,가방/잡화 > 양말/스타킹 > 팬티스타킹
옥션2.0,C005011,여성가방,C004947,2,가방/잡화 > 여성가방
옥션2.0,C005010,미니백,C005011,3,가방/잡화 > 여성가방 > 미니백
옥션2.0,C005012,비치백/왕골가방,C005011,3,가방/잡화 > 여성가방 > 비치백/왕골가방
옥션2.0,C005013,쇼퍼백,C005011,3,가방/잡화 > 여성가방 > 쇼퍼백
옥션2.0,C005014,숄더백,C005011,3,가방/잡화 > 여성가방 > 숄더백
옥션2.0,C005015,퀼팅백,C005011,3,가방/잡화 > 여성가방 > 퀼팅백
옥션2.0,C005016,크로스백,C005011,3,가방/잡화 > 여성가방 > 크로스백
옥션2.0,C005017,클러치백,C005011,3,가방/잡화 > 여성가방 > 클러치백
옥션2.0,C005018,토트백,C005011,3,가방/잡화 > 여성가방 > 토트백
옥션2.0,C005019,파우치,C005011,3,가방/잡화 > 여성가방 > 파우치
옥션2.0,C005021,여행가방/캐리어,C004947,2,가방/잡화 > 여행가방/캐리어
옥션2.0,C005020,기내용-소프트,C005021,3,가방/잡화 > 여행가방/캐리어 > 기내용-소프트
옥션2.0,C005022,기내용-하드,C005021,3,가방/잡화 > 여행가방/캐리어 > 기내용-하드
옥션2.0,C005023,보스턴가방,C005021,3,가방/잡화 > 여행가방/캐리어 > 보스턴가방
옥션2.0,C005024,여행보조/결합백,C005021,3,가방/잡화 > 여행가방/캐리어 > 여행보조/결합백
옥션2.0,C005025,이민용/유학용,C005021,3,가방/잡화 > 여행가방/캐리어 > 이민용/유학용
옥션2.0,C005026,중대형-소프트,C005021,3,가방/잡화 > 여행가방/캐리어 > 중대형-소프트
옥션2.0,C005027,중대형-하드,C005021,3,가방/잡화 > 여행가방/캐리어 > 중대형-하드
옥션2.0,C005029,여행소품,C004947,2,가방/잡화 > 여행소품
옥션2.0,C005028,네임텍,C005029,3,가방/잡화 > 여행소품 > 네임텍
옥션2.0,C005030,여권지갑/여권케이스,C005029,3,가방/잡화 > 여행소품 > 여권지갑/여권케이스
옥션2.0,C005031,여행파우치,C005029,3,가방/잡화 > 여행소품 > 여행파우치
옥션2.0,C005032,캐리어벨트/자물쇠,C005029,3,가방/잡화 > 여행소품 > 캐리어벨트/자물쇠
옥션2.0,C005034,우산/양산,C004947,2,가방/잡화 > 우산/양산
옥션2.0,C005033,담배케이스,C005034,3,가방/잡화 > 우산/양산 > 담배케이스
옥션2.0,C005035,부채/마스크/기타,C005034,3,가방/잡화 > 우산/양산 > 부채/마스크/기타
옥션2.0,C005036,양산,C005034,3,가방/잡화 > 우산/양산 > 양산
옥션2.0,C005037,우산,C005034,3,가방/잡화 > 우산/양산 > 우산
옥션2.0,C005038,타투,C005034,3,가방/잡화 > 우산/양산 > 타투
옥션2.0,C005040,장갑,C004947,2,가방/잡화 > 장갑
옥션2.0,C005039,가죽/스웨이드장갑,C005040,3,가방/잡화 > 장갑 > 가죽/스웨이드장갑
옥션2.0,C005041,롱장갑,C005040,3,가방/잡화 > 장갑 > 롱장갑
옥션2.0,C005042,모직/니트장갑,C005040,3,가방/잡화 > 장갑 > 모직/니트장갑
옥션2.0,C005043,벙어리장갑,C005040,3,가방/잡화 > 장갑 > 벙어리장갑
옥션2.0,C005044,암워머/팔토시,C005040,3,가방/잡화 > 장갑 > 암워머/팔토시
옥션2.0,C005045,터치장갑,C005040,3,가방/잡화 > 장갑 > 터치장갑
옥션2.0,C005047,지갑,C004947,2,가방/잡화 > 지갑
옥션2.0,C005046,남성반지갑,C005047,3,가방/잡화 > 지갑 > 남성반지갑
옥션2.0,C005048,남성장지갑,C005047,3,가방/잡화 > 지갑 > 남성장지갑
옥션2.0,C005049,남성중지갑,C005047,3,가방/잡화 > 지갑 > 남성중지갑
옥션2.0,C005050,동전/통장지갑,C005047,3,가방/잡화 > 지갑 > 동전/통장지갑
옥션2.0,C005051,머니클립,C005047,3,가방/잡화 > 지갑 > 머니클립
옥션2.0,C005052,명함/카드지갑,C005047,3,가방/잡화 > 지갑 > 명함/카드지갑
옥션2.0,C005053,목걸이지갑,C005047,3,가방/잡화 > 지갑 > 목걸이지갑
옥션2.0,C005054,여성반지갑,C005047,3,가방/잡화 > 지갑 > 여성반지갑
옥션2.0,C005055,여성장지갑,C005047,3,가방/잡화 > 지갑 > 여성장지갑
옥션2.0,C005056,여성중지갑,C005047,3,가방/잡화 > 지갑 > 여성중지갑
옥션2.0,C005057,열쇠지갑/키케이스,C005047,3,가방/잡화 > 지갑 > 열쇠지갑/키케이스
옥션2.0,C005058,지갑/벨트세트,C005047,3,가방/잡화 > 지갑 > 지갑/벨트세트
옥션2.0,C005060,키링/가방액세서리,C004947,2,가방/잡화 > 키링/가방액세서리
옥션2.0,C005059,백참/가방액세서리,C005060,3,가방/잡화 > 키링/가방액세서리 > 백참/가방액세서리
옥션2.0,C005061,키링/키홀더,C005060,3,가방/잡화 > 키링/가방액세서리 > 키링/키홀더
옥션2.0,C005064,건강/의료용품,ROOT,1,건강/의료용품
옥션2.0,C005063,건강측정용품,C005064,2,건강/의료용품 > 건강측정용품
옥션2.0,C005062,기타건강측정용품,C005063,3,건강/의료용품 > 건강측정용품 > 기타건강측정용품
옥션2.0,C005065,만보계,C005063,3,건강/의료용품 > 건강측정용품 > 만보계
옥션2.0,C005066,신장계,C005063,3,건강/의료용품 > 건강측정용품 > 신장계
옥션2.0,C005067,체온계,C005063,3,건강/의료용품 > 건강측정용품 > 체온계
옥션2.0,C005068,체중계,C005063,3,건강/의료용품 > 건강측정용품 > 체중계
옥션2.0,C005069,체지방계,C005063,3,건강/의료용품 > 건강측정용품 > 체지방계
옥션2.0,C005070,혈압계,C005063,3,건강/의료용품 > 건강측정용품 > 혈압계
옥션2.0,C005072,금연보조용품,C005064,2,건강/의료용품 > 금연보조용품
옥션2.0,C005071,금연보조제,C005072,3,건강/의료용품 > 금연보조용품 > 금연보조제
옥션2.0,C005073,기타금연보조용품,C005072,3,건강/의료용품 > 금연보조용품 > 기타금연보조용품
옥션2.0,C005075,기타건강관리용품,C005064,2,건강/의료용품 > 기타건강관리용품
옥션2.0,C005074,건강목걸이,C005075,3,건강/의료용품 > 기타건강관리용품 > 건강목걸이
옥션2.0,C005076,건강팔찌,C005075,3,건강/의료용품 > 기타건강관리용품 > 건강팔찌
옥션2.0,C005077,기타건강관리용품,C005075,3,건강/의료용품 > 기타건강관리용품 > 기타건강관리용품
옥션2.0,C005078,눈건강용품,C005064,2,건강/의료용품 > 눈건강용품
옥션2.0,C005080,당뇨관리용품,C005064,2,건강/의료용품 > 당뇨관리용품
옥션2.0,C005079,기타당뇨관리용품,C005080,3,건강/의료용품 > 당뇨관리용품 > 기타당뇨관리용품
옥션2.0,C005081,채혈기,C005080,3,건강/의료용품 > 당뇨관리용품 > 채혈기
옥션2.0,C005082,채혈침,C005080,3,건강/의료용품 > 당뇨관리용품 > 채혈침
옥션2.0,C005083,혈당측정계,C005080,3,건강/의료용품 > 당뇨관리용품 > 혈당측정계
옥션2.0,C005084,혈당측정지,C005080,3,건강/의료용품 > 당뇨관리용품 > 혈당측정지
옥션2.0,C005086,비데,C005064,2,건강/의료용품 > 비데
옥션2.0,C005085,비데,C005086,3,건강/의료용품 > 비데 > 비데
옥션2.0,C005087,비데용품,C005086,3,건강/의료용품 > 비데 > 비데용품
옥션2.0,C005089,성인용품,C005064,2,건강/의료용품 > 성인용품
옥션2.0,C005088,기타성인용품,C005089,3,건강/의료용품 > 성인용품 > 기타성인용품
옥션2.0,C005090,남성성인용품,C005089,3,건강/의료용품 > 성인용품 > 남성성인용품
옥션2.0,C005091,성인젤,C005089,3,건강/의료용품 > 성인용품 > 성인젤
옥션2.0,C005092,여성성인용품,C005089,3,건강/의료용품 > 성인용품 > 여성성인용품
옥션2.0,C005093,일반콘돔,C005089,3,건강/의료용품 > 성인용품 > 일반콘돔
옥션2.0,C005094,특수콘돔,C005089,3,건강/의료용품 > 성인용품 > 특수콘돔
옥션2.0,C005096,손/발건강용품,C005064,2,건강/의료용품 > 손/발건강용품
옥션2.0,C005095,기타손발건강용품,C005096,3,건강/의료용품 > 손/발건강용품 > 기타손발건강용품
옥션2.0,C005097,발가락교정기,C005096,3,건강/의료용품 > 손/발건강용품 > 발가락교정기
옥션2.0,C005098,발지압/발매트,C005096,3,건강/의료용품 > 손/발건강용품 > 발지압/발매트
옥션2.0,C005099,손소독기,C005096,3,건강/의료용품 > 손/발건강용품 > 손소독기
옥션2.0,C005100,족욕기/족탕기,C005096,3,건강/의료용품 > 손/발건강용품 > 족욕기/족탕기
옥션2.0,C005101,파라핀베스,C005096,3,건강/의료용품 > 손/발건강용품 > 파라핀베스
옥션2.0,C005103,실버용품,C005064,2,건강/의료용품 > 실버용품
옥션2.0,C005102,기타실버용품,C005103,3,건강/의료용품 > 실버용품 > 기타실버용품
옥션2.0,C005104,돋보기,C005103,3,건강/의료용품 > 실버용품 > 돋보기
옥션2.0,C005105,목욕보조용품,C005103,3,건강/의료용품 > 실버용품 > 목욕보조용품
옥션2.0,C005106,배변보조용품,C005103,3,건강/의료용품 > 실버용품 > 배변보조용품
옥션2.0,C005107,보청기,C005103,3,건강/의료용품 > 실버용품 > 보청기
옥션2.0,C005108,보청기배터리,C005103,3,건강/의료용품 > 실버용품 > 보청기배터리
옥션2.0,C005109,보행보조용품,C005103,3,건강/의료용품 > 실버용품 > 보행보조용품
옥션2.0,C005110,보행차/실버카,C005103,3,건강/의료용품 > 실버용품 > 보행차/실버카
옥션2.0,C005111,욕창방지용품,C005103,3,건강/의료용품 > 실버용품 > 욕창방지용품
옥션2.0,C005112,장례용품/수의,C005103,3,건강/의료용품 > 실버용품 > 장례용품/수의
옥션2.0,C005113,휠체어,C005103,3,건강/의료용품 > 실버용품 > 휠체어
옥션2.0,C005114,안마용품,C005064,2,건강/의료용품 > 안마용품
옥션2.0,C005116,연수기/이온수기,C005064,2,건강/의료용품 > 연수기/이온수기
옥션2.0,C005115,연수기,C005116,3,건강/의료용품 > 연수기/이온수기 > 연수기
옥션2.0,C005117,연수기/이온수기용품,C005116,3,건강/의료용품 > 연수기/이온수기 > 연수기/이온수기용품
옥션2.0,C005118,이온수기,C005116,3,건강/의료용품 > 연수기/이온수기 > 이온수기
옥션2.0,C005120,일반의료용품,C005064,2,건강/의료용품 > 일반의료용품
옥션2.0,C005119,거즈/붕대/의료솜,C005120,3,건강/의료용품 > 일반의료용품 > 거즈/붕대/의료솜
옥션2.0,C005121,구급함/약통,C005120,3,건강/의료용품 > 일반의료용품 > 구급함/약통
옥션2.0,C005122,기타일반의료용품,C005120,3,건강/의료용품 > 일반의료용품 > 기타일반의료용품
옥션2.0,C005123,뜸/뜸기구,C005120,3,건강/의료용품 > 일반의료용품 > 뜸/뜸기구
옥션2.0,C005124,반창고,C005120,3,건강/의료용품 > 일반의료용품 > 반창고
옥션2.0,C005125,밴드,C005120,3,건강/의료용품 > 일반의료용품 > 밴드
옥션2.0,C005126,상처소독제/연고,C005120,3,건강/의료용품 > 일반의료용품 > 상처소독제/연고
옥션2.0,C005127,응급의료용품,C005120,3,건강/의료용품 > 일반의료용품 > 응급의료용품
옥션2.0,C005128,임신/배란테스트기,C005120,3,건강/의료용품 > 일반의료용품 > 임신/배란테스트기
옥션2.0,C005129,파스,C005120,3,건강/의료용품 > 일반의료용품 > 파스
옥션2.0,C005131,재활운동용품,C005064,2,건강/의료용품 > 재활운동용품
옥션2.0,C005130,기타재활운동용품,C005131,3,건강/의료용품 > 재활운동용품 > 기타재활운동용품
옥션2.0,C005132,목보호대,C005131,3,건강/의료용품 > 재활운동용품 > 목보호대
옥션2.0,C005133,상반신보조기,C005131,3,건강/의료용품 > 재활운동용품 > 상반신보조기
옥션2.0,C005134,의료용압박스타킹,C005131,3,건강/의료용품 > 재활운동용품 > 의료용압박스타킹
옥션2.0,C005135,자세교정용품,C005131,3,건강/의료용품 > 재활운동용품 > 자세교정용품
옥션2.0,C005136,하반신보조기,C005131,3,건강/의료용품 > 재활운동용품 > 하반신보조기
옥션2.0,C005138,저주파/적외선용품,C005064,2,건강/의료용품 > 저주파/적외선용품
옥션2.0,C005137,기타저주파/적외선용품,C005138,3,건강/의료용품 > 저주파/적외선용품 > 기타저주파/적외선용품
옥션2.0,C005139,저주파자극기,C005138,3,건강/의료용품 > 저주파/적외선용품 > 저주파자극기
옥션2.0,C005140,저주파패드,C005138,3,건강/의료용품 > 저주파/적외선용품 > 저주파패드
옥션2.0,C005141,적외선조사기,C005138,3,건강/의료용품 > 저주파/적외선용품 > 적외선조사기
옥션2.0,C005143,전문의료용품,C005064,2,건강/의료용품 > 전문의료용품
옥션2.0,C005142,기타전문의료용품,C005143,3,건강/의료용품 > 전문의료용품 > 기타전문의료용품
옥션2.0,C005144,도뇨관/장루주머니,C005143,3,건강/의료용품 > 전문의료용품 > 도뇨관/장루주머니
옥션2.0,C005145,병원침대,C005143,3,건강/의료용품 > 전문의료용품 > 병원침대
옥션2.0,C005146,인체모형/해부도,C005143,3,건강/의료용품 > 전문의료용품 > 인체모형/해부도
옥션2.0,C005147,주사기/주사바늘,C005143,3,건강/의료용품 > 전문의료용품 > 주사기/주사바늘
옥션2.0,C005148,청진기,C005143,3,건강/의료용품 > 전문의료용품 > 청진기
옥션2.0,C005149,캔/밧드/농반,C005143,3,건강/의료용품 > 전문의료용품 > 캔/밧드/농반
옥션2.0,C005150,펜라이트,C005143,3,건강/의료용품 > 전문의료용품 > 펜라이트
옥션2.0,C005151,핀셋/포셉/가위,C005143,3,건강/의료용품 > 전문의료용품 > 핀셋/포셉/가위
옥션2.0,C005152,한방의료용품,C005143,3,건강/의료용품 > 전문의료용품 > 한방의료용품
옥션2.0,C005153,환자위생커버/매트,C005143,3,건강/의료용품 > 전문의료용품 > 환자위생커버/매트
옥션2.0,C005155,전자담배용품,C005064,2,건강/의료용품 > 전자담배용품
옥션2.0,C005154,전자담배,C005155,3,건강/의료용품 > 전자담배용품 > 전자담배
옥션2.0,C005156,전자담배용품,C005155,3,건강/의료용품 > 전자담배용품 > 전자담배용품
옥션2.0,C005158,정수기,C005064,2,건강/의료용품 > 정수기
옥션2.0,C005157,정수기,C005158,3,건강/의료용품 > 정수기 > 정수기
옥션2.0,C005159,정수기용품,C005158,3,건강/의료용품 > 정수기 > 정수기용품
옥션2.0,C005161,찜질용품,C005064,2,건강/의료용품 > 찜질용품
옥션2.0,C005160,기타찜질용품,C005161,3,건강/의료용품 > 찜질용품 > 기타찜질용품
옥션2.0,C005162,좌욕기/좌훈기,C005161,3,건강/의료용품 > 찜질용품 > 좌욕기/좌훈기
옥션2.0,C005163,찜질기,C005161,3,건강/의료용품 > 찜질용품 > 찜질기
옥션2.0,C005164,찜질팩,C005161,3,건강/의료용품 > 찜질용품 > 찜질팩
옥션2.0,C005166,호흡/수면건강용품,C005064,2,건강/의료용품 > 호흡/수면건강용품
옥션2.0,C005165,기타호흡/수면관리용품,C005166,3,건강/의료용품 > 호흡/수면건강용품 > 기타호흡/수면관리용품
옥션2.0,C005167,네블라이저/석션기,C005166,3,건강/의료용품 > 호흡/수면건강용품 > 네블라이저/석션기
옥션2.0,C005168,마스크,C005166,3,건강/의료용품 > 호흡/수면건강용품 > 마스크
옥션2.0,C005169,소음방지귀마개,C005166,3,건강/의료용품 > 호흡/수면건강용품 > 소음방지귀마개
옥션2.0,C005170,이갈이방지용품,C005166,3,건강/의료용품 > 호흡/수면건강용품 > 이갈이방지용품
옥션2.0,C005171,캔산소,C005166,3,건강/의료용품 > 호흡/수면건강용품 > 캔산소
옥션2.0,C005172,코골이방지용품,C005166,3,건강/의료용품 > 호흡/수면건강용품 > 코골이방지용품
옥션2.0,C005173,코세정기,C005166,3,건강/의료용품 > 호흡/수면건강용품 > 코세정기
옥션2.0,C005176,건강식품,ROOT,1,건강식품
옥션2.0,C005175,건강즙,C005176,2,건강식품 > 건강즙
옥션2.0,C005174,기타건강즙,C005175,3,건강식품 > 건강즙 > 기타건강즙
옥션2.0,C005177,마늘즙,C005175,3,건강식품 > 건강즙 > 마늘즙
옥션2.0,C005178,매실즙,C005175,3,건강식품 > 건강즙 > 매실즙
옥션2.0,C005179,배즙,C005175,3,건강식품 > 건강즙 > 배즙
옥션2.0,C005180,복분자즙,C005175,3,건강식품 > 건강즙 > 복분자즙
옥션2.0,C005181,블루베리즙,C005175,3,건강식품 > 건강즙 > 블루베리즙
옥션2.0,C005182,사과즙,C005175,3,건강식품 > 건강즙 > 사과즙
옥션2.0,C005183,석류즙,C005175,3,건강식품 > 건강즙 > 석류즙
옥션2.0,C005184,아로니아즙,C005175,3,건강식품 > 건강즙 > 아로니아즙
옥션2.0,C005185,양배추즙,C005175,3,건강식품 > 건강즙 > 양배추즙
옥션2.0,C005186,양파즙,C005175,3,건강식품 > 건강즙 > 양파즙
옥션2.0,C005187,포도즙,C005175,3,건강식품 > 건강즙 > 포도즙
옥션2.0,C005188,헛개나무즙,C005175,3,건강식품 > 건강즙 > 헛개나무즙
옥션2.0,C005189,호박즙,C005175,3,건강식품 > 건강즙 > 호박즙
옥션2.0,C005191,건강환/건강분말,C005176,2,건강식품 > 건강환/건강분말
옥션2.0,C005190,건강분말,C005191,3,건강식품 > 건강환/건강분말 > 건강분말
옥션2.0,C005192,건강환/정,C005191,3,건강식품 > 건강환/건강분말 > 건강환/정
옥션2.0,C005194,꿀,C005176,2,건강식품 > 꿀
옥션2.0,C005193,꿀,C005194,3,건강식품 > 꿀 > 꿀
옥션2.0,C005195,벌화분,C005194,3,건강식품 > 꿀 > 벌화분
옥션2.0,C005197,다이어트식품,C005176,2,건강식품 > 다이어트식품
옥션2.0,C005196,CLA,C005197,3,건강식품 > 다이어트식품 > CLA
옥션2.0,C005198,가르시니아,C005197,3,건강식품 > 다이어트식품 > 가르시니아
옥션2.0,C005199,곤약식품,C005197,3,건강식품 > 다이어트식품 > 곤약식품
옥션2.0,C005200,기타헬스/다이어트식품,C005197,3,건강식품 > 다이어트식품 > 기타헬스/다이어트식품
옥션2.0,C005201,다이어트바,C005197,3,건강식품 > 다이어트식품 > 다이어트바
옥션2.0,C005202,다이어트쉐이크,C005197,3,건강식품 > 다이어트식품 > 다이어트쉐이크
옥션2.0,C005203,다이어트차/음료,C005197,3,건강식품 > 다이어트식품 > 다이어트차/음료
옥션2.0,C005204,식이섬유,C005197,3,건강식품 > 다이어트식품 > 식이섬유
옥션2.0,C005205,콜라겐,C005197,3,건강식품 > 다이어트식품 > 콜라겐
옥션2.0,C005206,히알루론산,C005197,3,건강식품 > 다이어트식품 > 히알루론산
옥션2.0,C005208,영양제,C005176,2,건강식품 > 영양제
옥션2.0,C005207,감마리놀렌산,C005208,3,건강식품 > 영양제 > 감마리놀렌산
옥션2.0,C005209,글루코사민,C005208,3,건강식품 > 영양제 > 글루코사민
옥션2.0,C005210,기타영양제,C005208,3,건강식품 > 영양제 > 기타영양제
옥션2.0,C005211,로열제리,C005208,3,건강식품 > 영양제 > 로열제리
옥션2.0,C005212,루테인,C005208,3,건강식품 > 영양제 > 루테인
옥션2.0,C005213,리프리놀,C005208,3,건강식품 > 영양제 > 리프리놀
옥션2.0,C005214,마그네슘,C005208,3,건강식품 > 영양제 > 마그네슘
옥션2.0,C005215,밀크씨슬,C005208,3,건강식품 > 영양제 > 밀크씨슬
옥션2.0,C005216,비타민,C005208,3,건강식품 > 영양제 > 비타민
옥션2.0,C005217,스쿠알렌,C005208,3,건강식품 > 영양제 > 스쿠알렌
옥션2.0,C005218,스피루리나,C005208,3,건강식품 > 영양제 > 스피루리나
옥션2.0,C005219,쏘팔메토,C005208,3,건강식품 > 영양제 > 쏘팔메토
옥션2.0,C005220,아연,C005208,3,건강식품 > 영양제 > 아연
옥션2.0,C005221,알로에,C005208,3,건강식품 > 영양제 > 알로에
옥션2.0,C005222,엽산,C005208,3,건강식품 > 영양제 > 엽산
옥션2.0,C005223,오메가3,C005208,3,건강식품 > 영양제 > 오메가3
옥션2.0,C005224,유산균,C005208,3,건강식품 > 영양제 > 유산균
옥션2.0,C005225,철분,C005208,3,건강식품 > 영양제 > 철분
옥션2.0,C005226,초유,C005208,3,건강식품 > 영양제 > 초유
옥션2.0,C005227,칼슘,C005208,3,건강식품 > 영양제 > 칼슘
옥션2.0,C005228,코큐텐,C005208,3,건강식품 > 영양제 > 코큐텐
옥션2.0,C005229,클로렐라,C005208,3,건강식품 > 영양제 > 클로렐라
옥션2.0,C005230,프로폴리스,C005208,3,건강식품 > 영양제 > 프로폴리스
옥션2.0,C005231,환자영양식,C005208,3,건강식품 > 영양제 > 환자영양식
옥션2.0,C005233,한방재료,C005176,2,건강식품 > 한방재료
옥션2.0,C005232,가시오가피,C005233,3,건강식품 > 한방재료 > 가시오가피
옥션2.0,C005234,감초,C005233,3,건강식품 > 한방재료 > 감초
옥션2.0,C005235,계피,C005233,3,건강식품 > 한방재료 > 계피
옥션2.0,C005236,구기자,C005233,3,건강식품 > 한방재료 > 구기자
옥션2.0,C005237,기타한방재료,C005233,3,건강식품 > 한방재료 > 기타한방재료
옥션2.0,C005238,녹용,C005233,3,건강식품 > 한방재료 > 녹용
옥션2.0,C005239,약용버섯,C005233,3,건강식품 > 한방재료 > 약용버섯
옥션2.0,C005240,어성초,C005233,3,건강식품 > 한방재료 > 어성초
옥션2.0,C005241,오미자,C005233,3,건강식품 > 한방재료 > 오미자
옥션2.0,C005242,헛개나무,C005233,3,건강식품 > 한방재료 > 헛개나무
옥션2.0,C005244,홍삼/인삼,C005176,2,건강식품 > 홍삼/인삼
옥션2.0,C005243,건삼,C005244,3,건강식품 > 홍삼/인삼 > 건삼
옥션2.0,C005245,산삼,C005244,3,건강식품 > 홍삼/인삼 > 산삼
옥션2.0,C005246,수삼,C005244,3,건강식품 > 홍삼/인삼 > 수삼
옥션2.0,C005247,홍삼,C005244,3,건강식품 > 홍삼/인삼 > 홍삼
옥션2.0,C005250,게임,ROOT,1,게임
옥션2.0,C005249,게임기,C005250,2,게임 > 게임기
옥션2.0,C005248,가정용게임기,C005249,3,게임 > 게임기 > 가정용게임기
옥션2.0,C005251,레트로/기타게임기,C005249,3,게임 > 게임기 > 레트로/기타게임기
옥션2.0,C005252,휴대용게임기,C005249,3,게임 > 게임기 > 휴대용게임기
옥션2.0,C005254,게임용품,C005250,2,게임 > 게임용품
옥션2.0,C005253,게임기액정보호필름,C005254,3,게임 > 게임용품 > 게임기액정보호필름
옥션2.0,C005255,게임기충전기/케이블,C005254,3,게임 > 게임용품 > 게임기충전기/케이블
옥션2.0,C005256,게임기케이스,C005254,3,게임 > 게임용품 > 게임기케이스
옥션2.0,C005257,게임컨트롤러,C005254,3,게임 > 게임용품 > 게임컨트롤러
옥션2.0,C005258,기타게임용품,C005254,3,게임 > 게임용품 > 기타게임용품
옥션2.0,C005260,게임타이틀,C005250,2,게임 > 게임타이틀
옥션2.0,C005259,게임다운로드코드,C005260,3,게임 > 게임타이틀 > 게임다운로드코드
옥션2.0,C005261,게임칩/디스크,C005260,3,게임 > 게임타이틀 > 게임칩/디스크
옥션2.0,C005264,계절가전,ROOT,1,계절가전
옥션2.0,C005263,공기청정기,C005264,2,계절가전 > 공기청정기
옥션2.0,C005262,공기청정기,C005263,3,계절가전 > 공기청정기 > 공기청정기
옥션2.0,C005265,공기청정기필터,C005263,3,계절가전 > 공기청정기 > 공기청정기필터
옥션2.0,C005266,공기측정기,C005263,3,계절가전 > 공기청정기 > 공기측정기
옥션2.0,C005268,난방기기,C005264,2,계절가전 > 난방기기
옥션2.0,C005267,난로,C005268,3,계절가전 > 난방기기 > 난로
옥션2.0,C005269,난방기기용품,C005268,3,계절가전 > 난방기기 > 난방기기용품
옥션2.0,C005270,돈풍기/석유난로,C005268,3,계절가전 > 난방기기 > 돈풍기/석유난로
옥션2.0,C005271,라디에이터,C005268,3,계절가전 > 난방기기 > 라디에이터
옥션2.0,C005272,발난로,C005268,3,계절가전 > 난방기기 > 발난로
옥션2.0,C005273,보일러,C005268,3,계절가전 > 난방기기 > 보일러
옥션2.0,C005274,손난로,C005268,3,계절가전 > 난방기기 > 손난로
옥션2.0,C005275,온수기,C005268,3,계절가전 > 난방기기 > 온수기
옥션2.0,C005276,온풍기,C005268,3,계절가전 > 난방기기 > 온풍기
옥션2.0,C005277,전기히터,C005268,3,계절가전 > 난방기기 > 전기히터
옥션2.0,C005279,난방매트,C005264,2,계절가전 > 난방매트
옥션2.0,C005278,난방매트용품,C005279,3,계절가전 > 난방매트 > 난방매트용품
옥션2.0,C005280,온수매트,C005279,3,계절가전 > 난방매트 > 온수매트
옥션2.0,C005281,전기매트,C005279,3,계절가전 > 난방매트 > 전기매트
옥션2.0,C005282,전기방석,C005279,3,계절가전 > 난방매트 > 전기방석
옥션2.0,C005283,전기요/전기장판,C005279,3,계절가전 > 난방매트 > 전기요/전기장판
옥션2.0,C005285,냉방기기,C005264,2,계절가전 > 냉방기기
옥션2.0,C005284,냉방기기용품,C005285,3,계절가전 > 냉방기기 > 냉방기기용품
옥션2.0,C005286,냉풍기,C005285,3,계절가전 > 냉방기기 > 냉풍기
옥션2.0,C005287,냉풍매트,C005285,3,계절가전 > 냉방기기 > 냉풍매트
옥션2.0,C005288,선풍기,C005285,3,계절가전 > 냉방기기 > 선풍기
옥션2.0,C005289,써큘레이터,C005285,3,계절가전 > 냉방기기 > 써큘레이터
옥션2.0,C005290,에어커튼,C005285,3,계절가전 > 냉방기기 > 에어커튼
옥션2.0,C005291,타워팬,C005285,3,계절가전 > 냉방기기 > 타워팬
옥션2.0,C005293,습도조절기기,C005264,2,계절가전 > 습도조절기기
옥션2.0,C005292,가습기,C005293,3,계절가전 > 습도조절기기 > 가습기
옥션2.0,C005294,에어워셔,C005293,3,계절가전 > 습도조절기기 > 에어워셔
옥션2.0,C005295,제습기,C005293,3,계절가전 > 습도조절기기 > 제습기
옥션2.0,C005296,제습기악세사리,C005293,3,계절가전 > 습도조절기기 > 제습기악세사리
옥션2.0,C005298,에어컨,C005264,2,계절가전 > 에어컨
옥션2.0,C005297,멀티에어컨,C005298,3,계절가전 > 에어컨 > 멀티에어컨
옥션2.0,C005299,벽걸이에어컨,C005298,3,계절가전 > 에어컨 > 벽걸이에어컨
옥션2.0,C005300,스탠드에어컨,C005298,3,계절가전 > 에어컨 > 스탠드에어컨
옥션2.0,C005301,업소용냉난방기,C005298,3,계절가전 > 에어컨 > 업소용냉난방기
옥션2.0,C005302,이동식에어컨,C005298,3,계절가전 > 에어컨 > 이동식에어컨
옥션2.0,C005303,창문형에어컨,C005298,3,계절가전 > 에어컨 > 창문형에어컨
옥션2.0,C005304,천장형에어컨,C005298,3,계절가전 > 에어컨 > 천장형에어컨
옥션2.0,C005306,에어컨용품,C005264,2,계절가전 > 에어컨용품
옥션2.0,C005305,기타에어컨용품,C005306,3,계절가전 > 에어컨용품 > 기타에어컨용품
옥션2.0,C005307,에어컨리모컨,C005306,3,계절가전 > 에어컨용품 > 에어컨리모컨
옥션2.0,C005308,에어컨필터,C005306,3,계절가전 > 에어컨용품 > 에어컨필터
옥션2.0,C005310,해충퇴치기,C005264,2,계절가전 > 해충퇴치기
옥션2.0,C005309,모기/해충퇴치기,C005310,3,계절가전 > 해충퇴치기 > 모기/해충퇴치기
옥션2.0,C005311,해충퇴치기기용품,C005310,3,계절가전 > 해충퇴치기 > 해충퇴치기기용품
옥션2.0,C005314,골프,ROOT,1,골프
옥션2.0,C005313,골프공,C005314,2,골프 > 골프공
옥션2.0,C005312,골프공,C005313,3,골프 > 골프공 > 골프공
옥션2.0,C005315,로스트볼,C005313,3,골프 > 골프공 > 로스트볼
옥션2.0,C005317,골프백,C005314,2,골프 > 골프백
옥션2.0,C005316,골프백세트,C005317,3,골프 > 골프백 > 골프백세트
옥션2.0,C005318,골프백용품,C005317,3,골프 > 골프백 > 골프백용품
옥션2.0,C005319,골프보스턴백,C005317,3,골프 > 골프백 > 골프보스턴백
옥션2.0,C005320,골프볼파우치,C005317,3,골프 > 골프백 > 골프볼파우치
옥션2.0,C005321,골프화주머니,C005317,3,골프 > 골프백 > 골프화주머니
옥션2.0,C005322,기타골프백,C005317,3,골프 > 골프백 > 기타골프백
옥션2.0,C005323,캐디백,C005317,3,골프 > 골프백 > 캐디백
옥션2.0,C005324,하프백,C005317,3,골프 > 골프백 > 하프백
옥션2.0,C005325,항공커버,C005317,3,골프 > 골프백 > 항공커버
옥션2.0,C005327,골프연습용품,C005314,2,골프 > 골프연습용품
옥션2.0,C005326,기타골프연습용품,C005327,3,골프 > 골프연습용품 > 기타골프연습용품
옥션2.0,C005328,스윙네트/매트,C005327,3,골프 > 골프연습용품 > 스윙네트/매트
옥션2.0,C005329,스윙연습기,C005327,3,골프 > 골프연습용품 > 스윙연습기
옥션2.0,C005330,스윙자세교정기,C005327,3,골프 > 골프연습용품 > 스윙자세교정기
옥션2.0,C005331,실외연습용품,C005327,3,골프 > 골프연습용품 > 실외연습용품
옥션2.0,C005332,퍼팅매트,C005327,3,골프 > 골프연습용품 > 퍼팅매트
옥션2.0,C005333,퍼팅인조잔디,C005327,3,골프 > 골프연습용품 > 퍼팅인조잔디
옥션2.0,C005335,골프잡화,C005314,2,골프 > 골프잡화
옥션2.0,C005334,골프모자,C005335,3,골프 > 골프잡화 > 골프모자
옥션2.0,C005336,골프벨트,C005335,3,골프 > 골프잡화 > 골프벨트
옥션2.0,C005337,골프양말,C005335,3,골프 > 골프잡화 > 골프양말
옥션2.0,C005338,골프장갑,C005335,3,골프 > 골프잡화 > 골프장갑
옥션2.0,C005339,골프화스파이크,C005335,3,골프 > 골프잡화 > 골프화스파이크
옥션2.0,C005341,골프클럽,C005314,2,골프 > 골프클럽
옥션2.0,C005340,골프클럽세트,C005341,3,골프 > 골프클럽 > 골프클럽세트
옥션2.0,C005342,드라이버,C005341,3,골프 > 골프클럽 > 드라이버
옥션2.0,C005343,아이언,C005341,3,골프 > 골프클럽 > 아이언
옥션2.0,C005344,웨지,C005341,3,골프 > 골프클럽 > 웨지
옥션2.0,C005345,유틸리티우드,C005341,3,골프 > 골프클럽 > 유틸리티우드
옥션2.0,C005346,퍼터,C005341,3,골프 > 골프클럽 > 퍼터
옥션2.0,C005347,페어웨이우드,C005341,3,골프 > 골프클럽 > 페어웨이우드
옥션2.0,C005349,골프피팅,C005314,2,골프 > 골프피팅
옥션2.0,C005348,그립피팅,C005349,3,골프 > 골프피팅 > 그립피팅
옥션2.0,C005350,기타골프피팅,C005349,3,골프 > 골프피팅 > 기타골프피팅
옥션2.0,C005351,샤프트피팅,C005349,3,골프 > 골프피팅 > 샤프트피팅
옥션2.0,C005352,헤드피팅,C005349,3,골프 > 골프피팅 > 헤드피팅
옥션2.0,C005354,골프화,C005314,2,골프 > 골프화
옥션2.0,C005353,남성골프화,C005354,3,골프 > 골프화 > 남성골프화
옥션2.0,C005355,여성골프화,C005354,3,골프 > 골프화 > 여성골프화
옥션2.0,C005357,남성골프의류,C005314,2,골프 > 남성골프의류
옥션2.0,C005356,골프니트,C005357,3,골프 > 남성골프의류 > 골프니트
옥션2.0,C005358,골프바지,C005357,3,골프 > 남성골프의류 > 골프바지
옥션2.0,C005359,골프재킷,C005357,3,골프 > 남성골프의류 > 골프재킷
옥션2.0,C005360,골프점퍼,C005357,3,골프 > 남성골프의류 > 골프점퍼
옥션2.0,C005361,골프조끼,C005357,3,골프 > 남성골프의류 > 골프조끼
옥션2.0,C005362,골프티셔츠,C005357,3,골프 > 남성골프의류 > 골프티셔츠
옥션2.0,C005363,기타남성골프의류,C005357,3,골프 > 남성골프의류 > 기타남성골프의류
옥션2.0,C005365,여성골프의류,C005314,2,골프 > 여성골프의류
옥션2.0,C005364,골프니트,C005365,3,골프 > 여성골프의류 > 골프니트
옥션2.0,C005366,골프바지,C005365,3,골프 > 여성골프의류 > 골프바지
옥션2.0,C005367,골프스커트,C005365,3,골프 > 여성골프의류 > 골프스커트
옥션2.0,C005368,골프원피스,C005365,3,골프 > 여성골프의류 > 골프원피스
옥션2.0,C005369,골프재킷,C005365,3,골프 > 여성골프의류 > 골프재킷
옥션2.0,C005370,골프점퍼,C005365,3,골프 > 여성골프의류 > 골프점퍼
옥션2.0,C005371,골프조끼,C005365,3,골프 > 여성골프의류 > 골프조끼
옥션2.0,C005372,골프티셔츠,C005365,3,골프 > 여성골프의류 > 골프티셔츠
옥션2.0,C005373,기타여성골프의류,C005365,3,골프 > 여성골프의류 > 기타여성골프의류
옥션2.0,C005375,필드용품,C005314,2,골프 > 필드용품
옥션2.0,C005374,거리측정기,C005375,3,골프 > 필드용품 > 거리측정기
옥션2.0,C005376,골프우산,C005375,3,골프 > 필드용품 > 골프우산
옥션2.0,C005377,골프채그립,C005375,3,골프 > 필드용품 > 골프채그립
옥션2.0,C005378,골프티,C005375,3,골프 > 필드용품 > 골프티
옥션2.0,C005379,기타필드용품,C005375,3,골프 > 필드용품 > 기타필드용품
옥션2.0,C005380,볼라이너,C005375,3,골프 > 필드용품 > 볼라이너
옥션2.0,C005381,볼마커,C005375,3,골프 > 필드용품 > 볼마커
옥션2.0,C005382,클럽커버,C005375,3,골프 > 필드용품 > 클럽커버
옥션2.0,C005385,공구/안전/산업용품,ROOT,1,공구/안전/산업용품
옥션2.0,C005384,건전지/충전지,C005385,2,공구/안전/산업용품 > 건전지/충전지
옥션2.0,C005383,건전지,C005384,3,공구/안전/산업용품 > 건전지/충전지 > 건전지
옥션2.0,C005386,건전지충전기,C005384,3,공구/안전/산업용품 > 건전지/충전지 > 건전지충전기
옥션2.0,C005387,기타전지,C005384,3,공구/안전/산업용품 > 건전지/충전지 > 기타전지
옥션2.0,C005388,충전지,C005384,3,공구/안전/산업용품 > 건전지/충전지 > 충전지
옥션2.0,C005390,건축자재,C005385,2,공구/안전/산업용품 > 건축자재
옥션2.0,C005389,금속자재,C005390,3,공구/안전/산업용품 > 건축자재 > 금속자재
옥션2.0,C005391,기타건축자재,C005390,3,공구/안전/산업용품 > 건축자재 > 기타건축자재
옥션2.0,C005392,단열자재,C005390,3,공구/안전/산업용품 > 건축자재 > 단열자재
옥션2.0,C005393,목재,C005390,3,공구/안전/산업용품 > 건축자재 > 목재
옥션2.0,C005394,방음/흡음자재,C005390,3,공구/안전/산업용품 > 건축자재 > 방음/흡음자재
옥션2.0,C005395,석재,C005390,3,공구/안전/산업용품 > 건축자재 > 석재
옥션2.0,C005396,시멘트/몰탈,C005390,3,공구/안전/산업용품 > 건축자재 > 시멘트/몰탈
옥션2.0,C005397,인테리어자재,C005390,3,공구/안전/산업용품 > 건축자재 > 인테리어자재
옥션2.0,C005398,포장자재,C005390,3,공구/안전/산업용품 > 건축자재 > 포장자재
옥션2.0,C005400,농기계/농기구,C005385,2,공구/안전/산업용품 > 농기계/농기구
옥션2.0,C005399,관수용품,C005400,3,공구/안전/산업용품 > 농기계/농기구 > 관수용품
옥션2.0,C005401,굴착기,C005400,3,공구/안전/산업용품 > 농기계/농기구 > 굴착기
옥션2.0,C005402,기타농기계/농기구,C005400,3,공구/안전/산업용품 > 농기계/농기구 > 기타농기계/농기구
옥션2.0,C005403,농업용분무기,C005400,3,공구/안전/산업용품 > 농기계/농기구 > 농업용분무기
옥션2.0,C005404,농업용파쇄기,C005400,3,공구/안전/산업용품 > 농기계/농기구 > 농업용파쇄기
옥션2.0,C005405,비닐피복기/파종기,C005400,3,공구/안전/산업용품 > 농기계/농기구 > 비닐피복기/파종기
옥션2.0,C005406,비료살포기,C005400,3,공구/안전/산업용품 > 농기계/농기구 > 비료살포기
옥션2.0,C005407,선별기,C005400,3,공구/안전/산업용품 > 농기계/농기구 > 선별기
옥션2.0,C005408,스프링쿨러,C005400,3,공구/안전/산업용품 > 농기계/농기구 > 스프링쿨러
옥션2.0,C005409,연막소독기/방역기계,C005400,3,공구/안전/산업용품 > 농기계/농기구 > 연막소독기/방역기계
옥션2.0,C005410,정미기/탈곡기,C005400,3,공구/안전/산업용품 > 농기계/농기구 > 정미기/탈곡기
옥션2.0,C005411,텃밭관리기/트랙터,C005400,3,공구/안전/산업용품 > 농기계/농기구 > 텃밭관리기/트랙터
옥션2.0,C005413,보수용품,C005385,2,공구/안전/산업용품 > 보수용품
옥션2.0,C005412,글루건,C005413,3,공구/안전/산업용품 > 보수용품 > 글루건
옥션2.0,C005414,기타보수용품,C005413,3,공구/안전/산업용품 > 보수용품 > 기타보수용품
옥션2.0,C005415,보수용스프레이,C005413,3,공구/안전/산업용품 > 보수용품 > 보수용스프레이
옥션2.0,C005416,산업용세정제,C005413,3,공구/안전/산업용품 > 보수용품 > 산업용세정제
옥션2.0,C005417,실리콘,C005413,3,공구/안전/산업용품 > 보수용품 > 실리콘
옥션2.0,C005418,윤활유,C005413,3,공구/안전/산업용품 > 보수용품 > 윤활유
옥션2.0,C005419,접착제,C005413,3,공구/안전/산업용품 > 보수용품 > 접착제
옥션2.0,C005421,보험잔존물,C005385,2,공구/안전/산업용품 > 보험잔존물
옥션2.0,C005420,보험잔존물,C005421,3,공구/안전/산업용품 > 보험잔존물 > 보험잔존물
옥션2.0,C005423,산업기기,C005385,2,공구/안전/산업용품 > 산업기기
옥션2.0,C005422,고압세척기,C005423,3,공구/안전/산업용품 > 산업기기 > 고압세척기
옥션2.0,C005424,광택기,C005423,3,공구/안전/산업용품 > 산업기기 > 광택기
옥션2.0,C005425,기타산업기기,C005423,3,공구/안전/산업용품 > 산업기기 > 기타산업기기
옥션2.0,C005426,송풍기/브로워,C005423,3,공구/안전/산업용품 > 산업기기 > 송풍기/브로워
옥션2.0,C005427,열풍기,C005423,3,공구/안전/산업용품 > 산업기기 > 열풍기
옥션2.0,C005428,집진기,C005423,3,공구/안전/산업용품 > 산업기기 > 집진기
옥션2.0,C005430,산업용자재,C005385,2,공구/안전/산업용품 > 산업용자재
옥션2.0,C005429,간판/POP,C005430,3,공구/안전/산업용품 > 산업용자재 > 간판/POP
옥션2.0,C005431,마대,C005430,3,공구/안전/산업용품 > 산업용자재 > 마대
옥션2.0,C005432,산업용자재 기타,C005430,3,공구/안전/산업용품 > 산업용자재 > 산업용자재 기타
옥션2.0,C005433,업소집기비품,C005430,3,공구/안전/산업용품 > 산업용자재 > 업소집기비품
옥션2.0,C005434,와이퍼/흡작포,C005430,3,공구/안전/산업용품 > 산업용자재 > 와이퍼/흡작포
옥션2.0,C005435,판촉/홍보물,C005430,3,공구/안전/산업용품 > 산업용자재 > 판촉/홍보물
옥션2.0,C005437,수공구,C005385,2,공구/안전/산업용품 > 수공구
옥션2.0,C005436,공구함/공구가방,C005437,3,공구/안전/산업용품 > 수공구 > 공구함/공구가방
옥션2.0,C005438,기타수공구,C005437,3,공구/안전/산업용품 > 수공구 > 기타수공구
옥션2.0,C005439,대패,C005437,3,공구/안전/산업용품 > 수공구 > 대패
옥션2.0,C005440,도끼,C005437,3,공구/안전/산업용품 > 수공구 > 도끼
옥션2.0,C005441,드라이버,C005437,3,공구/안전/산업용품 > 수공구 > 드라이버
옥션2.0,C005442,렌치/복스/몽키,C005437,3,공구/안전/산업용품 > 수공구 > 렌치/복스/몽키
옥션2.0,C005443,망치,C005437,3,공구/안전/산업용품 > 수공구 > 망치
옥션2.0,C005444,샌딩스펀지/사포,C005437,3,공구/안전/산업용품 > 수공구 > 샌딩스펀지/사포
옥션2.0,C005445,수공구세트,C005437,3,공구/안전/산업용품 > 수공구 > 수공구세트
옥션2.0,C005446,스크래퍼/헤라,C005437,3,공구/안전/산업용품 > 수공구 > 스크래퍼/헤라
옥션2.0,C005447,스패너,C005437,3,공구/안전/산업용품 > 수공구 > 스패너
옥션2.0,C005448,작업대,C005437,3,공구/안전/산업용품 > 수공구 > 작업대
옥션2.0,C005449,클램프/바이스,C005437,3,공구/안전/산업용품 > 수공구 > 클램프/바이스
옥션2.0,C005450,타카/타카핀,C005437,3,공구/안전/산업용품 > 수공구 > 타카/타카핀
옥션2.0,C005451,톱,C005437,3,공구/안전/산업용품 > 수공구 > 톱
옥션2.0,C005452,펜치/니퍼,C005437,3,공구/안전/산업용품 > 수공구 > 펜치/니퍼
옥션2.0,C005453,플라이어,C005437,3,공구/안전/산업용품 > 수공구 > 플라이어
옥션2.0,C005454,핀셋,C005437,3,공구/안전/산업용품 > 수공구 > 핀셋
옥션2.0,C005455,함석가위/전지가위,C005437,3,공구/안전/산업용품 > 수공구 > 함석가위/전지가위
옥션2.0,C005456,확관기,C005437,3,공구/안전/산업용품 > 수공구 > 확관기
옥션2.0,C005458,안전보호구,C005385,2,공구/안전/산업용품 > 안전보호구
옥션2.0,C005457,기타안전보호구,C005458,3,공구/안전/산업용품 > 안전보호구 > 기타안전보호구
옥션2.0,C005459,라텍스/니트릴장갑,C005458,3,공구/안전/산업용품 > 안전보호구 > 라텍스/니트릴장갑
옥션2.0,C005460,방진복/보호복,C005458,3,공구/안전/산업용품 > 안전보호구 > 방진복/보호복
옥션2.0,C005461,보안경,C005458,3,공구/안전/산업용품 > 안전보호구 > 보안경
옥션2.0,C005462,산업용귀마개,C005458,3,공구/안전/산업용품 > 안전보호구 > 산업용귀마개
옥션2.0,C005463,산업용마스크,C005458,3,공구/안전/산업용품 > 안전보호구 > 산업용마스크
옥션2.0,C005464,안전모,C005458,3,공구/안전/산업용품 > 안전보호구 > 안전모
옥션2.0,C005465,안전벨트/그네,C005458,3,공구/안전/산업용품 > 안전보호구 > 안전벨트/그네
옥션2.0,C005466,안전복/작업복,C005458,3,공구/안전/산업용품 > 안전보호구 > 안전복/작업복
옥션2.0,C005467,안전화,C005458,3,공구/안전/산업용품 > 안전보호구 > 안전화
옥션2.0,C005468,용접장갑/알곤장갑,C005458,3,공구/안전/산업용품 > 안전보호구 > 용접장갑/알곤장갑
옥션2.0,C005469,코팅장갑/면장갑,C005458,3,공구/안전/산업용품 > 안전보호구 > 코팅장갑/면장갑
옥션2.0,C005471,안전용품,C005385,2,공구/안전/산업용품 > 안전용품
옥션2.0,C005470,가스/화재감지기,C005471,3,공구/안전/산업용품 > 안전용품 > 가스/화재감지기
옥션2.0,C005472,고무판/고무매트,C005471,3,공구/안전/산업용품 > 안전용품 > 고무판/고무매트
옥션2.0,C005473,기타안전용품,C005471,3,공구/안전/산업용품 > 안전용품 > 기타안전용품
옥션2.0,C005474,로프,C005471,3,공구/안전/산업용품 > 안전용품 > 로프
옥션2.0,C005475,미끄럼방지용품,C005471,3,공구/안전/산업용품 > 안전용품 > 미끄럼방지용품
옥션2.0,C005476,소화기/소방용품,C005471,3,공구/안전/산업용품 > 안전용품 > 소화기/소방용품
옥션2.0,C005477,안전표시/신호,C005471,3,공구/안전/산업용품 > 안전용품 > 안전표시/신호
옥션2.0,C005478,작업등,C005471,3,공구/안전/산업용품 > 안전용품 > 작업등
옥션2.0,C005479,제설용품,C005471,3,공구/안전/산업용품 > 안전용품 > 제설용품
옥션2.0,C005480,철망/펜스,C005471,3,공구/안전/산업용품 > 안전용품 > 철망/펜스
옥션2.0,C005482,에어/유압공구,C005385,2,공구/안전/산업용품 > 에어/유압공구
옥션2.0,C005481,기타에어/유압공구,C005482,3,공구/안전/산업용품 > 에어/유압공구 > 기타에어/유압공구
옥션2.0,C005483,압착기,C005482,3,공구/안전/산업용품 > 에어/유압공구 > 압착기
옥션2.0,C005484,에어건,C005482,3,공구/안전/산업용품 > 에어/유압공구 > 에어건
옥션2.0,C005485,에어렌치,C005482,3,공구/안전/산업용품 > 에어/유압공구 > 에어렌치
옥션2.0,C005486,에어스프레이건,C005482,3,공구/안전/산업용품 > 에어/유압공구 > 에어스프레이건
옥션2.0,C005487,에어컴프레서,C005482,3,공구/안전/산업용품 > 에어/유압공구 > 에어컴프레서
옥션2.0,C005488,에어타카,C005482,3,공구/안전/산업용품 > 에어/유압공구 > 에어타카
옥션2.0,C005489,에어호스/게이지,C005482,3,공구/안전/산업용품 > 에어/유압공구 > 에어호스/게이지
옥션2.0,C005490,유압도끼/장작패기,C005482,3,공구/안전/산업용품 > 에어/유압공구 > 유압도끼/장작패기
옥션2.0,C005491,유압절단기,C005482,3,공구/안전/산업용품 > 에어/유압공구 > 유압절단기
옥션2.0,C005493,예초기,C005385,2,공구/안전/산업용품 > 예초기
옥션2.0,C005492,가스예초기,C005493,3,공구/안전/산업용품 > 예초기 > 가스예초기
옥션2.0,C005494,엔진예초기,C005493,3,공구/안전/산업용품 > 예초기 > 엔진예초기
옥션2.0,C005495,예초기용품,C005493,3,공구/안전/산업용품 > 예초기 > 예초기용품
옥션2.0,C005496,잔디깎기,C005493,3,공구/안전/산업용품 > 예초기 > 잔디깎기
옥션2.0,C005497,충전예초기,C005493,3,공구/안전/산업용품 > 예초기 > 충전예초기
옥션2.0,C005499,용접공구,C005385,2,공구/안전/산업용품 > 용접공구
옥션2.0,C005498,기타용접공구,C005499,3,공구/안전/산업용품 > 용접공구 > 기타용접공구
옥션2.0,C005500,용접기,C005499,3,공구/안전/산업용품 > 용접공구 > 용접기
옥션2.0,C005501,용접면,C005499,3,공구/안전/산업용품 > 용접공구 > 용접면
옥션2.0,C005502,용접봉,C005499,3,공구/안전/산업용품 > 용접공구 > 용접봉
옥션2.0,C005503,용접용품,C005499,3,공구/안전/산업용품 > 용접공구 > 용접용품
옥션2.0,C005504,용접절단기/해빙기,C005499,3,공구/안전/산업용품 > 용접공구 > 용접절단기/해빙기
옥션2.0,C005505,인두기,C005499,3,공구/안전/산업용품 > 용접공구 > 인두기
옥션2.0,C005506,인두용품,C005499,3,공구/안전/산업용품 > 용접공구 > 인두용품
옥션2.0,C005508,운반용품,C005385,2,공구/안전/산업용품 > 운반용품
옥션2.0,C005507,기타운반용품,C005508,3,공구/안전/산업용품 > 운반용품 > 기타운반용품
옥션2.0,C005509,사다리,C005508,3,공구/안전/산업용품 > 운반용품 > 사다리
옥션2.0,C005510,윈치/호이스트,C005508,3,공구/안전/산업용품 > 운반용품 > 윈치/호이스트
옥션2.0,C005511,파렛트/파렛트트럭,C005508,3,공구/안전/산업용품 > 운반용품 > 파렛트/파렛트트럭
옥션2.0,C005512,핸드카트/운반기,C005508,3,공구/안전/산업용품 > 운반용품 > 핸드카트/운반기
옥션2.0,C005513,핸드카트/운반기부품,C005508,3,공구/안전/산업용품 > 운반용품 > 핸드카트/운반기부품
옥션2.0,C005515,전기용품,C005385,2,공구/안전/산업용품 > 전기용품
옥션2.0,C005514,기타전기용품,C005515,3,공구/안전/산업용품 > 전기용품 > 기타전기용품
옥션2.0,C005516,누전차단기,C005515,3,공구/안전/산업용품 > 전기용품 > 누전차단기
옥션2.0,C005517,멀티탭,C005515,3,공구/안전/산업용품 > 전기용품 > 멀티탭
옥션2.0,C005518,변압기/승압기,C005515,3,공구/안전/산업용품 > 전기용품 > 변압기/승압기
옥션2.0,C005519,수축튜브,C005515,3,공구/안전/산업용품 > 전기용품 > 수축튜브
옥션2.0,C005520,스위치/콘센트,C005515,3,공구/안전/산업용품 > 전기용품 > 스위치/콘센트
옥션2.0,C005521,전선/케이블,C005515,3,공구/안전/산업용품 > 전기용품 > 전선/케이블
옥션2.0,C005522,전선릴,C005515,3,공구/안전/산업용품 > 전기용품 > 전선릴
옥션2.0,C005523,전선몰딩,C005515,3,공구/안전/산업용품 > 전기용품 > 전선몰딩
옥션2.0,C005524,절연테이프,C005515,3,공구/안전/산업용품 > 전기용품 > 절연테이프
옥션2.0,C005525,환풍기,C005515,3,공구/안전/산업용품 > 전기용품 > 환풍기
옥션2.0,C005527,전동공구,C005385,2,공구/안전/산업용품 > 전동공구
옥션2.0,C005526,기타전동공구,C005527,3,공구/안전/산업용품 > 전동공구 > 기타전동공구
옥션2.0,C005528,드릴비트,C005527,3,공구/안전/산업용품 > 전동공구 > 드릴비트
옥션2.0,C005529,임팩트렌치,C005527,3,공구/안전/산업용품 > 전동공구 > 임팩트렌치
옥션2.0,C005530,전기드릴,C005527,3,공구/안전/산업용품 > 전동공구 > 전기드릴
옥션2.0,C005531,전동 전지가위,C005527,3,공구/안전/산업용품 > 전동공구 > 전동 전지가위
옥션2.0,C005532,전동공구배터리/용품,C005527,3,공구/안전/산업용품 > 전동공구 > 전동공구배터리/용품
옥션2.0,C005533,전동공구세트,C005527,3,공구/안전/산업용품 > 전동공구 > 전동공구세트
옥션2.0,C005534,충전드라이버,C005527,3,공구/안전/산업용품 > 전동공구 > 충전드라이버
옥션2.0,C005535,충전드릴,C005527,3,공구/안전/산업용품 > 전동공구 > 충전드릴
옥션2.0,C005536,코아드릴,C005527,3,공구/안전/산업용품 > 전동공구 > 코아드릴
옥션2.0,C005537,파이프머신,C005527,3,공구/안전/산업용품 > 전동공구 > 파이프머신
옥션2.0,C005538,해머드릴,C005527,3,공구/안전/산업용품 > 전동공구 > 해머드릴
옥션2.0,C005540,절삭공구,C005385,2,공구/안전/산업용품 > 절삭공구
옥션2.0,C005539,각도절단기,C005540,3,공구/안전/산업용품 > 절삭공구 > 각도절단기
옥션2.0,C005541,고속절단기,C005540,3,공구/안전/산업용품 > 절삭공구 > 고속절단기
옥션2.0,C005542,그라인더,C005540,3,공구/안전/산업용품 > 절삭공구 > 그라인더
옥션2.0,C005543,기타절삭공구,C005540,3,공구/안전/산업용품 > 절삭공구 > 기타절삭공구
옥션2.0,C005544,디스크/페이퍼,C005540,3,공구/안전/산업용품 > 절삭공구 > 디스크/페이퍼
옥션2.0,C005545,루터기,C005540,3,공구/안전/산업용품 > 절삭공구 > 루터기
옥션2.0,C005546,샌더기,C005540,3,공구/안전/산업용품 > 절삭공구 > 샌더기
옥션2.0,C005547,엔진톱,C005540,3,공구/안전/산업용품 > 절삭공구 > 엔진톱
옥션2.0,C005548,원형톱,C005540,3,공구/안전/산업용품 > 절삭공구 > 원형톱
옥션2.0,C005549,전기톱,C005540,3,공구/안전/산업용품 > 절삭공구 > 전기톱
옥션2.0,C005550,절단석/연마석,C005540,3,공구/안전/산업용품 > 절삭공구 > 절단석/연마석
옥션2.0,C005551,절삭공구용품,C005540,3,공구/안전/산업용품 > 절삭공구 > 절삭공구용품
옥션2.0,C005552,조각기,C005540,3,공구/안전/산업용품 > 절삭공구 > 조각기
옥션2.0,C005553,직소기,C005540,3,공구/안전/산업용품 > 절삭공구 > 직소기
옥션2.0,C005554,타일절단기,C005540,3,공구/안전/산업용품 > 절삭공구 > 타일절단기
옥션2.0,C005555,탭/다이스,C005540,3,공구/안전/산업용품 > 절삭공구 > 탭/다이스
옥션2.0,C005556,테이블톱,C005540,3,공구/안전/산업용품 > 절삭공구 > 테이블톱
옥션2.0,C005557,톱날,C005540,3,공구/안전/산업용품 > 절삭공구 > 톱날
옥션2.0,C005558,트리머,C005540,3,공구/안전/산업용품 > 절삭공구 > 트리머
옥션2.0,C005560,철물용품,C005385,2,공구/안전/산업용품 > 철물용품
옥션2.0,C005559,경첩,C005560,3,공구/안전/산업용품 > 철물용품 > 경첩
옥션2.0,C005561,기타철물용품,C005560,3,공구/안전/산업용품 > 철물용품 > 기타철물용품
옥션2.0,C005562,니플,C005560,3,공구/안전/산업용품 > 철물용품 > 니플
옥션2.0,C005563,리벳,C005560,3,공구/안전/산업용품 > 철물용품 > 리벳
옥션2.0,C005564,못/나사,C005560,3,공구/안전/산업용품 > 철물용품 > 못/나사
옥션2.0,C005565,배관용품,C005560,3,공구/안전/산업용품 > 철물용품 > 배관용품
옥션2.0,C005566,베어링,C005560,3,공구/안전/산업용품 > 철물용품 > 베어링
옥션2.0,C005567,볼트/너트,C005560,3,공구/안전/산업용품 > 철물용품 > 볼트/너트
옥션2.0,C005568,스프링,C005560,3,공구/안전/산업용품 > 철물용품 > 스프링
옥션2.0,C005569,유니온/조인트,C005560,3,공구/안전/산업용품 > 철물용품 > 유니온/조인트
옥션2.0,C005570,자석,C005560,3,공구/안전/산업용품 > 철물용품 > 자석
옥션2.0,C005571,파이프/튜브,C005560,3,공구/안전/산업용품 > 철물용품 > 파이프/튜브
옥션2.0,C005572,호스/호스릴,C005560,3,공구/안전/산업용품 > 철물용품 > 호스/호스릴
옥션2.0,C005574,측정공구,C005385,2,공구/안전/산업용품 > 측정공구
옥션2.0,C005573,기타측정공구,C005574,3,공구/안전/산업용품 > 측정공구 > 기타측정공구
옥션2.0,C005575,레이저측정기,C005574,3,공구/안전/산업용품 > 측정공구 > 레이저측정기
옥션2.0,C005576,방사능측정기,C005574,3,공구/안전/산업용품 > 측정공구 > 방사능측정기
옥션2.0,C005577,산업용내시경,C005574,3,공구/안전/산업용품 > 측정공구 > 산업용내시경
옥션2.0,C005578,산업용전자저울,C005574,3,공구/안전/산업용품 > 측정공구 > 산업용전자저울
옥션2.0,C005579,산업용줄자/각도기,C005574,3,공구/안전/산업용품 > 측정공구 > 산업용줄자/각도기
옥션2.0,C005580,수평기,C005574,3,공구/안전/산업용품 > 측정공구 > 수평기
옥션2.0,C005581,열화상카메라,C005574,3,공구/안전/산업용품 > 측정공구 > 열화상카메라
옥션2.0,C005582,온도계/습도계,C005574,3,공구/안전/산업용품 > 측정공구 > 온도계/습도계
옥션2.0,C005583,캘리퍼스,C005574,3,공구/안전/산업용품 > 측정공구 > 캘리퍼스
옥션2.0,C005584,테스터기,C005574,3,공구/안전/산업용품 > 측정공구 > 테스터기
옥션2.0,C005585,확대경,C005574,3,공구/안전/산업용품 > 측정공구 > 확대경
옥션2.0,C005587,펌프/발전기,C005385,2,공구/안전/산업용품 > 펌프/발전기
옥션2.0,C005586,기타펌프/발전기,C005587,3,공구/안전/산업용품 > 펌프/발전기 > 기타펌프/발전기
옥션2.0,C005588,모터,C005587,3,공구/안전/산업용품 > 펌프/발전기 > 모터
옥션2.0,C005589,발전기,C005587,3,공구/안전/산업용품 > 펌프/발전기 > 발전기
옥션2.0,C005590,펌프,C005587,3,공구/안전/산업용품 > 펌프/발전기 > 펌프
옥션2.0,C005593,구기/라켓,ROOT,1,구기/라켓
옥션2.0,C005592,기타구기/라켓용품,C005593,2,구기/라켓 > 기타구기/라켓용품
옥션2.0,C005591,기타구기/라켓용품,C005592,3,구기/라켓 > 기타구기/라켓용품 > 기타구기/라켓용품
옥션2.0,C005594,소프트발리볼,C005592,3,구기/라켓 > 기타구기/라켓용품 > 소프트발리볼
옥션2.0,C005595,킨볼/츄크볼,C005592,3,구기/라켓 > 기타구기/라켓용품 > 킨볼/츄크볼
옥션2.0,C005596,티볼,C005592,3,구기/라켓 > 기타구기/라켓용품 > 티볼
옥션2.0,C005597,패드민턴/핸들러,C005592,3,구기/라켓 > 기타구기/라켓용품 > 패드민턴/핸들러
옥션2.0,C005598,프리/소프트테니스,C005592,3,구기/라켓 > 기타구기/라켓용품 > 프리/소프트테니스
옥션2.0,C005599,플라잉디스크,C005592,3,구기/라켓 > 기타구기/라켓용품 > 플라잉디스크
옥션2.0,C005600,플로어볼,C005592,3,구기/라켓 > 기타구기/라켓용품 > 플로어볼
옥션2.0,C005602,농구용품,C005593,2,구기/라켓 > 농구용품
옥션2.0,C005601,기타농구용품,C005602,3,구기/라켓 > 농구용품 > 기타농구용품
옥션2.0,C005603,농구가방,C005602,3,구기/라켓 > 농구용품 > 농구가방
옥션2.0,C005604,농구골대,C005602,3,구기/라켓 > 농구용품 > 농구골대
옥션2.0,C005605,농구공,C005602,3,구기/라켓 > 농구용품 > 농구공
옥션2.0,C005606,농구복,C005602,3,구기/라켓 > 농구용품 > 농구복
옥션2.0,C005607,농구화,C005602,3,구기/라켓 > 농구용품 > 농구화
옥션2.0,C005609,당구용품,C005593,2,구기/라켓 > 당구용품
옥션2.0,C005608,당구공,C005609,3,구기/라켓 > 당구용품 > 당구공
옥션2.0,C005610,당구대,C005609,3,구기/라켓 > 당구용품 > 당구대
옥션2.0,C005611,당구장갑,C005609,3,구기/라켓 > 당구용품 > 당구장갑
옥션2.0,C005612,당구초크,C005609,3,구기/라켓 > 당구용품 > 당구초크
옥션2.0,C005613,당구큐,C005609,3,구기/라켓 > 당구용품 > 당구큐
옥션2.0,C005615,배구용품,C005593,2,구기/라켓 > 배구용품
옥션2.0,C005614,기타배구용품,C005615,3,구기/라켓 > 배구용품 > 기타배구용품
옥션2.0,C005616,배구공,C005615,3,구기/라켓 > 배구용품 > 배구공
옥션2.0,C005617,배구네트,C005615,3,구기/라켓 > 배구용품 > 배구네트
옥션2.0,C005618,배구복,C005615,3,구기/라켓 > 배구용품 > 배구복
옥션2.0,C005619,배구화,C005615,3,구기/라켓 > 배구용품 > 배구화
옥션2.0,C005620,피구공,C005615,3,구기/라켓 > 배구용품 > 피구공
옥션2.0,C005622,배드민턴용품,C005593,2,구기/라켓 > 배드민턴용품
옥션2.0,C005621,배드민턴가방,C005622,3,구기/라켓 > 배드민턴용품 > 배드민턴가방
옥션2.0,C005623,배드민턴거트,C005622,3,구기/라켓 > 배드민턴용품 > 배드민턴거트
옥션2.0,C005624,배드민턴그립,C005622,3,구기/라켓 > 배드민턴용품 > 배드민턴그립
옥션2.0,C005625,배드민턴네트,C005622,3,구기/라켓 > 배드민턴용품 > 배드민턴네트
옥션2.0,C005626,배드민턴라켓,C005622,3,구기/라켓 > 배드민턴용품 > 배드민턴라켓
옥션2.0,C005627,배드민턴복,C005622,3,구기/라켓 > 배드민턴용품 > 배드민턴복
옥션2.0,C005628,배드민턴화,C005622,3,구기/라켓 > 배드민턴용품 > 배드민턴화
옥션2.0,C005629,셔틀콕,C005622,3,구기/라켓 > 배드민턴용품 > 셔틀콕
옥션2.0,C005631,볼링용품,C005593,2,구기/라켓 > 볼링용품
옥션2.0,C005630,기타볼링용품,C005631,3,구기/라켓 > 볼링용품 > 기타볼링용품
옥션2.0,C005632,볼링가방,C005631,3,구기/라켓 > 볼링용품 > 볼링가방
옥션2.0,C005633,볼링공,C005631,3,구기/라켓 > 볼링용품 > 볼링공
옥션2.0,C005634,볼링복,C005631,3,구기/라켓 > 볼링용품 > 볼링복
옥션2.0,C005635,볼링아대,C005631,3,구기/라켓 > 볼링용품 > 볼링아대
옥션2.0,C005636,볼링핀,C005631,3,구기/라켓 > 볼링용품 > 볼링핀
옥션2.0,C005637,볼링화,C005631,3,구기/라켓 > 볼링용품 > 볼링화
옥션2.0,C005639,스쿼시용품,C005593,2,구기/라켓 > 스쿼시용품
옥션2.0,C005638,스쿼시거트,C005639,3,구기/라켓 > 스쿼시용품 > 스쿼시거트
옥션2.0,C005640,스쿼시공,C005639,3,구기/라켓 > 스쿼시용품 > 스쿼시공
옥션2.0,C005641,스쿼시라켓,C005639,3,구기/라켓 > 스쿼시용품 > 스쿼시라켓
옥션2.0,C005642,스쿼시보호안경,C005639,3,구기/라켓 > 스쿼시용품 > 스쿼시보호안경
옥션2.0,C005644,야구용품,C005593,2,구기/라켓 > 야구용품
옥션2.0,C005643,기타야구용품,C005644,3,구기/라켓 > 야구용품 > 기타야구용품
옥션2.0,C005645,배팅연습용품,C005644,3,구기/라켓 > 야구용품 > 배팅연습용품
옥션2.0,C005646,야구가방,C005644,3,구기/라켓 > 야구용품 > 야구가방
옥션2.0,C005647,야구공,C005644,3,구기/라켓 > 야구용품 > 야구공
옥션2.0,C005648,야구글러브,C005644,3,구기/라켓 > 야구용품 > 야구글러브
옥션2.0,C005649,야구배트,C005644,3,구기/라켓 > 야구용품 > 야구배트
옥션2.0,C005650,야구보호대,C005644,3,구기/라켓 > 야구용품 > 야구보호대
옥션2.0,C005651,야구장갑,C005644,3,구기/라켓 > 야구용품 > 야구장갑
옥션2.0,C005652,야구헬멧,C005644,3,구기/라켓 > 야구용품 > 야구헬멧
옥션2.0,C005653,야구화,C005644,3,구기/라켓 > 야구용품 > 야구화
옥션2.0,C005654,타자보호대,C005644,3,구기/라켓 > 야구용품 > 타자보호대
옥션2.0,C005655,포수장비,C005644,3,구기/라켓 > 야구용품 > 포수장비
옥션2.0,C005657,야구의류/잡화,C005593,2,구기/라켓 > 야구의류/잡화
옥션2.0,C005656,기타야구잡화,C005657,3,구기/라켓 > 야구의류/잡화 > 기타야구잡화
옥션2.0,C005658,야구모자,C005657,3,구기/라켓 > 야구의류/잡화 > 야구모자
옥션2.0,C005659,야구복,C005657,3,구기/라켓 > 야구의류/잡화 > 야구복
옥션2.0,C005660,야구언더셔츠,C005657,3,구기/라켓 > 야구의류/잡화 > 야구언더셔츠
옥션2.0,C005661,야구점퍼,C005657,3,구기/라켓 > 야구의류/잡화 > 야구점퍼
옥션2.0,C005663,족구용품,C005593,2,구기/라켓 > 족구용품
옥션2.0,C005662,족구공,C005663,3,구기/라켓 > 족구용품 > 족구공
옥션2.0,C005664,족구네트/지주,C005663,3,구기/라켓 > 족구용품 > 족구네트/지주
옥션2.0,C005665,족구화,C005663,3,구기/라켓 > 족구용품 > 족구화
옥션2.0,C005667,축구용품,C005593,2,구기/라켓 > 축구용품
옥션2.0,C005666,골대,C005667,3,구기/라켓 > 축구용품 > 골대
옥션2.0,C005668,골키퍼장갑,C005667,3,구기/라켓 > 축구용품 > 골키퍼장갑
옥션2.0,C005669,기타축구용품,C005667,3,구기/라켓 > 축구용품 > 기타축구용품
옥션2.0,C005670,미식축구/럭비공,C005667,3,구기/라켓 > 축구용품 > 미식축구/럭비공
옥션2.0,C005671,정강이보호대,C005667,3,구기/라켓 > 축구용품 > 정강이보호대
옥션2.0,C005672,축구가방,C005667,3,구기/라켓 > 축구용품 > 축구가방
옥션2.0,C005673,축구공,C005667,3,구기/라켓 > 축구용품 > 축구공
옥션2.0,C005674,축구복,C005667,3,구기/라켓 > 축구용품 > 축구복
옥션2.0,C005675,축구양말/스타킹,C005667,3,구기/라켓 > 축구용품 > 축구양말/스타킹
옥션2.0,C005676,축구연습용품,C005667,3,구기/라켓 > 축구용품 > 축구연습용품
옥션2.0,C005677,축구장갑,C005667,3,구기/라켓 > 축구용품 > 축구장갑
옥션2.0,C005678,축구조끼,C005667,3,구기/라켓 > 축구용품 > 축구조끼
옥션2.0,C005679,축구화,C005667,3,구기/라켓 > 축구용품 > 축구화
옥션2.0,C005680,풋살화,C005667,3,구기/라켓 > 축구용품 > 풋살화
옥션2.0,C005682,탁구용품,C005593,2,구기/라켓 > 탁구용품
옥션2.0,C005681,탁구가방/케이스,C005682,3,구기/라켓 > 탁구용품 > 탁구가방/케이스
옥션2.0,C005683,탁구공,C005682,3,구기/라켓 > 탁구용품 > 탁구공
옥션2.0,C005684,탁구네트,C005682,3,구기/라켓 > 탁구용품 > 탁구네트
옥션2.0,C005685,탁구대,C005682,3,구기/라켓 > 탁구용품 > 탁구대
옥션2.0,C005686,탁구라켓,C005682,3,구기/라켓 > 탁구용품 > 탁구라켓
옥션2.0,C005687,탁구러버,C005682,3,구기/라켓 > 탁구용품 > 탁구러버
옥션2.0,C005688,탁구로봇,C005682,3,구기/라켓 > 탁구용품 > 탁구로봇
옥션2.0,C005689,탁구복,C005682,3,구기/라켓 > 탁구용품 > 탁구복
옥션2.0,C005690,탁구화,C005682,3,구기/라켓 > 탁구용품 > 탁구화
옥션2.0,C005692,테니스용품,C005593,2,구기/라켓 > 테니스용품
옥션2.0,C005691,기타테니스용품,C005692,3,구기/라켓 > 테니스용품 > 기타테니스용품
옥션2.0,C005693,라인기,C005692,3,구기/라켓 > 테니스용품 > 라인기
옥션2.0,C005694,테니스가방,C005692,3,구기/라켓 > 테니스용품 > 테니스가방
옥션2.0,C005695,테니스거트,C005692,3,구기/라켓 > 테니스용품 > 테니스거트
옥션2.0,C005696,테니스공,C005692,3,구기/라켓 > 테니스용품 > 테니스공
옥션2.0,C005697,테니스네트,C005692,3,구기/라켓 > 테니스용품 > 테니스네트
옥션2.0,C005698,테니스라켓,C005692,3,구기/라켓 > 테니스용품 > 테니스라켓
옥션2.0,C005699,테니스복,C005692,3,구기/라켓 > 테니스용품 > 테니스복
옥션2.0,C005700,테니스화,C005692,3,구기/라켓 > 테니스용품 > 테니스화
옥션2.0,C005703,꽃/이벤트용품,ROOT,1,꽃/이벤트용품
옥션2.0,C005702,꽃배달서비스,C005703,2,꽃/이벤트용품 > 꽃배달서비스
옥션2.0,C005701,꽃배달서비스,C005702,3,꽃/이벤트용품 > 꽃배달서비스 > 꽃배달서비스
옥션2.0,C005704,화환배달서비스,C005702,3,꽃/이벤트용품 > 꽃배달서비스 > 화환배달서비스
옥션2.0,C005706,선물용꽃/조화,C005703,2,꽃/이벤트용품 > 선물용꽃/조화
옥션2.0,C005705,금꽃,C005706,3,꽃/이벤트용품 > 선물용꽃/조화 > 금꽃
옥션2.0,C005707,기타선물용꽃,C005706,3,꽃/이벤트용품 > 선물용꽃/조화 > 기타선물용꽃
옥션2.0,C005708,보존화,C005706,3,꽃/이벤트용품 > 선물용꽃/조화 > 보존화
옥션2.0,C005709,비누꽃,C005706,3,꽃/이벤트용품 > 선물용꽃/조화 > 비누꽃
옥션2.0,C005710,사탕부케,C005706,3,꽃/이벤트용품 > 선물용꽃/조화 > 사탕부케
옥션2.0,C005711,조화/인조나무,C005706,3,꽃/이벤트용품 > 선물용꽃/조화 > 조화/인조나무
옥션2.0,C005713,씨앗/모종/묘목,C005703,2,꽃/이벤트용품 > 씨앗/모종/묘목
옥션2.0,C005712,모종,C005713,3,꽃/이벤트용품 > 씨앗/모종/묘목 > 모종
옥션2.0,C005714,묘목,C005713,3,꽃/이벤트용품 > 씨앗/모종/묘목 > 묘목
옥션2.0,C005715,씨앗,C005713,3,꽃/이벤트용품 > 씨앗/모종/묘목 > 씨앗
옥션2.0,C005716,텃밭세트,C005713,3,꽃/이벤트용품 > 씨앗/모종/묘목 > 텃밭세트
옥션2.0,C005718,원예/식물,C005703,2,꽃/이벤트용품 > 원예/식물
옥션2.0,C005717,공기정화식물,C005718,3,꽃/이벤트용품 > 원예/식물 > 공기정화식물
옥션2.0,C005719,기타원예/식물,C005718,3,꽃/이벤트용품 > 원예/식물 > 기타원예/식물
옥션2.0,C005720,꽃/야생화,C005718,3,꽃/이벤트용품 > 원예/식물 > 꽃/야생화
옥션2.0,C005721,다육식물,C005718,3,꽃/이벤트용품 > 원예/식물 > 다육식물
옥션2.0,C005722,동양란/서양란,C005718,3,꽃/이벤트용품 > 원예/식물 > 동양란/서양란
옥션2.0,C005723,미니화분,C005718,3,꽃/이벤트용품 > 원예/식물 > 미니화분
옥션2.0,C005724,분재,C005718,3,꽃/이벤트용품 > 원예/식물 > 분재
옥션2.0,C005725,수경식물,C005718,3,꽃/이벤트용품 > 원예/식물 > 수경식물
옥션2.0,C005726,인조잔디,C005718,3,꽃/이벤트용품 > 원예/식물 > 인조잔디
옥션2.0,C005727,천연잔디,C005718,3,꽃/이벤트용품 > 원예/식물 > 천연잔디
옥션2.0,C005728,토피어리,C005718,3,꽃/이벤트용품 > 원예/식물 > 토피어리
옥션2.0,C005729,허브/식충식물,C005718,3,꽃/이벤트용품 > 원예/식물 > 허브/식충식물
옥션2.0,C005731,이벤트/파티용품,C005703,2,꽃/이벤트용품 > 이벤트/파티용품
옥션2.0,C005730,가랜드/파티현수막,C005731,3,꽃/이벤트용품 > 이벤트/파티용품 > 가랜드/파티현수막
옥션2.0,C005732,기타이벤트/파티용품,C005731,3,꽃/이벤트용품 > 이벤트/파티용품 > 기타이벤트/파티용품
옥션2.0,C005733,마술용품,C005731,3,꽃/이벤트용품 > 이벤트/파티용품 > 마술용품
옥션2.0,C005734,웨딩카장식,C005731,3,꽃/이벤트용품 > 이벤트/파티용품 > 웨딩카장식
옥션2.0,C005735,응원용품,C005731,3,꽃/이벤트용품 > 이벤트/파티용품 > 응원용품
옥션2.0,C005736,촛불이벤트용품,C005731,3,꽃/이벤트용품 > 이벤트/파티용품 > 촛불이벤트용품
옥션2.0,C005737,파티/이벤트의상,C005731,3,꽃/이벤트용품 > 이벤트/파티용품 > 파티/이벤트의상
옥션2.0,C005738,파티가발/가면,C005731,3,꽃/이벤트용품 > 이벤트/파티용품 > 파티가발/가면
옥션2.0,C005739,파티테이블용품,C005731,3,꽃/이벤트용품 > 이벤트/파티용품 > 파티테이블용품
옥션2.0,C005740,폭죽/불꽃놀이,C005731,3,꽃/이벤트용품 > 이벤트/파티용품 > 폭죽/불꽃놀이
옥션2.0,C005741,풍선/리본,C005731,3,꽃/이벤트용품 > 이벤트/파티용품 > 풍선/리본
옥션2.0,C005743,정원/원예용품,C005703,2,꽃/이벤트용품 > 정원/원예용품
옥션2.0,C005742,가드닝소품,C005743,3,꽃/이벤트용품 > 정원/원예용품 > 가드닝소품
옥션2.0,C005744,기타정원/원예용품,C005743,3,꽃/이벤트용품 > 정원/원예용품 > 기타정원/원예용품
옥션2.0,C005745,낫/괭이/삽/호미,C005743,3,꽃/이벤트용품 > 정원/원예용품 > 낫/괭이/삽/호미
옥션2.0,C005746,물조리개,C005743,3,꽃/이벤트용품 > 정원/원예용품 > 물조리개
옥션2.0,C005747,분무기,C005743,3,꽃/이벤트용품 > 정원/원예용품 > 분무기
옥션2.0,C005748,살충제/농약/보호제,C005743,3,꽃/이벤트용품 > 정원/원예용품 > 살충제/농약/보호제
옥션2.0,C005749,새싹재배기,C005743,3,꽃/이벤트용품 > 정원/원예용품 > 새싹재배기
옥션2.0,C005750,숯,C005743,3,꽃/이벤트용품 > 정원/원예용품 > 숯
옥션2.0,C005751,식물영양제/비료,C005743,3,꽃/이벤트용품 > 정원/원예용품 > 식물영양제/비료
옥션2.0,C005752,식물지지대,C005743,3,꽃/이벤트용품 > 정원/원예용품 > 식물지지대
옥션2.0,C005753,자갈/모래/흙,C005743,3,꽃/이벤트용품 > 정원/원예용품 > 자갈/모래/흙
옥션2.0,C005754,전지가위,C005743,3,꽃/이벤트용품 > 정원/원예용품 > 전지가위
옥션2.0,C005755,화병,C005743,3,꽃/이벤트용품 > 정원/원예용품 > 화병
옥션2.0,C005756,화분,C005743,3,꽃/이벤트용품 > 정원/원예용품 > 화분
옥션2.0,C005757,화분받침,C005743,3,꽃/이벤트용품 > 정원/원예용품 > 화분받침
옥션2.0,C005759,크리스마스용품,C005703,2,꽃/이벤트용품 > 크리스마스용품
옥션2.0,C005758,크리스마스장식품,C005759,3,꽃/이벤트용품 > 크리스마스용품 > 크리스마스장식품
옥션2.0,C005760,트리,C005759,3,꽃/이벤트용품 > 크리스마스용품 > 트리
옥션2.0,C005761,트리세트,C005759,3,꽃/이벤트용품 > 크리스마스용품 > 트리세트
옥션2.0,C005762,트리전구/조명,C005759,3,꽃/이벤트용품 > 크리스마스용품 > 트리전구/조명
옥션2.0,C005765,남성의류,ROOT,1,남성의류
옥션2.0,C005764,가디건,C005765,2,남성의류 > 가디건
옥션2.0,C005763,브이넥가디건,C005764,3,남성의류 > 가디건 > 브이넥가디건
옥션2.0,C005766,집업가디건,C005764,3,남성의류 > 가디건 > 집업가디건
옥션2.0,C005768,교복,C005765,2,남성의류 > 교복
옥션2.0,C005767,교복바지,C005768,3,남성의류 > 교복 > 교복바지
옥션2.0,C005769,교복세트,C005768,3,남성의류 > 교복 > 교복세트
옥션2.0,C005770,교복셔츠,C005768,3,남성의류 > 교복 > 교복셔츠
옥션2.0,C005771,교복조끼/가디건,C005768,3,남성의류 > 교복 > 교복조끼/가디건
옥션2.0,C005773,긴팔티셔츠,C005765,2,남성의류 > 긴팔티셔츠
옥션2.0,C005772,라운드넥티셔츠,C005773,3,남성의류 > 긴팔티셔츠 > 라운드넥티셔츠
옥션2.0,C005774,맨투맨티셔츠,C005773,3,남성의류 > 긴팔티셔츠 > 맨투맨티셔츠
옥션2.0,C005775,브이넥티셔츠,C005773,3,남성의류 > 긴팔티셔츠 > 브이넥티셔츠
옥션2.0,C005776,카라넥티셔츠,C005773,3,남성의류 > 긴팔티셔츠 > 카라넥티셔츠
옥션2.0,C005777,터틀넥/목폴라티셔츠,C005773,3,남성의류 > 긴팔티셔츠 > 터틀넥/목폴라티셔츠
옥션2.0,C005778,후드티셔츠,C005773,3,남성의류 > 긴팔티셔츠 > 후드티셔츠
옥션2.0,C005780,니트,C005765,2,남성의류 > 니트
옥션2.0,C005779,니트집업,C005780,3,남성의류 > 니트 > 니트집업
옥션2.0,C005781,라운드넥니트,C005780,3,남성의류 > 니트 > 라운드넥니트
옥션2.0,C005782,브이넥니트,C005780,3,남성의류 > 니트 > 브이넥니트
옥션2.0,C005783,터틀넥/폴라니트,C005780,3,남성의류 > 니트 > 터틀넥/폴라니트
옥션2.0,C005785,드레스셔츠,C005765,2,남성의류 > 드레스셔츠
옥션2.0,C005784,솔리드셔츠,C005785,3,남성의류 > 드레스셔츠 > 솔리드셔츠
옥션2.0,C005786,스트라이프셔츠,C005785,3,남성의류 > 드레스셔츠 > 스트라이프셔츠
옥션2.0,C005787,프린트/체크셔츠,C005785,3,남성의류 > 드레스셔츠 > 프린트/체크셔츠
옥션2.0,C005789,반바지,C005765,2,남성의류 > 반바지
옥션2.0,C005788,면/린넨반바지,C005789,3,남성의류 > 반바지 > 면/린넨반바지
옥션2.0,C005790,청반바지,C005789,3,남성의류 > 반바지 > 청반바지
옥션2.0,C005792,반팔티셔츠,C005765,2,남성의류 > 반팔티셔츠
옥션2.0,C005791,라운드넥티셔츠,C005792,3,남성의류 > 반팔티셔츠 > 라운드넥티셔츠
옥션2.0,C005793,민소매/나시티셔츠,C005792,3,남성의류 > 반팔티셔츠 > 민소매/나시티셔츠
옥션2.0,C005794,브이넥티셔츠,C005792,3,남성의류 > 반팔티셔츠 > 브이넥티셔츠
옥션2.0,C005795,카라넥티셔츠,C005792,3,남성의류 > 반팔티셔츠 > 카라넥티셔츠
옥션2.0,C005797,비치웨어/수영복,C005765,2,남성의류 > 비치웨어/수영복
옥션2.0,C005796,비치웨어,C005797,3,남성의류 > 비치웨어/수영복 > 비치웨어
옥션2.0,C005798,수영복,C005797,3,남성의류 > 비치웨어/수영복 > 수영복
옥션2.0,C005800,빅사이즈,C005765,2,남성의류 > 빅사이즈
옥션2.0,C005799,니트/가디건,C005800,3,남성의류 > 빅사이즈 > 니트/가디건
옥션2.0,C005801,바지/반바지,C005800,3,남성의류 > 빅사이즈 > 바지/반바지
옥션2.0,C005802,자켓/점퍼/코트,C005800,3,남성의류 > 빅사이즈 > 자켓/점퍼/코트
옥션2.0,C005803,정장/셔츠,C005800,3,남성의류 > 빅사이즈 > 정장/셔츠
옥션2.0,C005804,청바지,C005800,3,남성의류 > 빅사이즈 > 청바지
옥션2.0,C005805,캐주얼셔츠,C005800,3,남성의류 > 빅사이즈 > 캐주얼셔츠
옥션2.0,C005806,트레이닝복,C005800,3,남성의류 > 빅사이즈 > 트레이닝복
옥션2.0,C005807,티셔츠,C005800,3,남성의류 > 빅사이즈 > 티셔츠
옥션2.0,C005809,점퍼/야상/패딩,C005765,2,남성의류 > 점퍼/야상/패딩
옥션2.0,C005808,바람막이점퍼,C005809,3,남성의류 > 점퍼/야상/패딩 > 바람막이점퍼
옥션2.0,C005810,블루종/항공점퍼,C005809,3,남성의류 > 점퍼/야상/패딩 > 블루종/항공점퍼
옥션2.0,C005811,야상점퍼,C005809,3,남성의류 > 점퍼/야상/패딩 > 야상점퍼
옥션2.0,C005812,패딩점퍼,C005809,3,남성의류 > 점퍼/야상/패딩 > 패딩점퍼
옥션2.0,C005813,후드/집업점퍼,C005809,3,남성의류 > 점퍼/야상/패딩 > 후드/집업점퍼
옥션2.0,C005815,정장,C005765,2,남성의류 > 정장
옥션2.0,C005814,정장세트,C005815,3,남성의류 > 정장 > 정장세트
옥션2.0,C005816,정장자켓,C005815,3,남성의류 > 정장 > 정장자켓
옥션2.0,C005817,정장조끼,C005815,3,남성의류 > 정장 > 정장조끼
옥션2.0,C005818,정장팬츠,C005815,3,남성의류 > 정장 > 정장팬츠
옥션2.0,C005820,조끼,C005765,2,남성의류 > 조끼
옥션2.0,C005819,캐주얼조끼,C005820,3,남성의류 > 조끼 > 캐주얼조끼
옥션2.0,C005821,패딩조끼,C005820,3,남성의류 > 조끼 > 패딩조끼
옥션2.0,C005823,청바지,C005765,2,남성의류 > 청바지
옥션2.0,C005822,부츠컷/와이드핏,C005823,3,남성의류 > 청바지 > 부츠컷/와이드핏
옥션2.0,C005824,스키니/슬림핏,C005823,3,남성의류 > 청바지 > 스키니/슬림핏
옥션2.0,C005825,스트레이트핏,C005823,3,남성의류 > 청바지 > 스트레이트핏
옥션2.0,C005827,캐주얼바지,C005765,2,남성의류 > 캐주얼바지
옥션2.0,C005826,기모팬츠,C005827,3,남성의류 > 캐주얼바지 > 기모팬츠
옥션2.0,C005828,슬랙스,C005827,3,남성의류 > 캐주얼바지 > 슬랙스
옥션2.0,C005829,치노팬츠,C005827,3,남성의류 > 캐주얼바지 > 치노팬츠
옥션2.0,C005831,캐주얼셔츠,C005765,2,남성의류 > 캐주얼셔츠
옥션2.0,C005830,솔리드셔츠,C005831,3,남성의류 > 캐주얼셔츠 > 솔리드셔츠
옥션2.0,C005832,스트라이프셔츠,C005831,3,남성의류 > 캐주얼셔츠 > 스트라이프셔츠
옥션2.0,C005833,체크/프린트셔츠,C005831,3,남성의류 > 캐주얼셔츠 > 체크/프린트셔츠
옥션2.0,C005835,캐주얼자켓,C005765,2,남성의류 > 캐주얼자켓
옥션2.0,C005834,가죽자켓/무스탕,C005835,3,남성의류 > 캐주얼자켓 > 가죽자켓/무스탕
옥션2.0,C005836,데님자켓,C005835,3,남성의류 > 캐주얼자켓 > 데님자켓
옥션2.0,C005837,린넨자켓,C005835,3,남성의류 > 캐주얼자켓 > 린넨자켓
옥션2.0,C005838,블레이져,C005835,3,남성의류 > 캐주얼자켓 > 블레이져
옥션2.0,C005840,코트,C005765,2,남성의류 > 코트
옥션2.0,C005839,모직코트,C005840,3,남성의류 > 코트 > 모직코트
옥션2.0,C005841,트렌치코트,C005840,3,남성의류 > 코트 > 트렌치코트
옥션2.0,C005843,테마의류,C005765,2,남성의류 > 테마의류
옥션2.0,C005842,레인코트,C005843,3,남성의류 > 테마의류 > 레인코트
옥션2.0,C005844,생활/전통한복,C005843,3,남성의류 > 테마의류 > 생활/전통한복
옥션2.0,C005845,스키/보드복,C005843,3,남성의류 > 테마의류 > 스키/보드복
옥션2.0,C005846,유니폼/작업복,C005843,3,남성의류 > 테마의류 > 유니폼/작업복
옥션2.0,C005847,힙합/클럽/밀리터리,C005843,3,남성의류 > 테마의류 > 힙합/클럽/밀리터리
옥션2.0,C005849,트레이닝복,C005765,2,남성의류 > 트레이닝복
옥션2.0,C005848,바람막이/아웃도어점퍼,C005849,3,남성의류 > 트레이닝복 > 바람막이/아웃도어점퍼
옥션2.0,C005850,아웃도어티셔츠,C005849,3,남성의류 > 트레이닝복 > 아웃도어티셔츠
옥션2.0,C005851,아웃도어팬츠,C005849,3,남성의류 > 트레이닝복 > 아웃도어팬츠
옥션2.0,C005852,트레이닝복상의,C005849,3,남성의류 > 트레이닝복 > 트레이닝복상의
옥션2.0,C005853,트레이닝복세트,C005849,3,남성의류 > 트레이닝복 > 트레이닝복세트
옥션2.0,C005854,트레이닝복하의,C005849,3,남성의류 > 트레이닝복 > 트레이닝복하의
옥션2.0,C005857,노트북/데스크탑,ROOT,1,노트북/데스크탑
옥션2.0,C005856,노트북,C005857,2,노트북/데스크탑 > 노트북
옥션2.0,C005855,노트북,C005856,3,노트북/데스크탑 > 노트북 > 노트북
옥션2.0,C005859,노트북용품,C005857,2,노트북/데스크탑 > 노트북용품
옥션2.0,C005858,기타노트북용품,C005859,3,노트북/데스크탑 > 노트북용품 > 기타노트북용품
옥션2.0,C005860,노트북가방/파우치,C005859,3,노트북/데스크탑 > 노트북용품 > 노트북가방/파우치
옥션2.0,C005861,노트북도난방지,C005859,3,노트북/데스크탑 > 노트북용품 > 노트북도난방지
옥션2.0,C005862,노트북받침대/쿨러,C005859,3,노트북/데스크탑 > 노트북용품 > 노트북받침대/쿨러
옥션2.0,C005863,노트북배터리,C005859,3,노트북/데스크탑 > 노트북용품 > 노트북배터리
옥션2.0,C005864,노트북보호필름,C005859,3,노트북/데스크탑 > 노트북용품 > 노트북보호필름
옥션2.0,C005865,노트북어댑터,C005859,3,노트북/데스크탑 > 노트북용품 > 노트북어댑터
옥션2.0,C005866,노트북키스킨,C005859,3,노트북/데스크탑 > 노트북용품 > 노트북키스킨
옥션2.0,C005868,데스크탑,C005857,2,노트북/데스크탑 > 데스크탑
옥션2.0,C005867,미니PC/베어본,C005868,3,노트북/데스크탑 > 데스크탑 > 미니PC/베어본
옥션2.0,C005869,브랜드PC,C005868,3,노트북/데스크탑 > 데스크탑 > 브랜드PC
옥션2.0,C005870,서버/워크스테이션,C005868,3,노트북/데스크탑 > 데스크탑 > 서버/워크스테이션
옥션2.0,C005871,올인원PC,C005868,3,노트북/데스크탑 > 데스크탑 > 올인원PC
옥션2.0,C005872,조립PC,C005868,3,노트북/데스크탑 > 데스크탑 > 조립PC
옥션2.0,C005875,등산/아웃도어,ROOT,1,등산/아웃도어
옥션2.0,C005874,남성등산의류,C005875,2,등산/아웃도어 > 남성등산의류
옥션2.0,C005873,남성등산바지,C005874,3,등산/아웃도어 > 남성등산의류 > 남성등산바지
옥션2.0,C005876,남성등산자켓,C005874,3,등산/아웃도어 > 남성등산의류 > 남성등산자켓
옥션2.0,C005877,남성등산점퍼,C005874,3,등산/아웃도어 > 남성등산의류 > 남성등산점퍼
옥션2.0,C005878,남성등산조끼,C005874,3,등산/아웃도어 > 남성등산의류 > 남성등산조끼
옥션2.0,C005879,남성등산티셔츠,C005874,3,등산/아웃도어 > 남성등산의류 > 남성등산티셔츠
옥션2.0,C005881,등산잡화/배낭,C005875,2,등산/아웃도어 > 등산잡화/배낭
옥션2.0,C005880,기타등산잡화,C005881,3,등산/아웃도어 > 등산잡화/배낭 > 기타등산잡화
옥션2.0,C005882,등산모자,C005881,3,등산/아웃도어 > 등산잡화/배낭 > 등산모자
옥션2.0,C005883,등산배낭,C005881,3,등산/아웃도어 > 등산잡화/배낭 > 등산배낭
옥션2.0,C005884,등산배낭커버,C005881,3,등산/아웃도어 > 등산잡화/배낭 > 등산배낭커버
옥션2.0,C005885,등산양말,C005881,3,등산/아웃도어 > 등산잡화/배낭 > 등산양말
옥션2.0,C005886,등산장갑,C005881,3,등산/아웃도어 > 등산잡화/배낭 > 등산장갑
옥션2.0,C005888,등산장비,C005875,2,등산/아웃도어 > 등산장비
옥션2.0,C005887,기타등산장비,C005888,3,등산/아웃도어 > 등산장비 > 기타등산장비
옥션2.0,C005889,나침반,C005888,3,등산/아웃도어 > 등산장비 > 나침반
옥션2.0,C005890,등강기/하강기,C005888,3,등산/아웃도어 > 등산장비 > 등강기/하강기
옥션2.0,C005891,등산물병/수통,C005888,3,등산/아웃도어 > 등산장비 > 등산물병/수통
옥션2.0,C005892,등산스틱,C005888,3,등산/아웃도어 > 등산장비 > 등산스틱
옥션2.0,C005893,로프,C005888,3,등산/아웃도어 > 등산장비 > 로프
옥션2.0,C005894,바일/피켈,C005888,3,등산/아웃도어 > 등산장비 > 바일/피켈
옥션2.0,C005895,스패츠,C005888,3,등산/아웃도어 > 등산장비 > 스패츠
옥션2.0,C005896,아이젠,C005888,3,등산/아웃도어 > 등산장비 > 아이젠
옥션2.0,C005897,카라비너,C005888,3,등산/아웃도어 > 등산장비 > 카라비너
옥션2.0,C005898,하네스/안전벨트,C005888,3,등산/아웃도어 > 등산장비 > 하네스/안전벨트
옥션2.0,C005899,핫팩,C005888,3,등산/아웃도어 > 등산장비 > 핫팩
옥션2.0,C005901,등산화/트레킹화,C005875,2,등산/아웃도어 > 등산화/트레킹화
옥션2.0,C005900,등산화,C005901,3,등산/아웃도어 > 등산화/트레킹화 > 등산화
옥션2.0,C005902,트레킹화,C005901,3,등산/아웃도어 > 등산화/트레킹화 > 트레킹화
옥션2.0,C005904,여성등산의류,C005875,2,등산/아웃도어 > 여성등산의류
옥션2.0,C005903,여성등산바지,C005904,3,등산/아웃도어 > 여성등산의류 > 여성등산바지
옥션2.0,C005905,여성등산자켓,C005904,3,등산/아웃도어 > 여성등산의류 > 여성등산자켓
옥션2.0,C005906,여성등산점퍼,C005904,3,등산/아웃도어 > 여성등산의류 > 여성등산점퍼
옥션2.0,C005907,여성등산조끼,C005904,3,등산/아웃도어 > 여성등산의류 > 여성등산조끼
옥션2.0,C005908,여성등산티셔츠,C005904,3,등산/아웃도어 > 여성등산의류 > 여성등산티셔츠
옥션2.0,C005911,바디/헤어,ROOT,1,바디/헤어
옥션2.0,C005910,구강케어,C005911,2,바디/헤어 > 구강케어
옥션2.0,C005909,구강청결제,C005910,3,바디/헤어 > 구강케어 > 구강청결제
옥션2.0,C005912,기타구강케어,C005910,3,바디/헤어 > 구강케어 > 기타구강케어
옥션2.0,C005913,치실/치간칫솔,C005910,3,바디/헤어 > 구강케어 > 치실/치간칫솔
옥션2.0,C005914,치아미백용품,C005910,3,바디/헤어 > 구강케어 > 치아미백용품
옥션2.0,C005915,치약,C005910,3,바디/헤어 > 구강케어 > 치약
옥션2.0,C005916,치약칫솔세트,C005910,3,바디/헤어 > 구강케어 > 치약칫솔세트
옥션2.0,C005917,칫솔,C005910,3,바디/헤어 > 구강케어 > 칫솔
옥션2.0,C005918,혀클리너,C005910,3,바디/헤어 > 구강케어 > 혀클리너
옥션2.0,C005920,면도용품,C005911,2,바디/헤어 > 면도용품
옥션2.0,C005919,기타면도용품,C005920,3,바디/헤어 > 면도용품 > 기타면도용품
옥션2.0,C005921,면도기,C005920,3,바디/헤어 > 면도용품 > 면도기
옥션2.0,C005922,면도날,C005920,3,바디/헤어 > 면도용품 > 면도날
옥션2.0,C005923,면도크림/쉐이빙폼,C005920,3,바디/헤어 > 면도용품 > 면도크림/쉐이빙폼
옥션2.0,C005924,일회용면도기,C005920,3,바디/헤어 > 면도용품 > 일회용면도기
옥션2.0,C005926,바디케어,C005911,2,바디/헤어 > 바디케어
옥션2.0,C005925,거품입욕제,C005926,3,바디/헤어 > 바디케어 > 거품입욕제
옥션2.0,C005927,남성청결제,C005926,3,바디/헤어 > 바디케어 > 남성청결제
옥션2.0,C005928,데오드란트,C005926,3,바디/헤어 > 바디케어 > 데오드란트
옥션2.0,C005929,목욕비누,C005926,3,바디/헤어 > 바디케어 > 목욕비누
옥션2.0,C005930,바디로션,C005926,3,바디/헤어 > 바디케어 > 바디로션
옥션2.0,C005931,바디미스트,C005926,3,바디/헤어 > 바디케어 > 바디미스트
옥션2.0,C005932,바디스크럽,C005926,3,바디/헤어 > 바디케어 > 바디스크럽
옥션2.0,C005933,바디오일,C005926,3,바디/헤어 > 바디케어 > 바디오일
옥션2.0,C005934,바디케어세트,C005926,3,바디/헤어 > 바디케어 > 바디케어세트
옥션2.0,C005935,바디케어용품,C005926,3,바디/헤어 > 바디케어 > 바디케어용품
옥션2.0,C005936,바디크림,C005926,3,바디/헤어 > 바디케어 > 바디크림
옥션2.0,C005937,바디클렌저,C005926,3,바디/헤어 > 바디케어 > 바디클렌저
옥션2.0,C005938,바스솔트,C005926,3,바디/헤어 > 바디케어 > 바스솔트
옥션2.0,C005939,샤워코롱,C005926,3,바디/헤어 > 바디케어 > 샤워코롱
옥션2.0,C005940,여성청결제,C005926,3,바디/헤어 > 바디케어 > 여성청결제
옥션2.0,C005942,제모용품,C005911,2,바디/헤어 > 제모용품
옥션2.0,C005941,제모기,C005942,3,바디/헤어 > 제모용품 > 제모기
옥션2.0,C005943,제모제,C005942,3,바디/헤어 > 제모용품 > 제모제
옥션2.0,C005945,핸드케어/풋케어,C005911,2,바디/헤어 > 핸드케어/풋케어
옥션2.0,C005944,발각질제거제,C005945,3,바디/헤어 > 핸드케어/풋케어 > 발각질제거제
옥션2.0,C005946,발냄새제거제,C005945,3,바디/헤어 > 핸드케어/풋케어 > 발냄새제거제
옥션2.0,C005947,손세정제,C005945,3,바디/헤어 > 핸드케어/풋케어 > 손세정제
옥션2.0,C005948,손소독제,C005945,3,바디/헤어 > 핸드케어/풋케어 > 손소독제
옥션2.0,C005949,풋크림,C005945,3,바디/헤어 > 핸드케어/풋케어 > 풋크림
옥션2.0,C005950,핸드케어/풋케어용품,C005945,3,바디/헤어 > 핸드케어/풋케어 > 핸드케어/풋케어용품
옥션2.0,C005951,핸드크림,C005945,3,바디/헤어 > 핸드케어/풋케어 > 핸드크림
옥션2.0,C005953,헤어스타일링,C005911,2,바디/헤어 > 헤어스타일링
옥션2.0,C005952,염색약,C005953,3,바디/헤어 > 헤어스타일링 > 염색약
옥션2.0,C005954,탈색제,C005953,3,바디/헤어 > 헤어스타일링 > 탈색제
옥션2.0,C005955,파마약,C005953,3,바디/헤어 > 헤어스타일링 > 파마약
옥션2.0,C005956,헤어글레이즈,C005953,3,바디/헤어 > 헤어스타일링 > 헤어글레이즈
옥션2.0,C005957,헤어롤,C005953,3,바디/헤어 > 헤어스타일링 > 헤어롤
옥션2.0,C005958,헤어매니큐어,C005953,3,바디/헤어 > 헤어스타일링 > 헤어매니큐어
옥션2.0,C005959,헤어무스,C005953,3,바디/헤어 > 헤어스타일링 > 헤어무스
옥션2.0,C005960,헤어브러시,C005953,3,바디/헤어 > 헤어스타일링 > 헤어브러시
옥션2.0,C005961,헤어스타일링용품,C005953,3,바디/헤어 > 헤어스타일링 > 헤어스타일링용품
옥션2.0,C005962,헤어스프레이,C005953,3,바디/헤어 > 헤어스타일링 > 헤어스프레이
옥션2.0,C005963,헤어왁스,C005953,3,바디/헤어 > 헤어스타일링 > 헤어왁스
옥션2.0,C005964,헤어젤,C005953,3,바디/헤어 > 헤어스타일링 > 헤어젤
옥션2.0,C005966,헤어케어,C005911,2,바디/헤어 > 헤어케어
옥션2.0,C005965,기타헤어케어용품,C005966,3,바디/헤어 > 헤어케어 > 기타헤어케어용품
옥션2.0,C005967,두피/탈모케어용품,C005966,3,바디/헤어 > 헤어케어 > 두피/탈모케어용품
옥션2.0,C005968,샴푸/린스,C005966,3,바디/헤어 > 헤어케어 > 샴푸/린스
옥션2.0,C005969,탈모케어,C005966,3,바디/헤어 > 헤어케어 > 탈모케어
옥션2.0,C005970,헤어미스트,C005966,3,바디/헤어 > 헤어케어 > 헤어미스트
옥션2.0,C005971,헤어에센스/오일,C005966,3,바디/헤어 > 헤어케어 > 헤어에센스/오일
옥션2.0,C005972,헤어트리트먼트,C005966,3,바디/헤어 > 헤어케어 > 헤어트리트먼트
옥션2.0,C005973,헤어팩,C005966,3,바디/헤어 > 헤어케어 > 헤어팩
옥션2.0,C005976,배달음식,ROOT,1,배달음식
옥션2.0,C005975,도시락/죽,C005976,2,배달음식 > 도시락/죽
옥션2.0,C005974,브랜드,C005975,3,배달음식 > 도시락/죽 > 브랜드
옥션2.0,C005977,비브랜드,C005975,3,배달음식 > 도시락/죽 > 비브랜드
옥션2.0,C005978,일반매장,C005975,3,배달음식 > 도시락/죽 > 일반매장
옥션2.0,C005980,분식/디저트,C005976,2,배달음식 > 분식/디저트
옥션2.0,C005979,브랜드,C005980,3,배달음식 > 분식/디저트 > 브랜드
옥션2.0,C005981,비브랜드,C005980,3,배달음식 > 분식/디저트 > 비브랜드
옥션2.0,C005982,일반매장,C005980,3,배달음식 > 분식/디저트 > 일반매장
옥션2.0,C005984,야식,C005976,2,배달음식 > 야식
옥션2.0,C005983,브랜드,C005984,3,배달음식 > 야식 > 브랜드
옥션2.0,C005985,비브랜드,C005984,3,배달음식 > 야식 > 비브랜드
옥션2.0,C005986,일반매장,C005984,3,배달음식 > 야식 > 일반매장
옥션2.0,C005988,일식/돈까스,C005976,2,배달음식 > 일식/돈까스
옥션2.0,C005987,브랜드,C005988,3,배달음식 > 일식/돈까스 > 브랜드
옥션2.0,C005989,비브랜드,C005988,3,배달음식 > 일식/돈까스 > 비브랜드
옥션2.0,C005990,일반매장,C005988,3,배달음식 > 일식/돈까스 > 일반매장
옥션2.0,C005992,족발/보쌈,C005976,2,배달음식 > 족발/보쌈
옥션2.0,C005991,브랜드,C005992,3,배달음식 > 족발/보쌈 > 브랜드
옥션2.0,C005993,비브랜드,C005992,3,배달음식 > 족발/보쌈 > 비브랜드
옥션2.0,C005994,일반매장,C005992,3,배달음식 > 족발/보쌈 > 일반매장
옥션2.0,C005996,중식,C005976,2,배달음식 > 중식
옥션2.0,C005995,브랜드,C005996,3,배달음식 > 중식 > 브랜드
옥션2.0,C005997,비브랜드,C005996,3,배달음식 > 중식 > 비브랜드
옥션2.0,C005998,일반매장,C005996,3,배달음식 > 중식 > 일반매장
옥션2.0,C006000,치킨,C005976,2,배달음식 > 치킨
옥션2.0,C005999,브랜드,C006000,3,배달음식 > 치킨 > 브랜드
옥션2.0,C006001,비브랜드,C006000,3,배달음식 > 치킨 > 비브랜드
옥션2.0,C006002,일반매장,C006000,3,배달음식 > 치킨 > 일반매장
옥션2.0,C006004,프랜차이즈,C005976,2,배달음식 > 프랜차이즈
옥션2.0,C006003,브랜드,C006004,3,배달음식 > 프랜차이즈 > 브랜드
옥션2.0,C006005,브랜드A,C006004,3,배달음식 > 프랜차이즈 > 브랜드A
옥션2.0,C006006,브랜드B,C006004,3,배달음식 > 프랜차이즈 > 브랜드B
옥션2.0,C006007,브랜드C,C006004,3,배달음식 > 프랜차이즈 > 브랜드C
옥션2.0,C006008,비브랜드,C006004,3,배달음식 > 프랜차이즈 > 비브랜드
옥션2.0,C006009,일반매장,C006004,3,배달음식 > 프랜차이즈 > 일반매장
옥션2.0,C006011,피자/양식,C005976,2,배달음식 > 피자/양식
옥션2.0,C006010,브랜드,C006011,3,배달음식 > 피자/양식 > 브랜드
옥션2.0,C006012,비브랜드,C006011,3,배달음식 > 피자/양식 > 비브랜드
옥션2.0,C006013,일반매장,C006011,3,배달음식 > 피자/양식 > 일반매장
옥션2.0,C006015,한식,C005976,2,배달음식 > 한식
옥션2.0,C006014,브랜드,C006015,3,배달음식 > 한식 > 브랜드
옥션2.0,C006016,비브랜드,C006015,3,배달음식 > 한식 > 비브랜드
옥션2.0,C006017,일반매장,C006015,3,배달음식 > 한식 > 일반매장
옥션2.0,C006020,생필품,ROOT,1,생필품
옥션2.0,C006019,살충제/방충제,C006020,2,생필품 > 살충제/방충제
옥션2.0,C006018,방충제,C006019,3,생필품 > 살충제/방충제 > 방충제
옥션2.0,C006021,살충제,C006019,3,생필품 > 살충제/방충제 > 살충제
옥션2.0,C006023,생리대/성인기저귀,C006020,2,생필품 > 생리대/성인기저귀
옥션2.0,C006022,생리대,C006023,3,생필품 > 생리대/성인기저귀 > 생리대
옥션2.0,C006024,성인기저귀,C006023,3,생필품 > 생리대/성인기저귀 > 성인기저귀
옥션2.0,C006026,세제/세정제,C006020,2,생필품 > 세제/세정제
옥션2.0,C006025,가죽클리너,C006026,3,생필품 > 세제/세정제 > 가죽클리너
옥션2.0,C006027,곰팡이제거제,C006026,3,생필품 > 세제/세정제 > 곰팡이제거제
옥션2.0,C006028,기타세정제,C006026,3,생필품 > 세제/세정제 > 기타세정제
옥션2.0,C006029,배수구세정제,C006026,3,생필품 > 세제/세정제 > 배수구세정제
옥션2.0,C006030,베이킹소다/구연산,C006026,3,생필품 > 세제/세정제 > 베이킹소다/구연산
옥션2.0,C006031,변기세정제,C006026,3,생필품 > 세제/세정제 > 변기세정제
옥션2.0,C006032,빨래비누,C006026,3,생필품 > 세제/세정제 > 빨래비누
옥션2.0,C006033,살균소독제,C006026,3,생필품 > 세제/세정제 > 살균소독제
옥션2.0,C006034,섬유유연제,C006026,3,생필품 > 세제/세정제 > 섬유유연제
옥션2.0,C006035,세제/세정제세트,C006026,3,생필품 > 세제/세정제 > 세제/세정제세트
옥션2.0,C006036,세탁보조제,C006026,3,생필품 > 세제/세정제 > 세탁보조제
옥션2.0,C006037,세탁세제,C006026,3,생필품 > 세제/세정제 > 세탁세제
옥션2.0,C006038,세탁조크리너,C006026,3,생필품 > 세제/세정제 > 세탁조크리너
옥션2.0,C006039,식기세척기세제,C006026,3,생필품 > 세제/세정제 > 식기세척기세제
옥션2.0,C006040,에어컨세정제,C006026,3,생필품 > 세제/세정제 > 에어컨세정제
옥션2.0,C006041,욕실세정제,C006026,3,생필품 > 세제/세정제 > 욕실세정제
옥션2.0,C006042,유리세정제,C006026,3,생필품 > 세제/세정제 > 유리세정제
옥션2.0,C006043,주방세제,C006026,3,생필품 > 세제/세정제 > 주방세제
옥션2.0,C006044,표백제,C006026,3,생필품 > 세제/세정제 > 표백제
옥션2.0,C006046,일회용품,C006020,2,생필품 > 일회용품
옥션2.0,C006045,나무젓가락/일회용수저,C006046,3,생필품 > 일회용품 > 나무젓가락/일회용수저
옥션2.0,C006047,빨대,C006046,3,생필품 > 일회용품 > 빨대
옥션2.0,C006048,일회용용기,C006046,3,생필품 > 일회용품 > 일회용용기
옥션2.0,C006049,종이컵,C006046,3,생필품 > 일회용품 > 종이컵
옥션2.0,C006050,테이크아웃컵,C006046,3,생필품 > 일회용품 > 테이크아웃컵
옥션2.0,C006052,탈취/방향/제습,C006020,2,생필품 > 탈취/방향/제습
옥션2.0,C006051,공기탈취제,C006052,3,생필품 > 탈취/방향/제습 > 공기탈취제
옥션2.0,C006053,냉장고탈취제,C006052,3,생필품 > 탈취/방향/제습 > 냉장고탈취제
옥션2.0,C006054,방향제,C006052,3,생필품 > 탈취/방향/제습 > 방향제
옥션2.0,C006055,새집증후군제거제,C006052,3,생필품 > 탈취/방향/제습 > 새집증후군제거제
옥션2.0,C006056,섬유탈취제,C006052,3,생필품 > 탈취/방향/제습 > 섬유탈취제
옥션2.0,C006057,신발탈취제,C006052,3,생필품 > 탈취/방향/제습 > 신발탈취제
옥션2.0,C006058,염화칼슘,C006052,3,생필품 > 탈취/방향/제습 > 염화칼슘
옥션2.0,C006059,옷장탈취제,C006052,3,생필품 > 탈취/방향/제습 > 옷장탈취제
옥션2.0,C006060,제습제,C006052,3,생필품 > 탈취/방향/제습 > 제습제
옥션2.0,C006062,화장지/물티슈,C006020,2,생필품 > 화장지/물티슈
옥션2.0,C006061,냅킨,C006062,3,생필품 > 화장지/물티슈 > 냅킨
옥션2.0,C006063,물티슈,C006062,3,생필품 > 화장지/물티슈 > 물티슈
옥션2.0,C006064,점보롤,C006062,3,생필품 > 화장지/물티슈 > 점보롤
옥션2.0,C006065,키친타월,C006062,3,생필품 > 화장지/물티슈 > 키친타월
옥션2.0,C006066,핸드타월,C006062,3,생필품 > 화장지/물티슈 > 핸드타월
옥션2.0,C006067,화장지,C006062,3,생필품 > 화장지/물티슈 > 화장지
옥션2.0,C006070,생활/미용가전,ROOT,1,생활/미용가전
옥션2.0,C006069,가전 제품 패키지,C006070,2,생활/미용가전 > 가전 제품 패키지
옥션2.0,C006068,가전 제품 패키지,C006069,3,생활/미용가전 > 가전 제품 패키지 > 가전 제품 패키지
옥션2.0,C006072,구강청정기기,C006070,2,생활/미용가전 > 구강청정기기
옥션2.0,C006071,구강세정기,C006072,3,생활/미용가전 > 구강청정기기 > 구강세정기
옥션2.0,C006073,구강청정기기용품,C006072,3,생활/미용가전 > 구강청정기기 > 구강청정기기용품
옥션2.0,C006074,전동칫솔,C006072,3,생활/미용가전 > 구강청정기기 > 전동칫솔
옥션2.0,C006075,전동칫솔모,C006072,3,생활/미용가전 > 구강청정기기 > 전동칫솔모
옥션2.0,C006076,칫솔살균기,C006072,3,생활/미용가전 > 구강청정기기 > 칫솔살균기
옥션2.0,C006078,다리미,C006070,2,생활/미용가전 > 다리미
옥션2.0,C006077,건식다리미,C006078,3,생활/미용가전 > 다리미 > 건식다리미
옥션2.0,C006079,다리미용품,C006078,3,생활/미용가전 > 다리미 > 다리미용품
옥션2.0,C006080,스팀다리미,C006078,3,생활/미용가전 > 다리미 > 스팀다리미
옥션2.0,C006082,드라이기/고데기,C006070,2,생활/미용가전 > 드라이기/고데기
옥션2.0,C006081,고데기,C006082,3,생활/미용가전 > 드라이기/고데기 > 고데기
옥션2.0,C006083,에어브러시,C006082,3,생활/미용가전 > 드라이기/고데기 > 에어브러시
옥션2.0,C006084,전기이발기,C006082,3,생활/미용가전 > 드라이기/고데기 > 전기이발기
옥션2.0,C006085,전기헤어캡,C006082,3,생활/미용가전 > 드라이기/고데기 > 전기헤어캡
옥션2.0,C006086,헤어드라이어,C006082,3,생활/미용가전 > 드라이기/고데기 > 헤어드라이어
옥션2.0,C006087,헤어스타일러용품,C006082,3,생활/미용가전 > 드라이기/고데기 > 헤어스타일러용품
옥션2.0,C006089,면도기/제모기,C006070,2,생활/미용가전 > 면도기/제모기
옥션2.0,C006088,레이저제모기,C006089,3,생활/미용가전 > 면도기/제모기 > 레이저제모기
옥션2.0,C006090,모근제거기,C006089,3,생활/미용가전 > 면도기/제모기 > 모근제거기
옥션2.0,C006091,전기면도기,C006089,3,생활/미용가전 > 면도기/제모기 > 전기면도기
옥션2.0,C006092,전동눈썹정리기,C006089,3,생활/미용가전 > 면도기/제모기 > 전동눈썹정리기
옥션2.0,C006093,제모기기용품,C006089,3,생활/미용가전 > 면도기/제모기 > 제모기기용품
옥션2.0,C006094,코털정리기,C006089,3,생활/미용가전 > 면도기/제모기 > 코털정리기
옥션2.0,C006096,보풀제거기/재봉틀,C006070,2,생활/미용가전 > 보풀제거기/재봉틀
옥션2.0,C006095,보풀제거기,C006096,3,생활/미용가전 > 보풀제거기/재봉틀 > 보풀제거기
옥션2.0,C006097,재봉틀,C006096,3,생활/미용가전 > 보풀제거기/재봉틀 > 재봉틀
옥션2.0,C006098,재봉틀용품,C006096,3,생활/미용가전 > 보풀제거기/재봉틀 > 재봉틀용품
옥션2.0,C006100,사무가전,C006070,2,생활/미용가전 > 사무가전
옥션2.0,C006099,기타사무가전,C006100,3,생활/미용가전 > 사무가전 > 기타사무가전
옥션2.0,C006101,동전/지폐계수기,C006100,3,생활/미용가전 > 사무가전 > 동전/지폐계수기
옥션2.0,C006102,디지털금고,C006100,3,생활/미용가전 > 사무가전 > 디지털금고
옥션2.0,C006103,라벨기,C006100,3,생활/미용가전 > 사무가전 > 라벨기
옥션2.0,C006104,문서세단기,C006100,3,생활/미용가전 > 사무가전 > 문서세단기
옥션2.0,C006105,재단기,C006100,3,생활/미용가전 > 사무가전 > 재단기
옥션2.0,C006106,전자계산기,C006100,3,생활/미용가전 > 사무가전 > 전자계산기
옥션2.0,C006107,제본기/천공기,C006100,3,생활/미용가전 > 사무가전 > 제본기/천공기
옥션2.0,C006108,출퇴근기록기,C006100,3,생활/미용가전 > 사무가전 > 출퇴근기록기
옥션2.0,C006109,카드단말기/포스기,C006100,3,생활/미용가전 > 사무가전 > 카드단말기/포스기
옥션2.0,C006110,코팅기,C006100,3,생활/미용가전 > 사무가전 > 코팅기
옥션2.0,C006112,살균소독기기,C006070,2,생활/미용가전 > 살균소독기기
옥션2.0,C006111,기타살균소독기기,C006112,3,생활/미용가전 > 살균소독기기 > 기타살균소독기기
옥션2.0,C006113,살균램프,C006112,3,생활/미용가전 > 살균소독기기 > 살균램프
옥션2.0,C006114,손소독기,C006112,3,생활/미용가전 > 살균소독기기 > 손소독기
옥션2.0,C006115,신발살균건조기,C006112,3,생활/미용가전 > 살균소독기기 > 신발살균건조기
옥션2.0,C006116,장난감소독기,C006112,3,생활/미용가전 > 살균소독기기 > 장난감소독기
옥션2.0,C006117,초음파세척기,C006112,3,생활/미용가전 > 살균소독기기 > 초음파세척기
옥션2.0,C006118,핸드드라이어,C006112,3,생활/미용가전 > 살균소독기기 > 핸드드라이어
옥션2.0,C006120,세탁기,C006070,2,생활/미용가전 > 세탁기
옥션2.0,C006119,드럼세탁기,C006120,3,생활/미용가전 > 세탁기 > 드럼세탁기
옥션2.0,C006121,세탁기용품,C006120,3,생활/미용가전 > 세탁기 > 세탁기용품
옥션2.0,C006122,일반세탁기,C006120,3,생활/미용가전 > 세탁기 > 일반세탁기
옥션2.0,C006123,자동빨래삶통,C006120,3,생활/미용가전 > 세탁기 > 자동빨래삶통
옥션2.0,C006124,탈수기,C006120,3,생활/미용가전 > 세탁기 > 탈수기
옥션2.0,C006126,의류건조기/의류관리기,C006070,2,생활/미용가전 > 의류건조기/의류관리기
옥션2.0,C006125,의류건조기,C006126,3,생활/미용가전 > 의류건조기/의류관리기 > 의류건조기
옥션2.0,C006127,의류관리기,C006126,3,생활/미용가전 > 의류건조기/의류관리기 > 의류관리기
옥션2.0,C006129,전기용품,C006070,2,생활/미용가전 > 전기용품
옥션2.0,C006128,기타가전리모컨,C006129,3,생활/미용가전 > 전기용품 > 기타가전리모컨
옥션2.0,C006130,여행용어댑터,C006129,3,생활/미용가전 > 전기용품 > 여행용어댑터
옥션2.0,C006131,초인종/도어벨,C006129,3,생활/미용가전 > 전기용품 > 초인종/도어벨
옥션2.0,C006133,전화기/통신기기,C006070,2,생활/미용가전 > 전화기/통신기기
옥션2.0,C006132,무전기,C006133,3,생활/미용가전 > 전화기/통신기기 > 무전기
옥션2.0,C006134,무전기용품,C006133,3,생활/미용가전 > 전화기/통신기기 > 무전기용품
옥션2.0,C006135,비디오폰/인터폰,C006133,3,생활/미용가전 > 전화기/통신기기 > 비디오폰/인터폰
옥션2.0,C006136,전화기,C006133,3,생활/미용가전 > 전화기/통신기기 > 전화기
옥션2.0,C006137,전화기헤드셋,C006133,3,생활/미용가전 > 전화기/통신기기 > 전화기헤드셋
옥션2.0,C006138,전화선/전화기용품,C006133,3,생활/미용가전 > 전화기/통신기기 > 전화선/전화기용품
옥션2.0,C006140,청소기,C006070,2,생활/미용가전 > 청소기
옥션2.0,C006139,로봇청소기,C006140,3,생활/미용가전 > 청소기 > 로봇청소기
옥션2.0,C006141,물걸레청소기,C006140,3,생활/미용가전 > 청소기 > 물걸레청소기
옥션2.0,C006142,스팀청소기,C006140,3,생활/미용가전 > 청소기 > 스팀청소기
옥션2.0,C006143,진공청소기,C006140,3,생활/미용가전 > 청소기 > 진공청소기
옥션2.0,C006144,침구청소기,C006140,3,생활/미용가전 > 청소기 > 침구청소기
옥션2.0,C006146,청소기용품,C006070,2,생활/미용가전 > 청소기용품
옥션2.0,C006145,기타청소기용품,C006146,3,생활/미용가전 > 청소기용품 > 기타청소기용품
옥션2.0,C006147,스팀청소기패드,C006146,3,생활/미용가전 > 청소기용품 > 스팀청소기패드
옥션2.0,C006148,청소기먼지봉투,C006146,3,생활/미용가전 > 청소기용품 > 청소기먼지봉투
옥션2.0,C006149,청소기브러시/흡입구,C006146,3,생활/미용가전 > 청소기용품 > 청소기브러시/흡입구
옥션2.0,C006150,청소기필터,C006146,3,생활/미용가전 > 청소기용품 > 청소기필터
옥션2.0,C006151,청소기호스/연장관,C006146,3,생활/미용가전 > 청소기용품 > 청소기호스/연장관
옥션2.0,C006153,피부관리기기,C006070,2,생활/미용가전 > 피부관리기기
옥션2.0,C006152,LED마스크,C006153,3,생활/미용가전 > 피부관리기기 > LED마스크
옥션2.0,C006154,각질제거기,C006153,3,생활/미용가전 > 피부관리기기 > 각질제거기
옥션2.0,C006155,기타피부관리기기,C006153,3,생활/미용가전 > 피부관리기기 > 기타피부관리기기
옥션2.0,C006156,네일드라이기,C006153,3,생활/미용가전 > 피부관리기기 > 네일드라이기
옥션2.0,C006157,전동손발톱정리기,C006153,3,생활/미용가전 > 피부관리기기 > 전동손발톱정리기
옥션2.0,C006158,진동클렌저,C006153,3,생활/미용가전 > 피부관리기기 > 진동클렌저
옥션2.0,C006159,피부마사지기,C006153,3,생활/미용가전 > 피부관리기기 > 피부마사지기
옥션2.0,C006162,생활용품,ROOT,1,생활용품
옥션2.0,C006161,생활서비스,C006162,2,생활용품 > 생활서비스
옥션2.0,C006160,기타생활서비스,C006161,3,생활용품 > 생활서비스 > 기타생활서비스
옥션2.0,C006163,시공/설치서비스,C006161,3,생활용품 > 생활서비스 > 시공/설치서비스
옥션2.0,C006164,이사서비스,C006161,3,생활용품 > 생활서비스 > 이사서비스
옥션2.0,C006165,클리닝서비스,C006161,3,생활용품 > 생활서비스 > 클리닝서비스
옥션2.0,C006167,생활안전용품,C006162,2,생활용품 > 생활안전용품
옥션2.0,C006166,기타생활안전용품,C006167,3,생활용품 > 생활안전용품 > 기타생활안전용품
옥션2.0,C006168,도어경보기,C006167,3,생활용품 > 생활안전용품 > 도어경보기
옥션2.0,C006169,도어클로저/스토퍼,C006167,3,생활용품 > 생활안전용품 > 도어클로저/스토퍼
옥션2.0,C006170,디지털도어락,C006167,3,생활용품 > 생활안전용품 > 디지털도어락
옥션2.0,C006171,방범창/방범용품,C006167,3,생활용품 > 생활안전용품 > 방범창/방범용품
옥션2.0,C006172,열쇠/자물쇠,C006167,3,생활용품 > 생활안전용품 > 열쇠/자물쇠
옥션2.0,C006173,초인종/차임벨,C006167,3,생활용품 > 생활안전용품 > 초인종/차임벨
옥션2.0,C006174,현관잠금장치,C006167,3,생활용품 > 생활안전용품 > 현관잠금장치
옥션2.0,C006175,호신용품,C006167,3,생활용품 > 생활안전용품 > 호신용품
옥션2.0,C006177,생활잡화,C006162,2,생활용품 > 생활잡화
옥션2.0,C006176,기타생활잡화,C006177,3,생활용품 > 생활잡화 > 기타생활잡화
옥션2.0,C006178,부채,C006177,3,생활용품 > 생활잡화 > 부채
옥션2.0,C006179,소음방지용품,C006177,3,생활용품 > 생활잡화 > 소음방지용품
옥션2.0,C006180,쇼핑카트/핸드카트,C006177,3,생활용품 > 생활잡화 > 쇼핑카트/핸드카트
옥션2.0,C006181,우산꽂이,C006177,3,생활용품 > 생활잡화 > 우산꽂이
옥션2.0,C006182,장바구니,C006177,3,생활용품 > 생활잡화 > 장바구니
옥션2.0,C006183,재떨이/라이터,C006177,3,생활용품 > 생활잡화 > 재떨이/라이터
옥션2.0,C006184,태극기/깃발,C006177,3,생활용품 > 생활잡화 > 태극기/깃발
옥션2.0,C006186,샤워기/수전용품,C006162,2,생활용품 > 샤워기/수전용품
옥션2.0,C006185,기타샤워기/수전용품,C006186,3,생활용품 > 샤워기/수전용품 > 기타샤워기/수전용품
옥션2.0,C006187,샤워기,C006186,3,생활용품 > 샤워기/수전용품 > 샤워기
옥션2.0,C006188,샤워기호스,C006186,3,생활용품 > 샤워기/수전용품 > 샤워기호스
옥션2.0,C006189,샤워기홀더,C006186,3,생활용품 > 샤워기/수전용품 > 샤워기홀더
옥션2.0,C006190,세면수전,C006186,3,생활용품 > 샤워기/수전용품 > 세면수전
옥션2.0,C006191,수도꼭지,C006186,3,생활용품 > 샤워기/수전용품 > 수도꼭지
옥션2.0,C006192,욕실수전,C006186,3,생활용품 > 샤워기/수전용품 > 욕실수전
옥션2.0,C006193,주방수전,C006186,3,생활용품 > 샤워기/수전용품 > 주방수전
옥션2.0,C006195,선반/행거/진열대,C006162,2,생활용품 > 선반/행거/진열대
옥션2.0,C006194,벽걸이선반/진열대,C006195,3,생활용품 > 선반/행거/진열대 > 벽걸이선반/진열대
옥션2.0,C006196,선반/행거/진열대용품,C006195,3,생활용품 > 선반/행거/진열대 > 선반/행거/진열대용품
옥션2.0,C006197,스탠드선반/진열대,C006195,3,생활용품 > 선반/행거/진열대 > 스탠드선반/진열대
옥션2.0,C006198,압축봉,C006195,3,생활용품 > 선반/행거/진열대 > 압축봉
옥션2.0,C006199,압축선반,C006195,3,생활용품 > 선반/행거/진열대 > 압축선반
옥션2.0,C006200,이동식선반/진열대,C006195,3,생활용품 > 선반/행거/진열대 > 이동식선반/진열대
옥션2.0,C006201,행거,C006195,3,생활용품 > 선반/행거/진열대 > 행거
옥션2.0,C006203,세탁용품,C006162,2,생활용품 > 세탁용품
옥션2.0,C006202,기타세탁용품,C006203,3,생활용품 > 세탁용품 > 기타세탁용품
옥션2.0,C006204,다리미판,C006203,3,생활용품 > 세탁용품 > 다리미판
옥션2.0,C006205,빨래건조대,C006203,3,생활용품 > 세탁용품 > 빨래건조대
옥션2.0,C006206,빨래바구니,C006203,3,생활용품 > 세탁용품 > 빨래바구니
옥션2.0,C006207,빨래삶통,C006203,3,생활용품 > 세탁용품 > 빨래삶통
옥션2.0,C006208,빨래줄,C006203,3,생활용품 > 세탁용품 > 빨래줄
옥션2.0,C006209,빨래집게,C006203,3,생활용품 > 세탁용품 > 빨래집게
옥션2.0,C006210,빨래판,C006203,3,생활용품 > 세탁용품 > 빨래판
옥션2.0,C006211,세제케이스,C006203,3,생활용품 > 세탁용품 > 세제케이스
옥션2.0,C006212,세탁기거름망,C006203,3,생활용품 > 세탁용품 > 세탁기거름망
옥션2.0,C006213,세탁망/세탁볼,C006203,3,생활용품 > 세탁용품 > 세탁망/세탁볼
옥션2.0,C006214,세탁솔,C006203,3,생활용품 > 세탁용품 > 세탁솔
옥션2.0,C006216,수납/정리용품,C006162,2,생활용품 > 수납/정리용품
옥션2.0,C006215,기타수납/정리용품,C006216,3,생활용품 > 수납/정리용품 > 기타수납/정리용품
옥션2.0,C006217,마네킹,C006216,3,생활용품 > 수납/정리용품 > 마네킹
옥션2.0,C006218,바구니/바스켓,C006216,3,생활용품 > 수납/정리용품 > 바구니/바스켓
옥션2.0,C006219,비키니옷장,C006216,3,생활용품 > 수납/정리용품 > 비키니옷장
옥션2.0,C006220,소품걸이,C006216,3,생활용품 > 수납/정리용품 > 소품걸이
옥션2.0,C006221,수납정리함,C006216,3,생활용품 > 수납/정리용품 > 수납정리함
옥션2.0,C006222,압축팩,C006216,3,생활용품 > 수납/정리용품 > 압축팩
옥션2.0,C006223,옷걸이,C006216,3,생활용품 > 수납/정리용품 > 옷걸이
옥션2.0,C006224,옷커버,C006216,3,생활용품 > 수납/정리용품 > 옷커버
옥션2.0,C006225,후크/걸이용품,C006216,3,생활용품 > 수납/정리용품 > 후크/걸이용품
옥션2.0,C006227,시즌용품,C006162,2,생활용품 > 시즌용품
옥션2.0,C006226,기타시즌용품,C006227,3,생활용품 > 시즌용품 > 기타시즌용품
옥션2.0,C006228,난방텐트,C006227,3,생활용품 > 시즌용품 > 난방텐트
옥션2.0,C006229,단열시트,C006227,3,생활용품 > 시즌용품 > 단열시트
옥션2.0,C006230,단열필름,C006227,3,생활용품 > 시즌용품 > 단열필름
옥션2.0,C006231,문풍지,C006227,3,생활용품 > 시즌용품 > 문풍지
옥션2.0,C006232,방풍비닐/방풍막,C006227,3,생활용품 > 시즌용품 > 방풍비닐/방풍막
옥션2.0,C006234,욕실보수용품,C006162,2,생활용품 > 욕실보수용품
옥션2.0,C006233,기타욕실보수용품,C006234,3,생활용품 > 욕실보수용품 > 기타욕실보수용품
옥션2.0,C006235,녹물제거필터,C006234,3,생활용품 > 욕실보수용품 > 녹물제거필터
옥션2.0,C006236,바닥유가/하수구트랩,C006234,3,생활용품 > 욕실보수용품 > 바닥유가/하수구트랩
옥션2.0,C006237,세면기부속품,C006234,3,생활용품 > 욕실보수용품 > 세면기부속품
옥션2.0,C006238,싱크대배관용품,C006234,3,생활용품 > 욕실보수용품 > 싱크대배관용품
옥션2.0,C006239,양변기부속품,C006234,3,생활용품 > 욕실보수용품 > 양변기부속품
옥션2.0,C006240,줄눈보수제,C006234,3,생활용품 > 욕실보수용품 > 줄눈보수제
옥션2.0,C006242,욕실용품,C006162,2,생활용품 > 욕실용품
옥션2.0,C006241,기타욕실용품,C006242,3,생활용품 > 욕실용품 > 기타욕실용품
옥션2.0,C006243,때타월/샤워볼,C006242,3,생활용품 > 욕실용품 > 때타월/샤워볼
옥션2.0,C006244,바디브러시,C006242,3,생활용품 > 욕실용품 > 바디브러시
옥션2.0,C006245,변기막힘압축기,C006242,3,생활용품 > 욕실용품 > 변기막힘압축기
옥션2.0,C006246,변기세척솔,C006242,3,생활용품 > 욕실용품 > 변기세척솔
옥션2.0,C006247,변기커버,C006242,3,생활용품 > 욕실용품 > 변기커버
옥션2.0,C006248,비누받침/홀더,C006242,3,생활용품 > 욕실용품 > 비누받침/홀더
옥션2.0,C006249,샤워가운,C006242,3,생활용품 > 욕실용품 > 샤워가운
옥션2.0,C006250,샤워커튼,C006242,3,생활용품 > 욕실용품 > 샤워커튼
옥션2.0,C006251,세안헤어밴드,C006242,3,생활용품 > 욕실용품 > 세안헤어밴드
옥션2.0,C006252,수건/타월,C006242,3,생활용품 > 욕실용품 > 수건/타월
옥션2.0,C006253,수건걸이,C006242,3,생활용품 > 욕실용품 > 수건걸이
옥션2.0,C006254,양치컵,C006242,3,생활용품 > 욕실용품 > 양치컵
옥션2.0,C006255,욕실디스펜서,C006242,3,생활용품 > 욕실용품 > 욕실디스펜서
옥션2.0,C006256,욕실매트,C006242,3,생활용품 > 욕실용품 > 욕실매트
옥션2.0,C006257,욕실바구니,C006242,3,생활용품 > 욕실용품 > 욕실바구니
옥션2.0,C006258,욕실발판,C006242,3,생활용품 > 욕실용품 > 욕실발판
옥션2.0,C006259,욕실의자,C006242,3,생활용품 > 욕실용품 > 욕실의자
옥션2.0,C006260,욕실화,C006242,3,생활용품 > 욕실용품 > 욕실화
옥션2.0,C006261,칫솔걸이,C006242,3,생활용품 > 욕실용품 > 칫솔걸이
옥션2.0,C006262,휴지걸이,C006242,3,생활용품 > 욕실용품 > 휴지걸이
옥션2.0,C006264,욕실인테리어,C006162,2,생활용품 > 욕실인테리어
옥션2.0,C006263,샤워부스,C006264,3,생활용품 > 욕실인테리어 > 샤워부스
옥션2.0,C006265,세면기,C006264,3,생활용품 > 욕실인테리어 > 세면기
옥션2.0,C006266,양변기,C006264,3,생활용품 > 욕실인테리어 > 양변기
옥션2.0,C006267,욕실거울,C006264,3,생활용품 > 욕실인테리어 > 욕실거울
옥션2.0,C006268,욕실리모델링/시공,C006264,3,생활용품 > 욕실인테리어 > 욕실리모델링/시공
옥션2.0,C006269,욕실선반,C006264,3,생활용품 > 욕실인테리어 > 욕실선반
옥션2.0,C006270,욕실수납장,C006264,3,생활용품 > 욕실인테리어 > 욕실수납장
옥션2.0,C006271,욕조,C006264,3,생활용품 > 욕실인테리어 > 욕조
옥션2.0,C006272,욕조덮개,C006264,3,생활용품 > 욕실인테리어 > 욕조덮개
옥션2.0,C006274,청소용품,C006162,2,생활용품 > 청소용품
옥션2.0,C006273,걸레,C006274,3,생활용품 > 청소용품 > 걸레
옥션2.0,C006275,기타청소용품,C006274,3,생활용품 > 청소용품 > 기타청소용품
옥션2.0,C006276,매직블럭,C006274,3,생활용품 > 청소용품 > 매직블럭
옥션2.0,C006277,먼지떨이/먼지제거기,C006274,3,생활용품 > 청소용품 > 먼지떨이/먼지제거기
옥션2.0,C006278,밀대,C006274,3,생활용품 > 청소용품 > 밀대
옥션2.0,C006279,분리수거함,C006274,3,생활용품 > 청소용품 > 분리수거함
옥션2.0,C006280,빗자루/쓰레받기,C006274,3,생활용품 > 청소용품 > 빗자루/쓰레받기
옥션2.0,C006281,유리닦이용품,C006274,3,생활용품 > 청소용품 > 유리닦이용품
옥션2.0,C006282,음식물쓰레기통,C006274,3,생활용품 > 청소용품 > 음식물쓰레기통
옥션2.0,C006283,청소솔,C006274,3,생활용품 > 청소용품 > 청소솔
옥션2.0,C006284,청소포/패드,C006274,3,생활용품 > 청소용품 > 청소포/패드
옥션2.0,C006285,테이프클리너,C006274,3,생활용품 > 청소용품 > 테이프클리너
옥션2.0,C006286,휴지통,C006274,3,생활용품 > 청소용품 > 휴지통
옥션2.0,C006288,해충퇴치용품,C006162,2,생활용품 > 해충퇴치용품
옥션2.0,C006287,기타해충퇴치용품,C006288,3,생활용품 > 해충퇴치용품 > 기타해충퇴치용품
옥션2.0,C006289,모기장,C006288,3,생활용품 > 해충퇴치용품 > 모기장
옥션2.0,C006290,방충망,C006288,3,생활용품 > 해충퇴치용품 > 방충망
옥션2.0,C006291,전기모기채,C006288,3,생활용품 > 해충퇴치용품 > 전기모기채
옥션2.0,C006294,수입명품,ROOT,1,수입명품
옥션2.0,C006293,명품 남성가방,C006294,2,수입명품 > 명품 남성가방
옥션2.0,C006292,백팩,C006293,3,수입명품 > 명품 남성가방 > 백팩
옥션2.0,C006295,숄더/크로스백,C006293,3,수입명품 > 명품 남성가방 > 숄더/크로스백
옥션2.0,C006296,여행가방,C006293,3,수입명품 > 명품 남성가방 > 여행가방
옥션2.0,C006297,토트백,C006293,3,수입명품 > 명품 남성가방 > 토트백
옥션2.0,C006299,명품 시계,C006294,2,수입명품 > 명품 시계
옥션2.0,C006298,남성용,C006299,3,수입명품 > 명품 시계 > 남성용
옥션2.0,C006300,남여공용,C006299,3,수입명품 > 명품 시계 > 남여공용
옥션2.0,C006301,여성용,C006299,3,수입명품 > 명품 시계 > 여성용
옥션2.0,C006303,명품 신발,C006294,2,수입명품 > 명품 신발
옥션2.0,C006302,남성화,C006303,3,수입명품 > 명품 신발 > 남성화
옥션2.0,C006304,스니커즈/운동화,C006303,3,수입명품 > 명품 신발 > 스니커즈/운동화
옥션2.0,C006305,여성화,C006303,3,수입명품 > 명품 신발 > 여성화
옥션2.0,C006307,명품 여성가방,C006294,2,수입명품 > 명품 여성가방
옥션2.0,C006306,백팩,C006307,3,수입명품 > 명품 여성가방 > 백팩
옥션2.0,C006308,숄더백,C006307,3,수입명품 > 명품 여성가방 > 숄더백
옥션2.0,C006309,크로스백,C006307,3,수입명품 > 명품 여성가방 > 크로스백
옥션2.0,C006310,클러치/미니백/파우치,C006307,3,수입명품 > 명품 여성가방 > 클러치/미니백/파우치
옥션2.0,C006311,토트백,C006307,3,수입명품 > 명품 여성가방 > 토트백
옥션2.0,C006313,명품 의류,C006294,2,수입명품 > 명품 의류
옥션2.0,C006312,남성상의,C006313,3,수입명품 > 명품 의류 > 남성상의
옥션2.0,C006314,남성하의,C006313,3,수입명품 > 명품 의류 > 남성하의
옥션2.0,C006315,아우터,C006313,3,수입명품 > 명품 의류 > 아우터
옥션2.0,C006316,여성상의,C006313,3,수입명품 > 명품 의류 > 여성상의
옥션2.0,C006317,여성원피스,C006313,3,수입명품 > 명품 의류 > 여성원피스
옥션2.0,C006318,여성하의,C006313,3,수입명품 > 명품 의류 > 여성하의
옥션2.0,C006320,명품 지갑/벨트,C006294,2,수입명품 > 명품 지갑/벨트
옥션2.0,C006319,남성지갑,C006320,3,수입명품 > 명품 지갑/벨트 > 남성지갑
옥션2.0,C006321,벨트,C006320,3,수입명품 > 명품 지갑/벨트 > 벨트
옥션2.0,C006322,여성지갑,C006320,3,수입명품 > 명품 지갑/벨트 > 여성지갑
옥션2.0,C006324,명품 패션소품,C006294,2,수입명품 > 명품 패션소품
옥션2.0,C006323,넥타이/커프스,C006324,3,수입명품 > 명품 패션소품 > 넥타이/커프스
옥션2.0,C006325,모자,C006324,3,수입명품 > 명품 패션소품 > 모자
옥션2.0,C006326,스카프/머플러/손수건,C006324,3,수입명품 > 명품 패션소품 > 스카프/머플러/손수건
옥션2.0,C006327,우산/양산,C006324,3,수입명품 > 명품 패션소품 > 우산/양산
옥션2.0,C006328,장갑,C006324,3,수입명품 > 명품 패션소품 > 장갑
옥션2.0,C006329,키홀더/키링/참,C006324,3,수입명품 > 명품 패션소품 > 키홀더/키링/참
옥션2.0,C006331,중고명품,C006294,2,수입명품 > 중고명품
옥션2.0,C006330,남성가방,C006331,3,수입명품 > 중고명품 > 남성가방
옥션2.0,C006332,소품/기타,C006331,3,수입명품 > 중고명품 > 소품/기타
옥션2.0,C006333,여성가방,C006331,3,수입명품 > 중고명품 > 여성가방
옥션2.0,C006334,지갑/벨트,C006331,3,수입명품 > 중고명품 > 지갑/벨트
옥션2.0,C006337,스마일클럽,ROOT,1,스마일클럽
옥션2.0,C006336,스마일클럽,C006337,2,스마일클럽 > 스마일클럽
옥션2.0,C006335,스마일클럽,C006336,3,스마일클럽 > 스마일클럽 > 스마일클럽
옥션2.0,C006338,스마일클럽 테스트3,C006336,3,스마일클럽 > 스마일클럽 > 스마일클럽 테스트3
옥션2.0,C006339,스마일클럽(test ver),C006336,3,스마일클럽 > 스마일클럽 > 스마일클럽(test ver)
옥션2.0,C006342,스포츠의류/운동화,ROOT,1,스포츠의류/운동화
옥션2.0,C006341,스포츠가방,C006342,2,스포츠의류/운동화 > 스포츠가방
옥션2.0,C006340,기타스포츠가방,C006341,3,스포츠의류/운동화 > 스포츠가방 > 기타스포츠가방
옥션2.0,C006343,스포츠백팩,C006341,3,스포츠의류/운동화 > 스포츠가방 > 스포츠백팩
옥션2.0,C006344,스포츠숄더백,C006341,3,스포츠의류/운동화 > 스포츠가방 > 스포츠숄더백
옥션2.0,C006345,스포츠크로스백,C006341,3,스포츠의류/운동화 > 스포츠가방 > 스포츠크로스백
옥션2.0,C006346,스포츠힙색/허리색,C006341,3,스포츠의류/운동화 > 스포츠가방 > 스포츠힙색/허리색
옥션2.0,C006348,스포츠기타용품,C006342,2,스포츠의류/운동화 > 스포츠기타용품
옥션2.0,C006347,계수기,C006348,3,스포츠의류/운동화 > 스포츠기타용품 > 계수기
옥션2.0,C006349,기타스포츠용품,C006348,3,스포츠의류/운동화 > 스포츠기타용품 > 기타스포츠용품
옥션2.0,C006350,스톱워치,C006348,3,스포츠의류/운동화 > 스포츠기타용품 > 스톱워치
옥션2.0,C006351,스포츠기록지/카드,C006348,3,스포츠의류/운동화 > 스포츠기타용품 > 스포츠기록지/카드
옥션2.0,C006352,에어펌프,C006348,3,스포츠의류/운동화 > 스포츠기타용품 > 에어펌프
옥션2.0,C006353,점수판/작전판,C006348,3,스포츠의류/운동화 > 스포츠기타용품 > 점수판/작전판
옥션2.0,C006354,호루라기,C006348,3,스포츠의류/운동화 > 스포츠기타용품 > 호루라기
옥션2.0,C006356,스포츠남성의류,C006342,2,스포츠의류/운동화 > 스포츠남성의류
옥션2.0,C006355,남성스포츠레깅스,C006356,3,스포츠의류/운동화 > 스포츠남성의류 > 남성스포츠레깅스
옥션2.0,C006357,남성스포츠바지,C006356,3,스포츠의류/운동화 > 스포츠남성의류 > 남성스포츠바지
옥션2.0,C006358,남성스포츠재킷,C006356,3,스포츠의류/운동화 > 스포츠남성의류 > 남성스포츠재킷
옥션2.0,C006359,남성스포츠점퍼,C006356,3,스포츠의류/운동화 > 스포츠남성의류 > 남성스포츠점퍼
옥션2.0,C006360,남성스포츠조끼,C006356,3,스포츠의류/운동화 > 스포츠남성의류 > 남성스포츠조끼
옥션2.0,C006361,남성스포츠티셔츠,C006356,3,스포츠의류/운동화 > 스포츠남성의류 > 남성스포츠티셔츠
옥션2.0,C006362,남성트레이닝복,C006356,3,스포츠의류/운동화 > 스포츠남성의류 > 남성트레이닝복
옥션2.0,C006364,스포츠모자,C006342,2,스포츠의류/운동화 > 스포츠모자
옥션2.0,C006363,스포츠비니,C006364,3,스포츠의류/운동화 > 스포츠모자 > 스포츠비니
옥션2.0,C006365,스포츠썬바이저,C006364,3,스포츠의류/운동화 > 스포츠모자 > 스포츠썬바이저
옥션2.0,C006366,스포츠캡모자,C006364,3,스포츠의류/운동화 > 스포츠모자 > 스포츠캡모자
옥션2.0,C006368,스포츠보호용품,C006342,2,스포츠의류/운동화 > 스포츠보호용품
옥션2.0,C006367,기타스포츠보호용품,C006368,3,스포츠의류/운동화 > 스포츠보호용품 > 기타스포츠보호용품
옥션2.0,C006369,무릎보호대,C006368,3,스포츠의류/운동화 > 스포츠보호용품 > 무릎보호대
옥션2.0,C006370,발목보호대,C006368,3,스포츠의류/운동화 > 스포츠보호용품 > 발목보호대
옥션2.0,C006371,손목보호대,C006368,3,스포츠의류/운동화 > 스포츠보호용품 > 손목보호대
옥션2.0,C006372,테이핑,C006368,3,스포츠의류/운동화 > 스포츠보호용품 > 테이핑
옥션2.0,C006373,팔꿈치보호대,C006368,3,스포츠의류/운동화 > 스포츠보호용품 > 팔꿈치보호대
옥션2.0,C006374,허리보호대,C006368,3,스포츠의류/운동화 > 스포츠보호용품 > 허리보호대
옥션2.0,C006376,스포츠여성의류,C006342,2,스포츠의류/운동화 > 스포츠여성의류
옥션2.0,C006375,여성스포츠레깅스,C006376,3,스포츠의류/운동화 > 스포츠여성의류 > 여성스포츠레깅스
옥션2.0,C006377,여성스포츠바지,C006376,3,스포츠의류/운동화 > 스포츠여성의류 > 여성스포츠바지
옥션2.0,C006378,여성스포츠스커트,C006376,3,스포츠의류/운동화 > 스포츠여성의류 > 여성스포츠스커트
옥션2.0,C006379,여성스포츠재킷,C006376,3,스포츠의류/운동화 > 스포츠여성의류 > 여성스포츠재킷
옥션2.0,C006380,여성스포츠점퍼,C006376,3,스포츠의류/운동화 > 스포츠여성의류 > 여성스포츠점퍼
옥션2.0,C006381,여성스포츠조끼,C006376,3,스포츠의류/운동화 > 스포츠여성의류 > 여성스포츠조끼
옥션2.0,C006382,여성스포츠티셔츠,C006376,3,스포츠의류/운동화 > 스포츠여성의류 > 여성스포츠티셔츠
옥션2.0,C006383,여성트레이닝복,C006376,3,스포츠의류/운동화 > 스포츠여성의류 > 여성트레이닝복
옥션2.0,C006385,스포츠이너웨어,C006342,2,스포츠의류/운동화 > 스포츠이너웨어
옥션2.0,C006384,스포츠브라,C006385,3,스포츠의류/운동화 > 스포츠이너웨어 > 스포츠브라
옥션2.0,C006386,스포츠팬티,C006385,3,스포츠의류/운동화 > 스포츠이너웨어 > 스포츠팬티
옥션2.0,C006387,언더레이어,C006385,3,스포츠의류/운동화 > 스포츠이너웨어 > 언더레이어
옥션2.0,C006389,스포츠잡화,C006342,2,스포츠의류/운동화 > 스포츠잡화
옥션2.0,C006388,고글/스포츠선글라스,C006389,3,스포츠의류/운동화 > 스포츠잡화 > 고글/스포츠선글라스
옥션2.0,C006390,깔창/신발끈,C006389,3,스포츠의류/운동화 > 스포츠잡화 > 깔창/신발끈
옥션2.0,C006391,스포츠귀마개,C006389,3,스포츠의류/운동화 > 스포츠잡화 > 스포츠귀마개
옥션2.0,C006392,스포츠마스크/바라클라바,C006389,3,스포츠의류/운동화 > 스포츠잡화 > 스포츠마스크/바라클라바
옥션2.0,C006393,스포츠목걸이/팔찌,C006389,3,스포츠의류/운동화 > 스포츠잡화 > 스포츠목걸이/팔찌
옥션2.0,C006394,스포츠벨트,C006389,3,스포츠의류/운동화 > 스포츠잡화 > 스포츠벨트
옥션2.0,C006395,스포츠스카프/넥워머,C006389,3,스포츠의류/운동화 > 스포츠잡화 > 스포츠스카프/넥워머
옥션2.0,C006396,스포츠시계,C006389,3,스포츠의류/운동화 > 스포츠잡화 > 스포츠시계
옥션2.0,C006397,스포츠양말,C006389,3,스포츠의류/운동화 > 스포츠잡화 > 스포츠양말
옥션2.0,C006398,스포츠우의/레인코트,C006389,3,스포츠의류/운동화 > 스포츠잡화 > 스포츠우의/레인코트
옥션2.0,C006399,스포츠장갑,C006389,3,스포츠의류/운동화 > 스포츠잡화 > 스포츠장갑
옥션2.0,C006400,스포츠타월,C006389,3,스포츠의류/운동화 > 스포츠잡화 > 스포츠타월
옥션2.0,C006401,스포츠토시,C006389,3,스포츠의류/운동화 > 스포츠잡화 > 스포츠토시
옥션2.0,C006402,스포츠헤어밴드/두건,C006389,3,스포츠의류/운동화 > 스포츠잡화 > 스포츠헤어밴드/두건
옥션2.0,C006404,스포츠화,C006342,2,스포츠의류/운동화 > 스포츠화
옥션2.0,C006403,런닝화,C006404,3,스포츠의류/운동화 > 스포츠화 > 런닝화
옥션2.0,C006405,마라톤화,C006404,3,스포츠의류/운동화 > 스포츠화 > 마라톤화
옥션2.0,C006406,방한운동화,C006404,3,스포츠의류/운동화 > 스포츠화 > 방한운동화
옥션2.0,C006407,스포츠샌들,C006404,3,스포츠의류/운동화 > 스포츠화 > 스포츠샌들
옥션2.0,C006408,스포츠스니커즈,C006404,3,스포츠의류/운동화 > 스포츠화 > 스포츠스니커즈
옥션2.0,C006409,스포츠슬리퍼,C006404,3,스포츠의류/운동화 > 스포츠화 > 스포츠슬리퍼
옥션2.0,C006410,아쿠아슈즈,C006404,3,스포츠의류/운동화 > 스포츠화 > 아쿠아슈즈
옥션2.0,C006413,신발,ROOT,1,신발
옥션2.0,C006412,기능화,C006413,2,신발 > 기능화
옥션2.0,C006411,간호사화,C006412,3,신발 > 기능화 > 간호사화
옥션2.0,C006414,기능화기타,C006412,3,신발 > 기능화 > 기능화기타
옥션2.0,C006415,다이어트화,C006412,3,신발 > 기능화 > 다이어트화
옥션2.0,C006416,댄스화/발레화,C006412,3,신발 > 기능화 > 댄스화/발레화
옥션2.0,C006417,한복신발,C006412,3,신발 > 기능화 > 한복신발
옥션2.0,C006419,남성샌들,C006413,2,신발 > 남성샌들
옥션2.0,C006418,아쿠아슈즈,C006419,3,신발 > 남성샌들 > 아쿠아슈즈
옥션2.0,C006420,정장샌들,C006419,3,신발 > 남성샌들 > 정장샌들
옥션2.0,C006421,쪼리/슬리퍼,C006419,3,신발 > 남성샌들 > 쪼리/슬리퍼
옥션2.0,C006422,캐주얼샌들,C006419,3,신발 > 남성샌들 > 캐주얼샌들
옥션2.0,C006424,남성정장화,C006413,2,신발 > 남성정장화
옥션2.0,C006423,정장구두-기본,C006424,3,신발 > 남성정장화 > 정장구두-기본
옥션2.0,C006425,정장구두-로퍼,C006424,3,신발 > 남성정장화 > 정장구두-로퍼
옥션2.0,C006426,정장구두-옥스포드,C006424,3,신발 > 남성정장화 > 정장구두-옥스포드
옥션2.0,C006428,남성캐주얼화,C006413,2,신발 > 남성캐주얼화
옥션2.0,C006427,로퍼/옥스포드화,C006428,3,신발 > 남성캐주얼화 > 로퍼/옥스포드화
옥션2.0,C006429,마틴화/웰트화,C006428,3,신발 > 남성캐주얼화 > 마틴화/웰트화
옥션2.0,C006430,모카신,C006428,3,신발 > 남성캐주얼화 > 모카신
옥션2.0,C006431,방한화/털부츠,C006428,3,신발 > 남성캐주얼화 > 방한화/털부츠
옥션2.0,C006432,보트슈즈,C006428,3,신발 > 남성캐주얼화 > 보트슈즈
옥션2.0,C006433,워커/부츠,C006428,3,신발 > 남성캐주얼화 > 워커/부츠
옥션2.0,C006435,빅사이즈신발,C006413,2,신발 > 빅사이즈신발
옥션2.0,C006434,남성화,C006435,3,신발 > 빅사이즈신발 > 남성화
옥션2.0,C006436,여성화,C006435,3,신발 > 빅사이즈신발 > 여성화
옥션2.0,C006437,캐주얼화,C006435,3,신발 > 빅사이즈신발 > 캐주얼화
옥션2.0,C006439,스니커즈/슬립온,C006413,2,신발 > 스니커즈/슬립온
옥션2.0,C006438,스니커즈,C006439,3,신발 > 스니커즈/슬립온 > 스니커즈
옥션2.0,C006440,슬립온,C006439,3,신발 > 스니커즈/슬립온 > 슬립온
옥션2.0,C006441,캔버스화/보드화,C006439,3,신발 > 스니커즈/슬립온 > 캔버스화/보드화
옥션2.0,C006442,키높이스니커즈,C006439,3,신발 > 스니커즈/슬립온 > 키높이스니커즈
옥션2.0,C006444,신발용품,C006413,2,신발 > 신발용품
옥션2.0,C006443,굽/리폼제품,C006444,3,신발 > 신발용품 > 굽/리폼제품
옥션2.0,C006445,깔창/키높이깔창,C006444,3,신발 > 신발용품 > 깔창/키높이깔창
옥션2.0,C006446,발보호쿠션/패드,C006444,3,신발 > 신발용품 > 발보호쿠션/패드
옥션2.0,C006447,부츠키퍼/클리너,C006444,3,신발 > 신발용품 > 부츠키퍼/클리너
옥션2.0,C006448,슈트리/제골기,C006444,3,신발 > 신발용품 > 슈트리/제골기
옥션2.0,C006449,신발끈,C006444,3,신발 > 신발용품 > 신발끈
옥션2.0,C006451,실내화/슬리퍼,C006413,2,신발 > 실내화/슬리퍼
옥션2.0,C006450,지압슬리퍼,C006451,3,신발 > 실내화/슬리퍼 > 지압슬리퍼
옥션2.0,C006452,털슬리퍼,C006451,3,신발 > 실내화/슬리퍼 > 털슬리퍼
옥션2.0,C006453,학생용실내화,C006451,3,신발 > 실내화/슬리퍼 > 학생용실내화
옥션2.0,C006455,여성단화,C006413,2,신발 > 여성단화
옥션2.0,C006454,로퍼,C006455,3,신발 > 여성단화 > 로퍼
옥션2.0,C006456,모카신/보트화,C006455,3,신발 > 여성단화 > 모카신/보트화
옥션2.0,C006457,블로퍼,C006455,3,신발 > 여성단화 > 블로퍼
옥션2.0,C006458,옥스포드화,C006455,3,신발 > 여성단화 > 옥스포드화
옥션2.0,C006459,플랫슈즈,C006455,3,신발 > 여성단화 > 플랫슈즈
옥션2.0,C006461,여성부츠/워커,C006413,2,신발 > 여성부츠/워커
옥션2.0,C006460,레인부츠/장화,C006461,3,신발 > 여성부츠/워커 > 레인부츠/장화
옥션2.0,C006463,롱부츠,C006461,3,신발 > 여성부츠/워커 > 롱부츠
옥션2.0,C006462,로우힐,C006463,4,신발 > 여성부츠/워커 > 롱부츠 > 로우힐
옥션2.0,C006464,싸이하이부츠,C006463,4,신발 > 여성부츠/워커 > 롱부츠 > 싸이하이부츠
옥션2.0,C006465,하이힐,C006463,4,신발 > 여성부츠/워커 > 롱부츠 > 하이힐
옥션2.0,C006466,부티,C006461,3,신발 > 여성부츠/워커 > 부티
옥션2.0,C006468,스웨이드부츠,C006461,3,신발 > 여성부츠/워커 > 스웨이드부츠
옥션2.0,C006467,로우힐,C006468,4,신발 > 여성부츠/워커 > 스웨이드부츠 > 로우힐
옥션2.0,C006469,하이힐,C006468,4,신발 > 여성부츠/워커 > 스웨이드부츠 > 하이힐
옥션2.0,C006471,앵클부츠,C006461,3,신발 > 여성부츠/워커 > 앵클부츠
옥션2.0,C006470,로우힐,C006471,4,신발 > 여성부츠/워커 > 앵클부츠 > 로우힐
옥션2.0,C006472,하이힐,C006471,4,신발 > 여성부츠/워커 > 앵클부츠 > 하이힐
옥션2.0,C006473,워커힐,C006461,3,신발 > 여성부츠/워커 > 워커힐
옥션2.0,C006474,첼시부츠,C006461,3,신발 > 여성부츠/워커 > 첼시부츠
옥션2.0,C006476,털부츠,C006461,3,신발 > 여성부츠/워커 > 털부츠
옥션2.0,C006475,롱,C006476,4,신발 > 여성부츠/워커 > 털부츠 > 롱
옥션2.0,C006477,미들,C006476,4,신발 > 여성부츠/워커 > 털부츠 > 미들
옥션2.0,C006478,숏,C006476,4,신발 > 여성부츠/워커 > 털부츠 > 숏
옥션2.0,C006479,패딩부츠,C006461,3,신발 > 여성부츠/워커 > 패딩부츠
옥션2.0,C006480,플랫워커,C006461,3,신발 > 여성부츠/워커 > 플랫워커
옥션2.0,C006482,여성샌들,C006413,2,신발 > 여성샌들
옥션2.0,C006481,기타샌들,C006482,3,신발 > 여성샌들 > 기타샌들
옥션2.0,C006483,스트랩샌들,C006482,3,신발 > 여성샌들 > 스트랩샌들
옥션2.0,C006484,슬리퍼,C006482,3,신발 > 여성샌들 > 슬리퍼
옥션2.0,C006485,아쿠아슈즈,C006482,3,신발 > 여성샌들 > 아쿠아슈즈
옥션2.0,C006486,웨지샌들,C006482,3,신발 > 여성샌들 > 웨지샌들
옥션2.0,C006487,젤리/스펀지샌들,C006482,3,신발 > 여성샌들 > 젤리/스펀지샌들
옥션2.0,C006488,플랫샌들,C006482,3,신발 > 여성샌들 > 플랫샌들
옥션2.0,C006489,플립플랍/쪼리,C006482,3,신발 > 여성샌들 > 플립플랍/쪼리
옥션2.0,C006491,운동화,C006413,2,신발 > 운동화
옥션2.0,C006490,키높이운동화,C006491,3,신발 > 운동화 > 키높이운동화
옥션2.0,C006492,털운동화,C006491,3,신발 > 운동화 > 털운동화
옥션2.0,C006493,패션운동화,C006491,3,신발 > 운동화 > 패션운동화
옥션2.0,C006494,하이탑,C006491,3,신발 > 운동화 > 하이탑
옥션2.0,C006496,컴포트화,C006413,2,신발 > 컴포트화
옥션2.0,C006495,남성컴포트화,C006496,3,신발 > 컴포트화 > 남성컴포트화
옥션2.0,C006497,여성컴포트화,C006496,3,신발 > 컴포트화 > 여성컴포트화
옥션2.0,C006498,효도화,C006496,3,신발 > 컴포트화 > 효도화
옥션2.0,C006500,힐/펌프스,C006413,2,신발 > 힐/펌프스
옥션2.0,C006499,가보시힐,C006500,3,신발 > 힐/펌프스 > 가보시힐
옥션2.0,C006501,로우힐/미들힐,C006500,3,신발 > 힐/펌프스 > 로우힐/미들힐
옥션2.0,C006502,뮬,C006500,3,신발 > 힐/펌프스 > 뮬
옥션2.0,C006503,슬링백,C006500,3,신발 > 힐/펌프스 > 슬링백
옥션2.0,C006504,웨딩/파티슈즈,C006500,3,신발 > 힐/펌프스 > 웨딩/파티슈즈
옥션2.0,C006505,웨지힐,C006500,3,신발 > 힐/펌프스 > 웨지힐
옥션2.0,C006506,킬힐,C006500,3,신발 > 힐/펌프스 > 킬힐
옥션2.0,C006507,토오픈,C006500,3,신발 > 힐/펌프스 > 토오픈
옥션2.0,C006508,통굽슈즈,C006500,3,신발 > 힐/펌프스 > 통굽슈즈
옥션2.0,C006509,하이힐,C006500,3,신발 > 힐/펌프스 > 하이힐
옥션2.0,C006512,신선식품,ROOT,1,신선식품
옥션2.0,C006511,건어물,C006512,2,신선식품 > 건어물
옥션2.0,C006510,건문어,C006511,3,신선식품 > 건어물 > 건문어
옥션2.0,C006513,건새우,C006511,3,신선식품 > 건어물 > 건새우
옥션2.0,C006514,건오징어/건한치,C006511,3,신선식품 > 건어물 > 건오징어/건한치
옥션2.0,C006515,과메기,C006511,3,신선식품 > 건어물 > 과메기
옥션2.0,C006516,기타건어물,C006511,3,신선식품 > 건어물 > 기타건어물
옥션2.0,C006517,노가리/먹태,C006511,3,신선식품 > 건어물 > 노가리/먹태
옥션2.0,C006518,멸치,C006511,3,신선식품 > 건어물 > 멸치
옥션2.0,C006519,쥐포/어포,C006511,3,신선식품 > 건어물 > 쥐포/어포
옥션2.0,C006520,진미채,C006511,3,신선식품 > 건어물 > 진미채
옥션2.0,C006521,황태/북어/코다리,C006511,3,신선식품 > 건어물 > 황태/북어/코다리
옥션2.0,C006523,견과류,C006512,2,신선식품 > 견과류
옥션2.0,C006522,기타견과류,C006523,3,신선식품 > 견과류 > 기타견과류
옥션2.0,C006524,대추,C006523,3,신선식품 > 견과류 > 대추
옥션2.0,C006525,땅콩,C006523,3,신선식품 > 견과류 > 땅콩
옥션2.0,C006526,마카다미아/피스타치오,C006523,3,신선식품 > 견과류 > 마카다미아/피스타치오
옥션2.0,C006527,밤,C006523,3,신선식품 > 견과류 > 밤
옥션2.0,C006528,아몬드,C006523,3,신선식품 > 견과류 > 아몬드
옥션2.0,C006529,은행,C006523,3,신선식품 > 견과류 > 은행
옥션2.0,C006530,잣,C006523,3,신선식품 > 견과류 > 잣
옥션2.0,C006531,캐슈넛,C006523,3,신선식품 > 견과류 > 캐슈넛
옥션2.0,C006532,호두,C006523,3,신선식품 > 견과류 > 호두
옥션2.0,C006533,호박씨/해바라기씨,C006523,3,신선식품 > 견과류 > 호박씨/해바라기씨
옥션2.0,C006534,혼합견과류,C006523,3,신선식품 > 견과류 > 혼합견과류
옥션2.0,C006536,과일,C006512,2,신선식품 > 과일
옥션2.0,C006535,감,C006536,3,신선식품 > 과일 > 감
옥션2.0,C006537,과일세트,C006536,3,신선식품 > 과일 > 과일세트
옥션2.0,C006538,귤,C006536,3,신선식품 > 과일 > 귤
옥션2.0,C006539,기타과일,C006536,3,신선식품 > 과일 > 기타과일
옥션2.0,C006540,딸기,C006536,3,신선식품 > 과일 > 딸기
옥션2.0,C006541,망고,C006536,3,신선식품 > 과일 > 망고
옥션2.0,C006542,매실,C006536,3,신선식품 > 과일 > 매실
옥션2.0,C006543,멜론,C006536,3,신선식품 > 과일 > 멜론
옥션2.0,C006544,바나나,C006536,3,신선식품 > 과일 > 바나나
옥션2.0,C006545,배,C006536,3,신선식품 > 과일 > 배
옥션2.0,C006546,복분자,C006536,3,신선식품 > 과일 > 복분자
옥션2.0,C006547,복숭아,C006536,3,신선식품 > 과일 > 복숭아
옥션2.0,C006548,블루베리,C006536,3,신선식품 > 과일 > 블루베리
옥션2.0,C006549,사과,C006536,3,신선식품 > 과일 > 사과
옥션2.0,C006550,석류,C006536,3,신선식품 > 과일 > 석류
옥션2.0,C006551,수박,C006536,3,신선식품 > 과일 > 수박
옥션2.0,C006552,아보카도,C006536,3,신선식품 > 과일 > 아보카도
옥션2.0,C006553,오렌지,C006536,3,신선식품 > 과일 > 오렌지
옥션2.0,C006554,자두,C006536,3,신선식품 > 과일 > 자두
옥션2.0,C006555,자몽/레몬,C006536,3,신선식품 > 과일 > 자몽/레몬
옥션2.0,C006556,참외,C006536,3,신선식품 > 과일 > 참외
옥션2.0,C006557,체리,C006536,3,신선식품 > 과일 > 체리
옥션2.0,C006558,키위/참다래,C006536,3,신선식품 > 과일 > 키위/참다래
옥션2.0,C006559,토마토,C006536,3,신선식품 > 과일 > 토마토
옥션2.0,C006560,파인애플,C006536,3,신선식품 > 과일 > 파인애플
옥션2.0,C006561,포도,C006536,3,신선식품 > 과일 > 포도
옥션2.0,C006562,한라봉/천혜향,C006536,3,신선식품 > 과일 > 한라봉/천혜향
옥션2.0,C006564,기타축산물,C006512,2,신선식품 > 기타축산물
옥션2.0,C006563,기타축산물,C006564,3,신선식품 > 기타축산물 > 기타축산물
옥션2.0,C006565,양고기,C006564,3,신선식품 > 기타축산물 > 양고기
옥션2.0,C006566,오리고기,C006564,3,신선식품 > 기타축산물 > 오리고기
옥션2.0,C006568,김/해조류,C006512,2,신선식품 > 김/해조류
옥션2.0,C006567,기타해조류,C006568,3,신선식품 > 김/해조류 > 기타해조류
옥션2.0,C006569,김,C006568,3,신선식품 > 김/해조류 > 김
옥션2.0,C006570,다시마,C006568,3,신선식품 > 김/해조류 > 다시마
옥션2.0,C006571,매생이,C006568,3,신선식품 > 김/해조류 > 매생이
옥션2.0,C006572,미역,C006568,3,신선식품 > 김/해조류 > 미역
옥션2.0,C006573,톳,C006568,3,신선식품 > 김/해조류 > 톳
옥션2.0,C006575,김치,C006512,2,신선식품 > 김치
옥션2.0,C006574,갓김치,C006575,3,신선식품 > 김치 > 갓김치
옥션2.0,C006576,겉절이,C006575,3,신선식품 > 김치 > 겉절이
옥션2.0,C006577,기타김치,C006575,3,신선식품 > 김치 > 기타김치
옥션2.0,C006578,깍두기,C006575,3,신선식품 > 김치 > 깍두기
옥션2.0,C006579,동치미,C006575,3,신선식품 > 김치 > 동치미
옥션2.0,C006580,묵은지,C006575,3,신선식품 > 김치 > 묵은지
옥션2.0,C006581,백김치,C006575,3,신선식품 > 김치 > 백김치
옥션2.0,C006582,열무김치,C006575,3,신선식품 > 김치 > 열무김치
옥션2.0,C006583,오이소박이,C006575,3,신선식품 > 김치 > 오이소박이
옥션2.0,C006584,절임배추,C006575,3,신선식품 > 김치 > 절임배추
옥션2.0,C006585,총각김치,C006575,3,신선식품 > 김치 > 총각김치
옥션2.0,C006586,파김치/부추김치,C006575,3,신선식품 > 김치 > 파김치/부추김치
옥션2.0,C006587,포기김치,C006575,3,신선식품 > 김치 > 포기김치
옥션2.0,C006589,냉동/건과일,C006512,2,신선식품 > 냉동/건과일
옥션2.0,C006588,감말랭이,C006589,3,신선식품 > 냉동/건과일 > 감말랭이
옥션2.0,C006590,건무화과/편강,C006589,3,신선식품 > 냉동/건과일 > 건무화과/편강
옥션2.0,C006591,건바나나,C006589,3,신선식품 > 냉동/건과일 > 건바나나
옥션2.0,C006592,건자두,C006589,3,신선식품 > 냉동/건과일 > 건자두
옥션2.0,C006593,건포도/건망고,C006589,3,신선식품 > 냉동/건과일 > 건포도/건망고
옥션2.0,C006594,고구마말랭이,C006589,3,신선식품 > 냉동/건과일 > 고구마말랭이
옥션2.0,C006595,곶감/반건시,C006589,3,신선식품 > 냉동/건과일 > 곶감/반건시
옥션2.0,C006596,기타건과일,C006589,3,신선식품 > 냉동/건과일 > 기타건과일
옥션2.0,C006597,기타냉동과일,C006589,3,신선식품 > 냉동/건과일 > 기타냉동과일
옥션2.0,C006598,아이스망고,C006589,3,신선식품 > 냉동/건과일 > 아이스망고
옥션2.0,C006599,아이스블루베리,C006589,3,신선식품 > 냉동/건과일 > 아이스블루베리
옥션2.0,C006600,아이스홍시,C006589,3,신선식품 > 냉동/건과일 > 아이스홍시
옥션2.0,C006602,닭고기/계란,C006512,2,신선식품 > 닭고기/계란
옥션2.0,C006601,계란,C006602,3,신선식품 > 닭고기/계란 > 계란
옥션2.0,C006603,부위별닭고기,C006602,3,신선식품 > 닭고기/계란 > 부위별닭고기
옥션2.0,C006604,생닭,C006602,3,신선식품 > 닭고기/계란 > 생닭
옥션2.0,C006606,돼지고기,C006512,2,신선식품 > 돼지고기
옥션2.0,C006605,국내산돼지고기,C006606,3,신선식품 > 돼지고기 > 국내산돼지고기
옥션2.0,C006607,수입돼지고기,C006606,3,신선식품 > 돼지고기 > 수입돼지고기
옥션2.0,C006609,반찬,C006512,2,신선식품 > 반찬
옥션2.0,C006608,게장,C006609,3,신선식품 > 반찬 > 게장
옥션2.0,C006610,기타반찬류,C006609,3,신선식품 > 반찬 > 기타반찬류
옥션2.0,C006611,단무지/무쌈,C006609,3,신선식품 > 반찬 > 단무지/무쌈
옥션2.0,C006612,두부/묵,C006609,3,신선식품 > 반찬 > 두부/묵
옥션2.0,C006613,반찬세트,C006609,3,신선식품 > 반찬 > 반찬세트
옥션2.0,C006614,새우장/전복장,C006609,3,신선식품 > 반찬 > 새우장/전복장
옥션2.0,C006615,절임반찬류,C006609,3,신선식품 > 반찬 > 절임반찬류
옥션2.0,C006616,조림반찬류,C006609,3,신선식품 > 반찬 > 조림반찬류
옥션2.0,C006618,버섯/나물류,C006512,2,신선식품 > 버섯/나물류
옥션2.0,C006617,건버섯,C006618,3,신선식품 > 버섯/나물류 > 건버섯
옥션2.0,C006619,고사리/곤드레나물,C006618,3,신선식품 > 버섯/나물류 > 고사리/곤드레나물
옥션2.0,C006620,기타버섯/나물류,C006618,3,신선식품 > 버섯/나물류 > 기타버섯/나물류
옥션2.0,C006621,느타리/팽이버섯,C006618,3,신선식품 > 버섯/나물류 > 느타리/팽이버섯
옥션2.0,C006622,송이/새송이버섯,C006618,3,신선식품 > 버섯/나물류 > 송이/새송이버섯
옥션2.0,C006623,콩나물/숙주나물,C006618,3,신선식품 > 버섯/나물류 > 콩나물/숙주나물
옥션2.0,C006624,표고버섯,C006618,3,신선식품 > 버섯/나물류 > 표고버섯
옥션2.0,C006626,뿌리채소,C006512,2,신선식품 > 뿌리채소
옥션2.0,C006625,감자,C006626,3,신선식품 > 뿌리채소 > 감자
옥션2.0,C006627,고구마,C006626,3,신선식품 > 뿌리채소 > 고구마
옥션2.0,C006628,기타뿌리채소,C006626,3,신선식품 > 뿌리채소 > 기타뿌리채소
옥션2.0,C006629,당근,C006626,3,신선식품 > 뿌리채소 > 당근
옥션2.0,C006630,더덕,C006626,3,신선식품 > 뿌리채소 > 더덕
옥션2.0,C006631,도라지,C006626,3,신선식품 > 뿌리채소 > 도라지
옥션2.0,C006632,마/야콘,C006626,3,신선식품 > 뿌리채소 > 마/야콘
옥션2.0,C006633,마늘,C006626,3,신선식품 > 뿌리채소 > 마늘
옥션2.0,C006634,무,C006626,3,신선식품 > 뿌리채소 > 무
옥션2.0,C006635,생강,C006626,3,신선식품 > 뿌리채소 > 생강
옥션2.0,C006636,양파,C006626,3,신선식품 > 뿌리채소 > 양파
옥션2.0,C006637,연근,C006626,3,신선식품 > 뿌리채소 > 연근
옥션2.0,C006638,우엉,C006626,3,신선식품 > 뿌리채소 > 우엉
옥션2.0,C006640,생선,C006512,2,신선식품 > 생선
옥션2.0,C006639,가자미/아귀,C006640,3,신선식품 > 생선 > 가자미/아귀
옥션2.0,C006641,갈치,C006640,3,신선식품 > 생선 > 갈치
옥션2.0,C006642,고등어,C006640,3,신선식품 > 생선 > 고등어
옥션2.0,C006643,굴비/조기,C006640,3,신선식품 > 생선 > 굴비/조기
옥션2.0,C006644,기타생선,C006640,3,신선식품 > 생선 > 기타생선
옥션2.0,C006645,꽁치,C006640,3,신선식품 > 생선 > 꽁치
옥션2.0,C006646,대구/명태,C006640,3,신선식품 > 생선 > 대구/명태
옥션2.0,C006647,삼치,C006640,3,신선식품 > 생선 > 삼치
옥션2.0,C006648,생선회/초밥재료,C006640,3,신선식품 > 생선 > 생선회/초밥재료
옥션2.0,C006649,연어,C006640,3,신선식품 > 생선 > 연어
옥션2.0,C006650,옥돔,C006640,3,신선식품 > 생선 > 옥돔
옥션2.0,C006651,장어,C006640,3,신선식품 > 생선 > 장어
옥션2.0,C006652,참치/메로,C006640,3,신선식품 > 생선 > 참치/메로
옥션2.0,C006653,홍어/가오리,C006640,3,신선식품 > 생선 > 홍어/가오리
옥션2.0,C006655,소고기,C006512,2,신선식품 > 소고기
옥션2.0,C006654,수입산소고기,C006655,3,신선식품 > 소고기 > 수입산소고기
옥션2.0,C006656,한우,C006655,3,신선식품 > 소고기 > 한우
옥션2.0,C006658,쌀,C006512,2,신선식품 > 쌀
옥션2.0,C006657,기능성쌀,C006658,3,신선식품 > 쌀 > 기능성쌀
옥션2.0,C006659,백미,C006658,3,신선식품 > 쌀 > 백미
옥션2.0,C006660,찹쌀,C006658,3,신선식품 > 쌀 > 찹쌀
옥션2.0,C006661,현미,C006658,3,신선식품 > 쌀 > 현미
옥션2.0,C006662,흑미,C006658,3,신선식품 > 쌀 > 흑미
옥션2.0,C006664,열매채소,C006512,2,신선식품 > 열매채소
옥션2.0,C006663,가지,C006664,3,신선식품 > 열매채소 > 가지
옥션2.0,C006665,고추,C006664,3,신선식품 > 열매채소 > 고추
옥션2.0,C006666,기타열매채소,C006664,3,신선식품 > 열매채소 > 기타열매채소
옥션2.0,C006667,애호박,C006664,3,신선식품 > 열매채소 > 애호박
옥션2.0,C006668,오이,C006664,3,신선식품 > 열매채소 > 오이
옥션2.0,C006669,옥수수,C006664,3,신선식품 > 열매채소 > 옥수수
옥션2.0,C006670,피망/파프리카,C006664,3,신선식품 > 열매채소 > 피망/파프리카
옥션2.0,C006671,호박,C006664,3,신선식품 > 열매채소 > 호박
옥션2.0,C006673,잎줄기채소,C006512,2,신선식품 > 잎줄기채소
옥션2.0,C006672,기타잎줄기채소,C006673,3,신선식품 > 잎줄기채소 > 기타잎줄기채소
옥션2.0,C006674,깻잎,C006673,3,신선식품 > 잎줄기채소 > 깻잎
옥션2.0,C006675,대파/쪽파,C006673,3,신선식품 > 잎줄기채소 > 대파/쪽파
옥션2.0,C006676,모듬쌈채소,C006673,3,신선식품 > 잎줄기채소 > 모듬쌈채소
옥션2.0,C006677,배추,C006673,3,신선식품 > 잎줄기채소 > 배추
옥션2.0,C006678,부추,C006673,3,신선식품 > 잎줄기채소 > 부추
옥션2.0,C006679,브로콜리,C006673,3,신선식품 > 잎줄기채소 > 브로콜리
옥션2.0,C006680,상추,C006673,3,신선식품 > 잎줄기채소 > 상추
옥션2.0,C006681,시금치,C006673,3,신선식품 > 잎줄기채소 > 시금치
옥션2.0,C006682,양배추,C006673,3,신선식품 > 잎줄기채소 > 양배추
옥션2.0,C006683,양상추,C006673,3,신선식품 > 잎줄기채소 > 양상추
옥션2.0,C006684,열무,C006673,3,신선식품 > 잎줄기채소 > 열무
옥션2.0,C006685,케일,C006673,3,신선식품 > 잎줄기채소 > 케일
옥션2.0,C006687,잡곡/혼합곡,C006512,2,신선식품 > 잡곡/혼합곡
옥션2.0,C006686,귀리,C006687,3,신선식품 > 잡곡/혼합곡 > 귀리
옥션2.0,C006688,기타잡곡,C006687,3,신선식품 > 잡곡/혼합곡 > 기타잡곡
옥션2.0,C006689,녹두/율무,C006687,3,신선식품 > 잡곡/혼합곡 > 녹두/율무
옥션2.0,C006690,보리,C006687,3,신선식품 > 잡곡/혼합곡 > 보리
옥션2.0,C006691,수수/기장,C006687,3,신선식품 > 잡곡/혼합곡 > 수수/기장
옥션2.0,C006692,참깨/들깨,C006687,3,신선식품 > 잡곡/혼합곡 > 참깨/들깨
옥션2.0,C006693,콩류,C006687,3,신선식품 > 잡곡/혼합곡 > 콩류
옥션2.0,C006694,팥,C006687,3,신선식품 > 잡곡/혼합곡 > 팥
옥션2.0,C006695,혼합곡,C006687,3,신선식품 > 잡곡/혼합곡 > 혼합곡
옥션2.0,C006697,젓갈류/액젓,C006512,2,신선식품 > 젓갈류/액젓
옥션2.0,C006696,기타젓갈류,C006697,3,신선식품 > 젓갈류/액젓 > 기타젓갈류
옥션2.0,C006698,명란/창난젓,C006697,3,신선식품 > 젓갈류/액젓 > 명란/창난젓
옥션2.0,C006699,새우/토하젓,C006697,3,신선식품 > 젓갈류/액젓 > 새우/토하젓
옥션2.0,C006700,액젓,C006697,3,신선식품 > 젓갈류/액젓 > 액젓
옥션2.0,C006701,오징어/낙지젓,C006697,3,신선식품 > 젓갈류/액젓 > 오징어/낙지젓
옥션2.0,C006702,젓갈세트,C006697,3,신선식품 > 젓갈류/액젓 > 젓갈세트
옥션2.0,C006703,조개젓,C006697,3,신선식품 > 젓갈류/액젓 > 조개젓
옥션2.0,C006705,해산물/어패류,C006512,2,신선식품 > 해산물/어패류
옥션2.0,C006704,가리비,C006705,3,신선식품 > 해산물/어패류 > 가리비
옥션2.0,C006706,굴,C006705,3,신선식품 > 해산물/어패류 > 굴
옥션2.0,C006707,기타해산물/어패류,C006705,3,신선식품 > 해산물/어패류 > 기타해산물/어패류
옥션2.0,C006708,꼬막,C006705,3,신선식품 > 해산물/어패류 > 꼬막
옥션2.0,C006709,꽃게,C006705,3,신선식품 > 해산물/어패류 > 꽃게
옥션2.0,C006710,낙지,C006705,3,신선식품 > 해산물/어패류 > 낙지
옥션2.0,C006711,날치알/생선알,C006705,3,신선식품 > 해산물/어패류 > 날치알/생선알
옥션2.0,C006712,냉동새우/해물믹스,C006705,3,신선식품 > 해산물/어패류 > 냉동새우/해물믹스
옥션2.0,C006713,대게/홍게,C006705,3,신선식품 > 해산물/어패류 > 대게/홍게
옥션2.0,C006714,멍게,C006705,3,신선식품 > 해산물/어패류 > 멍게
옥션2.0,C006715,문어,C006705,3,신선식품 > 해산물/어패류 > 문어
옥션2.0,C006716,미더덕/오만둥이,C006705,3,신선식품 > 해산물/어패류 > 미더덕/오만둥이
옥션2.0,C006717,바지락,C006705,3,신선식품 > 해산물/어패류 > 바지락
옥션2.0,C006718,새우,C006705,3,신선식품 > 해산물/어패류 > 새우
옥션2.0,C006719,성게알,C006705,3,신선식품 > 해산물/어패류 > 성게알
옥션2.0,C006720,소라/골뱅이/우렁이,C006705,3,신선식품 > 해산물/어패류 > 소라/골뱅이/우렁이
옥션2.0,C006721,오징어,C006705,3,신선식품 > 해산물/어패류 > 오징어
옥션2.0,C006722,전복,C006705,3,신선식품 > 해산물/어패류 > 전복
옥션2.0,C006723,조개살/관자/모듬조개,C006705,3,신선식품 > 해산물/어패류 > 조개살/관자/모듬조개
옥션2.0,C006724,주꾸미,C006705,3,신선식품 > 해산물/어패류 > 주꾸미
옥션2.0,C006725,킹크랩/랍스터,C006705,3,신선식품 > 해산물/어패류 > 킹크랩/랍스터
옥션2.0,C006726,해삼,C006705,3,신선식품 > 해산물/어패류 > 해삼
옥션2.0,C006727,홍합,C006705,3,신선식품 > 해산물/어패류 > 홍합
옥션2.0,C006730,악기/취미,ROOT,1,악기/취미
옥션2.0,C006729,게임/퍼즐,C006730,2,악기/취미 > 게임/퍼즐
옥션2.0,C006728,기타게임/퍼즐,C006729,3,악기/취미 > 게임/퍼즐 > 기타게임/퍼즐
옥션2.0,C006731,다트게임,C006729,3,악기/취미 > 게임/퍼즐 > 다트게임
옥션2.0,C006732,보드/카드게임,C006729,3,악기/취미 > 게임/퍼즐 > 보드/카드게임
옥션2.0,C006733,퍼즐,C006729,3,악기/취미 > 게임/퍼즐 > 퍼즐
옥션2.0,C006734,피젯큐브/스피너,C006729,3,악기/취미 > 게임/퍼즐 > 피젯큐브/스피너
옥션2.0,C006736,공예용품,C006730,2,악기/취미 > 공예용품
옥션2.0,C006735,가죽공예,C006736,3,악기/취미 > 공예용품 > 가죽공예
옥션2.0,C006737,기타공예,C006736,3,악기/취미 > 공예용품 > 기타공예
옥션2.0,C006738,리본공예,C006736,3,악기/취미 > 공예용품 > 리본공예
옥션2.0,C006739,목공예,C006736,3,악기/취미 > 공예용품 > 목공예
옥션2.0,C006740,비즈공예,C006736,3,악기/취미 > 공예용품 > 비즈공예
옥션2.0,C006741,염색공예,C006736,3,악기/취미 > 공예용품 > 염색공예
옥션2.0,C006742,인형공예,C006736,3,악기/취미 > 공예용품 > 인형공예
옥션2.0,C006743,점토공예,C006736,3,악기/취미 > 공예용품 > 점토공예
옥션2.0,C006744,클레이공예,C006736,3,악기/취미 > 공예용품 > 클레이공예
옥션2.0,C006745,한지공예,C006736,3,악기/취미 > 공예용품 > 한지공예
옥션2.0,C006747,관악기,C006730,2,악기/취미 > 관악기
옥션2.0,C006746,관악기용품,C006747,3,악기/취미 > 관악기 > 관악기용품
옥션2.0,C006748,기타관악기,C006747,3,악기/취미 > 관악기 > 기타관악기
옥션2.0,C006749,리코더,C006747,3,악기/취미 > 관악기 > 리코더
옥션2.0,C006750,바순,C006747,3,악기/취미 > 관악기 > 바순
옥션2.0,C006751,색소폰,C006747,3,악기/취미 > 관악기 > 색소폰
옥션2.0,C006752,오카리나,C006747,3,악기/취미 > 관악기 > 오카리나
옥션2.0,C006753,클라리넷,C006747,3,악기/취미 > 관악기 > 클라리넷
옥션2.0,C006754,튜바,C006747,3,악기/취미 > 관악기 > 튜바
옥션2.0,C006755,트럼펫,C006747,3,악기/취미 > 관악기 > 트럼펫
옥션2.0,C006756,트롬본,C006747,3,악기/취미 > 관악기 > 트롬본
옥션2.0,C006757,플룻,C006747,3,악기/취미 > 관악기 > 플룻
옥션2.0,C006758,하모니카,C006747,3,악기/취미 > 관악기 > 하모니카
옥션2.0,C006759,호른,C006747,3,악기/취미 > 관악기 > 호른
옥션2.0,C006761,광학기기,C006730,2,악기/취미 > 광학기기
옥션2.0,C006760,기타광학기기,C006761,3,악기/취미 > 광학기기 > 기타광학기기
옥션2.0,C006762,망원경,C006761,3,악기/취미 > 광학기기 > 망원경
옥션2.0,C006763,쌍안경,C006761,3,악기/취미 > 광학기기 > 쌍안경
옥션2.0,C006764,현미경,C006761,3,악기/취미 > 광학기기 > 현미경
옥션2.0,C006766,국악기,C006730,2,악기/취미 > 국악기
옥션2.0,C006765,가야금,C006766,3,악기/취미 > 국악기 > 가야금
옥션2.0,C006767,거문고,C006766,3,악기/취미 > 국악기 > 거문고
옥션2.0,C006768,국악기용품,C006766,3,악기/취미 > 국악기 > 국악기용품
옥션2.0,C006769,기타국악기,C006766,3,악기/취미 > 국악기 > 기타국악기
옥션2.0,C006770,꽹과리,C006766,3,악기/취미 > 국악기 > 꽹과리
옥션2.0,C006771,단소,C006766,3,악기/취미 > 국악기 > 단소
옥션2.0,C006772,대금,C006766,3,악기/취미 > 국악기 > 대금
옥션2.0,C006773,북,C006766,3,악기/취미 > 국악기 > 북
옥션2.0,C006774,소금,C006766,3,악기/취미 > 국악기 > 소금
옥션2.0,C006775,장구,C006766,3,악기/취미 > 국악기 > 장구
옥션2.0,C006776,징,C006766,3,악기/취미 > 국악기 > 징
옥션2.0,C006777,해금,C006766,3,악기/취미 > 국악기 > 해금
옥션2.0,C006779,기타(Guitar),C006730,2,악기/취미 > 기타(Guitar)
옥션2.0,C006778,기타(Guitar)용품,C006779,3,악기/취미 > 기타(Guitar) > 기타(Guitar)용품
옥션2.0,C006780,베이스기타,C006779,3,악기/취미 > 기타(Guitar) > 베이스기타
옥션2.0,C006781,우쿨렐레,C006779,3,악기/취미 > 기타(Guitar) > 우쿨렐레
옥션2.0,C006782,일렉기타,C006779,3,악기/취미 > 기타(Guitar) > 일렉기타
옥션2.0,C006783,클래식기타,C006779,3,악기/취미 > 기타(Guitar) > 클래식기타
옥션2.0,C006784,포크기타,C006779,3,악기/취미 > 기타(Guitar) > 포크기타
옥션2.0,C006786,기타악기/교본,C006730,2,악기/취미 > 기타악기/교본
옥션2.0,C006785,교재/악보,C006786,3,악기/취미 > 기타악기/교본 > 교재/악보
옥션2.0,C006787,기타악기,C006786,3,악기/취미 > 기타악기/교본 > 기타악기
옥션2.0,C006788,멜로디언/실로폰,C006786,3,악기/취미 > 기타악기/교본 > 멜로디언/실로폰
옥션2.0,C006789,탬버린/핸드벨,C006786,3,악기/취미 > 기타악기/교본 > 탬버린/핸드벨
옥션2.0,C006791,모형/프라모델/피규어,C006730,2,악기/취미 > 모형/프라모델/피규어
옥션2.0,C006790,건축물,C006791,3,악기/취미 > 모형/프라모델/피규어 > 건축물
옥션2.0,C006792,기타모형/프라모델,C006791,3,악기/취미 > 모형/프라모델/피규어 > 기타모형/프라모델
옥션2.0,C006793,나무/종이조립,C006791,3,악기/취미 > 모형/프라모델/피규어 > 나무/종이조립
옥션2.0,C006794,다이캐스트,C006791,3,악기/취미 > 모형/프라모델/피규어 > 다이캐스트
옥션2.0,C006795,모형,C006791,3,악기/취미 > 모형/프라모델/피규어 > 모형
옥션2.0,C006796,밀리터리,C006791,3,악기/취미 > 모형/프라모델/피규어 > 밀리터리
옥션2.0,C006797,보관용품,C006791,3,악기/취미 > 모형/프라모델/피규어 > 보관용품
옥션2.0,C006798,소총/권총/BB탄,C006791,3,악기/취미 > 모형/프라모델/피규어 > 소총/권총/BB탄
옥션2.0,C006799,프라모델,C006791,3,악기/취미 > 모형/프라모델/피규어 > 프라모델
옥션2.0,C006800,프라모델용품,C006791,3,악기/취미 > 모형/프라모델/피규어 > 프라모델용품
옥션2.0,C006801,피규어,C006791,3,악기/취미 > 모형/프라모델/피규어 > 피규어
옥션2.0,C006803,무선/RC,C006730,2,악기/취미 > 무선/RC
옥션2.0,C006802,기타무선/RC,C006803,3,악기/취미 > 무선/RC > 기타무선/RC
옥션2.0,C006804,드론,C006803,3,악기/취미 > 무선/RC > 드론
옥션2.0,C006805,무선/RC용품,C006803,3,악기/취미 > 무선/RC > 무선/RC용품
옥션2.0,C006806,자동차/오토바이,C006803,3,악기/취미 > 무선/RC > 자동차/오토바이
옥션2.0,C006807,헬기/비행기,C006803,3,악기/취미 > 무선/RC > 헬기/비행기
옥션2.0,C006809,수집용품,C006730,2,악기/취미 > 수집용품
옥션2.0,C006808,골동품/도자기/그림,C006809,3,악기/취미 > 수집용품 > 골동품/도자기/그림
옥션2.0,C006810,기타수집용품,C006809,3,악기/취미 > 수집용품 > 기타수집용품
옥션2.0,C006811,수석분재,C006809,3,악기/취미 > 수집용품 > 수석분재
옥션2.0,C006812,우표/씰,C006809,3,악기/취미 > 수집용품 > 우표/씰
옥션2.0,C006813,지폐/주화,C006809,3,악기/취미 > 수집용품 > 지폐/주화
옥션2.0,C006814,포스터/엽서,C006809,3,악기/취미 > 수집용품 > 포스터/엽서
옥션2.0,C006816,악기용품,C006730,2,악기/취미 > 악기용품
옥션2.0,C006815,메트로놈/튜너기,C006816,3,악기/취미 > 악기용품 > 메트로놈/튜너기
옥션2.0,C006817,보면대/스탠드/받침대,C006816,3,악기/취미 > 악기용품 > 보면대/스탠드/받침대
옥션2.0,C006818,악기관리용품,C006816,3,악기/취미 > 악기용품 > 악기관리용품
옥션2.0,C006819,악기케이스,C006816,3,악기/취미 > 악기용품 > 악기케이스
옥션2.0,C006821,종교용품,C006730,2,악기/취미 > 종교용품
옥션2.0,C006820,기독교용품,C006821,3,악기/취미 > 종교용품 > 기독교용품
옥션2.0,C006822,기타종교용품,C006821,3,악기/취미 > 종교용품 > 기타종교용품
옥션2.0,C006823,불교용품,C006821,3,악기/취미 > 종교용품 > 불교용품
옥션2.0,C006824,천주교용품,C006821,3,악기/취미 > 종교용품 > 천주교용품
옥션2.0,C006826,타악기,C006730,2,악기/취미 > 타악기
옥션2.0,C006825,기타타악기,C006826,3,악기/취미 > 타악기 > 기타타악기
옥션2.0,C006827,드럼/전자드럼,C006826,3,악기/취미 > 타악기 > 드럼/전자드럼
옥션2.0,C006828,드럼패드/스틱/페달,C006826,3,악기/취미 > 타악기 > 드럼패드/스틱/페달
옥션2.0,C006829,심벌즈,C006826,3,악기/취미 > 타악기 > 심벌즈
옥션2.0,C006830,타악기용품,C006826,3,악기/취미 > 타악기 > 타악기용품
옥션2.0,C006832,피아노/건반악기,C006730,2,악기/취미 > 피아노/건반악기
옥션2.0,C006831,그랜드피아노,C006832,3,악기/취미 > 피아노/건반악기 > 그랜드피아노
옥션2.0,C006833,디지털피아노,C006832,3,악기/취미 > 피아노/건반악기 > 디지털피아노
옥션2.0,C006834,아코디언,C006832,3,악기/취미 > 피아노/건반악기 > 아코디언
옥션2.0,C006835,어쿠스틱피아노,C006832,3,악기/취미 > 피아노/건반악기 > 어쿠스틱피아노
옥션2.0,C006836,오르간,C006832,3,악기/취미 > 피아노/건반악기 > 오르간
옥션2.0,C006837,키보드/신디사이저,C006832,3,악기/취미 > 피아노/건반악기 > 키보드/신디사이저
옥션2.0,C006838,피아노/건반악기용품,C006832,3,악기/취미 > 피아노/건반악기 > 피아노/건반악기용품
옥션2.0,C006840,현악기,C006730,2,악기/취미 > 현악기
옥션2.0,C006839,기타현악기,C006840,3,악기/취미 > 현악기 > 기타현악기
옥션2.0,C006841,바이올린,C006840,3,악기/취미 > 현악기 > 바이올린
옥션2.0,C006842,비올라,C006840,3,악기/취미 > 현악기 > 비올라
옥션2.0,C006843,첼로,C006840,3,악기/취미 > 현악기 > 첼로
옥션2.0,C006844,하프,C006840,3,악기/취미 > 현악기 > 하프
옥션2.0,C006845,현악기용품,C006840,3,악기/취미 > 현악기 > 현악기용품
옥션2.0,C006848,언더웨어,ROOT,1,언더웨어
옥션2.0,C006847,남성 런닝,C006848,2,언더웨어 > 남성 런닝
옥션2.0,C006846,런닝세트,C006847,3,언더웨어 > 남성 런닝 > 런닝세트
옥션2.0,C006849,민소매 런닝,C006847,3,언더웨어 > 남성 런닝 > 민소매 런닝
옥션2.0,C006850,반팔런닝,C006847,3,언더웨어 > 남성 런닝 > 반팔런닝
옥션2.0,C006852,남성 런닝/팬티세트,C006848,2,언더웨어 > 남성 런닝/팬티세트
옥션2.0,C006851,드로즈+런닝세트,C006852,3,언더웨어 > 남성 런닝/팬티세트 > 드로즈+런닝세트
옥션2.0,C006853,삼각+런닝세트,C006852,3,언더웨어 > 남성 런닝/팬티세트 > 삼각+런닝세트
옥션2.0,C006854,트렁크+런닝세트,C006852,3,언더웨어 > 남성 런닝/팬티세트 > 트렁크+런닝세트
옥션2.0,C006856,남성 팬티,C006848,2,언더웨어 > 남성 팬티
옥션2.0,C006855,기능성 팬티,C006856,3,언더웨어 > 남성 팬티 > 기능성 팬티
옥션2.0,C006857,드로즈,C006856,3,언더웨어 > 남성 팬티 > 드로즈
옥션2.0,C006858,삼각팬티,C006856,3,언더웨어 > 남성 팬티 > 삼각팬티
옥션2.0,C006859,트렁크,C006856,3,언더웨어 > 남성 팬티 > 트렁크
옥션2.0,C006860,팬티세트,C006856,3,언더웨어 > 남성 팬티 > 팬티세트
옥션2.0,C006862,내의,C006848,2,언더웨어 > 내의
옥션2.0,C006861,남성 내의,C006862,3,언더웨어 > 내의 > 남성 내의
옥션2.0,C006863,남성 모시메리,C006862,3,언더웨어 > 내의 > 남성 모시메리
옥션2.0,C006864,남성 타이즈,C006862,3,언더웨어 > 내의 > 남성 타이즈
옥션2.0,C006865,발열내의,C006862,3,언더웨어 > 내의 > 발열내의
옥션2.0,C006866,여성 내의,C006862,3,언더웨어 > 내의 > 여성 내의
옥션2.0,C006867,여성 모시메리,C006862,3,언더웨어 > 내의 > 여성 모시메리
옥션2.0,C006869,보정 속옷,C006848,2,언더웨어 > 보정 속옷
옥션2.0,C006868,거들/힙업팬티,C006869,3,언더웨어 > 보정 속옷 > 거들/힙업팬티
옥션2.0,C006870,니퍼/복대,C006869,3,언더웨어 > 보정 속옷 > 니퍼/복대
옥션2.0,C006871,바디쉐이퍼/올인원,C006869,3,언더웨어 > 보정 속옷 > 바디쉐이퍼/올인원
옥션2.0,C006872,보정레깅스/압박스타킹,C006869,3,언더웨어 > 보정 속옷 > 보정레깅스/압박스타킹
옥션2.0,C006874,브라탑/런닝/속바지,C006848,2,언더웨어 > 브라탑/런닝/속바지
옥션2.0,C006873,나시/슬립,C006874,3,언더웨어 > 브라탑/런닝/속바지 > 나시/슬립
옥션2.0,C006875,브라탑/런닝,C006874,3,언더웨어 > 브라탑/런닝/속바지 > 브라탑/런닝
옥션2.0,C006876,속바지/속치마,C006874,3,언더웨어 > 브라탑/런닝/속바지 > 속바지/속치마
옥션2.0,C006878,브라팬티세트,C006848,2,언더웨어 > 브라팬티세트
옥션2.0,C006877,노와이어,C006878,3,언더웨어 > 브라팬티세트 > 노와이어
옥션2.0,C006879,누디/노라인,C006878,3,언더웨어 > 브라팬티세트 > 누디/노라인
옥션2.0,C006880,몰드/볼륨업,C006878,3,언더웨어 > 브라팬티세트 > 몰드/볼륨업
옥션2.0,C006881,빅사이즈 세트,C006878,3,언더웨어 > 브라팬티세트 > 빅사이즈 세트
옥션2.0,C006882,자수/레이스,C006878,3,언더웨어 > 브라팬티세트 > 자수/레이스
옥션2.0,C006883,커플세트,C006878,3,언더웨어 > 브라팬티세트 > 커플세트
옥션2.0,C006885,속옷 소품,C006848,2,언더웨어 > 속옷 소품
옥션2.0,C006884,기타속옷소품,C006885,3,언더웨어 > 속옷 소품 > 기타속옷소품
옥션2.0,C006886,브라끈/브라패드,C006885,3,언더웨어 > 속옷 소품 > 브라끈/브라패드
옥션2.0,C006887,성인용/섹시속옷,C006885,3,언더웨어 > 속옷 소품 > 성인용/섹시속옷
옥션2.0,C006889,여성 브라,C006848,2,언더웨어 > 여성 브라
옥션2.0,C006888,노와이어/스포츠브라,C006889,3,언더웨어 > 여성 브라 > 노와이어/스포츠브라
옥션2.0,C006890,누드/노라인브라,C006889,3,언더웨어 > 여성 브라 > 누드/노라인브라
옥션2.0,C006891,누드브라,C006889,3,언더웨어 > 여성 브라 > 누드브라
옥션2.0,C006892,볼륨업/몰드브라,C006889,3,언더웨어 > 여성 브라 > 볼륨업/몰드브라
옥션2.0,C006893,빅사이즈브라,C006889,3,언더웨어 > 여성 브라 > 빅사이즈브라
옥션2.0,C006894,자수/레이스브라,C006889,3,언더웨어 > 여성 브라 > 자수/레이스브라
옥션2.0,C006896,여성 팬티,C006848,2,언더웨어 > 여성 팬티
옥션2.0,C006895,노라인/햄팬티,C006896,3,언더웨어 > 여성 팬티 > 노라인/햄팬티
옥션2.0,C006897,빅사이즈 팬티,C006896,3,언더웨어 > 여성 팬티 > 빅사이즈 팬티
옥션2.0,C006898,삼각팬티,C006896,3,언더웨어 > 여성 팬티 > 삼각팬티
옥션2.0,C006899,섹시팬티,C006896,3,언더웨어 > 여성 팬티 > 섹시팬티
옥션2.0,C006900,요일팬티/세트,C006896,3,언더웨어 > 여성 팬티 > 요일팬티/세트
옥션2.0,C006901,위생팬티,C006896,3,언더웨어 > 여성 팬티 > 위생팬티
옥션2.0,C006903,잠옷/홈웨어,C006848,2,언더웨어 > 잠옷/홈웨어
옥션2.0,C006902,남성 잠옷,C006903,3,언더웨어 > 잠옷/홈웨어 > 남성 잠옷
옥션2.0,C006904,동물잠옷,C006903,3,언더웨어 > 잠옷/홈웨어 > 동물잠옷
옥션2.0,C006905,목욕/잠옷가운,C006903,3,언더웨어 > 잠옷/홈웨어 > 목욕/잠옷가운
옥션2.0,C006906,상하세트잠옷,C006903,3,언더웨어 > 잠옷/홈웨어 > 상하세트잠옷
옥션2.0,C006907,여성 잠옷,C006903,3,언더웨어 > 잠옷/홈웨어 > 여성 잠옷
옥션2.0,C006908,잠옷바지,C006903,3,언더웨어 > 잠옷/홈웨어 > 잠옷바지
옥션2.0,C006909,커플잠옷,C006903,3,언더웨어 > 잠옷/홈웨어 > 커플잠옷
옥션2.0,C006910,홈웨어상의,C006903,3,언더웨어 > 잠옷/홈웨어 > 홈웨어상의
옥션2.0,C006911,홈웨어원피스,C006903,3,언더웨어 > 잠옷/홈웨어 > 홈웨어원피스
옥션2.0,C006912,홈웨어하의,C006903,3,언더웨어 > 잠옷/홈웨어 > 홈웨어하의
옥션2.0,C006914,주니어 속옷,C006848,2,언더웨어 > 주니어 속옷
옥션2.0,C006913,주니어 내의,C006914,3,언더웨어 > 주니어 속옷 > 주니어 내의
옥션2.0,C006915,주니어 모시메리,C006914,3,언더웨어 > 주니어 속옷 > 주니어 모시메리
옥션2.0,C006916,주니어 브라,C006914,3,언더웨어 > 주니어 속옷 > 주니어 브라
옥션2.0,C006917,주니어 잠옷,C006914,3,언더웨어 > 주니어 속옷 > 주니어 잠옷
옥션2.0,C006918,주니어 타이즈/레깅스,C006914,3,언더웨어 > 주니어 속옷 > 주니어 타이즈/레깅스
옥션2.0,C006919,주니어남아런닝,C006914,3,언더웨어 > 주니어 속옷 > 주니어남아런닝
옥션2.0,C006920,주니어남아팬티,C006914,3,언더웨어 > 주니어 속옷 > 주니어남아팬티
옥션2.0,C006921,주니어브라팬티세트,C006914,3,언더웨어 > 주니어 속옷 > 주니어브라팬티세트
옥션2.0,C006922,주니어여아런닝,C006914,3,언더웨어 > 주니어 속옷 > 주니어여아런닝
옥션2.0,C006923,주니어여아팬티,C006914,3,언더웨어 > 주니어 속옷 > 주니어여아팬티
옥션2.0,C006926,여성의류,ROOT,1,여성의류
옥션2.0,C006925,가디건,C006926,2,여성의류 > 가디건
옥션2.0,C006924,롱가디건,C006925,3,여성의류 > 가디건 > 롱가디건
옥션2.0,C006927,루즈핏가디건,C006925,3,여성의류 > 가디건 > 루즈핏가디건
옥션2.0,C006928,미니가디건,C006925,3,여성의류 > 가디건 > 미니가디건
옥션2.0,C006930,교복,C006926,2,여성의류 > 교복
옥션2.0,C006929,교복 상의,C006930,3,여성의류 > 교복 > 교복 상의
옥션2.0,C006931,교복 상하세트,C006930,3,여성의류 > 교복 > 교복 상하세트
옥션2.0,C006932,교복 하의,C006930,3,여성의류 > 교복 > 교복 하의
옥션2.0,C006934,니트,C006926,2,여성의류 > 니트
옥션2.0,C006933,라운드넥니트,C006934,3,여성의류 > 니트 > 라운드넥니트
옥션2.0,C006935,브이넥니트,C006934,3,여성의류 > 니트 > 브이넥니트
옥션2.0,C006936,폴라/반폴라니트,C006934,3,여성의류 > 니트 > 폴라/반폴라니트
옥션2.0,C006938,레깅스,C006926,2,여성의류 > 레깅스
옥션2.0,C006937,무지레깅스,C006938,3,여성의류 > 레깅스 > 무지레깅스
옥션2.0,C006939,치마/바지레깅스,C006938,3,여성의류 > 레깅스 > 치마/바지레깅스
옥션2.0,C006941,마담의류,C006926,2,여성의류 > 마담의류
옥션2.0,C006940,니트/가디건/앙상블,C006941,3,여성의류 > 마담의류 > 니트/가디건/앙상블
옥션2.0,C006942,바지/청바지,C006941,3,여성의류 > 마담의류 > 바지/청바지
옥션2.0,C006943,블라우스/셔츠,C006941,3,여성의류 > 마담의류 > 블라우스/셔츠
옥션2.0,C006944,스커트,C006941,3,여성의류 > 마담의류 > 스커트
옥션2.0,C006945,원피스,C006941,3,여성의류 > 마담의류 > 원피스
옥션2.0,C006946,자켓/코트/패딩,C006941,3,여성의류 > 마담의류 > 자켓/코트/패딩
옥션2.0,C006947,티셔츠,C006941,3,여성의류 > 마담의류 > 티셔츠
옥션2.0,C006949,바지,C006926,2,여성의류 > 바지
옥션2.0,C006948,면바지/밴딩팬츠,C006949,3,여성의류 > 바지 > 면바지/밴딩팬츠
옥션2.0,C006950,반바지/치마바지,C006949,3,여성의류 > 바지 > 반바지/치마바지
옥션2.0,C006951,슬랙스,C006949,3,여성의류 > 바지 > 슬랙스
옥션2.0,C006953,셔츠/블라우스,C006926,2,여성의류 > 셔츠/블라우스
옥션2.0,C006952,데님셔츠,C006953,3,여성의류 > 셔츠/블라우스 > 데님셔츠
옥션2.0,C006954,레이스/프릴블라우스,C006953,3,여성의류 > 셔츠/블라우스 > 레이스/프릴블라우스
옥션2.0,C006955,솔리드셔츠,C006953,3,여성의류 > 셔츠/블라우스 > 솔리드셔츠
옥션2.0,C006956,쉬폰/프린트블라우스,C006953,3,여성의류 > 셔츠/블라우스 > 쉬폰/프린트블라우스
옥션2.0,C006957,스트라이프셔츠,C006953,3,여성의류 > 셔츠/블라우스 > 스트라이프셔츠
옥션2.0,C006958,체크셔츠,C006953,3,여성의류 > 셔츠/블라우스 > 체크셔츠
옥션2.0,C006960,수영복/비치웨어,C006926,2,여성의류 > 수영복/비치웨어
옥션2.0,C006959,비치웨어,C006960,3,여성의류 > 수영복/비치웨어 > 비치웨어
옥션2.0,C006961,수영복,C006960,3,여성의류 > 수영복/비치웨어 > 수영복
옥션2.0,C006963,스커트,C006926,2,여성의류 > 스커트
옥션2.0,C006962,롱스커트,C006963,3,여성의류 > 스커트 > 롱스커트
옥션2.0,C006964,미니스커트,C006963,3,여성의류 > 스커트 > 미니스커트
옥션2.0,C006965,미디스커트,C006963,3,여성의류 > 스커트 > 미디스커트
옥션2.0,C006967,원피스,C006926,2,여성의류 > 원피스
옥션2.0,C006966,니트/모직원피스,C006967,3,여성의류 > 원피스 > 니트/모직원피스
옥션2.0,C006968,럭셔리 원피스,C006967,3,여성의류 > 원피스 > 럭셔리 원피스
옥션2.0,C006969,면/마/린넨원피스,C006967,3,여성의류 > 원피스 > 면/마/린넨원피스
옥션2.0,C006970,쉬폰/레이스원피스,C006967,3,여성의류 > 원피스 > 쉬폰/레이스원피스
옥션2.0,C006972,자켓/코트,C006926,2,여성의류 > 자켓/코트
옥션2.0,C006971,가죽/퍼자켓,C006972,3,여성의류 > 자켓/코트 > 가죽/퍼자켓
옥션2.0,C006973,자켓,C006972,3,여성의류 > 자켓/코트 > 자켓
옥션2.0,C006974,코트,C006972,3,여성의류 > 자켓/코트 > 코트
옥션2.0,C006975,트렌치코트,C006972,3,여성의류 > 자켓/코트 > 트렌치코트
옥션2.0,C006977,점퍼/야상/패딩,C006926,2,여성의류 > 점퍼/야상/패딩
옥션2.0,C006976,바람막이/야구점퍼,C006977,3,여성의류 > 점퍼/야상/패딩 > 바람막이/야구점퍼
옥션2.0,C006978,사파리/야상점퍼,C006977,3,여성의류 > 점퍼/야상/패딩 > 사파리/야상점퍼
옥션2.0,C006979,패딩/다운점퍼,C006977,3,여성의류 > 점퍼/야상/패딩 > 패딩/다운점퍼
옥션2.0,C006980,후드집업점퍼,C006977,3,여성의류 > 점퍼/야상/패딩 > 후드집업점퍼
옥션2.0,C006982,정장,C006926,2,여성의류 > 정장
옥션2.0,C006981,정장 바지,C006982,3,여성의류 > 정장 > 정장 바지
옥션2.0,C006983,정장 블라우스,C006982,3,여성의류 > 정장 > 정장 블라우스
옥션2.0,C006984,정장 세트,C006982,3,여성의류 > 정장 > 정장 세트
옥션2.0,C006985,정장 원피스,C006982,3,여성의류 > 정장 > 정장 원피스
옥션2.0,C006986,정장 자켓,C006982,3,여성의류 > 정장 > 정장 자켓
옥션2.0,C006987,정장 치마,C006982,3,여성의류 > 정장 > 정장 치마
옥션2.0,C006989,조끼,C006926,2,여성의류 > 조끼
옥션2.0,C006988,캐주얼조끼,C006989,3,여성의류 > 조끼 > 캐주얼조끼
옥션2.0,C006990,패딩조끼,C006989,3,여성의류 > 조끼 > 패딩조끼
옥션2.0,C006992,청바지,C006926,2,여성의류 > 청바지
옥션2.0,C006991,부츠컷/와이드핏,C006992,3,여성의류 > 청바지 > 부츠컷/와이드핏
옥션2.0,C006993,스키니/슬림핏,C006992,3,여성의류 > 청바지 > 스키니/슬림핏
옥션2.0,C006994,스트레이트핏,C006992,3,여성의류 > 청바지 > 스트레이트핏
옥션2.0,C006995,청반바지,C006992,3,여성의류 > 청바지 > 청반바지
옥션2.0,C006997,클럽의상,C006926,2,여성의류 > 클럽의상
옥션2.0,C006996,상의,C006997,3,여성의류 > 클럽의상 > 상의
옥션2.0,C006998,섹시원피스,C006997,3,여성의류 > 클럽의상 > 섹시원피스
옥션2.0,C006999,하의,C006997,3,여성의류 > 클럽의상 > 하의
옥션2.0,C007001,테마의류,C006926,2,여성의류 > 테마의류
옥션2.0,C007000,레인코트,C007001,3,여성의류 > 테마의류 > 레인코트
옥션2.0,C007002,밸리/재즈/살사댄스복,C007001,3,여성의류 > 테마의류 > 밸리/재즈/살사댄스복
옥션2.0,C007003,웨딩/파티드레스,C007001,3,여성의류 > 테마의류 > 웨딩/파티드레스
옥션2.0,C007004,유니폼/가운,C007001,3,여성의류 > 테마의류 > 유니폼/가운
옥션2.0,C007005,의류DIY/리폼부자재,C007001,3,여성의류 > 테마의류 > 의류DIY/리폼부자재
옥션2.0,C007006,코스튬/이벤트복,C007001,3,여성의류 > 테마의류 > 코스튬/이벤트복
옥션2.0,C007008,트레이닝복,C006926,2,여성의류 > 트레이닝복
옥션2.0,C007007,트레이닝상의,C007008,3,여성의류 > 트레이닝복 > 트레이닝상의
옥션2.0,C007009,트레이닝상하세트,C007008,3,여성의류 > 트레이닝복 > 트레이닝상하세트
옥션2.0,C007010,트레이닝하의,C007008,3,여성의류 > 트레이닝복 > 트레이닝하의
옥션2.0,C007012,티셔츠,C006926,2,여성의류 > 티셔츠
옥션2.0,C007011,라운드넥티셔츠,C007012,3,여성의류 > 티셔츠 > 라운드넥티셔츠
옥션2.0,C007013,맨투맨,C007012,3,여성의류 > 티셔츠 > 맨투맨
옥션2.0,C007014,민소매티셔츠,C007012,3,여성의류 > 티셔츠 > 민소매티셔츠
옥션2.0,C007015,브이넥티셔츠,C007012,3,여성의류 > 티셔츠 > 브이넥티셔츠
옥션2.0,C007016,폴라티셔츠,C007012,3,여성의류 > 티셔츠 > 폴라티셔츠
옥션2.0,C007017,후드티/후드집업,C007012,3,여성의류 > 티셔츠 > 후드티/후드집업
옥션2.0,C007019,한복,C006926,2,여성의류 > 한복
옥션2.0,C007018,전통한복,C007019,3,여성의류 > 한복 > 전통한복
옥션2.0,C007020,패션/캐주얼 한복,C007019,3,여성의류 > 한복 > 패션/캐주얼 한복
옥션2.0,C007021,한복소품,C007019,3,여성의류 > 한복 > 한복소품
옥션2.0,C007024,영상가전,ROOT,1,영상가전
옥션2.0,C007023,TV,C007024,2,영상가전 > TV
옥션2.0,C007022,TV,C007023,3,영상가전 > TV > TV
옥션2.0,C007025,해외직구TV,C007023,3,영상가전 > TV > 해외직구TV
옥션2.0,C007027,TV용품,C007024,2,영상가전 > TV용품
옥션2.0,C007026,3D안경,C007027,3,영상가전 > TV용품 > 3D안경
옥션2.0,C007028,TV리모컨,C007027,3,영상가전 > TV용품 > TV리모컨
옥션2.0,C007029,TV브래킷,C007027,3,영상가전 > TV용품 > TV브래킷
옥션2.0,C007030,TV스탠드,C007027,3,영상가전 > TV용품 > TV스탠드
옥션2.0,C007031,TV안테나,C007027,3,영상가전 > TV용품 > TV안테나
옥션2.0,C007032,기타TV용품,C007027,3,영상가전 > TV용품 > 기타TV용품
옥션2.0,C007034,디지털액자,C007024,2,영상가전 > 디지털액자
옥션2.0,C007033,디지털액자,C007034,3,영상가전 > 디지털액자 > 디지털액자
옥션2.0,C007036,영상플레이어,C007024,2,영상가전 > 영상플레이어
옥션2.0,C007035,Divx플레이어,C007036,3,영상가전 > 영상플레이어 > Divx플레이어
옥션2.0,C007037,DVD플레이어,C007036,3,영상가전 > 영상플레이어 > DVD플레이어
옥션2.0,C007038,VTR,C007036,3,영상가전 > 영상플레이어 > VTR
옥션2.0,C007039,블루레이플레이어,C007036,3,영상가전 > 영상플레이어 > 블루레이플레이어
옥션2.0,C007040,셋톱박스,C007036,3,영상가전 > 영상플레이어 > 셋톱박스
옥션2.0,C007041,영상플레이어용품,C007036,3,영상가전 > 영상플레이어 > 영상플레이어용품
옥션2.0,C007043,프로젝터/스크린,C007024,2,영상가전 > 프로젝터/스크린
옥션2.0,C007042,스크린,C007043,3,영상가전 > 프로젝터/스크린 > 스크린
옥션2.0,C007044,프로젝터,C007043,3,영상가전 > 프로젝터/스크린 > 프로젝터
옥션2.0,C007046,프로젝터용품,C007024,2,영상가전 > 프로젝터용품
옥션2.0,C007045,기타프로젝터용품,C007046,3,영상가전 > 프로젝터용품 > 기타프로젝터용품
옥션2.0,C007047,프로젝터램프,C007046,3,영상가전 > 프로젝터용품 > 프로젝터램프
옥션2.0,C007048,프로젝터브래킷/마운트,C007046,3,영상가전 > 프로젝터용품 > 프로젝터브래킷/마운트
옥션2.0,C007049,프로젝터삼각대,C007046,3,영상가전 > 프로젝터용품 > 프로젝터삼각대
옥션2.0,C007052,유아동신발/잡화,ROOT,1,유아동신발/잡화
옥션2.0,C007051,유아동가방,C007052,2,유아동신발/잡화 > 유아동가방
옥션2.0,C007050,기타유아동가방,C007051,3,유아동신발/잡화 > 유아동가방 > 기타유아동가방
옥션2.0,C007053,미아방지가방,C007051,3,유아동신발/잡화 > 유아동가방 > 미아방지가방
옥션2.0,C007054,신발주머니/보조가방,C007051,3,유아동신발/잡화 > 유아동가방 > 신발주머니/보조가방
옥션2.0,C007055,유아동백팩,C007051,3,유아동신발/잡화 > 유아동가방 > 유아동백팩
옥션2.0,C007056,유아동숄더백,C007051,3,유아동신발/잡화 > 유아동가방 > 유아동숄더백
옥션2.0,C007057,유아동캐리어백,C007051,3,유아동신발/잡화 > 유아동가방 > 유아동캐리어백
옥션2.0,C007058,유아동크로스백,C007051,3,유아동신발/잡화 > 유아동가방 > 유아동크로스백
옥션2.0,C007059,유아동토트백/파우치,C007051,3,유아동신발/잡화 > 유아동가방 > 유아동토트백/파우치
옥션2.0,C007061,유아동신발,C007052,2,유아동신발/잡화 > 유아동신발
옥션2.0,C007060,기타유아동신발,C007061,3,유아동신발/잡화 > 유아동신발 > 기타유아동신발
옥션2.0,C007062,남아구두,C007061,3,유아동신발/잡화 > 유아동신발 > 남아구두
옥션2.0,C007063,남아샌들,C007061,3,유아동신발/잡화 > 유아동신발 > 남아샌들
옥션2.0,C007064,로퍼,C007061,3,유아동신발/잡화 > 유아동신발 > 로퍼
옥션2.0,C007065,보행기신발,C007061,3,유아동신발/잡화 > 유아동신발 > 보행기신발
옥션2.0,C007066,부츠/털신,C007061,3,유아동신발/잡화 > 유아동신발 > 부츠/털신
옥션2.0,C007067,슬리퍼,C007061,3,유아동신발/잡화 > 유아동신발 > 슬리퍼
옥션2.0,C007068,슬립온,C007061,3,유아동신발/잡화 > 유아동신발 > 슬립온
옥션2.0,C007069,실내화,C007061,3,유아동신발/잡화 > 유아동신발 > 실내화
옥션2.0,C007070,아쿠아슈즈,C007061,3,유아동신발/잡화 > 유아동신발 > 아쿠아슈즈
옥션2.0,C007071,여아구두,C007061,3,유아동신발/잡화 > 유아동신발 > 여아구두
옥션2.0,C007072,여아샌들,C007061,3,유아동신발/잡화 > 유아동신발 > 여아샌들
옥션2.0,C007073,운동화,C007061,3,유아동신발/잡화 > 유아동신발 > 운동화
옥션2.0,C007074,장화,C007061,3,유아동신발/잡화 > 유아동신발 > 장화
옥션2.0,C007075,젤리슈즈,C007061,3,유아동신발/잡화 > 유아동신발 > 젤리슈즈
옥션2.0,C007076,캔버스/스니커즈,C007061,3,유아동신발/잡화 > 유아동신발 > 캔버스/스니커즈
옥션2.0,C007078,유아동잡화,C007052,2,유아동신발/잡화 > 유아동잡화
옥션2.0,C007077,기타유아동잡화,C007078,3,유아동신발/잡화 > 유아동잡화 > 기타유아동잡화
옥션2.0,C007079,유아동귀마개/마스크,C007078,3,유아동신발/잡화 > 유아동잡화 > 유아동귀마개/마스크
옥션2.0,C007080,유아동모자,C007078,3,유아동신발/잡화 > 유아동잡화 > 유아동모자
옥션2.0,C007081,유아동목도리,C007078,3,유아동신발/잡화 > 유아동잡화 > 유아동목도리
옥션2.0,C007082,유아동벨트/멜빵,C007078,3,유아동신발/잡화 > 유아동잡화 > 유아동벨트/멜빵
옥션2.0,C007083,유아동선글라스,C007078,3,유아동신발/잡화 > 유아동잡화 > 유아동선글라스
옥션2.0,C007084,유아동스카프,C007078,3,유아동신발/잡화 > 유아동잡화 > 유아동스카프
옥션2.0,C007085,유아동스타킹/타이즈,C007078,3,유아동신발/잡화 > 유아동잡화 > 유아동스타킹/타이즈
옥션2.0,C007086,유아동시계,C007078,3,유아동신발/잡화 > 유아동잡화 > 유아동시계
옥션2.0,C007087,유아동앞치마/토시,C007078,3,유아동신발/잡화 > 유아동잡화 > 유아동앞치마/토시
옥션2.0,C007088,유아동양말,C007078,3,유아동신발/잡화 > 유아동잡화 > 유아동양말
옥션2.0,C007089,유아동우산,C007078,3,유아동신발/잡화 > 유아동잡화 > 유아동우산
옥션2.0,C007090,유아동우의/레인코트,C007078,3,유아동신발/잡화 > 유아동잡화 > 유아동우의/레인코트
옥션2.0,C007091,유아동장갑,C007078,3,유아동신발/잡화 > 유아동잡화 > 유아동장갑
옥션2.0,C007092,유아동쥬얼리,C007078,3,유아동신발/잡화 > 유아동잡화 > 유아동쥬얼리
옥션2.0,C007093,유아동지갑,C007078,3,유아동신발/잡화 > 유아동잡화 > 유아동지갑
옥션2.0,C007094,유아동헤어용품,C007078,3,유아동신발/잡화 > 유아동잡화 > 유아동헤어용품
옥션2.0,C007097,유아동의류,ROOT,1,유아동의류
옥션2.0,C007096,남아의류,C007097,2,유아동의류 > 남아의류
옥션2.0,C007095,남아가디건,C007096,3,유아동의류 > 남아의류 > 남아가디건
옥션2.0,C007098,남아남방/셔츠,C007096,3,유아동의류 > 남아의류 > 남아남방/셔츠
옥션2.0,C007099,남아니트/스웨터,C007096,3,유아동의류 > 남아의류 > 남아니트/스웨터
옥션2.0,C007100,남아맨투맨티,C007096,3,유아동의류 > 남아의류 > 남아맨투맨티
옥션2.0,C007101,남아바지,C007096,3,유아동의류 > 남아의류 > 남아바지
옥션2.0,C007102,남아상하복,C007096,3,유아동의류 > 남아의류 > 남아상하복
옥션2.0,C007103,남아자켓,C007096,3,유아동의류 > 남아의류 > 남아자켓
옥션2.0,C007104,남아점퍼,C007096,3,유아동의류 > 남아의류 > 남아점퍼
옥션2.0,C007105,남아정장,C007096,3,유아동의류 > 남아의류 > 남아정장
옥션2.0,C007106,남아코트,C007096,3,유아동의류 > 남아의류 > 남아코트
옥션2.0,C007107,남아트레이닝복,C007096,3,유아동의류 > 남아의류 > 남아트레이닝복
옥션2.0,C007108,남아티셔츠,C007096,3,유아동의류 > 남아의류 > 남아티셔츠
옥션2.0,C007110,신생아의류,C007097,2,유아동의류 > 신생아의류
옥션2.0,C007109,가제손수건,C007110,3,유아동의류 > 신생아의류 > 가제손수건
옥션2.0,C007111,겉싸개,C007110,3,유아동의류 > 신생아의류 > 겉싸개
옥션2.0,C007112,기타신생아의류,C007110,3,유아동의류 > 신생아의류 > 기타신생아의류
옥션2.0,C007113,배냇저고리,C007110,3,유아동의류 > 신생아의류 > 배냇저고리
옥션2.0,C007114,보낭/슬리핑백,C007110,3,유아동의류 > 신생아의류 > 보낭/슬리핑백
옥션2.0,C007115,속싸개,C007110,3,유아동의류 > 신생아의류 > 속싸개
옥션2.0,C007116,손싸개/발싸개,C007110,3,유아동의류 > 신생아의류 > 손싸개/발싸개
옥션2.0,C007117,신생아내의,C007110,3,유아동의류 > 신생아의류 > 신생아내의
옥션2.0,C007118,신생아레깅스/스패츠,C007110,3,유아동의류 > 신생아의류 > 신생아레깅스/스패츠
옥션2.0,C007119,신생아모자/보넷,C007110,3,유아동의류 > 신생아의류 > 신생아모자/보넷
옥션2.0,C007120,신생아바지,C007110,3,유아동의류 > 신생아의류 > 신생아바지
옥션2.0,C007121,신생아상하복,C007110,3,유아동의류 > 신생아의류 > 신생아상하복
옥션2.0,C007122,신생아선물세트,C007110,3,유아동의류 > 신생아의류 > 신생아선물세트
옥션2.0,C007123,신생아외투,C007110,3,유아동의류 > 신생아의류 > 신생아외투
옥션2.0,C007124,신생아정장/드레스,C007110,3,유아동의류 > 신생아의류 > 신생아정장/드레스
옥션2.0,C007125,신생아티셔츠,C007110,3,유아동의류 > 신생아의류 > 신생아티셔츠
옥션2.0,C007126,우주복/바디슈트,C007110,3,유아동의류 > 신생아의류 > 우주복/바디슈트
옥션2.0,C007128,여아의류,C007097,2,유아동의류 > 여아의류
옥션2.0,C007127,여아가디건,C007128,3,유아동의류 > 여아의류 > 여아가디건
옥션2.0,C007129,여아니트/스웨터,C007128,3,유아동의류 > 여아의류 > 여아니트/스웨터
옥션2.0,C007130,여아드레스,C007128,3,유아동의류 > 여아의류 > 여아드레스
옥션2.0,C007131,여아레깅스,C007128,3,유아동의류 > 여아의류 > 여아레깅스
옥션2.0,C007132,여아맨투맨티,C007128,3,유아동의류 > 여아의류 > 여아맨투맨티
옥션2.0,C007133,여아바지,C007128,3,유아동의류 > 여아의류 > 여아바지
옥션2.0,C007134,여아블라우스,C007128,3,유아동의류 > 여아의류 > 여아블라우스
옥션2.0,C007135,여아상하복,C007128,3,유아동의류 > 여아의류 > 여아상하복
옥션2.0,C007136,여아스커트,C007128,3,유아동의류 > 여아의류 > 여아스커트
옥션2.0,C007137,여아원피스,C007128,3,유아동의류 > 여아의류 > 여아원피스
옥션2.0,C007138,여아자켓,C007128,3,유아동의류 > 여아의류 > 여아자켓
옥션2.0,C007139,여아점퍼,C007128,3,유아동의류 > 여아의류 > 여아점퍼
옥션2.0,C007140,여아정장,C007128,3,유아동의류 > 여아의류 > 여아정장
옥션2.0,C007141,여아코트,C007128,3,유아동의류 > 여아의류 > 여아코트
옥션2.0,C007142,여아트레이닝복,C007128,3,유아동의류 > 여아의류 > 여아트레이닝복
옥션2.0,C007143,여아티셔츠,C007128,3,유아동의류 > 여아의류 > 여아티셔츠
옥션2.0,C007145,유아동공용의류,C007097,2,유아동의류 > 유아동공용의류
옥션2.0,C007144,유아동가디건,C007145,3,유아동의류 > 유아동공용의류 > 유아동가디건
옥션2.0,C007146,유아동남방/셔츠,C007145,3,유아동의류 > 유아동공용의류 > 유아동남방/셔츠
옥션2.0,C007147,유아동니트/스웨터,C007145,3,유아동의류 > 유아동공용의류 > 유아동니트/스웨터
옥션2.0,C007148,유아동맨투맨티,C007145,3,유아동의류 > 유아동공용의류 > 유아동맨투맨티
옥션2.0,C007149,유아동바지,C007145,3,유아동의류 > 유아동공용의류 > 유아동바지
옥션2.0,C007150,유아동상하복세트,C007145,3,유아동의류 > 유아동공용의류 > 유아동상하복세트
옥션2.0,C007151,유아동자켓,C007145,3,유아동의류 > 유아동공용의류 > 유아동자켓
옥션2.0,C007152,유아동점퍼,C007145,3,유아동의류 > 유아동공용의류 > 유아동점퍼
옥션2.0,C007153,유아동코트,C007145,3,유아동의류 > 유아동공용의류 > 유아동코트
옥션2.0,C007154,유아동트레이닝복,C007145,3,유아동의류 > 유아동공용의류 > 유아동트레이닝복
옥션2.0,C007155,유아동티셔츠,C007145,3,유아동의류 > 유아동공용의류 > 유아동티셔츠
옥션2.0,C007157,유아동내의/잠옷,C007097,2,유아동의류 > 유아동내의/잠옷
옥션2.0,C007156,배변훈련팬티,C007157,3,유아동의류 > 유아동내의/잠옷 > 배변훈련팬티
옥션2.0,C007158,수면조끼,C007157,3,유아동의류 > 유아동내의/잠옷 > 수면조끼
옥션2.0,C007159,유아동내의,C007157,3,유아동의류 > 유아동내의/잠옷 > 유아동내의
옥션2.0,C007160,유아동런닝,C007157,3,유아동의류 > 유아동내의/잠옷 > 유아동런닝
옥션2.0,C007161,유아동런닝팬티세트,C007157,3,유아동의류 > 유아동내의/잠옷 > 유아동런닝팬티세트
옥션2.0,C007162,유아동실내복/잠옷,C007157,3,유아동의류 > 유아동내의/잠옷 > 유아동실내복/잠옷
옥션2.0,C007163,유아동팬티,C007157,3,유아동의류 > 유아동내의/잠옷 > 유아동팬티
옥션2.0,C007165,유아동스포츠의류,C007097,2,유아동의류 > 유아동스포츠의류
옥션2.0,C007164,기타유아동스포츠의류,C007165,3,유아동의류 > 유아동스포츠의류 > 기타유아동스포츠의류
옥션2.0,C007166,남아수영복,C007165,3,유아동의류 > 유아동스포츠의류 > 남아수영복
옥션2.0,C007167,여아수영복,C007165,3,유아동의류 > 유아동스포츠의류 > 여아수영복
옥션2.0,C007168,유아동도복,C007165,3,유아동의류 > 유아동스포츠의류 > 유아동도복
옥션2.0,C007169,유아동발레복/댄스복,C007165,3,유아동의류 > 유아동스포츠의류 > 유아동발레복/댄스복
옥션2.0,C007170,유아동수모/수경,C007165,3,유아동의류 > 유아동스포츠의류 > 유아동수모/수경
옥션2.0,C007171,유아동수영가방,C007165,3,유아동의류 > 유아동스포츠의류 > 유아동수영가방
옥션2.0,C007172,유아동수영타월,C007165,3,유아동의류 > 유아동스포츠의류 > 유아동수영타월
옥션2.0,C007173,유아동스키/보드복,C007165,3,유아동의류 > 유아동스포츠의류 > 유아동스키/보드복
옥션2.0,C007175,유아동테마의류,C007097,2,유아동의류 > 유아동테마의류
옥션2.0,C007174,기타유아동테마의류,C007175,3,유아동의류 > 유아동테마의류 > 기타유아동테마의류
옥션2.0,C007176,남아한복,C007175,3,유아동의류 > 유아동테마의류 > 남아한복
옥션2.0,C007177,돌한복,C007175,3,유아동의류 > 유아동테마의류 > 돌한복
옥션2.0,C007178,여아한복,C007175,3,유아동의류 > 유아동테마의류 > 여아한복
옥션2.0,C007179,유아동원복/단체복,C007175,3,유아동의류 > 유아동테마의류 > 유아동원복/단체복
옥션2.0,C007180,유아동코스튬의상,C007175,3,유아동의류 > 유아동테마의류 > 유아동코스튬의상
옥션2.0,C007181,유아동한복소품,C007175,3,유아동의류 > 유아동테마의류 > 유아동한복소품
옥션2.0,C007182,패밀리룩,C007175,3,유아동의류 > 유아동테마의류 > 패밀리룩
옥션2.0,C007185,음향기기,ROOT,1,음향기기
옥션2.0,C007184,노래방기기,C007185,2,음향기기 > 노래방기기
옥션2.0,C007183,기타노래방기기,C007184,3,음향기기 > 노래방기기 > 기타노래방기기
옥션2.0,C007186,노래반주기,C007184,3,음향기기 > 노래방기기 > 노래반주기
옥션2.0,C007187,노래방리모콘,C007184,3,음향기기 > 노래방기기 > 노래방리모콘
옥션2.0,C007188,노래방조명/미러볼,C007184,3,음향기기 > 노래방기기 > 노래방조명/미러볼
옥션2.0,C007189,노래방책,C007184,3,음향기기 > 노래방기기 > 노래방책
옥션2.0,C007191,리시버/앰프/튜너,C007185,2,음향기기 > 리시버/앰프/튜너
옥션2.0,C007190,AV리시버,C007191,3,음향기기 > 리시버/앰프/튜너 > AV리시버
옥션2.0,C007192,AV셀렉터,C007191,3,음향기기 > 리시버/앰프/튜너 > AV셀렉터
옥션2.0,C007193,블루투스리시버,C007191,3,음향기기 > 리시버/앰프/튜너 > 블루투스리시버
옥션2.0,C007194,앰프,C007191,3,음향기기 > 리시버/앰프/튜너 > 앰프
옥션2.0,C007195,튜너,C007191,3,음향기기 > 리시버/앰프/튜너 > 튜너
옥션2.0,C007197,마이크,C007185,2,음향기기 > 마이크
옥션2.0,C007196,마이크,C007197,3,음향기기 > 마이크 > 마이크
옥션2.0,C007198,마이크스탠드,C007197,3,음향기기 > 마이크 > 마이크스탠드
옥션2.0,C007199,마이크용품,C007197,3,음향기기 > 마이크 > 마이크용품
옥션2.0,C007200,마이크케이블,C007197,3,음향기기 > 마이크 > 마이크케이블
옥션2.0,C007201,확성기/메가폰,C007197,3,음향기기 > 마이크 > 확성기/메가폰
옥션2.0,C007203,상업/특수음향,C007185,2,음향기기 > 상업/특수음향
옥션2.0,C007202,무대/매장/방송장비,C007203,3,음향기기 > 상업/특수음향 > 무대/매장/방송장비
옥션2.0,C007204,호출기/호출벨,C007203,3,음향기기 > 상업/특수음향 > 호출기/호출벨
옥션2.0,C007206,스피커,C007185,2,음향기기 > 스피커
옥션2.0,C007205,사운드바,C007206,3,음향기기 > 스피커 > 사운드바
옥션2.0,C007207,스피커,C007206,3,음향기기 > 스피커 > 스피커
옥션2.0,C007209,스피커용품,C007185,2,음향기기 > 스피커용품
옥션2.0,C007208,기타스피커용품,C007209,3,음향기기 > 스피커용품 > 기타스피커용품
옥션2.0,C007210,방음/방진재,C007209,3,음향기기 > 스피커용품 > 방음/방진재
옥션2.0,C007211,스피커브래킷,C007209,3,음향기기 > 스피커용품 > 스피커브래킷
옥션2.0,C007212,스피커스탠드,C007209,3,음향기기 > 스피커용품 > 스피커스탠드
옥션2.0,C007214,오디오/라디오,C007185,2,음향기기 > 오디오/라디오
옥션2.0,C007213,라디오,C007214,3,음향기기 > 오디오/라디오 > 라디오
옥션2.0,C007215,오디오,C007214,3,음향기기 > 오디오/라디오 > 오디오
옥션2.0,C007217,음향재생기기,C007185,2,음향기기 > 음향재생기기
옥션2.0,C007216,CD카세트플레이어,C007217,3,음향기기 > 음향재생기기 > CD카세트플레이어
옥션2.0,C007218,CD플레이어,C007217,3,음향기기 > 음향재생기기 > CD플레이어
옥션2.0,C007219,MP3플레이어,C007217,3,음향기기 > 음향재생기기 > MP3플레이어
옥션2.0,C007220,기타음향재생기기,C007217,3,음향기기 > 음향재생기기 > 기타음향재생기기
옥션2.0,C007221,턴테이블,C007217,3,음향기기 > 음향재생기기 > 턴테이블
옥션2.0,C007223,이어폰/헤드폰,C007185,2,음향기기 > 이어폰/헤드폰
옥션2.0,C007222,블루투스이어폰,C007223,3,음향기기 > 이어폰/헤드폰 > 블루투스이어폰
옥션2.0,C007224,블루투스헤드폰,C007223,3,음향기기 > 이어폰/헤드폰 > 블루투스헤드폰
옥션2.0,C007225,유선이어폰,C007223,3,음향기기 > 이어폰/헤드폰 > 유선이어폰
옥션2.0,C007226,유선헤드폰,C007223,3,음향기기 > 이어폰/헤드폰 > 유선헤드폰
옥션2.0,C007228,이어폰/헤드폰용품,C007185,2,음향기기 > 이어폰/헤드폰용품
옥션2.0,C007227,기타이어폰/헤드폰용품,C007228,3,음향기기 > 이어폰/헤드폰용품 > 기타이어폰/헤드폰용품
옥션2.0,C007229,이어폰/헤드폰케이스,C007228,3,음향기기 > 이어폰/헤드폰용품 > 이어폰/헤드폰케이스
옥션2.0,C007230,이어폰선정리기,C007228,3,음향기기 > 이어폰/헤드폰용품 > 이어폰선정리기
옥션2.0,C007231,폼팁/이어폰캡,C007228,3,음향기기 > 이어폰/헤드폰용품 > 폼팁/이어폰캡
옥션2.0,C007232,헤드폰스탠드,C007228,3,음향기기 > 이어폰/헤드폰용품 > 헤드폰스탠드
옥션2.0,C007233,헤드폰패드,C007228,3,음향기기 > 이어폰/헤드폰용품 > 헤드폰패드
옥션2.0,C007235,홈시어터,C007185,2,음향기기 > 홈시어터
옥션2.0,C007234,홈시어터,C007235,3,음향기기 > 홈시어터 > 홈시어터
옥션2.0,C007238,이베이쇼핑,ROOT,1,이베이쇼핑
옥션2.0,C007237,이베이쇼핑,C007238,2,이베이쇼핑 > 이베이쇼핑
옥션2.0,C007236,이베이쇼핑,C007237,3,이베이쇼핑 > 이베이쇼핑 > 이베이쇼핑
옥션2.0,C007241,자동차용품,ROOT,1,자동차용품
옥션2.0,C007240,내비게이션/블랙박스,C007241,2,자동차용품 > 내비게이션/블랙박스
옥션2.0,C007239,HUD,C007240,3,자동차용품 > 내비게이션/블랙박스 > HUD
옥션2.0,C007242,내비게이션,C007240,3,자동차용품 > 내비게이션/블랙박스 > 내비게이션
옥션2.0,C007243,내비게이션용품,C007240,3,자동차용품 > 내비게이션/블랙박스 > 내비게이션용품
옥션2.0,C007244,블랙박스,C007240,3,자동차용품 > 내비게이션/블랙박스 > 블랙박스
옥션2.0,C007245,블랙박스용품,C007240,3,자동차용품 > 내비게이션/블랙박스 > 블랙박스용품
옥션2.0,C007247,모터바이크,C007241,2,자동차용품 > 모터바이크
옥션2.0,C007246,ATV/사륜,C007247,3,자동차용품 > 모터바이크 > ATV/사륜
옥션2.0,C007248,기타모터바이크,C007247,3,자동차용품 > 모터바이크 > 기타모터바이크
옥션2.0,C007249,스쿠터,C007247,3,자동차용품 > 모터바이크 > 스쿠터
옥션2.0,C007250,오토바이,C007247,3,자동차용품 > 모터바이크 > 오토바이
옥션2.0,C007252,모터바이크용품,C007241,2,자동차용품 > 모터바이크용품
옥션2.0,C007251,기타모터바이크용품,C007252,3,자동차용품 > 모터바이크용품 > 기타모터바이크용품
옥션2.0,C007253,리어백,C007252,3,자동차용품 > 모터바이크용품 > 리어백
옥션2.0,C007254,오토바이램프,C007252,3,자동차용품 > 모터바이크용품 > 오토바이램프
옥션2.0,C007255,오토바이방한용품,C007252,3,자동차용품 > 모터바이크용품 > 오토바이방한용품
옥션2.0,C007256,오토바이배터리,C007252,3,자동차용품 > 모터바이크용품 > 오토바이배터리
옥션2.0,C007257,오토바이보호대,C007252,3,자동차용품 > 모터바이크용품 > 오토바이보호대
옥션2.0,C007258,오토바이엔진오일,C007252,3,자동차용품 > 모터바이크용품 > 오토바이엔진오일
옥션2.0,C007259,오토바이장갑,C007252,3,자동차용품 > 모터바이크용품 > 오토바이장갑
옥션2.0,C007260,오토바이커버,C007252,3,자동차용품 > 모터바이크용품 > 오토바이커버
옥션2.0,C007261,오토바이타이어,C007252,3,자동차용품 > 모터바이크용품 > 오토바이타이어
옥션2.0,C007262,오토바이튜닝용품,C007252,3,자동차용품 > 모터바이크용품 > 오토바이튜닝용품
옥션2.0,C007263,오토바이헬멧,C007252,3,자동차용품 > 모터바이크용품 > 오토바이헬멧
옥션2.0,C007265,모터바이크의류,C007241,2,자동차용품 > 모터바이크의류
옥션2.0,C007264,바이크부츠,C007265,3,자동차용품 > 모터바이크의류 > 바이크부츠
옥션2.0,C007266,바이크슈트세트,C007265,3,자동차용품 > 모터바이크의류 > 바이크슈트세트
옥션2.0,C007267,바이크자켓/점퍼,C007265,3,자동차용품 > 모터바이크의류 > 바이크자켓/점퍼
옥션2.0,C007268,바이크팬츠,C007265,3,자동차용품 > 모터바이크의류 > 바이크팬츠
옥션2.0,C007270,세차용품,C007241,2,자동차용품 > 세차용품
옥션2.0,C007269,기타세차용품,C007270,3,자동차용품 > 세차용품 > 기타세차용품
옥션2.0,C007271,김서림방지제,C007270,3,자동차용품 > 세차용품 > 김서림방지제
옥션2.0,C007272,성에방지커버/자동차커버,C007270,3,자동차용품 > 세차용품 > 성에방지커버/자동차커버
옥션2.0,C007273,성에제거기,C007270,3,자동차용품 > 세차용품 > 성에제거기
옥션2.0,C007274,세차용품세트,C007270,3,자동차용품 > 세차용품 > 세차용품세트
옥션2.0,C007275,세차타월/장갑,C007270,3,자동차용품 > 세차용품 > 세차타월/장갑
옥션2.0,C007276,스티커/녹제거제,C007270,3,자동차용품 > 세차용품 > 스티커/녹제거제
옥션2.0,C007277,유리세정/발수코팅제,C007270,3,자동차용품 > 세차용품 > 유리세정/발수코팅제
옥션2.0,C007278,자동차광택기,C007270,3,자동차용품 > 세차용품 > 자동차광택기
옥션2.0,C007279,자동차먼지떨이개,C007270,3,자동차용품 > 세차용품 > 자동차먼지떨이개
옥션2.0,C007280,자동차왁스/광택제,C007270,3,자동차용품 > 세차용품 > 자동차왁스/광택제
옥션2.0,C007281,자동차청소기,C007270,3,자동차용품 > 세차용품 > 자동차청소기
옥션2.0,C007282,차량용컴파운드,C007270,3,자동차용품 > 세차용품 > 차량용컴파운드
옥션2.0,C007283,카샴푸,C007270,3,자동차용품 > 세차용품 > 카샴푸
옥션2.0,C007284,타이어/휠세정제,C007270,3,자동차용품 > 세차용품 > 타이어/휠세정제
옥션2.0,C007286,자동차DIY용품,C007241,2,자동차용품 > 자동차DIY용품
옥션2.0,C007285,기타자동차DIY용품,C007286,3,자동차용품 > 자동차DIY용품 > 기타자동차DIY용품
옥션2.0,C007287,썬팅필름,C007286,3,자동차용품 > 자동차DIY용품 > 썬팅필름
옥션2.0,C007288,자동차방음/방진재,C007286,3,자동차용품 > 자동차DIY용품 > 자동차방음/방진재
옥션2.0,C007289,자동차시트지,C007286,3,자동차용품 > 자동차DIY용품 > 자동차시트지
옥션2.0,C007290,자동차인테리어몰딩,C007286,3,자동차용품 > 자동차DIY용품 > 자동차인테리어몰딩
옥션2.0,C007291,자동차페인트,C007286,3,자동차용품 > 자동차DIY용품 > 자동차페인트
옥션2.0,C007293,자동차공기청정용품,C007241,2,자동차용품 > 자동차공기청정용품
옥션2.0,C007292,자동차가습기,C007293,3,자동차용품 > 자동차공기청정용품 > 자동차가습기
옥션2.0,C007294,자동차공기청정기,C007293,3,자동차용품 > 자동차공기청정용품 > 자동차공기청정기
옥션2.0,C007295,자동차디퓨저,C007293,3,자동차용품 > 자동차공기청정용품 > 자동차디퓨저
옥션2.0,C007296,자동차방향제,C007293,3,자동차용품 > 자동차공기청정용품 > 자동차방향제
옥션2.0,C007297,자동차탈취제,C007293,3,자동차용품 > 자동차공기청정용품 > 자동차탈취제
옥션2.0,C007299,자동차관리용품,C007241,2,자동차용품 > 자동차관리용품
옥션2.0,C007298,기타자동차관리용품,C007299,3,자동차용품 > 자동차관리용품 > 기타자동차관리용품
옥션2.0,C007300,자동차공구,C007299,3,자동차용품 > 자동차관리용품 > 자동차공구
옥션2.0,C007302,자동차램프,C007241,2,자동차용품 > 자동차램프
옥션2.0,C007301,계기판램프,C007302,3,자동차용품 > 자동차램프 > 계기판램프
옥션2.0,C007303,미등,C007302,3,자동차용품 > 자동차램프 > 미등
옥션2.0,C007304,방향지시등,C007302,3,자동차용품 > 자동차램프 > 방향지시등
옥션2.0,C007305,실내등,C007302,3,자동차용품 > 자동차램프 > 실내등
옥션2.0,C007306,안개등,C007302,3,자동차용품 > 자동차램프 > 안개등
옥션2.0,C007307,자동차램프용품,C007302,3,자동차용품 > 자동차램프 > 자동차램프용품
옥션2.0,C007308,자동차서치라이트,C007302,3,자동차용품 > 자동차램프 > 자동차서치라이트
옥션2.0,C007309,전조등,C007302,3,자동차용품 > 자동차램프 > 전조등
옥션2.0,C007310,후미등,C007302,3,자동차용품 > 자동차램프 > 후미등
옥션2.0,C007312,자동차매트/시트/쿠션,C007241,2,자동차용품 > 자동차매트/시트/쿠션
옥션2.0,C007311,자동차놀이방매트,C007312,3,자동차용품 > 자동차매트/시트/쿠션 > 자동차놀이방매트
옥션2.0,C007313,자동차바닥매트,C007312,3,자동차용품 > 자동차매트/시트/쿠션 > 자동차바닥매트
옥션2.0,C007314,자동차방석,C007312,3,자동차용품 > 자동차매트/시트/쿠션 > 자동차방석
옥션2.0,C007315,자동차시트/커버,C007312,3,자동차용품 > 자동차매트/시트/쿠션 > 자동차시트/커버
옥션2.0,C007316,자동차쿠션,C007312,3,자동차용품 > 자동차매트/시트/쿠션 > 자동차쿠션
옥션2.0,C007317,트렁크매트,C007312,3,자동차용품 > 자동차매트/시트/쿠션 > 트렁크매트
옥션2.0,C007319,자동차모바일용품,C007241,2,자동차용품 > 자동차모바일용품
옥션2.0,C007318,기타자동차모바일용품,C007319,3,자동차용품 > 자동차모바일용품 > 기타자동차모바일용품
옥션2.0,C007320,차량용거치대,C007319,3,자동차용품 > 자동차모바일용품 > 차량용거치대
옥션2.0,C007321,차량용충전기,C007319,3,자동차용품 > 자동차모바일용품 > 차량용충전기
옥션2.0,C007323,자동차배터리,C007241,2,자동차용품 > 자동차배터리
옥션2.0,C007322,배터리점프선,C007323,3,자동차용품 > 자동차배터리 > 배터리점프선
옥션2.0,C007324,배터리충전기/점프스타터,C007323,3,자동차용품 > 자동차배터리 > 배터리충전기/점프스타터
옥션2.0,C007325,자동차배터리,C007323,3,자동차용품 > 자동차배터리 > 자동차배터리
옥션2.0,C007327,자동차부품/튜닝용품,C007241,2,자동차용품 > 자동차부품/튜닝용품
옥션2.0,C007326,기타자동차튜닝용품,C007327,3,자동차용품 > 자동차부품/튜닝용품 > 기타자동차튜닝용품
옥션2.0,C007328,배기부품,C007327,3,자동차용품 > 자동차부품/튜닝용품 > 배기부품
옥션2.0,C007329,브레이크,C007327,3,자동차용품 > 자동차부품/튜닝용품 > 브레이크
옥션2.0,C007330,서스펜션,C007327,3,자동차용품 > 자동차부품/튜닝용품 > 서스펜션
옥션2.0,C007331,엔진/흡기부품,C007327,3,자동차용품 > 자동차부품/튜닝용품 > 엔진/흡기부품
옥션2.0,C007333,자동차수납용품,C007241,2,자동차용품 > 자동차수납용품
옥션2.0,C007332,CD바이저,C007333,3,자동차용품 > 자동차수납용품 > CD바이저
옥션2.0,C007334,기타자동차수납용품,C007333,3,자동차용품 > 자동차수납용품 > 기타자동차수납용품
옥션2.0,C007335,루프백/루프박스,C007333,3,자동차용품 > 자동차수납용품 > 루프백/루프박스
옥션2.0,C007336,자동차옷걸이/후크,C007333,3,자동차용품 > 자동차수납용품 > 자동차옷걸이/후크
옥션2.0,C007337,자동차우산걸이,C007333,3,자동차용품 > 자동차수납용품 > 자동차우산걸이
옥션2.0,C007338,자동차콘솔박스,C007333,3,자동차용품 > 자동차수납용품 > 자동차콘솔박스
옥션2.0,C007339,자동차포켓/테이블,C007333,3,자동차용품 > 자동차수납용품 > 자동차포켓/테이블
옥션2.0,C007340,차량용캐리어,C007333,3,자동차용품 > 자동차수납용품 > 차량용캐리어
옥션2.0,C007341,차량용홀더/클립,C007333,3,자동차용품 > 자동차수납용품 > 차량용홀더/클립
옥션2.0,C007342,차량용휴지통,C007333,3,자동차용품 > 자동차수납용품 > 차량용휴지통
옥션2.0,C007343,트렁크네트,C007333,3,자동차용품 > 자동차수납용품 > 트렁크네트
옥션2.0,C007344,트렁크정리함,C007333,3,자동차용품 > 자동차수납용품 > 트렁크정리함
옥션2.0,C007346,자동차안전/편의용품,C007241,2,자동차용품 > 자동차안전/편의용품
옥션2.0,C007345,기타자동차안전용품,C007346,3,자동차용품 > 자동차안전/편의용품 > 기타자동차안전용품
옥션2.0,C007347,기타자동차편의용품,C007346,3,자동차용품 > 자동차안전/편의용품 > 기타자동차편의용품
옥션2.0,C007348,스노우체인,C007346,3,자동차용품 > 자동차안전/편의용품 > 스노우체인
옥션2.0,C007349,자동차냉온장고,C007346,3,자동차용품 > 자동차안전/편의용품 > 자동차냉온장고
옥션2.0,C007351,자동차오일/첨가제,C007241,2,자동차용품 > 자동차오일/첨가제
옥션2.0,C007350,미션오일,C007351,3,자동차용품 > 자동차오일/첨가제 > 미션오일
옥션2.0,C007352,미션오일첨가제,C007351,3,자동차용품 > 자동차오일/첨가제 > 미션오일첨가제
옥션2.0,C007353,부동액,C007351,3,자동차용품 > 자동차오일/첨가제 > 부동액
옥션2.0,C007354,브레이크오일,C007351,3,자동차용품 > 자동차오일/첨가제 > 브레이크오일
옥션2.0,C007355,엔진오일,C007351,3,자동차용품 > 자동차오일/첨가제 > 엔진오일
옥션2.0,C007356,엔진오일첨가제,C007351,3,자동차용품 > 자동차오일/첨가제 > 엔진오일첨가제
옥션2.0,C007357,연료첨가제,C007351,3,자동차용품 > 자동차오일/첨가제 > 연료첨가제
옥션2.0,C007358,연비향상오일,C007351,3,자동차용품 > 자동차오일/첨가제 > 연비향상오일
옥션2.0,C007359,요소수/기타첨가제,C007351,3,자동차용품 > 자동차오일/첨가제 > 요소수/기타첨가제
옥션2.0,C007361,자동차전기/장치,C007241,2,자동차용품 > 자동차전기/장치
옥션2.0,C007360,계기판용품,C007361,3,자동차용품 > 자동차전기/장치 > 계기판용품
옥션2.0,C007362,기타자동차전장부품,C007361,3,자동차용품 > 자동차전기/장치 > 기타자동차전장부품
옥션2.0,C007363,릴레이,C007361,3,자동차용품 > 자동차전기/장치 > 릴레이
옥션2.0,C007364,배선/접지/휴즈,C007361,3,자동차용품 > 자동차전기/장치 > 배선/접지/휴즈
옥션2.0,C007365,시거잭/멀티소켓,C007361,3,자동차용품 > 자동차전기/장치 > 시거잭/멀티소켓
옥션2.0,C007366,자동차게이지,C007361,3,자동차용품 > 자동차전기/장치 > 자동차게이지
옥션2.0,C007367,자동차인버터/컨버터,C007361,3,자동차용품 > 자동차전기/장치 > 자동차인버터/컨버터
옥션2.0,C007368,전류전압안전용품,C007361,3,자동차용품 > 자동차전기/장치 > 전류전압안전용품
옥션2.0,C007369,점화케이블,C007361,3,자동차용품 > 자동차전기/장치 > 점화케이블
옥션2.0,C007370,점화플러그,C007361,3,자동차용품 > 자동차전기/장치 > 점화플러그
옥션2.0,C007371,크락션,C007361,3,자동차용품 > 자동차전기/장치 > 크락션
옥션2.0,C007373,자동차카메라/감지기,C007241,2,자동차용품 > 자동차카메라/감지기
옥션2.0,C007372,자동차카메라/감지기용품,C007373,3,자동차용품 > 자동차카메라/감지기 > 자동차카메라/감지기용품
옥션2.0,C007374,전방/후방감지기,C007373,3,자동차용품 > 자동차카메라/감지기 > 전방/후방감지기
옥션2.0,C007375,전방/후방카메라,C007373,3,자동차용품 > 자동차카메라/감지기 > 전방/후방카메라
옥션2.0,C007377,자동차키용품,C007241,2,자동차용품 > 자동차키용품
옥션2.0,C007376,스마트키,C007377,3,자동차용품 > 자동차키용품 > 스마트키
옥션2.0,C007378,시동경보기,C007377,3,자동차용품 > 자동차키용품 > 시동경보기
옥션2.0,C007379,자동차키케이스,C007377,3,자동차용품 > 자동차키용품 > 자동차키케이스
옥션2.0,C007380,자동차키홀더,C007377,3,자동차용품 > 자동차키용품 > 자동차키홀더
옥션2.0,C007381,폴딩키,C007377,3,자동차용품 > 자동차키용품 > 폴딩키
옥션2.0,C007383,자동차필터/소모품,C007241,2,자동차용품 > 자동차필터/소모품
옥션2.0,C007382,와이퍼,C007383,3,자동차용품 > 자동차필터/소모품 > 와이퍼
옥션2.0,C007384,자동차에어컨/히터필터,C007383,3,자동차용품 > 자동차필터/소모품 > 자동차에어컨/히터필터
옥션2.0,C007385,자동차오일필터,C007383,3,자동차용품 > 자동차필터/소모품 > 자동차오일필터
옥션2.0,C007386,자동차워셔액,C007383,3,자동차용품 > 자동차필터/소모품 > 자동차워셔액
옥션2.0,C007388,카오디오/카AV,C007241,2,자동차용품 > 카오디오/카AV
옥션2.0,C007387,자동차CD/DVD플레이어,C007388,3,자동차용품 > 카오디오/카AV > 자동차CD/DVD플레이어
옥션2.0,C007389,자동차TV/모니터,C007388,3,자동차용품 > 카오디오/카AV > 자동차TV/모니터
옥션2.0,C007390,자동차스피커,C007388,3,자동차용품 > 카오디오/카AV > 자동차스피커
옥션2.0,C007391,자동차앰프,C007388,3,자동차용품 > 카오디오/카AV > 자동차앰프
옥션2.0,C007392,자동차우퍼,C007388,3,자동차용품 > 카오디오/카AV > 자동차우퍼
옥션2.0,C007393,카오디오,C007388,3,자동차용품 > 카오디오/카AV > 카오디오
옥션2.0,C007394,카오디오/AV용품,C007388,3,자동차용품 > 카오디오/카AV > 카오디오/AV용품
옥션2.0,C007395,카팩/핸즈프리,C007388,3,자동차용품 > 카오디오/카AV > 카팩/핸즈프리
옥션2.0,C007397,카익스테리어용품,C007241,2,자동차용품 > 카익스테리어용품
옥션2.0,C007396,기타 카익스테리어용품,C007397,3,자동차용품 > 카익스테리어용품 > 기타 카익스테리어용품
옥션2.0,C007398,도어가드,C007397,3,자동차용품 > 카익스테리어용품 > 도어가드
옥션2.0,C007399,리어스포일러,C007397,3,자동차용품 > 카익스테리어용품 > 리어스포일러
옥션2.0,C007400,번호판용품,C007397,3,자동차용품 > 카익스테리어용품 > 번호판용품
옥션2.0,C007401,범퍼가드,C007397,3,자동차용품 > 카익스테리어용품 > 범퍼가드
옥션2.0,C007402,선바이저,C007397,3,자동차용품 > 카익스테리어용품 > 선바이저
옥션2.0,C007403,안전거울,C007397,3,자동차용품 > 카익스테리어용품 > 안전거울
옥션2.0,C007404,에어로파츠,C007397,3,자동차용품 > 카익스테리어용품 > 에어로파츠
옥션2.0,C007405,자동차스티커,C007397,3,자동차용품 > 카익스테리어용품 > 자동차스티커
옥션2.0,C007406,자동차안테나,C007397,3,자동차용품 > 카익스테리어용품 > 자동차안테나
옥션2.0,C007407,자동차엠블럼,C007397,3,자동차용품 > 카익스테리어용품 > 자동차엠블럼
옥션2.0,C007408,자동차외장몰딩,C007397,3,자동차용품 > 카익스테리어용품 > 자동차외장몰딩
옥션2.0,C007409,정전기방지용품,C007397,3,자동차용품 > 카익스테리어용품 > 정전기방지용품
옥션2.0,C007410,주유구커버,C007397,3,자동차용품 > 카익스테리어용품 > 주유구커버
옥션2.0,C007411,후사경,C007397,3,자동차용품 > 카익스테리어용품 > 후사경
옥션2.0,C007413,카인테리어용품,C007241,2,자동차용품 > 카인테리어용품
옥션2.0,C007412,기어봉/기어커버,C007413,3,자동차용품 > 카인테리어용품 > 기어봉/기어커버
옥션2.0,C007414,기타 카인테리어용품,C007413,3,자동차용품 > 카인테리어용품 > 기타 카인테리어용품
옥션2.0,C007415,대시보드커버,C007413,3,자동차용품 > 카인테리어용품 > 대시보드커버
옥션2.0,C007416,룸미러,C007413,3,자동차용품 > 카인테리어용품 > 룸미러
옥션2.0,C007417,안전벨트쿠션/커버,C007413,3,자동차용품 > 카인테리어용품 > 안전벨트쿠션/커버
옥션2.0,C007418,자동차페달,C007413,3,자동차용품 > 카인테리어용품 > 자동차페달
옥션2.0,C007419,자동차햇빛가리개,C007413,3,자동차용품 > 카인테리어용품 > 자동차햇빛가리개
옥션2.0,C007420,주차번호판,C007413,3,자동차용품 > 카인테리어용품 > 주차번호판
옥션2.0,C007421,파워핸들,C007413,3,자동차용품 > 카인테리어용품 > 파워핸들
옥션2.0,C007422,핸들커버,C007413,3,자동차용품 > 카인테리어용품 > 핸들커버
옥션2.0,C007424,타이어/휠,C007241,2,자동차용품 > 타이어/휠
옥션2.0,C007423,자동차휠,C007424,3,자동차용품 > 타이어/휠 > 자동차휠
옥션2.0,C007425,자동차휠용품,C007424,3,자동차용품 > 타이어/휠 > 자동차휠용품
옥션2.0,C007426,타이어,C007424,3,자동차용품 > 타이어/휠 > 타이어
옥션2.0,C007427,타이어용품,C007424,3,자동차용품 > 타이어/휠 > 타이어용품
옥션2.0,C007429,하이패스/GPS,C007241,2,자동차용품 > 하이패스/GPS
옥션2.0,C007428,자동차GPS,C007429,3,자동차용품 > 하이패스/GPS > 자동차GPS
옥션2.0,C007430,하이패스,C007429,3,자동차용품 > 하이패스/GPS > 하이패스
옥션2.0,C007431,하이패스/GPS용품,C007429,3,자동차용품 > 하이패스/GPS > 하이패스/GPS용품
옥션2.0,C007434,자전거/보드/기타레저,ROOT,1,자전거/보드/기타레저
옥션2.0,C007433,기타레저스포츠,C007434,2,자전거/보드/기타레저 > 기타레저스포츠
옥션2.0,C007432,사격/사냥용품,C007433,3,자전거/보드/기타레저 > 기타레저스포츠 > 사격/사냥용품
옥션2.0,C007435,서핑보드용품,C007433,3,자전거/보드/기타레저 > 기타레저스포츠 > 서핑보드용품
옥션2.0,C007436,수상스키/웨이크용품,C007433,3,자전거/보드/기타레저 > 기타레저스포츠 > 수상스키/웨이크용품
옥션2.0,C007437,승마용품,C007433,3,자전거/보드/기타레저 > 기타레저스포츠 > 승마용품
옥션2.0,C007438,아이스스케이트,C007433,3,자전거/보드/기타레저 > 기타레저스포츠 > 아이스스케이트
옥션2.0,C007439,아이스하키용품,C007433,3,자전거/보드/기타레저 > 기타레저스포츠 > 아이스하키용품
옥션2.0,C007441,서바이벌게임,C007434,2,자전거/보드/기타레저 > 서바이벌게임
옥션2.0,C007440,기타서바이벌용품,C007441,3,자전거/보드/기타레저 > 서바이벌게임 > 기타서바이벌용품
옥션2.0,C007442,서바이벌건,C007441,3,자전거/보드/기타레저 > 서바이벌게임 > 서바이벌건
옥션2.0,C007443,서바이벌의류/보호장비,C007441,3,자전거/보드/기타레저 > 서바이벌게임 > 서바이벌의류/보호장비
옥션2.0,C007445,스케이트/보드,C007434,2,자전거/보드/기타레저 > 스케이트/보드
옥션2.0,C007444,롤러스케이트,C007445,3,자전거/보드/기타레저 > 스케이트/보드 > 롤러스케이트
옥션2.0,C007446,스케이트/보드용품,C007445,3,자전거/보드/기타레저 > 스케이트/보드 > 스케이트/보드용품
옥션2.0,C007447,스케이트보드,C007445,3,자전거/보드/기타레저 > 스케이트/보드 > 스케이트보드
옥션2.0,C007448,인라인스케이트,C007445,3,자전거/보드/기타레저 > 스케이트/보드 > 인라인스케이트
옥션2.0,C007449,킥보드,C007445,3,자전거/보드/기타레저 > 스케이트/보드 > 킥보드
옥션2.0,C007451,스키/스노보드용품,C007434,2,자전거/보드/기타레저 > 스키/스노보드용품
옥션2.0,C007450,기타스키/보드용품,C007451,3,자전거/보드/기타레저 > 스키/스노보드용품 > 기타스키/보드용품
옥션2.0,C007452,스키/보드가방,C007451,3,자전거/보드/기타레저 > 스키/스노보드용품 > 스키/보드가방
옥션2.0,C007453,스키/보드고글,C007451,3,자전거/보드/기타레저 > 스키/스노보드용품 > 스키/보드고글
옥션2.0,C007454,스키/보드보호대,C007451,3,자전거/보드/기타레저 > 스키/스노보드용품 > 스키/보드보호대
옥션2.0,C007455,스키/보드양말,C007451,3,자전거/보드/기타레저 > 스키/스노보드용품 > 스키/보드양말
옥션2.0,C007456,스키/보드장갑,C007451,3,자전거/보드/기타레저 > 스키/스노보드용품 > 스키/보드장갑
옥션2.0,C007457,스키/보드헬멧,C007451,3,자전거/보드/기타레저 > 스키/스노보드용품 > 스키/보드헬멧
옥션2.0,C007459,스키/스노보드의류,C007434,2,자전거/보드/기타레저 > 스키/스노보드의류
옥션2.0,C007458,보드복상의,C007459,3,자전거/보드/기타레저 > 스키/스노보드의류 > 보드복상의
옥션2.0,C007460,보드복세트,C007459,3,자전거/보드/기타레저 > 스키/스노보드의류 > 보드복세트
옥션2.0,C007461,보드복하의,C007459,3,자전거/보드/기타레저 > 스키/스노보드의류 > 보드복하의
옥션2.0,C007462,스키복상의,C007459,3,자전거/보드/기타레저 > 스키/스노보드의류 > 스키복상의
옥션2.0,C007463,스키복세트,C007459,3,자전거/보드/기타레저 > 스키/스노보드의류 > 스키복세트
옥션2.0,C007464,스키복하의,C007459,3,자전거/보드/기타레저 > 스키/스노보드의류 > 스키복하의
옥션2.0,C007466,스키/스노보드장비,C007434,2,자전거/보드/기타레저 > 스키/스노보드장비
옥션2.0,C007465,스노보드데크,C007466,3,자전거/보드/기타레저 > 스키/스노보드장비 > 스노보드데크
옥션2.0,C007467,스노보드바인딩,C007466,3,자전거/보드/기타레저 > 스키/스노보드장비 > 스노보드바인딩
옥션2.0,C007468,스노보드부츠,C007466,3,자전거/보드/기타레저 > 스키/스노보드장비 > 스노보드부츠
옥션2.0,C007469,스노보드세트,C007466,3,자전거/보드/기타레저 > 스키/스노보드장비 > 스노보드세트
옥션2.0,C007470,스키부츠,C007466,3,자전거/보드/기타레저 > 스키/스노보드장비 > 스키부츠
옥션2.0,C007471,스키세트,C007466,3,자전거/보드/기타레저 > 스키/스노보드장비 > 스키세트
옥션2.0,C007472,스키폴,C007466,3,자전거/보드/기타레저 > 스키/스노보드장비 > 스키폴
옥션2.0,C007473,스키플레이트,C007466,3,자전거/보드/기타레저 > 스키/스노보드장비 > 스키플레이트
옥션2.0,C007475,자전거,C007434,2,자전거/보드/기타레저 > 자전거
옥션2.0,C007474,MTB자전거,C007475,3,자전거/보드/기타레저 > 자전거 > MTB자전거
옥션2.0,C007476,기타자전거,C007475,3,자전거/보드/기타레저 > 자전거 > 기타자전거
옥션2.0,C007477,로드자전거,C007475,3,자전거/보드/기타레저 > 자전거 > 로드자전거
옥션2.0,C007478,미니벨로,C007475,3,자전거/보드/기타레저 > 자전거 > 미니벨로
옥션2.0,C007479,아동자전거,C007475,3,자전거/보드/기타레저 > 자전거 > 아동자전거
옥션2.0,C007480,일반자전거,C007475,3,자전거/보드/기타레저 > 자전거 > 일반자전거
옥션2.0,C007481,클래식자전거,C007475,3,자전거/보드/기타레저 > 자전거 > 클래식자전거
옥션2.0,C007482,픽시자전거,C007475,3,자전거/보드/기타레저 > 자전거 > 픽시자전거
옥션2.0,C007483,하이브리드자전거,C007475,3,자전거/보드/기타레저 > 자전거 > 하이브리드자전거
옥션2.0,C007485,자전거부품,C007434,2,자전거/보드/기타레저 > 자전거부품
옥션2.0,C007484,기타자전거부품,C007485,3,자전거/보드/기타레저 > 자전거부품 > 기타자전거부품
옥션2.0,C007486,바엔드/그립,C007485,3,자전거/보드/기타레저 > 자전거부품 > 바엔드/그립
옥션2.0,C007487,자전거기어,C007485,3,자전거/보드/기타레저 > 자전거부품 > 자전거기어
옥션2.0,C007488,자전거변속기,C007485,3,자전거/보드/기타레저 > 자전거부품 > 자전거변속기
옥션2.0,C007489,자전거보조바퀴,C007485,3,자전거/보드/기타레저 > 자전거부품 > 자전거보조바퀴
옥션2.0,C007490,자전거브레이크,C007485,3,자전거/보드/기타레저 > 자전거부품 > 자전거브레이크
옥션2.0,C007491,자전거스탠드,C007485,3,자전거/보드/기타레저 > 자전거부품 > 자전거스탠드
옥션2.0,C007492,자전거스템,C007485,3,자전거/보드/기타레저 > 자전거부품 > 자전거스템
옥션2.0,C007493,자전거안장,C007485,3,자전거/보드/기타레저 > 자전거부품 > 자전거안장
옥션2.0,C007494,자전거체인,C007485,3,자전거/보드/기타레저 > 자전거부품 > 자전거체인
옥션2.0,C007495,자전거타이어,C007485,3,자전거/보드/기타레저 > 자전거부품 > 자전거타이어
옥션2.0,C007496,자전거튜브,C007485,3,자전거/보드/기타레저 > 자전거부품 > 자전거튜브
옥션2.0,C007497,자전거프레임/포크,C007485,3,자전거/보드/기타레저 > 자전거부품 > 자전거프레임/포크
옥션2.0,C007498,자전거핸들바,C007485,3,자전거/보드/기타레저 > 자전거부품 > 자전거핸들바
옥션2.0,C007499,자전거휠셋/림,C007485,3,자전거/보드/기타레저 > 자전거부품 > 자전거휠셋/림
옥션2.0,C007500,클릿/페달,C007485,3,자전거/보드/기타레저 > 자전거부품 > 클릿/페달
옥션2.0,C007502,자전거용품,C007434,2,자전거/보드/기타레저 > 자전거용품
옥션2.0,C007501,기타자전거용품,C007502,3,자전거/보드/기타레저 > 자전거용품 > 기타자전거용품
옥션2.0,C007503,물통/케이지,C007502,3,자전거/보드/기타레저 > 자전거용품 > 물통/케이지
옥션2.0,C007504,속도계/벨/백미러,C007502,3,자전거/보드/기타레저 > 자전거용품 > 속도계/벨/백미러
옥션2.0,C007505,자전거가방,C007502,3,자전거/보드/기타레저 > 자전거용품 > 자전거가방
옥션2.0,C007506,자전거거치대,C007502,3,자전거/보드/기타레저 > 자전거용품 > 자전거거치대
옥션2.0,C007507,자전거공구,C007502,3,자전거/보드/기타레저 > 자전거용품 > 자전거공구
옥션2.0,C007508,자전거라이트,C007502,3,자전거/보드/기타레저 > 자전거용품 > 자전거라이트
옥션2.0,C007509,자전거바구니,C007502,3,자전거/보드/기타레저 > 자전거용품 > 자전거바구니
옥션2.0,C007510,자전거보관거치대,C007502,3,자전거/보드/기타레저 > 자전거용품 > 자전거보관거치대
옥션2.0,C007511,자전거보호장비,C007502,3,자전거/보드/기타레저 > 자전거용품 > 자전거보호장비
옥션2.0,C007512,자전거세척용품,C007502,3,자전거/보드/기타레저 > 자전거용품 > 자전거세척용품
옥션2.0,C007513,자전거오일/윤활유,C007502,3,자전거/보드/기타레저 > 자전거용품 > 자전거오일/윤활유
옥션2.0,C007514,자전거자물쇠/잠금장치,C007502,3,자전거/보드/기타레저 > 자전거용품 > 자전거자물쇠/잠금장치
옥션2.0,C007515,자전거캐리어,C007502,3,자전거/보드/기타레저 > 자전거용품 > 자전거캐리어
옥션2.0,C007516,자전거트레일러,C007502,3,자전거/보드/기타레저 > 자전거용품 > 자전거트레일러
옥션2.0,C007517,자전거펌프,C007502,3,자전거/보드/기타레저 > 자전거용품 > 자전거펌프
옥션2.0,C007518,자전거헬멧,C007502,3,자전거/보드/기타레저 > 자전거용품 > 자전거헬멧
옥션2.0,C007519,짐받이/흙받이,C007502,3,자전거/보드/기타레저 > 자전거용품 > 짐받이/흙받이
옥션2.0,C007520,펑크패치,C007502,3,자전거/보드/기타레저 > 자전거용품 > 펑크패치
옥션2.0,C007522,자전거의류/잡화,C007434,2,자전거/보드/기타레저 > 자전거의류/잡화
옥션2.0,C007521,기타자전거잡화,C007522,3,자전거/보드/기타레저 > 자전거의류/잡화 > 기타자전거잡화
옥션2.0,C007523,빕/빕숏,C007522,3,자전거/보드/기타레저 > 자전거의류/잡화 > 빕/빕숏
옥션2.0,C007524,자전거복상의,C007522,3,자전거/보드/기타레저 > 자전거의류/잡화 > 자전거복상의
옥션2.0,C007525,자전거복상하세트,C007522,3,자전거/보드/기타레저 > 자전거의류/잡화 > 자전거복상하세트
옥션2.0,C007526,자전거복하의,C007522,3,자전거/보드/기타레저 > 자전거의류/잡화 > 자전거복하의
옥션2.0,C007527,자전거신발,C007522,3,자전거/보드/기타레저 > 자전거의류/잡화 > 자전거신발
옥션2.0,C007528,자전거장갑,C007522,3,자전거/보드/기타레저 > 자전거의류/잡화 > 자전거장갑
옥션2.0,C007529,쪽모자/조각모,C007522,3,자전거/보드/기타레저 > 자전거의류/잡화 > 쪽모자/조각모
옥션2.0,C007531,전동/전기레저,C007434,2,자전거/보드/기타레저 > 전동/전기레저
옥션2.0,C007530,전기자전거,C007531,3,자전거/보드/기타레저 > 전동/전기레저 > 전기자전거
옥션2.0,C007532,전동킥보드,C007531,3,자전거/보드/기타레저 > 전동/전기레저 > 전동킥보드
옥션2.0,C007533,전동휠,C007531,3,자전거/보드/기타레저 > 전동/전기레저 > 전동휠
옥션2.0,C007534,전용배터리/용품,C007531,3,자전거/보드/기타레저 > 전동/전기레저 > 전용배터리/용품
옥션2.0,C007537,장난감/완구,ROOT,1,장난감/완구
옥션2.0,C007536,RC완구,C007537,2,장난감/완구 > RC완구
옥션2.0,C007535,기타RC완구,C007536,3,장난감/완구 > RC완구 > 기타RC완구
옥션2.0,C007538,비행RC완구,C007536,3,장난감/완구 > RC완구 > 비행RC완구
옥션2.0,C007539,자동차RC완구,C007536,3,장난감/완구 > RC완구 > 자동차RC완구
옥션2.0,C007541,감각발달완구,C007537,2,장난감/완구 > 감각발달완구
옥션2.0,C007540,기타감각발달완구,C007541,3,장난감/완구 > 감각발달완구 > 기타감각발달완구
옥션2.0,C007542,도형끼우기완구,C007541,3,장난감/완구 > 감각발달완구 > 도형끼우기완구
옥션2.0,C007543,멜로디완구,C007541,3,장난감/완구 > 감각발달완구 > 멜로디완구
옥션2.0,C007544,비눗방울놀이,C007541,3,장난감/완구 > 감각발달완구 > 비눗방울놀이
옥션2.0,C007545,아기전화기완구,C007541,3,장난감/완구 > 감각발달완구 > 아기전화기완구
옥션2.0,C007546,컵쌓기/링쌓기,C007541,3,장난감/완구 > 감각발달완구 > 컵쌓기/링쌓기
옥션2.0,C007547,헝겊책/헝겊완구,C007541,3,장난감/완구 > 감각발달완구 > 헝겊책/헝겊완구
옥션2.0,C007549,공간놀이완구,C007537,2,장난감/완구 > 공간놀이완구
옥션2.0,C007548,그네완구,C007549,3,장난감/완구 > 공간놀이완구 > 그네완구
옥션2.0,C007550,기타공간놀이완구,C007549,3,장난감/완구 > 공간놀이완구 > 기타공간놀이완구
옥션2.0,C007551,놀이집,C007549,3,장난감/완구 > 공간놀이완구 > 놀이집
옥션2.0,C007552,다기능놀이터,C007549,3,장난감/완구 > 공간놀이완구 > 다기능놀이터
옥션2.0,C007553,미끄럼틀완구,C007549,3,장난감/완구 > 공간놀이완구 > 미끄럼틀완구
옥션2.0,C007554,베이비룸,C007549,3,장난감/완구 > 공간놀이완구 > 베이비룸
옥션2.0,C007555,볼텐트/놀이텐트,C007549,3,장난감/완구 > 공간놀이완구 > 볼텐트/놀이텐트
옥션2.0,C007556,시소완구,C007549,3,장난감/완구 > 공간놀이완구 > 시소완구
옥션2.0,C007558,로봇/캐릭터완구,C007537,2,장난감/완구 > 로봇/캐릭터완구
옥션2.0,C007557,기타로봇/캐릭터완구,C007558,3,장난감/완구 > 로봇/캐릭터완구 > 기타로봇/캐릭터완구
옥션2.0,C007559,로봇완구,C007558,3,장난감/완구 > 로봇/캐릭터완구 > 로봇완구
옥션2.0,C007560,캐릭터완구,C007558,3,장난감/완구 > 로봇/캐릭터완구 > 캐릭터완구
옥션2.0,C007561,캐릭터카드/딱지,C007558,3,장난감/완구 > 로봇/캐릭터완구 > 캐릭터카드/딱지
옥션2.0,C007563,물놀이완구,C007537,2,장난감/완구 > 물놀이완구
옥션2.0,C007562,기타물놀이완구,C007563,3,장난감/완구 > 물놀이완구 > 기타물놀이완구
옥션2.0,C007564,모래놀이,C007563,3,장난감/완구 > 물놀이완구 > 모래놀이
옥션2.0,C007565,목욕놀이완구,C007563,3,장난감/완구 > 물놀이완구 > 목욕놀이완구
옥션2.0,C007566,물총,C007563,3,장난감/완구 > 물놀이완구 > 물총
옥션2.0,C007567,유아구명조끼,C007563,3,장난감/완구 > 물놀이완구 > 유아구명조끼
옥션2.0,C007568,유아목튜브/암링,C007563,3,장난감/완구 > 물놀이완구 > 유아목튜브/암링
옥션2.0,C007569,유아보트,C007563,3,장난감/완구 > 물놀이완구 > 유아보트
옥션2.0,C007570,유아스노클,C007563,3,장난감/완구 > 물놀이완구 > 유아스노클
옥션2.0,C007571,유아튜브,C007563,3,장난감/완구 > 물놀이완구 > 유아튜브
옥션2.0,C007572,유아풀장,C007563,3,장난감/완구 > 물놀이완구 > 유아풀장
옥션2.0,C007574,미술/공작놀이,C007537,2,장난감/완구 > 미술/공작놀이
옥션2.0,C007573,기타미술/공작놀이,C007574,3,장난감/완구 > 미술/공작놀이 > 기타미술/공작놀이
옥션2.0,C007575,비즈공작놀이,C007574,3,장난감/완구 > 미술/공작놀이 > 비즈공작놀이
옥션2.0,C007576,양초/비누공작놀이,C007574,3,장난감/완구 > 미술/공작놀이 > 양초/비누공작놀이
옥션2.0,C007577,유아물감,C007574,3,장난감/완구 > 미술/공작놀이 > 유아물감
옥션2.0,C007578,유아스케치북,C007574,3,장난감/완구 > 미술/공작놀이 > 유아스케치북
옥션2.0,C007579,종이접기,C007574,3,장난감/완구 > 미술/공작놀이 > 종이접기
옥션2.0,C007580,찍기놀이완구,C007574,3,장난감/완구 > 미술/공작놀이 > 찍기놀이완구
옥션2.0,C007581,클레이/점토놀이,C007574,3,장난감/완구 > 미술/공작놀이 > 클레이/점토놀이
옥션2.0,C007582,플레이콘,C007574,3,장난감/완구 > 미술/공작놀이 > 플레이콘
옥션2.0,C007584,블록,C007537,2,장난감/완구 > 블록
옥션2.0,C007583,기타블록,C007584,3,장난감/완구 > 블록 > 기타블록
옥션2.0,C007585,레고,C007584,3,장난감/완구 > 블록 > 레고
옥션2.0,C007586,몰펀/조이픽스,C007584,3,장난감/완구 > 블록 > 몰펀/조이픽스
옥션2.0,C007587,블록조립판,C007584,3,장난감/완구 > 블록 > 블록조립판
옥션2.0,C007588,사각/십자블록,C007584,3,장난감/완구 > 블록 > 사각/십자블록
옥션2.0,C007589,옥스포드,C007584,3,장난감/완구 > 블록 > 옥스포드
옥션2.0,C007590,원목블록,C007584,3,장난감/완구 > 블록 > 원목블록
옥션2.0,C007591,자석블록,C007584,3,장난감/완구 > 블록 > 자석블록
옥션2.0,C007592,호환/리필블록,C007584,3,장난감/완구 > 블록 > 호환/리필블록
옥션2.0,C007594,스포츠완구,C007537,2,장난감/완구 > 스포츠완구
옥션2.0,C007593,골프완구,C007594,3,장난감/완구 > 스포츠완구 > 골프완구
옥션2.0,C007595,공/소프트볼,C007594,3,장난감/완구 > 스포츠완구 > 공/소프트볼
옥션2.0,C007596,권투완구,C007594,3,장난감/완구 > 스포츠완구 > 권투완구
옥션2.0,C007597,기타스포츠완구,C007594,3,장난감/완구 > 스포츠완구 > 기타스포츠완구
옥션2.0,C007598,농구완구,C007594,3,장난감/완구 > 스포츠완구 > 농구완구
옥션2.0,C007599,눈썰매,C007594,3,장난감/완구 > 스포츠완구 > 눈썰매
옥션2.0,C007600,볼링완구,C007594,3,장난감/완구 > 스포츠완구 > 볼링완구
옥션2.0,C007601,스카이콩콩,C007594,3,장난감/완구 > 스포츠완구 > 스카이콩콩
옥션2.0,C007602,야구/캐치볼완구,C007594,3,장난감/완구 > 스포츠완구 > 야구/캐치볼완구
옥션2.0,C007603,양궁/투호완구,C007594,3,장난감/완구 > 스포츠완구 > 양궁/투호완구
옥션2.0,C007604,요요,C007594,3,장난감/완구 > 스포츠완구 > 요요
옥션2.0,C007605,점핑볼,C007594,3,장난감/완구 > 스포츠완구 > 점핑볼
옥션2.0,C007606,축구완구,C007594,3,장난감/완구 > 스포츠완구 > 축구완구
옥션2.0,C007607,트램펄린,C007594,3,장난감/완구 > 스포츠완구 > 트램펄린
옥션2.0,C007608,팽이,C007594,3,장난감/완구 > 스포츠완구 > 팽이
옥션2.0,C007610,승용완구,C007537,2,장난감/완구 > 승용완구
옥션2.0,C007609,기타승용완구,C007610,3,장난감/완구 > 승용완구 > 기타승용완구
옥션2.0,C007611,붕붕카/푸시카,C007610,3,장난감/완구 > 승용완구 > 붕붕카/푸시카
옥션2.0,C007612,세발자전거,C007610,3,장난감/완구 > 승용완구 > 세발자전거
옥션2.0,C007613,스프링카,C007610,3,장난감/완구 > 승용완구 > 스프링카
옥션2.0,C007614,전동차/오토바이,C007610,3,장난감/완구 > 승용완구 > 전동차/오토바이
옥션2.0,C007615,지붕차,C007610,3,장난감/완구 > 승용완구 > 지붕차
옥션2.0,C007616,흔들말,C007610,3,장난감/완구 > 승용완구 > 흔들말
옥션2.0,C007618,신생아/영유아완구,C007537,2,장난감/완구 > 신생아/영유아완구
옥션2.0,C007617,기타신생아/영유아완구,C007618,3,장난감/완구 > 신생아/영유아완구 > 기타신생아/영유아완구
옥션2.0,C007619,딸랑이,C007618,3,장난감/완구 > 신생아/영유아완구 > 딸랑이
옥션2.0,C007620,모빌,C007618,3,장난감/완구 > 신생아/영유아완구 > 모빌
옥션2.0,C007621,아기걸음마,C007618,3,장난감/완구 > 신생아/영유아완구 > 아기걸음마
옥션2.0,C007622,아기체육관,C007618,3,장난감/완구 > 신생아/영유아완구 > 아기체육관
옥션2.0,C007623,오뚝이,C007618,3,장난감/완구 > 신생아/영유아완구 > 오뚝이
옥션2.0,C007624,플레이매트,C007618,3,장난감/완구 > 신생아/영유아완구 > 플레이매트
옥션2.0,C007626,언어/학습완구,C007537,2,장난감/완구 > 언어/학습완구
옥션2.0,C007625,기타학습완구,C007626,3,장난감/완구 > 언어/학습완구 > 기타학습완구
옥션2.0,C007627,디지털학습완구,C007626,3,장난감/완구 > 언어/학습완구 > 디지털학습완구
옥션2.0,C007628,사운드북/사운드펜,C007626,3,장난감/완구 > 언어/학습완구 > 사운드북/사운드펜
옥션2.0,C007629,셈놀이/숫자놀이판,C007626,3,장난감/완구 > 언어/학습완구 > 셈놀이/숫자놀이판
옥션2.0,C007630,숫자학습완구,C007626,3,장난감/완구 > 언어/학습완구 > 숫자학습완구
옥션2.0,C007631,스티커북/색칠북,C007626,3,장난감/완구 > 언어/학습완구 > 스티커북/색칠북
옥션2.0,C007632,언어학습완구,C007626,3,장난감/완구 > 언어/학습완구 > 언어학습완구
옥션2.0,C007633,유아용컴퓨터,C007626,3,장난감/완구 > 언어/학습완구 > 유아용컴퓨터
옥션2.0,C007634,자석학습완구,C007626,3,장난감/완구 > 언어/학습완구 > 자석학습완구
옥션2.0,C007635,학습벽보,C007626,3,장난감/완구 > 언어/학습완구 > 학습벽보
옥션2.0,C007636,학습보드판,C007626,3,장난감/완구 > 언어/학습완구 > 학습보드판
옥션2.0,C007637,학습카드,C007626,3,장난감/완구 > 언어/학습완구 > 학습카드
옥션2.0,C007639,역할놀이완구,C007537,2,장난감/완구 > 역할놀이완구
옥션2.0,C007638,가게놀이,C007639,3,장난감/완구 > 역할놀이완구 > 가게놀이
옥션2.0,C007640,공구놀이,C007639,3,장난감/완구 > 역할놀이완구 > 공구놀이
옥션2.0,C007641,기타역할놀이완구,C007639,3,장난감/완구 > 역할놀이완구 > 기타역할놀이완구
옥션2.0,C007642,낚시놀이,C007639,3,장난감/완구 > 역할놀이완구 > 낚시놀이
옥션2.0,C007643,병원놀이,C007639,3,장난감/완구 > 역할놀이완구 > 병원놀이
옥션2.0,C007644,소꿉놀이,C007639,3,장난감/완구 > 역할놀이완구 > 소꿉놀이
옥션2.0,C007645,인형유모차,C007639,3,장난감/완구 > 역할놀이완구 > 인형유모차
옥션2.0,C007646,주방놀이,C007639,3,장난감/완구 > 역할놀이완구 > 주방놀이
옥션2.0,C007647,화장놀이,C007639,3,장난감/완구 > 역할놀이완구 > 화장놀이
옥션2.0,C007649,원목교구/가베,C007537,2,장난감/완구 > 원목교구/가베
옥션2.0,C007648,가베교구세트,C007649,3,장난감/완구 > 원목교구/가베 > 가베교구세트
옥션2.0,C007650,기타원목교구/가베,C007649,3,장난감/완구 > 원목교구/가베 > 기타원목교구/가베
옥션2.0,C007651,도미노/도형쌓기,C007649,3,장난감/완구 > 원목교구/가베 > 도미노/도형쌓기
옥션2.0,C007652,롤러코스터완구,C007649,3,장난감/완구 > 원목교구/가베 > 롤러코스터완구
옥션2.0,C007653,실꿰기/구슬꿰기,C007649,3,장난감/완구 > 원목교구/가베 > 실꿰기/구슬꿰기
옥션2.0,C007654,원목교구세트,C007649,3,장난감/완구 > 원목교구/가베 > 원목교구세트
옥션2.0,C007655,원목큐브/하노이탑,C007649,3,장난감/완구 > 원목교구/가베 > 원목큐브/하노이탑
옥션2.0,C007657,유아동퍼즐,C007537,2,장난감/완구 > 유아동퍼즐
옥션2.0,C007656,구슬퍼즐,C007657,3,장난감/완구 > 유아동퍼즐 > 구슬퍼즐
옥션2.0,C007658,그림/숫자퍼즐,C007657,3,장난감/완구 > 유아동퍼즐 > 그림/숫자퍼즐
옥션2.0,C007659,도형퍼즐/칠교놀이,C007657,3,장난감/완구 > 유아동퍼즐 > 도형퍼즐/칠교놀이
옥션2.0,C007660,원목/꼭지퍼즐,C007657,3,장난감/완구 > 유아동퍼즐 > 원목/꼭지퍼즐
옥션2.0,C007661,종이/입체퍼즐,C007657,3,장난감/완구 > 유아동퍼즐 > 종이/입체퍼즐
옥션2.0,C007662,직소퍼즐/액자,C007657,3,장난감/완구 > 유아동퍼즐 > 직소퍼즐/액자
옥션2.0,C007663,캐스트/메탈퍼즐,C007657,3,장난감/완구 > 유아동퍼즐 > 캐스트/메탈퍼즐
옥션2.0,C007664,큐브/소마큐브,C007657,3,장난감/완구 > 유아동퍼즐 > 큐브/소마큐브
옥션2.0,C007666,음악/악기놀이,C007537,2,장난감/완구 > 음악/악기놀이
옥션2.0,C007665,기타음악/악기놀이,C007666,3,장난감/완구 > 음악/악기놀이 > 기타음악/악기놀이
옥션2.0,C007667,드럼/리듬악기완구,C007666,3,장난감/완구 > 음악/악기놀이 > 드럼/리듬악기완구
옥션2.0,C007668,마이크/노래방완구,C007666,3,장난감/완구 > 음악/악기놀이 > 마이크/노래방완구
옥션2.0,C007669,바이올린/기타완구,C007666,3,장난감/완구 > 음악/악기놀이 > 바이올린/기타완구
옥션2.0,C007670,실로폰/멜로디언완구,C007666,3,장난감/완구 > 음악/악기놀이 > 실로폰/멜로디언완구
옥션2.0,C007671,악기놀이세트,C007666,3,장난감/완구 > 음악/악기놀이 > 악기놀이세트
옥션2.0,C007672,피아노완구,C007666,3,장난감/완구 > 음악/악기놀이 > 피아노완구
옥션2.0,C007674,인형,C007537,2,장난감/완구 > 인형
옥션2.0,C007673,기타인형,C007674,3,장난감/완구 > 인형 > 기타인형
옥션2.0,C007675,봉제인형,C007674,3,장난감/완구 > 인형 > 봉제인형
옥션2.0,C007676,손가락인형,C007674,3,장난감/완구 > 인형 > 손가락인형
옥션2.0,C007677,캐릭터/패션인형,C007674,3,장난감/완구 > 인형 > 캐릭터/패션인형
옥션2.0,C007679,자연/과학완구,C007537,2,장난감/완구 > 자연/과학완구
옥션2.0,C007678,고무동력기/물로켓,C007679,3,장난감/완구 > 자연/과학완구 > 고무동력기/물로켓
옥션2.0,C007680,곤충학습완구,C007679,3,장난감/완구 > 자연/과학완구 > 곤충학습완구
옥션2.0,C007681,공룡학습완구,C007679,3,장난감/완구 > 자연/과학완구 > 공룡학습완구
옥션2.0,C007682,과학상자,C007679,3,장난감/완구 > 자연/과학완구 > 과학상자
옥션2.0,C007683,기타과학완구,C007679,3,장난감/완구 > 자연/과학완구 > 기타과학완구
옥션2.0,C007684,동물학습완구,C007679,3,장난감/완구 > 자연/과학완구 > 동물학습완구
옥션2.0,C007685,식물학습완구,C007679,3,장난감/완구 > 자연/과학완구 > 식물학습완구
옥션2.0,C007686,코딩완구,C007679,3,장난감/완구 > 자연/과학완구 > 코딩완구
옥션2.0,C007687,현미경/망원경완구,C007679,3,장난감/완구 > 자연/과학완구 > 현미경/망원경완구
옥션2.0,C007689,작동완구,C007537,2,장난감/완구 > 작동완구
옥션2.0,C007688,기차작동완구,C007689,3,장난감/완구 > 작동완구 > 기차작동완구
옥션2.0,C007690,기타작동완구,C007689,3,장난감/완구 > 작동완구 > 기타작동완구
옥션2.0,C007691,녹음완구,C007689,3,장난감/완구 > 작동완구 > 녹음완구
옥션2.0,C007692,동물작동완구,C007689,3,장난감/완구 > 작동완구 > 동물작동완구
옥션2.0,C007693,비행작동완구,C007689,3,장난감/완구 > 작동완구 > 비행작동완구
옥션2.0,C007694,오토바이작동완구,C007689,3,장난감/완구 > 작동완구 > 오토바이작동완구
옥션2.0,C007695,자동차작동완구,C007689,3,장난감/완구 > 작동완구 > 자동차작동완구
옥션2.0,C007696,장난감총,C007689,3,장난감/완구 > 작동완구 > 장난감총
옥션2.0,C007697,주차장/주차타워,C007689,3,장난감/완구 > 작동완구 > 주차장/주차타워
옥션2.0,C007700,저장장치,ROOT,1,저장장치
옥션2.0,C007699,PC저장장치,C007700,2,저장장치 > PC저장장치
옥션2.0,C007698,HDD,C007699,3,저장장치 > PC저장장치 > HDD
옥션2.0,C007701,SSD,C007699,3,저장장치 > PC저장장치 > SSD
옥션2.0,C007702,네트워크하드(NAS),C007699,3,저장장치 > PC저장장치 > 네트워크하드(NAS)
옥션2.0,C007703,외장HDD,C007699,3,저장장치 > PC저장장치 > 외장HDD
옥션2.0,C007704,외장SSD,C007699,3,저장장치 > PC저장장치 > 외장SSD
옥션2.0,C007706,공미디어,C007700,2,저장장치 > 공미디어
옥션2.0,C007705,CD미디어,C007706,3,저장장치 > 공미디어 > CD미디어
옥션2.0,C007707,DVD미디어,C007706,3,저장장치 > 공미디어 > DVD미디어
옥션2.0,C007708,공테이프,C007706,3,저장장치 > 공미디어 > 공테이프
옥션2.0,C007709,블루레이미디어,C007706,3,저장장치 > 공미디어 > 블루레이미디어
옥션2.0,C007711,이동식메모리,C007700,2,저장장치 > 이동식메모리
옥션2.0,C007710,CF메모리,C007711,3,저장장치 > 이동식메모리 > CF메모리
옥션2.0,C007712,MicroSD메모리,C007711,3,저장장치 > 이동식메모리 > MicroSD메모리
옥션2.0,C007713,SD메모리,C007711,3,저장장치 > 이동식메모리 > SD메모리
옥션2.0,C007714,USB메모리,C007711,3,저장장치 > 이동식메모리 > USB메모리
옥션2.0,C007715,XQD메모리,C007711,3,저장장치 > 이동식메모리 > XQD메모리
옥션2.0,C007716,메모리스틱,C007711,3,저장장치 > 이동식메모리 > 메모리스틱
옥션2.0,C007718,저장장치용품,C007700,2,저장장치 > 저장장치용품
옥션2.0,C007717,SD카드어댑터,C007718,3,저장장치 > 저장장치용품 > SD카드어댑터
옥션2.0,C007719,공미디어보관함,C007718,3,저장장치 > 저장장치용품 > 공미디어보관함
옥션2.0,C007720,기타저장장치용품,C007718,3,저장장치 > 저장장치용품 > 기타저장장치용품
옥션2.0,C007721,네트워크하드케이스,C007718,3,저장장치 > 저장장치용품 > 네트워크하드케이스
옥션2.0,C007722,메모리카드리더기,C007718,3,저장장치 > 저장장치용품 > 메모리카드리더기
옥션2.0,C007723,외장하드케이스,C007718,3,저장장치 > 저장장치용품 > 외장하드케이스
옥션2.0,C007726,조명/인테리어,ROOT,1,조명/인테리어
옥션2.0,C007725,벽지,C007726,2,조명/인테리어 > 벽지
옥션2.0,C007724,기타벽지,C007725,3,조명/인테리어 > 벽지 > 기타벽지
옥션2.0,C007727,단열벽지,C007725,3,조명/인테리어 > 벽지 > 단열벽지
옥션2.0,C007728,도배용품,C007725,3,조명/인테리어 > 벽지 > 도배용품
옥션2.0,C007729,띠벽지,C007725,3,조명/인테리어 > 벽지 > 띠벽지
옥션2.0,C007730,뮤럴벽지,C007725,3,조명/인테리어 > 벽지 > 뮤럴벽지
옥션2.0,C007731,실크벽지,C007725,3,조명/인테리어 > 벽지 > 실크벽지
옥션2.0,C007732,폼블럭,C007725,3,조명/인테리어 > 벽지 > 폼블럭
옥션2.0,C007733,합지벽지,C007725,3,조명/인테리어 > 벽지 > 합지벽지
옥션2.0,C007735,스탠드조명,C007726,2,조명/인테리어 > 스탠드조명
옥션2.0,C007734,단스탠드,C007735,3,조명/인테리어 > 스탠드조명 > 단스탠드
옥션2.0,C007736,장스탠드,C007735,3,조명/인테리어 > 스탠드조명 > 장스탠드
옥션2.0,C007737,학습용스탠드,C007735,3,조명/인테리어 > 스탠드조명 > 학습용스탠드
옥션2.0,C007739,시트지,C007726,2,조명/인테리어 > 시트지
옥션2.0,C007738,가구시트지,C007739,3,조명/인테리어 > 시트지 > 가구시트지
옥션2.0,C007740,기타시트지,C007739,3,조명/인테리어 > 시트지 > 기타시트지
옥션2.0,C007741,시트벽지,C007739,3,조명/인테리어 > 시트지 > 시트벽지
옥션2.0,C007742,창문시트지,C007739,3,조명/인테리어 > 시트지 > 창문시트지
옥션2.0,C007743,포인트스티커,C007739,3,조명/인테리어 > 시트지 > 포인트스티커
옥션2.0,C007744,현관문시트지,C007739,3,조명/인테리어 > 시트지 > 현관문시트지
옥션2.0,C007746,아로마/캔들용품,C007726,2,조명/인테리어 > 아로마/캔들용품
옥션2.0,C007745,기타/아로마캔들용품,C007746,3,조명/인테리어 > 아로마/캔들용품 > 기타/아로마캔들용품
옥션2.0,C007747,디퓨저,C007746,3,조명/인테리어 > 아로마/캔들용품 > 디퓨저
옥션2.0,C007748,아로마램프/오일,C007746,3,조명/인테리어 > 아로마/캔들용품 > 아로마램프/오일
옥션2.0,C007749,초/향초,C007746,3,조명/인테리어 > 아로마/캔들용품 > 초/향초
옥션2.0,C007750,촛대/홀더,C007746,3,조명/인테리어 > 아로마/캔들용품 > 촛대/홀더
옥션2.0,C007751,캔들워머,C007746,3,조명/인테리어 > 아로마/캔들용품 > 캔들워머
옥션2.0,C007753,인테리어소품,C007726,2,조명/인테리어 > 인테리어소품
옥션2.0,C007752,공예품,C007753,3,조명/인테리어 > 인테리어소품 > 공예품
옥션2.0,C007754,기타인테리어소품,C007753,3,조명/인테리어 > 인테리어소품 > 기타인테리어소품
옥션2.0,C007755,디자인문패,C007753,3,조명/인테리어 > 인테리어소품 > 디자인문패
옥션2.0,C007756,문종/풍경,C007753,3,조명/인테리어 > 인테리어소품 > 문종/풍경
옥션2.0,C007757,미니어처,C007753,3,조명/인테리어 > 인테리어소품 > 미니어처
옥션2.0,C007758,실내분수,C007753,3,조명/인테리어 > 인테리어소품 > 실내분수
옥션2.0,C007759,오르골,C007753,3,조명/인테리어 > 인테리어소품 > 오르골
옥션2.0,C007760,인터폰박스,C007753,3,조명/인테리어 > 인테리어소품 > 인터폰박스
옥션2.0,C007761,인테리어파티션,C007753,3,조명/인테리어 > 인테리어소품 > 인테리어파티션
옥션2.0,C007762,장식소품,C007753,3,조명/인테리어 > 인테리어소품 > 장식소품
옥션2.0,C007763,조각상,C007753,3,조명/인테리어 > 인테리어소품 > 조각상
옥션2.0,C007764,화병,C007753,3,조명/인테리어 > 인테리어소품 > 화병
옥션2.0,C007766,인테리어시계,C007726,2,조명/인테리어 > 인테리어시계
옥션2.0,C007765,벽시계,C007766,3,조명/인테리어 > 인테리어시계 > 벽시계
옥션2.0,C007767,스탠드시계,C007766,3,조명/인테리어 > 인테리어시계 > 스탠드시계
옥션2.0,C007768,탁상시계,C007766,3,조명/인테리어 > 인테리어시계 > 탁상시계
옥션2.0,C007770,전구/형광등,C007726,2,조명/인테리어 > 전구/형광등
옥션2.0,C007769,안정기,C007770,3,조명/인테리어 > 전구/형광등 > 안정기
옥션2.0,C007771,전구,C007770,3,조명/인테리어 > 전구/형광등 > 전구
옥션2.0,C007772,형광등,C007770,3,조명/인테리어 > 전구/형광등 > 형광등
옥션2.0,C007774,조명기구,C007726,2,조명/인테리어 > 조명기구
옥션2.0,C007773,LED모듈,C007774,3,조명/인테리어 > 조명기구 > LED모듈
옥션2.0,C007775,거실조명,C007774,3,조명/인테리어 > 조명기구 > 거실조명
옥션2.0,C007776,기타조명기구,C007774,3,조명/인테리어 > 조명기구 > 기타조명기구
옥션2.0,C007777,무대/특수조명,C007774,3,조명/인테리어 > 조명기구 > 무대/특수조명
옥션2.0,C007778,무드등/수면등,C007774,3,조명/인테리어 > 조명기구 > 무드등/수면등
옥션2.0,C007779,방등,C007774,3,조명/인테리어 > 조명기구 > 방등
옥션2.0,C007780,벽등,C007774,3,조명/인테리어 > 조명기구 > 벽등
옥션2.0,C007781,센서등,C007774,3,조명/인테리어 > 조명기구 > 센서등
옥션2.0,C007782,야외조명,C007774,3,조명/인테리어 > 조명기구 > 야외조명
옥션2.0,C007783,욕실조명,C007774,3,조명/인테리어 > 조명기구 > 욕실조명
옥션2.0,C007784,주방조명,C007774,3,조명/인테리어 > 조명기구 > 주방조명
옥션2.0,C007785,투광기,C007774,3,조명/인테리어 > 조명기구 > 투광기
옥션2.0,C007786,현관조명,C007774,3,조명/인테리어 > 조명기구 > 현관조명
옥션2.0,C007788,타일/바닥재,C007726,2,조명/인테리어 > 타일/바닥재
옥션2.0,C007787,기타타일/바닥재,C007788,3,조명/인테리어 > 타일/바닥재 > 기타타일/바닥재
옥션2.0,C007789,대리석,C007788,3,조명/인테리어 > 타일/바닥재 > 대리석
옥션2.0,C007790,데코타일,C007788,3,조명/인테리어 > 타일/바닥재 > 데코타일
옥션2.0,C007791,마루,C007788,3,조명/인테리어 > 타일/바닥재 > 마루
옥션2.0,C007792,장판,C007788,3,조명/인테리어 > 타일/바닥재 > 장판
옥션2.0,C007794,페인트,C007726,2,조명/인테리어 > 페인트
옥션2.0,C007793,라카/스프레이페인트,C007794,3,조명/인테리어 > 페인트 > 라카/스프레이페인트
옥션2.0,C007795,바니쉬,C007794,3,조명/인테리어 > 페인트 > 바니쉬
옥션2.0,C007796,방수페인트,C007794,3,조명/인테리어 > 페인트 > 방수페인트
옥션2.0,C007797,수성페인트,C007794,3,조명/인테리어 > 페인트 > 수성페인트
옥션2.0,C007798,스테인,C007794,3,조명/인테리어 > 페인트 > 스테인
옥션2.0,C007799,에폭시,C007794,3,조명/인테리어 > 페인트 > 에폭시
옥션2.0,C007800,우레탄,C007794,3,조명/인테리어 > 페인트 > 우레탄
옥션2.0,C007801,유성페인트,C007794,3,조명/인테리어 > 페인트 > 유성페인트
옥션2.0,C007802,젯소,C007794,3,조명/인테리어 > 페인트 > 젯소
옥션2.0,C007803,페인트/도장용품,C007794,3,조명/인테리어 > 페인트 > 페인트/도장용품
옥션2.0,C007805,홈갤러리/액자,C007726,2,조명/인테리어 > 홈갤러리/액자
옥션2.0,C007804,기타홈갤러리/액자,C007805,3,조명/인테리어 > 홈갤러리/액자 > 기타홈갤러리/액자
옥션2.0,C007806,벽걸이액자,C007805,3,조명/인테리어 > 홈갤러리/액자 > 벽걸이액자
옥션2.0,C007807,사진작품,C007805,3,조명/인테리어 > 홈갤러리/액자 > 사진작품
옥션2.0,C007808,아트포스터,C007805,3,조명/인테리어 > 홈갤러리/액자 > 아트포스터
옥션2.0,C007809,유화그리기세트,C007805,3,조명/인테리어 > 홈갤러리/액자 > 유화그리기세트
옥션2.0,C007810,탁상액자,C007805,3,조명/인테리어 > 홈갤러리/액자 > 탁상액자
옥션2.0,C007811,회화,C007805,3,조명/인테리어 > 홈갤러리/액자 > 회화
옥션2.0,C007814,주방가전,ROOT,1,주방가전
옥션2.0,C007813,간식메이커,C007814,2,주방가전 > 간식메이커
옥션2.0,C007812,기타간식메이커,C007813,3,주방가전 > 간식메이커 > 기타간식메이커
옥션2.0,C007815,샌드위치메이커,C007813,3,주방가전 > 간식메이커 > 샌드위치메이커
옥션2.0,C007816,솜사탕기계,C007813,3,주방가전 > 간식메이커 > 솜사탕기계
옥션2.0,C007817,스낵메이커,C007813,3,주방가전 > 간식메이커 > 스낵메이커
옥션2.0,C007818,와플메이커,C007813,3,주방가전 > 간식메이커 > 와플메이커
옥션2.0,C007820,계량측정기기,C007814,2,주방가전 > 계량측정기기
옥션2.0,C007819,염도계,C007820,3,주방가전 > 계량측정기기 > 염도계
옥션2.0,C007821,전자저울,C007820,3,주방가전 > 계량측정기기 > 전자저울
옥션2.0,C007823,냉장고/냉동고,C007814,2,주방가전 > 냉장고/냉동고
옥션2.0,C007822,김치냉장고,C007823,3,주방가전 > 냉장고/냉동고 > 김치냉장고
옥션2.0,C007824,냉동고,C007823,3,주방가전 > 냉장고/냉동고 > 냉동고
옥션2.0,C007825,냉장고/냉동고용품,C007823,3,주방가전 > 냉장고/냉동고 > 냉장고/냉동고용품
옥션2.0,C007826,냉장쇼케이스,C007823,3,주방가전 > 냉장고/냉동고 > 냉장쇼케이스
옥션2.0,C007827,쌀냉장고,C007823,3,주방가전 > 냉장고/냉동고 > 쌀냉장고
옥션2.0,C007828,양문형냉장고,C007823,3,주방가전 > 냉장고/냉동고 > 양문형냉장고
옥션2.0,C007829,업소용냉장고,C007823,3,주방가전 > 냉장고/냉동고 > 업소용냉장고
옥션2.0,C007830,와인셀러,C007823,3,주방가전 > 냉장고/냉동고 > 와인셀러
옥션2.0,C007831,일반냉장고,C007823,3,주방가전 > 냉장고/냉동고 > 일반냉장고
옥션2.0,C007832,화장품냉장고,C007823,3,주방가전 > 냉장고/냉동고 > 화장품냉장고
옥션2.0,C007834,레인지,C007814,2,주방가전 > 레인지
옥션2.0,C007833,가스레인지,C007834,3,주방가전 > 레인지 > 가스레인지
옥션2.0,C007835,레인지용품,C007834,3,주방가전 > 레인지 > 레인지용품
옥션2.0,C007836,레인지후드,C007834,3,주방가전 > 레인지 > 레인지후드
옥션2.0,C007837,인덕션,C007834,3,주방가전 > 레인지 > 인덕션
옥션2.0,C007838,전자레인지,C007834,3,주방가전 > 레인지 > 전자레인지
옥션2.0,C007839,하이라이트 전기레인지,C007834,3,주방가전 > 레인지 > 하이라이트 전기레인지
옥션2.0,C007840,하이브리드 전기레인지,C007834,3,주방가전 > 레인지 > 하이브리드 전기레인지
옥션2.0,C007841,핫플레이트,C007834,3,주방가전 > 레인지 > 핫플레이트
옥션2.0,C007843,믹서기/원액기,C007814,2,주방가전 > 믹서기/원액기
옥션2.0,C007842,믹서기,C007843,3,주방가전 > 믹서기/원액기 > 믹서기
옥션2.0,C007844,믹서기/원액기용품,C007843,3,주방가전 > 믹서기/원액기 > 믹서기/원액기용품
옥션2.0,C007845,블렌더,C007843,3,주방가전 > 믹서기/원액기 > 블렌더
옥션2.0,C007846,착즙기/쥬서기,C007843,3,주방가전 > 믹서기/원액기 > 착즙기/쥬서기
옥션2.0,C007848,식기세척건조기,C007814,2,주방가전 > 식기세척건조기
옥션2.0,C007847,기타식기세척건조기,C007848,3,주방가전 > 식기세척건조기 > 기타식기세척건조기
옥션2.0,C007849,식기건조기/식기살균기,C007848,3,주방가전 > 식기세척건조기 > 식기건조기/식기살균기
옥션2.0,C007850,식기세척기,C007848,3,주방가전 > 식기세척건조기 > 식기세척기
옥션2.0,C007851,야채/과일세척기,C007848,3,주방가전 > 식기세척건조기 > 야채/과일세척기
옥션2.0,C007852,온장고,C007848,3,주방가전 > 식기세척건조기 > 온장고
옥션2.0,C007854,식품제조기,C007814,2,주방가전 > 식품제조기
옥션2.0,C007853,거품기/반죽기,C007854,3,주방가전 > 식품제조기 > 거품기/반죽기
옥션2.0,C007855,기타식품제조기,C007854,3,주방가전 > 식품제조기 > 기타식품제조기
옥션2.0,C007856,누룽지제조기,C007854,3,주방가전 > 식품제조기 > 누룽지제조기
옥션2.0,C007857,두부/두유제조기,C007854,3,주방가전 > 식품제조기 > 두부/두유제조기
옥션2.0,C007858,식품건조기,C007854,3,주방가전 > 식품제조기 > 식품건조기
옥션2.0,C007859,식품제조기용품,C007854,3,주방가전 > 식품제조기 > 식품제조기용품
옥션2.0,C007860,요구르트제조기,C007854,3,주방가전 > 식품제조기 > 요구르트제조기
옥션2.0,C007861,이유식/죽제조기,C007854,3,주방가전 > 식품제조기 > 이유식/죽제조기
옥션2.0,C007862,제면기,C007854,3,주방가전 > 식품제조기 > 제면기
옥션2.0,C007863,제빵기/제과기,C007854,3,주방가전 > 식품제조기 > 제빵기/제과기
옥션2.0,C007864,채유기,C007854,3,주방가전 > 식품제조기 > 채유기
옥션2.0,C007865,탄산수제조기,C007854,3,주방가전 > 식품제조기 > 탄산수제조기
옥션2.0,C007866,팝콘제조기,C007854,3,주방가전 > 식품제조기 > 팝콘제조기
옥션2.0,C007867,햄버거메이커,C007854,3,주방가전 > 식품제조기 > 햄버거메이커
옥션2.0,C007869,에어프라이어/튀김기,C007814,2,주방가전 > 에어프라이어/튀김기
옥션2.0,C007868,에어프라이어,C007869,3,주방가전 > 에어프라이어/튀김기 > 에어프라이어
옥션2.0,C007870,튀김기,C007869,3,주방가전 > 에어프라이어/튀김기 > 튀김기
옥션2.0,C007871,튀김기용품,C007869,3,주방가전 > 에어프라이어/튀김기 > 튀김기용품
옥션2.0,C007873,오븐,C007814,2,주방가전 > 오븐
옥션2.0,C007872,가스오븐,C007873,3,주방가전 > 오븐 > 가스오븐
옥션2.0,C007874,전기오븐,C007873,3,주방가전 > 오븐 > 전기오븐
옥션2.0,C007876,전기그릴/팬,C007814,2,주방가전 > 전기그릴/팬
옥션2.0,C007875,전기그릴,C007876,3,주방가전 > 전기그릴/팬 > 전기그릴
옥션2.0,C007877,전기그릴/팬용품,C007876,3,주방가전 > 전기그릴/팬 > 전기그릴/팬용품
옥션2.0,C007878,전기팬,C007876,3,주방가전 > 전기그릴/팬 > 전기팬
옥션2.0,C007880,전기밥솥,C007814,2,주방가전 > 전기밥솥
옥션2.0,C007879,전기밥솥,C007880,3,주방가전 > 전기밥솥 > 전기밥솥
옥션2.0,C007881,전기밥솥용품,C007880,3,주방가전 > 전기밥솥 > 전기밥솥용품
옥션2.0,C007883,전기쿠커,C007814,2,주방가전 > 전기쿠커
옥션2.0,C007882,전기냄비,C007883,3,주방가전 > 전기쿠커 > 전기냄비
옥션2.0,C007884,전기찜기,C007883,3,주방가전 > 전기쿠커 > 전기찜기
옥션2.0,C007886,전기포트,C007814,2,주방가전 > 전기포트
옥션2.0,C007885,라면포트,C007886,3,주방가전 > 전기포트 > 라면포트
옥션2.0,C007887,보온/분유포트,C007886,3,주방가전 > 전기포트 > 보온/분유포트
옥션2.0,C007888,일반전기포트,C007886,3,주방가전 > 전기포트 > 일반전기포트
옥션2.0,C007889,전기포트용품,C007886,3,주방가전 > 전기포트 > 전기포트용품
옥션2.0,C007891,제빙기/빙수기,C007814,2,주방가전 > 제빙기/빙수기
옥션2.0,C007890,빙과기기용품,C007891,3,주방가전 > 제빙기/빙수기 > 빙과기기용품
옥션2.0,C007892,빙수기,C007891,3,주방가전 > 제빙기/빙수기 > 빙수기
옥션2.0,C007893,슬러시기계,C007891,3,주방가전 > 제빙기/빙수기 > 슬러시기계
옥션2.0,C007894,아이스크림제조기,C007891,3,주방가전 > 제빙기/빙수기 > 아이스크림제조기
옥션2.0,C007895,제빙기,C007891,3,주방가전 > 제빙기/빙수기 > 제빙기
옥션2.0,C007897,주방보조기기,C007814,2,주방가전 > 주방보조기기
옥션2.0,C007896,비닐접착기,C007897,3,주방가전 > 주방보조기기 > 비닐접착기
옥션2.0,C007898,음식물처리기,C007897,3,주방가전 > 주방보조기기 > 음식물처리기
옥션2.0,C007899,주방보조기기용품,C007897,3,주방가전 > 주방보조기기 > 주방보조기기용품
옥션2.0,C007900,진공포장기,C007897,3,주방가전 > 주방보조기기 > 진공포장기
옥션2.0,C007902,중탕기/약탕기,C007814,2,주방가전 > 중탕기/약탕기
옥션2.0,C007901,약탕기,C007902,3,주방가전 > 중탕기/약탕기 > 약탕기
옥션2.0,C007903,중탕기,C007902,3,주방가전 > 중탕기/약탕기 > 중탕기
옥션2.0,C007904,중탕기/약탕기용품,C007902,3,주방가전 > 중탕기/약탕기 > 중탕기/약탕기용품
옥션2.0,C007905,홍삼액제조기,C007902,3,주방가전 > 중탕기/약탕기 > 홍삼액제조기
옥션2.0,C007907,커피메이커,C007814,2,주방가전 > 커피메이커
옥션2.0,C007906,드립커피머신,C007907,3,주방가전 > 커피메이커 > 드립커피머신
옥션2.0,C007908,에스프레소머신,C007907,3,주방가전 > 커피메이커 > 에스프레소머신
옥션2.0,C007909,우유거품기,C007907,3,주방가전 > 커피메이커 > 우유거품기
옥션2.0,C007910,전동그라인더,C007907,3,주방가전 > 커피메이커 > 전동그라인더
옥션2.0,C007911,캡슐커피머신,C007907,3,주방가전 > 커피메이커 > 캡슐커피머신
옥션2.0,C007912,커피로스터,C007907,3,주방가전 > 커피메이커 > 커피로스터
옥션2.0,C007913,커피메이커용품,C007907,3,주방가전 > 커피메이커 > 커피메이커용품
옥션2.0,C007914,커피자판기,C007907,3,주방가전 > 커피메이커 > 커피자판기
옥션2.0,C007916,토스터기,C007814,2,주방가전 > 토스터기
옥션2.0,C007915,토스터기,C007916,3,주방가전 > 토스터기 > 토스터기
옥션2.0,C007919,주방용품,ROOT,1,주방용품
옥션2.0,C007918,냄비/솥,C007919,2,주방용품 > 냄비/솥
옥션2.0,C007917,가마솥,C007918,3,주방용품 > 냄비/솥 > 가마솥
옥션2.0,C007920,곰솥,C007918,3,주방용품 > 냄비/솥 > 곰솥
옥션2.0,C007921,냄비,C007918,3,주방용품 > 냄비/솥 > 냄비
옥션2.0,C007922,돌솥,C007918,3,주방용품 > 냄비/솥 > 돌솥
옥션2.0,C007923,들통,C007918,3,주방용품 > 냄비/솥 > 들통
옥션2.0,C007924,뚝배기,C007918,3,주방용품 > 냄비/솥 > 뚝배기
옥션2.0,C007925,압력솥,C007918,3,주방용품 > 냄비/솥 > 압력솥
옥션2.0,C007926,찜솥,C007918,3,주방용품 > 냄비/솥 > 찜솥
옥션2.0,C007928,보관/밀폐용기,C007919,2,주방용품 > 보관/밀폐용기
옥션2.0,C007927,기타보관/밀폐용기,C007928,3,주방용품 > 보관/밀폐용기 > 기타보관/밀폐용기
옥션2.0,C007929,김치통,C007928,3,주방용품 > 보관/밀폐용기 > 김치통
옥션2.0,C007930,도시락/찬합,C007928,3,주방용품 > 보관/밀폐용기 > 도시락/찬합
옥션2.0,C007931,물통/물병,C007928,3,주방용품 > 보관/밀폐용기 > 물통/물병
옥션2.0,C007932,밀폐용기,C007928,3,주방용품 > 보관/밀폐용기 > 밀폐용기
옥션2.0,C007933,밧드/반찬통,C007928,3,주방용품 > 보관/밀폐용기 > 밧드/반찬통
옥션2.0,C007934,보온병/보냉병,C007928,3,주방용품 > 보관/밀폐용기 > 보온병/보냉병
옥션2.0,C007935,소스병,C007928,3,주방용품 > 보관/밀폐용기 > 소스병
옥션2.0,C007936,술병,C007928,3,주방용품 > 보관/밀폐용기 > 술병
옥션2.0,C007937,시리얼디스펜서,C007928,3,주방용품 > 보관/밀폐용기 > 시리얼디스펜서
옥션2.0,C007938,쌀통,C007928,3,주방용품 > 보관/밀폐용기 > 쌀통
옥션2.0,C007939,아이스트레이,C007928,3,주방용품 > 보관/밀폐용기 > 아이스트레이
옥션2.0,C007940,양념통,C007928,3,주방용품 > 보관/밀폐용기 > 양념통
옥션2.0,C007941,쟁반,C007928,3,주방용품 > 보관/밀폐용기 > 쟁반
옥션2.0,C007942,항아리,C007928,3,주방용품 > 보관/밀폐용기 > 항아리
옥션2.0,C007944,수저/포크,C007919,2,주방용품 > 수저/포크
옥션2.0,C007943,나이프,C007944,3,주방용품 > 수저/포크 > 나이프
옥션2.0,C007945,수저받침,C007944,3,주방용품 > 수저/포크 > 수저받침
옥션2.0,C007946,수저세트,C007944,3,주방용품 > 수저/포크 > 수저세트
옥션2.0,C007947,숟가락/젓가락,C007944,3,주방용품 > 수저/포크 > 숟가락/젓가락
옥션2.0,C007948,양식기세트,C007944,3,주방용품 > 수저/포크 > 양식기세트
옥션2.0,C007949,티스푼,C007944,3,주방용품 > 수저/포크 > 티스푼
옥션2.0,C007950,티스푼/포크세트,C007944,3,주방용품 > 수저/포크 > 티스푼/포크세트
옥션2.0,C007951,티포크,C007944,3,주방용품 > 수저/포크 > 티포크
옥션2.0,C007952,포크,C007944,3,주방용품 > 수저/포크 > 포크
옥션2.0,C007954,식기,C007919,2,주방용품 > 식기
옥션2.0,C007953,공기,C007954,3,주방용품 > 식기 > 공기
옥션2.0,C007955,기타식기,C007954,3,주방용품 > 식기 > 기타식기
옥션2.0,C007956,대접,C007954,3,주방용품 > 식기 > 대접
옥션2.0,C007957,면기,C007954,3,주방용품 > 식기 > 면기
옥션2.0,C007958,식기세트,C007954,3,주방용품 > 식기 > 식기세트
옥션2.0,C007959,식판,C007954,3,주방용품 > 식기 > 식판
옥션2.0,C007960,접시,C007954,3,주방용품 > 식기 > 접시
옥션2.0,C007961,찬기,C007954,3,주방용품 > 식기 > 찬기
옥션2.0,C007963,와인용품,C007919,2,주방용품 > 와인용품
옥션2.0,C007962,기타와인용품,C007963,3,주방용품 > 와인용품 > 기타와인용품
옥션2.0,C007964,와인디캔터,C007963,3,주방용품 > 와인용품 > 와인디캔터
옥션2.0,C007965,와인랙,C007963,3,주방용품 > 와인용품 > 와인랙
옥션2.0,C007966,와인스토퍼,C007963,3,주방용품 > 와인용품 > 와인스토퍼
옥션2.0,C007967,와인오프너,C007963,3,주방용품 > 와인용품 > 와인오프너
옥션2.0,C007968,와인쿨러/버킷,C007963,3,주방용품 > 와인용품 > 와인쿨러/버킷
옥션2.0,C007970,제과/제빵도구,C007919,2,주방용품 > 제과/제빵도구
옥션2.0,C007969,계량스푼/컵/스쿱,C007970,3,주방용품 > 제과/제빵도구 > 계량스푼/컵/스쿱
옥션2.0,C007971,기타제과/제빵도구,C007970,3,주방용품 > 제과/제빵도구 > 기타제과/제빵도구
옥션2.0,C007972,베이킹컵,C007970,3,주방용품 > 제과/제빵도구 > 베이킹컵
옥션2.0,C007973,베이킹틀,C007970,3,주방용품 > 제과/제빵도구 > 베이킹틀
옥션2.0,C007974,베이킹팬,C007970,3,주방용품 > 제과/제빵도구 > 베이킹팬
옥션2.0,C007975,빵칼/스크래퍼,C007970,3,주방용품 > 제과/제빵도구 > 빵칼/스크래퍼
옥션2.0,C007976,유산지/베이킹매트,C007970,3,주방용품 > 제과/제빵도구 > 유산지/베이킹매트
옥션2.0,C007977,조리용온도계,C007970,3,주방용품 > 제과/제빵도구 > 조리용온도계
옥션2.0,C007978,주방저울,C007970,3,주방용품 > 제과/제빵도구 > 주방저울
옥션2.0,C007979,짤주머니/반죽밀대,C007970,3,주방용품 > 제과/제빵도구 > 짤주머니/반죽밀대
옥션2.0,C007980,케익스탠드/트레이,C007970,3,주방용품 > 제과/제빵도구 > 케익스탠드/트레이
옥션2.0,C007981,쿠키커터,C007970,3,주방용품 > 제과/제빵도구 > 쿠키커터
옥션2.0,C007982,쿠킹타이머,C007970,3,주방용품 > 제과/제빵도구 > 쿠킹타이머
옥션2.0,C007984,제수용품,C007919,2,주방용품 > 제수용품
옥션2.0,C007983,기타제수용품,C007984,3,주방용품 > 제수용품 > 기타제수용품
옥션2.0,C007985,병풍/제사용돗자리,C007984,3,주방용품 > 제수용품 > 병풍/제사용돗자리
옥션2.0,C007986,제기세트,C007984,3,주방용품 > 제수용품 > 제기세트
옥션2.0,C007987,제기함,C007984,3,주방용품 > 제수용품 > 제기함
옥션2.0,C007988,제사용향/초,C007984,3,주방용품 > 제수용품 > 제사용향/초
옥션2.0,C007990,조리도구,C007919,2,주방용품 > 조리도구
옥션2.0,C007989,거품기,C007990,3,주방용품 > 조리도구 > 거품기
옥션2.0,C007991,국자,C007990,3,주방용품 > 조리도구 > 국자
옥션2.0,C007992,기타조리도구,C007990,3,주방용품 > 조리도구 > 기타조리도구
옥션2.0,C007993,김밥/주먹밥틀,C007990,3,주방용품 > 조리도구 > 김밥/주먹밥틀
옥션2.0,C007994,다시망,C007990,3,주방용품 > 조리도구 > 다시망
옥션2.0,C007995,도마,C007990,3,주방용품 > 조리도구 > 도마
옥션2.0,C007996,뒤집개,C007990,3,주방용품 > 조리도구 > 뒤집개
옥션2.0,C007997,믹싱볼,C007990,3,주방용품 > 조리도구 > 믹싱볼
옥션2.0,C007998,야채탈수기,C007990,3,주방용품 > 조리도구 > 야채탈수기
옥션2.0,C007999,주걱,C007990,3,주방용품 > 조리도구 > 주걱
옥션2.0,C008000,주방집게,C007990,3,주방용품 > 조리도구 > 주방집게
옥션2.0,C008001,찜기,C007990,3,주방용품 > 조리도구 > 찜기
옥션2.0,C008002,착즙기,C007990,3,주방용품 > 조리도구 > 착즙기
옥션2.0,C008003,채반,C007990,3,주방용품 > 조리도구 > 채반
옥션2.0,C008004,키친툴세트,C007990,3,주방용품 > 조리도구 > 키친툴세트
옥션2.0,C008006,주방소모품,C007919,2,주방용품 > 주방소모품
옥션2.0,C008005,고무장갑,C008006,3,주방용품 > 주방소모품 > 고무장갑
옥션2.0,C008007,기타주방소모품,C008006,3,주방용품 > 주방소모품 > 기타주방소모품
옥션2.0,C008008,김장비닐,C008006,3,주방용품 > 주방소모품 > 김장비닐
옥션2.0,C008009,랩,C008006,3,주방용품 > 주방소모품 > 랩
옥션2.0,C008010,롤백,C008006,3,주방용품 > 주방소모품 > 롤백
옥션2.0,C008011,비닐봉투,C008006,3,주방용품 > 주방소모품 > 비닐봉투
옥션2.0,C008012,수세미,C008006,3,주방용품 > 주방소모품 > 수세미
옥션2.0,C008013,쓰레기봉투,C008006,3,주방용품 > 주방소모품 > 쓰레기봉투
옥션2.0,C008014,위생장갑,C008006,3,주방용품 > 주방소모품 > 위생장갑
옥션2.0,C008015,지퍼백,C008006,3,주방용품 > 주방소모품 > 지퍼백
옥션2.0,C008016,행주,C008006,3,주방용품 > 주방소모품 > 행주
옥션2.0,C008017,호일,C008006,3,주방용품 > 주방소모품 > 호일
옥션2.0,C008019,주방잡화,C007919,2,주방용품 > 주방잡화
옥션2.0,C008018,기타주방잡화,C008019,3,주방용품 > 주방잡화 > 기타주방잡화
옥션2.0,C008020,김장매트,C008019,3,주방용품 > 주방잡화 > 김장매트
옥션2.0,C008021,냄비받침,C008019,3,주방용품 > 주방잡화 > 냄비받침
옥션2.0,C008022,밥상보,C008019,3,주방용품 > 주방잡화 > 밥상보
옥션2.0,C008023,설거지통,C008019,3,주방용품 > 주방잡화 > 설거지통
옥션2.0,C008024,식탁매트,C008019,3,주방용품 > 주방잡화 > 식탁매트
옥션2.0,C008025,싱크대거름망,C008019,3,주방용품 > 주방잡화 > 싱크대거름망
옥션2.0,C008026,싱크대물막이,C008019,3,주방용품 > 주방잡화 > 싱크대물막이
옥션2.0,C008027,앞치마,C008019,3,주방용품 > 주방잡화 > 앞치마
옥션2.0,C008028,조리복/위생모자,C008019,3,주방용품 > 주방잡화 > 조리복/위생모자
옥션2.0,C008029,종이컵디스펜서,C008019,3,주방용품 > 주방잡화 > 종이컵디스펜서
옥션2.0,C008030,주방매트,C008019,3,주방용품 > 주방잡화 > 주방매트
옥션2.0,C008031,주방세척솔,C008019,3,주방용품 > 주방잡화 > 주방세척솔
옥션2.0,C008032,주방장갑,C008019,3,주방용품 > 주방잡화 > 주방장갑
옥션2.0,C008033,컵받침,C008019,3,주방용품 > 주방잡화 > 컵받침
옥션2.0,C008034,프라이팬덮개,C008019,3,주방용품 > 주방잡화 > 프라이팬덮개
옥션2.0,C008036,주방정리용품,C007919,2,주방용품 > 주방정리용품
옥션2.0,C008035,기타주방정리용품,C008036,3,주방용품 > 주방정리용품 > 기타주방정리용품
옥션2.0,C008037,냉장고선반/트레이,C008036,3,주방용품 > 주방정리용품 > 냉장고선반/트레이
옥션2.0,C008038,도마꽂이,C008036,3,주방용품 > 주방정리용품 > 도마꽂이
옥션2.0,C008039,수저통,C008036,3,주방용품 > 주방정리용품 > 수저통
옥션2.0,C008040,식기건조대,C008036,3,주방용품 > 주방정리용품 > 식기건조대
옥션2.0,C008041,싱크롤,C008036,3,주방용품 > 주방정리용품 > 싱크롤
옥션2.0,C008042,접시정리대,C008036,3,주방용품 > 주방정리용품 > 접시정리대
옥션2.0,C008043,주방걸이,C008036,3,주방용품 > 주방정리용품 > 주방걸이
옥션2.0,C008044,주방선반,C008036,3,주방용품 > 주방정리용품 > 주방선반
옥션2.0,C008045,칼꽂이,C008036,3,주방용품 > 주방정리용품 > 칼꽂이
옥션2.0,C008046,컵걸이,C008036,3,주방용품 > 주방정리용품 > 컵걸이
옥션2.0,C008047,프라이팬정리대,C008036,3,주방용품 > 주방정리용품 > 프라이팬정리대
옥션2.0,C008049,주전자/티포트,C007919,2,주방용품 > 주전자/티포트
옥션2.0,C008048,주전자,C008049,3,주방용품 > 주전자/티포트 > 주전자
옥션2.0,C008050,차거름망,C008049,3,주방용품 > 주전자/티포트 > 차거름망
옥션2.0,C008051,티포트,C008049,3,주방용품 > 주전자/티포트 > 티포트
옥션2.0,C008053,칼/커팅기구,C007919,2,주방용품 > 칼/커팅기구
옥션2.0,C008052,강판,C008053,3,주방용품 > 칼/커팅기구 > 강판
옥션2.0,C008054,기타칼/커팅기구,C008053,3,주방용품 > 칼/커팅기구 > 기타칼/커팅기구
옥션2.0,C008055,다지기,C008053,3,주방용품 > 칼/커팅기구 > 다지기
옥션2.0,C008056,절구/맷돌,C008053,3,주방용품 > 칼/커팅기구 > 절구/맷돌
옥션2.0,C008057,주방가위,C008053,3,주방용품 > 칼/커팅기구 > 주방가위
옥션2.0,C008058,채칼/필러,C008053,3,주방용품 > 칼/커팅기구 > 채칼/필러
옥션2.0,C008059,칼,C008053,3,주방용품 > 칼/커팅기구 > 칼
옥션2.0,C008060,칼갈이,C008053,3,주방용품 > 칼/커팅기구 > 칼갈이
옥션2.0,C008062,커피용품,C007919,2,주방용품 > 커피용품
옥션2.0,C008061,기타커피용품,C008062,3,주방용품 > 커피용품 > 기타커피용품
옥션2.0,C008063,드립포트/서버,C008062,3,주방용품 > 커피용품 > 드립포트/서버
옥션2.0,C008064,스팀피쳐/저그,C008062,3,주방용품 > 커피용품 > 스팀피쳐/저그
옥션2.0,C008065,여과지,C008062,3,주방용품 > 커피용품 > 여과지
옥션2.0,C008066,커피보관용기,C008062,3,주방용품 > 커피용품 > 커피보관용기
옥션2.0,C008067,커피여과기,C008062,3,주방용품 > 커피용품 > 커피여과기
옥션2.0,C008068,커피추출기,C008062,3,주방용품 > 커피용품 > 커피추출기
옥션2.0,C008069,템퍼,C008062,3,주방용품 > 커피용품 > 템퍼
옥션2.0,C008070,핸드드리퍼,C008062,3,주방용품 > 커피용품 > 핸드드리퍼
옥션2.0,C008071,핸드밀,C008062,3,주방용품 > 커피용품 > 핸드밀
옥션2.0,C008073,컵/잔,C007919,2,주방용품 > 컵/잔
옥션2.0,C008072,기타컵/잔,C008073,3,주방용품 > 컵/잔 > 기타컵/잔
옥션2.0,C008074,다기세트,C008073,3,주방용품 > 컵/잔 > 다기세트
옥션2.0,C008075,머그,C008073,3,주방용품 > 컵/잔 > 머그
옥션2.0,C008076,물컵,C008073,3,주방용품 > 컵/잔 > 물컵
옥션2.0,C008077,술잔,C008073,3,주방용품 > 컵/잔 > 술잔
옥션2.0,C008078,찻잔,C008073,3,주방용품 > 컵/잔 > 찻잔
옥션2.0,C008079,찻잔세트,C008073,3,주방용품 > 컵/잔 > 찻잔세트
옥션2.0,C008080,텀블러,C008073,3,주방용품 > 컵/잔 > 텀블러
옥션2.0,C008082,프라이팬,C007919,2,주방용품 > 프라이팬
옥션2.0,C008081,구이팬,C008082,3,주방용품 > 프라이팬 > 구이팬
옥션2.0,C008083,궁중팬,C008082,3,주방용품 > 프라이팬 > 궁중팬
옥션2.0,C008084,양면팬,C008082,3,주방용품 > 프라이팬 > 양면팬
옥션2.0,C008085,일반프라이팬,C008082,3,주방용품 > 프라이팬 > 일반프라이팬
옥션2.0,C008086,프라이팬세트,C008082,3,주방용품 > 프라이팬 > 프라이팬세트
옥션2.0,C008089,쥬얼리/시계,ROOT,1,쥬얼리/시계
옥션2.0,C008088,14K/18K쥬얼리,C008089,2,쥬얼리/시계 > 14K/18K쥬얼리
옥션2.0,C008087,귀걸이,C008088,3,쥬얼리/시계 > 14K/18K쥬얼리 > 귀걸이
옥션2.0,C008090,목걸이,C008088,3,쥬얼리/시계 > 14K/18K쥬얼리 > 목걸이
옥션2.0,C008091,반지,C008088,3,쥬얼리/시계 > 14K/18K쥬얼리 > 반지
옥션2.0,C008092,쥬얼리세트,C008088,3,쥬얼리/시계 > 14K/18K쥬얼리 > 쥬얼리세트
옥션2.0,C008093,커플링,C008088,3,쥬얼리/시계 > 14K/18K쥬얼리 > 커플링
옥션2.0,C008094,팔찌/발찌,C008088,3,쥬얼리/시계 > 14K/18K쥬얼리 > 팔찌/발찌
옥션2.0,C008095,펜던트,C008088,3,쥬얼리/시계 > 14K/18K쥬얼리 > 펜던트
옥션2.0,C008097,가발,C008089,2,쥬얼리/시계 > 가발
옥션2.0,C008096,가발소품,C008097,3,쥬얼리/시계 > 가발 > 가발소품
옥션2.0,C008098,곱창가발,C008097,3,쥬얼리/시계 > 가발 > 곱창가발
옥션2.0,C008099,남자가발,C008097,3,쥬얼리/시계 > 가발 > 남자가발
옥션2.0,C008100,부분가발/헤어피스,C008097,3,쥬얼리/시계 > 가발 > 부분가발/헤어피스
옥션2.0,C008101,통가발,C008097,3,쥬얼리/시계 > 가발 > 통가발
옥션2.0,C008103,귀걸이,C008089,2,쥬얼리/시계 > 귀걸이
옥션2.0,C008102,실버/은침,C008103,3,쥬얼리/시계 > 귀걸이 > 실버/은침
옥션2.0,C008104,이어커프/귀찌,C008103,3,쥬얼리/시계 > 귀걸이 > 이어커프/귀찌
옥션2.0,C008105,진주/보석,C008103,3,쥬얼리/시계 > 귀걸이 > 진주/보석
옥션2.0,C008106,패션귀걸이,C008103,3,쥬얼리/시계 > 귀걸이 > 패션귀걸이
옥션2.0,C008107,피어싱,C008103,3,쥬얼리/시계 > 귀걸이 > 피어싱
옥션2.0,C008109,남성용쥬얼리,C008089,2,쥬얼리/시계 > 남성용쥬얼리
옥션2.0,C008108,귀걸이/피어싱,C008109,3,쥬얼리/시계 > 남성용쥬얼리 > 귀걸이/피어싱
옥션2.0,C008110,넥타이핀,C008109,3,쥬얼리/시계 > 남성용쥬얼리 > 넥타이핀
옥션2.0,C008111,목걸이,C008109,3,쥬얼리/시계 > 남성용쥬얼리 > 목걸이
옥션2.0,C008112,반지,C008109,3,쥬얼리/시계 > 남성용쥬얼리 > 반지
옥션2.0,C008113,체인,C008109,3,쥬얼리/시계 > 남성용쥬얼리 > 체인
옥션2.0,C008114,커프스/버튼,C008109,3,쥬얼리/시계 > 남성용쥬얼리 > 커프스/버튼
옥션2.0,C008115,팔찌,C008109,3,쥬얼리/시계 > 남성용쥬얼리 > 팔찌
옥션2.0,C008117,목걸이/펜던트,C008089,2,쥬얼리/시계 > 목걸이/펜던트
옥션2.0,C008116,실버목걸이,C008117,3,쥬얼리/시계 > 목걸이/펜던트 > 실버목걸이
옥션2.0,C008118,유색보석목걸이,C008117,3,쥬얼리/시계 > 목걸이/펜던트 > 유색보석목걸이
옥션2.0,C008119,이니셜목걸이,C008117,3,쥬얼리/시계 > 목걸이/펜던트 > 이니셜목걸이
옥션2.0,C008120,진주목걸이,C008117,3,쥬얼리/시계 > 목걸이/펜던트 > 진주목걸이
옥션2.0,C008121,패션목걸이,C008117,3,쥬얼리/시계 > 목걸이/펜던트 > 패션목걸이
옥션2.0,C008122,펜던트,C008117,3,쥬얼리/시계 > 목걸이/펜던트 > 펜던트
옥션2.0,C008124,반지,C008089,2,쥬얼리/시계 > 반지
옥션2.0,C008123,실버반지,C008124,3,쥬얼리/시계 > 반지 > 실버반지
옥션2.0,C008125,유색보석반지,C008124,3,쥬얼리/시계 > 반지 > 유색보석반지
옥션2.0,C008126,진주반지,C008124,3,쥬얼리/시계 > 반지 > 진주반지
옥션2.0,C008127,패션반지,C008124,3,쥬얼리/시계 > 반지 > 패션반지
옥션2.0,C008129,브로치/배지,C008089,2,쥬얼리/시계 > 브로치/배지
옥션2.0,C008128,엔틱/큐빅,C008129,3,쥬얼리/시계 > 브로치/배지 > 엔틱/큐빅
옥션2.0,C008130,와펜/패치,C008129,3,쥬얼리/시계 > 브로치/배지 > 와펜/패치
옥션2.0,C008131,진주/보석/밍크털,C008129,3,쥬얼리/시계 > 브로치/배지 > 진주/보석/밍크털
옥션2.0,C008132,패션 브로치/배지,C008129,3,쥬얼리/시계 > 브로치/배지 > 패션 브로치/배지
옥션2.0,C008134,선글라스,C008089,2,쥬얼리/시계 > 선글라스
옥션2.0,C008133,남녀공용,C008134,3,쥬얼리/시계 > 선글라스 > 남녀공용
옥션2.0,C008135,남성용,C008134,3,쥬얼리/시계 > 선글라스 > 남성용
옥션2.0,C008136,스포글라스,C008134,3,쥬얼리/시계 > 선글라스 > 스포글라스
옥션2.0,C008137,여성용,C008134,3,쥬얼리/시계 > 선글라스 > 여성용
옥션2.0,C008139,순금/돌반지,C008089,2,쥬얼리/시계 > 순금/돌반지
옥션2.0,C008138,골드바,C008139,3,쥬얼리/시계 > 순금/돌반지 > 골드바
옥션2.0,C008140,돌반지/팔찌,C008139,3,쥬얼리/시계 > 순금/돌반지 > 돌반지/팔찌
옥션2.0,C008141,목걸이/메달,C008139,3,쥬얼리/시계 > 순금/돌반지 > 목걸이/메달
옥션2.0,C008142,반지,C008139,3,쥬얼리/시계 > 순금/돌반지 > 반지
옥션2.0,C008143,순금기념품,C008139,3,쥬얼리/시계 > 순금/돌반지 > 순금기념품
옥션2.0,C008144,순금기타,C008139,3,쥬얼리/시계 > 순금/돌반지 > 순금기타
옥션2.0,C008145,실버바,C008139,3,쥬얼리/시계 > 순금/돌반지 > 실버바
옥션2.0,C008146,팔찌/체인,C008139,3,쥬얼리/시계 > 순금/돌반지 > 팔찌/체인
옥션2.0,C008148,스포츠/캐릭터시계,C008089,2,쥬얼리/시계 > 스포츠/캐릭터시계
옥션2.0,C008147,스탑워치/타이머,C008148,3,쥬얼리/시계 > 스포츠/캐릭터시계 > 스탑워치/타이머
옥션2.0,C008149,스포츠시계,C008148,3,쥬얼리/시계 > 스포츠/캐릭터시계 > 스포츠시계
옥션2.0,C008150,캐릭터시계,C008148,3,쥬얼리/시계 > 스포츠/캐릭터시계 > 캐릭터시계
옥션2.0,C008152,아동용쥬얼리,C008089,2,쥬얼리/시계 > 아동용쥬얼리
옥션2.0,C008151,목걸이/펜던트,C008152,3,쥬얼리/시계 > 아동용쥬얼리 > 목걸이/펜던트
옥션2.0,C008153,미아방지용쥬얼리,C008152,3,쥬얼리/시계 > 아동용쥬얼리 > 미아방지용쥬얼리
옥션2.0,C008154,반지/팔찌,C008152,3,쥬얼리/시계 > 아동용쥬얼리 > 반지/팔찌
옥션2.0,C008155,세트/기타,C008152,3,쥬얼리/시계 > 아동용쥬얼리 > 세트/기타
옥션2.0,C008157,안경/선글라스소품,C008089,2,쥬얼리/시계 > 안경/선글라스소품
옥션2.0,C008156,안경닦이/안경클리너,C008157,3,쥬얼리/시계 > 안경/선글라스소품 > 안경닦이/안경클리너
옥션2.0,C008158,안경줄/안경소품,C008157,3,쥬얼리/시계 > 안경/선글라스소품 > 안경줄/안경소품
옥션2.0,C008159,안경케이스,C008157,3,쥬얼리/시계 > 안경/선글라스소품 > 안경케이스
옥션2.0,C008161,안경테,C008089,2,쥬얼리/시계 > 안경테
옥션2.0,C008160,금속테,C008161,3,쥬얼리/시계 > 안경테 > 금속테
옥션2.0,C008162,무테,C008161,3,쥬얼리/시계 > 안경테 > 무테
옥션2.0,C008163,뿔테,C008161,3,쥬얼리/시계 > 안경테 > 뿔테
옥션2.0,C008165,예물/다이아몬드,C008089,2,쥬얼리/시계 > 예물/다이아몬드
옥션2.0,C008164,귀걸이,C008165,3,쥬얼리/시계 > 예물/다이아몬드 > 귀걸이
옥션2.0,C008166,목걸이,C008165,3,쥬얼리/시계 > 예물/다이아몬드 > 목걸이
옥션2.0,C008167,반지,C008165,3,쥬얼리/시계 > 예물/다이아몬드 > 반지
옥션2.0,C008168,세트,C008165,3,쥬얼리/시계 > 예물/다이아몬드 > 세트
옥션2.0,C008169,커플링,C008165,3,쥬얼리/시계 > 예물/다이아몬드 > 커플링
옥션2.0,C008171,쥬얼리세트,C008089,2,쥬얼리/시계 > 쥬얼리세트
옥션2.0,C008170,실버쥬얼리,C008171,3,쥬얼리/시계 > 쥬얼리세트 > 실버쥬얼리
옥션2.0,C008172,진주/보석,C008171,3,쥬얼리/시계 > 쥬얼리세트 > 진주/보석
옥션2.0,C008173,패션쥬얼리,C008171,3,쥬얼리/시계 > 쥬얼리세트 > 패션쥬얼리
옥션2.0,C008175,쥬얼리소품,C008089,2,쥬얼리/시계 > 쥬얼리소품
옥션2.0,C008174,귀걸이진열대,C008175,3,쥬얼리/시계 > 쥬얼리소품 > 귀걸이진열대
옥션2.0,C008176,라이터,C008175,3,쥬얼리/시계 > 쥬얼리소품 > 라이터
옥션2.0,C008177,만년필/볼펜,C008175,3,쥬얼리/시계 > 쥬얼리소품 > 만년필/볼펜
옥션2.0,C008178,묵주/염주,C008175,3,쥬얼리/시계 > 쥬얼리소품 > 묵주/염주
옥션2.0,C008179,보석함,C008175,3,쥬얼리/시계 > 쥬얼리소품 > 보석함
옥션2.0,C008180,세척제/소품기타,C008175,3,쥬얼리/시계 > 쥬얼리소품 > 세척제/소품기타
옥션2.0,C008181,시계보관함,C008175,3,쥬얼리/시계 > 쥬얼리소품 > 시계보관함
옥션2.0,C008182,액세서리부자재,C008175,3,쥬얼리/시계 > 쥬얼리소품 > 액세서리부자재
옥션2.0,C008183,휴대폰줄/열쇠고리,C008175,3,쥬얼리/시계 > 쥬얼리소품 > 휴대폰줄/열쇠고리
옥션2.0,C008185,커플용쥬얼리,C008089,2,쥬얼리/시계 > 커플용쥬얼리
옥션2.0,C008184,커플링-패션/실버,C008185,3,쥬얼리/시계 > 커플용쥬얼리 > 커플링-패션/실버
옥션2.0,C008186,커플목걸이,C008185,3,쥬얼리/시계 > 커플용쥬얼리 > 커플목걸이
옥션2.0,C008188,팔찌/발찌,C008089,2,쥬얼리/시계 > 팔찌/발찌
옥션2.0,C008187,뱅글/메탈,C008188,3,쥬얼리/시계 > 팔찌/발찌 > 뱅글/메탈
옥션2.0,C008189,보석팔찌,C008188,3,쥬얼리/시계 > 팔찌/발찌 > 보석팔찌
옥션2.0,C008190,실버팔찌,C008188,3,쥬얼리/시계 > 팔찌/발찌 > 실버팔찌
옥션2.0,C008191,패션발찌,C008188,3,쥬얼리/시계 > 팔찌/발찌 > 패션발찌
옥션2.0,C008192,패션팔찌,C008188,3,쥬얼리/시계 > 팔찌/발찌 > 패션팔찌
옥션2.0,C008194,패션시계,C008089,2,쥬얼리/시계 > 패션시계
옥션2.0,C008193,가죽밴드시계,C008194,3,쥬얼리/시계 > 패션시계 > 가죽밴드시계
옥션2.0,C008195,남녀공용,C008194,3,쥬얼리/시계 > 패션시계 > 남녀공용
옥션2.0,C008196,남성용,C008194,3,쥬얼리/시계 > 패션시계 > 남성용
옥션2.0,C008197,메탈밴드시계,C008194,3,쥬얼리/시계 > 패션시계 > 메탈밴드시계
옥션2.0,C008198,목걸이/회중시계,C008194,3,쥬얼리/시계 > 패션시계 > 목걸이/회중시계
옥션2.0,C008199,뱅글/팔찌시계,C008194,3,쥬얼리/시계 > 패션시계 > 뱅글/팔찌시계
옥션2.0,C008200,시계줄/시계공구,C008194,3,쥬얼리/시계 > 패션시계 > 시계줄/시계공구
옥션2.0,C008201,여성용,C008194,3,쥬얼리/시계 > 패션시계 > 여성용
옥션2.0,C008202,젤리/우레탄밴드시계,C008194,3,쥬얼리/시계 > 패션시계 > 젤리/우레탄밴드시계
옥션2.0,C008203,커플시계,C008194,3,쥬얼리/시계 > 패션시계 > 커플시계
옥션2.0,C008205,헤어액세서리,C008089,2,쥬얼리/시계 > 헤어액세서리
옥션2.0,C008204,머리끈/포니테일,C008205,3,쥬얼리/시계 > 헤어액세서리 > 머리끈/포니테일
옥션2.0,C008206,유아동 헤어악세서리,C008205,3,쥬얼리/시계 > 헤어액세서리 > 유아동 헤어악세서리
옥션2.0,C008207,헤어밴드,C008205,3,쥬얼리/시계 > 헤어액세서리 > 헤어밴드
옥션2.0,C008208,헤어집게핀/기타,C008205,3,쥬얼리/시계 > 헤어액세서리 > 헤어집게핀/기타
옥션2.0,C008209,헤어핀,C008205,3,쥬얼리/시계 > 헤어액세서리 > 헤어핀
옥션2.0,C008212,침구/커튼,ROOT,1,침구/커튼
옥션2.0,C008211,방석/쿠션,C008212,2,침구/커튼 > 방석/쿠션
옥션2.0,C008210,기능성방석,C008211,3,침구/커튼 > 방석/쿠션 > 기능성방석
옥션2.0,C008213,기능성쿠션,C008211,3,침구/커튼 > 방석/쿠션 > 기능성쿠션
옥션2.0,C008214,대방석,C008211,3,침구/커튼 > 방석/쿠션 > 대방석
옥션2.0,C008215,대쿠션,C008211,3,침구/커튼 > 방석/쿠션 > 대쿠션
옥션2.0,C008216,등받이쿠션,C008211,3,침구/커튼 > 방석/쿠션 > 등받이쿠션
옥션2.0,C008217,목쿠션,C008211,3,침구/커튼 > 방석/쿠션 > 목쿠션
옥션2.0,C008218,바디필로우,C008211,3,침구/커튼 > 방석/쿠션 > 바디필로우
옥션2.0,C008219,방석,C008211,3,침구/커튼 > 방석/쿠션 > 방석
옥션2.0,C008220,죽부인,C008211,3,침구/커튼 > 방석/쿠션 > 죽부인
옥션2.0,C008221,쿠션,C008211,3,침구/커튼 > 방석/쿠션 > 쿠션
옥션2.0,C008222,헤드쿠션,C008211,3,침구/커튼 > 방석/쿠션 > 헤드쿠션
옥션2.0,C008224,베개/베개커버,C008212,2,침구/커튼 > 베개/베개커버
옥션2.0,C008223,경침/목침,C008224,3,침구/커튼 > 베개/베개커버 > 경침/목침
옥션2.0,C008225,베개,C008224,3,침구/커튼 > 베개/베개커버 > 베개
옥션2.0,C008226,베개커버,C008224,3,침구/커튼 > 베개/베개커버 > 베개커버
옥션2.0,C008228,블라인드,C008212,2,침구/커튼 > 블라인드
옥션2.0,C008227,롤스크린,C008228,3,침구/커튼 > 블라인드 > 롤스크린
옥션2.0,C008229,문발,C008228,3,침구/커튼 > 블라인드 > 문발
옥션2.0,C008230,버티컬,C008228,3,침구/커튼 > 블라인드 > 버티컬
옥션2.0,C008231,블라인드,C008228,3,침구/커튼 > 블라인드 > 블라인드
옥션2.0,C008233,솜,C008212,2,침구/커튼 > 솜
옥션2.0,C008232,방석솜,C008233,3,침구/커튼 > 솜 > 방석솜
옥션2.0,C008234,베개솜,C008233,3,침구/커튼 > 솜 > 베개솜
옥션2.0,C008235,요솜,C008233,3,침구/커튼 > 솜 > 요솜
옥션2.0,C008236,이불솜,C008233,3,침구/커튼 > 솜 > 이불솜
옥션2.0,C008237,쿠션솜,C008233,3,침구/커튼 > 솜 > 쿠션솜
옥션2.0,C008239,수예용품,C008212,2,침구/커튼 > 수예용품
옥션2.0,C008238,기타수예용품,C008239,3,침구/커튼 > 수예용품 > 기타수예용품
옥션2.0,C008240,뜨개실,C008239,3,침구/커튼 > 수예용품 > 뜨개실
옥션2.0,C008241,바느질용품,C008239,3,침구/커튼 > 수예용품 > 바느질용품
옥션2.0,C008242,비즈/리본,C008239,3,침구/커튼 > 수예용품 > 비즈/리본
옥션2.0,C008243,십자수,C008239,3,침구/커튼 > 수예용품 > 십자수
옥션2.0,C008244,퀼트용품,C008239,3,침구/커튼 > 수예용품 > 퀼트용품
옥션2.0,C008245,패브릭원단,C008239,3,침구/커튼 > 수예용품 > 패브릭원단
옥션2.0,C008246,펠트용품,C008239,3,침구/커튼 > 수예용품 > 펠트용품
옥션2.0,C008248,아동침구,C008212,2,침구/커튼 > 아동침구
옥션2.0,C008247,낮잠이불,C008248,3,침구/커튼 > 아동침구 > 낮잠이불
옥션2.0,C008249,방수요,C008248,3,침구/커튼 > 아동침구 > 방수요
옥션2.0,C008250,아동베개/커버,C008248,3,침구/커튼 > 아동침구 > 아동베개/커버
옥션2.0,C008251,아동요/패드,C008248,3,침구/커튼 > 아동침구 > 아동요/패드
옥션2.0,C008252,아동이불,C008248,3,침구/커튼 > 아동침구 > 아동이불
옥션2.0,C008253,아동침구세트,C008248,3,침구/커튼 > 아동침구 > 아동침구세트
옥션2.0,C008254,아동카페트,C008248,3,침구/커튼 > 아동침구 > 아동카페트
옥션2.0,C008256,이불,C008212,2,침구/커튼 > 이불
옥션2.0,C008255,담요,C008256,3,침구/커튼 > 이불 > 담요
옥션2.0,C008257,이불커버,C008256,3,침구/커튼 > 이불 > 이불커버
옥션2.0,C008258,차렵이불,C008256,3,침구/커튼 > 이불 > 차렵이불
옥션2.0,C008259,홑이불,C008256,3,침구/커튼 > 이불 > 홑이불
옥션2.0,C008261,침구세트,C008212,2,침구/커튼 > 침구세트
옥션2.0,C008260,이불베개세트,C008261,3,침구/커튼 > 침구세트 > 이불베개세트
옥션2.0,C008262,이불토퍼세트,C008261,3,침구/커튼 > 침구세트 > 이불토퍼세트
옥션2.0,C008263,이불패드세트,C008261,3,침구/커튼 > 침구세트 > 이불패드세트
옥션2.0,C008264,침대커버세트,C008261,3,침구/커튼 > 침구세트 > 침대커버세트
옥션2.0,C008265,혼수예단세트,C008261,3,침구/커튼 > 침구세트 > 혼수예단세트
옥션2.0,C008267,침대/매트커버,C008212,2,침구/커튼 > 침대/매트커버
옥션2.0,C008266,매트커버,C008267,3,침구/커튼 > 침대/매트커버 > 매트커버
옥션2.0,C008268,침대커버,C008267,3,침구/커튼 > 침대/매트커버 > 침대커버
옥션2.0,C008270,카페트/러그,C008212,2,침구/커튼 > 카페트/러그
옥션2.0,C008269,대자리/마작자리,C008270,3,침구/커튼 > 카페트/러그 > 대자리/마작자리
옥션2.0,C008271,러그,C008270,3,침구/커튼 > 카페트/러그 > 러그
옥션2.0,C008272,발매트,C008270,3,침구/커튼 > 카페트/러그 > 발매트
옥션2.0,C008273,왕골자리,C008270,3,침구/커튼 > 카페트/러그 > 왕골자리
옥션2.0,C008274,카페트,C008270,3,침구/커튼 > 카페트/러그 > 카페트
옥션2.0,C008276,커버류,C008212,2,침구/커튼 > 커버류
옥션2.0,C008275,기타커버류,C008276,3,침구/커튼 > 커버류 > 기타커버류
옥션2.0,C008277,냉장고커버,C008276,3,침구/커튼 > 커버류 > 냉장고커버
옥션2.0,C008278,러너,C008276,3,침구/커튼 > 커버류 > 러너
옥션2.0,C008279,선풍기커버,C008276,3,침구/커튼 > 커버류 > 선풍기커버
옥션2.0,C008280,소파커버,C008276,3,침구/커튼 > 커버류 > 소파커버
옥션2.0,C008281,소파패드,C008276,3,침구/커튼 > 커버류 > 소파패드
옥션2.0,C008282,식탁보,C008276,3,침구/커튼 > 커버류 > 식탁보
옥션2.0,C008283,에어컨커버,C008276,3,침구/커튼 > 커버류 > 에어컨커버
옥션2.0,C008284,의자커버,C008276,3,침구/커튼 > 커버류 > 의자커버
옥션2.0,C008285,티슈커버,C008276,3,침구/커튼 > 커버류 > 티슈커버
옥션2.0,C008287,커튼,C008212,2,침구/커튼 > 커튼
옥션2.0,C008286,로만쉐이드,C008287,3,침구/커튼 > 커튼 > 로만쉐이드
옥션2.0,C008288,바란스,C008287,3,침구/커튼 > 커튼 > 바란스
옥션2.0,C008289,캐노피,C008287,3,침구/커튼 > 커튼 > 캐노피
옥션2.0,C008290,커튼,C008287,3,침구/커튼 > 커튼 > 커튼
옥션2.0,C008291,커튼봉/레일,C008287,3,침구/커튼 > 커튼 > 커튼봉/레일
옥션2.0,C008292,커튼용품,C008287,3,침구/커튼 > 커튼 > 커튼용품
옥션2.0,C008294,토퍼/패드,C008212,2,침구/커튼 > 토퍼/패드
옥션2.0,C008293,간이매트,C008294,3,침구/커튼 > 토퍼/패드 > 간이매트
옥션2.0,C008295,요/요커버,C008294,3,침구/커튼 > 토퍼/패드 > 요/요커버
옥션2.0,C008296,침대패드,C008294,3,침구/커튼 > 토퍼/패드 > 침대패드
옥션2.0,C008297,쿨매트,C008294,3,침구/커튼 > 토퍼/패드 > 쿨매트
옥션2.0,C008298,토퍼,C008294,3,침구/커튼 > 토퍼/패드 > 토퍼
옥션2.0,C008301,카메라,ROOT,1,카메라
옥션2.0,C008300,CCTV,C008301,2,카메라 > CCTV
옥션2.0,C008299,CCTV카메라,C008300,3,카메라 > CCTV > CCTV카메라
옥션2.0,C008302,CCTV카메라용품,C008300,3,카메라 > CCTV > CCTV카메라용품
옥션2.0,C008304,디지털카메라,C008301,2,카메라 > 디지털카메라
옥션2.0,C008303,DSLR카메라,C008304,3,카메라 > 디지털카메라 > DSLR카메라
옥션2.0,C008305,미러리스카메라,C008304,3,카메라 > 디지털카메라 > 미러리스카메라
옥션2.0,C008306,일반디지털카메라,C008304,3,카메라 > 디지털카메라 > 일반디지털카메라
옥션2.0,C008308,렌즈용품,C008301,2,카메라 > 렌즈용품
옥션2.0,C008307,렌즈어댑터,C008308,3,카메라 > 렌즈용품 > 렌즈어댑터
옥션2.0,C008309,렌즈캡,C008308,3,카메라 > 렌즈용품 > 렌즈캡
옥션2.0,C008310,렌즈케이스,C008308,3,카메라 > 렌즈용품 > 렌즈케이스
옥션2.0,C008311,렌즈필터,C008308,3,카메라 > 렌즈용품 > 렌즈필터
옥션2.0,C008312,렌즈후드,C008308,3,카메라 > 렌즈용품 > 렌즈후드
옥션2.0,C008313,접사링,C008308,3,카메라 > 렌즈용품 > 접사링
옥션2.0,C008314,컨버젼렌즈,C008308,3,카메라 > 렌즈용품 > 컨버젼렌즈
옥션2.0,C008316,사진인화,C008301,2,카메라 > 사진인화
옥션2.0,C008315,인화서비스,C008316,3,카메라 > 사진인화 > 인화서비스
옥션2.0,C008318,삼각대용품,C008301,2,카메라 > 삼각대용품
옥션2.0,C008317,기타삼각대용품,C008318,3,카메라 > 삼각대용품 > 기타삼각대용품
옥션2.0,C008319,모노포드,C008318,3,카메라 > 삼각대용품 > 모노포드
옥션2.0,C008320,삼각대플레이트,C008318,3,카메라 > 삼각대용품 > 삼각대플레이트
옥션2.0,C008321,삼각대헤드,C008318,3,카메라 > 삼각대용품 > 삼각대헤드
옥션2.0,C008322,카메라삼각대,C008318,3,카메라 > 삼각대용품 > 카메라삼각대
옥션2.0,C008324,즉석카메라,C008301,2,카메라 > 즉석카메라
옥션2.0,C008323,즉석카메라,C008324,3,카메라 > 즉석카메라 > 즉석카메라
옥션2.0,C008326,촬영용품,C008301,2,카메라 > 촬영용품
옥션2.0,C008325,기타촬영용품,C008326,3,카메라 > 촬영용품 > 기타촬영용품
옥션2.0,C008327,동조기,C008326,3,카메라 > 촬영용품 > 동조기
옥션2.0,C008328,반사판,C008326,3,카메라 > 촬영용품 > 반사판
옥션2.0,C008329,소프트박스,C008326,3,카메라 > 촬영용품 > 소프트박스
옥션2.0,C008330,스튜디오세트,C008326,3,카메라 > 촬영용품 > 스튜디오세트
옥션2.0,C008331,촬영배경지,C008326,3,카메라 > 촬영용품 > 촬영배경지
옥션2.0,C008332,촬영스탠드,C008326,3,카메라 > 촬영용품 > 촬영스탠드
옥션2.0,C008333,촬영용조명우산,C008326,3,카메라 > 촬영용품 > 촬영용조명우산
옥션2.0,C008334,촬영용테이블,C008326,3,카메라 > 촬영용품 > 촬영용테이블
옥션2.0,C008335,프리뷰모니터,C008326,3,카메라 > 촬영용품 > 프리뷰모니터
옥션2.0,C008337,카메라렌즈,C008301,2,카메라 > 카메라렌즈
옥션2.0,C008336,DSLR렌즈,C008337,3,카메라 > 카메라렌즈 > DSLR렌즈
옥션2.0,C008338,미러리스렌즈,C008337,3,카메라 > 카메라렌즈 > 미러리스렌즈
옥션2.0,C008340,카메라액정용품,C008301,2,카메라 > 카메라액정용품
옥션2.0,C008339,기타카메라액정용품,C008340,3,카메라 > 카메라액정용품 > 기타카메라액정용품
옥션2.0,C008341,카메라액정보호커버,C008340,3,카메라 > 카메라액정용품 > 카메라액정보호커버
옥션2.0,C008342,카메라액정보호필름,C008340,3,카메라 > 카메라액정용품 > 카메라액정보호필름
옥션2.0,C008344,카메라용품,C008301,2,카메라 > 카메라용품
옥션2.0,C008343,기타카메라용품,C008344,3,카메라 > 카메라용품 > 기타카메라용품
옥션2.0,C008345,배터리그립/세로그립,C008344,3,카메라 > 카메라용품 > 배터리그립/세로그립
옥션2.0,C008346,뷰파인더,C008344,3,카메라 > 카메라용품 > 뷰파인더
옥션2.0,C008347,아이피스,C008344,3,카메라 > 카메라용품 > 아이피스
옥션2.0,C008348,즉석카메라필름,C008344,3,카메라 > 카메라용품 > 즉석카메라필름
옥션2.0,C008349,카메라가방/케이스,C008344,3,카메라 > 카메라용품 > 카메라가방/케이스
옥션2.0,C008350,카메라리모컨,C008344,3,카메라 > 카메라용품 > 카메라리모컨
옥션2.0,C008351,카메라방수팩/커버,C008344,3,카메라 > 카메라용품 > 카메라방수팩/커버
옥션2.0,C008352,카메라배터리,C008344,3,카메라 > 카메라용품 > 카메라배터리
옥션2.0,C008353,카메라보관함,C008344,3,카메라 > 카메라용품 > 카메라보관함
옥션2.0,C008354,카메라스트랩,C008344,3,카메라 > 카메라용품 > 카메라스트랩
옥션2.0,C008355,카메라청소용품,C008344,3,카메라 > 카메라용품 > 카메라청소용품
옥션2.0,C008357,카메라조명용품,C008301,2,카메라 > 카메라조명용품
옥션2.0,C008356,기타카메라조명용품,C008357,3,카메라 > 카메라조명용품 > 기타카메라조명용품
옥션2.0,C008358,카메라라이트,C008357,3,카메라 > 카메라조명용품 > 카메라라이트
옥션2.0,C008359,카메라플래시,C008357,3,카메라 > 카메라조명용품 > 카메라플래시
옥션2.0,C008361,캠코더/액션캠,C008301,2,카메라 > 캠코더/액션캠
옥션2.0,C008360,액션캠,C008361,3,카메라 > 캠코더/액션캠 > 액션캠
옥션2.0,C008362,캠코더,C008361,3,카메라 > 캠코더/액션캠 > 캠코더
옥션2.0,C008363,캠코더/액션캠용품,C008361,3,카메라 > 캠코더/액션캠 > 캠코더/액션캠용품
옥션2.0,C008365,필름카메라,C008301,2,카메라 > 필름카메라
옥션2.0,C008364,SLR카메라,C008365,3,카메라 > 필름카메라 > SLR카메라
옥션2.0,C008366,자동/일회용카메라,C008365,3,카메라 > 필름카메라 > 자동/일회용카메라
옥션2.0,C008367,토이/로모카메라,C008365,3,카메라 > 필름카메라 > 토이/로모카메라
옥션2.0,C008369,헬리캠/드론,C008301,2,카메라 > 헬리캠/드론
옥션2.0,C008368,헬리캠/드론,C008369,3,카메라 > 헬리캠/드론 > 헬리캠/드론
옥션2.0,C008372,캠핑/낚시,ROOT,1,캠핑/낚시
옥션2.0,C008371,낚시공구,C008372,2,캠핑/낚시 > 낚시공구
옥션2.0,C008370,가위/라인커터,C008371,3,캠핑/낚시 > 낚시공구 > 가위/라인커터
옥션2.0,C008373,결속기/샤프너,C008371,3,캠핑/낚시 > 낚시공구 > 결속기/샤프너
옥션2.0,C008374,기타낚시공구,C008371,3,캠핑/낚시 > 낚시공구 > 기타낚시공구
옥션2.0,C008375,낚시계측도구,C008371,3,캠핑/낚시 > 낚시공구 > 낚시계측도구
옥션2.0,C008376,낚시칼,C008371,3,캠핑/낚시 > 낚시공구 > 낚시칼
옥션2.0,C008377,립그립/고기집게,C008371,3,캠핑/낚시 > 낚시공구 > 립그립/고기집게
옥션2.0,C008378,포셉/바늘빼기,C008371,3,캠핑/낚시 > 낚시공구 > 포셉/바늘빼기
옥션2.0,C008379,플라이어/니퍼,C008371,3,캠핑/낚시 > 낚시공구 > 플라이어/니퍼
옥션2.0,C008380,핀온릴,C008371,3,캠핑/낚시 > 낚시공구 > 핀온릴
옥션2.0,C008382,낚시릴,C008372,2,캠핑/낚시 > 낚시릴
옥션2.0,C008381,낚시릴용품,C008382,3,캠핑/낚시 > 낚시릴 > 낚시릴용품
옥션2.0,C008383,베이트릴,C008382,3,캠핑/낚시 > 낚시릴 > 베이트릴
옥션2.0,C008384,스피닝릴,C008382,3,캠핑/낚시 > 낚시릴 > 스피닝릴
옥션2.0,C008385,전동릴,C008382,3,캠핑/낚시 > 낚시릴 > 전동릴
옥션2.0,C008387,낚시의류/잡화,C008372,2,캠핑/낚시 > 낚시의류/잡화
옥션2.0,C008386,기타낚시의류/잡화,C008387,3,캠핑/낚시 > 낚시의류/잡화 > 기타낚시의류/잡화
옥션2.0,C008388,낚시구명조끼,C008387,3,캠핑/낚시 > 낚시의류/잡화 > 낚시구명조끼
옥션2.0,C008389,낚시모자,C008387,3,캠핑/낚시 > 낚시의류/잡화 > 낚시모자
옥션2.0,C008390,낚시복,C008387,3,캠핑/낚시 > 낚시의류/잡화 > 낚시복
옥션2.0,C008391,낚시장갑,C008387,3,캠핑/낚시 > 낚시의류/잡화 > 낚시장갑
옥션2.0,C008392,낚시장화,C008387,3,캠핑/낚시 > 낚시의류/잡화 > 낚시장화
옥션2.0,C008393,낚시조끼,C008387,3,캠핑/낚시 > 낚시의류/잡화 > 낚시조끼
옥션2.0,C008394,낚시화,C008387,3,캠핑/낚시 > 낚시의류/잡화 > 낚시화
옥션2.0,C008395,힙커버/힙가드,C008387,3,캠핑/낚시 > 낚시의류/잡화 > 힙커버/힙가드
옥션2.0,C008397,낚시일반용품,C008372,2,캠핑/낚시 > 낚시일반용품
옥션2.0,C008396,기타낚시용품,C008397,3,캠핑/낚시 > 낚시일반용품 > 기타낚시용품
옥션2.0,C008398,기포기,C008397,3,캠핑/낚시 > 낚시일반용품 > 기포기
옥션2.0,C008399,낚시아이스박스,C008397,3,캠핑/낚시 > 낚시일반용품 > 낚시아이스박스
옥션2.0,C008400,낚시의자,C008397,3,캠핑/낚시 > 낚시일반용품 > 낚시의자
옥션2.0,C008401,낚싯줄,C008397,3,캠핑/낚시 > 낚시일반용품 > 낚싯줄
옥션2.0,C008402,뜰채,C008397,3,캠핑/낚시 > 낚시일반용품 > 뜰채
옥션2.0,C008403,봉돌/싱커,C008397,3,캠핑/낚시 > 낚시일반용품 > 봉돌/싱커
옥션2.0,C008404,살림망/꿰미,C008397,3,캠핑/낚시 > 낚시일반용품 > 살림망/꿰미
옥션2.0,C008405,어군탐지기/항법장치,C008397,3,캠핑/낚시 > 낚시일반용품 > 어군탐지기/항법장치
옥션2.0,C008406,얼음낚시용품,C008397,3,캠핑/낚시 > 낚시일반용품 > 얼음낚시용품
옥션2.0,C008407,집어등/축광장비,C008397,3,캠핑/낚시 > 낚시일반용품 > 집어등/축광장비
옥션2.0,C008408,태클박스,C008397,3,캠핑/낚시 > 낚시일반용품 > 태클박스
옥션2.0,C008409,통발/그물,C008397,3,캠핑/낚시 > 낚시일반용품 > 통발/그물
옥션2.0,C008411,낚시찌,C008372,2,캠핑/낚시 > 낚시찌
옥션2.0,C008410,기타낚시찌,C008411,3,캠핑/낚시 > 낚시찌 > 기타낚시찌
옥션2.0,C008412,민물바닥찌/올림찌,C008411,3,캠핑/낚시 > 낚시찌 > 민물바닥찌/올림찌
옥션2.0,C008413,민물중층찌/내림찌,C008411,3,캠핑/낚시 > 낚시찌 > 민물중층찌/내림찌
옥션2.0,C008414,바다구멍찌,C008411,3,캠핑/낚시 > 낚시찌 > 바다구멍찌
옥션2.0,C008415,바다막대찌,C008411,3,캠핑/낚시 > 낚시찌 > 바다막대찌
옥션2.0,C008416,바다목줄찌,C008411,3,캠핑/낚시 > 낚시찌 > 바다목줄찌
옥션2.0,C008417,바다수중찌,C008411,3,캠핑/낚시 > 낚시찌 > 바다수중찌
옥션2.0,C008418,바다전자찌,C008411,3,캠핑/낚시 > 낚시찌 > 바다전자찌
옥션2.0,C008420,낚싯대,C008372,2,캠핑/낚시 > 낚싯대
옥션2.0,C008419,기타낚싯대,C008420,3,캠핑/낚시 > 낚싯대 > 기타낚싯대
옥션2.0,C008421,루어낚시세트,C008420,3,캠핑/낚시 > 낚싯대 > 루어낚시세트
옥션2.0,C008422,민물낚시세트,C008420,3,캠핑/낚시 > 낚싯대 > 민물낚시세트
옥션2.0,C008423,민물낚싯대,C008420,3,캠핑/낚시 > 낚싯대 > 민물낚싯대
옥션2.0,C008424,민물루어낚싯대,C008420,3,캠핑/낚시 > 낚싯대 > 민물루어낚싯대
옥션2.0,C008425,바다낚시세트,C008420,3,캠핑/낚시 > 낚싯대 > 바다낚시세트
옥션2.0,C008426,바다루어낚싯대,C008420,3,캠핑/낚시 > 낚싯대 > 바다루어낚싯대
옥션2.0,C008427,바다릴낚싯대,C008420,3,캠핑/낚시 > 낚싯대 > 바다릴낚싯대
옥션2.0,C008428,바다민장대,C008420,3,캠핑/낚시 > 낚싯대 > 바다민장대
옥션2.0,C008429,중층/내림낚싯대,C008420,3,캠핑/낚시 > 낚싯대 > 중층/내림낚싯대
옥션2.0,C008431,루어낚시용품,C008372,2,캠핑/낚시 > 루어낚시용품
옥션2.0,C008430,기타루어낚시용품,C008431,3,캠핑/낚시 > 루어낚시용품 > 기타루어낚시용품
옥션2.0,C008432,루어낚시보조가방,C008431,3,캠핑/낚시 > 루어낚시용품 > 루어낚시보조가방
옥션2.0,C008433,루어로드케이스,C008431,3,캠핑/낚시 > 루어낚시용품 > 루어로드케이스
옥션2.0,C008434,루어바늘,C008431,3,캠핑/낚시 > 루어낚시용품 > 루어바늘
옥션2.0,C008435,웜/베이트,C008431,3,캠핑/낚시 > 루어낚시용품 > 웜/베이트
옥션2.0,C008436,플라이낚시용품,C008431,3,캠핑/낚시 > 루어낚시용품 > 플라이낚시용품
옥션2.0,C008438,민물낚시용품,C008372,2,캠핑/낚시 > 민물낚시용품
옥션2.0,C008437,기타민물낚시용품,C008438,3,캠핑/낚시 > 민물낚시용품 > 기타민물낚시용품
옥션2.0,C008439,떡밥,C008438,3,캠핑/낚시 > 민물낚시용품 > 떡밥
옥션2.0,C008440,민물낚시가방,C008438,3,캠핑/낚시 > 민물낚시용품 > 민물낚시가방
옥션2.0,C008441,민물낚시바늘,C008438,3,캠핑/낚시 > 민물낚시용품 > 민물낚시바늘
옥션2.0,C008442,받침대,C008438,3,캠핑/낚시 > 민물낚시용품 > 받침대
옥션2.0,C008443,받침틀,C008438,3,캠핑/낚시 > 민물낚시용품 > 받침틀
옥션2.0,C008444,수초제거기,C008438,3,캠핑/낚시 > 민물낚시용품 > 수초제거기
옥션2.0,C008446,바다낚시용품,C008372,2,캠핑/낚시 > 바다낚시용품
옥션2.0,C008445,기타바다낚시용품,C008446,3,캠핑/낚시 > 바다낚시용품 > 기타바다낚시용품
옥션2.0,C008447,밑밥/집어제,C008446,3,캠핑/낚시 > 바다낚시용품 > 밑밥/집어제
옥션2.0,C008448,밑밥주걱,C008446,3,캠핑/낚시 > 바다낚시용품 > 밑밥주걱
옥션2.0,C008449,밑밥통/두레박,C008446,3,캠핑/낚시 > 바다낚시용품 > 밑밥통/두레박
옥션2.0,C008450,바다낚시가방,C008446,3,캠핑/낚시 > 바다낚시용품 > 바다낚시가방
옥션2.0,C008451,바다낚싯바늘,C008446,3,캠핑/낚시 > 바다낚시용품 > 바다낚싯바늘
옥션2.0,C008452,원투/선상받침대,C008446,3,캠핑/낚시 > 바다낚시용품 > 원투/선상받침대
옥션2.0,C008454,보트/카약,C008372,2,캠핑/낚시 > 보트/카약
옥션2.0,C008453,고무보트/콤비보트,C008454,3,캠핑/낚시 > 보트/카약 > 고무보트/콤비보트
옥션2.0,C008455,레저보트/요트/제트스키,C008454,3,캠핑/낚시 > 보트/카약 > 레저보트/요트/제트스키
옥션2.0,C008456,보트/카약용품,C008454,3,캠핑/낚시 > 보트/카약 > 보트/카약용품
옥션2.0,C008457,보트엔진/모터,C008454,3,캠핑/낚시 > 보트/카약 > 보트엔진/모터
옥션2.0,C008458,카약,C008454,3,캠핑/낚시 > 보트/카약 > 카약
옥션2.0,C008460,야외보냉용품,C008372,2,캠핑/낚시 > 야외보냉용품
옥션2.0,C008459,아이스박스/쿨러,C008460,3,캠핑/낚시 > 야외보냉용품 > 아이스박스/쿨러
옥션2.0,C008461,아이스백,C008460,3,캠핑/낚시 > 야외보냉용품 > 아이스백
옥션2.0,C008462,아이스팩,C008460,3,캠핑/낚시 > 야외보냉용품 > 아이스팩
옥션2.0,C008464,야외보온/난방용품,C008372,2,캠핑/낚시 > 야외보온/난방용품
옥션2.0,C008463,기타캠핑난방용품,C008464,3,캠핑/낚시 > 야외보온/난방용품 > 기타캠핑난방용품
옥션2.0,C008465,야외용난로,C008464,3,캠핑/낚시 > 야외보온/난방용품 > 야외용난로
옥션2.0,C008466,유단포,C008464,3,캠핑/낚시 > 야외보온/난방용품 > 유단포
옥션2.0,C008468,취사용품,C008372,2,캠핑/낚시 > 취사용품
옥션2.0,C008467,기타취사용품,C008468,3,캠핑/낚시 > 취사용품 > 기타취사용품
옥션2.0,C008469,바비큐그릴,C008468,3,캠핑/낚시 > 취사용품 > 바비큐그릴
옥션2.0,C008470,버너,C008468,3,캠핑/낚시 > 취사용품 > 버너
옥션2.0,C008471,부탄가스,C008468,3,캠핑/낚시 > 취사용품 > 부탄가스
옥션2.0,C008472,설거지통/건조망,C008468,3,캠핑/낚시 > 취사용품 > 설거지통/건조망
옥션2.0,C008473,숯/장작/연료,C008468,3,캠핑/낚시 > 취사용품 > 숯/장작/연료
옥션2.0,C008474,식기/조리도구,C008468,3,캠핑/낚시 > 취사용품 > 식기/조리도구
옥션2.0,C008475,코펠,C008468,3,캠핑/낚시 > 취사용품 > 코펠
옥션2.0,C008476,토치,C008468,3,캠핑/낚시 > 취사용품 > 토치
옥션2.0,C008477,화로대,C008468,3,캠핑/낚시 > 취사용품 > 화로대
옥션2.0,C008478,휴대용가스레인지,C008468,3,캠핑/낚시 > 취사용품 > 휴대용가스레인지
옥션2.0,C008480,캠핑일반용품,C008372,2,캠핑/낚시 > 캠핑일반용품
옥션2.0,C008479,기타캠핑용품,C008480,3,캠핑/낚시 > 캠핑일반용품 > 기타캠핑용품
옥션2.0,C008481,다용도칼,C008480,3,캠핑/낚시 > 캠핑일반용품 > 다용도칼
옥션2.0,C008482,돗자리,C008480,3,캠핑/낚시 > 캠핑일반용품 > 돗자리
옥션2.0,C008483,모포/캠핑베개,C008480,3,캠핑/낚시 > 캠핑일반용품 > 모포/캠핑베개
옥션2.0,C008484,야전침대,C008480,3,캠핑/낚시 > 캠핑일반용품 > 야전침대
옥션2.0,C008485,침낭,C008480,3,캠핑/낚시 > 캠핑일반용품 > 침낭
옥션2.0,C008486,캠핑가방,C008480,3,캠핑/낚시 > 캠핑일반용품 > 캠핑가방
옥션2.0,C008487,캠핑매트,C008480,3,캠핑/낚시 > 캠핑일반용품 > 캠핑매트
옥션2.0,C008488,캠핑손도끼/야전삽,C008480,3,캠핑/낚시 > 캠핑일반용품 > 캠핑손도끼/야전삽
옥션2.0,C008489,캠핑의자,C008480,3,캠핑/낚시 > 캠핑일반용품 > 캠핑의자
옥션2.0,C008490,캠핑카트,C008480,3,캠핑/낚시 > 캠핑일반용품 > 캠핑카트
옥션2.0,C008491,캠핑테이블,C008480,3,캠핑/낚시 > 캠핑일반용품 > 캠핑테이블
옥션2.0,C008492,캠핑트레일러,C008480,3,캠핑/낚시 > 캠핑일반용품 > 캠핑트레일러
옥션2.0,C008493,해먹,C008480,3,캠핑/낚시 > 캠핑일반용품 > 해먹
옥션2.0,C008495,캠핑조명용품,C008372,2,캠핑/낚시 > 캠핑조명용품
옥션2.0,C008494,랜턴,C008495,3,캠핑/낚시 > 캠핑조명용품 > 랜턴
옥션2.0,C008496,랜턴걸이/스탠드,C008495,3,캠핑/낚시 > 캠핑조명용품 > 랜턴걸이/스탠드
옥션2.0,C008497,손전등,C008495,3,캠핑/낚시 > 캠핑조명용품 > 손전등
옥션2.0,C008498,헤드랜턴,C008495,3,캠핑/낚시 > 캠핑조명용품 > 헤드랜턴
옥션2.0,C008500,텐트/타프,C008372,2,캠핑/낚시 > 텐트/타프
옥션2.0,C008499,그라운드시트/방수포,C008500,3,캠핑/낚시 > 텐트/타프 > 그라운드시트/방수포
옥션2.0,C008501,기타텐트/타프용품,C008500,3,캠핑/낚시 > 텐트/타프 > 기타텐트/타프용품
옥션2.0,C008502,천막,C008500,3,캠핑/낚시 > 텐트/타프 > 천막
옥션2.0,C008503,타프,C008500,3,캠핑/낚시 > 텐트/타프 > 타프
옥션2.0,C008504,텐트,C008500,3,캠핑/낚시 > 텐트/타프 > 텐트
옥션2.0,C008505,파라솔,C008500,3,캠핑/낚시 > 텐트/타프 > 파라솔
옥션2.0,C008506,폴대/팩/스토퍼,C008500,3,캠핑/낚시 > 텐트/타프 > 폴대/팩/스토퍼
옥션2.0,C008509,커피/음료,ROOT,1,커피/음료
옥션2.0,C008508,기능성음료,C008509,2,커피/음료 > 기능성음료
옥션2.0,C008507,기타기능성음료,C008508,3,커피/음료 > 기능성음료 > 기타기능성음료
옥션2.0,C008510,비타민음료,C008508,3,커피/음료 > 기능성음료 > 비타민음료
옥션2.0,C008511,소화제/정장제,C008508,3,커피/음료 > 기능성음료 > 소화제/정장제
옥션2.0,C008512,에너지음료,C008508,3,커피/음료 > 기능성음료 > 에너지음료
옥션2.0,C008513,이온음료,C008508,3,커피/음료 > 기능성음료 > 이온음료
옥션2.0,C008514,자양강장/숙취해소음료,C008508,3,커피/음료 > 기능성음료 > 자양강장/숙취해소음료
옥션2.0,C008516,생수/탄산수,C008509,2,커피/음료 > 생수/탄산수
옥션2.0,C008515,생수,C008516,3,커피/음료 > 생수/탄산수 > 생수
옥션2.0,C008517,탄산수,C008516,3,커피/음료 > 생수/탄산수 > 탄산수
옥션2.0,C008519,우유/두유,C008509,2,커피/음료 > 우유/두유
옥션2.0,C008518,기타유음료,C008519,3,커피/음료 > 우유/두유 > 기타유음료
옥션2.0,C008520,두유,C008519,3,커피/음료 > 우유/두유 > 두유
옥션2.0,C008521,요구르트,C008519,3,커피/음료 > 우유/두유 > 요구르트
옥션2.0,C008522,우유,C008519,3,커피/음료 > 우유/두유 > 우유
옥션2.0,C008523,유음료 가정배달,C008519,3,커피/음료 > 우유/두유 > 유음료 가정배달
옥션2.0,C008525,전통주,C008509,2,커피/음료 > 전통주
옥션2.0,C008524,과실주,C008525,3,커피/음료 > 전통주 > 과실주
옥션2.0,C008526,기타주류,C008525,3,커피/음료 > 전통주 > 기타주류
옥션2.0,C008527,리큐르,C008525,3,커피/음료 > 전통주 > 리큐르
옥션2.0,C008528,막걸리,C008525,3,커피/음료 > 전통주 > 막걸리
옥션2.0,C008529,소주,C008525,3,커피/음료 > 전통주 > 소주
옥션2.0,C008530,약주,C008525,3,커피/음료 > 전통주 > 약주
옥션2.0,C008531,일반증류주,C008525,3,커피/음료 > 전통주 > 일반증류주
옥션2.0,C008533,주스/과즙음료,C008509,2,커피/음료 > 주스/과즙음료
옥션2.0,C008532,기타과즙음료,C008533,3,커피/음료 > 주스/과즙음료 > 기타과즙음료
옥션2.0,C008534,망고주스,C008533,3,커피/음료 > 주스/과즙음료 > 망고주스
옥션2.0,C008535,매실주스,C008533,3,커피/음료 > 주스/과즙음료 > 매실주스
옥션2.0,C008536,블루베리주스,C008533,3,커피/음료 > 주스/과즙음료 > 블루베리주스
옥션2.0,C008537,사과주스,C008533,3,커피/음료 > 주스/과즙음료 > 사과주스
옥션2.0,C008538,알로에주스,C008533,3,커피/음료 > 주스/과즙음료 > 알로에주스
옥션2.0,C008539,야채주스,C008533,3,커피/음료 > 주스/과즙음료 > 야채주스
옥션2.0,C008540,어린이주스/음료,C008533,3,커피/음료 > 주스/과즙음료 > 어린이주스/음료
옥션2.0,C008541,오렌지/감귤주스,C008533,3,커피/음료 > 주스/과즙음료 > 오렌지/감귤주스
옥션2.0,C008542,자몽주스,C008533,3,커피/음료 > 주스/과즙음료 > 자몽주스
옥션2.0,C008543,토마토주스,C008533,3,커피/음료 > 주스/과즙음료 > 토마토주스
옥션2.0,C008544,포도주스,C008533,3,커피/음료 > 주스/과즙음료 > 포도주스
옥션2.0,C008546,차류,C008509,2,커피/음료 > 차류
옥션2.0,C008545,결명자차,C008546,3,커피/음료 > 차류 > 결명자차
옥션2.0,C008547,국화차,C008546,3,커피/음료 > 차류 > 국화차
옥션2.0,C008548,기타차류,C008546,3,커피/음료 > 차류 > 기타차류
옥션2.0,C008549,녹차,C008546,3,커피/음료 > 차류 > 녹차
옥션2.0,C008550,둥굴레차,C008546,3,커피/음료 > 차류 > 둥굴레차
옥션2.0,C008551,루이보스티,C008546,3,커피/음료 > 차류 > 루이보스티
옥션2.0,C008552,마테차,C008546,3,커피/음료 > 차류 > 마테차
옥션2.0,C008553,보리차,C008546,3,커피/음료 > 차류 > 보리차
옥션2.0,C008554,보이차,C008546,3,커피/음료 > 차류 > 보이차
옥션2.0,C008555,유자차,C008546,3,커피/음료 > 차류 > 유자차
옥션2.0,C008556,율무차,C008546,3,커피/음료 > 차류 > 율무차
옥션2.0,C008557,전통차,C008546,3,커피/음료 > 차류 > 전통차
옥션2.0,C008558,차선물세트,C008546,3,커피/음료 > 차류 > 차선물세트
옥션2.0,C008559,허브차,C008546,3,커피/음료 > 차류 > 허브차
옥션2.0,C008560,홍차,C008546,3,커피/음료 > 차류 > 홍차
옥션2.0,C008562,차음료/전통음료,C008509,2,커피/음료 > 차음료/전통음료
옥션2.0,C008561,기타차음료/전통음료,C008562,3,커피/음료 > 차음료/전통음료 > 기타차음료/전통음료
옥션2.0,C008563,녹차음료,C008562,3,커피/음료 > 차음료/전통음료 > 녹차음료
옥션2.0,C008564,보리/옥수수차음료,C008562,3,커피/음료 > 차음료/전통음료 > 보리/옥수수차음료
옥션2.0,C008565,식혜/수정과,C008562,3,커피/음료 > 차음료/전통음료 > 식혜/수정과
옥션2.0,C008566,쌀/곡물음료,C008562,3,커피/음료 > 차음료/전통음료 > 쌀/곡물음료
옥션2.0,C008567,인삼/홍삼음료,C008562,3,커피/음료 > 차음료/전통음료 > 인삼/홍삼음료
옥션2.0,C008568,헛개차음료,C008562,3,커피/음료 > 차음료/전통음료 > 헛개차음료
옥션2.0,C008569,홍차음료,C008562,3,커피/음료 > 차음료/전통음료 > 홍차음료
옥션2.0,C008571,커피,C008509,2,커피/음료 > 커피
옥션2.0,C008570,원두커피,C008571,3,커피/음료 > 커피 > 원두커피
옥션2.0,C008572,캡슐커피,C008571,3,커피/음료 > 커피 > 캡슐커피
옥션2.0,C008573,커피믹스,C008571,3,커피/음료 > 커피 > 커피믹스
옥션2.0,C008574,커피음료,C008571,3,커피/음료 > 커피 > 커피음료
옥션2.0,C008575,커피프림,C008571,3,커피/음료 > 커피 > 커피프림
옥션2.0,C008576,코코아/핫초코,C008571,3,커피/음료 > 커피 > 코코아/핫초코
옥션2.0,C008577,티백커피,C008571,3,커피/음료 > 커피 > 티백커피
옥션2.0,C008579,탄산/청량음료,C008509,2,커피/음료 > 탄산/청량음료
옥션2.0,C008578,과즙탄산음료,C008579,3,커피/음료 > 탄산/청량음료 > 과즙탄산음료
옥션2.0,C008580,기타탄산음료,C008579,3,커피/음료 > 탄산/청량음료 > 기타탄산음료
옥션2.0,C008581,무알콜음료,C008579,3,커피/음료 > 탄산/청량음료 > 무알콜음료
옥션2.0,C008582,사이다,C008579,3,커피/음료 > 탄산/청량음료 > 사이다
옥션2.0,C008583,아이스티음료,C008579,3,커피/음료 > 탄산/청량음료 > 아이스티음료
옥션2.0,C008584,에이드음료,C008579,3,커피/음료 > 탄산/청량음료 > 에이드음료
옥션2.0,C008585,콜라,C008579,3,커피/음료 > 탄산/청량음료 > 콜라
옥션2.0,C008588,특판,ROOT,1,특판
옥션2.0,C008587,스마일클럽연회비,C008588,2,특판 > 스마일클럽연회비
옥션2.0,C008586,스마일클럽연회비,C008587,3,특판 > 스마일클럽연회비 > 스마일클럽연회비
옥션2.0,C008590,특판,C008588,2,특판 > 특판
옥션2.0,C008589,특판,C008590,3,특판 > 특판 > 특판
옥션2.0,C008593,화장품/향수,ROOT,1,화장품/향수
옥션2.0,C008592,남성화장품,C008593,2,화장품/향수 > 남성화장품
옥션2.0,C008591,남성로션,C008592,3,화장품/향수 > 남성화장품 > 남성로션
옥션2.0,C008594,남성마스크/팩,C008592,3,화장품/향수 > 남성화장품 > 남성마스크/팩
옥션2.0,C008595,남성메이크업/BB,C008592,3,화장품/향수 > 남성화장품 > 남성메이크업/BB
옥션2.0,C008596,남성선케어,C008592,3,화장품/향수 > 남성화장품 > 남성선케어
옥션2.0,C008597,남성스킨,C008592,3,화장품/향수 > 남성화장품 > 남성스킨
옥션2.0,C008598,남성에센스/크림,C008592,3,화장품/향수 > 남성화장품 > 남성에센스/크림
옥션2.0,C008599,남성올인원,C008592,3,화장품/향수 > 남성화장품 > 남성올인원
옥션2.0,C008600,남성클렌징,C008592,3,화장품/향수 > 남성화장품 > 남성클렌징
옥션2.0,C008601,남성화장품세트,C008592,3,화장품/향수 > 남성화장품 > 남성화장품세트
옥션2.0,C008603,네일케어,C008593,2,화장품/향수 > 네일케어
옥션2.0,C008602,네일리무버,C008603,3,화장품/향수 > 네일케어 > 네일리무버
옥션2.0,C008604,네일영양제,C008603,3,화장품/향수 > 네일케어 > 네일영양제
옥션2.0,C008605,네일케어세트,C008603,3,화장품/향수 > 네일케어 > 네일케어세트
옥션2.0,C008606,네일케어용품,C008603,3,화장품/향수 > 네일케어 > 네일케어용품
옥션2.0,C008607,네일팁/네일스티커,C008603,3,화장품/향수 > 네일케어 > 네일팁/네일스티커
옥션2.0,C008608,매니큐어/페디큐어,C008603,3,화장품/향수 > 네일케어 > 매니큐어/페디큐어
옥션2.0,C008609,베이스/탑코트,C008603,3,화장품/향수 > 네일케어 > 베이스/탑코트
옥션2.0,C008610,젤네일,C008603,3,화장품/향수 > 네일케어 > 젤네일
옥션2.0,C008612,베이스메이크업,C008593,2,화장품/향수 > 베이스메이크업
옥션2.0,C008611,BB크림/톤업크림,C008612,3,화장품/향수 > 베이스메이크업 > BB크림/톤업크림
옥션2.0,C008613,메이크업베이스,C008612,3,화장품/향수 > 베이스메이크업 > 메이크업베이스
옥션2.0,C008614,베이스메이크업세트,C008612,3,화장품/향수 > 베이스메이크업 > 베이스메이크업세트
옥션2.0,C008615,컨실러,C008612,3,화장품/향수 > 베이스메이크업 > 컨실러
옥션2.0,C008616,쿠션/팩트,C008612,3,화장품/향수 > 베이스메이크업 > 쿠션/팩트
옥션2.0,C008617,파우더/트윈케이크,C008612,3,화장품/향수 > 베이스메이크업 > 파우더/트윈케이크
옥션2.0,C008618,파운데이션,C008612,3,화장품/향수 > 베이스메이크업 > 파운데이션
옥션2.0,C008619,프라이머,C008612,3,화장품/향수 > 베이스메이크업 > 프라이머
옥션2.0,C008621,색조메이크업,C008593,2,화장품/향수 > 색조메이크업
옥션2.0,C008620,립글로스,C008621,3,화장품/향수 > 색조메이크업 > 립글로스
옥션2.0,C008622,립밤/립케어,C008621,3,화장품/향수 > 색조메이크업 > 립밤/립케어
옥션2.0,C008623,립스틱,C008621,3,화장품/향수 > 색조메이크업 > 립스틱
옥션2.0,C008624,립틴트,C008621,3,화장품/향수 > 색조메이크업 > 립틴트
옥션2.0,C008625,마스카라,C008621,3,화장품/향수 > 색조메이크업 > 마스카라
옥션2.0,C008626,블러셔,C008621,3,화장품/향수 > 색조메이크업 > 블러셔
옥션2.0,C008627,색조메이크업세트,C008621,3,화장품/향수 > 색조메이크업 > 색조메이크업세트
옥션2.0,C008628,아이라이너,C008621,3,화장품/향수 > 색조메이크업 > 아이라이너
옥션2.0,C008629,아이브로우,C008621,3,화장품/향수 > 색조메이크업 > 아이브로우
옥션2.0,C008630,아이섀도,C008621,3,화장품/향수 > 색조메이크업 > 아이섀도
옥션2.0,C008631,하이라이터/쉐이딩,C008621,3,화장품/향수 > 색조메이크업 > 하이라이터/쉐이딩
옥션2.0,C008633,선케어,C008593,2,화장품/향수 > 선케어
옥션2.0,C008632,선스틱/밤,C008633,3,화장품/향수 > 선케어 > 선스틱/밤
옥션2.0,C008634,선스프레이,C008633,3,화장품/향수 > 선케어 > 선스프레이
옥션2.0,C008635,선쿠션/선팩트,C008633,3,화장품/향수 > 선케어 > 선쿠션/선팩트
옥션2.0,C008636,선크림,C008633,3,화장품/향수 > 선케어 > 선크림
옥션2.0,C008637,에프터선케어,C008633,3,화장품/향수 > 선케어 > 에프터선케어
옥션2.0,C008638,태닝오일/로션,C008633,3,화장품/향수 > 선케어 > 태닝오일/로션
옥션2.0,C008640,스킨케어,C008593,2,화장품/향수 > 스킨케어
옥션2.0,C008639,로션/에멀젼,C008640,3,화장품/향수 > 스킨케어 > 로션/에멀젼
옥션2.0,C008641,미스트,C008640,3,화장품/향수 > 스킨케어 > 미스트
옥션2.0,C008642,스킨/토너,C008640,3,화장품/향수 > 스킨케어 > 스킨/토너
옥션2.0,C008643,스킨케어세트,C008640,3,화장품/향수 > 스킨케어 > 스킨케어세트
옥션2.0,C008644,에센스/세럼/앰플,C008640,3,화장품/향수 > 스킨케어 > 에센스/세럼/앰플
옥션2.0,C008645,크림/젤/스틱/밤,C008640,3,화장품/향수 > 스킨케어 > 크림/젤/스틱/밤
옥션2.0,C008646,페이스오일,C008640,3,화장품/향수 > 스킨케어 > 페이스오일
옥션2.0,C008648,이미용소품,C008593,2,화장품/향수 > 이미용소품
옥션2.0,C008647,기름종이,C008648,3,화장품/향수 > 이미용소품 > 기름종이
옥션2.0,C008649,기타이미용소품,C008648,3,화장품/향수 > 이미용소품 > 기타이미용소품
옥션2.0,C008650,눈썹칼/눈썹가위,C008648,3,화장품/향수 > 이미용소품 > 눈썹칼/눈썹가위
옥션2.0,C008651,메이크업/클렌징소품,C008648,3,화장품/향수 > 이미용소품 > 메이크업/클렌징소품
옥션2.0,C008652,메이크업브러시,C008648,3,화장품/향수 > 이미용소품 > 메이크업브러시
옥션2.0,C008653,메이크업정리함,C008648,3,화장품/향수 > 이미용소품 > 메이크업정리함
옥션2.0,C008654,면봉,C008648,3,화장품/향수 > 이미용소품 > 면봉
옥션2.0,C008655,미용가위,C008648,3,화장품/향수 > 이미용소품 > 미용가위
옥션2.0,C008656,뷰러,C008648,3,화장품/향수 > 이미용소품 > 뷰러
옥션2.0,C008657,샤프너,C008648,3,화장품/향수 > 이미용소품 > 샤프너
옥션2.0,C008658,속눈썹,C008648,3,화장품/향수 > 이미용소품 > 속눈썹
옥션2.0,C008659,속눈썹영양제,C008648,3,화장품/향수 > 이미용소품 > 속눈썹영양제
옥션2.0,C008660,손거울,C008648,3,화장품/향수 > 이미용소품 > 손거울
옥션2.0,C008661,쌍꺼풀테이프,C008648,3,화장품/향수 > 이미용소품 > 쌍꺼풀테이프
옥션2.0,C008662,족집게,C008648,3,화장품/향수 > 이미용소품 > 족집게
옥션2.0,C008663,퍼프,C008648,3,화장품/향수 > 이미용소품 > 퍼프
옥션2.0,C008664,피부마사지소품,C008648,3,화장품/향수 > 이미용소품 > 피부마사지소품
옥션2.0,C008665,피지/각질관리소품,C008648,3,화장품/향수 > 이미용소품 > 피지/각질관리소품
옥션2.0,C008666,헤나/타투,C008648,3,화장품/향수 > 이미용소품 > 헤나/타투
옥션2.0,C008667,화장솜,C008648,3,화장품/향수 > 이미용소품 > 화장솜
옥션2.0,C008668,화장품파우치,C008648,3,화장품/향수 > 이미용소품 > 화장품파우치
옥션2.0,C008670,클렌징/필링,C008593,2,화장품/향수 > 클렌징/필링
옥션2.0,C008669,기타클렌징/필링,C008670,3,화장품/향수 > 클렌징/필링 > 기타클렌징/필링
옥션2.0,C008671,립앤아이리무버,C008670,3,화장품/향수 > 클렌징/필링 > 립앤아이리무버
옥션2.0,C008672,클렌징로션/밀크,C008670,3,화장품/향수 > 클렌징/필링 > 클렌징로션/밀크
옥션2.0,C008673,클렌징비누,C008670,3,화장품/향수 > 클렌징/필링 > 클렌징비누
옥션2.0,C008674,클렌징오일,C008670,3,화장품/향수 > 클렌징/필링 > 클렌징오일
옥션2.0,C008675,클렌징워터/젤,C008670,3,화장품/향수 > 클렌징/필링 > 클렌징워터/젤
옥션2.0,C008676,클렌징크림,C008670,3,화장품/향수 > 클렌징/필링 > 클렌징크림
옥션2.0,C008677,클렌징티슈/패드,C008670,3,화장품/향수 > 클렌징/필링 > 클렌징티슈/패드
옥션2.0,C008678,클렌징폼,C008670,3,화장품/향수 > 클렌징/필링 > 클렌징폼
옥션2.0,C008679,필링/스크럽,C008670,3,화장품/향수 > 클렌징/필링 > 필링/스크럽
옥션2.0,C008681,팩/마스크,C008593,2,화장품/향수 > 팩/마스크
옥션2.0,C008680,마사지크림/젤,C008681,3,화장품/향수 > 팩/마스크 > 마사지크림/젤
옥션2.0,C008682,마스크팩/시트,C008681,3,화장품/향수 > 팩/마스크 > 마스크팩/시트
옥션2.0,C008683,수면팩/슬리핑팩,C008681,3,화장품/향수 > 팩/마스크 > 수면팩/슬리핑팩
옥션2.0,C008684,워시오프팩,C008681,3,화장품/향수 > 팩/마스크 > 워시오프팩
옥션2.0,C008685,코팩,C008681,3,화장품/향수 > 팩/마스크 > 코팩
옥션2.0,C008686,팩/마스크용품,C008681,3,화장품/향수 > 팩/마스크 > 팩/마스크용품
옥션2.0,C008687,필오프팩,C008681,3,화장품/향수 > 팩/마스크 > 필오프팩
옥션2.0,C008689,향수,C008593,2,화장품/향수 > 향수
옥션2.0,C008688,남녀공용향수,C008689,3,화장품/향수 > 향수 > 남녀공용향수
옥션2.0,C008690,남성향수,C008689,3,화장품/향수 > 향수 > 남성향수
옥션2.0,C008691,미니어처/공병,C008689,3,화장품/향수 > 향수 > 미니어처/공병
옥션2.0,C008692,여성향수,C008689,3,화장품/향수 > 향수 > 여성향수
옥션2.0,C008695,휘트니스/수영,ROOT,1,휘트니스/수영
옥션2.0,C008694,검도,C008695,2,휘트니스/수영 > 검도
옥션2.0,C008693,검도보호구,C008694,3,휘트니스/수영 > 검도 > 검도보호구
옥션2.0,C008696,검도복,C008694,3,휘트니스/수영 > 검도 > 검도복
옥션2.0,C008697,기타검도용품,C008694,3,휘트니스/수영 > 검도 > 기타검도용품
옥션2.0,C008698,목검/죽도,C008694,3,휘트니스/수영 > 검도 > 목검/죽도
옥션2.0,C008700,권투/격투기,C008695,2,휘트니스/수영 > 권투/격투기
옥션2.0,C008699,격파용품,C008700,3,휘트니스/수영 > 권투/격투기 > 격파용품
옥션2.0,C008701,권투글러브,C008700,3,휘트니스/수영 > 권투/격투기 > 권투글러브
옥션2.0,C008702,권투화,C008700,3,휘트니스/수영 > 권투/격투기 > 권투화
옥션2.0,C008703,낭심보호대,C008700,3,휘트니스/수영 > 권투/격투기 > 낭심보호대
옥션2.0,C008704,마우스피스,C008700,3,휘트니스/수영 > 권투/격투기 > 마우스피스
옥션2.0,C008705,무도복,C008700,3,휘트니스/수영 > 권투/격투기 > 무도복
옥션2.0,C008706,미트,C008700,3,휘트니스/수영 > 권투/격투기 > 미트
옥션2.0,C008707,샌드백,C008700,3,휘트니스/수영 > 권투/격투기 > 샌드백
옥션2.0,C008708,쌍절곤,C008700,3,휘트니스/수영 > 권투/격투기 > 쌍절곤
옥션2.0,C008709,태권도보호구,C008700,3,휘트니스/수영 > 권투/격투기 > 태권도보호구
옥션2.0,C008710,태권도복,C008700,3,휘트니스/수영 > 권투/격투기 > 태권도복
옥션2.0,C008711,태권도화,C008700,3,휘트니스/수영 > 권투/격투기 > 태권도화
옥션2.0,C008712,핸드랩,C008700,3,휘트니스/수영 > 권투/격투기 > 핸드랩
옥션2.0,C008713,헤드기어,C008700,3,휘트니스/수영 > 권투/격투기 > 헤드기어
옥션2.0,C008715,남성수영복,C008695,2,휘트니스/수영 > 남성수영복
옥션2.0,C008714,남성반신수영복,C008715,3,휘트니스/수영 > 남성수영복 > 남성반신수영복
옥션2.0,C008716,남성사각수영복,C008715,3,휘트니스/수영 > 남성수영복 > 남성사각수영복
옥션2.0,C008717,남성삼각수영복,C008715,3,휘트니스/수영 > 남성수영복 > 남성삼각수영복
옥션2.0,C008718,남성전신수영복,C008715,3,휘트니스/수영 > 남성수영복 > 남성전신수영복
옥션2.0,C008720,마라톤/육상,C008695,2,휘트니스/수영 > 마라톤/육상
옥션2.0,C008719,기타육상용품,C008720,3,휘트니스/수영 > 마라톤/육상 > 기타육상용품
옥션2.0,C008721,높이뛰기바,C008720,3,휘트니스/수영 > 마라톤/육상 > 높이뛰기바
옥션2.0,C008722,릴레이봉/바톤,C008720,3,휘트니스/수영 > 마라톤/육상 > 릴레이봉/바톤
옥션2.0,C008723,마라톤복,C008720,3,휘트니스/수영 > 마라톤/육상 > 마라톤복
옥션2.0,C008724,스타팅블록,C008720,3,휘트니스/수영 > 마라톤/육상 > 스타팅블록
옥션2.0,C008725,원반/투포환/투창,C008720,3,휘트니스/수영 > 마라톤/육상 > 원반/투포환/투창
옥션2.0,C008726,육상화,C008720,3,휘트니스/수영 > 마라톤/육상 > 육상화
옥션2.0,C008727,허들,C008720,3,휘트니스/수영 > 마라톤/육상 > 허들
옥션2.0,C008729,물놀이용품,C008695,2,휘트니스/수영 > 물놀이용품
옥션2.0,C008728,구명조끼,C008729,3,휘트니스/수영 > 물놀이용품 > 구명조끼
옥션2.0,C008730,물놀이보트,C008729,3,휘트니스/수영 > 물놀이용품 > 물놀이보트
옥션2.0,C008731,비치볼,C008729,3,휘트니스/수영 > 물놀이용품 > 비치볼
옥션2.0,C008732,수영튜브,C008729,3,휘트니스/수영 > 물놀이용품 > 수영튜브
옥션2.0,C008733,수영풀장,C008729,3,휘트니스/수영 > 물놀이용품 > 수영풀장
옥션2.0,C008734,스노클,C008729,3,휘트니스/수영 > 물놀이용품 > 스노클
옥션2.0,C008736,수상/수중스포츠복,C008695,2,휘트니스/수영 > 수상/수중스포츠복
옥션2.0,C008735,남성래쉬가드,C008736,3,휘트니스/수영 > 수상/수중스포츠복 > 남성래쉬가드
옥션2.0,C008737,남성보드숏,C008736,3,휘트니스/수영 > 수상/수중스포츠복 > 남성보드숏
옥션2.0,C008738,서핑슈트,C008736,3,휘트니스/수영 > 수상/수중스포츠복 > 서핑슈트
옥션2.0,C008739,여성래쉬가드,C008736,3,휘트니스/수영 > 수상/수중스포츠복 > 여성래쉬가드
옥션2.0,C008740,여성보드숏,C008736,3,휘트니스/수영 > 수상/수중스포츠복 > 여성보드숏
옥션2.0,C008741,워터레깅스,C008736,3,휘트니스/수영 > 수상/수중스포츠복 > 워터레깅스
옥션2.0,C008743,수영용품,C008695,2,휘트니스/수영 > 수영용품
옥션2.0,C008742,기타수영용품,C008743,3,휘트니스/수영 > 수영용품 > 기타수영용품
옥션2.0,C008744,수경,C008743,3,휘트니스/수영 > 수영용품 > 수경
옥션2.0,C008745,수영가방,C008743,3,휘트니스/수영 > 수영용품 > 수영가방
옥션2.0,C008746,수영귀마개/코마개,C008743,3,휘트니스/수영 > 수영용품 > 수영귀마개/코마개
옥션2.0,C008747,수영모,C008743,3,휘트니스/수영 > 수영용품 > 수영모
옥션2.0,C008749,스킨스쿠버,C008695,2,휘트니스/수영 > 스킨스쿠버
옥션2.0,C008748,게이지,C008749,3,휘트니스/수영 > 스킨스쿠버 > 게이지
옥션2.0,C008750,기타스킨스쿠버용품,C008749,3,휘트니스/수영 > 스킨스쿠버 > 기타스킨스쿠버용품
옥션2.0,C008751,다이빙글러브,C008749,3,휘트니스/수영 > 스킨스쿠버 > 다이빙글러브
옥션2.0,C008752,다이빙부츠,C008749,3,휘트니스/수영 > 스킨스쿠버 > 다이빙부츠
옥션2.0,C008753,다이빙슈트,C008749,3,휘트니스/수영 > 스킨스쿠버 > 다이빙슈트
옥션2.0,C008754,다이빙칼,C008749,3,휘트니스/수영 > 스킨스쿠버 > 다이빙칼
옥션2.0,C008755,레귤레이터,C008749,3,휘트니스/수영 > 스킨스쿠버 > 레귤레이터
옥션2.0,C008756,리트렉터,C008749,3,휘트니스/수영 > 스킨스쿠버 > 리트렉터
옥션2.0,C008757,부력재킷,C008749,3,휘트니스/수영 > 스킨스쿠버 > 부력재킷
옥션2.0,C008758,수중전등,C008749,3,휘트니스/수영 > 스킨스쿠버 > 수중전등
옥션2.0,C008759,오리발,C008749,3,휘트니스/수영 > 스킨스쿠버 > 오리발
옥션2.0,C008761,에어로빅/댄스복,C008695,2,휘트니스/수영 > 에어로빅/댄스복
옥션2.0,C008760,댄스복,C008761,3,휘트니스/수영 > 에어로빅/댄스복 > 댄스복
옥션2.0,C008762,땀복,C008761,3,휘트니스/수영 > 에어로빅/댄스복 > 땀복
옥션2.0,C008763,에어로빅복,C008761,3,휘트니스/수영 > 에어로빅/댄스복 > 에어로빅복
옥션2.0,C008765,여성수영복,C008695,2,휘트니스/수영 > 여성수영복
옥션2.0,C008764,기타여성수영복,C008765,3,휘트니스/수영 > 여성수영복 > 기타여성수영복
옥션2.0,C008766,모노키니수영복,C008765,3,휘트니스/수영 > 여성수영복 > 모노키니수영복
옥션2.0,C008767,비키니수영복,C008765,3,휘트니스/수영 > 여성수영복 > 비키니수영복
옥션2.0,C008768,원피스수영복,C008765,3,휘트니스/수영 > 여성수영복 > 원피스수영복
옥션2.0,C008770,요가/필라테스,C008695,2,휘트니스/수영 > 요가/필라테스
옥션2.0,C008769,기타요가/필라테스용품,C008770,3,휘트니스/수영 > 요가/필라테스 > 기타요가/필라테스용품
옥션2.0,C008771,요가매트,C008770,3,휘트니스/수영 > 요가/필라테스 > 요가매트
옥션2.0,C008772,요가블럭/볼스터,C008770,3,휘트니스/수영 > 요가/필라테스 > 요가블럭/볼스터
옥션2.0,C008773,짐볼,C008770,3,휘트니스/수영 > 요가/필라테스 > 짐볼
옥션2.0,C008774,폼롤러,C008770,3,휘트니스/수영 > 요가/필라테스 > 폼롤러
옥션2.0,C008775,필라테스링,C008770,3,휘트니스/수영 > 요가/필라테스 > 필라테스링
옥션2.0,C008777,요가복/필라테스복,C008695,2,휘트니스/수영 > 요가복/필라테스복
옥션2.0,C008776,요가/필라테스복상의,C008777,3,휘트니스/수영 > 요가복/필라테스복 > 요가/필라테스복상의
옥션2.0,C008778,요가/필라테스복세트,C008777,3,휘트니스/수영 > 요가복/필라테스복 > 요가/필라테스복세트
옥션2.0,C008779,요가/필라테스복하의,C008777,3,휘트니스/수영 > 요가복/필라테스복 > 요가/필라테스복하의
옥션2.0,C008781,웨이트기구,C008695,2,휘트니스/수영 > 웨이트기구
옥션2.0,C008780,기타웨이트기구,C008781,3,휘트니스/수영 > 웨이트기구 > 기타웨이트기구
옥션2.0,C008782,바벨,C008781,3,휘트니스/수영 > 웨이트기구 > 바벨
옥션2.0,C008783,벤치프레스,C008781,3,휘트니스/수영 > 웨이트기구 > 벤치프레스
옥션2.0,C008784,복근운동기구,C008781,3,휘트니스/수영 > 웨이트기구 > 복근운동기구
옥션2.0,C008785,스쿼트머신,C008781,3,휘트니스/수영 > 웨이트기구 > 스쿼트머신
옥션2.0,C008786,싯업,C008781,3,휘트니스/수영 > 웨이트기구 > 싯업
옥션2.0,C008787,아령/덤벨,C008781,3,휘트니스/수영 > 웨이트기구 > 아령/덤벨
옥션2.0,C008788,철봉/도어짐,C008781,3,휘트니스/수영 > 웨이트기구 > 철봉/도어짐
옥션2.0,C008789,케틀벨,C008781,3,휘트니스/수영 > 웨이트기구 > 케틀벨
옥션2.0,C008791,헬스기구,C008695,2,휘트니스/수영 > 헬스기구
옥션2.0,C008790,거꾸리,C008791,3,휘트니스/수영 > 헬스기구 > 거꾸리
옥션2.0,C008792,러닝머신,C008791,3,휘트니스/수영 > 헬스기구 > 러닝머신
옥션2.0,C008793,벨트마사지기,C008791,3,휘트니스/수영 > 헬스기구 > 벨트마사지기
옥션2.0,C008794,스텝퍼,C008791,3,휘트니스/수영 > 헬스기구 > 스텝퍼
옥션2.0,C008795,승마운동기구,C008791,3,휘트니스/수영 > 헬스기구 > 승마운동기구
옥션2.0,C008796,일립티컬,C008791,3,휘트니스/수영 > 헬스기구 > 일립티컬
옥션2.0,C008797,진동운동기구,C008791,3,휘트니스/수영 > 헬스기구 > 진동운동기구
옥션2.0,C008798,트램펄린,C008791,3,휘트니스/수영 > 헬스기구 > 트램펄린
옥션2.0,C008799,트위스트운동기구,C008791,3,휘트니스/수영 > 헬스기구 > 트위스트운동기구
옥션2.0,C008800,헬스사이클,C008791,3,휘트니스/수영 > 헬스기구 > 헬스사이클
옥션2.0,C008802,헬스보충제,C008695,2,휘트니스/수영 > 헬스보충제
옥션2.0,C008801,헬스보충제,C008802,3,휘트니스/수영 > 헬스보충제 > 헬스보충제
옥션2.0,C008804,헬스용품,C008695,2,휘트니스/수영 > 헬스용품
옥션2.0,C008803,근력/스트레칭밴드,C008804,3,휘트니스/수영 > 헬스용품 > 근력/스트레칭밴드
옥션2.0,C008805,기타헬스용품,C008804,3,휘트니스/수영 > 헬스용품 > 기타헬스용품
옥션2.0,C008806,메디슨볼,C008804,3,휘트니스/수영 > 헬스용품 > 메디슨볼
옥션2.0,C008807,모래주머니,C008804,3,휘트니스/수영 > 헬스용품 > 모래주머니
옥션2.0,C008808,스트레칭봉,C008804,3,휘트니스/수영 > 헬스용품 > 스트레칭봉
옥션2.0,C008809,악력기/완력기,C008804,3,휘트니스/수영 > 헬스용품 > 악력기/완력기
옥션2.0,C008810,저주파운동기,C008804,3,휘트니스/수영 > 헬스용품 > 저주파운동기
옥션2.0,C008811,줄넘기,C008804,3,휘트니스/수영 > 헬스용품 > 줄넘기
옥션2.0,C008812,푸시업바,C008804,3,휘트니스/수영 > 헬스용품 > 푸시업바
옥션2.0,C008813,헬스스트랩/벨트,C008804,3,휘트니스/수영 > 헬스용품 > 헬스스트랩/벨트
옥션2.0,C008814,헬스장갑,C008804,3,휘트니스/수영 > 헬스용품 > 헬스장갑
옥션2.0,C008815,훌라후프,C008804,3,휘트니스/수영 > 헬스용품 > 훌라후프
스마트스토어,C008818,스포츠/레저,ROOT,1,스포츠/레저
스마트스토어,C008817,검도,C008818,2,스포츠/레저 > 검도
스마트스토어,C008816,검도보호용품,C008817,3,스포츠/레저 > 검도 > 검도보호용품
스마트스토어,C008819,기타검도용품,C008817,3,스포츠/레저 > 검도 > 기타검도용품
스마트스토어,C008820,도복,C008817,3,스포츠/레저 > 검도 > 도복
스마트스토어,C008821,죽도,C008817,3,스포츠/레저 > 검도 > 죽도
스마트스토어,C008822,죽도집/부속품,C008817,3,스포츠/레저 > 검도 > 죽도집/부속품
스마트스토어,C008823,타격대,C008817,3,스포츠/레저 > 검도 > 타격대
스마트스토어,C008825,골프,C008818,2,스포츠/레저 > 골프
스마트스토어,C008824,골프공,C008825,3,스포츠/레저 > 골프 > 골프공
스마트스토어,C008827,골프백,C008825,3,스포츠/레저 > 골프 > 골프백
스마트스토어,C008826,골프백세트,C008827,4,스포츠/레저 > 골프 > 골프백 > 골프백세트
스마트스토어,C008828,골프파우치,C008827,4,스포츠/레저 > 골프 > 골프백 > 골프파우치
스마트스토어,C008829,보스턴백,C008827,4,스포츠/레저 > 골프 > 골프백 > 보스턴백
스마트스토어,C008830,캐디백,C008827,4,스포츠/레저 > 골프 > 골프백 > 캐디백
스마트스토어,C008831,하프백,C008827,4,스포츠/레저 > 골프 > 골프백 > 하프백
스마트스토어,C008832,항공커버,C008827,4,스포츠/레저 > 골프 > 골프백 > 항공커버
스마트스토어,C008834,골프연습용품,C008825,3,스포츠/레저 > 골프 > 골프연습용품
스마트스토어,C008833,스윙용품,C008834,4,스포츠/레저 > 골프 > 골프연습용품 > 스윙용품
스마트스토어,C008835,실외용품,C008834,4,스포츠/레저 > 골프 > 골프연습용품 > 실외용품
스마트스토어,C008836,퍼팅용품,C008834,4,스포츠/레저 > 골프 > 골프연습용품 > 퍼팅용품
스마트스토어,C008838,골프의류,C008825,3,스포츠/레저 > 골프 > 골프의류
스마트스토어,C008837,니트,C008838,4,스포츠/레저 > 골프 > 골프의류 > 니트
스마트스토어,C008839,바지,C008838,4,스포츠/레저 > 골프 > 골프의류 > 바지
스마트스토어,C008840,스커트,C008838,4,스포츠/레저 > 골프 > 골프의류 > 스커트
스마트스토어,C008841,원피스,C008838,4,스포츠/레저 > 골프 > 골프의류 > 원피스
스마트스토어,C008842,재킷,C008838,4,스포츠/레저 > 골프 > 골프의류 > 재킷
스마트스토어,C008843,점퍼,C008838,4,스포츠/레저 > 골프 > 골프의류 > 점퍼
스마트스토어,C008844,조끼,C008838,4,스포츠/레저 > 골프 > 골프의류 > 조끼
스마트스토어,C008845,티셔츠,C008838,4,스포츠/레저 > 골프 > 골프의류 > 티셔츠
스마트스토어,C008847,골프잡화,C008825,3,스포츠/레저 > 골프 > 골프잡화
스마트스토어,C008846,골프패치,C008847,4,스포츠/레저 > 골프 > 골프잡화 > 골프패치
스마트스토어,C008848,모자,C008847,4,스포츠/레저 > 골프 > 골프잡화 > 모자
스마트스토어,C008849,벨트,C008847,4,스포츠/레저 > 골프 > 골프잡화 > 벨트
스마트스토어,C008850,슈즈백,C008847,4,스포츠/레저 > 골프 > 골프잡화 > 슈즈백
스마트스토어,C008851,스타킹/레깅스,C008847,4,스포츠/레저 > 골프 > 골프잡화 > 스타킹/레깅스
스마트스토어,C008852,스파이크,C008847,4,스포츠/레저 > 골프 > 골프잡화 > 스파이크
스마트스토어,C008853,양말,C008847,4,스포츠/레저 > 골프 > 골프잡화 > 양말
스마트스토어,C008854,장갑,C008847,4,스포츠/레저 > 골프 > 골프잡화 > 장갑
스마트스토어,C008856,골프클럽,C008825,3,스포츠/레저 > 골프 > 골프클럽
스마트스토어,C008855,드라이버,C008856,4,스포츠/레저 > 골프 > 골프클럽 > 드라이버
스마트스토어,C008857,아이언,C008856,4,스포츠/레저 > 골프 > 골프클럽 > 아이언
스마트스토어,C008858,연습용클럽,C008856,4,스포츠/레저 > 골프 > 골프클럽 > 연습용클럽
스마트스토어,C008859,웨지,C008856,4,스포츠/레저 > 골프 > 골프클럽 > 웨지
스마트스토어,C008860,주니어용클럽,C008856,4,스포츠/레저 > 골프 > 골프클럽 > 주니어용클럽
스마트스토어,C008861,치퍼,C008856,4,스포츠/레저 > 골프 > 골프클럽 > 치퍼
스마트스토어,C008862,퍼터,C008856,4,스포츠/레저 > 골프 > 골프클럽 > 퍼터
스마트스토어,C008863,페어웨이우드,C008856,4,스포츠/레저 > 골프 > 골프클럽 > 페어웨이우드
스마트스토어,C008864,풀세트,C008856,4,스포츠/레저 > 골프 > 골프클럽 > 풀세트
스마트스토어,C008865,피팅헤드/샤프트,C008856,4,스포츠/레저 > 골프 > 골프클럽 > 피팅헤드/샤프트
스마트스토어,C008866,하이브리드/유틸리티,C008856,4,스포츠/레저 > 골프 > 골프클럽 > 하이브리드/유틸리티
스마트스토어,C008868,골프필드용품,C008825,3,스포츠/레저 > 골프 > 골프필드용품
스마트스토어,C008867,거리측정기,C008868,4,스포츠/레저 > 골프 > 골프필드용품 > 거리측정기
스마트스토어,C008869,골프티/볼마커,C008868,4,스포츠/레저 > 골프 > 골프필드용품 > 골프티/볼마커
스마트스토어,C008870,그립,C008868,4,스포츠/레저 > 골프 > 골프필드용품 > 그립
스마트스토어,C008871,기타필드용품,C008868,4,스포츠/레저 > 골프 > 골프필드용품 > 기타필드용품
스마트스토어,C008872,레인코트,C008868,4,스포츠/레저 > 골프 > 골프필드용품 > 레인코트
스마트스토어,C008873,우산,C008868,4,스포츠/레저 > 골프 > 골프필드용품 > 우산
스마트스토어,C008874,헤드커버,C008868,4,스포츠/레저 > 골프 > 골프필드용품 > 헤드커버
스마트스토어,C008875,골프화,C008825,3,스포츠/레저 > 골프 > 골프화
스마트스토어,C008876,로스트볼,C008825,3,스포츠/레저 > 골프 > 로스트볼
스마트스토어,C008878,파크골프/그라운드골프,C008825,3,스포츠/레저 > 골프 > 파크골프/그라운드골프
스마트스토어,C008877,그라운드골프공,C008878,4,스포츠/레저 > 골프 > 파크골프/그라운드골프 > 그라운드골프공
스마트스토어,C008879,그라운드골프용품,C008878,4,스포츠/레저 > 골프 > 파크골프/그라운드골프 > 그라운드골프용품
스마트스토어,C008880,그라운드골프클럽,C008878,4,스포츠/레저 > 골프 > 파크골프/그라운드골프 > 그라운드골프클럽
스마트스토어,C008881,파크골프공,C008878,4,스포츠/레저 > 골프 > 파크골프/그라운드골프 > 파크골프공
스마트스토어,C008882,파크골프용품,C008878,4,스포츠/레저 > 골프 > 파크골프/그라운드골프 > 파크골프용품
스마트스토어,C008883,파크골프클럽,C008878,4,스포츠/레저 > 골프 > 파크골프/그라운드골프 > 파크골프클럽
스마트스토어,C008885,권투,C008818,2,스포츠/레저 > 권투
스마트스토어,C008884,글러브,C008885,3,스포츠/레저 > 권투 > 글러브
스마트스토어,C008886,미트,C008885,3,스포츠/레저 > 권투 > 미트
스마트스토어,C008887,샌드백,C008885,3,스포츠/레저 > 권투 > 샌드백
스마트스토어,C008888,핸드랩,C008885,3,스포츠/레저 > 권투 > 핸드랩
스마트스토어,C008889,기타스포츠용품,C008818,2,스포츠/레저 > 기타스포츠용품
스마트스토어,C008892,낚시,C008818,2,스포츠/레저 > 낚시
스마트스토어,C008891,낚시릴,C008892,3,스포츠/레저 > 낚시 > 낚시릴
스마트스토어,C008890,베이트릴,C008891,4,스포츠/레저 > 낚시 > 낚시릴 > 베이트릴
스마트스토어,C008893,스피닝릴,C008891,4,스포츠/레저 > 낚시 > 낚시릴 > 스피닝릴
스마트스토어,C008894,전동릴,C008891,4,스포츠/레저 > 낚시 > 낚시릴 > 전동릴
스마트스토어,C008895,플라이릴,C008891,4,스포츠/레저 > 낚시 > 낚시릴 > 플라이릴
스마트스토어,C008897,낚시용품,C008892,3,스포츠/레저 > 낚시 > 낚시용품
스마트스토어,C008896,가위/라인커터/핀온릴,C008897,4,스포츠/레저 > 낚시 > 낚시용품 > 가위/라인커터/핀온릴
스마트스토어,C008898,가프,C008897,4,스포츠/레저 > 낚시 > 낚시용품 > 가프
스마트스토어,C008899,고기집게,C008897,4,스포츠/레저 > 낚시 > 낚시용품 > 고기집게
스마트스토어,C008900,기타낚시용품,C008897,4,스포츠/레저 > 낚시 > 낚시용품 > 기타낚시용품
스마트스토어,C008901,기포기,C008897,4,스포츠/레저 > 낚시 > 낚시용품 > 기포기
스마트스토어,C008902,낚시의자,C008897,4,스포츠/레저 > 낚시 > 낚시용품 > 낚시의자
스마트스토어,C008903,낚시칼,C008897,4,스포츠/레저 > 낚시 > 낚시용품 > 낚시칼
스마트스토어,C008904,낚시텐트,C008897,4,스포츠/레저 > 낚시 > 낚시용품 > 낚시텐트
스마트스토어,C008905,도래,C008897,4,스포츠/레저 > 낚시 > 낚시용품 > 도래
스마트스토어,C008906,두레박,C008897,4,스포츠/레저 > 낚시 > 낚시용품 > 두레박
스마트스토어,C008907,뜰채/뜰망,C008897,4,스포츠/레저 > 낚시 > 낚시용품 > 뜰채/뜰망
스마트스토어,C008908,밑밥주걱,C008897,4,스포츠/레저 > 낚시 > 낚시용품 > 밑밥주걱
스마트스토어,C008909,밑밥통/살림통,C008897,4,스포츠/레저 > 낚시 > 낚시용품 > 밑밥통/살림통
스마트스토어,C008910,바늘결속기,C008897,4,스포츠/레저 > 낚시 > 낚시용품 > 바늘결속기
스마트스토어,C008911,받침대/받침틀/뒤꽂이,C008897,4,스포츠/레저 > 낚시 > 낚시용품 > 받침대/받침틀/뒤꽂이
스마트스토어,C008912,봉돌/싱커,C008897,4,스포츠/레저 > 낚시 > 낚시용품 > 봉돌/싱커
스마트스토어,C008913,살림망/꿰미,C008897,4,스포츠/레저 > 낚시 > 낚시용품 > 살림망/꿰미
스마트스토어,C008914,어군탐지기,C008897,4,스포츠/레저 > 낚시 > 낚시용품 > 어군탐지기
스마트스토어,C008915,케미/집어등,C008897,4,스포츠/레저 > 낚시 > 낚시용품 > 케미/집어등
스마트스토어,C008916,쿨백,C008897,4,스포츠/레저 > 낚시 > 낚시용품 > 쿨백
스마트스토어,C008917,태클박스,C008897,4,스포츠/레저 > 낚시 > 낚시용품 > 태클박스
스마트스토어,C008918,통발/그물,C008897,4,스포츠/레저 > 낚시 > 낚시용품 > 통발/그물
스마트스토어,C008919,포셉,C008897,4,스포츠/레저 > 낚시 > 낚시용품 > 포셉
스마트스토어,C008920,플라이어,C008897,4,스포츠/레저 > 낚시 > 낚시용품 > 플라이어
스마트스토어,C008922,낚시의류/잡화,C008892,3,스포츠/레저 > 낚시 > 낚시의류/잡화
스마트스토어,C008921,낚시모자,C008922,4,스포츠/레저 > 낚시 > 낚시의류/잡화 > 낚시모자
스마트스토어,C008923,낚시복,C008922,4,스포츠/레저 > 낚시 > 낚시의류/잡화 > 낚시복
스마트스토어,C008924,낚시신발,C008922,4,스포츠/레저 > 낚시 > 낚시의류/잡화 > 낚시신발
스마트스토어,C008925,낚시장갑,C008922,4,스포츠/레저 > 낚시 > 낚시의류/잡화 > 낚시장갑
스마트스토어,C008926,낚시장화,C008922,4,스포츠/레저 > 낚시 > 낚시의류/잡화 > 낚시장화
스마트스토어,C008927,낚시조끼,C008922,4,스포츠/레저 > 낚시 > 낚시의류/잡화 > 낚시조끼
스마트스토어,C008928,힙커버/힙가드,C008922,4,스포츠/레저 > 낚시 > 낚시의류/잡화 > 힙커버/힙가드
스마트스토어,C008930,낚싯대,C008892,3,스포츠/레저 > 낚시 > 낚싯대
스마트스토어,C008929,민물낚싯대,C008930,4,스포츠/레저 > 낚시 > 낚싯대 > 민물낚싯대
스마트스토어,C008931,민물루어낚싯대,C008930,4,스포츠/레저 > 낚시 > 낚싯대 > 민물루어낚싯대
스마트스토어,C008932,바다루어낚싯대,C008930,4,스포츠/레저 > 낚시 > 낚싯대 > 바다루어낚싯대
스마트스토어,C008933,바다민장대,C008930,4,스포츠/레저 > 낚시 > 낚싯대 > 바다민장대
스마트스토어,C008934,바다선상낚싯대,C008930,4,스포츠/레저 > 낚시 > 낚싯대 > 바다선상낚싯대
스마트스토어,C008935,바다원투낚싯대,C008930,4,스포츠/레저 > 낚시 > 낚싯대 > 바다원투낚싯대
스마트스토어,C008936,바다찌낚싯대,C008930,4,스포츠/레저 > 낚시 > 낚싯대 > 바다찌낚싯대
스마트스토어,C008937,플라이낚싯대,C008930,4,스포츠/레저 > 낚시 > 낚싯대 > 플라이낚싯대
스마트스토어,C008939,낚싯줄,C008892,3,스포츠/레저 > 낚시 > 낚싯줄
스마트스토어,C008938,모노라인,C008939,4,스포츠/레저 > 낚시 > 낚싯줄 > 모노라인
스마트스토어,C008940,카본라인,C008939,4,스포츠/레저 > 낚시 > 낚싯줄 > 카본라인
스마트스토어,C008941,플라이라인,C008939,4,스포츠/레저 > 낚시 > 낚싯줄 > 플라이라인
스마트스토어,C008942,합사라인,C008939,4,스포츠/레저 > 낚시 > 낚싯줄 > 합사라인
스마트스토어,C008944,루어낚시,C008892,3,스포츠/레저 > 낚시 > 루어낚시
스마트스토어,C008943,기타 루어,C008944,4,스포츠/레저 > 낚시 > 루어낚시 > 기타 루어
스마트스토어,C008945,루어가방,C008944,4,스포츠/레저 > 낚시 > 루어낚시 > 루어가방
스마트스토어,C008946,루어낚시세트,C008944,4,스포츠/레저 > 낚시 > 루어낚시 > 루어낚시세트
스마트스토어,C008947,루어로드케이스,C008944,4,스포츠/레저 > 낚시 > 루어낚시 > 루어로드케이스
스마트스토어,C008948,메탈지그,C008944,4,스포츠/레저 > 낚시 > 루어낚시 > 메탈지그
스마트스토어,C008949,미노우,C008944,4,스포츠/레저 > 낚시 > 루어낚시 > 미노우
스마트스토어,C008950,바늘,C008944,4,스포츠/레저 > 낚시 > 루어낚시 > 바늘
스마트스토어,C008951,소프트베이트,C008944,4,스포츠/레저 > 낚시 > 루어낚시 > 소프트베이트
스마트스토어,C008952,에기,C008944,4,스포츠/레저 > 낚시 > 루어낚시 > 에기
스마트스토어,C008953,웜,C008944,4,스포츠/레저 > 낚시 > 루어낚시 > 웜
스마트스토어,C008954,타이라바,C008944,4,스포츠/레저 > 낚시 > 루어낚시 > 타이라바
스마트스토어,C008956,민물낚시,C008892,3,스포츠/레저 > 낚시 > 민물낚시
스마트스토어,C008955,떡밥,C008956,4,스포츠/레저 > 낚시 > 민물낚시 > 떡밥
스마트스토어,C008957,민물낚시가방,C008956,4,스포츠/레저 > 낚시 > 민물낚시 > 민물낚시가방
스마트스토어,C008958,민물낚시세트,C008956,4,스포츠/레저 > 낚시 > 민물낚시 > 민물낚시세트
스마트스토어,C008959,민물낚싯바늘,C008956,4,스포츠/레저 > 낚시 > 민물낚시 > 민물낚싯바늘
스마트스토어,C008960,얼음낚시,C008956,4,스포츠/레저 > 낚시 > 민물낚시 > 얼음낚시
스마트스토어,C008961,찌,C008956,4,스포츠/레저 > 낚시 > 민물낚시 > 찌
스마트스토어,C008962,찌케이스,C008956,4,스포츠/레저 > 낚시 > 민물낚시 > 찌케이스
스마트스토어,C008964,바다낚시,C008892,3,스포츠/레저 > 낚시 > 바다낚시
스마트스토어,C008963,밑밥,C008964,4,스포츠/레저 > 낚시 > 바다낚시 > 밑밥
스마트스토어,C008965,바다낚시가방,C008964,4,스포츠/레저 > 낚시 > 바다낚시 > 바다낚시가방
스마트스토어,C008966,바다낚시세트,C008964,4,스포츠/레저 > 낚시 > 바다낚시 > 바다낚시세트
스마트스토어,C008967,바다낚싯바늘,C008964,4,스포츠/레저 > 낚시 > 바다낚시 > 바다낚싯바늘
스마트스토어,C008968,찌,C008964,4,스포츠/레저 > 낚시 > 바다낚시 > 찌
스마트스토어,C008969,찌케이스,C008964,4,스포츠/레저 > 낚시 > 바다낚시 > 찌케이스
스마트스토어,C008971,보트,C008892,3,스포츠/레저 > 낚시 > 보트
스마트스토어,C008970,낚시보트/레저보트,C008971,4,스포츠/레저 > 낚시 > 보트 > 낚시보트/레저보트
스마트스토어,C008972,보트용품,C008971,4,스포츠/레저 > 낚시 > 보트 > 보트용품
스마트스토어,C008973,선외기/가이드모터,C008971,4,스포츠/레저 > 낚시 > 보트 > 선외기/가이드모터
스마트스토어,C008974,어탐기/GPS/항해장비,C008971,4,스포츠/레저 > 낚시 > 보트 > 어탐기/GPS/항해장비
스마트스토어,C008976,농구,C008818,2,스포츠/레저 > 농구
스마트스토어,C008975,기타농구용품,C008976,3,스포츠/레저 > 농구 > 기타농구용품
스마트스토어,C008977,농구공,C008976,3,스포츠/레저 > 농구 > 농구공
스마트스토어,C008978,농구공가방,C008976,3,스포츠/레저 > 농구 > 농구공가방
스마트스토어,C008979,농구대,C008976,3,스포츠/레저 > 농구 > 농구대
스마트스토어,C008980,농구의류,C008976,3,스포츠/레저 > 농구 > 농구의류
스마트스토어,C008981,농구화,C008976,3,스포츠/레저 > 농구 > 농구화
스마트스토어,C008982,당구용품,C008818,2,스포츠/레저 > 당구용품
스마트스토어,C008984,댄스,C008818,2,스포츠/레저 > 댄스
스마트스토어,C008983,댄스복,C008984,3,스포츠/레저 > 댄스 > 댄스복
스마트스토어,C008985,댄스소품,C008984,3,스포츠/레저 > 댄스 > 댄스소품
스마트스토어,C008987,등산,C008818,2,스포츠/레저 > 등산
스마트스토어,C008986,기타등산장비,C008987,3,스포츠/레저 > 등산 > 기타등산장비
스마트스토어,C008988,등산가방,C008987,3,스포츠/레저 > 등산 > 등산가방
스마트스토어,C008990,등산의류,C008987,3,스포츠/레저 > 등산 > 등산의류
스마트스토어,C008989,기능성언더웨어,C008990,4,스포츠/레저 > 등산 > 등산의류 > 기능성언더웨어
스마트스토어,C008991,긴팔티셔츠,C008990,4,스포츠/레저 > 등산 > 등산의류 > 긴팔티셔츠
스마트스토어,C008992,바지,C008990,4,스포츠/레저 > 등산 > 등산의류 > 바지
스마트스토어,C008993,반팔티셔츠,C008990,4,스포츠/레저 > 등산 > 등산의류 > 반팔티셔츠
스마트스토어,C008994,세트,C008990,4,스포츠/레저 > 등산 > 등산의류 > 세트
스마트스토어,C008995,재킷,C008990,4,스포츠/레저 > 등산 > 등산의류 > 재킷
스마트스토어,C008996,점퍼,C008990,4,스포츠/레저 > 등산 > 등산의류 > 점퍼
스마트스토어,C008997,조끼,C008990,4,스포츠/레저 > 등산 > 등산의류 > 조끼
스마트스토어,C008999,등산잡화,C008987,3,스포츠/레저 > 등산 > 등산잡화
스마트스토어,C008998,모자,C008999,4,스포츠/레저 > 등산 > 등산잡화 > 모자
스마트스토어,C009000,양말,C008999,4,스포츠/레저 > 등산 > 등산잡화 > 양말
스마트스토어,C009001,장갑,C008999,4,스포츠/레저 > 등산 > 등산잡화 > 장갑
스마트스토어,C009003,등산장비,C008987,3,스포츠/레저 > 등산 > 등산장비
스마트스토어,C009002,나침반/고도계,C009003,4,스포츠/레저 > 등산 > 등산장비 > 나침반/고도계
스마트스토어,C009004,로프,C009003,4,스포츠/레저 > 등산 > 등산장비 > 로프
스마트스토어,C009005,손난로,C009003,4,스포츠/레저 > 등산 > 등산장비 > 손난로
스마트스토어,C009006,스틱,C009003,4,스포츠/레저 > 등산 > 등산장비 > 스틱
스마트스토어,C009007,스패츠,C009003,4,스포츠/레저 > 등산 > 등산장비 > 스패츠
스마트스토어,C009008,아이젠,C009003,4,스포츠/레저 > 등산 > 등산장비 > 아이젠
스마트스토어,C009009,카라비너,C009003,4,스포츠/레저 > 등산 > 등산장비 > 카라비너
스마트스토어,C009010,핫팩,C009003,4,스포츠/레저 > 등산 > 등산장비 > 핫팩
스마트스토어,C009011,등산화,C008987,3,스포츠/레저 > 등산 > 등산화
스마트스토어,C009013,러닝용품,C008818,2,스포츠/레저 > 러닝용품
스마트스토어,C009012,기타러닝용품,C009013,3,스포츠/레저 > 러닝용품 > 기타러닝용품
스마트스토어,C009014,러닝벨트,C009013,3,스포츠/레저 > 러닝용품 > 러닝벨트
스마트스토어,C009015,러닝장갑,C009013,3,스포츠/레저 > 러닝용품 > 러닝장갑
스마트스토어,C009017,무술용품,C008818,2,스포츠/레저 > 무술용품
스마트스토어,C009016,기타무술용품,C009017,3,스포츠/레저 > 무술용품 > 기타무술용품
스마트스토어,C009018,목검/가검,C009017,3,스포츠/레저 > 무술용품 > 목검/가검
스마트스토어,C009019,봉/곤/창,C009017,3,스포츠/레저 > 무술용품 > 봉/곤/창
스마트스토어,C009021,배구,C008818,2,스포츠/레저 > 배구
스마트스토어,C009020,기타배구용품,C009021,3,스포츠/레저 > 배구 > 기타배구용품
스마트스토어,C009022,배구공,C009021,3,스포츠/레저 > 배구 > 배구공
스마트스토어,C009023,배구네트,C009021,3,스포츠/레저 > 배구 > 배구네트
스마트스토어,C009024,배구의류,C009021,3,스포츠/레저 > 배구 > 배구의류
스마트스토어,C009025,배구화,C009021,3,스포츠/레저 > 배구 > 배구화
스마트스토어,C009027,배드민턴,C008818,2,스포츠/레저 > 배드민턴
스마트스토어,C009026,그립,C009027,3,스포츠/레저 > 배드민턴 > 그립
스마트스토어,C009028,기타배드민턴용품,C009027,3,스포츠/레저 > 배드민턴 > 기타배드민턴용품
스마트스토어,C009029,배드민턴가방,C009027,3,스포츠/레저 > 배드민턴 > 배드민턴가방
스마트스토어,C009030,배드민턴네트,C009027,3,스포츠/레저 > 배드민턴 > 배드민턴네트
스마트스토어,C009031,배드민턴라켓,C009027,3,스포츠/레저 > 배드민턴 > 배드민턴라켓
스마트스토어,C009032,배드민턴의류,C009027,3,스포츠/레저 > 배드민턴 > 배드민턴의류
스마트스토어,C009033,배드민턴화,C009027,3,스포츠/레저 > 배드민턴 > 배드민턴화
스마트스토어,C009034,셔틀콕,C009027,3,스포츠/레저 > 배드민턴 > 셔틀콕
스마트스토어,C009035,스트링,C009027,3,스포츠/레저 > 배드민턴 > 스트링
스마트스토어,C009036,연습용품,C009027,3,스포츠/레저 > 배드민턴 > 연습용품
스마트스토어,C009038,보호용품,C008818,2,스포츠/레저 > 보호용품
스마트스토어,C009037,급소보호대,C009038,3,스포츠/레저 > 보호용품 > 급소보호대
스마트스토어,C009039,다리보호대,C009038,3,스포츠/레저 > 보호용품 > 다리보호대
스마트스토어,C009040,마우스피스,C009038,3,스포츠/레저 > 보호용품 > 마우스피스
스마트스토어,C009041,머리보호대,C009038,3,스포츠/레저 > 보호용품 > 머리보호대
스마트스토어,C009042,몸통보호대,C009038,3,스포츠/레저 > 보호용품 > 몸통보호대
스마트스토어,C009043,무릎보호대,C009038,3,스포츠/레저 > 보호용품 > 무릎보호대
스마트스토어,C009044,발목보호대,C009038,3,스포츠/레저 > 보호용품 > 발목보호대
스마트스토어,C009045,배보호대,C009038,3,스포츠/레저 > 보호용품 > 배보호대
스마트스토어,C009046,손목보호대,C009038,3,스포츠/레저 > 보호용품 > 손목보호대
스마트스토어,C009047,어깨보호대,C009038,3,스포츠/레저 > 보호용품 > 어깨보호대
스마트스토어,C009048,테이핑요법,C009038,3,스포츠/레저 > 보호용품 > 테이핑요법
스마트스토어,C009049,팔보호대,C009038,3,스포츠/레저 > 보호용품 > 팔보호대
스마트스토어,C009050,허리보호대,C009038,3,스포츠/레저 > 보호용품 > 허리보호대
스마트스토어,C009052,볼링,C008818,2,스포츠/레저 > 볼링
스마트스토어,C009051,볼링가방,C009052,3,스포츠/레저 > 볼링 > 볼링가방
스마트스토어,C009053,볼링공,C009052,3,스포츠/레저 > 볼링 > 볼링공
스마트스토어,C009054,볼링용품,C009052,3,스포츠/레저 > 볼링 > 볼링용품
스마트스토어,C009055,볼링의류,C009052,3,스포츠/레저 > 볼링 > 볼링의류
스마트스토어,C009056,볼링화,C009052,3,스포츠/레저 > 볼링 > 볼링화
스마트스토어,C009057,아대,C009052,3,스포츠/레저 > 볼링 > 아대
스마트스토어,C009059,수련용품,C008818,2,스포츠/레저 > 수련용품
스마트스토어,C009058,격파용품,C009059,3,스포츠/레저 > 수련용품 > 격파용품
스마트스토어,C009060,기타수련용품,C009059,3,스포츠/레저 > 수련용품 > 기타수련용품
스마트스토어,C009061,띠/벨트,C009059,3,스포츠/레저 > 수련용품 > 띠/벨트
스마트스토어,C009062,무도복,C009059,3,스포츠/레저 > 수련용품 > 무도복
스마트스토어,C009063,수련화,C009059,3,스포츠/레저 > 수련용품 > 수련화
스마트스토어,C009066,수영,C008818,2,스포츠/레저 > 수영
스마트스토어,C009065,남성수영복,C009066,3,스포츠/레저 > 수영 > 남성수영복
스마트스토어,C009064,남성사각,C009065,4,스포츠/레저 > 수영 > 남성수영복 > 남성사각
스마트스토어,C009067,남성삼각,C009065,4,스포츠/레저 > 수영 > 남성수영복 > 남성삼각
스마트스토어,C009068,반신수영복,C009065,4,스포츠/레저 > 수영 > 남성수영복 > 반신수영복
스마트스토어,C009069,전신수영복,C009065,4,스포츠/레저 > 수영 > 남성수영복 > 전신수영복
스마트스토어,C009071,비치웨어,C009066,3,스포츠/레저 > 수영 > 비치웨어
스마트스토어,C009070,상의,C009071,4,스포츠/레저 > 수영 > 비치웨어 > 상의
스마트스토어,C009072,상하세트,C009071,4,스포츠/레저 > 수영 > 비치웨어 > 상하세트
스마트스토어,C009073,스커트,C009071,4,스포츠/레저 > 수영 > 비치웨어 > 스커트
스마트스토어,C009074,원피스,C009071,4,스포츠/레저 > 수영 > 비치웨어 > 원피스
스마트스토어,C009075,커플비치웨어,C009071,4,스포츠/레저 > 수영 > 비치웨어 > 커플비치웨어
스마트스토어,C009076,팬츠,C009071,4,스포츠/레저 > 수영 > 비치웨어 > 팬츠
스마트스토어,C009078,수영용품,C009066,3,스포츠/레저 > 수영 > 수영용품
스마트스토어,C009077,구명조끼,C009078,4,스포츠/레저 > 수영 > 수영용품 > 구명조끼
스마트스토어,C009079,귀마개,C009078,4,스포츠/레저 > 수영 > 수영용품 > 귀마개
스마트스토어,C009080,기타수영용품,C009078,4,스포츠/레저 > 수영 > 수영용품 > 기타수영용품
스마트스토어,C009081,방수팩,C009078,4,스포츠/레저 > 수영 > 수영용품 > 방수팩
스마트스토어,C009082,보트,C009078,4,스포츠/레저 > 수영 > 수영용품 > 보트
스마트스토어,C009083,수경,C009078,4,스포츠/레저 > 수영 > 수영용품 > 수경
스마트스토어,C009084,수영가방,C009078,4,스포츠/레저 > 수영 > 수영용품 > 수영가방
스마트스토어,C009085,수영모,C009078,4,스포츠/레저 > 수영 > 수영용품 > 수영모
스마트스토어,C009086,스노클/마스크,C009078,4,스포츠/레저 > 수영 > 수영용품 > 스노클/마스크
스마트스토어,C009087,오리발,C009078,4,스포츠/레저 > 수영 > 수영용품 > 오리발
스마트스토어,C009088,조립식수영장,C009078,4,스포츠/레저 > 수영 > 수영용품 > 조립식수영장
스마트스토어,C009089,튜브,C009078,4,스포츠/레저 > 수영 > 수영용품 > 튜브
스마트스토어,C009091,여성수영복,C009066,3,스포츠/레저 > 수영 > 여성수영복
스마트스토어,C009090,모노키니,C009091,4,스포츠/레저 > 수영 > 여성수영복 > 모노키니
스마트스토어,C009092,반신수영복,C009091,4,스포츠/레저 > 수영 > 여성수영복 > 반신수영복
스마트스토어,C009093,비키니,C009091,4,스포츠/레저 > 수영 > 여성수영복 > 비키니
스마트스토어,C009094,원피스수영복,C009091,4,스포츠/레저 > 수영 > 여성수영복 > 원피스수영복
스마트스토어,C009095,전신수영복,C009091,4,스포츠/레저 > 수영 > 여성수영복 > 전신수영복
스마트스토어,C009097,스케이트/보드/롤러,C008818,2,스포츠/레저 > 스케이트/보드/롤러
스마트스토어,C009096,롤러슈즈,C009097,3,스포츠/레저 > 스케이트/보드/롤러 > 롤러슈즈
스마트스토어,C009098,스케이트보드,C009097,3,스포츠/레저 > 스케이트/보드/롤러 > 스케이트보드
스마트스토어,C009099,스케이트보드용품,C009097,3,스포츠/레저 > 스케이트/보드/롤러 > 스케이트보드용품
스마트스토어,C009100,아이스스케이트,C009097,3,스포츠/레저 > 스케이트/보드/롤러 > 아이스스케이트
스마트스토어,C009101,인라인스케이트,C009097,3,스포츠/레저 > 스케이트/보드/롤러 > 인라인스케이트
스마트스토어,C009102,인라인용품,C009097,3,스포츠/레저 > 스케이트/보드/롤러 > 인라인용품
스마트스토어,C009103,킥보드,C009097,3,스포츠/레저 > 스케이트/보드/롤러 > 킥보드
스마트스토어,C009104,핑거보드,C009097,3,스포츠/레저 > 스케이트/보드/롤러 > 핑거보드
스마트스토어,C009106,스쿼시,C008818,2,스포츠/레저 > 스쿼시
스마트스토어,C009105,기타스쿼시용품,C009106,3,스포츠/레저 > 스쿼시 > 기타스쿼시용품
스마트스토어,C009107,스쿼시공,C009106,3,스포츠/레저 > 스쿼시 > 스쿼시공
스마트스토어,C009108,스쿼시라켓,C009106,3,스포츠/레저 > 스쿼시 > 스쿼시라켓
스마트스토어,C009111,스키/보드,C008818,2,스포츠/레저 > 스키/보드
스마트스토어,C009110,보드복,C009111,3,스포츠/레저 > 스키/보드 > 보드복
스마트스토어,C009109,상하세트,C009110,4,스포츠/레저 > 스키/보드 > 보드복 > 상하세트
스마트스토어,C009112,재킷,C009110,4,스포츠/레저 > 스키/보드 > 보드복 > 재킷
스마트스토어,C009113,조끼,C009110,4,스포츠/레저 > 스키/보드 > 보드복 > 조끼
스마트스토어,C009114,티셔츠,C009110,4,스포츠/레저 > 스키/보드 > 보드복 > 티셔츠
스마트스토어,C009115,하의,C009110,4,스포츠/레저 > 스키/보드 > 보드복 > 하의
스마트스토어,C009116,후드티,C009110,4,스포츠/레저 > 스키/보드 > 보드복 > 후드티
스마트스토어,C009118,스노보드장비,C009111,3,스포츠/레저 > 스키/보드 > 스노보드장비
스마트스토어,C009117,데크,C009118,4,스포츠/레저 > 스키/보드 > 스노보드장비 > 데크
스마트스토어,C009119,바인딩,C009118,4,스포츠/레저 > 스키/보드 > 스노보드장비 > 바인딩
스마트스토어,C009120,부츠,C009118,4,스포츠/레저 > 스키/보드 > 스노보드장비 > 부츠
스마트스토어,C009121,스노보드세트,C009118,4,스포츠/레저 > 스키/보드 > 스노보드장비 > 스노보드세트
스마트스토어,C009123,스키/보드방한용품,C009111,3,스포츠/레저 > 스키/보드 > 스키/보드방한용품
스마트스토어,C009122,귀마개,C009123,4,스포츠/레저 > 스키/보드 > 스키/보드방한용품 > 귀마개
스마트스토어,C009124,반다나,C009123,4,스포츠/레저 > 스키/보드 > 스키/보드방한용품 > 반다나
스마트스토어,C009125,비니,C009123,4,스포츠/레저 > 스키/보드 > 스키/보드방한용품 > 비니
스마트스토어,C009126,양말,C009123,4,스포츠/레저 > 스키/보드 > 스키/보드방한용품 > 양말
스마트스토어,C009127,장갑,C009123,4,스포츠/레저 > 스키/보드 > 스키/보드방한용품 > 장갑
스마트스토어,C009129,스키/보드용품,C009111,3,스포츠/레저 > 스키/보드 > 스키/보드용품
스마트스토어,C009128,고글,C009129,4,스포츠/레저 > 스키/보드 > 스키/보드용품 > 고글
스마트스토어,C009130,기타용품,C009129,4,스포츠/레저 > 스키/보드 > 스키/보드용품 > 기타용품
스마트스토어,C009131,보드가방,C009129,4,스포츠/레저 > 스키/보드 > 스키/보드용품 > 보드가방
스마트스토어,C009132,보수장비,C009129,4,스포츠/레저 > 스키/보드 > 스키/보드용품 > 보수장비
스마트스토어,C009133,보호대,C009129,4,스포츠/레저 > 스키/보드 > 스키/보드용품 > 보호대
스마트스토어,C009134,헬멧,C009129,4,스포츠/레저 > 스키/보드 > 스키/보드용품 > 헬멧
스마트스토어,C009136,스키복,C009111,3,스포츠/레저 > 스키/보드 > 스키복
스마트스토어,C009135,상의,C009136,4,스포츠/레저 > 스키/보드 > 스키복 > 상의
스마트스토어,C009137,상하세트,C009136,4,스포츠/레저 > 스키/보드 > 스키복 > 상하세트
스마트스토어,C009138,하의,C009136,4,스포츠/레저 > 스키/보드 > 스키복 > 하의
스마트스토어,C009140,스키장비,C009111,3,스포츠/레저 > 스키/보드 > 스키장비
스마트스토어,C009139,부츠,C009140,4,스포츠/레저 > 스키/보드 > 스키장비 > 부츠
스마트스토어,C009141,스키세트,C009140,4,스포츠/레저 > 스키/보드 > 스키장비 > 스키세트
스마트스토어,C009142,폴,C009140,4,스포츠/레저 > 스키/보드 > 스키장비 > 폴
스마트스토어,C009143,플레이트,C009140,4,스포츠/레저 > 스키/보드 > 스키장비 > 플레이트
스마트스토어,C009145,스킨스쿠버,C008818,2,스포츠/레저 > 스킨스쿠버
스마트스토어,C009144,게이지,C009145,3,스포츠/레저 > 스킨스쿠버 > 게이지
스마트스토어,C009146,글러브,C009145,3,스포츠/레저 > 스킨스쿠버 > 글러브
스마트스토어,C009147,기어백,C009145,3,스포츠/레저 > 스킨스쿠버 > 기어백
스마트스토어,C009148,기타스킨스쿠버용품,C009145,3,스포츠/레저 > 스킨스쿠버 > 기타스킨스쿠버용품
스마트스토어,C009149,납,C009145,3,스포츠/레저 > 스킨스쿠버 > 납
스마트스토어,C009150,다이빙슈트,C009145,3,스포츠/레저 > 스킨스쿠버 > 다이빙슈트
스마트스토어,C009151,다이빙칼,C009145,3,스포츠/레저 > 스킨스쿠버 > 다이빙칼
스마트스토어,C009152,레귤레이터,C009145,3,스포츠/레저 > 스킨스쿠버 > 레귤레이터
스마트스토어,C009153,리트렉터,C009145,3,스포츠/레저 > 스킨스쿠버 > 리트렉터
스마트스토어,C009154,부력재킷,C009145,3,스포츠/레저 > 스킨스쿠버 > 부력재킷
스마트스토어,C009155,부츠,C009145,3,스포츠/레저 > 스킨스쿠버 > 부츠
스마트스토어,C009156,수중전등,C009145,3,스포츠/레저 > 스킨스쿠버 > 수중전등
스마트스토어,C009157,수중총/작살,C009145,3,스포츠/레저 > 스킨스쿠버 > 수중총/작살
스마트스토어,C009158,호스,C009145,3,스포츠/레저 > 스킨스쿠버 > 호스
스마트스토어,C009160,스포츠액세서리,C008818,2,스포츠/레저 > 스포츠액세서리
스마트스토어,C009159,볼캐리어,C009160,3,스포츠/레저 > 스포츠액세서리 > 볼캐리어
스마트스토어,C009161,스코어보드/작전판,C009160,3,스포츠/레저 > 스포츠액세서리 > 스코어보드/작전판
스마트스토어,C009162,스포츠넥워머,C009160,3,스포츠/레저 > 스포츠액세서리 > 스포츠넥워머
스마트스토어,C009163,스포츠마스크,C009160,3,스포츠/레저 > 스포츠액세서리 > 스포츠마스크
스마트스토어,C009164,스포츠선글라스,C009160,3,스포츠/레저 > 스포츠액세서리 > 스포츠선글라스
스마트스토어,C009165,스포츠토시,C009160,3,스포츠/레저 > 스포츠액세서리 > 스포츠토시
스마트스토어,C009166,스포츠헤어밴드,C009160,3,스포츠/레저 > 스포츠액세서리 > 스포츠헤어밴드
스마트스토어,C009167,아이스머플러/스카프,C009160,3,스포츠/레저 > 스포츠액세서리 > 아이스머플러/스카프
스마트스토어,C009168,호각/호루라기,C009160,3,스포츠/레저 > 스포츠액세서리 > 호각/호루라기
스마트스토어,C009170,야구,C008818,2,스포츠/레저 > 야구
스마트스토어,C009169,글러브,C009170,3,스포츠/레저 > 야구 > 글러브
스마트스토어,C009171,기타야구용품,C009170,3,스포츠/레저 > 야구 > 기타야구용품
스마트스토어,C009172,야구가방,C009170,3,스포츠/레저 > 야구 > 야구가방
스마트스토어,C009173,야구공,C009170,3,스포츠/레저 > 야구 > 야구공
스마트스토어,C009174,야구배트,C009170,3,스포츠/레저 > 야구 > 야구배트
스마트스토어,C009175,야구보호대,C009170,3,스포츠/레저 > 야구 > 야구보호대
스마트스토어,C009176,야구양말,C009170,3,스포츠/레저 > 야구 > 야구양말
스마트스토어,C009178,야구의류,C009170,3,스포츠/레저 > 야구 > 야구의류
스마트스토어,C009177,기타야구의류,C009178,4,스포츠/레저 > 야구 > 야구의류 > 기타야구의류
스마트스토어,C009179,야구유니폼,C009178,4,스포츠/레저 > 야구 > 야구의류 > 야구유니폼
스마트스토어,C009180,야구장갑,C009170,3,스포츠/레저 > 야구 > 야구장갑
스마트스토어,C009181,야구화,C009170,3,스포츠/레저 > 야구 > 야구화
스마트스토어,C009182,포수장비,C009170,3,스포츠/레저 > 야구 > 포수장비
스마트스토어,C009183,헬멧,C009170,3,스포츠/레저 > 야구 > 헬멧
스마트스토어,C009185,오토바이/스쿠터,C008818,2,스포츠/레저 > 오토바이/스쿠터
스마트스토어,C009184,스쿠터,C009185,3,스포츠/레저 > 오토바이/스쿠터 > 스쿠터
스마트스토어,C009186,오토바이,C009185,3,스포츠/레저 > 오토바이/스쿠터 > 오토바이
스마트스토어,C009188,오토바이부품,C009185,3,스포츠/레저 > 오토바이/스쿠터 > 오토바이부품
스마트스토어,C009187,기타오토바이부품,C009188,4,스포츠/레저 > 오토바이/스쿠터 > 오토바이부품 > 기타오토바이부품
스마트스토어,C009189,오일,C009188,4,스포츠/레저 > 오토바이/스쿠터 > 오토바이부품 > 오일
스마트스토어,C009190,잠금장치,C009188,4,스포츠/레저 > 오토바이/스쿠터 > 오토바이부품 > 잠금장치
스마트스토어,C009191,튜닝용품,C009188,4,스포츠/레저 > 오토바이/스쿠터 > 오토바이부품 > 튜닝용품
스마트스토어,C009193,오토바이용품,C009185,3,스포츠/레저 > 오토바이/스쿠터 > 오토바이용품
스마트스토어,C009192,기타오토바이용품,C009193,4,스포츠/레저 > 오토바이/스쿠터 > 오토바이용품 > 기타오토바이용품
스마트스토어,C009194,보호대,C009193,4,스포츠/레저 > 오토바이/스쿠터 > 오토바이용품 > 보호대
스마트스토어,C009195,탑박스,C009193,4,스포츠/레저 > 오토바이/스쿠터 > 오토바이용품 > 탑박스
스마트스토어,C009196,헬멧,C009193,4,스포츠/레저 > 오토바이/스쿠터 > 오토바이용품 > 헬멧
스마트스토어,C009198,오토바이의류/잡화,C009185,3,스포츠/레저 > 오토바이/스쿠터 > 오토바이의류/잡화
스마트스토어,C009197,바이크장갑,C009198,4,스포츠/레저 > 오토바이/스쿠터 > 오토바이의류/잡화 > 바이크장갑
스마트스토어,C009199,상의,C009198,4,스포츠/레저 > 오토바이/스쿠터 > 오토바이의류/잡화 > 상의
스마트스토어,C009200,상하세트,C009198,4,스포츠/레저 > 오토바이/스쿠터 > 오토바이의류/잡화 > 상하세트
스마트스토어,C009201,하의,C009198,4,스포츠/레저 > 오토바이/스쿠터 > 오토바이의류/잡화 > 하의
스마트스토어,C009202,전동휠,C009185,3,스포츠/레저 > 오토바이/스쿠터 > 전동휠
스마트스토어,C009204,요가/필라테스,C008818,2,스포츠/레저 > 요가/필라테스
스마트스토어,C009203,기타요가용품,C009204,3,스포츠/레저 > 요가/필라테스 > 기타요가용품
스마트스토어,C009205,요가링/필라테스링,C009204,3,스포츠/레저 > 요가/필라테스 > 요가링/필라테스링
스마트스토어,C009206,요가매트,C009204,3,스포츠/레저 > 요가/필라테스 > 요가매트
스마트스토어,C009208,요가복,C009204,3,스포츠/레저 > 요가/필라테스 > 요가복
스마트스토어,C009207,상의,C009208,4,스포츠/레저 > 요가/필라테스 > 요가복 > 상의
스마트스토어,C009209,상하세트,C009208,4,스포츠/레저 > 요가/필라테스 > 요가복 > 상하세트
스마트스토어,C009210,하의,C009208,4,스포츠/레저 > 요가/필라테스 > 요가복 > 하의
스마트스토어,C009211,필라테스,C009204,3,스포츠/레저 > 요가/필라테스 > 필라테스
스마트스토어,C009214,자전거,C008818,2,스포츠/레저 > 자전거
스마트스토어,C009213,자전거/MTB,C009214,3,스포츠/레저 > 자전거 > 자전거/MTB
스마트스토어,C009212,MTB,C009213,4,스포츠/레저 > 자전거 > 자전거/MTB > MTB
스마트스토어,C009215,미니벨로,C009213,4,스포츠/레저 > 자전거 > 자전거/MTB > 미니벨로
스마트스토어,C009216,사이클,C009213,4,스포츠/레저 > 자전거 > 자전거/MTB > 사이클
스마트스토어,C009217,일반자전거,C009213,4,스포츠/레저 > 자전거 > 자전거/MTB > 일반자전거
스마트스토어,C009218,전기자전거,C009213,4,스포츠/레저 > 자전거 > 자전거/MTB > 전기자전거
스마트스토어,C009219,특수자전거,C009213,4,스포츠/레저 > 자전거 > 자전거/MTB > 특수자전거
스마트스토어,C009220,하이브리드,C009213,4,스포츠/레저 > 자전거 > 자전거/MTB > 하이브리드
스마트스토어,C009222,자전거부품,C009214,3,스포츠/레저 > 자전거 > 자전거부품
스마트스토어,C009221,기타자전거부품,C009222,4,스포츠/레저 > 자전거 > 자전거부품 > 기타자전거부품
스마트스토어,C009223,바엔드/그립,C009222,4,스포츠/레저 > 자전거 > 자전거부품 > 바엔드/그립
스마트스토어,C009224,변속기,C009222,4,스포츠/레저 > 자전거 > 자전거부품 > 변속기
스마트스토어,C009225,브레이크,C009222,4,스포츠/레저 > 자전거 > 자전거부품 > 브레이크
스마트스토어,C009226,스탠드,C009222,4,스포츠/레저 > 자전거 > 자전거부품 > 스탠드
스마트스토어,C009227,시트포스트,C009222,4,스포츠/레저 > 자전거 > 자전거부품 > 시트포스트
스마트스토어,C009228,안장,C009222,4,스포츠/레저 > 자전거 > 자전거부품 > 안장
스마트스토어,C009229,체인,C009222,4,스포츠/레저 > 자전거 > 자전거부품 > 체인
스마트스토어,C009230,클릿/페달,C009222,4,스포츠/레저 > 자전거 > 자전거부품 > 클릿/페달
스마트스토어,C009231,타이어/튜브/보조바퀴,C009222,4,스포츠/레저 > 자전거 > 자전거부품 > 타이어/튜브/보조바퀴
스마트스토어,C009232,프레임/포크,C009222,4,스포츠/레저 > 자전거 > 자전거부품 > 프레임/포크
스마트스토어,C009233,핸들바,C009222,4,스포츠/레저 > 자전거 > 자전거부품 > 핸들바
스마트스토어,C009234,휠셋/림/스프라켓,C009222,4,스포츠/레저 > 자전거 > 자전거부품 > 휠셋/림/스프라켓
스마트스토어,C009236,자전거용품,C009214,3,스포츠/레저 > 자전거 > 자전거용품
스마트스토어,C009235,공구,C009236,4,스포츠/레저 > 자전거 > 자전거용품 > 공구
스마트스토어,C009237,기타자전거용품,C009236,4,스포츠/레저 > 자전거 > 자전거용품 > 기타자전거용품
스마트스토어,C009238,물통,C009236,4,스포츠/레저 > 자전거 > 자전거용품 > 물통
스마트스토어,C009239,바테이프,C009236,4,스포츠/레저 > 자전거 > 자전거용품 > 바테이프
스마트스토어,C009240,백미러,C009236,4,스포츠/레저 > 자전거 > 자전거용품 > 백미러
스마트스토어,C009241,벨,C009236,4,스포츠/레저 > 자전거 > 자전거용품 > 벨
스마트스토어,C009242,보호대,C009236,4,스포츠/레저 > 자전거 > 자전거용품 > 보호대
스마트스토어,C009243,세척제,C009236,4,스포츠/레저 > 자전거 > 자전거용품 > 세척제
스마트스토어,C009244,속도계,C009236,4,스포츠/레저 > 자전거 > 자전거용품 > 속도계
스마트스토어,C009245,액세서리거치대,C009236,4,스포츠/레저 > 자전거 > 자전거용품 > 액세서리거치대
스마트스토어,C009246,오일,C009236,4,스포츠/레저 > 자전거 > 자전거용품 > 오일
스마트스토어,C009247,자물쇠,C009236,4,스포츠/레저 > 자전거 > 자전거용품 > 자물쇠
스마트스토어,C009248,자전거가방,C009236,4,스포츠/레저 > 자전거 > 자전거용품 > 자전거가방
스마트스토어,C009249,자전거라이트,C009236,4,스포츠/레저 > 자전거 > 자전거용품 > 자전거라이트
스마트스토어,C009250,짐받이,C009236,4,스포츠/레저 > 자전거 > 자전거용품 > 짐받이
스마트스토어,C009251,케이지,C009236,4,스포츠/레저 > 자전거 > 자전거용품 > 케이지
스마트스토어,C009252,트레이너,C009236,4,스포츠/레저 > 자전거 > 자전거용품 > 트레이너
스마트스토어,C009253,펌프,C009236,4,스포츠/레저 > 자전거 > 자전거용품 > 펌프
스마트스토어,C009254,헬멧,C009236,4,스포츠/레저 > 자전거 > 자전거용품 > 헬멧
스마트스토어,C009255,흙받이,C009236,4,스포츠/레저 > 자전거 > 자전거용품 > 흙받이
스마트스토어,C009257,자전거의류/잡화,C009214,3,스포츠/레저 > 자전거 > 자전거의류/잡화
스마트스토어,C009256,두건/밴드,C009257,4,스포츠/레저 > 자전거 > 자전거의류/잡화 > 두건/밴드
스마트스토어,C009258,배낭,C009257,4,스포츠/레저 > 자전거 > 자전거의류/잡화 > 배낭
스마트스토어,C009259,상의,C009257,4,스포츠/레저 > 자전거 > 자전거의류/잡화 > 상의
스마트스토어,C009260,상하세트,C009257,4,스포츠/레저 > 자전거 > 자전거의류/잡화 > 상하세트
스마트스토어,C009261,신발,C009257,4,스포츠/레저 > 자전거 > 자전거의류/잡화 > 신발
스마트스토어,C009262,장갑,C009257,4,스포츠/레저 > 자전거 > 자전거의류/잡화 > 장갑
스마트스토어,C009263,하의,C009257,4,스포츠/레저 > 자전거 > 자전거의류/잡화 > 하의
스마트스토어,C009265,족구,C008818,2,스포츠/레저 > 족구
스마트스토어,C009264,기타족구용품,C009265,3,스포츠/레저 > 족구 > 기타족구용품
스마트스토어,C009266,족구공,C009265,3,스포츠/레저 > 족구 > 족구공
스마트스토어,C009267,족구네트,C009265,3,스포츠/레저 > 족구 > 족구네트
스마트스토어,C009268,족구의류,C009265,3,스포츠/레저 > 족구 > 족구의류
스마트스토어,C009269,족구화,C009265,3,스포츠/레저 > 족구 > 족구화
스마트스토어,C009271,축구,C008818,2,스포츠/레저 > 축구
스마트스토어,C009270,기타축구용품,C009271,3,스포츠/레저 > 축구 > 기타축구용품
스마트스토어,C009273,축구가방,C009271,3,스포츠/레저 > 축구 > 축구가방
스마트스토어,C009272,슈즈백,C009273,4,스포츠/레저 > 축구 > 축구가방 > 슈즈백
스마트스토어,C009274,필드용,C009273,4,스포츠/레저 > 축구 > 축구가방 > 필드용
스마트스토어,C009275,축구공,C009271,3,스포츠/레저 > 축구 > 축구공
스마트스토어,C009276,축구보호대,C009271,3,스포츠/레저 > 축구 > 축구보호대
스마트스토어,C009277,축구양말,C009271,3,스포츠/레저 > 축구 > 축구양말
스마트스토어,C009278,축구연습용품,C009271,3,스포츠/레저 > 축구 > 축구연습용품
스마트스토어,C009280,축구의류,C009271,3,스포츠/레저 > 축구 > 축구의류
스마트스토어,C009279,기타축구의류,C009280,4,스포츠/레저 > 축구 > 축구의류 > 기타축구의류
스마트스토어,C009281,축구유니폼,C009280,4,스포츠/레저 > 축구 > 축구의류 > 축구유니폼
스마트스토어,C009282,축구장갑,C009271,3,스포츠/레저 > 축구 > 축구장갑
스마트스토어,C009283,축구화,C009271,3,스포츠/레저 > 축구 > 축구화
스마트스토어,C009284,풋살화,C009271,3,스포츠/레저 > 축구 > 풋살화
스마트스토어,C009286,캠핑,C008818,2,스포츠/레저 > 캠핑
스마트스토어,C009285,기타캠핑용품,C009286,3,스포츠/레저 > 캠핑 > 기타캠핑용품
스마트스토어,C009288,랜턴,C009286,3,스포츠/레저 > 캠핑 > 랜턴
스마트스토어,C009287,랜턴걸이/스탠드,C009288,4,스포츠/레저 > 캠핑 > 랜턴 > 랜턴걸이/스탠드
스마트스토어,C009289,손전등,C009288,4,스포츠/레저 > 캠핑 > 랜턴 > 손전등
스마트스토어,C009290,실내/실외등,C009288,4,스포츠/레저 > 캠핑 > 랜턴 > 실내/실외등
스마트스토어,C009291,헤드랜턴,C009288,4,스포츠/레저 > 캠핑 > 랜턴 > 헤드랜턴
스마트스토어,C009292,아이스박스,C009286,3,스포츠/레저 > 캠핑 > 아이스박스
스마트스토어,C009293,워터저그,C009286,3,스포츠/레저 > 캠핑 > 워터저그
스마트스토어,C009294,천막,C009286,3,스포츠/레저 > 캠핑 > 천막
스마트스토어,C009296,취사용품,C009286,3,스포츠/레저 > 캠핑 > 취사용품
스마트스토어,C009295,기타취사용품,C009296,4,스포츠/레저 > 캠핑 > 취사용품 > 기타취사용품
스마트스토어,C009297,다용도칼/멀티툴,C009296,4,스포츠/레저 > 캠핑 > 취사용품 > 다용도칼/멀티툴
스마트스토어,C009298,더치오븐,C009296,4,스포츠/레저 > 캠핑 > 취사용품 > 더치오븐
스마트스토어,C009299,바비큐그릴/화로대,C009296,4,스포츠/레저 > 캠핑 > 취사용품 > 바비큐그릴/화로대
스마트스토어,C009300,버너/휴대용가스레인지,C009296,4,스포츠/레저 > 캠핑 > 취사용품 > 버너/휴대용가스레인지
스마트스토어,C009301,부탄가스,C009296,4,스포츠/레저 > 캠핑 > 취사용품 > 부탄가스
스마트스토어,C009302,설거지용품,C009296,4,스포츠/레저 > 캠핑 > 취사용품 > 설거지용품
스마트스토어,C009303,수저/커트러리,C009296,4,스포츠/레저 > 캠핑 > 취사용품 > 수저/커트러리
스마트스토어,C009304,연료,C009296,4,스포츠/레저 > 캠핑 > 취사용품 > 연료
스마트스토어,C009305,캠핑주전자,C009296,4,스포츠/레저 > 캠핑 > 취사용품 > 캠핑주전자
스마트스토어,C009306,캠핑컵,C009296,4,스포츠/레저 > 캠핑 > 취사용품 > 캠핑컵
스마트스토어,C009307,코펠,C009296,4,스포츠/레저 > 캠핑 > 취사용품 > 코펠
스마트스토어,C009308,토치,C009296,4,스포츠/레저 > 캠핑 > 취사용품 > 토치
스마트스토어,C009309,침낭,C009286,3,스포츠/레저 > 캠핑 > 침낭
스마트스토어,C009311,캠핑가구,C009286,3,스포츠/레저 > 캠핑 > 캠핑가구
스마트스토어,C009310,야전침대,C009311,4,스포츠/레저 > 캠핑 > 캠핑가구 > 야전침대
스마트스토어,C009312,캠핑박스,C009311,4,스포츠/레저 > 캠핑 > 캠핑가구 > 캠핑박스
스마트스토어,C009313,캠핑의자,C009311,4,스포츠/레저 > 캠핑 > 캠핑가구 > 캠핑의자
스마트스토어,C009314,캠핑테이블,C009311,4,스포츠/레저 > 캠핑 > 캠핑가구 > 캠핑테이블
스마트스토어,C009315,테이블세트,C009311,4,스포츠/레저 > 캠핑 > 캠핑가구 > 테이블세트
스마트스토어,C009316,해먹,C009311,4,스포츠/레저 > 캠핑 > 캠핑가구 > 해먹
스마트스토어,C009318,캠핑매트,C009286,3,스포츠/레저 > 캠핑 > 캠핑매트
스마트스토어,C009317,발포매트,C009318,4,스포츠/레저 > 캠핑 > 캠핑매트 > 발포매트
스마트스토어,C009319,에어/자충매트,C009318,4,스포츠/레저 > 캠핑 > 캠핑매트 > 에어/자충매트
스마트스토어,C009320,캠핑왜건,C009286,3,스포츠/레저 > 캠핑 > 캠핑왜건
스마트스토어,C009321,타프,C009286,3,스포츠/레저 > 캠핑 > 타프
스마트스토어,C009323,텐트,C009286,3,스포츠/레저 > 캠핑 > 텐트
스마트스토어,C009322,1-2인용,C009323,4,스포츠/레저 > 캠핑 > 텐트 > 1-2인용
스마트스토어,C009324,2-3인용,C009323,4,스포츠/레저 > 캠핑 > 텐트 > 2-3인용
스마트스토어,C009325,3-4인용,C009323,4,스포츠/레저 > 캠핑 > 텐트 > 3-4인용
스마트스토어,C009326,4-5인용,C009323,4,스포츠/레저 > 캠핑 > 텐트 > 4-5인용
스마트스토어,C009327,5-6인용,C009323,4,스포츠/레저 > 캠핑 > 텐트 > 5-6인용
스마트스토어,C009328,6-7인용,C009323,4,스포츠/레저 > 캠핑 > 텐트 > 6-7인용
스마트스토어,C009329,7-8인용,C009323,4,스포츠/레저 > 캠핑 > 텐트 > 7-8인용
스마트스토어,C009330,9인용 이상,C009323,4,스포츠/레저 > 캠핑 > 텐트 > 9인용 이상
스마트스토어,C009331,차박텐트,C009323,4,스포츠/레저 > 캠핑 > 텐트 > 차박텐트
스마트스토어,C009333,텐트/타프용품,C009286,3,스포츠/레저 > 캠핑 > 텐트/타프용품
스마트스토어,C009332,기타텐트/타프용품,C009333,4,스포츠/레저 > 캠핑 > 텐트/타프용품 > 기타텐트/타프용품
스마트스토어,C009334,방수포/그라운드시트,C009333,4,스포츠/레저 > 캠핑 > 텐트/타프용품 > 방수포/그라운드시트
스마트스토어,C009335,스트링/로프,C009333,4,스포츠/레저 > 캠핑 > 텐트/타프용품 > 스트링/로프
스마트스토어,C009336,폴대,C009333,4,스포츠/레저 > 캠핑 > 텐트/타프용품 > 폴대
스마트스토어,C009337,파라솔,C009286,3,스포츠/레저 > 캠핑 > 파라솔
스마트스토어,C009338,파워뱅크,C009286,3,스포츠/레저 > 캠핑 > 파워뱅크
스마트스토어,C009340,탁구,C008818,2,스포츠/레저 > 탁구
스마트스토어,C009339,기타탁구용품,C009340,3,스포츠/레저 > 탁구 > 기타탁구용품
스마트스토어,C009341,탁구공,C009340,3,스포츠/레저 > 탁구 > 탁구공
스마트스토어,C009342,탁구대,C009340,3,스포츠/레저 > 탁구 > 탁구대
스마트스토어,C009343,탁구라켓,C009340,3,스포츠/레저 > 탁구 > 탁구라켓
스마트스토어,C009344,탁구러버,C009340,3,스포츠/레저 > 탁구 > 탁구러버
스마트스토어,C009345,탁구의류,C009340,3,스포츠/레저 > 탁구 > 탁구의류
스마트스토어,C009346,탁구화,C009340,3,스포츠/레저 > 탁구 > 탁구화
스마트스토어,C009348,테니스,C008818,2,스포츠/레저 > 테니스
스마트스토어,C009347,그립,C009348,3,스포츠/레저 > 테니스 > 그립
스마트스토어,C009349,기타테니스용품,C009348,3,스포츠/레저 > 테니스 > 기타테니스용품
스마트스토어,C009350,스트링,C009348,3,스포츠/레저 > 테니스 > 스트링
스마트스토어,C009351,테니스가방,C009348,3,스포츠/레저 > 테니스 > 테니스가방
스마트스토어,C009352,테니스공,C009348,3,스포츠/레저 > 테니스 > 테니스공
스마트스토어,C009353,테니스라켓,C009348,3,스포츠/레저 > 테니스 > 테니스라켓
스마트스토어,C009354,테니스의류,C009348,3,스포츠/레저 > 테니스 > 테니스의류
스마트스토어,C009355,테니스화,C009348,3,스포츠/레저 > 테니스 > 테니스화
스마트스토어,C009357,헬스,C008818,2,스포츠/레저 > 헬스
스마트스토어,C009356,거꾸리,C009357,3,스포츠/레저 > 헬스 > 거꾸리
스마트스토어,C009358,러닝머신,C009357,3,스포츠/레저 > 헬스 > 러닝머신
스마트스토어,C009359,로잉머신,C009357,3,스포츠/레저 > 헬스 > 로잉머신
스마트스토어,C009360,벨트마사지,C009357,3,스포츠/레저 > 헬스 > 벨트마사지
스마트스토어,C009361,복근운동기구,C009357,3,스포츠/레저 > 헬스 > 복근운동기구
스마트스토어,C009362,스텝퍼,C009357,3,스포츠/레저 > 헬스 > 스텝퍼
스마트스토어,C009363,승마운동기,C009357,3,스포츠/레저 > 헬스 > 승마운동기
스마트스토어,C009364,아령,C009357,3,스포츠/레저 > 헬스 > 아령
스마트스토어,C009366,웨이트기구,C009357,3,스포츠/레저 > 헬스 > 웨이트기구
스마트스토어,C009365,바벨,C009366,4,스포츠/레저 > 헬스 > 웨이트기구 > 바벨
스마트스토어,C009367,벤치프레스,C009366,4,스포츠/레저 > 헬스 > 웨이트기구 > 벤치프레스
스마트스토어,C009368,복합헬스머신,C009366,4,스포츠/레저 > 헬스 > 웨이트기구 > 복합헬스머신
스마트스토어,C009369,봉/바,C009366,4,스포츠/레저 > 헬스 > 웨이트기구 > 봉/바
스마트스토어,C009370,스쿼트머신,C009366,4,스포츠/레저 > 헬스 > 웨이트기구 > 스쿼트머신
스마트스토어,C009371,싯업벤치,C009366,4,스포츠/레저 > 헬스 > 웨이트기구 > 싯업벤치
스마트스토어,C009372,웨이트용품,C009366,4,스포츠/레저 > 헬스 > 웨이트기구 > 웨이트용품
스마트스토어,C009373,일립티컬,C009357,3,스포츠/레저 > 헬스 > 일립티컬
스마트스토어,C009374,줄넘기,C009357,3,스포츠/레저 > 헬스 > 줄넘기
스마트스토어,C009375,진동운동기,C009357,3,스포츠/레저 > 헬스 > 진동운동기
스마트스토어,C009376,케틀벨,C009357,3,스포츠/레저 > 헬스 > 케틀벨
스마트스토어,C009377,트램펄린,C009357,3,스포츠/레저 > 헬스 > 트램펄린
스마트스토어,C009378,트위스트,C009357,3,스포츠/레저 > 헬스 > 트위스트
스마트스토어,C009379,헬스사이클,C009357,3,스포츠/레저 > 헬스 > 헬스사이클
스마트스토어,C009381,헬스소품,C009357,3,스포츠/레저 > 헬스 > 헬스소품
스마트스토어,C009380,기타헬스소품,C009381,4,스포츠/레저 > 헬스 > 헬스소품 > 기타헬스소품
스마트스토어,C009382,마사지볼,C009381,4,스포츠/레저 > 헬스 > 헬스소품 > 마사지볼
스마트스토어,C009383,모래주머니,C009381,4,스포츠/레저 > 헬스 > 헬스소품 > 모래주머니
스마트스토어,C009384,손목근력기,C009381,4,스포츠/레저 > 헬스 > 헬스소품 > 손목근력기
스마트스토어,C009385,스텝박스,C009381,4,스포츠/레저 > 헬스 > 헬스소품 > 스텝박스
스마트스토어,C009386,악력기,C009381,4,스포츠/레저 > 헬스 > 헬스소품 > 악력기
스마트스토어,C009387,완력기,C009381,4,스포츠/레저 > 헬스 > 헬스소품 > 완력기
스마트스토어,C009388,운동밴드,C009381,4,스포츠/레저 > 헬스 > 헬스소품 > 운동밴드
스마트스토어,C009389,짐볼/돔볼,C009381,4,스포츠/레저 > 헬스 > 헬스소품 > 짐볼/돔볼
스마트스토어,C009390,폼롤러,C009381,4,스포츠/레저 > 헬스 > 헬스소품 > 폼롤러
스마트스토어,C009391,푸시업바,C009381,4,스포츠/레저 > 헬스 > 헬스소품 > 푸시업바
스마트스토어,C009392,헬스장갑,C009381,4,스포츠/레저 > 헬스 > 헬스소품 > 헬스장갑
스마트스토어,C009393,훌라후프,C009357,3,스포츠/레저 > 헬스 > 훌라후프
스마트스토어,C009396,식품,ROOT,1,식품
스마트스토어,C009395,가루/분말류,C009396,2,식품 > 가루/분말류
스마트스토어,C009394,기타분말가루,C009395,3,식품 > 가루/분말류 > 기타분말가루
스마트스토어,C009397,미숫가루,C009395,3,식품 > 가루/분말류 > 미숫가루
스마트스토어,C009398,밀가루,C009395,3,식품 > 가루/분말류 > 밀가루
스마트스토어,C009399,부침가루,C009395,3,식품 > 가루/분말류 > 부침가루
스마트스토어,C009400,빵가루,C009395,3,식품 > 가루/분말류 > 빵가루
스마트스토어,C009401,쌀가루,C009395,3,식품 > 가루/분말류 > 쌀가루
스마트스토어,C009402,아몬드가루,C009395,3,식품 > 가루/분말류 > 아몬드가루
스마트스토어,C009403,오트밀,C009395,3,식품 > 가루/분말류 > 오트밀
스마트스토어,C009404,찹쌀가루,C009395,3,식품 > 가루/분말류 > 찹쌀가루
스마트스토어,C009405,콩가루,C009395,3,식품 > 가루/분말류 > 콩가루
스마트스토어,C009406,튀김가루,C009395,3,식품 > 가루/분말류 > 튀김가루
스마트스토어,C009409,건강식품,C009396,2,식품 > 건강식품
스마트스토어,C009408,건강분말,C009409,3,식품 > 건강식품 > 건강분말
스마트스토어,C009407,강황가루,C009408,4,식품 > 건강식품 > 건강분말 > 강황가루
스마트스토어,C009410,기타건강분말,C009408,4,식품 > 건강식품 > 건강분말 > 기타건강분말
스마트스토어,C009411,맥문동분말,C009408,4,식품 > 건강식품 > 건강분말 > 맥문동분말
스마트스토어,C009412,새싹보리분말,C009408,4,식품 > 건강식품 > 건강분말 > 새싹보리분말
스마트스토어,C009414,건강즙/과일즙,C009409,3,식품 > 건강식품 > 건강즙/과일즙
스마트스토어,C009413,기타건강즙/과일즙,C009414,4,식품 > 건강식품 > 건강즙/과일즙 > 기타건강즙/과일즙
스마트스토어,C009415,배즙,C009414,4,식품 > 건강식품 > 건강즙/과일즙 > 배즙
스마트스토어,C009416,블루베리즙,C009414,4,식품 > 건강식품 > 건강즙/과일즙 > 블루베리즙
스마트스토어,C009417,비트즙,C009414,4,식품 > 건강식품 > 건강즙/과일즙 > 비트즙
스마트스토어,C009418,사과즙,C009414,4,식품 > 건강식품 > 건강즙/과일즙 > 사과즙
스마트스토어,C009419,석류즙,C009414,4,식품 > 건강식품 > 건강즙/과일즙 > 석류즙
스마트스토어,C009420,아로니아즙,C009414,4,식품 > 건강식품 > 건강즙/과일즙 > 아로니아즙
스마트스토어,C009421,양배추즙,C009414,4,식품 > 건강식품 > 건강즙/과일즙 > 양배추즙
스마트스토어,C009422,양파즙,C009414,4,식품 > 건강식품 > 건강즙/과일즙 > 양파즙
스마트스토어,C009423,칡즙,C009414,4,식품 > 건강식품 > 건강즙/과일즙 > 칡즙
스마트스토어,C009424,토마토즙,C009414,4,식품 > 건강식품 > 건강즙/과일즙 > 토마토즙
스마트스토어,C009425,포도즙,C009414,4,식품 > 건강식품 > 건강즙/과일즙 > 포도즙
스마트스토어,C009426,호박즙,C009414,4,식품 > 건강식품 > 건강즙/과일즙 > 호박즙
스마트스토어,C009427,흑염소즙,C009414,4,식품 > 건강식품 > 건강즙/과일즙 > 흑염소즙
스마트스토어,C009428,건강환/정,C009409,3,식품 > 건강식품 > 건강환/정
스마트스토어,C009429,꿀,C009409,3,식품 > 건강식품 > 꿀
스마트스토어,C009430,로얄제리,C009409,3,식품 > 건강식품 > 로얄제리
스마트스토어,C009432,비타민제,C009409,3,식품 > 건강식품 > 비타민제
스마트스토어,C009431,기타비타민,C009432,4,식품 > 건강식품 > 비타민제 > 기타비타민
스마트스토어,C009433,멀티비타민,C009432,4,식품 > 건강식품 > 비타민제 > 멀티비타민
스마트스토어,C009434,비오틴,C009432,4,식품 > 건강식품 > 비타민제 > 비오틴
스마트스토어,C009435,비타민A,C009432,4,식품 > 건강식품 > 비타민제 > 비타민A
스마트스토어,C009436,비타민B,C009432,4,식품 > 건강식품 > 비타민제 > 비타민B
스마트스토어,C009437,비타민C,C009432,4,식품 > 건강식품 > 비타민제 > 비타민C
스마트스토어,C009438,비타민D,C009432,4,식품 > 건강식품 > 비타민제 > 비타민D
스마트스토어,C009439,비타민E,C009432,4,식품 > 건강식품 > 비타민제 > 비타민E
스마트스토어,C009440,비타민K,C009432,4,식품 > 건강식품 > 비타민제 > 비타민K
스마트스토어,C009441,숙취해소제,C009409,3,식품 > 건강식품 > 숙취해소제
스마트스토어,C009443,영양제,C009409,3,식품 > 건강식품 > 영양제
스마트스토어,C009442,MSM,C009443,4,식품 > 건강식품 > 영양제 > MSM
스마트스토어,C009444,감마리놀렌산,C009443,4,식품 > 건강식품 > 영양제 > 감마리놀렌산
스마트스토어,C009445,글루코사민,C009443,4,식품 > 건강식품 > 영양제 > 글루코사민
스마트스토어,C009446,글루타치온,C009443,4,식품 > 건강식품 > 영양제 > 글루타치온
스마트스토어,C009447,기타건강보조식품,C009443,4,식품 > 건강식품 > 영양제 > 기타건강보조식품
스마트스토어,C009448,대마종자유,C009443,4,식품 > 건강식품 > 영양제 > 대마종자유
스마트스토어,C009449,루테인,C009443,4,식품 > 건강식품 > 영양제 > 루테인
스마트스토어,C009450,마그네슘,C009443,4,식품 > 건강식품 > 영양제 > 마그네슘
스마트스토어,C009451,마카,C009443,4,식품 > 건강식품 > 영양제 > 마카
스마트스토어,C009452,매스틱검,C009443,4,식품 > 건강식품 > 영양제 > 매스틱검
스마트스토어,C009453,멜라토닌,C009443,4,식품 > 건강식품 > 영양제 > 멜라토닌
스마트스토어,C009454,밀크씨슬,C009443,4,식품 > 건강식품 > 영양제 > 밀크씨슬
스마트스토어,C009455,바나바잎추출물,C009443,4,식품 > 건강식품 > 영양제 > 바나바잎추출물
스마트스토어,C009456,베르베린,C009443,4,식품 > 건강식품 > 영양제 > 베르베린
스마트스토어,C009457,보스웰리아,C009443,4,식품 > 건강식품 > 영양제 > 보스웰리아
스마트스토어,C009458,셀레늄,C009443,4,식품 > 건강식품 > 영양제 > 셀레늄
스마트스토어,C009459,스피루리나,C009443,4,식품 > 건강식품 > 영양제 > 스피루리나
스마트스토어,C009460,쏘팔메토,C009443,4,식품 > 건강식품 > 영양제 > 쏘팔메토
스마트스토어,C009461,아연,C009443,4,식품 > 건강식품 > 영양제 > 아연
스마트스토어,C009462,알로에정/겔,C009443,4,식품 > 건강식품 > 영양제 > 알로에정/겔
스마트스토어,C009463,엽산,C009443,4,식품 > 건강식품 > 영양제 > 엽산
스마트스토어,C009464,오메가3,C009443,4,식품 > 건강식품 > 영양제 > 오메가3
스마트스토어,C009465,은행잎추출물,C009443,4,식품 > 건강식품 > 영양제 > 은행잎추출물
스마트스토어,C009466,이노시톨,C009443,4,식품 > 건강식품 > 영양제 > 이노시톨
스마트스토어,C009467,철분,C009443,4,식품 > 건강식품 > 영양제 > 철분
스마트스토어,C009468,초록입홍합,C009443,4,식품 > 건강식품 > 영양제 > 초록입홍합
스마트스토어,C009469,칼륨,C009443,4,식품 > 건강식품 > 영양제 > 칼륨
스마트스토어,C009470,칼슘,C009443,4,식품 > 건강식품 > 영양제 > 칼슘
스마트스토어,C009471,커큐민,C009443,4,식품 > 건강식품 > 영양제 > 커큐민
스마트스토어,C009472,코큐텐,C009443,4,식품 > 건강식품 > 영양제 > 코큐텐
스마트스토어,C009473,콘드로이친,C009443,4,식품 > 건강식품 > 영양제 > 콘드로이친
스마트스토어,C009474,크릴오일,C009443,4,식품 > 건강식품 > 영양제 > 크릴오일
스마트스토어,C009475,클로렐라,C009443,4,식품 > 건강식품 > 영양제 > 클로렐라
스마트스토어,C009476,키토산,C009443,4,식품 > 건강식품 > 영양제 > 키토산
스마트스토어,C009477,테아닌,C009443,4,식품 > 건강식품 > 영양제 > 테아닌
스마트스토어,C009478,포스파티딜세린,C009443,4,식품 > 건강식품 > 영양제 > 포스파티딜세린
스마트스토어,C009479,폴리코사놀,C009443,4,식품 > 건강식품 > 영양제 > 폴리코사놀
스마트스토어,C009480,프로바이오틱스,C009443,4,식품 > 건강식품 > 영양제 > 프로바이오틱스
스마트스토어,C009481,프로폴리스,C009443,4,식품 > 건강식품 > 영양제 > 프로폴리스
스마트스토어,C009482,프리바이오틱스,C009443,4,식품 > 건강식품 > 영양제 > 프리바이오틱스
스마트스토어,C009483,인삼,C009409,3,식품 > 건강식품 > 인삼
스마트스토어,C009485,한방재료,C009409,3,식품 > 건강식품 > 한방재료
스마트스토어,C009484,가시오가피,C009485,4,식품 > 건강식품 > 한방재료 > 가시오가피
스마트스토어,C009486,감초,C009485,4,식품 > 건강식품 > 한방재료 > 감초
스마트스토어,C009487,계피,C009485,4,식품 > 건강식품 > 한방재료 > 계피
스마트스토어,C009488,구기자,C009485,4,식품 > 건강식품 > 한방재료 > 구기자
스마트스토어,C009489,기타한방재료,C009485,4,식품 > 건강식품 > 한방재료 > 기타한방재료
스마트스토어,C009490,녹용,C009485,4,식품 > 건강식품 > 한방재료 > 녹용
스마트스토어,C009491,산수유,C009485,4,식품 > 건강식품 > 한방재료 > 산수유
스마트스토어,C009492,오미자,C009485,4,식품 > 건강식품 > 한방재료 > 오미자
스마트스토어,C009493,헛개나무,C009485,4,식품 > 건강식품 > 한방재료 > 헛개나무
스마트스토어,C009494,황기,C009485,4,식품 > 건강식품 > 한방재료 > 황기
스마트스토어,C009496,홍삼,C009409,3,식품 > 건강식품 > 홍삼
스마트스토어,C009495,기타홍삼제품,C009496,4,식품 > 건강식품 > 홍삼 > 기타홍삼제품
스마트스토어,C009497,정과/절편,C009496,4,식품 > 건강식품 > 홍삼 > 정과/절편
스마트스토어,C009498,캡슐/환,C009496,4,식품 > 건강식품 > 홍삼 > 캡슐/환
스마트스토어,C009499,혼합세트,C009496,4,식품 > 건강식품 > 홍삼 > 혼합세트
스마트스토어,C009500,홍삼액,C009496,4,식품 > 건강식품 > 홍삼 > 홍삼액
스마트스토어,C009501,환자식/영양보충식,C009409,3,식품 > 건강식품 > 환자식/영양보충식
스마트스토어,C009502,효모,C009409,3,식품 > 건강식품 > 효모
스마트스토어,C009503,효소,C009409,3,식품 > 건강식품 > 효소
스마트스토어,C009505,김치,C009396,2,식품 > 김치
스마트스토어,C009504,갓김치,C009505,3,식품 > 김치 > 갓김치
스마트스토어,C009506,겉절이,C009505,3,식품 > 김치 > 겉절이
스마트스토어,C009507,깍두기,C009505,3,식품 > 김치 > 깍두기
스마트스토어,C009508,나박김치,C009505,3,식품 > 김치 > 나박김치
스마트스토어,C009509,동치미,C009505,3,식품 > 김치 > 동치미
스마트스토어,C009510,묵은지,C009505,3,식품 > 김치 > 묵은지
스마트스토어,C009511,백김치,C009505,3,식품 > 김치 > 백김치
스마트스토어,C009512,별미김치,C009505,3,식품 > 김치 > 별미김치
스마트스토어,C009513,열무김치,C009505,3,식품 > 김치 > 열무김치
스마트스토어,C009514,오이소박이,C009505,3,식품 > 김치 > 오이소박이
스마트스토어,C009515,절임배추,C009505,3,식품 > 김치 > 절임배추
스마트스토어,C009516,총각김치,C009505,3,식품 > 김치 > 총각김치
스마트스토어,C009517,파김치,C009505,3,식품 > 김치 > 파김치
스마트스토어,C009518,포기김치,C009505,3,식품 > 김치 > 포기김치
스마트스토어,C009520,냉동/간편조리식품,C009396,2,식품 > 냉동/간편조리식품
스마트스토어,C009519,기타냉동/간편조리식품,C009520,3,식품 > 냉동/간편조리식품 > 기타냉동/간편조리식품
스마트스토어,C009521,누룽지,C009520,3,식품 > 냉동/간편조리식품 > 누룽지
스마트스토어,C009522,도시락,C009520,3,식품 > 냉동/간편조리식품 > 도시락
스마트스토어,C009523,동그랑땡/완자,C009520,3,식품 > 냉동/간편조리식품 > 동그랑땡/완자
스마트스토어,C009524,떡볶이,C009520,3,식품 > 냉동/간편조리식품 > 떡볶이
스마트스토어,C009525,라이스페이퍼,C009520,3,식품 > 냉동/간편조리식품 > 라이스페이퍼
스마트스토어,C009526,만두/딤섬,C009520,3,식품 > 냉동/간편조리식품 > 만두/딤섬
스마트스토어,C009527,맛살/게살,C009520,3,식품 > 냉동/간편조리식품 > 맛살/게살
스마트스토어,C009528,묵,C009520,3,식품 > 냉동/간편조리식품 > 묵
스마트스토어,C009529,샐러드,C009520,3,식품 > 냉동/간편조리식품 > 샐러드
스마트스토어,C009530,스프,C009520,3,식품 > 냉동/간편조리식품 > 스프
스마트스토어,C009531,어묵,C009520,3,식품 > 냉동/간편조리식품 > 어묵
스마트스토어,C009532,죽,C009520,3,식품 > 냉동/간편조리식품 > 죽
스마트스토어,C009533,카레/짜장,C009520,3,식품 > 냉동/간편조리식품 > 카레/짜장
스마트스토어,C009534,튀김류,C009520,3,식품 > 냉동/간편조리식품 > 튀김류
스마트스토어,C009535,피자,C009520,3,식품 > 냉동/간편조리식품 > 피자
스마트스토어,C009536,함박/미트볼,C009520,3,식품 > 냉동/간편조리식품 > 함박/미트볼
스마트스토어,C009537,핫도그,C009520,3,식품 > 냉동/간편조리식품 > 핫도그
스마트스토어,C009538,햄버거,C009520,3,식품 > 냉동/간편조리식품 > 햄버거
스마트스토어,C009541,농산물,C009396,2,식품 > 농산물
스마트스토어,C009540,건과류,C009541,3,식품 > 농산물 > 건과류
스마트스토어,C009539,감말랭이,C009540,4,식품 > 농산물 > 건과류 > 감말랭이
스마트스토어,C009542,건망고,C009540,4,식품 > 농산물 > 건과류 > 건망고
스마트스토어,C009543,건바나나,C009540,4,식품 > 농산물 > 건과류 > 건바나나
스마트스토어,C009544,건자두,C009540,4,식품 > 농산물 > 건과류 > 건자두
스마트스토어,C009545,건포도,C009540,4,식품 > 농산물 > 건과류 > 건포도
스마트스토어,C009546,곶감,C009540,4,식품 > 농산물 > 건과류 > 곶감
스마트스토어,C009547,기타건과류,C009540,4,식품 > 농산물 > 건과류 > 기타건과류
스마트스토어,C009549,견과류,C009541,3,식품 > 농산물 > 견과류
스마트스토어,C009548,기타견과류,C009549,4,식품 > 농산물 > 견과류 > 기타견과류
스마트스토어,C009550,대추,C009549,4,식품 > 농산물 > 견과류 > 대추
스마트스토어,C009551,땅콩,C009549,4,식품 > 농산물 > 견과류 > 땅콩
스마트스토어,C009552,마카다미아,C009549,4,식품 > 농산물 > 견과류 > 마카다미아
스마트스토어,C009553,밤,C009549,4,식품 > 농산물 > 견과류 > 밤
스마트스토어,C009554,아몬드,C009549,4,식품 > 농산물 > 견과류 > 아몬드
스마트스토어,C009555,은행,C009549,4,식품 > 농산물 > 견과류 > 은행
스마트스토어,C009556,잣,C009549,4,식품 > 농산물 > 견과류 > 잣
스마트스토어,C009557,캐슈너트,C009549,4,식품 > 농산물 > 견과류 > 캐슈너트
스마트스토어,C009558,피스타치오,C009549,4,식품 > 농산물 > 견과류 > 피스타치오
스마트스토어,C009559,피칸,C009549,4,식품 > 농산물 > 견과류 > 피칸
스마트스토어,C009560,해바라기씨,C009549,4,식품 > 농산물 > 견과류 > 해바라기씨
스마트스토어,C009561,호두,C009549,4,식품 > 농산물 > 견과류 > 호두
스마트스토어,C009562,호박씨,C009549,4,식품 > 농산물 > 견과류 > 호박씨
스마트스토어,C009563,혼합견과/견과류세트,C009549,4,식품 > 농산물 > 견과류 > 혼합견과/견과류세트
스마트스토어,C009565,과일,C009541,3,식품 > 농산물 > 과일
스마트스토어,C009564,감,C009565,4,식품 > 농산물 > 과일 > 감
스마트스토어,C009566,감귤,C009565,4,식품 > 농산물 > 과일 > 감귤
스마트스토어,C009567,과일세트,C009565,4,식품 > 농산물 > 과일 > 과일세트
스마트스토어,C009568,기타과일,C009565,4,식품 > 농산물 > 과일 > 기타과일
스마트스토어,C009569,딸기,C009565,4,식품 > 농산물 > 과일 > 딸기
스마트스토어,C009570,레드향,C009565,4,식품 > 농산물 > 과일 > 레드향
스마트스토어,C009571,레몬,C009565,4,식품 > 농산물 > 과일 > 레몬
스마트스토어,C009572,망고,C009565,4,식품 > 농산물 > 과일 > 망고
스마트스토어,C009573,매실,C009565,4,식품 > 농산물 > 과일 > 매실
스마트스토어,C009574,멜론,C009565,4,식품 > 농산물 > 과일 > 멜론
스마트스토어,C009575,무화과,C009565,4,식품 > 농산물 > 과일 > 무화과
스마트스토어,C009576,바나나,C009565,4,식품 > 농산물 > 과일 > 바나나
스마트스토어,C009577,배,C009565,4,식품 > 농산물 > 과일 > 배
스마트스토어,C009578,복분자,C009565,4,식품 > 농산물 > 과일 > 복분자
스마트스토어,C009579,복숭아,C009565,4,식품 > 농산물 > 과일 > 복숭아
스마트스토어,C009580,블루베리,C009565,4,식품 > 농산물 > 과일 > 블루베리
스마트스토어,C009581,사과,C009565,4,식품 > 농산물 > 과일 > 사과
스마트스토어,C009582,석류,C009565,4,식품 > 농산물 > 과일 > 석류
스마트스토어,C009583,수박,C009565,4,식품 > 농산물 > 과일 > 수박
스마트스토어,C009584,아보카도,C009565,4,식품 > 농산물 > 과일 > 아보카도
스마트스토어,C009585,오렌지,C009565,4,식품 > 농산물 > 과일 > 오렌지
스마트스토어,C009586,자두,C009565,4,식품 > 농산물 > 과일 > 자두
스마트스토어,C009587,자몽,C009565,4,식품 > 농산물 > 과일 > 자몽
스마트스토어,C009588,참외,C009565,4,식품 > 농산물 > 과일 > 참외
스마트스토어,C009589,천혜향,C009565,4,식품 > 농산물 > 과일 > 천혜향
스마트스토어,C009590,체리,C009565,4,식품 > 농산물 > 과일 > 체리
스마트스토어,C009591,키위/참다래,C009565,4,식품 > 농산물 > 과일 > 키위/참다래
스마트스토어,C009592,토마토,C009565,4,식품 > 농산물 > 과일 > 토마토
스마트스토어,C009593,파인애플,C009565,4,식품 > 농산물 > 과일 > 파인애플
스마트스토어,C009594,포도,C009565,4,식품 > 농산물 > 과일 > 포도
스마트스토어,C009595,한라봉,C009565,4,식품 > 농산물 > 과일 > 한라봉
스마트스토어,C009597,냉동과일,C009541,3,식품 > 농산물 > 냉동과일
스마트스토어,C009596,기타냉동과일,C009597,4,식품 > 농산물 > 냉동과일 > 기타냉동과일
스마트스토어,C009598,냉동딸기,C009597,4,식품 > 농산물 > 냉동과일 > 냉동딸기
스마트스토어,C009599,냉동망고,C009597,4,식품 > 농산물 > 냉동과일 > 냉동망고
스마트스토어,C009600,냉동블루베리,C009597,4,식품 > 농산물 > 냉동과일 > 냉동블루베리
스마트스토어,C009601,냉동아보카도,C009597,4,식품 > 농산물 > 냉동과일 > 냉동아보카도
스마트스토어,C009603,쌀,C009541,3,식품 > 농산물 > 쌀
스마트스토어,C009602,기능성쌀,C009603,4,식품 > 농산물 > 쌀 > 기능성쌀
스마트스토어,C009604,백미,C009603,4,식품 > 농산물 > 쌀 > 백미
스마트스토어,C009605,찹쌀,C009603,4,식품 > 농산물 > 쌀 > 찹쌀
스마트스토어,C009606,현미,C009603,4,식품 > 농산물 > 쌀 > 현미
스마트스토어,C009607,흑미,C009603,4,식품 > 농산물 > 쌀 > 흑미
스마트스토어,C009609,잡곡/혼합곡,C009541,3,식품 > 농산물 > 잡곡/혼합곡
스마트스토어,C009608,귀리,C009609,4,식품 > 농산물 > 잡곡/혼합곡 > 귀리
스마트스토어,C009610,기장/조,C009609,4,식품 > 농산물 > 잡곡/혼합곡 > 기장/조
스마트스토어,C009611,기타잡곡,C009609,4,식품 > 농산물 > 잡곡/혼합곡 > 기타잡곡
스마트스토어,C009612,녹두,C009609,4,식품 > 농산물 > 잡곡/혼합곡 > 녹두
스마트스토어,C009613,들깨,C009609,4,식품 > 농산물 > 잡곡/혼합곡 > 들깨
스마트스토어,C009614,메밀,C009609,4,식품 > 농산물 > 잡곡/혼합곡 > 메밀
스마트스토어,C009615,보리,C009609,4,식품 > 농산물 > 잡곡/혼합곡 > 보리
스마트스토어,C009616,수수,C009609,4,식품 > 농산물 > 잡곡/혼합곡 > 수수
스마트스토어,C009617,율무,C009609,4,식품 > 농산물 > 잡곡/혼합곡 > 율무
스마트스토어,C009618,참깨,C009609,4,식품 > 농산물 > 잡곡/혼합곡 > 참깨
스마트스토어,C009619,콩,C009609,4,식품 > 농산물 > 잡곡/혼합곡 > 콩
스마트스토어,C009620,팥,C009609,4,식품 > 농산물 > 잡곡/혼합곡 > 팥
스마트스토어,C009621,혼합곡,C009609,4,식품 > 농산물 > 잡곡/혼합곡 > 혼합곡
스마트스토어,C009623,채소,C009541,3,식품 > 농산물 > 채소
스마트스토어,C009622,가지,C009623,4,식품 > 농산물 > 채소 > 가지
스마트스토어,C009624,감자,C009623,4,식품 > 농산물 > 채소 > 감자
스마트스토어,C009625,건나물,C009623,4,식품 > 농산물 > 채소 > 건나물
스마트스토어,C009626,고구마,C009623,4,식품 > 농산물 > 채소 > 고구마
스마트스토어,C009627,고추,C009623,4,식품 > 농산물 > 채소 > 고추
스마트스토어,C009628,기타채소류,C009623,4,식품 > 농산물 > 채소 > 기타채소류
스마트스토어,C009629,깻잎,C009623,4,식품 > 농산물 > 채소 > 깻잎
스마트스토어,C009630,냉이,C009623,4,식품 > 농산물 > 채소 > 냉이
스마트스토어,C009631,단호박/밤호박,C009623,4,식품 > 농산물 > 채소 > 단호박/밤호박
스마트스토어,C009632,당근,C009623,4,식품 > 농산물 > 채소 > 당근
스마트스토어,C009633,대파,C009623,4,식품 > 농산물 > 채소 > 대파
스마트스토어,C009634,더덕,C009623,4,식품 > 농산물 > 채소 > 더덕
스마트스토어,C009635,도라지,C009623,4,식품 > 농산물 > 채소 > 도라지
스마트스토어,C009636,두부,C009623,4,식품 > 농산물 > 채소 > 두부
스마트스토어,C009637,마,C009623,4,식품 > 농산물 > 채소 > 마
스마트스토어,C009638,마늘,C009623,4,식품 > 농산물 > 채소 > 마늘
스마트스토어,C009639,무,C009623,4,식품 > 농산물 > 채소 > 무
스마트스토어,C009640,미나리,C009623,4,식품 > 농산물 > 채소 > 미나리
스마트스토어,C009641,배추,C009623,4,식품 > 농산물 > 채소 > 배추
스마트스토어,C009642,버섯,C009623,4,식품 > 농산물 > 채소 > 버섯
스마트스토어,C009643,부추,C009623,4,식품 > 농산물 > 채소 > 부추
스마트스토어,C009644,브로콜리,C009623,4,식품 > 농산물 > 채소 > 브로콜리
스마트스토어,C009645,비트/레드비트,C009623,4,식품 > 농산물 > 채소 > 비트/레드비트
스마트스토어,C009646,산나물,C009623,4,식품 > 농산물 > 채소 > 산나물
스마트스토어,C009647,삶은나물,C009623,4,식품 > 농산물 > 채소 > 삶은나물
스마트스토어,C009648,상추/양상추,C009623,4,식품 > 농산물 > 채소 > 상추/양상추
스마트스토어,C009649,새싹채소,C009623,4,식품 > 농산물 > 채소 > 새싹채소
스마트스토어,C009650,생강,C009623,4,식품 > 농산물 > 채소 > 생강
스마트스토어,C009651,숙주나물,C009623,4,식품 > 농산물 > 채소 > 숙주나물
스마트스토어,C009652,시금치,C009623,4,식품 > 농산물 > 채소 > 시금치
스마트스토어,C009653,쌈채소,C009623,4,식품 > 농산물 > 채소 > 쌈채소
스마트스토어,C009654,아스파라거스,C009623,4,식품 > 농산물 > 채소 > 아스파라거스
스마트스토어,C009655,알로에,C009623,4,식품 > 농산물 > 채소 > 알로에
스마트스토어,C009656,애호박,C009623,4,식품 > 농산물 > 채소 > 애호박
스마트스토어,C009657,양배추,C009623,4,식품 > 농산물 > 채소 > 양배추
스마트스토어,C009658,양파,C009623,4,식품 > 농산물 > 채소 > 양파
스마트스토어,C009659,연근,C009623,4,식품 > 농산물 > 채소 > 연근
스마트스토어,C009660,열무,C009623,4,식품 > 농산물 > 채소 > 열무
스마트스토어,C009661,오이,C009623,4,식품 > 농산물 > 채소 > 오이
스마트스토어,C009662,옥수수,C009623,4,식품 > 농산물 > 채소 > 옥수수
스마트스토어,C009663,우엉,C009623,4,식품 > 농산물 > 채소 > 우엉
스마트스토어,C009664,쪽파,C009623,4,식품 > 농산물 > 채소 > 쪽파
스마트스토어,C009665,콩나물,C009623,4,식품 > 농산물 > 채소 > 콩나물
스마트스토어,C009666,피망/파프리카,C009623,4,식품 > 농산물 > 채소 > 피망/파프리카
스마트스토어,C009668,다이어트식품,C009396,2,식품 > 다이어트식품
스마트스토어,C009667,CLA,C009668,3,식품 > 다이어트식품 > CLA
스마트스토어,C009669,가르시니아,C009668,3,식품 > 다이어트식품 > 가르시니아
스마트스토어,C009670,기타다이어트식품,C009668,3,식품 > 다이어트식품 > 기타다이어트식품
스마트스토어,C009671,다이어트차,C009668,3,식품 > 다이어트식품 > 다이어트차
스마트스토어,C009673,단백질보충제,C009668,3,식품 > 다이어트식품 > 단백질보충제
스마트스토어,C009672,기타단백질보충제,C009673,4,식품 > 다이어트식품 > 단백질보충제 > 기타단백질보충제
스마트스토어,C009674,단백질음료,C009673,4,식품 > 다이어트식품 > 단백질보충제 > 단백질음료
스마트스토어,C009675,단백질츄어블/정,C009673,4,식품 > 다이어트식품 > 단백질보충제 > 단백질츄어블/정
스마트스토어,C009676,단백질파우더,C009673,4,식품 > 다이어트식품 > 단백질보충제 > 단백질파우더
스마트스토어,C009677,아르기닌,C009673,4,식품 > 다이어트식품 > 단백질보충제 > 아르기닌
스마트스토어,C009678,알부민,C009673,4,식품 > 다이어트식품 > 단백질보충제 > 알부민
스마트스토어,C009679,크레아틴,C009673,4,식품 > 다이어트식품 > 단백질보충제 > 크레아틴
스마트스토어,C009680,락토페린,C009668,3,식품 > 다이어트식품 > 락토페린
스마트스토어,C009681,레몬밤,C009668,3,식품 > 다이어트식품 > 레몬밤
스마트스토어,C009682,시네트롤,C009668,3,식품 > 다이어트식품 > 시네트롤
스마트스토어,C009683,시서스,C009668,3,식품 > 다이어트식품 > 시서스
스마트스토어,C009684,식이섬유,C009668,3,식품 > 다이어트식품 > 식이섬유
스마트스토어,C009685,알파CD,C009668,3,식품 > 다이어트식품 > 알파CD
스마트스토어,C009686,와일드망고,C009668,3,식품 > 다이어트식품 > 와일드망고
스마트스토어,C009687,잔티젠,C009668,3,식품 > 다이어트식품 > 잔티젠
스마트스토어,C009688,카테킨,C009668,3,식품 > 다이어트식품 > 카테킨
스마트스토어,C009689,콜라겐,C009668,3,식품 > 다이어트식품 > 콜라겐
스마트스토어,C009690,히알루론산,C009668,3,식품 > 다이어트식품 > 히알루론산
스마트스토어,C009692,떡류,C009396,2,식품 > 떡류
스마트스토어,C009691,가래떡/떡국떡/절편,C009692,3,식품 > 떡류 > 가래떡/떡국떡/절편
스마트스토어,C009693,기타떡,C009692,3,식품 > 떡류 > 기타떡
스마트스토어,C009694,꿀떡/경단,C009692,3,식품 > 떡류 > 꿀떡/경단
스마트스토어,C009695,떡케이크/세트,C009692,3,식품 > 떡류 > 떡케이크/세트
스마트스토어,C009696,모찌/찹쌀떡,C009692,3,식품 > 떡류 > 모찌/찹쌀떡
스마트스토어,C009697,백설기,C009692,3,식품 > 떡류 > 백설기
스마트스토어,C009698,송편,C009692,3,식품 > 떡류 > 송편
스마트스토어,C009699,오메기떡/두텁떡,C009692,3,식품 > 떡류 > 오메기떡/두텁떡
스마트스토어,C009700,인절미,C009692,3,식품 > 떡류 > 인절미
스마트스토어,C009703,라면/면류,C009396,2,식품 > 라면/면류
스마트스토어,C009702,라면,C009703,3,식품 > 라면/면류 > 라면
스마트스토어,C009701,봉지라면,C009702,4,식품 > 라면/면류 > 라면 > 봉지라면
스마트스토어,C009704,컵라면,C009702,4,식품 > 라면/면류 > 라면 > 컵라면
스마트스토어,C009706,면류,C009703,3,식품 > 라면/면류 > 면류
스마트스토어,C009705,국수면,C009706,4,식품 > 라면/면류 > 면류 > 국수면
스마트스토어,C009707,냉면,C009706,4,식품 > 라면/면류 > 면류 > 냉면
스마트스토어,C009708,당면,C009706,4,식품 > 라면/면류 > 면류 > 당면
스마트스토어,C009709,소면,C009706,4,식품 > 라면/면류 > 면류 > 소면
스마트스토어,C009710,소바,C009706,4,식품 > 라면/면류 > 면류 > 소바
스마트스토어,C009711,스파게티면,C009706,4,식품 > 라면/면류 > 면류 > 스파게티면
스마트스토어,C009712,쌀국수면,C009706,4,식품 > 라면/면류 > 면류 > 쌀국수면
스마트스토어,C009713,우동,C009706,4,식품 > 라면/면류 > 면류 > 우동
스마트스토어,C009714,쫄면,C009706,4,식품 > 라면/면류 > 면류 > 쫄면
스마트스토어,C009715,칼국수면,C009706,4,식품 > 라면/면류 > 면류 > 칼국수면
스마트스토어,C009717,밀키트,C009396,2,식품 > 밀키트
스마트스토어,C009716,간식/디저트,C009717,3,식품 > 밀키트 > 간식/디저트
스마트스토어,C009718,구이,C009717,3,식품 > 밀키트 > 구이
스마트스토어,C009719,면/파스타,C009717,3,식품 > 밀키트 > 면/파스타
스마트스토어,C009720,밥/죽,C009717,3,식품 > 밀키트 > 밥/죽
스마트스토어,C009721,볶음/튀김,C009717,3,식품 > 밀키트 > 볶음/튀김
스마트스토어,C009722,세트요리,C009717,3,식품 > 밀키트 > 세트요리
스마트스토어,C009723,조림/찜,C009717,3,식품 > 밀키트 > 조림/찜
스마트스토어,C009724,찌개/국,C009717,3,식품 > 밀키트 > 찌개/국
스마트스토어,C009726,반찬,C009396,2,식품 > 반찬
스마트스토어,C009725,기타반찬류,C009726,3,식품 > 반찬 > 기타반찬류
스마트스토어,C009727,단무지,C009726,3,식품 > 반찬 > 단무지
스마트스토어,C009728,무침류,C009726,3,식품 > 반찬 > 무침류
스마트스토어,C009729,반찬세트,C009726,3,식품 > 반찬 > 반찬세트
스마트스토어,C009730,볶음류,C009726,3,식품 > 반찬 > 볶음류
스마트스토어,C009731,장아찌,C009726,3,식품 > 반찬 > 장아찌
스마트스토어,C009732,장조림,C009726,3,식품 > 반찬 > 장조림
스마트스토어,C009733,절임류,C009726,3,식품 > 반찬 > 절임류
스마트스토어,C009734,조림류,C009726,3,식품 > 반찬 > 조림류
스마트스토어,C009736,빵/베이커리,C009396,2,식품 > 빵/베이커리
스마트스토어,C009735,도넛,C009736,3,식품 > 빵/베이커리 > 도넛
스마트스토어,C009737,샌드위치,C009736,3,식품 > 빵/베이커리 > 샌드위치
스마트스토어,C009738,생지/냉동반죽,C009736,3,식품 > 빵/베이커리 > 생지/냉동반죽
스마트스토어,C009739,식빵/베이글,C009736,3,식품 > 빵/베이커리 > 식빵/베이글
스마트스토어,C009740,일반빵,C009736,3,식품 > 빵/베이커리 > 일반빵
스마트스토어,C009741,케이크,C009736,3,식품 > 빵/베이커리 > 케이크
스마트스토어,C009742,호빵/찐빵,C009736,3,식품 > 빵/베이커리 > 호빵/찐빵
스마트스토어,C009744,소스/드레싱,C009396,2,식품 > 소스/드레싱
스마트스토어,C009743,굴소스,C009744,3,식품 > 소스/드레싱 > 굴소스
스마트스토어,C009745,기타소스/드레싱,C009744,3,식품 > 소스/드레싱 > 기타소스/드레싱
스마트스토어,C009746,돈가스소스,C009744,3,식품 > 소스/드레싱 > 돈가스소스
스마트스토어,C009747,마요네즈,C009744,3,식품 > 소스/드레싱 > 마요네즈
스마트스토어,C009748,머스타드소스,C009744,3,식품 > 소스/드레싱 > 머스타드소스
스마트스토어,C009749,발사믹드레싱,C009744,3,식품 > 소스/드레싱 > 발사믹드레싱
스마트스토어,C009750,스테이크/바베큐소스,C009744,3,식품 > 소스/드레싱 > 스테이크/바베큐소스
스마트스토어,C009751,스파게티/파스타소스,C009744,3,식품 > 소스/드레싱 > 스파게티/파스타소스
스마트스토어,C009752,오리엔탈드레싱,C009744,3,식품 > 소스/드레싱 > 오리엔탈드레싱
스마트스토어,C009753,쯔유,C009744,3,식품 > 소스/드레싱 > 쯔유
스마트스토어,C009754,칠리/핫소스,C009744,3,식품 > 소스/드레싱 > 칠리/핫소스
스마트스토어,C009755,케첩,C009744,3,식품 > 소스/드레싱 > 케첩
스마트스토어,C009756,피쉬소스,C009744,3,식품 > 소스/드레싱 > 피쉬소스
스마트스토어,C009759,수산물,C009396,2,식품 > 수산물
스마트스토어,C009758,건어물,C009759,3,식품 > 수산물 > 건어물
스마트스토어,C009757,건새우,C009758,4,식품 > 수산물 > 건어물 > 건새우
스마트스토어,C009760,건어물세트,C009758,4,식품 > 수산물 > 건어물 > 건어물세트
스마트스토어,C009761,과메기,C009758,4,식품 > 수산물 > 건어물 > 과메기
스마트스토어,C009762,기타건어물,C009758,4,식품 > 수산물 > 건어물 > 기타건어물
스마트스토어,C009763,노가리,C009758,4,식품 > 수산물 > 건어물 > 노가리
스마트스토어,C009764,멸치,C009758,4,식품 > 수산물 > 건어물 > 멸치
스마트스토어,C009765,문어,C009758,4,식품 > 수산물 > 건어물 > 문어
스마트스토어,C009766,오징어,C009758,4,식품 > 수산물 > 건어물 > 오징어
스마트스토어,C009767,쥐포,C009758,4,식품 > 수산물 > 건어물 > 쥐포
스마트스토어,C009768,진미채,C009758,4,식품 > 수산물 > 건어물 > 진미채
스마트스토어,C009769,한치,C009758,4,식품 > 수산물 > 건어물 > 한치
스마트스토어,C009770,황태/코다리,C009758,4,식품 > 수산물 > 건어물 > 황태/코다리
스마트스토어,C009772,김/해초,C009759,3,식품 > 수산물 > 김/해초
스마트스토어,C009771,감태,C009772,4,식품 > 수산물 > 김/해초 > 감태
스마트스토어,C009773,기타해초,C009772,4,식품 > 수산물 > 김/해초 > 기타해초
스마트스토어,C009774,김,C009772,4,식품 > 수산물 > 김/해초 > 김
스마트스토어,C009775,다시마,C009772,4,식품 > 수산물 > 김/해초 > 다시마
스마트스토어,C009776,매생이,C009772,4,식품 > 수산물 > 김/해초 > 매생이
스마트스토어,C009777,미역,C009772,4,식품 > 수산물 > 김/해초 > 미역
스마트스토어,C009778,해초샐러드,C009772,4,식품 > 수산물 > 김/해초 > 해초샐러드
스마트스토어,C009780,생선,C009759,3,식품 > 수산물 > 생선
스마트스토어,C009779,가자미,C009780,4,식품 > 수산물 > 생선 > 가자미
스마트스토어,C009781,갈치,C009780,4,식품 > 수산물 > 생선 > 갈치
스마트스토어,C009782,고등어,C009780,4,식품 > 수산물 > 생선 > 고등어
스마트스토어,C009783,굴비,C009780,4,식품 > 수산물 > 생선 > 굴비
스마트스토어,C009784,기타생선,C009780,4,식품 > 수산물 > 생선 > 기타생선
스마트스토어,C009785,꽁치,C009780,4,식품 > 수산물 > 생선 > 꽁치
스마트스토어,C009786,대구,C009780,4,식품 > 수산물 > 생선 > 대구
스마트스토어,C009787,동태,C009780,4,식품 > 수산물 > 생선 > 동태
스마트스토어,C009788,삼치,C009780,4,식품 > 수산물 > 생선 > 삼치
스마트스토어,C009789,생선회,C009780,4,식품 > 수산물 > 생선 > 생선회
스마트스토어,C009790,연어/훈제연어,C009780,4,식품 > 수산물 > 생선 > 연어/훈제연어
스마트스토어,C009791,옥돔,C009780,4,식품 > 수산물 > 생선 > 옥돔
스마트스토어,C009792,우럭,C009780,4,식품 > 수산물 > 생선 > 우럭
스마트스토어,C009793,임연수,C009780,4,식품 > 수산물 > 생선 > 임연수
스마트스토어,C009794,장어,C009780,4,식품 > 수산물 > 생선 > 장어
스마트스토어,C009795,조기,C009780,4,식품 > 수산물 > 생선 > 조기
스마트스토어,C009796,참치,C009780,4,식품 > 수산물 > 생선 > 참치
스마트스토어,C009797,초밥재료,C009780,4,식품 > 수산물 > 생선 > 초밥재료
스마트스토어,C009798,홍어,C009780,4,식품 > 수산물 > 생선 > 홍어
스마트스토어,C009800,수산가공식품,C009759,3,식품 > 수산물 > 수산가공식품
스마트스토어,C009799,해물볶음류,C009800,4,식품 > 수산물 > 수산가공식품 > 해물볶음류
스마트스토어,C009801,해물찜류,C009800,4,식품 > 수산물 > 수산가공식품 > 해물찜류
스마트스토어,C009802,해물탕류,C009800,4,식품 > 수산물 > 수산가공식품 > 해물탕류
스마트스토어,C009803,해물튀김류,C009800,4,식품 > 수산물 > 수산가공식품 > 해물튀김류
스마트스토어,C009805,젓갈/장류,C009759,3,식품 > 수산물 > 젓갈/장류
스마트스토어,C009804,게장,C009805,4,식품 > 수산물 > 젓갈/장류 > 게장
스마트스토어,C009806,기타젓갈,C009805,4,식품 > 수산물 > 젓갈/장류 > 기타젓갈
스마트스토어,C009807,낙지젓,C009805,4,식품 > 수산물 > 젓갈/장류 > 낙지젓
스마트스토어,C009808,대하장,C009805,4,식품 > 수산물 > 젓갈/장류 > 대하장
스마트스토어,C009809,명란젓,C009805,4,식품 > 수산물 > 젓갈/장류 > 명란젓
스마트스토어,C009810,새우젓,C009805,4,식품 > 수산물 > 젓갈/장류 > 새우젓
스마트스토어,C009811,연어장,C009805,4,식품 > 수산물 > 젓갈/장류 > 연어장
스마트스토어,C009812,오징어젓,C009805,4,식품 > 수산물 > 젓갈/장류 > 오징어젓
스마트스토어,C009813,젓갈선물세트,C009805,4,식품 > 수산물 > 젓갈/장류 > 젓갈선물세트
스마트스토어,C009814,조개젓,C009805,4,식품 > 수산물 > 젓갈/장류 > 조개젓
스마트스토어,C009815,창난젓,C009805,4,식품 > 수산물 > 젓갈/장류 > 창난젓
스마트스토어,C009816,토하젓,C009805,4,식품 > 수산물 > 젓갈/장류 > 토하젓
스마트스토어,C009818,해산물/어패류,C009759,3,식품 > 수산물 > 해산물/어패류
스마트스토어,C009817,가리비,C009818,4,식품 > 수산물 > 해산물/어패류 > 가리비
스마트스토어,C009819,골뱅이,C009818,4,식품 > 수산물 > 해산물/어패류 > 골뱅이
스마트스토어,C009820,굴,C009818,4,식품 > 수산물 > 해산물/어패류 > 굴
스마트스토어,C009821,기타해산물,C009818,4,식품 > 수산물 > 해산물/어패류 > 기타해산물
스마트스토어,C009822,꼬막,C009818,4,식품 > 수산물 > 해산물/어패류 > 꼬막
스마트스토어,C009823,꽃게,C009818,4,식품 > 수산물 > 해산물/어패류 > 꽃게
스마트스토어,C009824,낙지,C009818,4,식품 > 수산물 > 해산물/어패류 > 낙지
스마트스토어,C009825,날치알,C009818,4,식품 > 수산물 > 해산물/어패류 > 날치알
스마트스토어,C009826,대게/홍게,C009818,4,식품 > 수산물 > 해산물/어패류 > 대게/홍게
스마트스토어,C009827,멍게,C009818,4,식품 > 수산물 > 해산물/어패류 > 멍게
스마트스토어,C009828,문어,C009818,4,식품 > 수산물 > 해산물/어패류 > 문어
스마트스토어,C009829,바닷가재,C009818,4,식품 > 수산물 > 해산물/어패류 > 바닷가재
스마트스토어,C009830,바지락,C009818,4,식품 > 수산물 > 해산물/어패류 > 바지락
스마트스토어,C009831,새우,C009818,4,식품 > 수산물 > 해산물/어패류 > 새우
스마트스토어,C009832,성게알,C009818,4,식품 > 수산물 > 해산물/어패류 > 성게알
스마트스토어,C009833,소라,C009818,4,식품 > 수산물 > 해산물/어패류 > 소라
스마트스토어,C009834,오징어,C009818,4,식품 > 수산물 > 해산물/어패류 > 오징어
스마트스토어,C009835,전복,C009818,4,식품 > 수산물 > 해산물/어패류 > 전복
스마트스토어,C009836,조개,C009818,4,식품 > 수산물 > 해산물/어패류 > 조개
스마트스토어,C009837,주꾸미,C009818,4,식품 > 수산물 > 해산물/어패류 > 주꾸미
스마트스토어,C009838,킹크랩,C009818,4,식품 > 수산물 > 해산물/어패류 > 킹크랩
스마트스토어,C009839,해삼,C009818,4,식품 > 수산물 > 해산물/어패류 > 해삼
스마트스토어,C009840,홍합,C009818,4,식품 > 수산물 > 해산물/어패류 > 홍합
스마트스토어,C009842,스낵/과자,C009396,2,식품 > 스낵/과자
스마트스토어,C009841,가공안주류,C009842,3,식품 > 스낵/과자 > 가공안주류
스마트스토어,C009843,과자/쿠키세트,C009842,3,식품 > 스낵/과자 > 과자/쿠키세트
스마트스토어,C009844,기타과자,C009842,3,식품 > 스낵/과자 > 기타과자
스마트스토어,C009846,시리얼,C009842,3,식품 > 스낵/과자 > 시리얼
스마트스토어,C009845,그래놀라,C009846,4,식품 > 스낵/과자 > 시리얼 > 그래놀라
스마트스토어,C009847,기타시리얼,C009846,4,식품 > 스낵/과자 > 시리얼 > 기타시리얼
스마트스토어,C009848,단백질바,C009846,4,식품 > 스낵/과자 > 시리얼 > 단백질바
스마트스토어,C009849,시리얼바,C009846,4,식품 > 스낵/과자 > 시리얼 > 시리얼바
스마트스토어,C009850,후레이크,C009846,4,식품 > 스낵/과자 > 시리얼 > 후레이크
스마트스토어,C009851,일반스낵,C009842,3,식품 > 스낵/과자 > 일반스낵
스마트스토어,C009852,쿠키/비스킷,C009842,3,식품 > 스낵/과자 > 쿠키/비스킷
스마트스토어,C009853,파이/케익,C009842,3,식품 > 스낵/과자 > 파이/케익
스마트스토어,C009854,팝콘/강냉이류,C009842,3,식품 > 스낵/과자 > 팝콘/강냉이류
스마트스토어,C009856,식용유/오일,C009396,2,식품 > 식용유/오일
스마트스토어,C009855,기타기름,C009856,3,식품 > 식용유/오일 > 기타기름
스마트스토어,C009857,대두유,C009856,3,식품 > 식용유/오일 > 대두유
스마트스토어,C009858,들기름,C009856,3,식품 > 식용유/오일 > 들기름
스마트스토어,C009859,아보카도오일,C009856,3,식품 > 식용유/오일 > 아보카도오일
스마트스토어,C009860,올리브유,C009856,3,식품 > 식용유/오일 > 올리브유
스마트스토어,C009861,참기름,C009856,3,식품 > 식용유/오일 > 참기름
스마트스토어,C009862,카놀라유,C009856,3,식품 > 식용유/오일 > 카놀라유
스마트스토어,C009863,포도씨유,C009856,3,식품 > 식용유/오일 > 포도씨유
스마트스토어,C009864,해바라기씨유,C009856,3,식품 > 식용유/오일 > 해바라기씨유
스마트스토어,C009866,아이스크림/빙수,C009396,2,식품 > 아이스크림/빙수
스마트스토어,C009865,빙수/기타재료,C009866,3,식품 > 아이스크림/빙수 > 빙수/기타재료
스마트스토어,C009867,아이스크림,C009866,3,식품 > 아이스크림/빙수 > 아이스크림
스마트스토어,C009869,유가공품,C009396,2,식품 > 유가공품
스마트스토어,C009868,마가린,C009869,3,식품 > 유가공품 > 마가린
스마트스토어,C009870,버터,C009869,3,식품 > 유가공품 > 버터
스마트스토어,C009871,생크림,C009869,3,식품 > 유가공품 > 생크림
스마트스토어,C009872,연유,C009869,3,식품 > 유가공품 > 연유
스마트스토어,C009874,치즈,C009869,3,식품 > 유가공품 > 치즈
스마트스토어,C009873,기타치즈,C009874,4,식품 > 유가공품 > 치즈 > 기타치즈
스마트스토어,C009875,리코타치즈,C009874,4,식품 > 유가공품 > 치즈 > 리코타치즈
스마트스토어,C009876,스트링치즈,C009874,4,식품 > 유가공품 > 치즈 > 스트링치즈
스마트스토어,C009877,슬라이스치즈,C009874,4,식품 > 유가공품 > 치즈 > 슬라이스치즈
스마트스토어,C009878,크림치즈,C009874,4,식품 > 유가공품 > 치즈 > 크림치즈
스마트스토어,C009879,파마산치즈,C009874,4,식품 > 유가공품 > 치즈 > 파마산치즈
스마트스토어,C009880,피자치즈,C009874,4,식품 > 유가공품 > 치즈 > 피자치즈
스마트스토어,C009881,휘핑크림,C009869,3,식품 > 유가공품 > 휘핑크림
스마트스토어,C009884,음료,C009396,2,식품 > 음료
스마트스토어,C009883,건강/기능성음료,C009884,3,식품 > 음료 > 건강/기능성음료
스마트스토어,C009882,기타건강/기능성음료,C009883,4,식품 > 음료 > 건강/기능성음료 > 기타건강/기능성음료
스마트스토어,C009885,에너지음료,C009883,4,식품 > 음료 > 건강/기능성음료 > 에너지음료
스마트스토어,C009886,두유,C009884,3,식품 > 음료 > 두유
스마트스토어,C009887,생수,C009884,3,식품 > 음료 > 생수
스마트스토어,C009889,우유/요거트,C009884,3,식품 > 음료 > 우유/요거트
스마트스토어,C009888,요거트,C009889,4,식품 > 음료 > 우유/요거트 > 요거트
스마트스토어,C009890,우유,C009889,4,식품 > 음료 > 우유/요거트 > 우유
스마트스토어,C009892,전통/차음료,C009884,3,식품 > 음료 > 전통/차음료
스마트스토어,C009891,곡물음료,C009892,4,식품 > 음료 > 전통/차음료 > 곡물음료
스마트스토어,C009893,기타전통/차음료,C009892,4,식품 > 음료 > 전통/차음료 > 기타전통/차음료
스마트스토어,C009894,녹차/홍차음료,C009892,4,식품 > 음료 > 전통/차음료 > 녹차/홍차음료
스마트스토어,C009895,식혜/수정과,C009892,4,식품 > 음료 > 전통/차음료 > 식혜/수정과
스마트스토어,C009897,주스/과즙음료,C009884,3,식품 > 음료 > 주스/과즙음료
스마트스토어,C009896,감귤주스,C009897,4,식품 > 음료 > 주스/과즙음료 > 감귤주스
스마트스토어,C009898,기타과즙음료,C009897,4,식품 > 음료 > 주스/과즙음료 > 기타과즙음료
스마트스토어,C009899,레몬주스,C009897,4,식품 > 음료 > 주스/과즙음료 > 레몬주스
스마트스토어,C009900,망고주스,C009897,4,식품 > 음료 > 주스/과즙음료 > 망고주스
스마트스토어,C009901,매실주스,C009897,4,식품 > 음료 > 주스/과즙음료 > 매실주스
스마트스토어,C009902,사과주스,C009897,4,식품 > 음료 > 주스/과즙음료 > 사과주스
스마트스토어,C009903,오렌지주스,C009897,4,식품 > 음료 > 주스/과즙음료 > 오렌지주스
스마트스토어,C009904,자몽주스,C009897,4,식품 > 음료 > 주스/과즙음료 > 자몽주스
스마트스토어,C009905,타트체리주스,C009897,4,식품 > 음료 > 주스/과즙음료 > 타트체리주스
스마트스토어,C009906,토마토주스,C009897,4,식품 > 음료 > 주스/과즙음료 > 토마토주스
스마트스토어,C009907,포도주스,C009897,4,식품 > 음료 > 주스/과즙음료 > 포도주스
스마트스토어,C009909,차류,C009884,3,식품 > 음료 > 차류
스마트스토어,C009908,결명자차,C009909,4,식품 > 음료 > 차류 > 결명자차
스마트스토어,C009910,국화차,C009909,4,식품 > 음료 > 차류 > 국화차
스마트스토어,C009911,기타차,C009909,4,식품 > 음료 > 차류 > 기타차
스마트스토어,C009912,꽃차,C009909,4,식품 > 음료 > 차류 > 꽃차
스마트스토어,C009913,녹차,C009909,4,식품 > 음료 > 차류 > 녹차
스마트스토어,C009914,대추차,C009909,4,식품 > 음료 > 차류 > 대추차
스마트스토어,C009915,둥글레차,C009909,4,식품 > 음료 > 차류 > 둥글레차
스마트스토어,C009916,라벤더차,C009909,4,식품 > 음료 > 차류 > 라벤더차
스마트스토어,C009917,루이보스티,C009909,4,식품 > 음료 > 차류 > 루이보스티
스마트스토어,C009918,바나바잎차,C009909,4,식품 > 음료 > 차류 > 바나바잎차
스마트스토어,C009919,보리차,C009909,4,식품 > 음료 > 차류 > 보리차
스마트스토어,C009920,보이차,C009909,4,식품 > 음료 > 차류 > 보이차
스마트스토어,C009921,생강차,C009909,4,식품 > 음료 > 차류 > 생강차
스마트스토어,C009922,쌍화차,C009909,4,식품 > 음료 > 차류 > 쌍화차
스마트스토어,C009923,옥수수차,C009909,4,식품 > 음료 > 차류 > 옥수수차
스마트스토어,C009924,우롱차,C009909,4,식품 > 음료 > 차류 > 우롱차
스마트스토어,C009925,우엉차,C009909,4,식품 > 음료 > 차류 > 우엉차
스마트스토어,C009926,유자차,C009909,4,식품 > 음료 > 차류 > 유자차
스마트스토어,C009927,율무차,C009909,4,식품 > 음료 > 차류 > 율무차
스마트스토어,C009928,자스민차,C009909,4,식품 > 음료 > 차류 > 자스민차
스마트스토어,C009929,작두콩차,C009909,4,식품 > 음료 > 차류 > 작두콩차
스마트스토어,C009930,카모마일차,C009909,4,식품 > 음료 > 차류 > 카모마일차
스마트스토어,C009931,콤부차,C009909,4,식품 > 음료 > 차류 > 콤부차
스마트스토어,C009932,페퍼민트차,C009909,4,식품 > 음료 > 차류 > 페퍼민트차
스마트스토어,C009933,허브차,C009909,4,식품 > 음료 > 차류 > 허브차
스마트스토어,C009934,호박팥차,C009909,4,식품 > 음료 > 차류 > 호박팥차
스마트스토어,C009935,홍차,C009909,4,식품 > 음료 > 차류 > 홍차
스마트스토어,C009936,히비스커스차,C009909,4,식품 > 음료 > 차류 > 히비스커스차
스마트스토어,C009938,청량/탄산음료,C009884,3,식품 > 음료 > 청량/탄산음료
스마트스토어,C009937,과즙탄산음료,C009938,4,식품 > 음료 > 청량/탄산음료 > 과즙탄산음료
스마트스토어,C009939,기타탄산음료,C009938,4,식품 > 음료 > 청량/탄산음료 > 기타탄산음료
스마트스토어,C009940,논알콜/무알콜음료,C009938,4,식품 > 음료 > 청량/탄산음료 > 논알콜/무알콜음료
스마트스토어,C009941,사이다,C009938,4,식품 > 음료 > 청량/탄산음료 > 사이다
스마트스토어,C009942,아이스티음료,C009938,4,식품 > 음료 > 청량/탄산음료 > 아이스티음료
스마트스토어,C009943,에이드음료,C009938,4,식품 > 음료 > 청량/탄산음료 > 에이드음료
스마트스토어,C009944,이온음료,C009938,4,식품 > 음료 > 청량/탄산음료 > 이온음료
스마트스토어,C009945,콜라,C009938,4,식품 > 음료 > 청량/탄산음료 > 콜라
스마트스토어,C009947,커피,C009884,3,식품 > 음료 > 커피
스마트스토어,C009946,더치커피,C009947,4,식품 > 음료 > 커피 > 더치커피
스마트스토어,C009948,드립백/티백,C009947,4,식품 > 음료 > 커피 > 드립백/티백
스마트스토어,C009949,원두/생두,C009947,4,식품 > 음료 > 커피 > 원두/생두
스마트스토어,C009950,캡슐커피,C009947,4,식품 > 음료 > 커피 > 캡슐커피
스마트스토어,C009951,커피믹스/인스턴트커피,C009947,4,식품 > 음료 > 커피 > 커피믹스/인스턴트커피
스마트스토어,C009952,커피음료,C009947,4,식품 > 음료 > 커피 > 커피음료
스마트스토어,C009953,프림,C009947,4,식품 > 음료 > 커피 > 프림
스마트스토어,C009954,코코아,C009884,3,식품 > 음료 > 코코아
스마트스토어,C009955,탄산수,C009884,3,식품 > 음료 > 탄산수
스마트스토어,C009956,파우더/스무디,C009884,3,식품 > 음료 > 파우더/스무디
스마트스토어,C009958,장류,C009396,2,식품 > 장류
스마트스토어,C009957,간장,C009958,3,식품 > 장류 > 간장
스마트스토어,C009959,고추장,C009958,3,식품 > 장류 > 고추장
스마트스토어,C009960,기타장류,C009958,3,식품 > 장류 > 기타장류
스마트스토어,C009961,낫토,C009958,3,식품 > 장류 > 낫토
스마트스토어,C009962,된장,C009958,3,식품 > 장류 > 된장
스마트스토어,C009963,메주,C009958,3,식품 > 장류 > 메주
스마트스토어,C009964,쌈장,C009958,3,식품 > 장류 > 쌈장
스마트스토어,C009966,양념장,C009958,3,식품 > 장류 > 양념장
스마트스토어,C009965,고기양념,C009966,4,식품 > 장류 > 양념장 > 고기양념
스마트스토어,C009967,기타양념장,C009966,4,식품 > 장류 > 양념장 > 기타양념장
스마트스토어,C009968,비빔양념,C009966,4,식품 > 장류 > 양념장 > 비빔양념
스마트스토어,C009969,찌개양념,C009966,4,식품 > 장류 > 양념장 > 찌개양념
스마트스토어,C009970,청국장,C009958,3,식품 > 장류 > 청국장
스마트스토어,C009972,잼/시럽,C009396,2,식품 > 잼/시럽
스마트스토어,C009971,기타잼/시럽,C009972,3,식품 > 잼/시럽 > 기타잼/시럽
스마트스토어,C009973,딸기잼,C009972,3,식품 > 잼/시럽 > 딸기잼
스마트스토어,C009974,땅콩잼,C009972,3,식품 > 잼/시럽 > 땅콩잼
스마트스토어,C009975,메이플시럽,C009972,3,식품 > 잼/시럽 > 메이플시럽
스마트스토어,C009976,사과잼,C009972,3,식품 > 잼/시럽 > 사과잼
스마트스토어,C009977,초코시럽,C009972,3,식품 > 잼/시럽 > 초코시럽
스마트스토어,C009978,초코잼,C009972,3,식품 > 잼/시럽 > 초코잼
스마트스토어,C009979,커피시럽,C009972,3,식품 > 잼/시럽 > 커피시럽
스마트스토어,C009981,전통과자,C009396,2,식품 > 전통과자
스마트스토어,C009980,강정,C009981,3,식품 > 전통과자 > 강정
스마트스토어,C009982,약과,C009981,3,식품 > 전통과자 > 약과
스마트스토어,C009983,엿,C009981,3,식품 > 전통과자 > 엿
스마트스토어,C009984,전병,C009981,3,식품 > 전통과자 > 전병
스마트스토어,C009985,한과,C009981,3,식품 > 전통과자 > 한과
스마트스토어,C009986,화과자,C009981,3,식품 > 전통과자 > 화과자
스마트스토어,C009988,제과/제빵재료,C009396,2,식품 > 제과/제빵재료
스마트스토어,C009987,기타제과/제빵재료,C009988,3,식품 > 제과/제빵재료 > 기타제과/제빵재료
스마트스토어,C009989,베이킹파우더,C009988,3,식품 > 제과/제빵재료 > 베이킹파우더
스마트스토어,C009990,제과/제빵믹스,C009988,3,식품 > 제과/제빵재료 > 제과/제빵믹스
스마트스토어,C009991,호떡믹스,C009988,3,식품 > 제과/제빵재료 > 호떡믹스
스마트스토어,C009993,젤리/사탕/초콜릿,C009396,2,식품 > 젤리/사탕/초콜릿
스마트스토어,C009992,껌,C009993,3,식품 > 젤리/사탕/초콜릿 > 껌
스마트스토어,C009994,마시멜로,C009993,3,식품 > 젤리/사탕/초콜릿 > 마시멜로
스마트스토어,C009995,사탕,C009993,3,식품 > 젤리/사탕/초콜릿 > 사탕
스마트스토어,C009996,양갱,C009993,3,식품 > 젤리/사탕/초콜릿 > 양갱
스마트스토어,C009997,젤리,C009993,3,식품 > 젤리/사탕/초콜릿 > 젤리
스마트스토어,C009998,초콜릿,C009993,3,식품 > 젤리/사탕/초콜릿 > 초콜릿
스마트스토어,C009999,캐러멜,C009993,3,식품 > 젤리/사탕/초콜릿 > 캐러멜
스마트스토어,C010000,푸딩,C009993,3,식품 > 젤리/사탕/초콜릿 > 푸딩
스마트스토어,C010002,조미료,C009396,2,식품 > 조미료
스마트스토어,C010001,겨자,C010002,3,식품 > 조미료 > 겨자
스마트스토어,C010003,고추냉이,C010002,3,식품 > 조미료 > 고추냉이
스마트스토어,C010004,고춧가루,C010002,3,식품 > 조미료 > 고춧가루
스마트스토어,C010005,기타조미료,C010002,3,식품 > 조미료 > 기타조미료
스마트스토어,C010006,맛가루/후리가케,C010002,3,식품 > 조미료 > 맛가루/후리가케
스마트스토어,C010007,물엿/올리고당,C010002,3,식품 > 조미료 > 물엿/올리고당
스마트스토어,C010008,설탕,C010002,3,식품 > 조미료 > 설탕
스마트스토어,C010009,소금,C010002,3,식품 > 조미료 > 소금
스마트스토어,C010010,식초,C010002,3,식품 > 조미료 > 식초
스마트스토어,C010011,액젓,C010002,3,식품 > 조미료 > 액젓
스마트스토어,C010012,천연감미료,C010002,3,식품 > 조미료 > 천연감미료
스마트스토어,C010013,후추,C010002,3,식품 > 조미료 > 후추
스마트스토어,C010015,주류,C009396,2,식품 > 주류
스마트스토어,C010014,맥주,C010015,3,식품 > 주류 > 맥주
스마트스토어,C010016,사케/기타수입주류,C010015,3,식품 > 주류 > 사케/기타수입주류
스마트스토어,C010017,수입와인,C010015,3,식품 > 주류 > 수입와인
스마트스토어,C010018,양주,C010015,3,식품 > 주류 > 양주
스마트스토어,C010020,전통주,C010015,3,식품 > 주류 > 전통주
스마트스토어,C010019,국산와인/과일주,C010020,4,식품 > 주류 > 전통주 > 국산와인/과일주
스마트스토어,C010021,기타전통주,C010020,4,식품 > 주류 > 전통주 > 기타전통주
스마트스토어,C010022,담금주,C010020,4,식품 > 주류 > 전통주 > 담금주
스마트스토어,C010023,리큐르주,C010020,4,식품 > 주류 > 전통주 > 리큐르주
스마트스토어,C010024,막걸리/탁주,C010020,4,식품 > 주류 > 전통주 > 막걸리/탁주
스마트스토어,C010025,복분자주,C010020,4,식품 > 주류 > 전통주 > 복분자주
스마트스토어,C010026,소주,C010020,4,식품 > 주류 > 전통주 > 소주
스마트스토어,C010027,약주,C010020,4,식품 > 주류 > 전통주 > 약주
스마트스토어,C010028,일반증류주,C010020,4,식품 > 주류 > 전통주 > 일반증류주
스마트스토어,C010029,전통주선물세트,C010020,4,식품 > 주류 > 전통주 > 전통주선물세트
스마트스토어,C010031,즉석밥/즉석국,C009396,2,식품 > 즉석밥/즉석국
스마트스토어,C010030,국/탕/찌개,C010031,3,식품 > 즉석밥/즉석국 > 국/탕/찌개
스마트스토어,C010032,볶음밥/컵밥/덮밥,C010031,3,식품 > 즉석밥/즉석국 > 볶음밥/컵밥/덮밥
스마트스토어,C010033,일반즉석밥/잡곡밥,C010031,3,식품 > 즉석밥/즉석국 > 일반즉석밥/잡곡밥
스마트스토어,C010034,전투식량,C010031,3,식품 > 즉석밥/즉석국 > 전투식량
스마트스토어,C010035,주먹밥/김밥,C010031,3,식품 > 즉석밥/즉석국 > 주먹밥/김밥
스마트스토어,C010037,축산물,C009396,2,식품 > 축산물
스마트스토어,C010036,기타육류,C010037,3,식품 > 축산물 > 기타육류
스마트스토어,C010039,닭고기,C010037,3,식품 > 축산물 > 닭고기
스마트스토어,C010038,기타부위닭고기,C010039,4,식품 > 축산물 > 닭고기 > 기타부위닭고기
스마트스토어,C010040,닭가슴살,C010039,4,식품 > 축산물 > 닭고기 > 닭가슴살
스마트스토어,C010041,닭날개/봉,C010039,4,식품 > 축산물 > 닭고기 > 닭날개/봉
스마트스토어,C010042,닭다리,C010039,4,식품 > 축산물 > 닭고기 > 닭다리
스마트스토어,C010043,닭발/근위,C010039,4,식품 > 축산물 > 닭고기 > 닭발/근위
스마트스토어,C010044,닭양념육,C010039,4,식품 > 축산물 > 닭고기 > 닭양념육
스마트스토어,C010045,생닭,C010039,4,식품 > 축산물 > 닭고기 > 생닭
스마트스토어,C010047,돼지고기,C010037,3,식품 > 축산물 > 돼지고기
스마트스토어,C010046,국내산돼지고기,C010047,4,식품 > 축산물 > 돼지고기 > 국내산돼지고기
스마트스토어,C010048,돈육훈제,C010047,4,식품 > 축산물 > 돼지고기 > 돈육훈제
스마트스토어,C010049,돼지양념육,C010047,4,식품 > 축산물 > 돼지고기 > 돼지양념육
스마트스토어,C010050,수입산돼지고기,C010047,4,식품 > 축산물 > 돼지고기 > 수입산돼지고기
스마트스토어,C010052,쇠고기,C010037,3,식품 > 축산물 > 쇠고기
스마트스토어,C010051,국내산육우,C010052,4,식품 > 축산물 > 쇠고기 > 국내산육우
스마트스토어,C010053,쇠고기양념육,C010052,4,식품 > 축산물 > 쇠고기 > 쇠고기양념육
스마트스토어,C010054,수입산쇠고기,C010052,4,식품 > 축산물 > 쇠고기 > 수입산쇠고기
스마트스토어,C010055,한우,C010052,4,식품 > 축산물 > 쇠고기 > 한우
스마트스토어,C010057,알류,C010037,3,식품 > 축산물 > 알류
스마트스토어,C010056,구운계란,C010057,4,식품 > 축산물 > 알류 > 구운계란
스마트스토어,C010058,기타새알,C010057,4,식품 > 축산물 > 알류 > 기타새알
스마트스토어,C010059,달걀,C010057,4,식품 > 축산물 > 알류 > 달걀
스마트스토어,C010060,메추리알,C010057,4,식품 > 축산물 > 알류 > 메추리알
스마트스토어,C010062,양고기,C010037,3,식품 > 축산물 > 양고기
스마트스토어,C010061,기타양고기,C010062,4,식품 > 축산물 > 양고기 > 기타양고기
스마트스토어,C010063,양갈비,C010062,4,식품 > 축산물 > 양고기 > 양갈비
스마트스토어,C010064,양꼬치,C010062,4,식품 > 축산물 > 양고기 > 양꼬치
스마트스토어,C010066,오리고기,C010037,3,식품 > 축산물 > 오리고기
스마트스토어,C010065,생오리고기,C010066,4,식품 > 축산물 > 오리고기 > 생오리고기
스마트스토어,C010067,오리주물럭/불고기,C010066,4,식품 > 축산물 > 오리고기 > 오리주물럭/불고기
스마트스토어,C010068,오리훈제,C010066,4,식품 > 축산물 > 오리고기 > 오리훈제
스마트스토어,C010070,축산가공식품,C010037,3,식품 > 축산물 > 축산가공식품
스마트스토어,C010069,갈비찜,C010070,4,식품 > 축산물 > 축산가공식품 > 갈비찜
스마트스토어,C010071,곱창/막창/대창,C010070,4,식품 > 축산물 > 축산가공식품 > 곱창/막창/대창
스마트스토어,C010072,기타육가공,C010070,4,식품 > 축산물 > 축산가공식품 > 기타육가공
스마트스토어,C010073,닭가공품,C010070,4,식품 > 축산물 > 축산가공식품 > 닭가공품
스마트스토어,C010074,돈가스,C010070,4,식품 > 축산물 > 축산가공식품 > 돈가스
스마트스토어,C010075,떡갈비,C010070,4,식품 > 축산물 > 축산가공식품 > 떡갈비
스마트스토어,C010076,베이컨,C010070,4,식품 > 축산물 > 축산가공식품 > 베이컨
스마트스토어,C010077,삼계탕,C010070,4,식품 > 축산물 > 축산가공식품 > 삼계탕
스마트스토어,C010078,소시지,C010070,4,식품 > 축산물 > 축산가공식품 > 소시지
스마트스토어,C010079,순대,C010070,4,식품 > 축산물 > 축산가공식품 > 순대
스마트스토어,C010080,육포,C010070,4,식품 > 축산물 > 축산가공식품 > 육포
스마트스토어,C010081,족발,C010070,4,식품 > 축산물 > 축산가공식품 > 족발
스마트스토어,C010082,햄,C010070,4,식품 > 축산물 > 축산가공식품 > 햄
스마트스토어,C010084,통조림/캔,C009396,2,식품 > 통조림/캔
스마트스토어,C010083,골뱅이/번데기,C010084,3,식품 > 통조림/캔 > 골뱅이/번데기
스마트스토어,C010085,기타통조림/캔,C010084,3,식품 > 통조림/캔 > 기타통조림/캔
스마트스토어,C010086,꽁치/고등어,C010084,3,식품 > 통조림/캔 > 꽁치/고등어
스마트스토어,C010087,세트,C010084,3,식품 > 통조림/캔 > 세트
스마트스토어,C010088,옥수수/콩,C010084,3,식품 > 통조림/캔 > 옥수수/콩
스마트스토어,C010089,참치/연어,C010084,3,식품 > 통조림/캔 > 참치/연어
스마트스토어,C010090,피클/올리브,C010084,3,식품 > 통조림/캔 > 피클/올리브
스마트스토어,C010091,햄,C010084,3,식품 > 통조림/캔 > 햄
스마트스토어,C010092,황도/과일,C010084,3,식품 > 통조림/캔 > 황도/과일
스마트스토어,C010095,패션의류,ROOT,1,패션의류
스마트스토어,C010094,남성언더웨어/잠옷,C010095,2,패션의류 > 남성언더웨어/잠옷
스마트스토어,C010093,러닝,C010094,3,패션의류 > 남성언더웨어/잠옷 > 러닝
스마트스토어,C010096,러닝팬티세트,C010094,3,패션의류 > 남성언더웨어/잠옷 > 러닝팬티세트
스마트스토어,C010098,보정속옷,C010094,3,패션의류 > 남성언더웨어/잠옷 > 보정속옷
스마트스토어,C010097,보정상의,C010098,4,패션의류 > 남성언더웨어/잠옷 > 보정속옷 > 보정상의
스마트스토어,C010099,보정하의,C010098,4,패션의류 > 남성언더웨어/잠옷 > 보정속옷 > 보정하의
스마트스토어,C010100,복대,C010098,4,패션의류 > 남성언더웨어/잠옷 > 보정속옷 > 복대
스마트스토어,C010102,시즌성내의,C010094,3,패션의류 > 남성언더웨어/잠옷 > 시즌성내의
스마트스토어,C010101,내복,C010102,4,패션의류 > 남성언더웨어/잠옷 > 시즌성내의 > 내복
스마트스토어,C010103,모시메리,C010102,4,패션의류 > 남성언더웨어/잠옷 > 시즌성내의 > 모시메리
스마트스토어,C010104,잠옷/홈웨어,C010094,3,패션의류 > 남성언더웨어/잠옷 > 잠옷/홈웨어
스마트스토어,C010105,팬티,C010094,3,패션의류 > 남성언더웨어/잠옷 > 팬티
스마트스토어,C010108,남성의류,C010095,2,패션의류 > 남성의류
스마트스토어,C010107,니트,C010108,3,패션의류 > 남성의류 > 니트
스마트스토어,C010106,베스트,C010107,4,패션의류 > 남성의류 > 니트 > 베스트
스마트스토어,C010109,카디건,C010107,4,패션의류 > 남성의류 > 니트 > 카디건
스마트스토어,C010110,터틀넥,C010107,4,패션의류 > 남성의류 > 니트 > 터틀넥
스마트스토어,C010111,풀오버,C010107,4,패션의류 > 남성의류 > 니트 > 풀오버
스마트스토어,C010112,바지,C010108,3,패션의류 > 남성의류 > 바지
스마트스토어,C010113,셔츠/남방,C010108,3,패션의류 > 남성의류 > 셔츠/남방
스마트스토어,C010115,아우터,C010108,3,패션의류 > 남성의류 > 아우터
스마트스토어,C010114,기타코트,C010115,4,패션의류 > 남성의류 > 아우터 > 기타코트
스마트스토어,C010116,레더재킷,C010115,4,패션의류 > 남성의류 > 아우터 > 레더재킷
스마트스토어,C010117,레인코트,C010115,4,패션의류 > 남성의류 > 아우터 > 레인코트
스마트스토어,C010118,롱코트,C010115,4,패션의류 > 남성의류 > 아우터 > 롱코트
스마트스토어,C010119,무스탕,C010115,4,패션의류 > 남성의류 > 아우터 > 무스탕
스마트스토어,C010120,베스트,C010115,4,패션의류 > 남성의류 > 아우터 > 베스트
스마트스토어,C010121,숏코트,C010115,4,패션의류 > 남성의류 > 아우터 > 숏코트
스마트스토어,C010122,재킷,C010115,4,패션의류 > 남성의류 > 아우터 > 재킷
스마트스토어,C010123,트렌치코트,C010115,4,패션의류 > 남성의류 > 아우터 > 트렌치코트
스마트스토어,C010124,패딩,C010115,4,패션의류 > 남성의류 > 아우터 > 패딩
스마트스토어,C010125,퍼재킷,C010115,4,패션의류 > 남성의류 > 아우터 > 퍼재킷
스마트스토어,C010126,후드집업,C010115,4,패션의류 > 남성의류 > 아우터 > 후드집업
스마트스토어,C010127,유니폼/단체복,C010108,3,패션의류 > 남성의류 > 유니폼/단체복
스마트스토어,C010128,점퍼,C010108,3,패션의류 > 남성의류 > 점퍼
스마트스토어,C010129,점프슈트,C010108,3,패션의류 > 남성의류 > 점프슈트
스마트스토어,C010130,정장세트,C010108,3,패션의류 > 남성의류 > 정장세트
스마트스토어,C010131,청바지,C010108,3,패션의류 > 남성의류 > 청바지
스마트스토어,C010132,코디세트,C010108,3,패션의류 > 남성의류 > 코디세트
스마트스토어,C010133,트레이닝복,C010108,3,패션의류 > 남성의류 > 트레이닝복
스마트스토어,C010134,티셔츠,C010108,3,패션의류 > 남성의류 > 티셔츠
스마트스토어,C010135,한복,C010108,3,패션의류 > 남성의류 > 한복
스마트스토어,C010137,여성언더웨어/잠옷,C010095,2,패션의류 > 여성언더웨어/잠옷
스마트스토어,C010136,러닝/캐미솔,C010137,3,패션의류 > 여성언더웨어/잠옷 > 러닝/캐미솔
스마트스토어,C010139,보정속옷,C010137,3,패션의류 > 여성언더웨어/잠옷 > 보정속옷
스마트스토어,C010138,거들,C010139,4,패션의류 > 여성언더웨어/잠옷 > 보정속옷 > 거들
스마트스토어,C010140,기타보정속옷,C010139,4,패션의류 > 여성언더웨어/잠옷 > 보정속옷 > 기타보정속옷
스마트스토어,C010141,니퍼/복대,C010139,4,패션의류 > 여성언더웨어/잠옷 > 보정속옷 > 니퍼/복대
스마트스토어,C010142,보정속옷세트,C010139,4,패션의류 > 여성언더웨어/잠옷 > 보정속옷 > 보정속옷세트
스마트스토어,C010143,올인원/바디쉐이퍼,C010139,4,패션의류 > 여성언더웨어/잠옷 > 보정속옷 > 올인원/바디쉐이퍼
스마트스토어,C010144,코르셋,C010139,4,패션의류 > 여성언더웨어/잠옷 > 보정속옷 > 코르셋
스마트스토어,C010145,브라,C010137,3,패션의류 > 여성언더웨어/잠옷 > 브라
스마트스토어,C010146,브라팬티세트,C010137,3,패션의류 > 여성언더웨어/잠옷 > 브라팬티세트
스마트스토어,C010147,속치마/속바지,C010137,3,패션의류 > 여성언더웨어/잠옷 > 속치마/속바지
스마트스토어,C010148,슬립,C010137,3,패션의류 > 여성언더웨어/잠옷 > 슬립
스마트스토어,C010150,시즌성내의,C010137,3,패션의류 > 여성언더웨어/잠옷 > 시즌성내의
스마트스토어,C010149,내복,C010150,4,패션의류 > 여성언더웨어/잠옷 > 시즌성내의 > 내복
스마트스토어,C010151,모시메리,C010150,4,패션의류 > 여성언더웨어/잠옷 > 시즌성내의 > 모시메리
스마트스토어,C010152,힙워머,C010150,4,패션의류 > 여성언더웨어/잠옷 > 시즌성내의 > 힙워머
스마트스토어,C010154,언더웨어소품,C010137,3,패션의류 > 여성언더웨어/잠옷 > 언더웨어소품
스마트스토어,C010153,가터벨트,C010154,4,패션의류 > 여성언더웨어/잠옷 > 언더웨어소품 > 가터벨트
스마트스토어,C010155,기타언더웨어소품,C010154,4,패션의류 > 여성언더웨어/잠옷 > 언더웨어소품 > 기타언더웨어소품
스마트스토어,C010156,땀패드,C010154,4,패션의류 > 여성언더웨어/잠옷 > 언더웨어소품 > 땀패드
스마트스토어,C010157,브라끈,C010154,4,패션의류 > 여성언더웨어/잠옷 > 언더웨어소품 > 브라끈
스마트스토어,C010158,브라패드,C010154,4,패션의류 > 여성언더웨어/잠옷 > 언더웨어소품 > 브라패드
스마트스토어,C010159,잠옷/홈웨어,C010137,3,패션의류 > 여성언더웨어/잠옷 > 잠옷/홈웨어
스마트스토어,C010160,팬티,C010137,3,패션의류 > 여성언더웨어/잠옷 > 팬티
스마트스토어,C010163,여성의류,C010095,2,패션의류 > 여성의류
스마트스토어,C010162,니트,C010163,3,패션의류 > 여성의류 > 니트
스마트스토어,C010161,베스트,C010162,4,패션의류 > 여성의류 > 니트 > 베스트
스마트스토어,C010164,카디건,C010162,4,패션의류 > 여성의류 > 니트 > 카디건
스마트스토어,C010165,터틀넥,C010162,4,패션의류 > 여성의류 > 니트 > 터틀넥
스마트스토어,C010166,풀오버,C010162,4,패션의류 > 여성의류 > 니트 > 풀오버
스마트스토어,C010167,레깅스,C010163,3,패션의류 > 여성의류 > 레깅스
스마트스토어,C010168,바지,C010163,3,패션의류 > 여성의류 > 바지
스마트스토어,C010169,블라우스/셔츠,C010163,3,패션의류 > 여성의류 > 블라우스/셔츠
스마트스토어,C010170,스커트,C010163,3,패션의류 > 여성의류 > 스커트
스마트스토어,C010172,아우터,C010163,3,패션의류 > 여성의류 > 아우터
스마트스토어,C010171,기타코트,C010172,4,패션의류 > 여성의류 > 아우터 > 기타코트
스마트스토어,C010173,레더재킷,C010172,4,패션의류 > 여성의류 > 아우터 > 레더재킷
스마트스토어,C010174,레인코트,C010172,4,패션의류 > 여성의류 > 아우터 > 레인코트
스마트스토어,C010175,롱코트,C010172,4,패션의류 > 여성의류 > 아우터 > 롱코트
스마트스토어,C010176,무스탕,C010172,4,패션의류 > 여성의류 > 아우터 > 무스탕
스마트스토어,C010177,베스트,C010172,4,패션의류 > 여성의류 > 아우터 > 베스트
스마트스토어,C010178,숏코트,C010172,4,패션의류 > 여성의류 > 아우터 > 숏코트
스마트스토어,C010179,재킷,C010172,4,패션의류 > 여성의류 > 아우터 > 재킷
스마트스토어,C010180,트렌치코트,C010172,4,패션의류 > 여성의류 > 아우터 > 트렌치코트
스마트스토어,C010181,패딩,C010172,4,패션의류 > 여성의류 > 아우터 > 패딩
스마트스토어,C010182,퍼재킷,C010172,4,패션의류 > 여성의류 > 아우터 > 퍼재킷
스마트스토어,C010183,후드집업,C010172,4,패션의류 > 여성의류 > 아우터 > 후드집업
스마트스토어,C010184,원피스,C010163,3,패션의류 > 여성의류 > 원피스
스마트스토어,C010185,유니폼/단체복,C010163,3,패션의류 > 여성의류 > 유니폼/단체복
스마트스토어,C010186,점퍼,C010163,3,패션의류 > 여성의류 > 점퍼
스마트스토어,C010187,점프슈트,C010163,3,패션의류 > 여성의류 > 점프슈트
스마트스토어,C010188,정장세트,C010163,3,패션의류 > 여성의류 > 정장세트
스마트스토어,C010189,청바지,C010163,3,패션의류 > 여성의류 > 청바지
스마트스토어,C010190,코디세트,C010163,3,패션의류 > 여성의류 > 코디세트
스마트스토어,C010191,트레이닝복,C010163,3,패션의류 > 여성의류 > 트레이닝복
스마트스토어,C010192,티셔츠,C010163,3,패션의류 > 여성의류 > 티셔츠
스마트스토어,C010193,파티복,C010163,3,패션의류 > 여성의류 > 파티복
스마트스토어,C010194,한복,C010163,3,패션의류 > 여성의류 > 한복
스마트스토어,C010197,패션잡화,ROOT,1,패션잡화
스마트스토어,C010196,가방소품,C010197,2,패션잡화 > 가방소품
스마트스토어,C010195,가방끈,C010196,3,패션잡화 > 가방소품 > 가방끈
스마트스토어,C010198,이너백,C010196,3,패션잡화 > 가방소품 > 이너백
스마트스토어,C010200,남성가방,C010197,2,패션잡화 > 남성가방
스마트스토어,C010199,메신저백,C010200,3,패션잡화 > 남성가방 > 메신저백
스마트스토어,C010201,백팩,C010200,3,패션잡화 > 남성가방 > 백팩
스마트스토어,C010202,브리프케이스,C010200,3,패션잡화 > 남성가방 > 브리프케이스
스마트스토어,C010203,숄더백,C010200,3,패션잡화 > 남성가방 > 숄더백
스마트스토어,C010204,에코백,C010200,3,패션잡화 > 남성가방 > 에코백
스마트스토어,C010205,크로스백,C010200,3,패션잡화 > 남성가방 > 크로스백
스마트스토어,C010206,클러치백,C010200,3,패션잡화 > 남성가방 > 클러치백
스마트스토어,C010207,토트백,C010200,3,패션잡화 > 남성가방 > 토트백
스마트스토어,C010208,힙색/슬링백,C010200,3,패션잡화 > 남성가방 > 힙색/슬링백
스마트스토어,C010211,남성신발,C010197,2,패션잡화 > 남성신발
스마트스토어,C010210,구두,C010211,3,패션잡화 > 남성신발 > 구두
스마트스토어,C010209,구두,C010210,4,패션잡화 > 남성신발 > 구두 > 구두
스마트스토어,C010212,기타슈즈,C010210,4,패션잡화 > 남성신발 > 구두 > 기타슈즈
스마트스토어,C010213,더비슈즈,C010210,4,패션잡화 > 남성신발 > 구두 > 더비슈즈
스마트스토어,C010214,로퍼,C010210,4,패션잡화 > 남성신발 > 구두 > 로퍼
스마트스토어,C010215,모카신,C010210,4,패션잡화 > 남성신발 > 구두 > 모카신
스마트스토어,C010217,기능화,C010211,3,패션잡화 > 남성신발 > 기능화
스마트스토어,C010216,댄스화,C010217,4,패션잡화 > 남성신발 > 기능화 > 댄스화
스마트스토어,C010218,아쿠아슈즈,C010217,4,패션잡화 > 남성신발 > 기능화 > 아쿠아슈즈
스마트스토어,C010219,작업화/안전화,C010217,4,패션잡화 > 남성신발 > 기능화 > 작업화/안전화
스마트스토어,C010220,컴포트화,C010217,4,패션잡화 > 남성신발 > 기능화 > 컴포트화
스마트스토어,C010221,한복신발,C010217,4,패션잡화 > 남성신발 > 기능화 > 한복신발
스마트스토어,C010223,부츠/워커,C010211,3,패션잡화 > 남성신발 > 부츠/워커
스마트스토어,C010222,레인부츠,C010223,4,패션잡화 > 남성신발 > 부츠/워커 > 레인부츠
스마트스토어,C010224,롱부츠,C010223,4,패션잡화 > 남성신발 > 부츠/워커 > 롱부츠
스마트스토어,C010225,미들부츠,C010223,4,패션잡화 > 남성신발 > 부츠/워커 > 미들부츠
스마트스토어,C010226,앵클/숏부츠,C010223,4,패션잡화 > 남성신발 > 부츠/워커 > 앵클/숏부츠
스마트스토어,C010227,워커,C010223,4,패션잡화 > 남성신발 > 부츠/워커 > 워커
스마트스토어,C010229,샌들/슬리퍼,C010211,3,패션잡화 > 남성신발 > 샌들/슬리퍼
스마트스토어,C010228,뮬/블로퍼,C010229,4,패션잡화 > 남성신발 > 샌들/슬리퍼 > 뮬/블로퍼
스마트스토어,C010230,샌들,C010229,4,패션잡화 > 남성신발 > 샌들/슬리퍼 > 샌들
스마트스토어,C010231,슬리퍼,C010229,4,패션잡화 > 남성신발 > 샌들/슬리퍼 > 슬리퍼
스마트스토어,C010233,스니커즈/운동화,C010211,3,패션잡화 > 남성신발 > 스니커즈/운동화
스마트스토어,C010232,러닝화,C010233,4,패션잡화 > 남성신발 > 스니커즈/운동화 > 러닝화
스마트스토어,C010234,스니커즈,C010233,4,패션잡화 > 남성신발 > 스니커즈/운동화 > 스니커즈
스마트스토어,C010235,슬립온,C010233,4,패션잡화 > 남성신발 > 스니커즈/운동화 > 슬립온
스마트스토어,C010236,워킹화,C010233,4,패션잡화 > 남성신발 > 스니커즈/운동화 > 워킹화
스마트스토어,C010237,하이탑,C010233,4,패션잡화 > 남성신발 > 스니커즈/운동화 > 하이탑
스마트스토어,C010238,실내화,C010211,3,패션잡화 > 남성신발 > 실내화
스마트스토어,C010240,모자,C010197,2,패션잡화 > 모자
스마트스토어,C010239,군모,C010240,3,패션잡화 > 모자 > 군모
스마트스토어,C010241,두건/반다나,C010240,3,패션잡화 > 모자 > 두건/반다나
스마트스토어,C010242,방한모자,C010240,3,패션잡화 > 모자 > 방한모자
스마트스토어,C010243,벙거지모자,C010240,3,패션잡화 > 모자 > 벙거지모자
스마트스토어,C010244,베레모,C010240,3,패션잡화 > 모자 > 베레모
스마트스토어,C010245,비니,C010240,3,패션잡화 > 모자 > 비니
스마트스토어,C010246,선캡,C010240,3,패션잡화 > 모자 > 선캡
스마트스토어,C010247,스냅백,C010240,3,패션잡화 > 모자 > 스냅백
스마트스토어,C010248,야구모자,C010240,3,패션잡화 > 모자 > 야구모자
스마트스토어,C010249,페도라,C010240,3,패션잡화 > 모자 > 페도라
스마트스토어,C010250,헌팅캡,C010240,3,패션잡화 > 모자 > 헌팅캡
스마트스토어,C010253,벨트,C010197,2,패션잡화 > 벨트
스마트스토어,C010252,남성벨트,C010253,3,패션잡화 > 벨트 > 남성벨트
스마트스토어,C010251,정장벨트,C010252,4,패션잡화 > 벨트 > 남성벨트 > 정장벨트
스마트스토어,C010254,캐주얼벨트,C010252,4,패션잡화 > 벨트 > 남성벨트 > 캐주얼벨트
스마트스토어,C010255,멜빵,C010253,3,패션잡화 > 벨트 > 멜빵
스마트스토어,C010256,벨트부품,C010253,3,패션잡화 > 벨트 > 벨트부품
스마트스토어,C010257,여성벨트,C010253,3,패션잡화 > 벨트 > 여성벨트
스마트스토어,C010259,선글라스/안경테,C010197,2,패션잡화 > 선글라스/안경테
스마트스토어,C010258,선글라스,C010259,3,패션잡화 > 선글라스/안경테 > 선글라스
스마트스토어,C010260,안경소품,C010259,3,패션잡화 > 선글라스/안경테 > 안경소품
스마트스토어,C010261,안경테,C010259,3,패션잡화 > 선글라스/안경테 > 안경테
스마트스토어,C010263,순금,C010197,2,패션잡화 > 순금
스마트스토어,C010262,골드바,C010263,3,패션잡화 > 순금 > 골드바
스마트스토어,C010264,순금기념품,C010263,3,패션잡화 > 순금 > 순금기념품
스마트스토어,C010265,실버바,C010263,3,패션잡화 > 순금 > 실버바
스마트스토어,C010268,시계,C010197,2,패션잡화 > 시계
스마트스토어,C010267,시계소품,C010268,3,패션잡화 > 시계 > 시계소품
스마트스토어,C010266,보호필름,C010267,4,패션잡화 > 시계 > 시계소품 > 보호필름
스마트스토어,C010269,시계보관함,C010267,4,패션잡화 > 시계 > 시계소품 > 시계보관함
스마트스토어,C010270,시계줄,C010267,4,패션잡화 > 시계 > 시계소품 > 시계줄
스마트스토어,C010271,시계수리용품,C010268,3,패션잡화 > 시계 > 시계수리용품
스마트스토어,C010272,아동시계,C010268,3,패션잡화 > 시계 > 아동시계
스마트스토어,C010273,커플시계,C010268,3,패션잡화 > 시계 > 커플시계
스마트스토어,C010275,패션시계,C010268,3,패션잡화 > 시계 > 패션시계
스마트스토어,C010274,가죽밴드시계,C010275,4,패션잡화 > 시계 > 패션시계 > 가죽밴드시계
스마트스토어,C010276,금시계,C010275,4,패션잡화 > 시계 > 패션시계 > 금시계
스마트스토어,C010277,기타밴드시계,C010275,4,패션잡화 > 시계 > 패션시계 > 기타밴드시계
스마트스토어,C010278,메탈밴드시계,C010275,4,패션잡화 > 시계 > 패션시계 > 메탈밴드시계
스마트스토어,C010279,뱅글/팔찌형시계,C010275,4,패션잡화 > 시계 > 패션시계 > 뱅글/팔찌형시계
스마트스토어,C010280,스톱워치,C010275,4,패션잡화 > 시계 > 패션시계 > 스톱워치
스마트스토어,C010281,젤리/우레탄밴드시계,C010275,4,패션잡화 > 시계 > 패션시계 > 젤리/우레탄밴드시계
스마트스토어,C010282,회중시계,C010275,4,패션잡화 > 시계 > 패션시계 > 회중시계
스마트스토어,C010284,신발용품,C010197,2,패션잡화 > 신발용품
스마트스토어,C010283,구둣주걱,C010284,3,패션잡화 > 신발용품 > 구둣주걱
스마트스토어,C010285,기타신발용품,C010284,3,패션잡화 > 신발용품 > 기타신발용품
스마트스토어,C010286,보호쿠션/패드,C010284,3,패션잡화 > 신발용품 > 보호쿠션/패드
스마트스토어,C010287,부츠키퍼,C010284,3,패션잡화 > 신발용품 > 부츠키퍼
스마트스토어,C010288,슈즈커버,C010284,3,패션잡화 > 신발용품 > 슈즈커버
스마트스토어,C010289,신발깔창,C010284,3,패션잡화 > 신발용품 > 신발깔창
스마트스토어,C010290,신발끈,C010284,3,패션잡화 > 신발용품 > 신발끈
스마트스토어,C010293,양말,C010197,2,패션잡화 > 양말
스마트스토어,C010292,남성양말,C010293,3,패션잡화 > 양말 > 남성양말
스마트스토어,C010291,덧신,C010292,4,패션잡화 > 양말 > 남성양말 > 덧신
스마트스토어,C010294,발가락양말,C010292,4,패션잡화 > 양말 > 남성양말 > 발가락양말
스마트스토어,C010295,발목양말,C010292,4,패션잡화 > 양말 > 남성양말 > 발목양말
스마트스토어,C010296,수면양말,C010292,4,패션잡화 > 양말 > 남성양말 > 수면양말
스마트스토어,C010297,스포츠양말,C010292,4,패션잡화 > 양말 > 남성양말 > 스포츠양말
스마트스토어,C010298,중목/장목양말,C010292,4,패션잡화 > 양말 > 남성양말 > 중목/장목양말
스마트스토어,C010300,여성양말,C010293,3,패션잡화 > 양말 > 여성양말
스마트스토어,C010299,니삭스,C010300,4,패션잡화 > 양말 > 여성양말 > 니삭스
스마트스토어,C010301,덧신,C010300,4,패션잡화 > 양말 > 여성양말 > 덧신
스마트스토어,C010302,레그워머,C010300,4,패션잡화 > 양말 > 여성양말 > 레그워머
스마트스토어,C010303,발가락양말,C010300,4,패션잡화 > 양말 > 여성양말 > 발가락양말
스마트스토어,C010304,발목양말,C010300,4,패션잡화 > 양말 > 여성양말 > 발목양말
스마트스토어,C010305,수면양말,C010300,4,패션잡화 > 양말 > 여성양말 > 수면양말
스마트스토어,C010306,스포츠양말,C010300,4,패션잡화 > 양말 > 여성양말 > 스포츠양말
스마트스토어,C010307,중목/장목양말,C010300,4,패션잡화 > 양말 > 여성양말 > 중목/장목양말
스마트스토어,C010309,여성가방,C010197,2,패션잡화 > 여성가방
스마트스토어,C010308,메신저백,C010309,3,패션잡화 > 여성가방 > 메신저백
스마트스토어,C010310,백팩,C010309,3,패션잡화 > 여성가방 > 백팩
스마트스토어,C010311,숄더백,C010309,3,패션잡화 > 여성가방 > 숄더백
스마트스토어,C010312,에코백,C010309,3,패션잡화 > 여성가방 > 에코백
스마트스토어,C010313,크로스백,C010309,3,패션잡화 > 여성가방 > 크로스백
스마트스토어,C010314,클러치백,C010309,3,패션잡화 > 여성가방 > 클러치백
스마트스토어,C010315,토트백,C010309,3,패션잡화 > 여성가방 > 토트백
스마트스토어,C010316,파우치,C010309,3,패션잡화 > 여성가방 > 파우치
스마트스토어,C010317,힙색/슬링백,C010309,3,패션잡화 > 여성가방 > 힙색/슬링백
스마트스토어,C010320,여성신발,C010197,2,패션잡화 > 여성신발
스마트스토어,C010319,기능화,C010320,3,패션잡화 > 여성신발 > 기능화
스마트스토어,C010318,다이어트화,C010319,4,패션잡화 > 여성신발 > 기능화 > 다이어트화
스마트스토어,C010321,댄스화,C010319,4,패션잡화 > 여성신발 > 기능화 > 댄스화
스마트스토어,C010322,아쿠아슈즈,C010319,4,패션잡화 > 여성신발 > 기능화 > 아쿠아슈즈
스마트스토어,C010323,유니폼화,C010319,4,패션잡화 > 여성신발 > 기능화 > 유니폼화
스마트스토어,C010324,작업화/안전화,C010319,4,패션잡화 > 여성신발 > 기능화 > 작업화/안전화
스마트스토어,C010325,컴포트화,C010319,4,패션잡화 > 여성신발 > 기능화 > 컴포트화
스마트스토어,C010326,한복신발,C010319,4,패션잡화 > 여성신발 > 기능화 > 한복신발
스마트스토어,C010328,부츠/워커,C010320,3,패션잡화 > 여성신발 > 부츠/워커
스마트스토어,C010327,레인부츠,C010328,4,패션잡화 > 여성신발 > 부츠/워커 > 레인부츠
스마트스토어,C010329,롱부츠,C010328,4,패션잡화 > 여성신발 > 부츠/워커 > 롱부츠
스마트스토어,C010330,미들부츠,C010328,4,패션잡화 > 여성신발 > 부츠/워커 > 미들부츠
스마트스토어,C010331,앵클/숏부츠,C010328,4,패션잡화 > 여성신발 > 부츠/워커 > 앵클/숏부츠
스마트스토어,C010332,워커,C010328,4,패션잡화 > 여성신발 > 부츠/워커 > 워커
스마트스토어,C010334,샌들/슬리퍼,C010320,3,패션잡화 > 여성신발 > 샌들/슬리퍼
스마트스토어,C010333,뮬/블로퍼,C010334,4,패션잡화 > 여성신발 > 샌들/슬리퍼 > 뮬/블로퍼
스마트스토어,C010335,스트랩샌들,C010334,4,패션잡화 > 여성신발 > 샌들/슬리퍼 > 스트랩샌들
스마트스토어,C010336,슬리퍼,C010334,4,패션잡화 > 여성신발 > 샌들/슬리퍼 > 슬리퍼
스마트스토어,C010337,플랫폼샌들,C010334,4,패션잡화 > 여성신발 > 샌들/슬리퍼 > 플랫폼샌들
스마트스토어,C010339,스니커즈/운동화,C010320,3,패션잡화 > 여성신발 > 스니커즈/운동화
스마트스토어,C010338,러닝화,C010339,4,패션잡화 > 여성신발 > 스니커즈/운동화 > 러닝화
스마트스토어,C010340,스니커즈,C010339,4,패션잡화 > 여성신발 > 스니커즈/운동화 > 스니커즈
스마트스토어,C010341,슬립온,C010339,4,패션잡화 > 여성신발 > 스니커즈/운동화 > 슬립온
스마트스토어,C010342,워킹화,C010339,4,패션잡화 > 여성신발 > 스니커즈/운동화 > 워킹화
스마트스토어,C010343,하이탑,C010339,4,패션잡화 > 여성신발 > 스니커즈/운동화 > 하이탑
스마트스토어,C010344,실내화,C010320,3,패션잡화 > 여성신발 > 실내화
스마트스토어,C010346,플랫/로퍼,C010320,3,패션잡화 > 여성신발 > 플랫/로퍼
스마트스토어,C010345,로퍼,C010346,4,패션잡화 > 여성신발 > 플랫/로퍼 > 로퍼
스마트스토어,C010347,모카신,C010346,4,패션잡화 > 여성신발 > 플랫/로퍼 > 모카신
스마트스토어,C010348,옥스퍼드화,C010346,4,패션잡화 > 여성신발 > 플랫/로퍼 > 옥스퍼드화
스마트스토어,C010349,플랫,C010346,4,패션잡화 > 여성신발 > 플랫/로퍼 > 플랫
스마트스토어,C010351,힐/펌프스,C010320,3,패션잡화 > 여성신발 > 힐/펌프스
스마트스토어,C010350,슬링백힐,C010351,4,패션잡화 > 여성신발 > 힐/펌프스 > 슬링백힐
스마트스토어,C010352,웨지힐,C010351,4,패션잡화 > 여성신발 > 힐/펌프스 > 웨지힐
스마트스토어,C010353,펌프스,C010351,4,패션잡화 > 여성신발 > 힐/펌프스 > 펌프스
스마트스토어,C010354,플랫폼/가보시힐,C010351,4,패션잡화 > 여성신발 > 힐/펌프스 > 플랫폼/가보시힐
스마트스토어,C010356,여행용가방/소품,C010197,2,패션잡화 > 여행용가방/소품
스마트스토어,C010355,기내용 캐리어,C010356,3,패션잡화 > 여행용가방/소품 > 기내용 캐리어
스마트스토어,C010357,네임태그,C010356,3,패션잡화 > 여행용가방/소품 > 네임태그
스마트스토어,C010358,보스턴가방,C010356,3,패션잡화 > 여행용가방/소품 > 보스턴가방
스마트스토어,C010359,슈트케이스,C010356,3,패션잡화 > 여행용가방/소품 > 슈트케이스
스마트스토어,C010360,여권지갑/케이스,C010356,3,패션잡화 > 여행용가방/소품 > 여권지갑/케이스
스마트스토어,C010361,여행용파우치,C010356,3,패션잡화 > 여행용가방/소품 > 여행용파우치
스마트스토어,C010362,여행용힙색/전대,C010356,3,패션잡화 > 여행용가방/소품 > 여행용힙색/전대
스마트스토어,C010363,이민/유학용 가방,C010356,3,패션잡화 > 여행용가방/소품 > 이민/유학용 가방
스마트스토어,C010364,잠금벨트/자물쇠,C010356,3,패션잡화 > 여행용가방/소품 > 잠금벨트/자물쇠
스마트스토어,C010365,중대형 캐리어,C010356,3,패션잡화 > 여행용가방/소품 > 중대형 캐리어
스마트스토어,C010366,캐리어소품,C010356,3,패션잡화 > 여행용가방/소품 > 캐리어소품
스마트스토어,C010367,캐리어커버,C010356,3,패션잡화 > 여행용가방/소품 > 캐리어커버
스마트스토어,C010369,장갑,C010197,2,패션잡화 > 장갑
스마트스토어,C010368,남성장갑,C010369,3,패션잡화 > 장갑 > 남성장갑
스마트스토어,C010370,암워머/토시,C010369,3,패션잡화 > 장갑 > 암워머/토시
스마트스토어,C010371,여성장갑,C010369,3,패션잡화 > 장갑 > 여성장갑
스마트스토어,C010374,주얼리,C010197,2,패션잡화 > 주얼리
스마트스토어,C010373,귀걸이,C010374,3,패션잡화 > 주얼리 > 귀걸이
스마트스토어,C010372,14K귀걸이,C010373,4,패션잡화 > 주얼리 > 귀걸이 > 14K귀걸이
스마트스토어,C010375,18K귀걸이,C010373,4,패션잡화 > 주얼리 > 귀걸이 > 18K귀걸이
스마트스토어,C010376,다이아몬드 귀걸이,C010373,4,패션잡화 > 주얼리 > 귀걸이 > 다이아몬드 귀걸이
스마트스토어,C010377,랩다이아몬드/모이사나이트귀걸이,C010373,4,패션잡화 > 주얼리 > 귀걸이 > 랩다이아몬드/모이사나이트귀걸이
스마트스토어,C010378,순금귀걸이,C010373,4,패션잡화 > 주얼리 > 귀걸이 > 순금귀걸이
스마트스토어,C010379,실버귀걸이,C010373,4,패션잡화 > 주얼리 > 귀걸이 > 실버귀걸이
스마트스토어,C010380,유색보석귀걸이,C010373,4,패션잡화 > 주얼리 > 귀걸이 > 유색보석귀걸이
스마트스토어,C010381,진주귀걸이,C010373,4,패션잡화 > 주얼리 > 귀걸이 > 진주귀걸이
스마트스토어,C010382,패션귀걸이,C010373,4,패션잡화 > 주얼리 > 귀걸이 > 패션귀걸이
스마트스토어,C010384,목걸이,C010374,3,패션잡화 > 주얼리 > 목걸이
스마트스토어,C010383,14K목걸이,C010384,4,패션잡화 > 주얼리 > 목걸이 > 14K목걸이
스마트스토어,C010385,18K목걸이,C010384,4,패션잡화 > 주얼리 > 목걸이 > 18K목걸이
스마트스토어,C010386,다이아몬드목걸이,C010384,4,패션잡화 > 주얼리 > 목걸이 > 다이아몬드목걸이
스마트스토어,C010387,랩다이아몬드/모이사나이트목걸이,C010384,4,패션잡화 > 주얼리 > 목걸이 > 랩다이아몬드/모이사나이트목걸이
스마트스토어,C010388,순금목걸이,C010384,4,패션잡화 > 주얼리 > 목걸이 > 순금목걸이
스마트스토어,C010389,실버목걸이,C010384,4,패션잡화 > 주얼리 > 목걸이 > 실버목걸이
스마트스토어,C010390,유색보석목걸이,C010384,4,패션잡화 > 주얼리 > 목걸이 > 유색보석목걸이
스마트스토어,C010391,진주목걸이,C010384,4,패션잡화 > 주얼리 > 목걸이 > 진주목걸이
스마트스토어,C010392,패션목걸이,C010384,4,패션잡화 > 주얼리 > 목걸이 > 패션목걸이
스마트스토어,C010394,반지,C010374,3,패션잡화 > 주얼리 > 반지
스마트스토어,C010393,14K반지,C010394,4,패션잡화 > 주얼리 > 반지 > 14K반지
스마트스토어,C010395,18K반지,C010394,4,패션잡화 > 주얼리 > 반지 > 18K반지
스마트스토어,C010396,다이아몬드반지,C010394,4,패션잡화 > 주얼리 > 반지 > 다이아몬드반지
스마트스토어,C010397,랩다이아몬드/모이사나이트반지,C010394,4,패션잡화 > 주얼리 > 반지 > 랩다이아몬드/모이사나이트반지
스마트스토어,C010398,백금반지,C010394,4,패션잡화 > 주얼리 > 반지 > 백금반지
스마트스토어,C010399,순금반지,C010394,4,패션잡화 > 주얼리 > 반지 > 순금반지
스마트스토어,C010400,실버반지,C010394,4,패션잡화 > 주얼리 > 반지 > 실버반지
스마트스토어,C010401,유색보석반지,C010394,4,패션잡화 > 주얼리 > 반지 > 유색보석반지
스마트스토어,C010402,진주반지,C010394,4,패션잡화 > 주얼리 > 반지 > 진주반지
스마트스토어,C010403,패션반지,C010394,4,패션잡화 > 주얼리 > 반지 > 패션반지
스마트스토어,C010405,발찌,C010374,3,패션잡화 > 주얼리 > 발찌
스마트스토어,C010404,14K발찌,C010405,4,패션잡화 > 주얼리 > 발찌 > 14K발찌
스마트스토어,C010406,18K발찌,C010405,4,패션잡화 > 주얼리 > 발찌 > 18K발찌
스마트스토어,C010407,순금발찌,C010405,4,패션잡화 > 주얼리 > 발찌 > 순금발찌
스마트스토어,C010408,실버발찌,C010405,4,패션잡화 > 주얼리 > 발찌 > 실버발찌
스마트스토어,C010409,패션발찌,C010405,4,패션잡화 > 주얼리 > 발찌 > 패션발찌
스마트스토어,C010411,주얼리세트,C010374,3,패션잡화 > 주얼리 > 주얼리세트
스마트스토어,C010410,14K세트,C010411,4,패션잡화 > 주얼리 > 주얼리세트 > 14K세트
스마트스토어,C010412,18K세트,C010411,4,패션잡화 > 주얼리 > 주얼리세트 > 18K세트
스마트스토어,C010413,다이아몬드세트,C010411,4,패션잡화 > 주얼리 > 주얼리세트 > 다이아몬드세트
스마트스토어,C010414,순금주얼리세트,C010411,4,패션잡화 > 주얼리 > 주얼리세트 > 순금주얼리세트
스마트스토어,C010415,실버세트,C010411,4,패션잡화 > 주얼리 > 주얼리세트 > 실버세트
스마트스토어,C010416,유색보석세트,C010411,4,패션잡화 > 주얼리 > 주얼리세트 > 유색보석세트
스마트스토어,C010417,진주세트,C010411,4,패션잡화 > 주얼리 > 주얼리세트 > 진주세트
스마트스토어,C010418,패션주얼리세트,C010411,4,패션잡화 > 주얼리 > 주얼리세트 > 패션주얼리세트
스마트스토어,C010420,주얼리소품,C010374,3,패션잡화 > 주얼리 > 주얼리소품
스마트스토어,C010419,기타주얼리소품,C010420,4,패션잡화 > 주얼리 > 주얼리소품 > 기타주얼리소품
스마트스토어,C010421,보관함/케이스,C010420,4,패션잡화 > 주얼리 > 주얼리소품 > 보관함/케이스
스마트스토어,C010422,세척용품,C010420,4,패션잡화 > 주얼리 > 주얼리소품 > 세척용품
스마트스토어,C010423,진열대,C010420,4,패션잡화 > 주얼리 > 주얼리소품 > 진열대
스마트스토어,C010425,팔찌,C010374,3,패션잡화 > 주얼리 > 팔찌
스마트스토어,C010424,14K팔찌,C010425,4,패션잡화 > 주얼리 > 팔찌 > 14K팔찌
스마트스토어,C010426,18K팔찌,C010425,4,패션잡화 > 주얼리 > 팔찌 > 18K팔찌
스마트스토어,C010427,다이아몬드 팔찌,C010425,4,패션잡화 > 주얼리 > 팔찌 > 다이아몬드 팔찌
스마트스토어,C010428,랩다이아몬드/모이사나이트팔찌,C010425,4,패션잡화 > 주얼리 > 팔찌 > 랩다이아몬드/모이사나이트팔찌
스마트스토어,C010429,순금팔찌,C010425,4,패션잡화 > 주얼리 > 팔찌 > 순금팔찌
스마트스토어,C010430,실버팔찌,C010425,4,패션잡화 > 주얼리 > 팔찌 > 실버팔찌
스마트스토어,C010431,패션팔찌,C010425,4,패션잡화 > 주얼리 > 팔찌 > 패션팔찌
스마트스토어,C010433,펜던트,C010374,3,패션잡화 > 주얼리 > 펜던트
스마트스토어,C010432,금펜던트,C010433,4,패션잡화 > 주얼리 > 펜던트 > 금펜던트
스마트스토어,C010434,순금펜던트,C010433,4,패션잡화 > 주얼리 > 펜던트 > 순금펜던트
스마트스토어,C010435,실버펜던트,C010433,4,패션잡화 > 주얼리 > 펜던트 > 실버펜던트
스마트스토어,C010436,유색보석펜던트,C010433,4,패션잡화 > 주얼리 > 펜던트 > 유색보석펜던트
스마트스토어,C010437,패션펜던트,C010433,4,패션잡화 > 주얼리 > 펜던트 > 패션펜던트
스마트스토어,C010439,피어싱,C010374,3,패션잡화 > 주얼리 > 피어싱
스마트스토어,C010438,14K피어싱,C010439,4,패션잡화 > 주얼리 > 피어싱 > 14K피어싱
스마트스토어,C010440,18K피어싱,C010439,4,패션잡화 > 주얼리 > 피어싱 > 18K피어싱
스마트스토어,C010441,순금피어싱,C010439,4,패션잡화 > 주얼리 > 피어싱 > 순금피어싱
스마트스토어,C010442,실버피어싱,C010439,4,패션잡화 > 주얼리 > 피어싱 > 실버피어싱
스마트스토어,C010443,원석피어싱,C010439,4,패션잡화 > 주얼리 > 피어싱 > 원석피어싱
스마트스토어,C010444,패션피어싱,C010439,4,패션잡화 > 주얼리 > 피어싱 > 패션피어싱
스마트스토어,C010447,지갑,C010197,2,패션잡화 > 지갑
스마트스토어,C010446,남성지갑,C010447,3,패션잡화 > 지갑 > 남성지갑
스마트스토어,C010445,반지갑,C010446,4,패션잡화 > 지갑 > 남성지갑 > 반지갑
스마트스토어,C010448,장지갑,C010446,4,패션잡화 > 지갑 > 남성지갑 > 장지갑
스마트스토어,C010449,중지갑,C010446,4,패션잡화 > 지갑 > 남성지갑 > 중지갑
스마트스토어,C010450,동전지갑,C010447,3,패션잡화 > 지갑 > 동전지갑
스마트스토어,C010451,머니클립,C010447,3,패션잡화 > 지갑 > 머니클립
스마트스토어,C010453,여성지갑,C010447,3,패션잡화 > 지갑 > 여성지갑
스마트스토어,C010452,반지갑,C010453,4,패션잡화 > 지갑 > 여성지갑 > 반지갑
스마트스토어,C010454,장지갑,C010453,4,패션잡화 > 지갑 > 여성지갑 > 장지갑
스마트스토어,C010455,중지갑,C010453,4,패션잡화 > 지갑 > 여성지갑 > 중지갑
스마트스토어,C010456,열쇠지갑,C010447,3,패션잡화 > 지갑 > 열쇠지갑
스마트스토어,C010457,지갑기타세트,C010447,3,패션잡화 > 지갑 > 지갑기타세트
스마트스토어,C010458,카드/명함지갑,C010447,3,패션잡화 > 지갑 > 카드/명함지갑
스마트스토어,C010459,통장지갑,C010447,3,패션잡화 > 지갑 > 통장지갑
스마트스토어,C010461,패션소품,C010197,2,패션잡화 > 패션소품
스마트스토어,C010460,기타패션소품,C010461,3,패션잡화 > 패션소품 > 기타패션소품
스마트스토어,C010462,넥워머,C010461,3,패션잡화 > 패션소품 > 넥워머
스마트스토어,C010463,넥케이프,C010461,3,패션잡화 > 패션소품 > 넥케이프
스마트스토어,C010465,넥타이,C010461,3,패션잡화 > 패션소품 > 넥타이
스마트스토어,C010464,기본넥타이,C010465,4,패션잡화 > 패션소품 > 넥타이 > 기본넥타이
스마트스토어,C010466,나비넥타이,C010465,4,패션잡화 > 패션소품 > 넥타이 > 나비넥타이
스마트스토어,C010467,넥타이핀,C010465,4,패션잡화 > 패션소품 > 넥타이 > 넥타이핀
스마트스토어,C010469,라이터/담배용품,C010461,3,패션잡화 > 패션소품 > 라이터/담배용품
스마트스토어,C010468,기타담배용품,C010469,4,패션잡화 > 패션소품 > 라이터/담배용품 > 기타담배용품
스마트스토어,C010470,담배케이스,C010469,4,패션잡화 > 패션소품 > 라이터/담배용품 > 담배케이스
스마트스토어,C010471,라이터,C010469,4,패션잡화 > 패션소품 > 라이터/담배용품 > 라이터
스마트스토어,C010472,머플러,C010461,3,패션잡화 > 패션소품 > 머플러
스마트스토어,C010473,부채,C010461,3,패션잡화 > 패션소품 > 부채
스마트스토어,C010475,브로치,C010461,3,패션잡화 > 패션소품 > 브로치
스마트스토어,C010474,보석브로치,C010475,4,패션잡화 > 패션소품 > 브로치 > 보석브로치
스마트스토어,C010476,카네이션브로치,C010475,4,패션잡화 > 패션소품 > 브로치 > 카네이션브로치
스마트스토어,C010477,패션브로치,C010475,4,패션잡화 > 패션소품 > 브로치 > 패션브로치
스마트스토어,C010479,손수건,C010461,3,패션잡화 > 패션소품 > 손수건
스마트스토어,C010478,남성용,C010479,4,패션잡화 > 패션소품 > 손수건 > 남성용
스마트스토어,C010480,여성용,C010479,4,패션잡화 > 패션소품 > 손수건 > 여성용
스마트스토어,C010481,숄,C010461,3,패션잡화 > 패션소품 > 숄
스마트스토어,C010483,스카프,C010461,3,패션잡화 > 패션소품 > 스카프
스마트스토어,C010482,롱,C010483,4,패션잡화 > 패션소품 > 스카프 > 롱
스마트스토어,C010484,쁘띠/미니,C010483,4,패션잡화 > 패션소품 > 스카프 > 쁘띠/미니
스마트스토어,C010485,스퀘어/까레스카프,C010483,4,패션잡화 > 패션소품 > 스카프 > 스퀘어/까레스카프
스마트스토어,C010486,트라이앵글스카프,C010483,4,패션잡화 > 패션소품 > 스카프 > 트라이앵글스카프
스마트스토어,C010488,스타킹,C010461,3,패션잡화 > 패션소품 > 스타킹
스마트스토어,C010487,발목스타킹,C010488,4,패션잡화 > 패션소품 > 스타킹 > 발목스타킹
스마트스토어,C010489,밴드스타킹,C010488,4,패션잡화 > 패션소품 > 스타킹 > 밴드스타킹
스마트스토어,C010490,스프레이스타킹,C010488,4,패션잡화 > 패션소품 > 스타킹 > 스프레이스타킹
스마트스토어,C010491,압박보정스타킹,C010488,4,패션잡화 > 패션소품 > 스타킹 > 압박보정스타킹
스마트스토어,C010492,판타롱스타킹,C010488,4,패션잡화 > 패션소품 > 스타킹 > 판타롱스타킹
스마트스토어,C010493,팬티스타킹,C010488,4,패션잡화 > 패션소품 > 스타킹 > 팬티스타킹
스마트스토어,C010495,양산,C010461,3,패션잡화 > 패션소품 > 양산
스마트스토어,C010494,수동양산,C010495,4,패션잡화 > 패션소품 > 양산 > 수동양산
스마트스토어,C010496,자동양산,C010495,4,패션잡화 > 패션소품 > 양산 > 자동양산
스마트스토어,C010497,와펜,C010461,3,패션잡화 > 패션소품 > 와펜
스마트스토어,C010499,우산,C010461,3,패션잡화 > 패션소품 > 우산
스마트스토어,C010498,기타,C010499,4,패션잡화 > 패션소품 > 우산 > 기타
스마트스토어,C010500,수동우산,C010499,4,패션잡화 > 패션소품 > 우산 > 수동우산
스마트스토어,C010501,자동우산,C010499,4,패션잡화 > 패션소품 > 우산 > 자동우산
스마트스토어,C010502,커프스,C010461,3,패션잡화 > 패션소품 > 커프스
스마트스토어,C010503,코르사주,C010461,3,패션잡화 > 패션소품 > 코르사주
스마트스토어,C010504,키링,C010461,3,패션잡화 > 패션소품 > 키링
스마트스토어,C010505,한복소품,C010461,3,패션잡화 > 패션소품 > 한복소품
스마트스토어,C010506,행커치프,C010461,3,패션잡화 > 패션소품 > 행커치프
스마트스토어,C010509,헤어액세서리,C010197,2,패션잡화 > 헤어액세서리
스마트스토어,C010508,가발,C010509,3,패션잡화 > 헤어액세서리 > 가발
스마트스토어,C010507,남성가발,C010508,4,패션잡화 > 헤어액세서리 > 가발 > 남성가발
스마트스토어,C010510,여성가발,C010508,4,패션잡화 > 헤어액세서리 > 가발 > 여성가발
스마트스토어,C010511,헤어끈,C010509,3,패션잡화 > 헤어액세서리 > 헤어끈
스마트스토어,C010512,헤어밴드,C010509,3,패션잡화 > 헤어액세서리 > 헤어밴드
스마트스토어,C010513,헤어액세서리소품,C010509,3,패션잡화 > 헤어액세서리 > 헤어액세서리소품
스마트스토어,C010514,헤어핀,C010509,3,패션잡화 > 헤어액세서리 > 헤어핀
스마트스토어,C010517,화장품/미용,ROOT,1,화장품/미용
스마트스토어,C010516,남성화장품,C010517,2,화장품/미용 > 남성화장품
스마트스토어,C010515,남성청결제,C010516,3,화장품/미용 > 남성화장품 > 남성청결제
스마트스토어,C010518,남성화장품세트,C010516,3,화장품/미용 > 남성화장품 > 남성화장품세트
스마트스토어,C010519,마스크/팩,C010516,3,화장품/미용 > 남성화장품 > 마스크/팩
스마트스토어,C010521,메이크업,C010516,3,화장품/미용 > 남성화장품 > 메이크업
스마트스토어,C010520,립케어,C010521,4,화장품/미용 > 남성화장품 > 메이크업 > 립케어
스마트스토어,C010522,베이스메이크업,C010521,4,화장품/미용 > 남성화장품 > 메이크업 > 베이스메이크업
스마트스토어,C010523,아이메이크업,C010521,4,화장품/미용 > 남성화장품 > 메이크업 > 아이메이크업
스마트스토어,C010524,선케어,C010516,3,화장품/미용 > 남성화장품 > 선케어
스마트스토어,C010525,스크럽/필링,C010516,3,화장품/미용 > 남성화장품 > 스크럽/필링
스마트스토어,C010527,스킨케어,C010516,3,화장품/미용 > 남성화장품 > 스킨케어
스마트스토어,C010526,로션,C010527,4,화장품/미용 > 남성화장품 > 스킨케어 > 로션
스마트스토어,C010528,스킨/토너,C010527,4,화장품/미용 > 남성화장품 > 스킨케어 > 스킨/토너
스마트스토어,C010529,아이케어,C010527,4,화장품/미용 > 남성화장품 > 스킨케어 > 아이케어
스마트스토어,C010530,에센스,C010527,4,화장품/미용 > 남성화장품 > 스킨케어 > 에센스
스마트스토어,C010531,올인원,C010527,4,화장품/미용 > 남성화장품 > 스킨케어 > 올인원
스마트스토어,C010532,크림,C010527,4,화장품/미용 > 남성화장품 > 스킨케어 > 크림
스마트스토어,C010533,클렌징,C010516,3,화장품/미용 > 남성화장품 > 클렌징
스마트스토어,C010535,네일케어,C010517,2,화장품/미용 > 네일케어
스마트스토어,C010534,네일리무버,C010535,3,화장품/미용 > 네일케어 > 네일리무버
스마트스토어,C010536,네일아트,C010535,3,화장품/미용 > 네일케어 > 네일아트
스마트스토어,C010537,네일영양제,C010535,3,화장품/미용 > 네일케어 > 네일영양제
스마트스토어,C010538,네일케어도구,C010535,3,화장품/미용 > 네일케어 > 네일케어도구
스마트스토어,C010539,네일케어세트,C010535,3,화장품/미용 > 네일케어 > 네일케어세트
스마트스토어,C010540,네일팁/페디팁,C010535,3,화장품/미용 > 네일케어 > 네일팁/페디팁
스마트스토어,C010541,매니큐어/젤네일,C010535,3,화장품/미용 > 네일케어 > 매니큐어/젤네일
스마트스토어,C010543,마스크/팩,C010517,2,화장품/미용 > 마스크/팩
스마트스토어,C010542,마사지크림/젤,C010543,3,화장품/미용 > 마스크/팩 > 마사지크림/젤
스마트스토어,C010544,마스크/팩세트,C010543,3,화장품/미용 > 마스크/팩 > 마스크/팩세트
스마트스토어,C010545,마스크시트,C010543,3,화장품/미용 > 마스크/팩 > 마스크시트
스마트스토어,C010546,모델링팩,C010543,3,화장품/미용 > 마스크/팩 > 모델링팩
스마트스토어,C010547,수면팩,C010543,3,화장품/미용 > 마스크/팩 > 수면팩
스마트스토어,C010548,워시오프팩,C010543,3,화장품/미용 > 마스크/팩 > 워시오프팩
스마트스토어,C010549,코팩,C010543,3,화장품/미용 > 마스크/팩 > 코팩
스마트스토어,C010550,패치,C010543,3,화장품/미용 > 마스크/팩 > 패치
스마트스토어,C010551,필오프팩,C010543,3,화장품/미용 > 마스크/팩 > 필오프팩
스마트스토어,C010553,바디케어,C010517,2,화장품/미용 > 바디케어
스마트스토어,C010552,데오드란트,C010553,3,화장품/미용 > 바디케어 > 데오드란트
스마트스토어,C010554,목욕비누,C010553,3,화장품/미용 > 바디케어 > 목욕비누
스마트스토어,C010555,바디로션,C010553,3,화장품/미용 > 바디케어 > 바디로션
스마트스토어,C010556,바디미스트/샤워코롱,C010553,3,화장품/미용 > 바디케어 > 바디미스트/샤워코롱
스마트스토어,C010557,바디스크럽,C010553,3,화장품/미용 > 바디케어 > 바디스크럽
스마트스토어,C010558,바디슬리밍,C010553,3,화장품/미용 > 바디케어 > 바디슬리밍
스마트스토어,C010559,바디오일,C010553,3,화장품/미용 > 바디케어 > 바디오일
스마트스토어,C010560,바디케어세트,C010553,3,화장품/미용 > 바디케어 > 바디케어세트
스마트스토어,C010561,바디크림,C010553,3,화장품/미용 > 바디케어 > 바디크림
스마트스토어,C010562,바디클렌저,C010553,3,화장품/미용 > 바디케어 > 바디클렌저
스마트스토어,C010563,바디파우더,C010553,3,화장품/미용 > 바디케어 > 바디파우더
스마트스토어,C010564,아로마테라피,C010553,3,화장품/미용 > 바디케어 > 아로마테라피
스마트스토어,C010565,여성청결제,C010553,3,화장품/미용 > 바디케어 > 여성청결제
스마트스토어,C010566,입욕제,C010553,3,화장품/미용 > 바디케어 > 입욕제
스마트스토어,C010567,제모제,C010553,3,화장품/미용 > 바디케어 > 제모제
스마트스토어,C010568,풋케어,C010553,3,화장품/미용 > 바디케어 > 풋케어
스마트스토어,C010570,핸드케어,C010553,3,화장품/미용 > 바디케어 > 핸드케어
스마트스토어,C010569,리퀴드형,C010570,4,화장품/미용 > 바디케어 > 핸드케어 > 리퀴드형
스마트스토어,C010571,손소독제,C010570,4,화장품/미용 > 바디케어 > 핸드케어 > 손소독제
스마트스토어,C010572,스틱형,C010570,4,화장품/미용 > 바디케어 > 핸드케어 > 스틱형
스마트스토어,C010573,크림형,C010570,4,화장품/미용 > 바디케어 > 핸드케어 > 크림형
스마트스토어,C010574,핸드마스크,C010570,4,화장품/미용 > 바디케어 > 핸드케어 > 핸드마스크
스마트스토어,C010575,핸드워시,C010570,4,화장품/미용 > 바디케어 > 핸드케어 > 핸드워시
스마트스토어,C010576,핸드크림,C010570,4,화장품/미용 > 바디케어 > 핸드케어 > 핸드크림
스마트스토어,C010578,베이스메이크업,C010517,2,화장품/미용 > 베이스메이크업
스마트스토어,C010577,BB/CC/톤업크림,C010578,3,화장품/미용 > 베이스메이크업 > BB/CC/톤업크림
스마트스토어,C010579,메이크업베이스,C010578,3,화장품/미용 > 베이스메이크업 > 메이크업베이스
스마트스토어,C010580,메이크업픽서,C010578,3,화장품/미용 > 베이스메이크업 > 메이크업픽서
스마트스토어,C010581,베이스메이크업세트,C010578,3,화장품/미용 > 베이스메이크업 > 베이스메이크업세트
스마트스토어,C010582,컨실러,C010578,3,화장품/미용 > 베이스메이크업 > 컨실러
스마트스토어,C010583,쿠션,C010578,3,화장품/미용 > 베이스메이크업 > 쿠션
스마트스토어,C010585,파우더,C010578,3,화장품/미용 > 베이스메이크업 > 파우더
스마트스토어,C010584,루스파우더,C010585,4,화장품/미용 > 베이스메이크업 > 파우더 > 루스파우더
스마트스토어,C010586,팩트파우더,C010585,4,화장품/미용 > 베이스메이크업 > 파우더 > 팩트파우더
스마트스토어,C010588,파운데이션,C010578,3,화장품/미용 > 베이스메이크업 > 파운데이션
스마트스토어,C010587,리퀴드형,C010588,4,화장품/미용 > 베이스메이크업 > 파운데이션 > 리퀴드형
스마트스토어,C010589,스틱형,C010588,4,화장품/미용 > 베이스메이크업 > 파운데이션 > 스틱형
스마트스토어,C010590,크림형,C010588,4,화장품/미용 > 베이스메이크업 > 파운데이션 > 크림형
스마트스토어,C010591,프라이머,C010578,3,화장품/미용 > 베이스메이크업 > 프라이머
스마트스토어,C010593,뷰티소품,C010517,2,화장품/미용 > 뷰티소품
스마트스토어,C010592,DIY화장품재료,C010593,3,화장품/미용 > 뷰티소품 > DIY화장품재료
스마트스토어,C010595,메이크업브러시,C010593,3,화장품/미용 > 뷰티소품 > 메이크업브러시
스마트스토어,C010594,립브러시,C010595,4,화장품/미용 > 뷰티소품 > 메이크업브러시 > 립브러시
스마트스토어,C010596,브러시세트,C010595,4,화장품/미용 > 뷰티소품 > 메이크업브러시 > 브러시세트
스마트스토어,C010597,브러시클렌저,C010595,4,화장품/미용 > 뷰티소품 > 메이크업브러시 > 브러시클렌저
스마트스토어,C010598,아이브러시,C010595,4,화장품/미용 > 뷰티소품 > 메이크업브러시 > 아이브러시
스마트스토어,C010599,페이스브러시,C010595,4,화장품/미용 > 뷰티소품 > 메이크업브러시 > 페이스브러시
스마트스토어,C010600,바디소품,C010593,3,화장품/미용 > 뷰티소품 > 바디소품
스마트스토어,C010602,아이소품,C010593,3,화장품/미용 > 뷰티소품 > 아이소품
스마트스토어,C010601,기타아이소품,C010602,4,화장품/미용 > 뷰티소품 > 아이소품 > 기타아이소품
스마트스토어,C010603,눈썹가위,C010602,4,화장품/미용 > 뷰티소품 > 아이소품 > 눈썹가위
스마트스토어,C010604,눈썹칼,C010602,4,화장품/미용 > 뷰티소품 > 아이소품 > 눈썹칼
스마트스토어,C010605,뷰러,C010602,4,화장품/미용 > 뷰티소품 > 아이소품 > 뷰러
스마트스토어,C010606,샤프너,C010602,4,화장품/미용 > 뷰티소품 > 아이소품 > 샤프너
스마트스토어,C010607,속눈썹/속눈썹펌제,C010602,4,화장품/미용 > 뷰티소품 > 아이소품 > 속눈썹/속눈썹펌제
스마트스토어,C010608,쌍꺼풀,C010602,4,화장품/미용 > 뷰티소품 > 아이소품 > 쌍꺼풀
스마트스토어,C010609,족집게,C010602,4,화장품/미용 > 뷰티소품 > 아이소품 > 족집게
스마트스토어,C010610,타투,C010593,3,화장품/미용 > 뷰티소품 > 타투
스마트스토어,C010612,페이스소품,C010593,3,화장품/미용 > 뷰티소품 > 페이스소품
스마트스토어,C010611,괄사/쿨링스틱,C010612,4,화장품/미용 > 뷰티소품 > 페이스소품 > 괄사/쿨링스틱
스마트스토어,C010613,기름종이,C010612,4,화장품/미용 > 뷰티소품 > 페이스소품 > 기름종이
스마트스토어,C010614,기타페이스소품,C010612,4,화장품/미용 > 뷰티소품 > 페이스소품 > 기타페이스소품
스마트스토어,C010615,리프팅밴드,C010612,4,화장품/미용 > 뷰티소품 > 페이스소품 > 리프팅밴드
스마트스토어,C010616,면봉,C010612,4,화장품/미용 > 뷰티소품 > 페이스소품 > 면봉
스마트스토어,C010617,세안도구,C010612,4,화장품/미용 > 뷰티소품 > 페이스소품 > 세안도구
스마트스토어,C010618,코털제거기,C010612,4,화장품/미용 > 뷰티소품 > 페이스소품 > 코털제거기
스마트스토어,C010619,퍼프,C010612,4,화장품/미용 > 뷰티소품 > 페이스소품 > 퍼프
스마트스토어,C010620,페이스롤러/니들,C010612,4,화장품/미용 > 뷰티소품 > 페이스소품 > 페이스롤러/니들
스마트스토어,C010621,피지/각질제거기,C010612,4,화장품/미용 > 뷰티소품 > 페이스소품 > 피지/각질제거기
스마트스토어,C010622,화장솜,C010612,4,화장품/미용 > 뷰티소품 > 페이스소품 > 화장솜
스마트스토어,C010624,헤어소품,C010593,3,화장품/미용 > 뷰티소품 > 헤어소품
스마트스토어,C010623,기타헤어소품,C010624,4,화장품/미용 > 뷰티소품 > 헤어소품 > 기타헤어소품
스마트스토어,C010625,미용가위,C010624,4,화장품/미용 > 뷰티소품 > 헤어소품 > 미용가위
스마트스토어,C010626,세안밴드,C010624,4,화장품/미용 > 뷰티소품 > 헤어소품 > 세안밴드
스마트스토어,C010627,헤어롤,C010624,4,화장품/미용 > 뷰티소품 > 헤어소품 > 헤어롤
스마트스토어,C010628,헤어브러시,C010624,4,화장품/미용 > 뷰티소품 > 헤어소품 > 헤어브러시
스마트스토어,C010629,헤어캡,C010624,4,화장품/미용 > 뷰티소품 > 헤어소품 > 헤어캡
스마트스토어,C010630,화장품케이스,C010593,3,화장품/미용 > 뷰티소품 > 화장품케이스
스마트스토어,C010632,색조메이크업,C010517,2,화장품/미용 > 색조메이크업
스마트스토어,C010631,립글로스,C010632,3,화장품/미용 > 색조메이크업 > 립글로스
스마트스토어,C010633,립라이너,C010632,3,화장품/미용 > 색조메이크업 > 립라이너
스마트스토어,C010634,립스틱,C010632,3,화장품/미용 > 색조메이크업 > 립스틱
스마트스토어,C010635,립케어,C010632,3,화장품/미용 > 색조메이크업 > 립케어
스마트스토어,C010636,립틴트,C010632,3,화장품/미용 > 색조메이크업 > 립틴트
스마트스토어,C010637,마스카라,C010632,3,화장품/미용 > 색조메이크업 > 마스카라
스마트스토어,C010638,블러셔,C010632,3,화장품/미용 > 색조메이크업 > 블러셔
스마트스토어,C010639,색조메이크업세트,C010632,3,화장품/미용 > 색조메이크업 > 색조메이크업세트
스마트스토어,C010640,속눈썹영양제,C010632,3,화장품/미용 > 색조메이크업 > 속눈썹영양제
스마트스토어,C010642,아이라이너,C010632,3,화장품/미용 > 색조메이크업 > 아이라이너
스마트스토어,C010641,리퀴드형,C010642,4,화장품/미용 > 색조메이크업 > 아이라이너 > 리퀴드형
스마트스토어,C010643,젤형,C010642,4,화장품/미용 > 색조메이크업 > 아이라이너 > 젤형
스마트스토어,C010644,펜슬형,C010642,4,화장품/미용 > 색조메이크업 > 아이라이너 > 펜슬형
스마트스토어,C010645,아이브로,C010632,3,화장품/미용 > 색조메이크업 > 아이브로
스마트스토어,C010646,아이섀도,C010632,3,화장품/미용 > 색조메이크업 > 아이섀도
스마트스토어,C010647,하이라이터/쉐이딩,C010632,3,화장품/미용 > 색조메이크업 > 하이라이터/쉐이딩
스마트스토어,C010649,선케어,C010517,2,화장품/미용 > 선케어
스마트스토어,C010648,선스틱,C010649,3,화장품/미용 > 선케어 > 선스틱
스마트스토어,C010650,선스프레이,C010649,3,화장품/미용 > 선케어 > 선스프레이
스마트스토어,C010651,선케어세트,C010649,3,화장품/미용 > 선케어 > 선케어세트
스마트스토어,C010652,선크림,C010649,3,화장품/미용 > 선케어 > 선크림
스마트스토어,C010653,선파우더/쿠션,C010649,3,화장품/미용 > 선케어 > 선파우더/쿠션
스마트스토어,C010654,애프터선,C010649,3,화장품/미용 > 선케어 > 애프터선
스마트스토어,C010656,태닝,C010649,3,화장품/미용 > 선케어 > 태닝
스마트스토어,C010655,태닝스프레이,C010656,4,화장품/미용 > 선케어 > 태닝 > 태닝스프레이
스마트스토어,C010657,태닝오일,C010656,4,화장품/미용 > 선케어 > 태닝 > 태닝오일
스마트스토어,C010658,태닝크림,C010656,4,화장품/미용 > 선케어 > 태닝 > 태닝크림
스마트스토어,C010659,태닝티슈,C010656,4,화장품/미용 > 선케어 > 태닝 > 태닝티슈
스마트스토어,C010661,스킨케어,C010517,2,화장품/미용 > 스킨케어
스마트스토어,C010660,로션,C010661,3,화장품/미용 > 스킨케어 > 로션
스마트스토어,C010662,미스트,C010661,3,화장품/미용 > 스킨케어 > 미스트
스마트스토어,C010663,스킨/토너,C010661,3,화장품/미용 > 스킨케어 > 스킨/토너
스마트스토어,C010664,아이/넥케어,C010661,3,화장품/미용 > 스킨케어 > 아이/넥케어
스마트스토어,C010665,에센스/세럼/앰플,C010661,3,화장품/미용 > 스킨케어 > 에센스/세럼/앰플
스마트스토어,C010666,크림,C010661,3,화장품/미용 > 스킨케어 > 크림
스마트스토어,C010667,토너패드/앰플패드,C010661,3,화장품/미용 > 스킨케어 > 토너패드/앰플패드
스마트스토어,C010668,페이스오일,C010661,3,화장품/미용 > 스킨케어 > 페이스오일
스마트스토어,C010669,화장품세트,C010661,3,화장품/미용 > 스킨케어 > 화장품세트
스마트스토어,C010671,클렌징,C010517,2,화장품/미용 > 클렌징
스마트스토어,C010670,립앤아이리무버,C010671,3,화장품/미용 > 클렌징 > 립앤아이리무버
스마트스토어,C010672,세안비누,C010671,3,화장품/미용 > 클렌징 > 세안비누
스마트스토어,C010673,스크럽/필링,C010671,3,화장품/미용 > 클렌징 > 스크럽/필링
스마트스토어,C010674,클렌징밀크,C010671,3,화장품/미용 > 클렌징 > 클렌징밀크
스마트스토어,C010675,클렌징밤,C010671,3,화장품/미용 > 클렌징 > 클렌징밤
스마트스토어,C010676,클렌징세트,C010671,3,화장품/미용 > 클렌징 > 클렌징세트
스마트스토어,C010677,클렌징오일,C010671,3,화장품/미용 > 클렌징 > 클렌징오일
스마트스토어,C010678,클렌징워터,C010671,3,화장품/미용 > 클렌징 > 클렌징워터
스마트스토어,C010679,클렌징젤,C010671,3,화장품/미용 > 클렌징 > 클렌징젤
스마트스토어,C010680,클렌징크림,C010671,3,화장품/미용 > 클렌징 > 클렌징크림
스마트스토어,C010681,클렌징티슈,C010671,3,화장품/미용 > 클렌징 > 클렌징티슈
스마트스토어,C010682,클렌징파우더,C010671,3,화장품/미용 > 클렌징 > 클렌징파우더
스마트스토어,C010683,클렌징폼,C010671,3,화장품/미용 > 클렌징 > 클렌징폼
스마트스토어,C010685,향수,C010517,2,화장품/미용 > 향수
스마트스토어,C010684,고체향수,C010685,3,화장품/미용 > 향수 > 고체향수
스마트스토어,C010686,남녀공용향수,C010685,3,화장품/미용 > 향수 > 남녀공용향수
스마트스토어,C010687,남성향수,C010685,3,화장품/미용 > 향수 > 남성향수
스마트스토어,C010688,여성향수,C010685,3,화장품/미용 > 향수 > 여성향수
스마트스토어,C010689,향수세트,C010685,3,화장품/미용 > 향수 > 향수세트
스마트스토어,C010691,헤어스타일링,C010517,2,화장품/미용 > 헤어스타일링
스마트스토어,C010690,염색약,C010691,3,화장품/미용 > 헤어스타일링 > 염색약
스마트스토어,C010693,파마약,C010691,3,화장품/미용 > 헤어스타일링 > 파마약
스마트스토어,C010692,레인부츠,C010693,4,화장품/미용 > 헤어스타일링 > 파마약 > 레인부츠
스마트스토어,C010694,롱부츠,C010693,4,화장품/미용 > 헤어스타일링 > 파마약 > 롱부츠
스마트스토어,C010695,미들부츠,C010693,4,화장품/미용 > 헤어스타일링 > 파마약 > 미들부츠
스마트스토어,C010696,스트레이트,C010693,4,화장품/미용 > 헤어스타일링 > 파마약 > 스트레이트
스마트스토어,C010697,앵클/숏부츠,C010693,4,화장품/미용 > 헤어스타일링 > 파마약 > 앵클/숏부츠
스마트스토어,C010698,웨이브,C010693,4,화장품/미용 > 헤어스타일링 > 파마약 > 웨이브
스마트스토어,C010699,헤어무스,C010691,3,화장품/미용 > 헤어스타일링 > 헤어무스
스마트스토어,C010700,헤어스프레이,C010691,3,화장품/미용 > 헤어스타일링 > 헤어스프레이
스마트스토어,C010701,헤어왁스,C010691,3,화장품/미용 > 헤어스타일링 > 헤어왁스
스마트스토어,C010702,헤어젤,C010691,3,화장품/미용 > 헤어스타일링 > 헤어젤
스마트스토어,C010704,헤어케어,C010517,2,화장품/미용 > 헤어케어
스마트스토어,C010703,두피케어,C010704,3,화장품/미용 > 헤어케어 > 두피케어
스마트스토어,C010705,린스/컨디셔너,C010704,3,화장품/미용 > 헤어케어 > 린스/컨디셔너
스마트스토어,C010706,샴푸,C010704,3,화장품/미용 > 헤어케어 > 샴푸
스마트스토어,C010707,탈모케어,C010704,3,화장품/미용 > 헤어케어 > 탈모케어
스마트스토어,C010708,트리트먼트/헤어팩,C010704,3,화장품/미용 > 헤어케어 > 트리트먼트/헤어팩
스마트스토어,C010709,헤어미스트,C010704,3,화장품/미용 > 헤어케어 > 헤어미스트
스마트스토어,C010710,헤어에센스,C010704,3,화장품/미용 > 헤어케어 > 헤어에센스
스마트스토어,C010711,헤어케어세트,C010704,3,화장품/미용 > 헤어케어 > 헤어케어세트
롯데ON,C010714,가방/지갑,ROOT,1,가방/지갑
롯데ON,C010713,가방소품,C010714,2,가방/지갑 > 가방소품
롯데ON,C010712,가방걸이,C010713,3,가방/지갑 > 가방소품 > 가방걸이
롯데ON,C010715,가방끈,C010713,3,가방/지갑 > 가방소품 > 가방끈
롯데ON,C010717,기타,C010714,2,가방/지갑 > 기타
롯데ON,C010716,기타,C010717,3,가방/지갑 > 기타 > 기타
롯데ON,C010719,기타여행가방,C010714,2,가방/지갑 > 기타여행가방
롯데ON,C010718,보스턴가방,C010719,3,가방/지갑 > 기타여행가방 > 보스턴가방
롯데ON,C010720,보조가방,C010719,3,가방/지갑 > 기타여행가방 > 보조가방
롯데ON,C010721,이민/유학용가방,C010719,3,가방/지갑 > 기타여행가방 > 이민/유학용가방
롯데ON,C010723,남성가방,C010714,2,가방/지갑 > 남성가방
롯데ON,C010722,노트북가방,C010723,3,가방/지갑 > 남성가방 > 노트북가방
롯데ON,C010724,백팩,C010723,3,가방/지갑 > 남성가방 > 백팩
롯데ON,C010725,서류가방,C010723,3,가방/지갑 > 남성가방 > 서류가방
롯데ON,C010726,숄더백,C010723,3,가방/지갑 > 남성가방 > 숄더백
롯데ON,C010727,에코백,C010723,3,가방/지갑 > 남성가방 > 에코백
롯데ON,C010728,크로스백,C010723,3,가방/지갑 > 남성가방 > 크로스백
롯데ON,C010729,클러치,C010723,3,가방/지갑 > 남성가방 > 클러치
롯데ON,C010730,토트백,C010723,3,가방/지갑 > 남성가방 > 토트백
롯데ON,C010731,힙색/슬링백,C010723,3,가방/지갑 > 남성가방 > 힙색/슬링백
롯데ON,C010733,벨트,C010714,2,가방/지갑 > 벨트
롯데ON,C010732,멜빵/서스펜더,C010733,3,가방/지갑 > 벨트 > 멜빵/서스펜더
롯데ON,C010734,정장벨트,C010733,3,가방/지갑 > 벨트 > 정장벨트
롯데ON,C010735,지갑/벨트세트,C010733,3,가방/지갑 > 벨트 > 지갑/벨트세트
롯데ON,C010736,캐주얼벨트,C010733,3,가방/지갑 > 벨트 > 캐주얼벨트
롯데ON,C010738,소프트캐리어,C010714,2,가방/지갑 > 소프트캐리어
롯데ON,C010737,기내용,C010738,3,가방/지갑 > 소프트캐리어 > 기내용
롯데ON,C010739,중대형,C010738,3,가방/지갑 > 소프트캐리어 > 중대형
롯데ON,C010740,캐리어세트,C010738,3,가방/지갑 > 소프트캐리어 > 캐리어세트
롯데ON,C010742,여성가방,C010714,2,가방/지갑 > 여성가방
롯데ON,C010741,백팩,C010742,3,가방/지갑 > 여성가방 > 백팩
롯데ON,C010743,비치백,C010742,3,가방/지갑 > 여성가방 > 비치백
롯데ON,C010744,쇼퍼백,C010742,3,가방/지갑 > 여성가방 > 쇼퍼백
롯데ON,C010745,숄더백,C010742,3,가방/지갑 > 여성가방 > 숄더백
롯데ON,C010746,에코백,C010742,3,가방/지갑 > 여성가방 > 에코백
롯데ON,C010747,왕골백,C010742,3,가방/지갑 > 여성가방 > 왕골백
롯데ON,C010748,이너백,C010742,3,가방/지갑 > 여성가방 > 이너백
롯데ON,C010749,크로스백,C010742,3,가방/지갑 > 여성가방 > 크로스백
롯데ON,C010750,클러치,C010742,3,가방/지갑 > 여성가방 > 클러치
롯데ON,C010751,토트백,C010742,3,가방/지갑 > 여성가방 > 토트백
롯데ON,C010752,화장품가방/파우치,C010742,3,가방/지갑 > 여성가방 > 화장품가방/파우치
롯데ON,C010753,힙색/슬링백,C010742,3,가방/지갑 > 여성가방 > 힙색/슬링백
롯데ON,C010755,여행소품,C010714,2,가방/지갑 > 여행소품
롯데ON,C010754,네임택,C010755,3,가방/지갑 > 여행소품 > 네임택
롯데ON,C010756,목베개,C010755,3,가방/지갑 > 여행소품 > 목베개
롯데ON,C010757,복대,C010755,3,가방/지갑 > 여행소품 > 복대
롯데ON,C010758,안대,C010755,3,가방/지갑 > 여행소품 > 안대
롯데ON,C010759,여권지갑/여권케이스,C010755,3,가방/지갑 > 여행소품 > 여권지갑/여권케이스
롯데ON,C010760,잠금벨트/자물쇠,C010755,3,가방/지갑 > 여행소품 > 잠금벨트/자물쇠
롯데ON,C010761,정리팩,C010755,3,가방/지갑 > 여행소품 > 정리팩
롯데ON,C010762,캐리어커버,C010755,3,가방/지갑 > 여행소품 > 캐리어커버
롯데ON,C010763,폴딩백,C010755,3,가방/지갑 > 여행소품 > 폴딩백
롯데ON,C010765,지갑,C010714,2,가방/지갑 > 지갑
롯데ON,C010764,남성반지갑,C010765,3,가방/지갑 > 지갑 > 남성반지갑
롯데ON,C010766,남성장지갑,C010765,3,가방/지갑 > 지갑 > 남성장지갑
롯데ON,C010767,남성중지갑,C010765,3,가방/지갑 > 지갑 > 남성중지갑
롯데ON,C010768,동전/열쇠지갑,C010765,3,가방/지갑 > 지갑 > 동전/열쇠지갑
롯데ON,C010769,머니클립,C010765,3,가방/지갑 > 지갑 > 머니클립
롯데ON,C010770,명함지갑,C010765,3,가방/지갑 > 지갑 > 명함지갑
롯데ON,C010771,여성반지갑,C010765,3,가방/지갑 > 지갑 > 여성반지갑
롯데ON,C010772,여성장지갑,C010765,3,가방/지갑 > 지갑 > 여성장지갑
롯데ON,C010773,여성중지갑,C010765,3,가방/지갑 > 지갑 > 여성중지갑
롯데ON,C010774,지갑세트,C010765,3,가방/지갑 > 지갑 > 지갑세트
롯데ON,C010775,카드지갑,C010765,3,가방/지갑 > 지갑 > 카드지갑
롯데ON,C010776,통장지갑,C010765,3,가방/지갑 > 지갑 > 통장지갑
롯데ON,C010778,하드캐리어,C010714,2,가방/지갑 > 하드캐리어
롯데ON,C010777,기내용,C010778,3,가방/지갑 > 하드캐리어 > 기내용
롯데ON,C010779,중대형,C010778,3,가방/지갑 > 하드캐리어 > 중대형
롯데ON,C010780,캐리어세트,C010778,3,가방/지갑 > 하드캐리어 > 캐리어세트
롯데ON,C010783,건강/다이어트식품,ROOT,1,건강/다이어트식품
롯데ON,C010782,건강즙,C010783,2,건강/다이어트식품 > 건강즙
롯데ON,C010781,가시오가피즙,C010782,3,건강/다이어트식품 > 건강즙 > 가시오가피즙
롯데ON,C010784,기타즙,C010782,3,건강/다이어트식품 > 건강즙 > 기타즙
롯데ON,C010785,노니즙,C010782,3,건강/다이어트식품 > 건강즙 > 노니즙
롯데ON,C010786,도라지즙,C010782,3,건강/다이어트식품 > 건강즙 > 도라지즙
롯데ON,C010787,마늘즙,C010782,3,건강/다이어트식품 > 건강즙 > 마늘즙
롯데ON,C010788,매실즙,C010782,3,건강/다이어트식품 > 건강즙 > 매실즙
롯데ON,C010789,배즙,C010782,3,건강/다이어트식품 > 건강즙 > 배즙
롯데ON,C010790,복분자즙,C010782,3,건강/다이어트식품 > 건강즙 > 복분자즙
롯데ON,C010791,블루베리즙,C010782,3,건강/다이어트식품 > 건강즙 > 블루베리즙
롯데ON,C010792,사과즙,C010782,3,건강/다이어트식품 > 건강즙 > 사과즙
롯데ON,C010793,석류즙,C010782,3,건강/다이어트식품 > 건강즙 > 석류즙
롯데ON,C010794,아로니아즙,C010782,3,건강/다이어트식품 > 건강즙 > 아로니아즙
롯데ON,C010795,양배추즙,C010782,3,건강/다이어트식품 > 건강즙 > 양배추즙
롯데ON,C010796,양파즙,C010782,3,건강/다이어트식품 > 건강즙 > 양파즙
롯데ON,C010797,오디즙,C010782,3,건강/다이어트식품 > 건강즙 > 오디즙
롯데ON,C010798,칡즙,C010782,3,건강/다이어트식품 > 건강즙 > 칡즙
롯데ON,C010799,토마토즙,C010782,3,건강/다이어트식품 > 건강즙 > 토마토즙
롯데ON,C010800,포도즙,C010782,3,건강/다이어트식품 > 건강즙 > 포도즙
롯데ON,C010801,헛개즙,C010782,3,건강/다이어트식품 > 건강즙 > 헛개즙
롯데ON,C010802,호박즙,C010782,3,건강/다이어트식품 > 건강즙 > 호박즙
롯데ON,C010804,건강환/분말,C010783,2,건강/다이어트식품 > 건강환/분말
롯데ON,C010803,건강분말,C010804,3,건강/다이어트식품 > 건강환/분말 > 건강분말
롯데ON,C010805,건강환,C010804,3,건강/다이어트식품 > 건강환/분말 > 건강환
롯데ON,C010807,꿀/프로폴리스,C010783,2,건강/다이어트식품 > 꿀/프로폴리스
롯데ON,C010806,꿀,C010807,3,건강/다이어트식품 > 꿀/프로폴리스 > 꿀
롯데ON,C010808,프로폴리스,C010807,3,건강/다이어트식품 > 꿀/프로폴리스 > 프로폴리스
롯데ON,C010810,다이어트보조식품,C010783,2,건강/다이어트식품 > 다이어트보조식품
롯데ON,C010809,CLA,C010810,3,건강/다이어트식품 > 다이어트보조식품 > CLA
롯데ON,C010811,가르시니아,C010810,3,건강/다이어트식품 > 다이어트보조식품 > 가르시니아
롯데ON,C010812,기타다이어트식품,C010810,3,건강/다이어트식품 > 다이어트보조식품 > 기타다이어트식품
롯데ON,C010813,다이어트차,C010810,3,건강/다이어트식품 > 다이어트보조식품 > 다이어트차
롯데ON,C010814,체중조절쉐이크/바,C010810,3,건강/다이어트식품 > 다이어트보조식품 > 체중조절쉐이크/바
롯데ON,C010816,뷰티푸드,C010783,2,건강/다이어트식품 > 뷰티푸드
롯데ON,C010815,코엔자임Q10,C010816,3,건강/다이어트식품 > 뷰티푸드 > 코엔자임Q10
롯데ON,C010817,콜라겐,C010816,3,건강/다이어트식품 > 뷰티푸드 > 콜라겐
롯데ON,C010818,효소,C010816,3,건강/다이어트식품 > 뷰티푸드 > 효소
롯데ON,C010819,히알루론산,C010816,3,건강/다이어트식품 > 뷰티푸드 > 히알루론산
롯데ON,C010821,비타민,C010783,2,건강/다이어트식품 > 비타민
롯데ON,C010820,기타비타민,C010821,3,건강/다이어트식품 > 비타민 > 기타비타민
롯데ON,C010822,멀티비타민,C010821,3,건강/다이어트식품 > 비타민 > 멀티비타민
롯데ON,C010823,발포비타민,C010821,3,건강/다이어트식품 > 비타민 > 발포비타민
롯데ON,C010824,비타민A,C010821,3,건강/다이어트식품 > 비타민 > 비타민A
롯데ON,C010825,비타민B,C010821,3,건강/다이어트식품 > 비타민 > 비타민B
롯데ON,C010826,비타민C,C010821,3,건강/다이어트식품 > 비타민 > 비타민C
롯데ON,C010827,비타민D,C010821,3,건강/다이어트식품 > 비타민 > 비타민D
롯데ON,C010828,비타민E,C010821,3,건강/다이어트식품 > 비타민 > 비타민E
롯데ON,C010830,숙취해소/소화제,C010783,2,건강/다이어트식품 > 숙취해소/소화제
롯데ON,C010829,소화제,C010830,3,건강/다이어트식품 > 숙취해소/소화제 > 소화제
롯데ON,C010831,숙취해소,C010830,3,건강/다이어트식품 > 숙취해소/소화제 > 숙취해소
롯데ON,C010833,어린이건강식품,C010783,2,건강/다이어트식품 > 어린이건강식품
롯데ON,C010832,어린이비타민,C010833,3,건강/다이어트식품 > 어린이건강식품 > 어린이비타민
롯데ON,C010834,어린이영양제,C010833,3,건강/다이어트식품 > 어린이건강식품 > 어린이영양제
롯데ON,C010835,어린이홍삼,C010833,3,건강/다이어트식품 > 어린이건강식품 > 어린이홍삼
롯데ON,C010837,영양식,C010783,2,건강/다이어트식품 > 영양식
롯데ON,C010836,선식,C010837,3,건강/다이어트식품 > 영양식 > 선식
롯데ON,C010838,환자식/영양보충식/프로틴,C010837,3,건강/다이어트식품 > 영양식 > 환자식/영양보충식/프로틴
롯데ON,C010840,영양제,C010783,2,건강/다이어트식품 > 영양제
롯데ON,C010839,감마리놀렌산,C010840,3,건강/다이어트식품 > 영양제 > 감마리놀렌산
롯데ON,C010841,글루코사민,C010840,3,건강/다이어트식품 > 영양제 > 글루코사민
롯데ON,C010842,기타영양제,C010840,3,건강/다이어트식품 > 영양제 > 기타영양제
롯데ON,C010843,로얄제리,C010840,3,건강/다이어트식품 > 영양제 > 로얄제리
롯데ON,C010844,루테인,C010840,3,건강/다이어트식품 > 영양제 > 루테인
롯데ON,C010845,리프리놀/초록입홍합,C010840,3,건강/다이어트식품 > 영양제 > 리프리놀/초록입홍합
롯데ON,C010846,마그네슘,C010840,3,건강/다이어트식품 > 영양제 > 마그네슘
롯데ON,C010847,밀크시슬,C010840,3,건강/다이어트식품 > 영양제 > 밀크시슬
롯데ON,C010848,보스웰리아,C010840,3,건강/다이어트식품 > 영양제 > 보스웰리아
롯데ON,C010849,쏘팔매토,C010840,3,건강/다이어트식품 > 영양제 > 쏘팔매토
롯데ON,C010850,아연,C010840,3,건강/다이어트식품 > 영양제 > 아연
롯데ON,C010851,알로에베라,C010840,3,건강/다이어트식품 > 영양제 > 알로에베라
롯데ON,C010852,엽산,C010840,3,건강/다이어트식품 > 영양제 > 엽산
롯데ON,C010853,오메가3/피쉬오일,C010840,3,건강/다이어트식품 > 영양제 > 오메가3/피쉬오일
롯데ON,C010854,유산균/프로바이오틱스,C010840,3,건강/다이어트식품 > 영양제 > 유산균/프로바이오틱스
롯데ON,C010855,징코,C010840,3,건강/다이어트식품 > 영양제 > 징코
롯데ON,C010856,철분,C010840,3,건강/다이어트식품 > 영양제 > 철분
롯데ON,C010857,초유,C010840,3,건강/다이어트식품 > 영양제 > 초유
롯데ON,C010858,칼슘,C010840,3,건강/다이어트식품 > 영양제 > 칼슘
롯데ON,C010859,코큐텐,C010840,3,건강/다이어트식품 > 영양제 > 코큐텐
롯데ON,C010860,크릴오일/정제어유,C010840,3,건강/다이어트식품 > 영양제 > 크릴오일/정제어유
롯데ON,C010861,클로렐라/스피루리나,C010840,3,건강/다이어트식품 > 영양제 > 클로렐라/스피루리나
롯데ON,C010862,폴리코사놀,C010840,3,건강/다이어트식품 > 영양제 > 폴리코사놀
롯데ON,C010864,헬스보충제,C010783,2,건강/다이어트식품 > 헬스보충제
롯데ON,C010863,게이너,C010864,3,건강/다이어트식품 > 헬스보충제 > 게이너
롯데ON,C010865,기타헬스보충제,C010864,3,건강/다이어트식품 > 헬스보충제 > 기타헬스보충제
롯데ON,C010866,아미노산/비타민,C010864,3,건강/다이어트식품 > 헬스보충제 > 아미노산/비타민
롯데ON,C010867,프로틴,C010864,3,건강/다이어트식품 > 헬스보충제 > 프로틴
롯데ON,C010869,홍삼,C010783,2,건강/다이어트식품 > 홍삼
롯데ON,C010868,홍삼액/액상추출액,C010869,3,건강/다이어트식품 > 홍삼 > 홍삼액/액상추출액
롯데ON,C010870,홍삼절편,C010869,3,건강/다이어트식품 > 홍삼 > 홍삼절편
롯데ON,C010871,홍삼정/농축액,C010869,3,건강/다이어트식품 > 홍삼 > 홍삼정/농축액
롯데ON,C010872,홍삼정과,C010869,3,건강/다이어트식품 > 홍삼 > 홍삼정과
롯데ON,C010873,홍삼젤리/캔디/차,C010869,3,건강/다이어트식품 > 홍삼 > 홍삼젤리/캔디/차
롯데ON,C010874,홍삼환/캡슐,C010869,3,건강/다이어트식품 > 홍삼 > 홍삼환/캡슐
롯데ON,C010877,건강용품,ROOT,1,건강용품
롯데ON,C010876,건강측정용품,C010877,2,건강용품 > 건강측정용품
롯데ON,C010875,기타건강측정용품,C010876,3,건강용품 > 건강측정용품 > 기타건강측정용품
롯데ON,C010878,만보계,C010876,3,건강용품 > 건강측정용품 > 만보계
롯데ON,C010879,산소포화도측정기,C010876,3,건강용품 > 건강측정용품 > 산소포화도측정기
롯데ON,C010880,체온계,C010876,3,건강용품 > 건강측정용품 > 체온계
롯데ON,C010881,체중계,C010876,3,건강용품 > 건강측정용품 > 체중계
롯데ON,C010882,혈압계,C010876,3,건강용품 > 건강측정용품 > 혈압계
롯데ON,C010884,금연/흡연용품,C010877,2,건강용품 > 금연/흡연용품
롯데ON,C010883,금연보조제,C010884,3,건강용품 > 금연/흡연용품 > 금연보조제
롯데ON,C010885,금연초,C010884,3,건강용품 > 금연/흡연용품 > 금연초
롯데ON,C010886,라이터,C010884,3,건강용품 > 금연/흡연용품 > 라이터
롯데ON,C010887,재떨이,C010884,3,건강용품 > 금연/흡연용품 > 재떨이
롯데ON,C010888,전자담배,C010884,3,건강용품 > 금연/흡연용품 > 전자담배
롯데ON,C010889,전자담배액세서리,C010884,3,건강용품 > 금연/흡연용품 > 전자담배액세서리
롯데ON,C010890,흡연용품케이스,C010884,3,건강용품 > 금연/흡연용품 > 흡연용품케이스
롯데ON,C010892,눈건강용품,C010877,2,건강용품 > 눈건강용품
롯데ON,C010891,렌즈관리용품,C010892,3,건강용품 > 눈건강용품 > 렌즈관리용품
롯데ON,C010893,렌즈세정액,C010892,3,건강용품 > 눈건강용품 > 렌즈세정액
롯데ON,C010894,안대,C010892,3,건강용품 > 눈건강용품 > 안대
롯데ON,C010896,당뇨관리용품,C010877,2,건강용품 > 당뇨관리용품
롯데ON,C010895,채혈기,C010896,3,건강용품 > 당뇨관리용품 > 채혈기
롯데ON,C010897,채혈침/바늘,C010896,3,건강용품 > 당뇨관리용품 > 채혈침/바늘
롯데ON,C010898,혈당측정기,C010896,3,건강용품 > 당뇨관리용품 > 혈당측정기
롯데ON,C010899,혈당측정지,C010896,3,건강용품 > 당뇨관리용품 > 혈당측정지
롯데ON,C010901,마스크,C010877,2,건강용품 > 마스크
롯데ON,C010900,KF마스크,C010901,3,건강용품 > 마스크 > KF마스크
롯데ON,C010902,덴탈마스크,C010901,3,건강용품 > 마스크 > 덴탈마스크
롯데ON,C010903,방한마스크,C010901,3,건강용품 > 마스크 > 방한마스크
롯데ON,C010904,위생마스크,C010901,3,건강용품 > 마스크 > 위생마스크
롯데ON,C010905,일반마스크,C010901,3,건강용품 > 마스크 > 일반마스크
롯데ON,C010906,특수마스크,C010901,3,건강용품 > 마스크 > 특수마스크
롯데ON,C010908,발건강용품,C010877,2,건강용품 > 발건강용품
롯데ON,C010907,기타발건강용품,C010908,3,건강용품 > 발건강용품 > 기타발건강용품
롯데ON,C010909,다리/발마사지기,C010908,3,건강용품 > 발건강용품 > 다리/발마사지기
롯데ON,C010910,발가락교정기,C010908,3,건강용품 > 발건강용품 > 발가락교정기
롯데ON,C010911,발각질제거기,C010908,3,건강용품 > 발건강용품 > 발각질제거기
롯데ON,C010912,슬리퍼,C010908,3,건강용품 > 발건강용품 > 슬리퍼
롯데ON,C010913,지압기,C010908,3,건강용품 > 발건강용품 > 지압기
롯데ON,C010915,성인용품,C010877,2,건강용품 > 성인용품
롯데ON,C010914,기타성인용품,C010915,3,건강용품 > 성인용품 > 기타성인용품
롯데ON,C010916,남성용성인용품,C010915,3,건강용품 > 성인용품 > 남성용성인용품
롯데ON,C010917,란제리,C010915,3,건강용품 > 성인용품 > 란제리
롯데ON,C010918,러브젤,C010915,3,건강용품 > 성인용품 > 러브젤
롯데ON,C010919,여성용성인용품,C010915,3,건강용품 > 성인용품 > 여성용성인용품
롯데ON,C010921,콘돔,C010915,3,건강용품 > 성인용품 > 콘돔
롯데ON,C010920,일반콘돔,C010921,4,건강용품 > 성인용품 > 콘돔 > 일반콘돔
롯데ON,C010922,특수콘돔,C010921,4,건강용품 > 성인용품 > 콘돔 > 특수콘돔
롯데ON,C010924,실버용품,C010877,2,건강용품 > 실버용품
롯데ON,C010923,돋보기,C010924,3,건강용품 > 실버용품 > 돋보기
롯데ON,C010925,목욕보조용품,C010924,3,건강용품 > 실버용품 > 목욕보조용품
롯데ON,C010926,배변보조용품,C010924,3,건강용품 > 실버용품 > 배변보조용품
롯데ON,C010927,보청기,C010924,3,건강용품 > 실버용품 > 보청기
롯데ON,C010928,보행보조용품,C010924,3,건강용품 > 실버용품 > 보행보조용품
롯데ON,C010929,욕창방지용품,C010924,3,건강용품 > 실버용품 > 욕창방지용품
롯데ON,C010930,장례용품,C010924,3,건강용품 > 실버용품 > 장례용품
롯데ON,C010931,휠체어,C010924,3,건강용품 > 실버용품 > 휠체어
롯데ON,C010933,안마용품,C010877,2,건강용품 > 안마용품
롯데ON,C010932,기타안마용품,C010933,3,건강용품 > 안마용품 > 기타안마용품
롯데ON,C010934,안마기,C010933,3,건강용품 > 안마용품 > 안마기
롯데ON,C010935,안마매트,C010933,3,건강용품 > 안마용품 > 안마매트
롯데ON,C010936,안마의자,C010933,3,건강용품 > 안마용품 > 안마의자
롯데ON,C010938,의료용품,C010877,2,건강용품 > 의료용품
롯데ON,C010937,거즈/붕대/의료솜,C010938,3,건강용품 > 의료용품 > 거즈/붕대/의료솜
롯데ON,C010939,구급함/약통,C010938,3,건강용품 > 의료용품 > 구급함/약통
롯데ON,C010940,기타의료용품,C010938,3,건강용품 > 의료용품 > 기타의료용품
롯데ON,C010941,네블라이저/석션기,C010938,3,건강용품 > 의료용품 > 네블라이저/석션기
롯데ON,C010942,뜸/뜸기구,C010938,3,건강용품 > 의료용품 > 뜸/뜸기구
롯데ON,C010943,반창고/밴드,C010938,3,건강용품 > 의료용품 > 반창고/밴드
롯데ON,C010944,부항기,C010938,3,건강용품 > 의료용품 > 부항기
롯데ON,C010945,상처소독제/연고,C010938,3,건강용품 > 의료용품 > 상처소독제/연고
롯데ON,C010946,청진기,C010938,3,건강용품 > 의료용품 > 청진기
롯데ON,C010947,파라핀용품,C010938,3,건강용품 > 의료용품 > 파라핀용품
롯데ON,C010948,파스,C010938,3,건강용품 > 의료용품 > 파스
롯데ON,C010949,핀셋/포셉/겸자류,C010938,3,건강용품 > 의료용품 > 핀셋/포셉/겸자류
롯데ON,C010951,재활운동용품,C010877,2,건강용품 > 재활운동용품
롯데ON,C010950,건강보호대,C010951,3,건강용품 > 재활운동용품 > 건강보호대
롯데ON,C010952,근육테이프,C010951,3,건강용품 > 재활운동용품 > 근육테이프
롯데ON,C010953,의료용압박스타킹,C010951,3,건강용품 > 재활운동용품 > 의료용압박스타킹
롯데ON,C010954,체형교정용품,C010951,3,건강용품 > 재활운동용품 > 체형교정용품
롯데ON,C010956,찜질용품,C010877,2,건강용품 > 찜질용품
롯데ON,C010955,기타찜질용품,C010956,3,건강용품 > 찜질용품 > 기타찜질용품
롯데ON,C010957,반신욕기,C010956,3,건강용품 > 찜질용품 > 반신욕기
롯데ON,C010958,족욕기,C010956,3,건강용품 > 찜질용품 > 족욕기
롯데ON,C010959,좌욕기,C010956,3,건강용품 > 찜질용품 > 좌욕기
롯데ON,C010960,좌훈기,C010956,3,건강용품 > 찜질용품 > 좌훈기
롯데ON,C010961,찜질기,C010956,3,건강용품 > 찜질용품 > 찜질기
롯데ON,C010962,찜질팩,C010956,3,건강용품 > 찜질용품 > 찜질팩
롯데ON,C010964,호흡/수면건강용품,C010877,2,건강용품 > 호흡/수면건강용품
롯데ON,C010963,기타호흡/수면건강용품,C010964,3,건강용품 > 호흡/수면건강용품 > 기타호흡/수면건강용품
롯데ON,C010965,소음방지귀마개,C010964,3,건강용품 > 호흡/수면건강용품 > 소음방지귀마개
롯데ON,C010966,코골이방지용품,C010964,3,건강용품 > 호흡/수면건강용품 > 코골이방지용품
롯데ON,C010967,코세척기,C010964,3,건강용품 > 호흡/수면건강용품 > 코세척기
롯데ON,C010970,게임기,ROOT,1,게임기
롯데ON,C010969,PC용게임,C010970,2,게임기 > PC용게임
롯데ON,C010968,PC게임타이틀,C010969,3,게임기 > PC용게임 > PC게임타이틀
롯데ON,C010971,PC성인용게임타이틀,C010969,3,게임기 > PC용게임 > PC성인용게임타이틀
롯데ON,C010973,게임주변기기,C010970,2,게임기 > 게임주변기기
롯데ON,C010972,게임공략집,C010973,3,게임기 > 게임주변기기 > 게임공략집
롯데ON,C010974,게임액세서리,C010973,3,게임기 > 게임주변기기 > 게임액세서리
롯데ON,C010975,디지털코드,C010973,3,게임기 > 게임주변기기 > 디지털코드
롯데ON,C010976,레이싱휠,C010973,3,게임기 > 게임주변기기 > 레이싱휠
롯데ON,C010977,조이스틱,C010973,3,게임기 > 게임주변기기 > 조이스틱
롯데ON,C010978,조이패드,C010973,3,게임기 > 게임주변기기 > 조이패드
롯데ON,C010980,콘솔게임,C010970,2,게임기 > 콘솔게임
롯데ON,C010979,콘솔게임기,C010980,3,게임기 > 콘솔게임 > 콘솔게임기
롯데ON,C010981,콘솔게임타이틀,C010980,3,게임기 > 콘솔게임 > 콘솔게임타이틀
롯데ON,C010982,콘솔성인용게임타이틀,C010980,3,게임기 > 콘솔게임 > 콘솔성인용게임타이틀
롯데ON,C010984,휴대용게임,C010970,2,게임기 > 휴대용게임
롯데ON,C010983,휴대용게임기,C010984,3,게임기 > 휴대용게임 > 휴대용게임기
롯데ON,C010985,휴대용게임용품,C010984,3,게임기 > 휴대용게임 > 휴대용게임용품
롯데ON,C010986,휴대용게임타이틀,C010984,3,게임기 > 휴대용게임 > 휴대용게임타이틀
롯데ON,C010989,골프용품,ROOT,1,골프용품
롯데ON,C010988,골프공,C010989,2,골프용품 > 골프공
롯데ON,C010987,골프공,C010988,3,골프용품 > 골프공 > 골프공
롯데ON,C010990,로스트볼,C010988,3,골프용품 > 골프공 > 로스트볼
롯데ON,C010992,골프백,C010989,2,골프용품 > 골프백
롯데ON,C010991,골프백세트,C010992,3,골프용품 > 골프백 > 골프백세트
롯데ON,C010993,보스턴백,C010992,3,골프용품 > 골프백 > 보스턴백
롯데ON,C010994,스탠드백,C010992,3,골프용품 > 골프백 > 스탠드백
롯데ON,C010995,캐디백,C010992,3,골프용품 > 골프백 > 캐디백
롯데ON,C010996,파우치백,C010992,3,골프용품 > 골프백 > 파우치백
롯데ON,C010997,하프백,C010992,3,골프용품 > 골프백 > 하프백
롯데ON,C010998,항공커버,C010992,3,골프용품 > 골프백 > 항공커버
롯데ON,C011000,골프연습용품,C010989,2,골프용품 > 골프연습용품
롯데ON,C010999,교육자료용품,C011000,3,골프용품 > 골프연습용품 > 교육자료용품
롯데ON,C011001,스윙네트/매트,C011000,3,골프용품 > 골프연습용품 > 스윙네트/매트
롯데ON,C011002,스윙연습기,C011000,3,골프용품 > 골프연습용품 > 스윙연습기
롯데ON,C011003,실외연습용품,C011000,3,골프용품 > 골프연습용품 > 실외연습용품
롯데ON,C011004,자세교정용품,C011000,3,골프용품 > 골프연습용품 > 자세교정용품
롯데ON,C011005,퍼팅매트,C011000,3,골프용품 > 골프연습용품 > 퍼팅매트
롯데ON,C011007,골프잡화,C010989,2,골프용품 > 골프잡화
롯데ON,C011006,골프모자,C011007,3,골프용품 > 골프잡화 > 골프모자
롯데ON,C011008,골프방한용품,C011007,3,골프용품 > 골프잡화 > 골프방한용품
롯데ON,C011009,골프벨트,C011007,3,골프용품 > 골프잡화 > 골프벨트
롯데ON,C011010,골프선글라스,C011007,3,골프용품 > 골프잡화 > 골프선글라스
롯데ON,C011011,골프양말,C011007,3,골프용품 > 골프잡화 > 골프양말
롯데ON,C011012,골프장갑,C011007,3,골프용품 > 골프잡화 > 골프장갑
롯데ON,C011013,골프화가방,C011007,3,골프용품 > 골프잡화 > 골프화가방
롯데ON,C011014,기타골프용품,C011007,3,골프용품 > 골프잡화 > 기타골프용품
롯데ON,C011015,스파이크,C011007,3,골프용품 > 골프잡화 > 스파이크
롯데ON,C011016,팔토시/밴드,C011007,3,골프용품 > 골프잡화 > 팔토시/밴드
롯데ON,C011018,골프클럽,C010989,2,골프용품 > 골프클럽
롯데ON,C011017,골프풀세트,C011018,3,골프용품 > 골프클럽 > 골프풀세트
롯데ON,C011019,드라이버,C011018,3,골프용품 > 골프클럽 > 드라이버
롯데ON,C011020,아이언,C011018,3,골프용품 > 골프클럽 > 아이언
롯데ON,C011021,연습용클럽,C011018,3,골프용품 > 골프클럽 > 연습용클럽
롯데ON,C011022,웨지,C011018,3,골프용품 > 골프클럽 > 웨지
롯데ON,C011023,유틸리티/하이브리드우드,C011018,3,골프용품 > 골프클럽 > 유틸리티/하이브리드우드
롯데ON,C011024,주니어용클럽,C011018,3,골프용품 > 골프클럽 > 주니어용클럽
롯데ON,C011025,중고골프클럽,C011018,3,골프용품 > 골프클럽 > 중고골프클럽
롯데ON,C011026,치퍼,C011018,3,골프용품 > 골프클럽 > 치퍼
롯데ON,C011027,퍼터,C011018,3,골프용품 > 골프클럽 > 퍼터
롯데ON,C011028,페어웨이우드,C011018,3,골프용품 > 골프클럽 > 페어웨이우드
롯데ON,C011030,골프화,C010989,2,골프용품 > 골프화
롯데ON,C011029,남성골프화,C011030,3,골프용품 > 골프화 > 남성골프화
롯데ON,C011031,여성골프화,C011030,3,골프용품 > 골프화 > 여성골프화
롯데ON,C011032,주니어골프화,C011030,3,골프용품 > 골프화 > 주니어골프화
롯데ON,C011034,기타,C010989,2,골프용품 > 기타
롯데ON,C011033,기타,C011034,3,골프용품 > 기타 > 기타
롯데ON,C011036,피팅용품,C010989,2,골프용품 > 피팅용품
롯데ON,C011035,그립,C011036,3,골프용품 > 피팅용품 > 그립
롯데ON,C011037,기타피팅용품,C011036,3,골프용품 > 피팅용품 > 기타피팅용품
롯데ON,C011038,샤프트,C011036,3,골프용품 > 피팅용품 > 샤프트
롯데ON,C011039,헤드,C011036,3,골프용품 > 피팅용품 > 헤드
롯데ON,C011041,필드용품,C010989,2,골프용품 > 필드용품
롯데ON,C011040,거리측정기,C011041,3,골프용품 > 필드용품 > 거리측정기
롯데ON,C011042,골프우산,C011041,3,골프용품 > 필드용품 > 골프우산
롯데ON,C011043,골프티,C011041,3,골프용품 > 필드용품 > 골프티
롯데ON,C011044,그린보수기,C011041,3,골프용품 > 필드용품 > 그린보수기
롯데ON,C011045,기타필드용품,C011041,3,골프용품 > 필드용품 > 기타필드용품
롯데ON,C011046,네임택,C011041,3,골프용품 > 필드용품 > 네임택
롯데ON,C011047,볼라이너,C011041,3,골프용품 > 필드용품 > 볼라이너
롯데ON,C011048,볼마커,C011041,3,골프용품 > 필드용품 > 볼마커
롯데ON,C011049,볼주머니,C011041,3,골프용품 > 필드용품 > 볼주머니
롯데ON,C011050,클럽커버,C011041,3,골프용품 > 필드용품 > 클럽커버
롯데ON,C011053,골프의류,ROOT,1,골프의류
롯데ON,C011052,남성골프의류,C011053,2,골프의류 > 남성골프의류
롯데ON,C011051,가디건,C011052,3,골프의류 > 남성골프의류 > 가디건
롯데ON,C011054,긴바지,C011052,3,골프의류 > 남성골프의류 > 긴바지
롯데ON,C011055,니트,C011052,3,골프의류 > 남성골프의류 > 니트
롯데ON,C011056,반바지,C011052,3,골프의류 > 남성골프의류 > 반바지
롯데ON,C011057,베스트,C011052,3,골프의류 > 남성골프의류 > 베스트
롯데ON,C011058,언더레이어,C011052,3,골프의류 > 남성골프의류 > 언더레이어
롯데ON,C011059,재킷,C011052,3,골프의류 > 남성골프의류 > 재킷
롯데ON,C011060,점퍼,C011052,3,골프의류 > 남성골프의류 > 점퍼
롯데ON,C011062,티셔츠,C011052,3,골프의류 > 남성골프의류 > 티셔츠
롯데ON,C011061,긴팔티셔츠,C011062,4,골프의류 > 남성골프의류 > 티셔츠 > 긴팔티셔츠
롯데ON,C011063,반팔티셔츠,C011062,4,골프의류 > 남성골프의류 > 티셔츠 > 반팔티셔츠
롯데ON,C011064,패딩,C011052,3,골프의류 > 남성골프의류 > 패딩
롯데ON,C011066,여성골프의류,C011053,2,골프의류 > 여성골프의류
롯데ON,C011065,가디건,C011066,3,골프의류 > 여성골프의류 > 가디건
롯데ON,C011067,긴바지,C011066,3,골프의류 > 여성골프의류 > 긴바지
롯데ON,C011068,니트,C011066,3,골프의류 > 여성골프의류 > 니트
롯데ON,C011069,반바지,C011066,3,골프의류 > 여성골프의류 > 반바지
롯데ON,C011070,베스트,C011066,3,골프의류 > 여성골프의류 > 베스트
롯데ON,C011072,스커트/큐롯,C011066,3,골프의류 > 여성골프의류 > 스커트/큐롯
롯데ON,C011071,스커트,C011072,4,골프의류 > 여성골프의류 > 스커트/큐롯 > 스커트
롯데ON,C011073,큐롯,C011072,4,골프의류 > 여성골프의류 > 스커트/큐롯 > 큐롯
롯데ON,C011074,언더레이어,C011066,3,골프의류 > 여성골프의류 > 언더레이어
롯데ON,C011075,원피스,C011066,3,골프의류 > 여성골프의류 > 원피스
롯데ON,C011076,재킷,C011066,3,골프의류 > 여성골프의류 > 재킷
롯데ON,C011077,점퍼,C011066,3,골프의류 > 여성골프의류 > 점퍼
롯데ON,C011079,티셔츠,C011066,3,골프의류 > 여성골프의류 > 티셔츠
롯데ON,C011078,긴팔티셔츠,C011079,4,골프의류 > 여성골프의류 > 티셔츠 > 긴팔티셔츠
롯데ON,C011080,반팔티셔츠,C011079,4,골프의류 > 여성골프의류 > 티셔츠 > 반팔티셔츠
롯데ON,C011081,패딩,C011066,3,골프의류 > 여성골프의류 > 패딩
롯데ON,C011084,남성의류,ROOT,1,남성의류
롯데ON,C011083,가디건/조끼,C011084,2,남성의류 > 가디건/조끼
롯데ON,C011082,니트조끼,C011083,3,남성의류 > 가디건/조끼 > 니트조끼
롯데ON,C011085,라운드넥가디건,C011083,3,남성의류 > 가디건/조끼 > 라운드넥가디건
롯데ON,C011086,브이넥가디건,C011083,3,남성의류 > 가디건/조끼 > 브이넥가디건
롯데ON,C011087,집업가디건,C011083,3,남성의류 > 가디건/조끼 > 집업가디건
롯데ON,C011088,캐쥬얼조끼,C011083,3,남성의류 > 가디건/조끼 > 캐쥬얼조끼
롯데ON,C011089,테일러드조끼,C011083,3,남성의류 > 가디건/조끼 > 테일러드조끼
롯데ON,C011090,패딩조끼,C011083,3,남성의류 > 가디건/조끼 > 패딩조끼
롯데ON,C011092,기타,C011084,2,남성의류 > 기타
롯데ON,C011091,기타,C011092,3,남성의류 > 기타 > 기타
롯데ON,C011094,긴팔티/맨투맨,C011084,2,남성의류 > 긴팔티/맨투맨
롯데ON,C011093,라운드넥티셔츠,C011094,3,남성의류 > 긴팔티/맨투맨 > 라운드넥티셔츠
롯데ON,C011095,맨투맨티셔츠,C011094,3,남성의류 > 긴팔티/맨투맨 > 맨투맨티셔츠
롯데ON,C011096,브이넥티셔츠,C011094,3,남성의류 > 긴팔티/맨투맨 > 브이넥티셔츠
롯데ON,C011097,카라넥티셔츠,C011094,3,남성의류 > 긴팔티/맨투맨 > 카라넥티셔츠
롯데ON,C011098,폴라티셔츠,C011094,3,남성의류 > 긴팔티/맨투맨 > 폴라티셔츠
롯데ON,C011099,프린트티셔츠,C011094,3,남성의류 > 긴팔티/맨투맨 > 프린트티셔츠
롯데ON,C011100,후드집업,C011094,3,남성의류 > 긴팔티/맨투맨 > 후드집업
롯데ON,C011101,후드티셔츠,C011094,3,남성의류 > 긴팔티/맨투맨 > 후드티셔츠
롯데ON,C011103,니트/스웨터,C011084,2,남성의류 > 니트/스웨터
롯데ON,C011102,라운드넥니트,C011103,3,남성의류 > 니트/스웨터 > 라운드넥니트
롯데ON,C011104,브이넥니트,C011103,3,남성의류 > 니트/스웨터 > 브이넥니트
롯데ON,C011105,집업니트,C011103,3,남성의류 > 니트/스웨터 > 집업니트
롯데ON,C011106,터틀넥/폴라니트,C011103,3,남성의류 > 니트/스웨터 > 터틀넥/폴라니트
롯데ON,C011108,바지,C011084,2,남성의류 > 바지
롯데ON,C011107,기모팬츠,C011108,3,남성의류 > 바지 > 기모팬츠
롯데ON,C011109,면/린넨반바지,C011108,3,남성의류 > 바지 > 면/린넨반바지
롯데ON,C011110,슬랙스,C011108,3,남성의류 > 바지 > 슬랙스
롯데ON,C011111,청반바지,C011108,3,남성의류 > 바지 > 청반바지
롯데ON,C011112,치노면바지,C011108,3,남성의류 > 바지 > 치노면바지
롯데ON,C011114,반팔티셔츠,C011084,2,남성의류 > 반팔티셔츠
롯데ON,C011113,라운드넥반팔티,C011114,3,남성의류 > 반팔티셔츠 > 라운드넥반팔티
롯데ON,C011115,민소매티셔츠,C011114,3,남성의류 > 반팔티셔츠 > 민소매티셔츠
롯데ON,C011116,브이넥반팔티,C011114,3,남성의류 > 반팔티셔츠 > 브이넥반팔티
롯데ON,C011117,카라반팔티,C011114,3,남성의류 > 반팔티셔츠 > 카라반팔티
롯데ON,C011118,프린트반팔티,C011114,3,남성의류 > 반팔티셔츠 > 프린트반팔티
롯데ON,C011120,시즌웨어,C011084,2,남성의류 > 시즌웨어
롯데ON,C011119,비치웨어,C011120,3,남성의류 > 시즌웨어 > 비치웨어
롯데ON,C011121,수영복,C011120,3,남성의류 > 시즌웨어 > 수영복
롯데ON,C011122,한복,C011120,3,남성의류 > 시즌웨어 > 한복
롯데ON,C011124,자켓/코트,C011084,2,남성의류 > 자켓/코트
롯데ON,C011123,데님자켓,C011124,3,남성의류 > 자켓/코트 > 데님자켓
롯데ON,C011125,린넨자켓,C011124,3,남성의류 > 자켓/코트 > 린넨자켓
롯데ON,C011126,무스탕/가죽자켓,C011124,3,남성의류 > 자켓/코트 > 무스탕/가죽자켓
롯데ON,C011127,블레이져,C011124,3,남성의류 > 자켓/코트 > 블레이져
롯데ON,C011128,코트,C011124,3,남성의류 > 자켓/코트 > 코트
롯데ON,C011129,트렌치/맥코트,C011124,3,남성의류 > 자켓/코트 > 트렌치/맥코트
롯데ON,C011131,점퍼/패딩/야상,C011084,2,남성의류 > 점퍼/패딩/야상
롯데ON,C011130,바람막이점퍼,C011131,3,남성의류 > 점퍼/패딩/야상 > 바람막이점퍼
롯데ON,C011132,블루종/항공점퍼,C011131,3,남성의류 > 점퍼/패딩/야상 > 블루종/항공점퍼
롯데ON,C011133,야상/사파리,C011131,3,남성의류 > 점퍼/패딩/야상 > 야상/사파리
롯데ON,C011134,패딩점퍼,C011131,3,남성의류 > 점퍼/패딩/야상 > 패딩점퍼
롯데ON,C011135,후드/집업점퍼,C011131,3,남성의류 > 점퍼/패딩/야상 > 후드/집업점퍼
롯데ON,C011137,정장,C011084,2,남성의류 > 정장
롯데ON,C011136,와이셔츠,C011137,3,남성의류 > 정장 > 와이셔츠
롯데ON,C011138,정장바지,C011137,3,남성의류 > 정장 > 정장바지
롯데ON,C011139,정장세트,C011137,3,남성의류 > 정장 > 정장세트
롯데ON,C011140,정장재킷,C011137,3,남성의류 > 정장 > 정장재킷
롯데ON,C011141,정장조끼,C011137,3,남성의류 > 정장 > 정장조끼
롯데ON,C011143,청바지,C011084,2,남성의류 > 청바지
롯데ON,C011142,부츠컷/와이드핏,C011143,3,남성의류 > 청바지 > 부츠컷/와이드핏
롯데ON,C011144,스키니/슬림핏,C011143,3,남성의류 > 청바지 > 스키니/슬림핏
롯데ON,C011145,스트레이트핏,C011143,3,남성의류 > 청바지 > 스트레이트핏
롯데ON,C011147,캐주얼셔츠,C011084,2,남성의류 > 캐주얼셔츠
롯데ON,C011146,솔리드셔츠,C011147,3,남성의류 > 캐주얼셔츠 > 솔리드셔츠
롯데ON,C011148,스트라이프셔츠,C011147,3,남성의류 > 캐주얼셔츠 > 스트라이프셔츠
롯데ON,C011149,체크셔츠,C011147,3,남성의류 > 캐주얼셔츠 > 체크셔츠
롯데ON,C011151,테마의류,C011084,2,남성의류 > 테마의류
롯데ON,C011150,유니폼/교복,C011151,3,남성의류 > 테마의류 > 유니폼/교복
롯데ON,C011152,점프슈트,C011151,3,남성의류 > 테마의류 > 점프슈트
롯데ON,C011154,트레이닝복,C011084,2,남성의류 > 트레이닝복
롯데ON,C011153,트레이닝상의,C011154,3,남성의류 > 트레이닝복 > 트레이닝상의
롯데ON,C011155,트레이닝세트,C011154,3,남성의류 > 트레이닝복 > 트레이닝세트
롯데ON,C011156,트레이닝하의,C011154,3,남성의류 > 트레이닝복 > 트레이닝하의
롯데ON,C011159,등산/아웃도어,ROOT,1,등산/아웃도어
롯데ON,C011158,기타,C011159,2,등산/아웃도어 > 기타
롯데ON,C011157,기타,C011158,3,등산/아웃도어 > 기타 > 기타
롯데ON,C011161,남성등산의류,C011159,2,등산/아웃도어 > 남성등산의류
롯데ON,C011160,긴바지,C011161,3,등산/아웃도어 > 남성등산의류 > 긴바지
롯데ON,C011162,다운/패딩,C011161,3,등산/아웃도어 > 남성등산의류 > 다운/패딩
롯데ON,C011163,레인코트,C011161,3,등산/아웃도어 > 남성등산의류 > 레인코트
롯데ON,C011164,맨투맨/후드,C011161,3,등산/아웃도어 > 남성등산의류 > 맨투맨/후드
롯데ON,C011165,바람막이/재킷,C011161,3,등산/아웃도어 > 남성등산의류 > 바람막이/재킷
롯데ON,C011166,반바지,C011161,3,등산/아웃도어 > 남성등산의류 > 반바지
롯데ON,C011167,점퍼,C011161,3,등산/아웃도어 > 남성등산의류 > 점퍼
롯데ON,C011168,조끼/베스트,C011161,3,등산/아웃도어 > 남성등산의류 > 조끼/베스트
롯데ON,C011169,집업/후리스,C011161,3,등산/아웃도어 > 남성등산의류 > 집업/후리스
롯데ON,C011171,티셔츠,C011161,3,등산/아웃도어 > 남성등산의류 > 티셔츠
롯데ON,C011170,긴팔티셔츠,C011171,4,등산/아웃도어 > 남성등산의류 > 티셔츠 > 긴팔티셔츠
롯데ON,C011172,민소매티셔츠,C011171,4,등산/아웃도어 > 남성등산의류 > 티셔츠 > 민소매티셔츠
롯데ON,C011173,반팔티셔츠,C011171,4,등산/아웃도어 > 남성등산의류 > 티셔츠 > 반팔티셔츠
롯데ON,C011175,등산배낭/잡화,C011159,2,등산/아웃도어 > 등산배낭/잡화
롯데ON,C011174,기타등산잡화,C011175,3,등산/아웃도어 > 등산배낭/잡화 > 기타등산잡화
롯데ON,C011176,대형배낭,C011175,3,등산/아웃도어 > 등산배낭/잡화 > 대형배낭
롯데ON,C011177,등산모자,C011175,3,등산/아웃도어 > 등산배낭/잡화 > 등산모자
롯데ON,C011178,등산양말,C011175,3,등산/아웃도어 > 등산배낭/잡화 > 등산양말
롯데ON,C011179,등산장갑,C011175,3,등산/아웃도어 > 등산배낭/잡화 > 등산장갑
롯데ON,C011180,배낭소품,C011175,3,등산/아웃도어 > 등산배낭/잡화 > 배낭소품
롯데ON,C011181,배낭커버/방수커버,C011175,3,등산/아웃도어 > 등산배낭/잡화 > 배낭커버/방수커버
롯데ON,C011182,소형배낭,C011175,3,등산/아웃도어 > 등산배낭/잡화 > 소형배낭
롯데ON,C011183,중형배낭,C011175,3,등산/아웃도어 > 등산배낭/잡화 > 중형배낭
롯데ON,C011184,파우치/케이스,C011175,3,등산/아웃도어 > 등산배낭/잡화 > 파우치/케이스
롯데ON,C011186,등산용품/장비,C011159,2,등산/아웃도어 > 등산용품/장비
롯데ON,C011185,GPS/나침반,C011186,3,등산/아웃도어 > 등산용품/장비 > GPS/나침반
롯데ON,C011187,기타등산용품,C011186,3,등산/아웃도어 > 등산용품/장비 > 기타등산용품
롯데ON,C011188,등산물병/수통,C011186,3,등산/아웃도어 > 등산용품/장비 > 등산물병/수통
롯데ON,C011189,등산스틱/폴,C011186,3,등산/아웃도어 > 등산용품/장비 > 등산스틱/폴
롯데ON,C011190,망원경,C011186,3,등산/아웃도어 > 등산용품/장비 > 망원경
롯데ON,C011191,빙벽장비,C011186,3,등산/아웃도어 > 등산용품/장비 > 빙벽장비
롯데ON,C011192,손난로,C011186,3,등산/아웃도어 > 등산용품/장비 > 손난로
롯데ON,C011193,스패츠,C011186,3,등산/아웃도어 > 등산용품/장비 > 스패츠
롯데ON,C011194,아이젠,C011186,3,등산/아웃도어 > 등산용품/장비 > 아이젠
롯데ON,C011195,암벽장비,C011186,3,등산/아웃도어 > 등산용품/장비 > 암벽장비
롯데ON,C011196,핫팩,C011186,3,등산/아웃도어 > 등산용품/장비 > 핫팩
롯데ON,C011198,등산화/트래킹화,C011159,2,등산/아웃도어 > 등산화/트래킹화
롯데ON,C011197,등산화,C011198,3,등산/아웃도어 > 등산화/트래킹화 > 등산화
롯데ON,C011199,등산화소품,C011198,3,등산/아웃도어 > 등산화/트래킹화 > 등산화소품
롯데ON,C011200,릿지화,C011198,3,등산/아웃도어 > 등산화/트래킹화 > 릿지화
롯데ON,C011201,빙벽/암벽화,C011198,3,등산/아웃도어 > 등산화/트래킹화 > 빙벽/암벽화
롯데ON,C011202,트레킹화,C011198,3,등산/아웃도어 > 등산화/트래킹화 > 트레킹화
롯데ON,C011204,여성등산의류,C011159,2,등산/아웃도어 > 여성등산의류
롯데ON,C011203,긴바지,C011204,3,등산/아웃도어 > 여성등산의류 > 긴바지
롯데ON,C011205,다운/패딩,C011204,3,등산/아웃도어 > 여성등산의류 > 다운/패딩
롯데ON,C011206,레인코트,C011204,3,등산/아웃도어 > 여성등산의류 > 레인코트
롯데ON,C011207,맨투맨/후드,C011204,3,등산/아웃도어 > 여성등산의류 > 맨투맨/후드
롯데ON,C011208,바람막이/재킷,C011204,3,등산/아웃도어 > 여성등산의류 > 바람막이/재킷
롯데ON,C011209,반바지,C011204,3,등산/아웃도어 > 여성등산의류 > 반바지
롯데ON,C011210,스커트,C011204,3,등산/아웃도어 > 여성등산의류 > 스커트
롯데ON,C011211,점퍼,C011204,3,등산/아웃도어 > 여성등산의류 > 점퍼
롯데ON,C011212,조끼/베스트,C011204,3,등산/아웃도어 > 여성등산의류 > 조끼/베스트
롯데ON,C011213,집업/후리스,C011204,3,등산/아웃도어 > 여성등산의류 > 집업/후리스
롯데ON,C011215,티셔츠,C011204,3,등산/아웃도어 > 여성등산의류 > 티셔츠
롯데ON,C011214,긴팔티셔츠,C011215,4,등산/아웃도어 > 여성등산의류 > 티셔츠 > 긴팔티셔츠
롯데ON,C011216,민소매티셔츠,C011215,4,등산/아웃도어 > 여성등산의류 > 티셔츠 > 민소매티셔츠
롯데ON,C011217,반팔티셔츠,C011215,4,등산/아웃도어 > 여성등산의류 > 티셔츠 > 반팔티셔츠
롯데ON,C011220,뷰티기기,ROOT,1,뷰티기기
롯데ON,C011219,네일관리,C011220,2,뷰티기기 > 네일관리
롯데ON,C011218,네일드라이어,C011219,3,뷰티기기 > 네일관리 > 네일드라이어
롯데ON,C011221,손발톱정리기,C011219,3,뷰티기기 > 네일관리 > 손발톱정리기
롯데ON,C011222,전동네일관리기,C011219,3,뷰티기기 > 네일관리 > 전동네일관리기
롯데ON,C011223,젤네일램프,C011219,3,뷰티기기 > 네일관리 > 젤네일램프
롯데ON,C011225,눈썹관리,C011220,2,뷰티기기 > 눈썹관리
롯데ON,C011224,눈썹정리기,C011225,3,뷰티기기 > 눈썹관리 > 눈썹정리기
롯데ON,C011226,속눈썹고데기,C011225,3,뷰티기기 > 눈썹관리 > 속눈썹고데기
롯데ON,C011228,액세서리/소모품,C011220,2,뷰티기기 > 액세서리/소모품
롯데ON,C011227,액세서리/소모품,C011228,3,뷰티기기 > 액세서리/소모품 > 액세서리/소모품
롯데ON,C011230,제모기,C011220,2,뷰티기기 > 제모기
롯데ON,C011229,제모기,C011230,3,뷰티기기 > 제모기 > 제모기
롯데ON,C011231,코털정리기,C011230,3,뷰티기기 > 제모기 > 코털정리기
롯데ON,C011233,피부케어기,C011220,2,뷰티기기 > 피부케어기
롯데ON,C011232,진동클렌져,C011233,3,뷰티기기 > 피부케어기 > 진동클렌져
롯데ON,C011234,피부케어기,C011233,3,뷰티기기 > 피부케어기 > 피부케어기
롯데ON,C011236,헤어스타일러,C011220,2,뷰티기기 > 헤어스타일러
롯데ON,C011235,고데기,C011236,3,뷰티기기 > 헤어스타일러 > 고데기
롯데ON,C011237,두피케어기,C011236,3,뷰티기기 > 헤어스타일러 > 두피케어기
롯데ON,C011238,매직기,C011236,3,뷰티기기 > 헤어스타일러 > 매직기
롯데ON,C011239,셋팅롤,C011236,3,뷰티기기 > 헤어스타일러 > 셋팅롤
롯데ON,C011240,셋팅롤SET,C011236,3,뷰티기기 > 헤어스타일러 > 셋팅롤SET
롯데ON,C011241,에어브러쉬,C011236,3,뷰티기기 > 헤어스타일러 > 에어브러쉬
롯데ON,C011242,이발기,C011236,3,뷰티기기 > 헤어스타일러 > 이발기
롯데ON,C011243,전기헤어캡,C011236,3,뷰티기기 > 헤어스타일러 > 전기헤어캡
롯데ON,C011244,헤어드라이어,C011236,3,뷰티기기 > 헤어스타일러 > 헤어드라이어
롯데ON,C011245,헤어스타일러용품,C011236,3,뷰티기기 > 헤어스타일러 > 헤어스타일러용품
롯데ON,C011248,생활가전,ROOT,1,생활가전
롯데ON,C011247,구강청정기기,C011248,2,생활가전 > 구강청정기기
롯데ON,C011246,구강세정기,C011247,3,생활가전 > 구강청정기기 > 구강세정기
롯데ON,C011249,전동칫솔,C011247,3,생활가전 > 구강청정기기 > 전동칫솔
롯데ON,C011250,전동칫솔모,C011247,3,생활가전 > 구강청정기기 > 전동칫솔모
롯데ON,C011252,기타생활가전,C011248,2,생활가전 > 기타생활가전
롯데ON,C011251,기타생활가전,C011252,3,생활가전 > 기타생활가전 > 기타생활가전
롯데ON,C011253,액세서리/소모품,C011252,3,생활가전 > 기타생활가전 > 액세서리/소모품
롯데ON,C011254,출입통제기,C011252,3,생활가전 > 기타생활가전 > 출입통제기
롯데ON,C011255,핸드드라이어,C011252,3,생활가전 > 기타생활가전 > 핸드드라이어
롯데ON,C011256,홈케어,C011252,3,생활가전 > 기타생활가전 > 홈케어
롯데ON,C011258,다리미,C011248,2,생활가전 > 다리미
롯데ON,C011257,건식다리미,C011258,3,생활가전 > 다리미 > 건식다리미
롯데ON,C011259,스팀다리미,C011258,3,생활가전 > 다리미 > 스팀다리미
롯데ON,C011261,면도기,C011248,2,생활가전 > 면도기
롯데ON,C011260,전기면도기,C011261,3,생활가전 > 면도기 > 전기면도기
롯데ON,C011262,전기면도기소모품,C011261,3,생활가전 > 면도기 > 전기면도기소모품
롯데ON,C011264,미싱/재봉틀,C011248,2,생활가전 > 미싱/재봉틀
롯데ON,C011263,미싱/재봉틀,C011264,3,생활가전 > 미싱/재봉틀 > 미싱/재봉틀
롯데ON,C011266,보풀제거기,C011248,2,생활가전 > 보풀제거기
롯데ON,C011265,보풀제거기,C011266,3,생활가전 > 보풀제거기 > 보풀제거기
롯데ON,C011268,비데,C011248,2,생활가전 > 비데
롯데ON,C011267,비데,C011268,3,생활가전 > 비데 > 비데
롯데ON,C011269,비데용품,C011268,3,생활가전 > 비데 > 비데용품
롯데ON,C011271,살균/소독기,C011248,2,생활가전 > 살균/소독기
롯데ON,C011270,기타소독살균기,C011271,3,생활가전 > 살균/소독기 > 기타소독살균기
롯데ON,C011272,손소독기,C011271,3,생활가전 > 살균/소독기 > 손소독기
롯데ON,C011273,칫솔살균기,C011271,3,생활가전 > 살균/소독기 > 칫솔살균기
롯데ON,C011274,틀니소독기,C011271,3,생활가전 > 살균/소독기 > 틀니소독기
롯데ON,C011276,세탁기/세탁기용품,C011248,2,생활가전 > 세탁기/세탁기용품
롯데ON,C011275,드럼세탁기,C011276,3,생활가전 > 세탁기/세탁기용품 > 드럼세탁기
롯데ON,C011277,미니세탁기,C011276,3,생활가전 > 세탁기/세탁기용품 > 미니세탁기
롯데ON,C011278,빨래삶통,C011276,3,생활가전 > 세탁기/세탁기용품 > 빨래삶통
롯데ON,C011279,세탁건조기,C011276,3,생활가전 > 세탁기/세탁기용품 > 세탁건조기
롯데ON,C011280,액세서리/소모품,C011276,3,생활가전 > 세탁기/세탁기용품 > 액세서리/소모품
롯데ON,C011281,일반세탁기,C011276,3,생활가전 > 세탁기/세탁기용품 > 일반세탁기
롯데ON,C011282,탈수기,C011276,3,생활가전 > 세탁기/세탁기용품 > 탈수기
롯데ON,C011284,의류건조기/의류관리기,C011248,2,생활가전 > 의류건조기/의류관리기
롯데ON,C011283,신발건조기,C011284,3,생활가전 > 의류건조기/의류관리기 > 신발건조기
롯데ON,C011285,의류건조기,C011284,3,생활가전 > 의류건조기/의류관리기 > 의류건조기
롯데ON,C011286,의류관리기,C011284,3,생활가전 > 의류건조기/의류관리기 > 의류관리기
롯데ON,C011288,전화기/인터폰/무전기,C011248,2,생활가전 > 전화기/인터폰/무전기
롯데ON,C011287,무전기,C011288,3,생활가전 > 전화기/인터폰/무전기 > 무전기
롯데ON,C011289,인터폰,C011288,3,생활가전 > 전화기/인터폰/무전기 > 인터폰
롯데ON,C011290,전화기,C011288,3,생활가전 > 전화기/인터폰/무전기 > 전화기
롯데ON,C011292,청소기,C011248,2,생활가전 > 청소기
롯데ON,C011291,로봇청소기,C011292,3,생활가전 > 청소기 > 로봇청소기
롯데ON,C011293,무선스틱청소기,C011292,3,생활가전 > 청소기 > 무선스틱청소기
롯데ON,C011294,물걸레청소기,C011292,3,생활가전 > 청소기 > 물걸레청소기
롯데ON,C011295,스팀/살균청소기,C011292,3,생활가전 > 청소기 > 스팀/살균청소기
롯데ON,C011296,업소용/고압청소기,C011292,3,생활가전 > 청소기 > 업소용/고압청소기
롯데ON,C011297,유선진공청소기,C011292,3,생활가전 > 청소기 > 유선진공청소기
롯데ON,C011298,청소기용품,C011292,3,생활가전 > 청소기 > 청소기용품
롯데ON,C011299,침구청소기,C011292,3,생활가전 > 청소기 > 침구청소기
롯데ON,C011300,핸디/미니청소기,C011292,3,생활가전 > 청소기 > 핸디/미니청소기
롯데ON,C011303,생활용품,ROOT,1,생활용품
롯데ON,C011302,구강위생용품,C011303,2,생활용품 > 구강위생용품
롯데ON,C011301,구강청결제,C011302,3,생활용품 > 구강위생용품 > 구강청결제
롯데ON,C011304,기타구강용품,C011302,3,생활용품 > 구강위생용품 > 기타구강용품
롯데ON,C011305,치실/치간칫솔,C011302,3,생활용품 > 구강위생용품 > 치실/치간칫솔
롯데ON,C011306,치아미백제,C011302,3,생활용품 > 구강위생용품 > 치아미백제
롯데ON,C011307,치약,C011302,3,생활용품 > 구강위생용품 > 치약
롯데ON,C011308,치약/칫솔세트,C011302,3,생활용품 > 구강위생용품 > 치약/칫솔세트
롯데ON,C011309,칫솔,C011302,3,생활용품 > 구강위생용품 > 칫솔
롯데ON,C011310,혀클리너,C011302,3,생활용품 > 구강위생용품 > 혀클리너
롯데ON,C011312,면도용품,C011303,2,생활용품 > 면도용품
롯데ON,C011311,기타면도용품,C011312,3,생활용품 > 면도용품 > 기타면도용품
롯데ON,C011313,면도기,C011312,3,생활용품 > 면도용품 > 면도기
롯데ON,C011314,면도기날,C011312,3,생활용품 > 면도용품 > 면도기날
롯데ON,C011315,여성용면도기,C011312,3,생활용품 > 면도용품 > 여성용면도기
롯데ON,C011316,일회용면도기,C011312,3,생활용품 > 면도용품 > 일회용면도기
롯데ON,C011318,살충제/방충제,C011303,2,생활용품 > 살충제/방충제
롯데ON,C011317,방충제,C011318,3,생활용품 > 살충제/방충제 > 방충제
롯데ON,C011319,살충제,C011318,3,생활용품 > 살충제/방충제 > 살충제
롯데ON,C011320,해충기피제,C011318,3,생활용품 > 살충제/방충제 > 해충기피제
롯데ON,C011322,생활선물세트,C011303,2,생활용품 > 생활선물세트
롯데ON,C011321,생활선물세트,C011322,3,생활용품 > 생활선물세트 > 생활선물세트
롯데ON,C011324,세제/세정제,C011303,2,생활용품 > 세제/세정제
롯데ON,C011323,건조기시트,C011324,3,생활용품 > 세제/세정제 > 건조기시트
롯데ON,C011325,곰팡이세정제,C011324,3,생활용품 > 세제/세정제 > 곰팡이세정제
롯데ON,C011326,기타세정제,C011324,3,생활용품 > 세제/세정제 > 기타세정제
롯데ON,C011327,다목적세정제,C011324,3,생활용품 > 세제/세정제 > 다목적세정제
롯데ON,C011328,드라이/울세제,C011324,3,생활용품 > 세제/세정제 > 드라이/울세제
롯데ON,C011329,배수구세정제,C011324,3,생활용품 > 세제/세정제 > 배수구세정제
롯데ON,C011330,베이킹소다/구연산,C011324,3,생활용품 > 세제/세정제 > 베이킹소다/구연산
롯데ON,C011331,살균소독제,C011324,3,생활용품 > 세제/세정제 > 살균소독제
롯데ON,C011332,섬유유연제,C011324,3,생활용품 > 세제/세정제 > 섬유유연제
롯데ON,C011333,세탁비누,C011324,3,생활용품 > 세제/세정제 > 세탁비누
롯데ON,C011334,세탁세제,C011324,3,생활용품 > 세제/세정제 > 세탁세제
롯데ON,C011335,세탁조세정제,C011324,3,생활용품 > 세제/세정제 > 세탁조세정제
롯데ON,C011336,식기세척기세제,C011324,3,생활용품 > 세제/세정제 > 식기세척기세제
롯데ON,C011337,신발/가죽클리너,C011324,3,생활용품 > 세제/세정제 > 신발/가죽클리너
롯데ON,C011338,에어컨세정제,C011324,3,생활용품 > 세제/세정제 > 에어컨세정제
롯데ON,C011339,욕실/변기세정제,C011324,3,생활용품 > 세제/세정제 > 욕실/변기세정제
롯데ON,C011340,유리세정제,C011324,3,생활용품 > 세제/세정제 > 유리세정제
롯데ON,C011341,주방세제,C011324,3,생활용품 > 세제/세정제 > 주방세제
롯데ON,C011342,표백제,C011324,3,생활용품 > 세제/세정제 > 표백제
롯데ON,C011344,탈취/방향/제습제,C011303,2,생활용품 > 탈취/방향/제습제
롯데ON,C011343,공기정화용숯,C011344,3,생활용품 > 탈취/방향/제습제 > 공기정화용숯
롯데ON,C011345,냉장고탈취제,C011344,3,생활용품 > 탈취/방향/제습제 > 냉장고탈취제
롯데ON,C011346,새집증후군제거제,C011344,3,생활용품 > 탈취/방향/제습제 > 새집증후군제거제
롯데ON,C011347,섬유탈취제,C011344,3,생활용품 > 탈취/방향/제습제 > 섬유탈취제
롯데ON,C011348,신발탈취제,C011344,3,생활용품 > 탈취/방향/제습제 > 신발탈취제
롯데ON,C011349,실내용방향제,C011344,3,생활용품 > 탈취/방향/제습제 > 실내용방향제
롯데ON,C011350,실내용탈취제,C011344,3,생활용품 > 탈취/방향/제습제 > 실내용탈취제
롯데ON,C011351,옷장탈취제,C011344,3,생활용품 > 탈취/방향/제습제 > 옷장탈취제
롯데ON,C011352,제습제,C011344,3,생활용품 > 탈취/방향/제습제 > 제습제
롯데ON,C011355,수납/생활잡화,ROOT,1,수납/생활잡화
롯데ON,C011354,방풍/방음/방충용품,C011355,2,수납/생활잡화 > 방풍/방음/방충용품
롯데ON,C011353,단열시트,C011354,3,수납/생활잡화 > 방풍/방음/방충용품 > 단열시트
롯데ON,C011356,모기장/방충망,C011354,3,수납/생활잡화 > 방풍/방음/방충용품 > 모기장/방충망
롯데ON,C011357,방음재,C011354,3,수납/생활잡화 > 방풍/방음/방충용품 > 방음재
롯데ON,C011358,방풍비닐,C011354,3,수납/생활잡화 > 방풍/방음/방충용품 > 방풍비닐
롯데ON,C011359,보온/난방텐트,C011354,3,수납/생활잡화 > 방풍/방음/방충용품 > 보온/난방텐트
롯데ON,C011360,전기모기채,C011354,3,수납/생활잡화 > 방풍/방음/방충용품 > 전기모기채
롯데ON,C011361,틈막이,C011354,3,수납/생활잡화 > 방풍/방음/방충용품 > 틈막이
롯데ON,C011363,생활잡화,C011355,2,수납/생활잡화 > 생활잡화
롯데ON,C011362,기타생활잡화,C011363,3,수납/생활잡화 > 생활잡화 > 기타생활잡화
롯데ON,C011364,돗자리/피크닉매트,C011363,3,수납/생활잡화 > 생활잡화 > 돗자리/피크닉매트
롯데ON,C011365,부채,C011363,3,수납/생활잡화 > 생활잡화 > 부채
롯데ON,C011366,분무기,C011363,3,수납/생활잡화 > 생활잡화 > 분무기
롯데ON,C011367,소음방지용품,C011363,3,수납/생활잡화 > 생활잡화 > 소음방지용품
롯데ON,C011368,업소용현관매트,C011363,3,수납/생활잡화 > 생활잡화 > 업소용현관매트
롯데ON,C011369,우비,C011363,3,수납/생활잡화 > 생활잡화 > 우비
롯데ON,C011370,장바구니/핸드카트,C011363,3,수납/생활잡화 > 생활잡화 > 장바구니/핸드카트
롯데ON,C011371,태극기/깃발,C011363,3,수납/생활잡화 > 생활잡화 > 태극기/깃발
롯데ON,C011373,핫팩/아이스팩,C011363,3,수납/생활잡화 > 생활잡화 > 핫팩/아이스팩
롯데ON,C011372,손난로/핫팩,C011373,4,수납/생활잡화 > 생활잡화 > 핫팩/아이스팩 > 손난로/핫팩
롯데ON,C011374,아이스팩,C011373,4,수납/생활잡화 > 생활잡화 > 핫팩/아이스팩 > 아이스팩
롯데ON,C011375,얼음주머니,C011373,4,수납/생활잡화 > 생활잡화 > 핫팩/아이스팩 > 얼음주머니
롯데ON,C011376,확대경,C011363,3,수납/생활잡화 > 생활잡화 > 확대경
롯데ON,C011378,수납/정리용품,C011355,2,수납/생활잡화 > 수납/정리용품
롯데ON,C011377,리빙박스,C011378,3,수납/생활잡화 > 수납/정리용품 > 리빙박스
롯데ON,C011379,바구니/바스켓,C011378,3,수납/생활잡화 > 수납/정리용품 > 바구니/바스켓
롯데ON,C011380,벽선반/코너선반,C011378,3,수납/생활잡화 > 수납/정리용품 > 벽선반/코너선반
롯데ON,C011381,선반/진열대,C011378,3,수납/생활잡화 > 수납/정리용품 > 선반/진열대
롯데ON,C011382,속옷정리함,C011378,3,수납/생활잡화 > 수납/정리용품 > 속옷정리함
롯데ON,C011383,신발장/거치대,C011378,3,수납/생활잡화 > 수납/정리용품 > 신발장/거치대
롯데ON,C011384,압축팩,C011378,3,수납/생활잡화 > 수납/정리용품 > 압축팩
롯데ON,C011385,우산꽂이,C011378,3,수납/생활잡화 > 수납/정리용품 > 우산꽂이
롯데ON,C011386,의류/행거커버,C011378,3,수납/생활잡화 > 수납/정리용품 > 의류/행거커버
롯데ON,C011387,트롤리,C011378,3,수납/생활잡화 > 수납/정리용품 > 트롤리
롯데ON,C011388,플라스틱서랍장,C011378,3,수납/생활잡화 > 수납/정리용품 > 플라스틱서랍장
롯데ON,C011390,포장용품,C011355,2,수납/생활잡화 > 포장용품
롯데ON,C011389,고무줄/포장끈,C011390,3,수납/생활잡화 > 포장용품 > 고무줄/포장끈
롯데ON,C011391,박스테이프,C011390,3,수납/생활잡화 > 포장용품 > 박스테이프
롯데ON,C011392,비닐봉투,C011390,3,수납/생활잡화 > 포장용품 > 비닐봉투
롯데ON,C011393,쇼핑백/종이봉투,C011390,3,수납/생활잡화 > 포장용품 > 쇼핑백/종이봉투
롯데ON,C011394,에어캡/완충재,C011390,3,수납/생활잡화 > 포장용품 > 에어캡/완충재
롯데ON,C011395,우산포장기,C011390,3,수납/생활잡화 > 포장용품 > 우산포장기
롯데ON,C011396,택배/이사박스,C011390,3,수납/생활잡화 > 포장용품 > 택배/이사박스
롯데ON,C011397,테이프커터,C011390,3,수납/생활잡화 > 포장용품 > 테이프커터
롯데ON,C011399,행거/소품걸이,C011355,2,수납/생활잡화 > 행거/소품걸이
롯데ON,C011398,고정식행거,C011399,3,수납/생활잡화 > 행거/소품걸이 > 고정식행거
롯데ON,C011400,긴팔집게/신발집게,C011399,3,수납/생활잡화 > 행거/소품걸이 > 긴팔집게/신발집게
롯데ON,C011401,도어행거,C011399,3,수납/생활잡화 > 행거/소품걸이 > 도어행거
롯데ON,C011402,스탠드행거,C011399,3,수납/생활잡화 > 행거/소품걸이 > 스탠드행거
롯데ON,C011403,압축봉/행거부속품,C011399,3,수납/생활잡화 > 행거/소품걸이 > 압축봉/행거부속품
롯데ON,C011404,옷걸이,C011399,3,수납/생활잡화 > 행거/소품걸이 > 옷걸이
롯데ON,C011405,이동식행거,C011399,3,수납/생활잡화 > 행거/소품걸이 > 이동식행거
롯데ON,C011406,치마/바지걸이,C011399,3,수납/생활잡화 > 행거/소품걸이 > 치마/바지걸이
롯데ON,C011407,후크/잡화걸이,C011399,3,수납/생활잡화 > 행거/소품걸이 > 후크/잡화걸이
롯데ON,C011410,스마트기기,ROOT,1,스마트기기
롯데ON,C011409,AI/로봇,C011410,2,스마트기기 > AI/로봇
롯데ON,C011408,AI/로봇,C011409,3,스마트기기 > AI/로봇 > AI/로봇
롯데ON,C011412,IOT/스마트홈,C011410,2,스마트기기 > IOT/스마트홈
롯데ON,C011411,IOT/스마트홈,C011412,3,스마트기기 > IOT/스마트홈 > IOT/스마트홈
롯데ON,C011414,스마트밴드,C011410,2,스마트기기 > 스마트밴드
롯데ON,C011413,스마트밴드,C011414,3,스마트기기 > 스마트밴드 > 스마트밴드
롯데ON,C011416,스마트액세서리,C011410,2,스마트기기 > 스마트액세서리
롯데ON,C011415,스마트액세서리,C011416,3,스마트기기 > 스마트액세서리 > 스마트액세서리
롯데ON,C011418,웨어러블,C011410,2,스마트기기 > 웨어러블
롯데ON,C011417,기타웨어러블,C011418,3,스마트기기 > 웨어러블 > 기타웨어러블
롯데ON,C011419,웨어러블디바이스,C011418,3,스마트기기 > 웨어러블 > 웨어러블디바이스
롯데ON,C011420,웨어러블액세서리,C011418,3,스마트기기 > 웨어러블 > 웨어러블액세서리
롯데ON,C011424,스포츠의류/운동화,ROOT,1,스포츠의류/운동화
롯데ON,C011423,기능성웨어,C011424,2,스포츠의류/운동화 > 기능성웨어
롯데ON,C011422,상의,C011423,3,스포츠의류/운동화 > 기능성웨어 > 상의
롯데ON,C011421,남성용,C011422,4,스포츠의류/운동화 > 기능성웨어 > 상의 > 남성용
롯데ON,C011425,여성용,C011422,4,스포츠의류/운동화 > 기능성웨어 > 상의 > 여성용
롯데ON,C011427,세트,C011423,3,스포츠의류/운동화 > 기능성웨어 > 세트
롯데ON,C011426,남성용,C011427,4,스포츠의류/운동화 > 기능성웨어 > 세트 > 남성용
롯데ON,C011428,여성용,C011427,4,스포츠의류/운동화 > 기능성웨어 > 세트 > 여성용
롯데ON,C011430,하의,C011423,3,스포츠의류/운동화 > 기능성웨어 > 하의
롯데ON,C011429,남성용,C011430,4,스포츠의류/운동화 > 기능성웨어 > 하의 > 남성용
롯데ON,C011431,여성용,C011430,4,스포츠의류/운동화 > 기능성웨어 > 하의 > 여성용
롯데ON,C011433,기타,C011424,2,스포츠의류/운동화 > 기타
롯데ON,C011432,기타,C011433,3,스포츠의류/운동화 > 기타 > 기타
롯데ON,C011435,남성스포츠신발,C011424,2,스포츠의류/운동화 > 남성스포츠신발
롯데ON,C011434,런닝화,C011435,3,스포츠의류/운동화 > 남성스포츠신발 > 런닝화
롯데ON,C011436,방한화,C011435,3,스포츠의류/운동화 > 남성스포츠신발 > 방한화
롯데ON,C011437,샌들,C011435,3,스포츠의류/운동화 > 남성스포츠신발 > 샌들
롯데ON,C011438,스니커즈,C011435,3,스포츠의류/운동화 > 남성스포츠신발 > 스니커즈
롯데ON,C011439,슬리퍼,C011435,3,스포츠의류/운동화 > 남성스포츠신발 > 슬리퍼
롯데ON,C011440,슬립온,C011435,3,스포츠의류/운동화 > 남성스포츠신발 > 슬립온
롯데ON,C011441,아쿠아슈즈,C011435,3,스포츠의류/운동화 > 남성스포츠신발 > 아쿠아슈즈
롯데ON,C011442,운동화,C011435,3,스포츠의류/운동화 > 남성스포츠신발 > 운동화
롯데ON,C011443,워킹화,C011435,3,스포츠의류/운동화 > 남성스포츠신발 > 워킹화
롯데ON,C011445,남성스포츠의류,C011424,2,스포츠의류/운동화 > 남성스포츠의류
롯데ON,C011444,가디건,C011445,3,스포츠의류/운동화 > 남성스포츠의류 > 가디건
롯데ON,C011446,긴바지,C011445,3,스포츠의류/운동화 > 남성스포츠의류 > 긴바지
롯데ON,C011447,긴팔티셔츠,C011445,3,스포츠의류/운동화 > 남성스포츠의류 > 긴팔티셔츠
롯데ON,C011448,니트,C011445,3,스포츠의류/운동화 > 남성스포츠의류 > 니트
롯데ON,C011449,다운/패딩,C011445,3,스포츠의류/운동화 > 남성스포츠의류 > 다운/패딩
롯데ON,C011450,레인코트,C011445,3,스포츠의류/운동화 > 남성스포츠의류 > 레인코트
롯데ON,C011451,맨투맨,C011445,3,스포츠의류/운동화 > 남성스포츠의류 > 맨투맨
롯데ON,C011452,민소매/탑,C011445,3,스포츠의류/운동화 > 남성스포츠의류 > 민소매/탑
롯데ON,C011453,바람막이/재킷,C011445,3,스포츠의류/운동화 > 남성스포츠의류 > 바람막이/재킷
롯데ON,C011454,반바지,C011445,3,스포츠의류/운동화 > 남성스포츠의류 > 반바지
롯데ON,C011455,반팔티셔츠,C011445,3,스포츠의류/운동화 > 남성스포츠의류 > 반팔티셔츠
롯데ON,C011456,점퍼,C011445,3,스포츠의류/운동화 > 남성스포츠의류 > 점퍼
롯데ON,C011457,조끼/베스트,C011445,3,스포츠의류/운동화 > 남성스포츠의류 > 조끼/베스트
롯데ON,C011458,집업,C011445,3,스포츠의류/운동화 > 남성스포츠의류 > 집업
롯데ON,C011459,트레이닝복,C011445,3,스포츠의류/운동화 > 남성스포츠의류 > 트레이닝복
롯데ON,C011460,후드,C011445,3,스포츠의류/운동화 > 남성스포츠의류 > 후드
롯데ON,C011462,스포츠가방,C011424,2,스포츠의류/운동화 > 스포츠가방
롯데ON,C011461,더플백,C011462,3,스포츠의류/운동화 > 스포츠가방 > 더플백
롯데ON,C011463,배럴백,C011462,3,스포츠의류/운동화 > 스포츠가방 > 배럴백
롯데ON,C011465,백팩,C011462,3,스포츠의류/운동화 > 스포츠가방 > 백팩
롯데ON,C011464,남성용,C011465,4,스포츠의류/운동화 > 스포츠가방 > 백팩 > 남성용
롯데ON,C011466,여성용,C011465,4,스포츠의류/운동화 > 스포츠가방 > 백팩 > 여성용
롯데ON,C011468,숄더백,C011462,3,스포츠의류/운동화 > 스포츠가방 > 숄더백
롯데ON,C011467,남성용,C011468,4,스포츠의류/운동화 > 스포츠가방 > 숄더백 > 남성용
롯데ON,C011469,여성용,C011468,4,스포츠의류/운동화 > 스포츠가방 > 숄더백 > 여성용
롯데ON,C011470,짐색,C011462,3,스포츠의류/운동화 > 스포츠가방 > 짐색
롯데ON,C011472,크로스백,C011462,3,스포츠의류/운동화 > 스포츠가방 > 크로스백
롯데ON,C011471,남성용,C011472,4,스포츠의류/운동화 > 스포츠가방 > 크로스백 > 남성용
롯데ON,C011473,여성용,C011472,4,스포츠의류/운동화 > 스포츠가방 > 크로스백 > 여성용
롯데ON,C011475,토트백,C011462,3,스포츠의류/운동화 > 스포츠가방 > 토트백
롯데ON,C011474,남성용,C011475,4,스포츠의류/운동화 > 스포츠가방 > 토트백 > 남성용
롯데ON,C011476,여성용,C011475,4,스포츠의류/운동화 > 스포츠가방 > 토트백 > 여성용
롯데ON,C011478,힙색,C011462,3,스포츠의류/운동화 > 스포츠가방 > 힙색
롯데ON,C011477,남성용,C011478,4,스포츠의류/운동화 > 스포츠가방 > 힙색 > 남성용
롯데ON,C011479,여성용,C011478,4,스포츠의류/운동화 > 스포츠가방 > 힙색 > 여성용
롯데ON,C011481,스포츠모자,C011424,2,스포츠의류/운동화 > 스포츠모자
롯데ON,C011480,방한모,C011481,3,스포츠의류/운동화 > 스포츠모자 > 방한모
롯데ON,C011482,비니,C011481,3,스포츠의류/운동화 > 스포츠모자 > 비니
롯데ON,C011483,스냅백,C011481,3,스포츠의류/운동화 > 스포츠모자 > 스냅백
롯데ON,C011484,썬캡/썬바이저,C011481,3,스포츠의류/운동화 > 스포츠모자 > 썬캡/썬바이저
롯데ON,C011486,스포츠보호용품,C011424,2,스포츠의류/운동화 > 스포츠보호용품
롯데ON,C011485,무릎보호대,C011486,3,스포츠의류/운동화 > 스포츠보호용품 > 무릎보호대
롯데ON,C011487,발목보호대,C011486,3,스포츠의류/운동화 > 스포츠보호용품 > 발목보호대
롯데ON,C011488,손목보호대,C011486,3,스포츠의류/운동화 > 스포츠보호용품 > 손목보호대
롯데ON,C011489,테이핑,C011486,3,스포츠의류/운동화 > 스포츠보호용품 > 테이핑
롯데ON,C011490,팔꿈치보호대,C011486,3,스포츠의류/운동화 > 스포츠보호용품 > 팔꿈치보호대
롯데ON,C011491,허리보호대,C011486,3,스포츠의류/운동화 > 스포츠보호용품 > 허리보호대
롯데ON,C011493,스포츠잡화,C011424,2,스포츠의류/운동화 > 스포츠잡화
롯데ON,C011492,기타,C011493,3,스포츠의류/운동화 > 스포츠잡화 > 기타
롯데ON,C011494,깔창/신발끈,C011493,3,스포츠의류/운동화 > 스포츠잡화 > 깔창/신발끈
롯데ON,C011495,마스크/버프,C011493,3,스포츠의류/운동화 > 스포츠잡화 > 마스크/버프
롯데ON,C011496,목걸이,C011493,3,스포츠의류/운동화 > 스포츠잡화 > 목걸이
롯데ON,C011497,방한용품,C011493,3,스포츠의류/운동화 > 스포츠잡화 > 방한용품
롯데ON,C011499,벨트,C011493,3,스포츠의류/운동화 > 스포츠잡화 > 벨트
롯데ON,C011498,남성용,C011499,4,스포츠의류/운동화 > 스포츠잡화 > 벨트 > 남성용
롯데ON,C011500,여성용,C011499,4,스포츠의류/운동화 > 스포츠잡화 > 벨트 > 여성용
롯데ON,C011501,선글라스/고글,C011493,3,스포츠의류/운동화 > 스포츠잡화 > 선글라스/고글
롯데ON,C011502,스카프/넥워머,C011493,3,스포츠의류/운동화 > 스포츠잡화 > 스카프/넥워머
롯데ON,C011503,시계,C011493,3,스포츠의류/운동화 > 스포츠잡화 > 시계
롯데ON,C011505,양말,C011493,3,스포츠의류/운동화 > 스포츠잡화 > 양말
롯데ON,C011504,남성용,C011505,4,스포츠의류/운동화 > 스포츠잡화 > 양말 > 남성용
롯데ON,C011506,여성용,C011505,4,스포츠의류/운동화 > 스포츠잡화 > 양말 > 여성용
롯데ON,C011508,장갑,C011493,3,스포츠의류/운동화 > 스포츠잡화 > 장갑
롯데ON,C011507,남성용,C011508,4,스포츠의류/운동화 > 스포츠잡화 > 장갑 > 남성용
롯데ON,C011509,여성용,C011508,4,스포츠의류/운동화 > 스포츠잡화 > 장갑 > 여성용
롯데ON,C011510,토시,C011493,3,스포츠의류/운동화 > 스포츠잡화 > 토시
롯데ON,C011511,팔찌,C011493,3,스포츠의류/운동화 > 스포츠잡화 > 팔찌
롯데ON,C011513,여성스포츠신발,C011424,2,스포츠의류/운동화 > 여성스포츠신발
롯데ON,C011512,런닝화,C011513,3,스포츠의류/운동화 > 여성스포츠신발 > 런닝화
롯데ON,C011514,뮬,C011513,3,스포츠의류/운동화 > 여성스포츠신발 > 뮬
롯데ON,C011515,방한화,C011513,3,스포츠의류/운동화 > 여성스포츠신발 > 방한화
롯데ON,C011516,샌들,C011513,3,스포츠의류/운동화 > 여성스포츠신발 > 샌들
롯데ON,C011517,스니커즈,C011513,3,스포츠의류/운동화 > 여성스포츠신발 > 스니커즈
롯데ON,C011518,슬리퍼,C011513,3,스포츠의류/운동화 > 여성스포츠신발 > 슬리퍼
롯데ON,C011519,슬립온,C011513,3,스포츠의류/운동화 > 여성스포츠신발 > 슬립온
롯데ON,C011520,아쿠아슈즈,C011513,3,스포츠의류/운동화 > 여성스포츠신발 > 아쿠아슈즈
롯데ON,C011521,운동화,C011513,3,스포츠의류/운동화 > 여성스포츠신발 > 운동화
롯데ON,C011522,워킹화,C011513,3,스포츠의류/운동화 > 여성스포츠신발 > 워킹화
롯데ON,C011524,여성스포츠의류,C011424,2,스포츠의류/운동화 > 여성스포츠의류
롯데ON,C011523,가디건,C011524,3,스포츠의류/운동화 > 여성스포츠의류 > 가디건
롯데ON,C011525,긴바지,C011524,3,스포츠의류/운동화 > 여성스포츠의류 > 긴바지
롯데ON,C011526,긴팔티셔츠,C011524,3,스포츠의류/운동화 > 여성스포츠의류 > 긴팔티셔츠
롯데ON,C011527,니트,C011524,3,스포츠의류/운동화 > 여성스포츠의류 > 니트
롯데ON,C011528,다운/패딩,C011524,3,스포츠의류/운동화 > 여성스포츠의류 > 다운/패딩
롯데ON,C011529,레인코트,C011524,3,스포츠의류/운동화 > 여성스포츠의류 > 레인코트
롯데ON,C011530,맨투맨,C011524,3,스포츠의류/운동화 > 여성스포츠의류 > 맨투맨
롯데ON,C011531,민소매/탑,C011524,3,스포츠의류/운동화 > 여성스포츠의류 > 민소매/탑
롯데ON,C011532,바람막이/재킷,C011524,3,스포츠의류/운동화 > 여성스포츠의류 > 바람막이/재킷
롯데ON,C011533,반바지,C011524,3,스포츠의류/운동화 > 여성스포츠의류 > 반바지
롯데ON,C011534,반팔티셔츠,C011524,3,스포츠의류/운동화 > 여성스포츠의류 > 반팔티셔츠
롯데ON,C011535,스커트,C011524,3,스포츠의류/운동화 > 여성스포츠의류 > 스커트
롯데ON,C011536,원피스,C011524,3,스포츠의류/운동화 > 여성스포츠의류 > 원피스
롯데ON,C011537,점퍼,C011524,3,스포츠의류/운동화 > 여성스포츠의류 > 점퍼
롯데ON,C011538,조끼/베스트,C011524,3,스포츠의류/운동화 > 여성스포츠의류 > 조끼/베스트
롯데ON,C011539,집업,C011524,3,스포츠의류/운동화 > 여성스포츠의류 > 집업
롯데ON,C011540,트레이닝복,C011524,3,스포츠의류/운동화 > 여성스포츠의류 > 트레이닝복
롯데ON,C011541,후드,C011524,3,스포츠의류/운동화 > 여성스포츠의류 > 후드
롯데ON,C011544,이너웨어,C011424,2,스포츠의류/운동화 > 이너웨어
롯데ON,C011543,세트상품,C011544,3,스포츠의류/운동화 > 이너웨어 > 세트상품
롯데ON,C011542,남성용,C011543,4,스포츠의류/운동화 > 이너웨어 > 세트상품 > 남성용
롯데ON,C011545,여성용,C011543,4,스포츠의류/운동화 > 이너웨어 > 세트상품 > 여성용
롯데ON,C011546,스포츠브라,C011544,3,스포츠의류/운동화 > 이너웨어 > 스포츠브라
롯데ON,C011548,스포츠팬티,C011544,3,스포츠의류/운동화 > 이너웨어 > 스포츠팬티
롯데ON,C011547,남성용,C011548,4,스포츠의류/운동화 > 이너웨어 > 스포츠팬티 > 남성용
롯데ON,C011549,여성용,C011548,4,스포츠의류/운동화 > 이너웨어 > 스포츠팬티 > 여성용
롯데ON,C011552,시계/주얼리,ROOT,1,시계/주얼리
롯데ON,C011551,귀걸이,C011552,2,시계/주얼리 > 귀걸이
롯데ON,C011550,진주귀걸이,C011551,3,시계/주얼리 > 귀걸이 > 진주귀걸이
롯데ON,C011553,패션귀걸이,C011551,3,시계/주얼리 > 귀걸이 > 패션귀걸이
롯데ON,C011554,피어싱,C011551,3,시계/주얼리 > 귀걸이 > 피어싱
롯데ON,C011556,목걸이,C011552,2,시계/주얼리 > 목걸이
롯데ON,C011555,은목걸이,C011556,3,시계/주얼리 > 목걸이 > 은목걸이
롯데ON,C011557,진주목걸이,C011556,3,시계/주얼리 > 목걸이 > 진주목걸이
롯데ON,C011558,패션목걸이,C011556,3,시계/주얼리 > 목걸이 > 패션목걸이
롯데ON,C011560,반지,C011552,2,시계/주얼리 > 반지
롯데ON,C011559,커플링,C011560,3,시계/주얼리 > 반지 > 커플링
롯데ON,C011561,패션반지,C011560,3,시계/주얼리 > 반지 > 패션반지
롯데ON,C011563,발찌,C011552,2,시계/주얼리 > 발찌
롯데ON,C011562,패션발찌,C011563,3,시계/주얼리 > 발찌 > 패션발찌
롯데ON,C011565,시계,C011552,2,시계/주얼리 > 시계
롯데ON,C011564,기타남성손목시계,C011565,3,시계/주얼리 > 시계 > 기타남성손목시계
롯데ON,C011566,기타여성손목시계,C011565,3,시계/주얼리 > 시계 > 기타여성손목시계
롯데ON,C011567,남성기계식시계,C011565,3,시계/주얼리 > 시계 > 남성기계식시계
롯데ON,C011568,남성전자시계,C011565,3,시계/주얼리 > 시계 > 남성전자시계
롯데ON,C011569,남성쿼츠시계,C011565,3,시계/주얼리 > 시계 > 남성쿼츠시계
롯데ON,C011570,시계소품,C011565,3,시계/주얼리 > 시계 > 시계소품
롯데ON,C011571,아동시계,C011565,3,시계/주얼리 > 시계 > 아동시계
롯데ON,C011572,여성기계식시계,C011565,3,시계/주얼리 > 시계 > 여성기계식시계
롯데ON,C011573,여성전자시계,C011565,3,시계/주얼리 > 시계 > 여성전자시계
롯데ON,C011574,여성쿼츠시계,C011565,3,시계/주얼리 > 시계 > 여성쿼츠시계
롯데ON,C011575,커플시계,C011565,3,시계/주얼리 > 시계 > 커플시계
롯데ON,C011577,주얼리세트,C011552,2,시계/주얼리 > 주얼리세트
롯데ON,C011576,패션주얼리세트,C011577,3,시계/주얼리 > 주얼리세트 > 패션주얼리세트
롯데ON,C011579,주얼리소품,C011552,2,시계/주얼리 > 주얼리소품
롯데ON,C011578,기타주얼리소품,C011579,3,시계/주얼리 > 주얼리소품 > 기타주얼리소품
롯데ON,C011580,주얼리박스/보관함,C011579,3,시계/주얼리 > 주얼리소품 > 주얼리박스/보관함
롯데ON,C011581,주얼리진열대,C011579,3,시계/주얼리 > 주얼리소품 > 주얼리진열대
롯데ON,C011583,팔찌,C011552,2,시계/주얼리 > 팔찌
롯데ON,C011582,건강팔찌,C011583,3,시계/주얼리 > 팔찌 > 건강팔찌
롯데ON,C011584,패션팔찌,C011583,3,시계/주얼리 > 팔찌 > 패션팔찌
롯데ON,C011586,헤어액세서리,C011552,2,시계/주얼리 > 헤어액세서리
롯데ON,C011585,헤어밴드,C011586,3,시계/주얼리 > 헤어액세서리 > 헤어밴드
롯데ON,C011587,헤어핀/헤어끈,C011586,3,시계/주얼리 > 헤어액세서리 > 헤어핀/헤어끈
롯데ON,C011590,신발,ROOT,1,신발
롯데ON,C011589,기능화,C011590,2,신발 > 기능화
롯데ON,C011588,유니폼화,C011589,3,신발 > 기능화 > 유니폼화
롯데ON,C011591,한복신발,C011589,3,신발 > 기능화 > 한복신발
롯데ON,C011592,효도/컴포트화,C011589,3,신발 > 기능화 > 효도/컴포트화
롯데ON,C011594,기타,C011590,2,신발 > 기타
롯데ON,C011593,기타,C011594,3,신발 > 기타 > 기타
롯데ON,C011596,남성워커/부츠,C011590,2,신발 > 남성워커/부츠
롯데ON,C011595,마틴화/웰트화,C011596,3,신발 > 남성워커/부츠 > 마틴화/웰트화
롯데ON,C011597,부츠/방한화,C011596,3,신발 > 남성워커/부츠 > 부츠/방한화
롯데ON,C011598,워커,C011596,3,신발 > 남성워커/부츠 > 워커
롯데ON,C011600,남성정장화,C011590,2,신발 > 남성정장화
롯데ON,C011599,빅사이즈남성화,C011600,3,신발 > 남성정장화 > 빅사이즈남성화
롯데ON,C011601,수제화,C011600,3,신발 > 남성정장화 > 수제화
롯데ON,C011602,정장구두,C011600,3,신발 > 남성정장화 > 정장구두
롯데ON,C011603,정장부츠,C011600,3,신발 > 남성정장화 > 정장부츠
롯데ON,C011604,정장샌들,C011600,3,신발 > 남성정장화 > 정장샌들
롯데ON,C011606,남성캐주얼화,C011590,2,신발 > 남성캐주얼화
롯데ON,C011605,로퍼,C011606,3,신발 > 남성캐주얼화 > 로퍼
롯데ON,C011607,샌들,C011606,3,신발 > 남성캐주얼화 > 샌들
롯데ON,C011608,스니커즈,C011606,3,신발 > 남성캐주얼화 > 스니커즈
롯데ON,C011609,슬리퍼,C011606,3,신발 > 남성캐주얼화 > 슬리퍼
롯데ON,C011610,슬립온,C011606,3,신발 > 남성캐주얼화 > 슬립온
롯데ON,C011611,아쿠아슈즈,C011606,3,신발 > 남성캐주얼화 > 아쿠아슈즈
롯데ON,C011612,운동화,C011606,3,신발 > 남성캐주얼화 > 운동화
롯데ON,C011613,쪼리,C011606,3,신발 > 남성캐주얼화 > 쪼리
롯데ON,C011614,캐주얼화,C011606,3,신발 > 남성캐주얼화 > 캐주얼화
롯데ON,C011615,캔버스화,C011606,3,신발 > 남성캐주얼화 > 캔버스화
롯데ON,C011616,컴포트화,C011606,3,신발 > 남성캐주얼화 > 컴포트화
롯데ON,C011619,슬리퍼/실내화,C011590,2,신발 > 슬리퍼/실내화
롯데ON,C011618,사무용슬리퍼,C011619,3,신발 > 슬리퍼/실내화 > 사무용슬리퍼
롯데ON,C011617,남성용,C011618,4,신발 > 슬리퍼/실내화 > 사무용슬리퍼 > 남성용
롯데ON,C011620,여성용,C011618,4,신발 > 슬리퍼/실내화 > 사무용슬리퍼 > 여성용
롯데ON,C011622,일반슬리퍼,C011619,3,신발 > 슬리퍼/실내화 > 일반슬리퍼
롯데ON,C011621,남성용,C011622,4,신발 > 슬리퍼/실내화 > 일반슬리퍼 > 남성용
롯데ON,C011623,여성용,C011622,4,신발 > 슬리퍼/실내화 > 일반슬리퍼 > 여성용
롯데ON,C011625,지압슬리퍼,C011619,3,신발 > 슬리퍼/실내화 > 지압슬리퍼
롯데ON,C011624,남성용,C011625,4,신발 > 슬리퍼/실내화 > 지압슬리퍼 > 남성용
롯데ON,C011626,여성용,C011625,4,신발 > 슬리퍼/실내화 > 지압슬리퍼 > 여성용
롯데ON,C011628,털슬리퍼,C011619,3,신발 > 슬리퍼/실내화 > 털슬리퍼
롯데ON,C011627,남성용,C011628,4,신발 > 슬리퍼/실내화 > 털슬리퍼 > 남성용
롯데ON,C011629,여성용,C011628,4,신발 > 슬리퍼/실내화 > 털슬리퍼 > 여성용
롯데ON,C011631,학생실내화,C011619,3,신발 > 슬리퍼/실내화 > 학생실내화
롯데ON,C011630,남성용,C011631,4,신발 > 슬리퍼/실내화 > 학생실내화 > 남성용
롯데ON,C011632,여성용,C011631,4,신발 > 슬리퍼/실내화 > 학생실내화 > 여성용
롯데ON,C011634,신발용품,C011590,2,신발 > 신발용품
롯데ON,C011633,구두솔,C011634,3,신발 > 신발용품 > 구두솔
롯데ON,C011635,구두약/염색제,C011634,3,신발 > 신발용품 > 구두약/염색제
롯데ON,C011636,구둣주걱,C011634,3,신발 > 신발용품 > 구둣주걱
롯데ON,C011637,기타신발용품,C011634,3,신발 > 신발용품 > 기타신발용품
롯데ON,C011638,방수스프레이,C011634,3,신발 > 신발용품 > 방수스프레이
롯데ON,C011639,부츠키퍼,C011634,3,신발 > 신발용품 > 부츠키퍼
롯데ON,C011640,브러쉬,C011634,3,신발 > 신발용품 > 브러쉬
롯데ON,C011641,슈즈커버,C011634,3,신발 > 신발용품 > 슈즈커버
롯데ON,C011642,스펀지,C011634,3,신발 > 신발용품 > 스펀지
롯데ON,C011643,신발깔창,C011634,3,신발 > 신발용품 > 신발깔창
롯데ON,C011644,신발끈,C011634,3,신발 > 신발용품 > 신발끈
롯데ON,C011646,여성단화,C011590,2,신발 > 여성단화
롯데ON,C011645,로퍼,C011646,3,신발 > 여성단화 > 로퍼
롯데ON,C011647,블로퍼,C011646,3,신발 > 여성단화 > 블로퍼
롯데ON,C011648,빅사이즈단화,C011646,3,신발 > 여성단화 > 빅사이즈단화
롯데ON,C011649,옥스퍼드화,C011646,3,신발 > 여성단화 > 옥스퍼드화
롯데ON,C011650,컴포트화,C011646,3,신발 > 여성단화 > 컴포트화
롯데ON,C011651,털단화,C011646,3,신발 > 여성단화 > 털단화
롯데ON,C011652,플랫슈즈,C011646,3,신발 > 여성단화 > 플랫슈즈
롯데ON,C011654,여성부츠/워커,C011590,2,신발 > 여성부츠/워커
롯데ON,C011653,레인부츠,C011654,3,신발 > 여성부츠/워커 > 레인부츠
롯데ON,C011655,롱부츠,C011654,3,신발 > 여성부츠/워커 > 롱부츠
롯데ON,C011656,미들부츠,C011654,3,신발 > 여성부츠/워커 > 미들부츠
롯데ON,C011657,부티,C011654,3,신발 > 여성부츠/워커 > 부티
롯데ON,C011658,앵클부츠,C011654,3,신발 > 여성부츠/워커 > 앵클부츠
롯데ON,C011659,워커힐,C011654,3,신발 > 여성부츠/워커 > 워커힐
롯데ON,C011660,첼시부츠,C011654,3,신발 > 여성부츠/워커 > 첼시부츠
롯데ON,C011661,털부츠,C011654,3,신발 > 여성부츠/워커 > 털부츠
롯데ON,C011662,패딩부츠,C011654,3,신발 > 여성부츠/워커 > 패딩부츠
롯데ON,C011663,플랫워커,C011654,3,신발 > 여성부츠/워커 > 플랫워커
롯데ON,C011665,여성샌들,C011590,2,신발 > 여성샌들
롯데ON,C011664,글래디에이터샌들,C011665,3,신발 > 여성샌들 > 글래디에이터샌들
롯데ON,C011666,뮬,C011665,3,신발 > 여성샌들 > 뮬
롯데ON,C011667,스트랩샌들,C011665,3,신발 > 여성샌들 > 스트랩샌들
롯데ON,C011668,슬링백샌들,C011665,3,신발 > 여성샌들 > 슬링백샌들
롯데ON,C011669,웨지샌들,C011665,3,신발 > 여성샌들 > 웨지샌들
롯데ON,C011670,정장샌들,C011665,3,신발 > 여성샌들 > 정장샌들
롯데ON,C011671,젤리슈즈,C011665,3,신발 > 여성샌들 > 젤리슈즈
롯데ON,C011672,쪼리,C011665,3,신발 > 여성샌들 > 쪼리
롯데ON,C011674,여성캐주얼화,C011590,2,신발 > 여성캐주얼화
롯데ON,C011673,로퍼,C011674,3,신발 > 여성캐주얼화 > 로퍼
롯데ON,C011675,스니커즈,C011674,3,신발 > 여성캐주얼화 > 스니커즈
롯데ON,C011676,슬립온,C011674,3,신발 > 여성캐주얼화 > 슬립온
롯데ON,C011677,아쿠아슈즈,C011674,3,신발 > 여성캐주얼화 > 아쿠아슈즈
롯데ON,C011678,운동화,C011674,3,신발 > 여성캐주얼화 > 운동화
롯데ON,C011679,캐주얼화,C011674,3,신발 > 여성캐주얼화 > 캐주얼화
롯데ON,C011680,캔버스화,C011674,3,신발 > 여성캐주얼화 > 캔버스화
롯데ON,C011682,힐/펌프스,C011590,2,신발 > 힐/펌프스
롯데ON,C011681,가보시힐,C011682,3,신발 > 힐/펌프스 > 가보시힐
롯데ON,C011683,빅사이즈펌프스,C011682,3,신발 > 힐/펌프스 > 빅사이즈펌프스
롯데ON,C011684,스트랩힐,C011682,3,신발 > 힐/펌프스 > 스트랩힐
롯데ON,C011685,스틸레토힐,C011682,3,신발 > 힐/펌프스 > 스틸레토힐
롯데ON,C011686,슬링백,C011682,3,신발 > 힐/펌프스 > 슬링백
롯데ON,C011687,웨딩/파티슈즈,C011682,3,신발 > 힐/펌프스 > 웨딩/파티슈즈
롯데ON,C011688,웨지힐,C011682,3,신발 > 힐/펌프스 > 웨지힐
롯데ON,C011689,정장슈즈,C011682,3,신발 > 힐/펌프스 > 정장슈즈
롯데ON,C011690,토오픈,C011682,3,신발 > 힐/펌프스 > 토오픈
롯데ON,C011691,통굽힐,C011682,3,신발 > 힐/펌프스 > 통굽힐
롯데ON,C011692,펌프스,C011682,3,신발 > 힐/펌프스 > 펌프스
롯데ON,C011695,언더웨어,ROOT,1,언더웨어
롯데ON,C011694,기타,C011695,2,언더웨어 > 기타
롯데ON,C011693,기타,C011694,3,언더웨어 > 기타 > 기타
롯데ON,C011697,남성내의,C011695,2,언더웨어 > 남성내의
롯데ON,C011696,내의,C011697,3,언더웨어 > 남성내의 > 내의
롯데ON,C011698,모시메리,C011697,3,언더웨어 > 남성내의 > 모시메리
롯데ON,C011699,발열내의,C011697,3,언더웨어 > 남성내의 > 발열내의
롯데ON,C011700,타이즈,C011697,3,언더웨어 > 남성내의 > 타이즈
롯데ON,C011702,남성런닝,C011695,2,언더웨어 > 남성런닝
롯데ON,C011701,런닝세트,C011702,3,언더웨어 > 남성런닝 > 런닝세트
롯데ON,C011703,민소매,C011702,3,언더웨어 > 남성런닝 > 민소매
롯데ON,C011704,반팔,C011702,3,언더웨어 > 남성런닝 > 반팔
롯데ON,C011706,남성빅사이즈속옷,C011695,2,언더웨어 > 남성빅사이즈속옷
롯데ON,C011705,빅사이즈런닝,C011706,3,언더웨어 > 남성빅사이즈속옷 > 빅사이즈런닝
롯데ON,C011707,빅사이즈팬티,C011706,3,언더웨어 > 남성빅사이즈속옷 > 빅사이즈팬티
롯데ON,C011709,남성팬티,C011695,2,언더웨어 > 남성팬티
롯데ON,C011708,기능성팬티,C011709,3,언더웨어 > 남성팬티 > 기능성팬티
롯데ON,C011710,드로즈,C011709,3,언더웨어 > 남성팬티 > 드로즈
롯데ON,C011711,삼각팬티,C011709,3,언더웨어 > 남성팬티 > 삼각팬티
롯데ON,C011712,트렁크,C011709,3,언더웨어 > 남성팬티 > 트렁크
롯데ON,C011713,팬티런닝세트,C011709,3,언더웨어 > 남성팬티 > 팬티런닝세트
롯데ON,C011715,보정속옷,C011695,2,언더웨어 > 보정속옷
롯데ON,C011714,거들/힙업팬티,C011715,3,언더웨어 > 보정속옷 > 거들/힙업팬티
롯데ON,C011716,니퍼/복대,C011715,3,언더웨어 > 보정속옷 > 니퍼/복대
롯데ON,C011717,바디쉐이퍼/올인원,C011715,3,언더웨어 > 보정속옷 > 바디쉐이퍼/올인원
롯데ON,C011719,브라,C011695,2,언더웨어 > 브라
롯데ON,C011718,노와이어,C011719,3,언더웨어 > 브라 > 노와이어
롯데ON,C011720,누드브라,C011719,3,언더웨어 > 브라 > 누드브라
롯데ON,C011721,누디/노라인,C011719,3,언더웨어 > 브라 > 누디/노라인
롯데ON,C011722,몰드/볼륨업,C011719,3,언더웨어 > 브라 > 몰드/볼륨업
롯데ON,C011723,브라렛,C011719,3,언더웨어 > 브라 > 브라렛
롯데ON,C011724,섹시브라(19),C011719,3,언더웨어 > 브라 > 섹시브라(19)
롯데ON,C011725,자수/레이스,C011719,3,언더웨어 > 브라 > 자수/레이스
롯데ON,C011727,브라팬티세트,C011695,2,언더웨어 > 브라팬티세트
롯데ON,C011726,노와이어,C011727,3,언더웨어 > 브라팬티세트 > 노와이어
롯데ON,C011728,누디/노라인,C011727,3,언더웨어 > 브라팬티세트 > 누디/노라인
롯데ON,C011729,몰드/볼륨업,C011727,3,언더웨어 > 브라팬티세트 > 몰드/볼륨업
롯데ON,C011730,브라렛,C011727,3,언더웨어 > 브라팬티세트 > 브라렛
롯데ON,C011731,섹시란제리(19),C011727,3,언더웨어 > 브라팬티세트 > 섹시란제리(19)
롯데ON,C011732,자수/레이스,C011727,3,언더웨어 > 브라팬티세트 > 자수/레이스
롯데ON,C011734,여성내의,C011695,2,언더웨어 > 여성내의
롯데ON,C011733,내의,C011734,3,언더웨어 > 여성내의 > 내의
롯데ON,C011735,모시메리,C011734,3,언더웨어 > 여성내의 > 모시메리
롯데ON,C011736,발열내의,C011734,3,언더웨어 > 여성내의 > 발열내의
롯데ON,C011737,타이즈,C011734,3,언더웨어 > 여성내의 > 타이즈
롯데ON,C011739,여성런닝/속바지,C011695,2,언더웨어 > 여성런닝/속바지
롯데ON,C011738,런닝/나시,C011739,3,언더웨어 > 여성런닝/속바지 > 런닝/나시
롯데ON,C011740,브라탑,C011739,3,언더웨어 > 여성런닝/속바지 > 브라탑
롯데ON,C011741,속바지/속치마,C011739,3,언더웨어 > 여성런닝/속바지 > 속바지/속치마
롯데ON,C011742,슬립,C011739,3,언더웨어 > 여성런닝/속바지 > 슬립
롯데ON,C011744,여성빅사이즈속옷,C011695,2,언더웨어 > 여성빅사이즈속옷
롯데ON,C011743,빅사이즈브라,C011744,3,언더웨어 > 여성빅사이즈속옷 > 빅사이즈브라
롯데ON,C011745,빅사이즈세트,C011744,3,언더웨어 > 여성빅사이즈속옷 > 빅사이즈세트
롯데ON,C011746,빅사이즈팬티,C011744,3,언더웨어 > 여성빅사이즈속옷 > 빅사이즈팬티
롯데ON,C011748,여성속옷소품,C011695,2,언더웨어 > 여성속옷소품
롯데ON,C011747,가터벨트,C011748,3,언더웨어 > 여성속옷소품 > 가터벨트
롯데ON,C011749,브라끈,C011748,3,언더웨어 > 여성속옷소품 > 브라끈
롯데ON,C011750,브라패드,C011748,3,언더웨어 > 여성속옷소품 > 브라패드
롯데ON,C011752,여성팬티,C011695,2,언더웨어 > 여성팬티
롯데ON,C011751,노라인/햄팬티,C011752,3,언더웨어 > 여성팬티 > 노라인/햄팬티
롯데ON,C011753,삼각팬티,C011752,3,언더웨어 > 여성팬티 > 삼각팬티
롯데ON,C011754,섹시팬티(19),C011752,3,언더웨어 > 여성팬티 > 섹시팬티(19)
롯데ON,C011755,위생팬티,C011752,3,언더웨어 > 여성팬티 > 위생팬티
롯데ON,C011756,팬티세트,C011752,3,언더웨어 > 여성팬티 > 팬티세트
롯데ON,C011758,잠옷,C011695,2,언더웨어 > 잠옷
롯데ON,C011757,상하세트잠옷,C011758,3,언더웨어 > 잠옷 > 상하세트잠옷
롯데ON,C011759,원피스잠옷,C011758,3,언더웨어 > 잠옷 > 원피스잠옷
롯데ON,C011760,잠옷상의,C011758,3,언더웨어 > 잠옷 > 잠옷상의
롯데ON,C011761,잠옷하의,C011758,3,언더웨어 > 잠옷 > 잠옷하의
롯데ON,C011762,커플잠옷,C011758,3,언더웨어 > 잠옷 > 커플잠옷
롯데ON,C011764,커플속옷,C011695,2,언더웨어 > 커플속옷
롯데ON,C011763,커플속옷,C011764,3,언더웨어 > 커플속옷 > 커플속옷
롯데ON,C011767,홈웨어/이지웨어,C011695,2,언더웨어 > 홈웨어/이지웨어
롯데ON,C011766,가운,C011767,3,언더웨어 > 홈웨어/이지웨어 > 가운
롯데ON,C011765,남성용,C011766,4,언더웨어 > 홈웨어/이지웨어 > 가운 > 남성용
롯데ON,C011768,여성용,C011766,4,언더웨어 > 홈웨어/이지웨어 > 가운 > 여성용
롯데ON,C011769,홈웨어상의,C011767,3,언더웨어 > 홈웨어/이지웨어 > 홈웨어상의
롯데ON,C011770,홈웨어세트,C011767,3,언더웨어 > 홈웨어/이지웨어 > 홈웨어세트
롯데ON,C011771,홈웨어원피스,C011767,3,언더웨어 > 홈웨어/이지웨어 > 홈웨어원피스
롯데ON,C011772,홈웨어하의,C011767,3,언더웨어 > 홈웨어/이지웨어 > 홈웨어하의
롯데ON,C011775,여성의류,ROOT,1,여성의류
롯데ON,C011774,가디건/조끼,C011775,2,여성의류 > 가디건/조끼
롯데ON,C011773,니트조끼,C011774,3,여성의류 > 가디건/조끼 > 니트조끼
롯데ON,C011776,롱가디건,C011774,3,여성의류 > 가디건/조끼 > 롱가디건
롯데ON,C011777,루즈핏가디건,C011774,3,여성의류 > 가디건/조끼 > 루즈핏가디건
롯데ON,C011778,미니가디건,C011774,3,여성의류 > 가디건/조끼 > 미니가디건
롯데ON,C011779,패딩조끼,C011774,3,여성의류 > 가디건/조끼 > 패딩조끼
롯데ON,C011781,기타,C011775,2,여성의류 > 기타
롯데ON,C011780,기타,C011781,3,여성의류 > 기타 > 기타
롯데ON,C011783,니트/스웨터,C011775,2,여성의류 > 니트/스웨터
롯데ON,C011782,라운드넥니트,C011783,3,여성의류 > 니트/스웨터 > 라운드넥니트
롯데ON,C011784,브이넥니트,C011783,3,여성의류 > 니트/스웨터 > 브이넥니트
롯데ON,C011785,폴라/반폴라니트,C011783,3,여성의류 > 니트/스웨터 > 폴라/반폴라니트
롯데ON,C011787,바지/레깅스,C011775,2,여성의류 > 바지/레깅스
롯데ON,C011786,레깅스,C011787,3,여성의류 > 바지/레깅스 > 레깅스
롯데ON,C011788,면바지/밴딩팬츠,C011787,3,여성의류 > 바지/레깅스 > 면바지/밴딩팬츠
롯데ON,C011789,반바지/치마바지,C011787,3,여성의류 > 바지/레깅스 > 반바지/치마바지
롯데ON,C011790,슬랙스,C011787,3,여성의류 > 바지/레깅스 > 슬랙스
롯데ON,C011791,청반바지,C011787,3,여성의류 > 바지/레깅스 > 청반바지
롯데ON,C011793,블라우스/셔츠,C011775,2,여성의류 > 블라우스/셔츠
롯데ON,C011792,데님셔츠,C011793,3,여성의류 > 블라우스/셔츠 > 데님셔츠
롯데ON,C011794,레이스/프릴블라우스,C011793,3,여성의류 > 블라우스/셔츠 > 레이스/프릴블라우스
롯데ON,C011795,솔리드셔츠,C011793,3,여성의류 > 블라우스/셔츠 > 솔리드셔츠
롯데ON,C011796,시폰블라우스,C011793,3,여성의류 > 블라우스/셔츠 > 시폰블라우스
롯데ON,C011797,체크셔츠,C011793,3,여성의류 > 블라우스/셔츠 > 체크셔츠
롯데ON,C011799,스커트,C011775,2,여성의류 > 스커트
롯데ON,C011798,롱스커트,C011799,3,여성의류 > 스커트 > 롱스커트
롯데ON,C011800,미니스커트,C011799,3,여성의류 > 스커트 > 미니스커트
롯데ON,C011801,미디스커트,C011799,3,여성의류 > 스커트 > 미디스커트
롯데ON,C011803,시즌웨어,C011775,2,여성의류 > 시즌웨어
롯데ON,C011802,비치웨어,C011803,3,여성의류 > 시즌웨어 > 비치웨어
롯데ON,C011804,수영복,C011803,3,여성의류 > 시즌웨어 > 수영복
롯데ON,C011805,한복,C011803,3,여성의류 > 시즌웨어 > 한복
롯데ON,C011807,원피스,C011775,2,여성의류 > 원피스
롯데ON,C011806,나시원피스,C011807,3,여성의류 > 원피스 > 나시원피스
롯데ON,C011808,니트원피스,C011807,3,여성의류 > 원피스 > 니트원피스
롯데ON,C011809,레이스원피스,C011807,3,여성의류 > 원피스 > 레이스원피스
롯데ON,C011810,롱/맥시원피스,C011807,3,여성의류 > 원피스 > 롱/맥시원피스
롯데ON,C011811,미니원피스,C011807,3,여성의류 > 원피스 > 미니원피스
롯데ON,C011812,점프슈트,C011807,3,여성의류 > 원피스 > 점프슈트
롯데ON,C011813,트렌치원피스,C011807,3,여성의류 > 원피스 > 트렌치원피스
롯데ON,C011814,프릴원피스,C011807,3,여성의류 > 원피스 > 프릴원피스
롯데ON,C011815,플라워/프린트원피스,C011807,3,여성의류 > 원피스 > 플라워/프린트원피스
롯데ON,C011817,자켓/코트,C011775,2,여성의류 > 자켓/코트
롯데ON,C011816,가죽/퍼자켓,C011817,3,여성의류 > 자켓/코트 > 가죽/퍼자켓
롯데ON,C011818,자켓,C011817,3,여성의류 > 자켓/코트 > 자켓
롯데ON,C011819,코트,C011817,3,여성의류 > 자켓/코트 > 코트
롯데ON,C011820,트렌치코트,C011817,3,여성의류 > 자켓/코트 > 트렌치코트
롯데ON,C011822,점퍼/패딩/야상,C011775,2,여성의류 > 점퍼/패딩/야상
롯데ON,C011821,바람막이/야구점퍼,C011822,3,여성의류 > 점퍼/패딩/야상 > 바람막이/야구점퍼
롯데ON,C011823,사파리/야상점퍼,C011822,3,여성의류 > 점퍼/패딩/야상 > 사파리/야상점퍼
롯데ON,C011824,패딩/다운점퍼,C011822,3,여성의류 > 점퍼/패딩/야상 > 패딩/다운점퍼
롯데ON,C011826,정장,C011775,2,여성의류 > 정장
롯데ON,C011825,정장바지,C011826,3,여성의류 > 정장 > 정장바지
롯데ON,C011827,정장블라우스,C011826,3,여성의류 > 정장 > 정장블라우스
롯데ON,C011828,정장세트,C011826,3,여성의류 > 정장 > 정장세트
롯데ON,C011829,정장원피스,C011826,3,여성의류 > 정장 > 정장원피스
롯데ON,C011830,정장자켓,C011826,3,여성의류 > 정장 > 정장자켓
롯데ON,C011831,정장치마,C011826,3,여성의류 > 정장 > 정장치마
롯데ON,C011833,청바지,C011775,2,여성의류 > 청바지
롯데ON,C011832,부츠컷/와이드핏,C011833,3,여성의류 > 청바지 > 부츠컷/와이드핏
롯데ON,C011834,스키니/슬림핏,C011833,3,여성의류 > 청바지 > 스키니/슬림핏
롯데ON,C011835,스트레이트핏,C011833,3,여성의류 > 청바지 > 스트레이트핏
롯데ON,C011837,트레이닝복,C011775,2,여성의류 > 트레이닝복
롯데ON,C011836,트레이닝상의,C011837,3,여성의류 > 트레이닝복 > 트레이닝상의
롯데ON,C011838,트레이닝세트,C011837,3,여성의류 > 트레이닝복 > 트레이닝세트
롯데ON,C011839,트레이닝하의,C011837,3,여성의류 > 트레이닝복 > 트레이닝하의
롯데ON,C011841,티셔츠/맨투맨,C011775,2,여성의류 > 티셔츠/맨투맨
롯데ON,C011840,라운드넥티셔츠,C011841,3,여성의류 > 티셔츠/맨투맨 > 라운드넥티셔츠
롯데ON,C011842,맨투맨,C011841,3,여성의류 > 티셔츠/맨투맨 > 맨투맨
롯데ON,C011843,민소매티셔츠,C011841,3,여성의류 > 티셔츠/맨투맨 > 민소매티셔츠
롯데ON,C011844,브이넥티셔츠,C011841,3,여성의류 > 티셔츠/맨투맨 > 브이넥티셔츠
롯데ON,C011845,폴라티셔츠,C011841,3,여성의류 > 티셔츠/맨투맨 > 폴라티셔츠
롯데ON,C011846,후드티/후드집업,C011841,3,여성의류 > 티셔츠/맨투맨 > 후드티/후드집업
롯데ON,C011849,욕실/청소용품,ROOT,1,욕실/청소용품
롯데ON,C011848,샤워기/수전용품,C011849,2,욕실/청소용품 > 샤워기/수전용품
롯데ON,C011847,샤워기거치대/홀더,C011848,3,욕실/청소용품 > 샤워기/수전용품 > 샤워기거치대/홀더
롯데ON,C011850,샤워기필터/연수기필터,C011848,3,욕실/청소용품 > 샤워기/수전용품 > 샤워기필터/연수기필터
롯데ON,C011851,샤워헤드,C011848,3,욕실/청소용품 > 샤워기/수전용품 > 샤워헤드
롯데ON,C011852,샤워호스,C011848,3,욕실/청소용품 > 샤워기/수전용품 > 샤워호스
롯데ON,C011853,수도/수전용품,C011848,3,욕실/청소용품 > 샤워기/수전용품 > 수도/수전용품
롯데ON,C011855,세탁용품,C011849,2,욕실/청소용품 > 세탁용품
롯데ON,C011854,기타세탁용품,C011855,3,욕실/청소용품 > 세탁용품 > 기타세탁용품
롯데ON,C011856,다림용품,C011855,3,욕실/청소용품 > 세탁용품 > 다림용품
롯데ON,C011857,빨래건조대,C011855,3,욕실/청소용품 > 세탁용품 > 빨래건조대
롯데ON,C011858,빨래바구니,C011855,3,욕실/청소용품 > 세탁용품 > 빨래바구니
롯데ON,C011859,빨래줄/집게,C011855,3,욕실/청소용품 > 세탁용품 > 빨래줄/집게
롯데ON,C011860,빨래판,C011855,3,욕실/청소용품 > 세탁용품 > 빨래판
롯데ON,C011861,세탁기필터/거름망,C011855,3,욕실/청소용품 > 세탁용품 > 세탁기필터/거름망
롯데ON,C011862,세탁망,C011855,3,욕실/청소용품 > 세탁용품 > 세탁망
롯데ON,C011863,세탁볼,C011855,3,욕실/청소용품 > 세탁용품 > 세탁볼
롯데ON,C011865,수건/타월,C011849,2,욕실/청소용품 > 수건/타월
롯데ON,C011864,때수건/샤워타월,C011865,3,욕실/청소용품 > 수건/타월 > 때수건/샤워타월
롯데ON,C011866,바스/비치타월,C011865,3,욕실/청소용품 > 수건/타월 > 바스/비치타월
롯데ON,C011867,샤워가운,C011865,3,욕실/청소용품 > 수건/타월 > 샤워가운
롯데ON,C011868,수건/핸드타월,C011865,3,욕실/청소용품 > 수건/타월 > 수건/핸드타월
롯데ON,C011870,욕실잡화,C011849,2,욕실/청소용품 > 욕실잡화
롯데ON,C011869,기타욕실잡화,C011870,3,욕실/청소용품 > 욕실잡화 > 기타욕실잡화
롯데ON,C011871,뚫어뻥,C011870,3,욕실/청소용품 > 욕실잡화 > 뚫어뻥
롯데ON,C011872,바디브러쉬/스펀지,C011870,3,욕실/청소용품 > 욕실잡화 > 바디브러쉬/스펀지
롯데ON,C011873,배수구캡,C011870,3,욕실/청소용품 > 욕실잡화 > 배수구캡
롯데ON,C011874,변기솔,C011870,3,욕실/청소용품 > 욕실잡화 > 변기솔
롯데ON,C011875,변기커버,C011870,3,욕실/청소용품 > 욕실잡화 > 변기커버
롯데ON,C011876,샤워커튼/커튼봉,C011870,3,욕실/청소용품 > 욕실잡화 > 샤워커튼/커튼봉
롯데ON,C011877,욕실매트/발판,C011870,3,욕실/청소용품 > 욕실잡화 > 욕실매트/발판
롯데ON,C011878,욕실바구니/대야,C011870,3,욕실/청소용품 > 욕실잡화 > 욕실바구니/대야
롯데ON,C011879,욕실선반,C011870,3,욕실/청소용품 > 욕실잡화 > 욕실선반
롯데ON,C011880,욕실수납장,C011870,3,욕실/청소용품 > 욕실잡화 > 욕실수납장
롯데ON,C011882,욕실용기/홀더,C011870,3,욕실/청소용품 > 욕실잡화 > 욕실용기/홀더
롯데ON,C011881,기타욕실용기,C011882,4,욕실/청소용품 > 욕실잡화 > 욕실용기/홀더 > 기타욕실용기
롯데ON,C011883,비누받침/홀더,C011882,4,욕실/청소용품 > 욕실잡화 > 욕실용기/홀더 > 비누받침/홀더
롯데ON,C011884,수건걸이,C011882,4,욕실/청소용품 > 욕실잡화 > 욕실용기/홀더 > 수건걸이
롯데ON,C011885,욕실디스펜서,C011882,4,욕실/청소용품 > 욕실잡화 > 욕실용기/홀더 > 욕실디스펜서
롯데ON,C011886,칫솔통/걸이,C011882,4,욕실/청소용품 > 욕실잡화 > 욕실용기/홀더 > 칫솔통/걸이
롯데ON,C011887,휴지걸이,C011882,4,욕실/청소용품 > 욕실잡화 > 욕실용기/홀더 > 휴지걸이
롯데ON,C011888,욕실화,C011870,3,욕실/청소용품 > 욕실잡화 > 욕실화
롯데ON,C011889,욕조,C011870,3,욕실/청소용품 > 욕실잡화 > 욕조
롯데ON,C011890,욕조트레이/소품,C011870,3,욕실/청소용품 > 욕실잡화 > 욕조트레이/소품
롯데ON,C011892,위생도기,C011870,3,욕실/청소용품 > 욕실잡화 > 위생도기
롯데ON,C011891,세면대,C011892,4,욕실/청소용품 > 욕실잡화 > 위생도기 > 세면대
롯데ON,C011893,양변기,C011892,4,욕실/청소용품 > 욕실잡화 > 위생도기 > 양변기
롯데ON,C011895,청소용품,C011849,2,욕실/청소용품 > 청소용품
롯데ON,C011894,걸레,C011895,3,욕실/청소용품 > 청소용품 > 걸레
롯데ON,C011896,기타청소용품,C011895,3,욕실/청소용품 > 청소용품 > 기타청소용품
롯데ON,C011897,매직블럭/스펀지,C011895,3,욕실/청소용품 > 청소용품 > 매직블럭/스펀지
롯데ON,C011898,먼지떨이/먼지제거기,C011895,3,욕실/청소용품 > 청소용품 > 먼지떨이/먼지제거기
롯데ON,C011899,물호스/물분사기,C011895,3,욕실/청소용품 > 청소용품 > 물호스/물분사기
롯데ON,C011900,밀대/청소포,C011895,3,욕실/청소용품 > 청소용품 > 밀대/청소포
롯데ON,C011901,분리수거함,C011895,3,욕실/청소용품 > 청소용품 > 분리수거함
롯데ON,C011902,빗자루/쓰레받기,C011895,3,욕실/청소용품 > 청소용품 > 빗자루/쓰레받기
롯데ON,C011903,유리닦이용품,C011895,3,욕실/청소용품 > 청소용품 > 유리닦이용품
롯데ON,C011904,청소솔,C011895,3,욕실/청소용품 > 청소용품 > 청소솔
롯데ON,C011905,테이프클리너,C011895,3,욕실/청소용품 > 청소용품 > 테이프클리너
롯데ON,C011907,휴지통/쓰레기봉투,C011895,3,욕실/청소용품 > 청소용품 > 휴지통/쓰레기봉투
롯데ON,C011906,다용도휴지통,C011907,4,욕실/청소용품 > 청소용품 > 휴지통/쓰레기봉투 > 다용도휴지통
롯데ON,C011908,쓰레기봉투,C011907,4,욕실/청소용품 > 청소용품 > 휴지통/쓰레기봉투 > 쓰레기봉투
롯데ON,C011909,음식물쓰레기통,C011907,4,욕실/청소용품 > 청소용품 > 휴지통/쓰레기봉투 > 음식물쓰레기통
롯데ON,C011912,유아동신발/잡화,ROOT,1,유아동신발/잡화
롯데ON,C011911,기타,C011912,2,유아동신발/잡화 > 기타
롯데ON,C011910,기타,C011911,3,유아동신발/잡화 > 기타 > 기타
롯데ON,C011914,유아동가방,C011912,2,유아동신발/잡화 > 유아동가방
롯데ON,C011913,유아동백팩/책가방,C011914,3,유아동신발/잡화 > 유아동가방 > 유아동백팩/책가방
롯데ON,C011915,유아동숄더백,C011914,3,유아동신발/잡화 > 유아동가방 > 유아동숄더백
롯데ON,C011916,유아동신발주머니/보조가방,C011914,3,유아동신발/잡화 > 유아동가방 > 유아동신발주머니/보조가방
롯데ON,C011917,유아동책가방세트,C011914,3,유아동신발/잡화 > 유아동가방 > 유아동책가방세트
롯데ON,C011918,유아동캐리어백,C011914,3,유아동신발/잡화 > 유아동가방 > 유아동캐리어백
롯데ON,C011919,유아동크로스백,C011914,3,유아동신발/잡화 > 유아동가방 > 유아동크로스백
롯데ON,C011920,유아동토트백,C011914,3,유아동신발/잡화 > 유아동가방 > 유아동토트백
롯데ON,C011922,유아동신발,C011912,2,유아동신발/잡화 > 유아동신발
롯데ON,C011921,유아동남아구두,C011922,3,유아동신발/잡화 > 유아동신발 > 유아동남아구두
롯데ON,C011923,유아동남아샌들,C011922,3,유아동신발/잡화 > 유아동신발 > 유아동남아샌들
롯데ON,C011924,유아동보행기신발,C011922,3,유아동신발/잡화 > 유아동신발 > 유아동보행기신발
롯데ON,C011925,유아동부츠/털신,C011922,3,유아동신발/잡화 > 유아동신발 > 유아동부츠/털신
롯데ON,C011926,유아동슬리퍼,C011922,3,유아동신발/잡화 > 유아동신발 > 유아동슬리퍼
롯데ON,C011927,유아동슬립온,C011922,3,유아동신발/잡화 > 유아동신발 > 유아동슬립온
롯데ON,C011928,유아동실내화,C011922,3,유아동신발/잡화 > 유아동신발 > 유아동실내화
롯데ON,C011929,유아동아쿠아슈즈,C011922,3,유아동신발/잡화 > 유아동신발 > 유아동아쿠아슈즈
롯데ON,C011930,유아동여아구두,C011922,3,유아동신발/잡화 > 유아동신발 > 유아동여아구두
롯데ON,C011931,유아동여아샌들,C011922,3,유아동신발/잡화 > 유아동신발 > 유아동여아샌들
롯데ON,C011932,유아동운동화,C011922,3,유아동신발/잡화 > 유아동신발 > 유아동운동화
롯데ON,C011933,유아동장화,C011922,3,유아동신발/잡화 > 유아동신발 > 유아동장화
롯데ON,C011934,유아동젤리슈즈,C011922,3,유아동신발/잡화 > 유아동신발 > 유아동젤리슈즈
롯데ON,C011936,유아동잡화,C011912,2,유아동신발/잡화 > 유아동잡화
롯데ON,C011935,귀마개,C011936,3,유아동신발/잡화 > 유아동잡화 > 귀마개
롯데ON,C011937,마스크,C011936,3,유아동신발/잡화 > 유아동잡화 > 마스크
롯데ON,C011938,유아동두건,C011936,3,유아동신발/잡화 > 유아동잡화 > 유아동두건
롯데ON,C011939,유아동레깅스,C011936,3,유아동신발/잡화 > 유아동잡화 > 유아동레깅스
롯데ON,C011940,유아동머플러,C011936,3,유아동신발/잡화 > 유아동잡화 > 유아동머플러
롯데ON,C011941,유아동멜빵/벨트,C011936,3,유아동신발/잡화 > 유아동잡화 > 유아동멜빵/벨트
롯데ON,C011942,유아동모자,C011936,3,유아동신발/잡화 > 유아동잡화 > 유아동모자
롯데ON,C011943,유아동선글라스,C011936,3,유아동신발/잡화 > 유아동잡화 > 유아동선글라스
롯데ON,C011944,유아동스카프,C011936,3,유아동신발/잡화 > 유아동잡화 > 유아동스카프
롯데ON,C011945,유아동양말,C011936,3,유아동신발/잡화 > 유아동잡화 > 유아동양말
롯데ON,C011946,유아동우산,C011936,3,유아동신발/잡화 > 유아동잡화 > 유아동우산
롯데ON,C011947,유아동장갑,C011936,3,유아동신발/잡화 > 유아동잡화 > 유아동장갑
롯데ON,C011948,유아동쥬얼리,C011936,3,유아동신발/잡화 > 유아동잡화 > 유아동쥬얼리
롯데ON,C011949,유아동지갑,C011936,3,유아동신발/잡화 > 유아동잡화 > 유아동지갑
롯데ON,C011950,유아동토시,C011936,3,유아동신발/잡화 > 유아동잡화 > 유아동토시
롯데ON,C011953,유아동의류,ROOT,1,유아동의류
롯데ON,C011952,기타,C011953,2,유아동의류 > 기타
롯데ON,C011951,기타,C011952,3,유아동의류 > 기타 > 기타
롯데ON,C011955,남아속옷/잠옷,C011953,2,유아동의류 > 남아속옷/잠옷
롯데ON,C011954,내의/실내복,C011955,3,유아동의류 > 남아속옷/잠옷 > 내의/실내복
롯데ON,C011956,런닝,C011955,3,유아동의류 > 남아속옷/잠옷 > 런닝
롯데ON,C011957,잠옷/수면조끼,C011955,3,유아동의류 > 남아속옷/잠옷 > 잠옷/수면조끼
롯데ON,C011958,팬티,C011955,3,유아동의류 > 남아속옷/잠옷 > 팬티
롯데ON,C011960,남아의류,C011953,2,유아동의류 > 남아의류
롯데ON,C011959,남아가디건,C011960,3,유아동의류 > 남아의류 > 남아가디건
롯데ON,C011961,남아남방/셔츠,C011960,3,유아동의류 > 남아의류 > 남아남방/셔츠
롯데ON,C011962,남아니트/스웨터,C011960,3,유아동의류 > 남아의류 > 남아니트/스웨터
롯데ON,C011963,남아맨투맨티,C011960,3,유아동의류 > 남아의류 > 남아맨투맨티
롯데ON,C011964,남아바지,C011960,3,유아동의류 > 남아의류 > 남아바지
롯데ON,C011965,남아상하복,C011960,3,유아동의류 > 남아의류 > 남아상하복
롯데ON,C011966,남아자켓,C011960,3,유아동의류 > 남아의류 > 남아자켓
롯데ON,C011967,남아점퍼,C011960,3,유아동의류 > 남아의류 > 남아점퍼
롯데ON,C011968,남아정장,C011960,3,유아동의류 > 남아의류 > 남아정장
롯데ON,C011969,남아코트,C011960,3,유아동의류 > 남아의류 > 남아코트
롯데ON,C011970,남아트레이닝복,C011960,3,유아동의류 > 남아의류 > 남아트레이닝복
롯데ON,C011971,남아티셔츠,C011960,3,유아동의류 > 남아의류 > 남아티셔츠
롯데ON,C011972,남아파티복,C011960,3,유아동의류 > 남아의류 > 남아파티복
롯데ON,C011973,남아한복,C011960,3,유아동의류 > 남아의류 > 남아한복
롯데ON,C011975,수영복/용품,C011953,2,유아동의류 > 수영복/용품
롯데ON,C011974,남아수영복,C011975,3,유아동의류 > 수영복/용품 > 남아수영복
롯데ON,C011976,여아수영복,C011975,3,유아동의류 > 수영복/용품 > 여아수영복
롯데ON,C011977,유아동수경/수모/귀마개,C011975,3,유아동의류 > 수영복/용품 > 유아동수경/수모/귀마개
롯데ON,C011978,유아동수영가방/비치백,C011975,3,유아동의류 > 수영복/용품 > 유아동수영가방/비치백
롯데ON,C011980,신생아의류,C011953,2,유아동의류 > 신생아의류
롯데ON,C011979,레그/스패츠,C011980,3,유아동의류 > 신생아의류 > 레그/스패츠
롯데ON,C011981,바디슈트/우주복,C011980,3,유아동의류 > 신생아의류 > 바디슈트/우주복
롯데ON,C011982,배냇저고리,C011980,3,유아동의류 > 신생아의류 > 배냇저고리
롯데ON,C011983,신생아모자/보넷,C011980,3,유아동의류 > 신생아의류 > 신생아모자/보넷
롯데ON,C011984,신생아의류세트,C011980,3,유아동의류 > 신생아의류 > 신생아의류세트
롯데ON,C011986,여아속옷/잠옷,C011953,2,유아동의류 > 여아속옷/잠옷
롯데ON,C011985,내의/실내복,C011986,3,유아동의류 > 여아속옷/잠옷 > 내의/실내복
롯데ON,C011987,속옷,C011986,3,유아동의류 > 여아속옷/잠옷 > 속옷
롯데ON,C011988,수면조끼,C011986,3,유아동의류 > 여아속옷/잠옷 > 수면조끼
롯데ON,C011989,잠옷,C011986,3,유아동의류 > 여아속옷/잠옷 > 잠옷
롯데ON,C011991,여아의류,C011953,2,유아동의류 > 여아의류
롯데ON,C011990,여아가디건,C011991,3,유아동의류 > 여아의류 > 여아가디건
롯데ON,C011992,여아니트/스웨터,C011991,3,유아동의류 > 여아의류 > 여아니트/스웨터
롯데ON,C011993,여아드레스,C011991,3,유아동의류 > 여아의류 > 여아드레스
롯데ON,C011994,여아레깅스,C011991,3,유아동의류 > 여아의류 > 여아레깅스
롯데ON,C011995,여아맨투맨티,C011991,3,유아동의류 > 여아의류 > 여아맨투맨티
롯데ON,C011996,여아바지,C011991,3,유아동의류 > 여아의류 > 여아바지
롯데ON,C011997,여아블라우스,C011991,3,유아동의류 > 여아의류 > 여아블라우스
롯데ON,C011998,여아상하복,C011991,3,유아동의류 > 여아의류 > 여아상하복
롯데ON,C011999,여아스커트,C011991,3,유아동의류 > 여아의류 > 여아스커트
롯데ON,C012000,여아원피스,C011991,3,유아동의류 > 여아의류 > 여아원피스
롯데ON,C012001,여아자켓,C011991,3,유아동의류 > 여아의류 > 여아자켓
롯데ON,C012002,여아점퍼,C011991,3,유아동의류 > 여아의류 > 여아점퍼
롯데ON,C012003,여아정장,C011991,3,유아동의류 > 여아의류 > 여아정장
롯데ON,C012004,여아코트,C011991,3,유아동의류 > 여아의류 > 여아코트
롯데ON,C012005,여아트레이닝복,C011991,3,유아동의류 > 여아의류 > 여아트레이닝복
롯데ON,C012006,여아티셔츠,C011991,3,유아동의류 > 여아의류 > 여아티셔츠
롯데ON,C012007,여아파티복/드레스,C011991,3,유아동의류 > 여아의류 > 여아파티복/드레스
롯데ON,C012008,여아한복,C011991,3,유아동의류 > 여아의류 > 여아한복
롯데ON,C012010,유아동공용의류,C011953,2,유아동의류 > 유아동공용의류
롯데ON,C012009,유아동가디건,C012010,3,유아동의류 > 유아동공용의류 > 유아동가디건
롯데ON,C012011,유아동남방/셔츠,C012010,3,유아동의류 > 유아동공용의류 > 유아동남방/셔츠
롯데ON,C012012,유아동니트/스웨터,C012010,3,유아동의류 > 유아동공용의류 > 유아동니트/스웨터
롯데ON,C012013,유아동맨투맨티,C012010,3,유아동의류 > 유아동공용의류 > 유아동맨투맨티
롯데ON,C012014,유아동바지,C012010,3,유아동의류 > 유아동공용의류 > 유아동바지
롯데ON,C012015,유아동상하복세트,C012010,3,유아동의류 > 유아동공용의류 > 유아동상하복세트
롯데ON,C012016,유아동자켓,C012010,3,유아동의류 > 유아동공용의류 > 유아동자켓
롯데ON,C012017,유아동점퍼,C012010,3,유아동의류 > 유아동공용의류 > 유아동점퍼
롯데ON,C012018,유아동코트,C012010,3,유아동의류 > 유아동공용의류 > 유아동코트
롯데ON,C012019,유아동트레이닝복,C012010,3,유아동의류 > 유아동공용의류 > 유아동트레이닝복
롯데ON,C012020,유아동티셔츠,C012010,3,유아동의류 > 유아동공용의류 > 유아동티셔츠
롯데ON,C012023,자전거/스키/레저,ROOT,1,자전거/스키/레저
롯데ON,C012022,기타,C012023,2,자전거/스키/레저 > 기타
롯데ON,C012021,기타,C012022,3,자전거/스키/레저 > 기타 > 기타
롯데ON,C012025,기타레저용품,C012023,2,자전거/스키/레저 > 기타레저용품
롯데ON,C012024,기타용품,C012025,3,자전거/스키/레저 > 기타레저용품 > 기타용품
롯데ON,C012026,사격/사냥용품,C012025,3,자전거/스키/레저 > 기타레저용품 > 사격/사냥용품
롯데ON,C012027,승마용품,C012025,3,자전거/스키/레저 > 기타레저용품 > 승마용품
롯데ON,C012029,서바이벌게임,C012023,2,자전거/스키/레저 > 서바이벌게임
롯데ON,C012028,기타서바이벌용품,C012029,3,자전거/스키/레저 > 서바이벌게임 > 기타서바이벌용품
롯데ON,C012030,서바이벌건,C012029,3,자전거/스키/레저 > 서바이벌게임 > 서바이벌건
롯데ON,C012031,서바이벌의류/보호장비,C012029,3,자전거/스키/레저 > 서바이벌게임 > 서바이벌의류/보호장비
롯데ON,C012033,스케이트/킥보드,C012023,2,자전거/스키/레저 > 스케이트/킥보드
롯데ON,C012032,롱보드,C012033,3,자전거/스키/레저 > 스케이트/킥보드 > 롱보드
롯데ON,C012034,성인용보호/안전장비,C012033,3,자전거/스키/레저 > 스케이트/킥보드 > 성인용보호/안전장비
롯데ON,C012035,성인용스케이트보드,C012033,3,자전거/스키/레저 > 스케이트/킥보드 > 성인용스케이트보드
롯데ON,C012036,스케이트보드용품,C012033,3,자전거/스키/레저 > 스케이트/킥보드 > 스케이트보드용품
롯데ON,C012037,아동용보호/안전장비,C012033,3,자전거/스키/레저 > 스케이트/킥보드 > 아동용보호/안전장비
롯데ON,C012038,아동용스케이트보드,C012033,3,자전거/스키/레저 > 스케이트/킥보드 > 아동용스케이트보드
롯데ON,C012039,에스보드,C012033,3,자전거/스키/레저 > 스케이트/킥보드 > 에스보드
롯데ON,C012040,크루져보드,C012033,3,자전거/스키/레저 > 스케이트/킥보드 > 크루져보드
롯데ON,C012041,킥보드,C012033,3,자전거/스키/레저 > 스케이트/킥보드 > 킥보드
롯데ON,C012042,킥보드바퀴,C012033,3,자전거/스키/레저 > 스케이트/킥보드 > 킥보드바퀴
롯데ON,C012044,스케이팅/눈썰매,C012023,2,자전거/스키/레저 > 스케이팅/눈썰매
롯데ON,C012043,눈썰매,C012044,3,자전거/스키/레저 > 스케이팅/눈썰매 > 눈썰매
롯데ON,C012045,아이스/스피드스케이트,C012044,3,자전거/스키/레저 > 스케이팅/눈썰매 > 아이스/스피드스케이트
롯데ON,C012046,아이스하키용품,C012044,3,자전거/스키/레저 > 스케이팅/눈썰매 > 아이스하키용품
롯데ON,C012047,피겨스케이트용품,C012044,3,자전거/스키/레저 > 스케이팅/눈썰매 > 피겨스케이트용품
롯데ON,C012049,스키/보드용품,C012023,2,자전거/스키/레저 > 스키/보드용품
롯데ON,C012048,고글/케이스,C012049,3,자전거/스키/레저 > 스키/보드용품 > 고글/케이스
롯데ON,C012050,기타스키용품,C012049,3,자전거/스키/레저 > 스키/보드용품 > 기타스키용품
롯데ON,C012051,넥워머,C012049,3,자전거/스키/레저 > 스키/보드용품 > 넥워머
롯데ON,C012052,바라클라바,C012049,3,자전거/스키/레저 > 스키/보드용품 > 바라클라바
롯데ON,C012053,보드백,C012049,3,자전거/스키/레저 > 스키/보드용품 > 보드백
롯데ON,C012054,보드복상의,C012049,3,자전거/스키/레저 > 스키/보드용품 > 보드복상의
롯데ON,C012055,보드복세트,C012049,3,자전거/스키/레저 > 스키/보드용품 > 보드복세트
롯데ON,C012056,보드복하의,C012049,3,자전거/스키/레저 > 스키/보드용품 > 보드복하의
롯데ON,C012057,보호대,C012049,3,자전거/스키/레저 > 스키/보드용품 > 보호대
롯데ON,C012058,비니,C012049,3,자전거/스키/레저 > 스키/보드용품 > 비니
롯데ON,C012059,스키/보드양말,C012049,3,자전거/스키/레저 > 스키/보드용품 > 스키/보드양말
롯데ON,C012060,스키백,C012049,3,자전거/스키/레저 > 스키/보드용품 > 스키백
롯데ON,C012061,스키복상의,C012049,3,자전거/스키/레저 > 스키/보드용품 > 스키복상의
롯데ON,C012062,스키복세트,C012049,3,자전거/스키/레저 > 스키/보드용품 > 스키복세트
롯데ON,C012063,스키복하의,C012049,3,자전거/스키/레저 > 스키/보드용품 > 스키복하의
롯데ON,C012064,스티커/스톰패드,C012049,3,자전거/스키/레저 > 스키/보드용품 > 스티커/스톰패드
롯데ON,C012065,시즌권케이스,C012049,3,자전거/스키/레저 > 스키/보드용품 > 시즌권케이스
롯데ON,C012066,왁스/방수제,C012049,3,자전거/스키/레저 > 스키/보드용품 > 왁스/방수제
롯데ON,C012067,장갑,C012049,3,자전거/스키/레저 > 스키/보드용품 > 장갑
롯데ON,C012068,헬멧,C012049,3,자전거/스키/레저 > 스키/보드용품 > 헬멧
롯데ON,C012070,스키/보드장비,C012023,2,자전거/스키/레저 > 스키/보드장비
롯데ON,C012069,데크/바인딩세트,C012070,3,자전거/스키/레저 > 스키/보드장비 > 데크/바인딩세트
롯데ON,C012071,보드데크,C012070,3,자전거/스키/레저 > 스키/보드장비 > 보드데크
롯데ON,C012072,보드바인딩,C012070,3,자전거/스키/레저 > 스키/보드장비 > 보드바인딩
롯데ON,C012073,보드부츠,C012070,3,자전거/스키/레저 > 스키/보드장비 > 보드부츠
롯데ON,C012074,스키바인딩,C012070,3,자전거/스키/레저 > 스키/보드장비 > 스키바인딩
롯데ON,C012075,스키부츠,C012070,3,자전거/스키/레저 > 스키/보드장비 > 스키부츠
롯데ON,C012076,스키장비세트,C012070,3,자전거/스키/레저 > 스키/보드장비 > 스키장비세트
롯데ON,C012077,스키폴,C012070,3,자전거/스키/레저 > 스키/보드장비 > 스키폴
롯데ON,C012078,스키플레이트,C012070,3,자전거/스키/레저 > 스키/보드장비 > 스키플레이트
롯데ON,C012080,인라인/롤러스케이트,C012023,2,자전거/스키/레저 > 인라인/롤러스케이트
롯데ON,C012079,롤러스케이트,C012080,3,자전거/스키/레저 > 인라인/롤러스케이트 > 롤러스케이트
롯데ON,C012081,베어링,C012080,3,자전거/스키/레저 > 인라인/롤러스케이트 > 베어링
롯데ON,C012082,성인용,C012080,3,자전거/스키/레저 > 인라인/롤러스케이트 > 성인용
롯데ON,C012083,성인용보호장비,C012080,3,자전거/스키/레저 > 인라인/롤러스케이트 > 성인용보호장비
롯데ON,C012084,아동용,C012080,3,자전거/스키/레저 > 인라인/롤러스케이트 > 아동용
롯데ON,C012085,아동용보호장비,C012080,3,자전거/스키/레저 > 인라인/롤러스케이트 > 아동용보호장비
롯데ON,C012086,인라인가방,C012080,3,자전거/스키/레저 > 인라인/롤러스케이트 > 인라인가방
롯데ON,C012087,인라인바퀴,C012080,3,자전거/스키/레저 > 인라인/롤러스케이트 > 인라인바퀴
롯데ON,C012088,인라인정비공구,C012080,3,자전거/스키/레저 > 인라인/롤러스케이트 > 인라인정비공구
롯데ON,C012089,인라인프레임,C012080,3,자전거/스키/레저 > 인라인/롤러스케이트 > 인라인프레임
롯데ON,C012091,일반자전거,C012023,2,자전거/스키/레저 > 일반자전거
롯데ON,C012090,MTB자전거,C012091,3,자전거/스키/레저 > 일반자전거 > MTB자전거
롯데ON,C012092,로드자전거,C012091,3,자전거/스키/레저 > 일반자전거 > 로드자전거
롯데ON,C012093,미니벨로,C012091,3,자전거/스키/레저 > 일반자전거 > 미니벨로
롯데ON,C012094,아동자전거,C012091,3,자전거/스키/레저 > 일반자전거 > 아동자전거
롯데ON,C012095,일반자전거,C012091,3,자전거/스키/레저 > 일반자전거 > 일반자전거
롯데ON,C012096,클래식자전거,C012091,3,자전거/스키/레저 > 일반자전거 > 클래식자전거
롯데ON,C012097,픽시자전거,C012091,3,자전거/스키/레저 > 일반자전거 > 픽시자전거
롯데ON,C012098,하이브리드자전거,C012091,3,자전거/스키/레저 > 일반자전거 > 하이브리드자전거
롯데ON,C012100,자전거거치대/트레일러,C012023,2,자전거/스키/레저 > 자전거거치대/트레일러
롯데ON,C012099,받침대,C012100,3,자전거/스키/레저 > 자전거거치대/트레일러 > 받침대
롯데ON,C012101,자전거보관용거치대,C012100,3,자전거/스키/레저 > 자전거거치대/트레일러 > 자전거보관용거치대
롯데ON,C012102,자전거캐리어,C012100,3,자전거/스키/레저 > 자전거거치대/트레일러 > 자전거캐리어
롯데ON,C012103,자전거트레일러,C012100,3,자전거/스키/레저 > 자전거거치대/트레일러 > 자전거트레일러
롯데ON,C012104,킥스탠드,C012100,3,자전거/스키/레저 > 자전거거치대/트레일러 > 킥스탠드
롯데ON,C012105,트레이너,C012100,3,자전거/스키/레저 > 자전거거치대/트레일러 > 트레이너
롯데ON,C012107,자전거부품,C012023,2,자전거/스키/레저 > 자전거부품
롯데ON,C012106,자전거변속기,C012107,3,자전거/스키/레저 > 자전거부품 > 자전거변속기
롯데ON,C012108,자전거안장,C012107,3,자전거/스키/레저 > 자전거부품 > 자전거안장
롯데ON,C012109,자전거타이어,C012107,3,자전거/스키/레저 > 자전거부품 > 자전거타이어
롯데ON,C012110,자전거튜브,C012107,3,자전거/스키/레저 > 자전거부품 > 자전거튜브
롯데ON,C012111,자전거페달,C012107,3,자전거/스키/레저 > 자전거부품 > 자전거페달
롯데ON,C012112,자전거핸들,C012107,3,자전거/스키/레저 > 자전거부품 > 자전거핸들
롯데ON,C012113,포크,C012107,3,자전거/스키/레저 > 자전거부품 > 포크
롯데ON,C012114,프레임,C012107,3,자전거/스키/레저 > 자전거부품 > 프레임
롯데ON,C012116,자전거액세서리,C012023,2,자전거/스키/레저 > 자전거액세서리
롯데ON,C012115,라이트,C012116,3,자전거/스키/레저 > 자전거액세서리 > 라이트
롯데ON,C012117,보호장비,C012116,3,자전거/스키/레저 > 자전거액세서리 > 보호장비
롯데ON,C012118,신발부속품,C012116,3,자전거/스키/레저 > 자전거액세서리 > 신발부속품
롯데ON,C012119,자전거GPS,C012116,3,자전거/스키/레저 > 자전거액세서리 > 자전거GPS
롯데ON,C012120,자전거가방,C012116,3,자전거/스키/레저 > 자전거액세서리 > 자전거가방
롯데ON,C012121,자전거로프,C012116,3,자전거/스키/레저 > 자전거액세서리 > 자전거로프
롯데ON,C012122,자전거물통,C012116,3,자전거/스키/레저 > 자전거액세서리 > 자전거물통
롯데ON,C012123,자전거바구니,C012116,3,자전거/스키/레저 > 자전거액세서리 > 자전거바구니
롯데ON,C012124,자전거반사경,C012116,3,자전거/스키/레저 > 자전거액세서리 > 자전거반사경
롯데ON,C012125,자전거벨,C012116,3,자전거/스키/레저 > 자전거액세서리 > 자전거벨
롯데ON,C012126,자전거속도계,C012116,3,자전거/스키/레저 > 자전거액세서리 > 자전거속도계
롯데ON,C012127,자전거슈커버,C012116,3,자전거/스키/레저 > 자전거액세서리 > 자전거슈커버
롯데ON,C012128,자전거스마트폰거치대,C012116,3,자전거/스키/레저 > 자전거액세서리 > 자전거스마트폰거치대
롯데ON,C012129,자전거스티커,C012116,3,자전거/스키/레저 > 자전거액세서리 > 자전거스티커
롯데ON,C012130,자전거스피커,C012116,3,자전거/스키/레저 > 자전거액세서리 > 자전거스피커
롯데ON,C012131,자전거자물쇠,C012116,3,자전거/스키/레저 > 자전거액세서리 > 자전거자물쇠
롯데ON,C012132,자전거짐받이,C012116,3,자전거/스키/레저 > 자전거액세서리 > 자전거짐받이
롯데ON,C012133,자전거커버,C012116,3,자전거/스키/레저 > 자전거액세서리 > 자전거커버
롯데ON,C012134,자전거케이지,C012116,3,자전거/스키/레저 > 자전거액세서리 > 자전거케이지
롯데ON,C012135,전조등,C012116,3,자전거/스키/레저 > 자전거액세서리 > 전조등
롯데ON,C012136,클릿,C012116,3,자전거/스키/레저 > 자전거액세서리 > 클릿
롯데ON,C012137,헬멧,C012116,3,자전거/스키/레저 > 자전거액세서리 > 헬멧
롯데ON,C012138,흙받이,C012116,3,자전거/스키/레저 > 자전거액세서리 > 흙받이
롯데ON,C012140,자전거의류/잡화,C012023,2,자전거/스키/레저 > 자전거의류/잡화
롯데ON,C012139,상의,C012140,3,자전거/스키/레저 > 자전거의류/잡화 > 상의
롯데ON,C012141,상하의세트,C012140,3,자전거/스키/레저 > 자전거의류/잡화 > 상하의세트
롯데ON,C012142,속바지,C012140,3,자전거/스키/레저 > 자전거의류/잡화 > 속바지
롯데ON,C012143,자전거신발,C012140,3,자전거/스키/레저 > 자전거의류/잡화 > 자전거신발
롯데ON,C012144,자전거장갑,C012140,3,자전거/스키/레저 > 자전거의류/잡화 > 자전거장갑
롯데ON,C012145,하의,C012140,3,자전거/스키/레저 > 자전거의류/잡화 > 하의
롯데ON,C012147,자전거정비용품,C012023,2,자전거/스키/레저 > 자전거정비용품
롯데ON,C012146,자전거공구,C012147,3,자전거/스키/레저 > 자전거정비용품 > 자전거공구
롯데ON,C012148,자전거세척제,C012147,3,자전거/스키/레저 > 자전거정비용품 > 자전거세척제
롯데ON,C012149,자전거오일/윤활유,C012147,3,자전거/스키/레저 > 자전거정비용품 > 자전거오일/윤활유
롯데ON,C012150,자전거펌프,C012147,3,자전거/스키/레저 > 자전거정비용품 > 자전거펌프
롯데ON,C012151,자전거펑크패치,C012147,3,자전거/스키/레저 > 자전거정비용품 > 자전거펑크패치
롯데ON,C012153,전기자전거/전동킥보드,C012023,2,자전거/스키/레저 > 전기자전거/전동킥보드
롯데ON,C012152,액세서리,C012153,3,자전거/스키/레저 > 전기자전거/전동킥보드 > 액세서리
롯데ON,C012154,전기자전거,C012153,3,자전거/스키/레저 > 전기자전거/전동킥보드 > 전기자전거
롯데ON,C012155,전동/전기보드,C012153,3,자전거/스키/레저 > 전기자전거/전동킥보드 > 전동/전기보드
롯데ON,C012156,전동킥보드,C012153,3,자전거/스키/레저 > 전기자전거/전동킥보드 > 전동킥보드
롯데ON,C012157,전동휠,C012153,3,자전거/스키/레저 > 전기자전거/전동킥보드 > 전동휠
롯데ON,C012158,전용배터리,C012153,3,자전거/스키/레저 > 전기자전거/전동킥보드 > 전용배터리
롯데ON,C012160,특수기능성자전거,C012023,2,자전거/스키/레저 > 특수기능성자전거
롯데ON,C012159,BMX자전거,C012160,3,자전거/스키/레저 > 특수기능성자전거 > BMX자전거
롯데ON,C012161,보조바퀴자전거,C012160,3,자전거/스키/레저 > 특수기능성자전거 > 보조바퀴자전거
롯데ON,C012162,사이클로크로스자전거,C012160,3,자전거/스키/레저 > 특수기능성자전거 > 사이클로크로스자전거
롯데ON,C012163,외발자전거,C012160,3,자전거/스키/레저 > 특수기능성자전거 > 외발자전거
롯데ON,C012164,탠덤자전거,C012160,3,자전거/스키/레저 > 특수기능성자전거 > 탠덤자전거
롯데ON,C012165,펫바이크,C012160,3,자전거/스키/레저 > 특수기능성자전거 > 펫바이크
롯데ON,C012168,잡화,ROOT,1,잡화
롯데ON,C012167,기타패션소품,C012168,2,잡화 > 기타패션소품
롯데ON,C012166,기타패션소품,C012167,3,잡화 > 기타패션소품 > 기타패션소품
롯데ON,C012169,브로치/배지,C012167,3,잡화 > 기타패션소품 > 브로치/배지
롯데ON,C012170,와펜,C012167,3,잡화 > 기타패션소품 > 와펜
롯데ON,C012171,페이크셔츠,C012167,3,잡화 > 기타패션소품 > 페이크셔츠
롯데ON,C012172,펜던트/부토니에,C012167,3,잡화 > 기타패션소품 > 펜던트/부토니에
롯데ON,C012173,한복액세서리,C012167,3,잡화 > 기타패션소품 > 한복액세서리
롯데ON,C012175,남성양말,C012168,2,잡화 > 남성양말
롯데ON,C012174,니삭스/발가락양말/수면양말,C012175,3,잡화 > 남성양말 > 니삭스/발가락양말/수면양말
롯데ON,C012176,덧신,C012175,3,잡화 > 남성양말 > 덧신
롯데ON,C012177,발목양말,C012175,3,잡화 > 남성양말 > 발목양말
롯데ON,C012178,양말세트,C012175,3,잡화 > 남성양말 > 양말세트
롯데ON,C012180,넥타이,C012168,2,잡화 > 넥타이
롯데ON,C012179,기본넥타이,C012180,3,잡화 > 넥타이 > 기본넥타이
롯데ON,C012181,넥타이핀,C012180,3,잡화 > 넥타이 > 넥타이핀
롯데ON,C012182,보타이,C012180,3,잡화 > 넥타이 > 보타이
롯데ON,C012183,커프스링크,C012180,3,잡화 > 넥타이 > 커프스링크
롯데ON,C012184,행커치프,C012180,3,잡화 > 넥타이 > 행커치프
롯데ON,C012186,모자,C012168,2,잡화 > 모자
롯데ON,C012185,귀달이모자,C012186,3,잡화 > 모자 > 귀달이모자
롯데ON,C012187,귀마개,C012186,3,잡화 > 모자 > 귀마개
롯데ON,C012188,두건,C012186,3,잡화 > 모자 > 두건
롯데ON,C012189,벙거지/버킷햇,C012186,3,잡화 > 모자 > 벙거지/버킷햇
롯데ON,C012190,베레모,C012186,3,잡화 > 모자 > 베레모
롯데ON,C012191,비니,C012186,3,잡화 > 모자 > 비니
롯데ON,C012192,썬캡/썬바이저,C012186,3,잡화 > 모자 > 썬캡/썬바이저
롯데ON,C012193,야구모자,C012186,3,잡화 > 모자 > 야구모자
롯데ON,C012194,왕골/밀집모자,C012186,3,잡화 > 모자 > 왕골/밀집모자
롯데ON,C012195,털모자,C012186,3,잡화 > 모자 > 털모자
롯데ON,C012196,페도라/중절모,C012186,3,잡화 > 모자 > 페도라/중절모
롯데ON,C012197,헌팅캡,C012186,3,잡화 > 모자 > 헌팅캡
롯데ON,C012199,스카프/손수건,C012168,2,잡화 > 스카프/손수건
롯데ON,C012198,남성손수건,C012199,3,잡화 > 스카프/손수건 > 남성손수건
롯데ON,C012200,롱스카프,C012199,3,잡화 > 스카프/손수건 > 롱스카프
롯데ON,C012201,쁘띠/미니스카프,C012199,3,잡화 > 스카프/손수건 > 쁘띠/미니스카프
롯데ON,C012202,여성손수건,C012199,3,잡화 > 스카프/손수건 > 여성손수건
롯데ON,C012204,스타킹,C012168,2,잡화 > 스타킹
롯데ON,C012203,발목스타킹,C012204,3,잡화 > 스타킹 > 발목스타킹
롯데ON,C012205,밴드스타킹,C012204,3,잡화 > 스타킹 > 밴드스타킹
롯데ON,C012206,스프레이스타킹,C012204,3,잡화 > 스타킹 > 스프레이스타킹
롯데ON,C012207,압박보정스타킹,C012204,3,잡화 > 스타킹 > 압박보정스타킹
롯데ON,C012208,판타롱스타킹,C012204,3,잡화 > 스타킹 > 판타롱스타킹
롯데ON,C012209,팬티스타킹,C012204,3,잡화 > 스타킹 > 팬티스타킹
롯데ON,C012211,아이웨어,C012168,2,잡화 > 아이웨어
롯데ON,C012210,스포츠선글라스,C012211,3,잡화 > 아이웨어 > 스포츠선글라스
롯데ON,C012212,아이웨어소품,C012211,3,잡화 > 아이웨어 > 아이웨어소품
롯데ON,C012213,안경테,C012211,3,잡화 > 아이웨어 > 안경테
롯데ON,C012214,패션선글라스,C012211,3,잡화 > 아이웨어 > 패션선글라스
롯데ON,C012216,여성양말,C012168,2,잡화 > 여성양말
롯데ON,C012215,니삭스/발가락양말/수면양말,C012216,3,잡화 > 여성양말 > 니삭스/발가락양말/수면양말
롯데ON,C012217,덧신,C012216,3,잡화 > 여성양말 > 덧신
롯데ON,C012218,발목양말,C012216,3,잡화 > 여성양말 > 발목양말
롯데ON,C012219,양말세트,C012216,3,잡화 > 여성양말 > 양말세트
롯데ON,C012221,우산/양산,C012168,2,잡화 > 우산/양산
롯데ON,C012220,2단/3단우산,C012221,3,잡화 > 우산/양산 > 2단/3단우산
롯데ON,C012222,양산,C012221,3,잡화 > 우산/양산 > 양산
롯데ON,C012223,우양산,C012221,3,잡화 > 우산/양산 > 우양산
롯데ON,C012224,장우산,C012221,3,잡화 > 우산/양산 > 장우산
롯데ON,C012226,워머/머플러,C012168,2,잡화 > 워머/머플러
롯데ON,C012225,넥워머,C012226,3,잡화 > 워머/머플러 > 넥워머
롯데ON,C012227,니트머플러,C012226,3,잡화 > 워머/머플러 > 니트머플러
롯데ON,C012228,퍼머플러,C012226,3,잡화 > 워머/머플러 > 퍼머플러
롯데ON,C012230,패션장갑,C012168,2,잡화 > 패션장갑
롯데ON,C012229,남성장갑,C012230,3,잡화 > 패션장갑 > 남성장갑
롯데ON,C012231,아동장갑,C012230,3,잡화 > 패션장갑 > 아동장갑
롯데ON,C012232,여성장갑,C012230,3,잡화 > 패션장갑 > 여성장갑
롯데ON,C012235,저장장치/부품/주변기기,ROOT,1,저장장치/부품/주변기기
롯데ON,C012234,CPU,C012235,2,저장장치/부품/주변기기 > CPU
롯데ON,C012233,CPU,C012234,3,저장장치/부품/주변기기 > CPU > CPU
롯데ON,C012237,PC관리,C012235,2,저장장치/부품/주변기기 > PC관리
롯데ON,C012236,배선정리,C012237,3,저장장치/부품/주변기기 > PC관리 > 배선정리
롯데ON,C012238,청소용품,C012237,3,저장장치/부품/주변기기 > PC관리 > 청소용품
롯데ON,C012239,클리너,C012237,3,저장장치/부품/주변기기 > PC관리 > 클리너
롯데ON,C012241,USB/케이블,C012235,2,저장장치/부품/주변기기 > USB/케이블
롯데ON,C012240,USB액세서리,C012241,3,저장장치/부품/주변기기 > USB/케이블 > USB액세서리
롯데ON,C012242,USB허브,C012241,3,저장장치/부품/주변기기 > USB/케이블 > USB허브
롯데ON,C012243,변환젠더,C012241,3,저장장치/부품/주변기기 > USB/케이블 > 변환젠더
롯데ON,C012244,케이블,C012241,3,저장장치/부품/주변기기 > USB/케이블 > 케이블
롯데ON,C012246,공유기/네트워크장비,C012235,2,저장장치/부품/주변기기 > 공유기/네트워크장비
롯데ON,C012245,CCTV,C012246,3,저장장치/부품/주변기기 > 공유기/네트워크장비 > CCTV
롯데ON,C012247,IP카메라,C012246,3,저장장치/부품/주변기기 > 공유기/네트워크장비 > IP카메라
롯데ON,C012248,랜/광통신장비,C012246,3,저장장치/부품/주변기기 > 공유기/네트워크장비 > 랜/광통신장비
롯데ON,C012249,랜카드,C012246,3,저장장치/부품/주변기기 > 공유기/네트워크장비 > 랜카드
롯데ON,C012250,무선랜증폭기,C012246,3,저장장치/부품/주변기기 > 공유기/네트워크장비 > 무선랜증폭기
롯데ON,C012251,스위칭허브,C012246,3,저장장치/부품/주변기기 > 공유기/네트워크장비 > 스위칭허브
롯데ON,C012252,액세서리,C012246,3,저장장치/부품/주변기기 > 공유기/네트워크장비 > 액세서리
롯데ON,C012253,유무선공유기,C012246,3,저장장치/부품/주변기기 > 공유기/네트워크장비 > 유무선공유기
롯데ON,C012255,그래픽카드,C012235,2,저장장치/부품/주변기기 > 그래픽카드
롯데ON,C012254,그래픽카드,C012255,3,저장장치/부품/주변기기 > 그래픽카드 > 그래픽카드
롯데ON,C012256,사운드카드,C012255,3,저장장치/부품/주변기기 > 그래픽카드 > 사운드카드
롯데ON,C012258,램(RAM),C012235,2,저장장치/부품/주변기기 > 램(RAM)
롯데ON,C012257,노트북용,C012258,3,저장장치/부품/주변기기 > 램(RAM) > 노트북용
롯데ON,C012259,데스크탑용,C012258,3,저장장치/부품/주변기기 > 램(RAM) > 데스크탑용
롯데ON,C012262,마우스/키보드,C012235,2,저장장치/부품/주변기기 > 마우스/키보드
롯데ON,C012261,게이밍마우스,C012262,3,저장장치/부품/주변기기 > 마우스/키보드 > 게이밍마우스
롯데ON,C012260,무선마우스,C012261,4,저장장치/부품/주변기기 > 마우스/키보드 > 게이밍마우스 > 무선마우스
롯데ON,C012263,유선마우스,C012261,4,저장장치/부품/주변기기 > 마우스/키보드 > 게이밍마우스 > 유선마우스
롯데ON,C012265,게이밍키보드,C012262,3,저장장치/부품/주변기기 > 마우스/키보드 > 게이밍키보드
롯데ON,C012264,무선키보드,C012265,4,저장장치/부품/주변기기 > 마우스/키보드 > 게이밍키보드 > 무선키보드
롯데ON,C012266,유선키보드,C012265,4,저장장치/부품/주변기기 > 마우스/키보드 > 게이밍키보드 > 유선키보드
롯데ON,C012267,마우스/키보드세트,C012262,3,저장장치/부품/주변기기 > 마우스/키보드 > 마우스/키보드세트
롯데ON,C012268,무선마우스,C012262,3,저장장치/부품/주변기기 > 마우스/키보드 > 무선마우스
롯데ON,C012269,무선키보드,C012262,3,저장장치/부품/주변기기 > 마우스/키보드 > 무선키보드
롯데ON,C012270,유선마우스,C012262,3,저장장치/부품/주변기기 > 마우스/키보드 > 유선마우스
롯데ON,C012271,유선키보드,C012262,3,저장장치/부품/주변기기 > 마우스/키보드 > 유선키보드
롯데ON,C012272,타블렛(디지타이저),C012262,3,저장장치/부품/주변기기 > 마우스/키보드 > 타블렛(디지타이저)
롯데ON,C012273,터치패드,C012262,3,저장장치/부품/주변기기 > 마우스/키보드 > 터치패드
롯데ON,C012274,프리젠터,C012262,3,저장장치/부품/주변기기 > 마우스/키보드 > 프리젠터
롯데ON,C012276,메인보드,C012235,2,저장장치/부품/주변기기 > 메인보드
롯데ON,C012275,AMDCPU용,C012276,3,저장장치/부품/주변기기 > 메인보드 > AMDCPU용
롯데ON,C012277,인텔CPU용,C012276,3,저장장치/부품/주변기기 > 메인보드 > 인텔CPU용
롯데ON,C012279,소프트웨어,C012235,2,저장장치/부품/주변기기 > 소프트웨어
롯데ON,C012278,MAC용,C012279,3,저장장치/부품/주변기기 > 소프트웨어 > MAC용
롯데ON,C012280,그래픽/멀티미디어,C012279,3,저장장치/부품/주변기기 > 소프트웨어 > 그래픽/멀티미디어
롯데ON,C012281,기타소프트웨어,C012279,3,저장장치/부품/주변기기 > 소프트웨어 > 기타소프트웨어
롯데ON,C012282,보안/백신,C012279,3,저장장치/부품/주변기기 > 소프트웨어 > 보안/백신
롯데ON,C012283,사무/회계,C012279,3,저장장치/부품/주변기기 > 소프트웨어 > 사무/회계
롯데ON,C012284,운영체제,C012279,3,저장장치/부품/주변기기 > 소프트웨어 > 운영체제
롯데ON,C012286,스피커/헤드셋/웹캠,C012235,2,저장장치/부품/주변기기 > 스피커/헤드셋/웹캠
롯데ON,C012285,PC스피커,C012286,3,저장장치/부품/주변기기 > 스피커/헤드셋/웹캠 > PC스피커
롯데ON,C012287,PC헤드셋,C012286,3,저장장치/부품/주변기기 > 스피커/헤드셋/웹캠 > PC헤드셋
롯데ON,C012288,웹캠,C012286,3,저장장치/부품/주변기기 > 스피커/헤드셋/웹캠 > 웹캠
롯데ON,C012290,저장장치,C012235,2,저장장치/부품/주변기기 > 저장장치
롯데ON,C012289,CD액세서리,C012290,3,저장장치/부품/주변기기 > 저장장치 > CD액세서리
롯데ON,C012291,HDD,C012290,3,저장장치/부품/주변기기 > 저장장치 > HDD
롯데ON,C012292,NAS,C012290,3,저장장치/부품/주변기기 > 저장장치 > NAS
롯데ON,C012293,ODD,C012290,3,저장장치/부품/주변기기 > 저장장치 > ODD
롯데ON,C012294,SSD,C012290,3,저장장치/부품/주변기기 > 저장장치 > SSD
롯데ON,C012295,USB메모리,C012290,3,저장장치/부품/주변기기 > 저장장치 > USB메모리
롯데ON,C012296,공디스크,C012290,3,저장장치/부품/주변기기 > 저장장치 > 공디스크
롯데ON,C012297,디스크복사기,C012290,3,저장장치/부품/주변기기 > 저장장치 > 디스크복사기
롯데ON,C012298,리더기,C012290,3,저장장치/부품/주변기기 > 저장장치 > 리더기
롯데ON,C012299,메모리카드,C012290,3,저장장치/부품/주변기기 > 저장장치 > 메모리카드
롯데ON,C012300,외장HDD,C012290,3,저장장치/부품/주변기기 > 저장장치 > 외장HDD
롯데ON,C012301,외장SSD,C012290,3,저장장치/부품/주변기기 > 저장장치 > 외장SSD
롯데ON,C012302,외장케이스,C012290,3,저장장치/부품/주변기기 > 저장장치 > 외장케이스
롯데ON,C012304,케이스/파워,C012235,2,저장장치/부품/주변기기 > 케이스/파워
롯데ON,C012303,케이스,C012304,3,저장장치/부품/주변기기 > 케이스/파워 > 케이스
롯데ON,C012305,파워,C012304,3,저장장치/부품/주변기기 > 케이스/파워 > 파워
롯데ON,C012307,쿨러,C012235,2,저장장치/부품/주변기기 > 쿨러
롯데ON,C012306,CPU쿨러,C012307,3,저장장치/부품/주변기기 > 쿨러 > CPU쿨러
롯데ON,C012308,케이스쿨러,C012307,3,저장장치/부품/주변기기 > 쿨러 > 케이스쿨러
롯데ON,C012311,주방가전,ROOT,1,주방가전
롯데ON,C012310,가스레인지,C012311,2,주방가전 > 가스레인지
롯데ON,C012309,가스레인지,C012310,3,주방가전 > 가스레인지 > 가스레인지
롯데ON,C012312,가스레인지후드,C012310,3,주방가전 > 가스레인지 > 가스레인지후드
롯데ON,C012313,가스오븐레인지,C012310,3,주방가전 > 가스레인지 > 가스오븐레인지
롯데ON,C012315,기타주방가전,C012311,2,주방가전 > 기타주방가전
롯데ON,C012314,기타주방가전,C012315,3,주방가전 > 기타주방가전 > 기타주방가전
롯데ON,C012316,액세서리/소모품,C012315,3,주방가전 > 기타주방가전 > 액세서리/소모품
롯데ON,C012317,온장고,C012315,3,주방가전 > 기타주방가전 > 온장고
롯데ON,C012318,음식물처리기,C012315,3,주방가전 > 기타주방가전 > 음식물처리기
롯데ON,C012319,자판기,C012315,3,주방가전 > 기타주방가전 > 자판기
롯데ON,C012320,진공포장기,C012315,3,주방가전 > 기타주방가전 > 진공포장기
롯데ON,C012322,냉장고/냉동고,C012311,2,주방가전 > 냉장고/냉동고
롯데ON,C012321,김치냉장고,C012322,3,주방가전 > 냉장고/냉동고 > 김치냉장고
롯데ON,C012323,냉동고,C012322,3,주방가전 > 냉장고/냉동고 > 냉동고
롯데ON,C012324,미니냉장고,C012322,3,주방가전 > 냉장고/냉동고 > 미니냉장고
롯데ON,C012325,반찬냉장고,C012322,3,주방가전 > 냉장고/냉동고 > 반찬냉장고
롯데ON,C012326,쌀냉장고,C012322,3,주방가전 > 냉장고/냉동고 > 쌀냉장고
롯데ON,C012327,양문형냉장고,C012322,3,주방가전 > 냉장고/냉동고 > 양문형냉장고
롯데ON,C012328,업소용냉장고,C012322,3,주방가전 > 냉장고/냉동고 > 업소용냉장고
롯데ON,C012329,와인셀러,C012322,3,주방가전 > 냉장고/냉동고 > 와인셀러
롯데ON,C012330,육수냉장고,C012322,3,주방가전 > 냉장고/냉동고 > 육수냉장고
롯데ON,C012331,일반냉장고,C012322,3,주방가전 > 냉장고/냉동고 > 일반냉장고
롯데ON,C012332,화장품냉장고,C012322,3,주방가전 > 냉장고/냉동고 > 화장품냉장고
롯데ON,C012334,믹서/블렌더,C012311,2,주방가전 > 믹서/블렌더
롯데ON,C012333,믹서기,C012334,3,주방가전 > 믹서/블렌더 > 믹서기
롯데ON,C012335,분쇄기,C012334,3,주방가전 > 믹서/블렌더 > 분쇄기
롯데ON,C012336,핸드블렌더,C012334,3,주방가전 > 믹서/블렌더 > 핸드블렌더
롯데ON,C012338,세척/살균기,C012311,2,주방가전 > 세척/살균기
롯데ON,C012337,살균건조기,C012338,3,주방가전 > 세척/살균기 > 살균건조기
롯데ON,C012339,식기세척기,C012338,3,주방가전 > 세척/살균기 > 식기세척기
롯데ON,C012340,야채과일세척기,C012338,3,주방가전 > 세척/살균기 > 야채과일세척기
롯데ON,C012341,젖병소독기,C012338,3,주방가전 > 세척/살균기 > 젖병소독기
롯데ON,C012343,식품제조기,C012311,2,주방가전 > 식품제조기
롯데ON,C012342,거품기,C012343,3,주방가전 > 식품제조기 > 거품기
롯데ON,C012344,두부/두유제조기,C012343,3,주방가전 > 식품제조기 > 두부/두유제조기
롯데ON,C012345,반죽기,C012343,3,주방가전 > 식품제조기 > 반죽기
롯데ON,C012346,빙수기,C012343,3,주방가전 > 식품제조기 > 빙수기
롯데ON,C012347,샌드위치메이커,C012343,3,주방가전 > 식품제조기 > 샌드위치메이커
롯데ON,C012348,식품건조기,C012343,3,주방가전 > 식품제조기 > 식품건조기
롯데ON,C012349,아이스크림제조기,C012343,3,주방가전 > 식품제조기 > 아이스크림제조기
롯데ON,C012350,영양식/이유식제조기,C012343,3,주방가전 > 식품제조기 > 영양식/이유식제조기
롯데ON,C012351,와플메이커,C012343,3,주방가전 > 식품제조기 > 와플메이커
롯데ON,C012352,요구르트/청국장제조기,C012343,3,주방가전 > 식품제조기 > 요구르트/청국장제조기
롯데ON,C012353,제면기,C012343,3,주방가전 > 식품제조기 > 제면기
롯데ON,C012354,제빙기,C012343,3,주방가전 > 식품제조기 > 제빙기
롯데ON,C012355,제빵기,C012343,3,주방가전 > 식품제조기 > 제빵기
롯데ON,C012356,주서기,C012343,3,주방가전 > 식품제조기 > 주서기
롯데ON,C012357,탄산수제조기,C012343,3,주방가전 > 식품제조기 > 탄산수제조기
롯데ON,C012359,에어프라이어/튀김기,C012311,2,주방가전 > 에어프라이어/튀김기
롯데ON,C012358,에어프라이어,C012359,3,주방가전 > 에어프라이어/튀김기 > 에어프라이어
롯데ON,C012360,튀김기,C012359,3,주방가전 > 에어프라이어/튀김기 > 튀김기
롯데ON,C012362,오븐,C012311,2,주방가전 > 오븐
롯데ON,C012361,멀티오븐,C012362,3,주방가전 > 오븐 > 멀티오븐
롯데ON,C012363,일반오븐,C012362,3,주방가전 > 오븐 > 일반오븐
롯데ON,C012365,전기그릴/팬,C012311,2,주방가전 > 전기그릴/팬
롯데ON,C012364,생선구이기,C012365,3,주방가전 > 전기그릴/팬 > 생선구이기
롯데ON,C012366,전기그릴/팬,C012365,3,주방가전 > 전기그릴/팬 > 전기그릴/팬
롯데ON,C012368,전기레인지,C012311,2,주방가전 > 전기레인지
롯데ON,C012367,인덕션,C012368,3,주방가전 > 전기레인지 > 인덕션
롯데ON,C012369,하이라이트,C012368,3,주방가전 > 전기레인지 > 하이라이트
롯데ON,C012370,하이브리드,C012368,3,주방가전 > 전기레인지 > 하이브리드
롯데ON,C012372,전기밥솥,C012311,2,주방가전 > 전기밥솥
롯데ON,C012371,압력밥솥,C012372,3,주방가전 > 전기밥솥 > 압력밥솥
롯데ON,C012373,업소용밥솥,C012372,3,주방가전 > 전기밥솥 > 업소용밥솥
롯데ON,C012374,일반밥솥,C012372,3,주방가전 > 전기밥솥 > 일반밥솥
롯데ON,C012375,전기밥솥용품,C012372,3,주방가전 > 전기밥솥 > 전기밥솥용품
롯데ON,C012377,전기주전자/포트,C012311,2,주방가전 > 전기주전자/포트
롯데ON,C012376,멀티/라면포트,C012377,3,주방가전 > 전기주전자/포트 > 멀티/라면포트
롯데ON,C012378,무선포트,C012377,3,주방가전 > 전기주전자/포트 > 무선포트
롯데ON,C012379,보온포트,C012377,3,주방가전 > 전기주전자/포트 > 보온포트
롯데ON,C012380,티메이커,C012377,3,주방가전 > 전기주전자/포트 > 티메이커
롯데ON,C012382,전기쿠커,C012311,2,주방가전 > 전기쿠커
롯데ON,C012381,멀티쿠커,C012382,3,주방가전 > 전기쿠커 > 멀티쿠커
롯데ON,C012383,전기냄비,C012382,3,주방가전 > 전기쿠커 > 전기냄비
롯데ON,C012384,찜기/에그쿠커,C012382,3,주방가전 > 전기쿠커 > 찜기/에그쿠커
롯데ON,C012386,전자레인지,C012311,2,주방가전 > 전자레인지
롯데ON,C012385,전자레인지,C012386,3,주방가전 > 전자레인지 > 전자레인지
롯데ON,C012388,정수기,C012311,2,주방가전 > 정수기
롯데ON,C012387,냉온수기,C012388,3,주방가전 > 정수기 > 냉온수기
롯데ON,C012389,냉온정수기,C012388,3,주방가전 > 정수기 > 냉온정수기
롯데ON,C012390,냉정수기,C012388,3,주방가전 > 정수기 > 냉정수기
롯데ON,C012391,미니정수기,C012388,3,주방가전 > 정수기 > 미니정수기
롯데ON,C012392,얼음정수기,C012388,3,주방가전 > 정수기 > 얼음정수기
롯데ON,C012393,이온수기,C012388,3,주방가전 > 정수기 > 이온수기
롯데ON,C012395,주서/녹즙기,C012311,2,주방가전 > 주서/녹즙기
롯데ON,C012394,녹즙기,C012395,3,주방가전 > 주서/녹즙기 > 녹즙기
롯데ON,C012396,원액/착즙기,C012395,3,주방가전 > 주서/녹즙기 > 원액/착즙기
롯데ON,C012397,쥬스냉각기,C012395,3,주방가전 > 주서/녹즙기 > 쥬스냉각기
롯데ON,C012399,중탕/약탕기,C012311,2,주방가전 > 중탕/약탕기
롯데ON,C012398,약탕기,C012399,3,주방가전 > 중탕/약탕기 > 약탕기
롯데ON,C012400,중탕기,C012399,3,주방가전 > 중탕/약탕기 > 중탕기
롯데ON,C012401,홍삼제조기,C012399,3,주방가전 > 중탕/약탕기 > 홍삼제조기
롯데ON,C012403,커피머신,C012311,2,주방가전 > 커피머신
롯데ON,C012402,업소용에스프레소머신,C012403,3,주방가전 > 커피머신 > 업소용에스프레소머신
롯데ON,C012404,에스프레소머신,C012403,3,주방가전 > 커피머신 > 에스프레소머신
롯데ON,C012405,원두분쇄기,C012403,3,주방가전 > 커피머신 > 원두분쇄기
롯데ON,C012406,캡슐커피머신,C012403,3,주방가전 > 커피머신 > 캡슐커피머신
롯데ON,C012407,커피로스터,C012403,3,주방가전 > 커피머신 > 커피로스터
롯데ON,C012408,커피메이커,C012403,3,주방가전 > 커피머신 > 커피메이커
롯데ON,C012410,토스터기,C012311,2,주방가전 > 토스터기
롯데ON,C012409,오븐토스터기,C012410,3,주방가전 > 토스터기 > 오븐토스터기
롯데ON,C012411,팝업토스터기,C012410,3,주방가전 > 토스터기 > 팝업토스터기
롯데ON,C012414,주방용품,ROOT,1,주방용품
롯데ON,C012413,교자상/다용도상,C012414,2,주방용품 > 교자상/다용도상
롯데ON,C012412,교자상/밥상,C012413,3,주방용품 > 교자상/다용도상 > 교자상/밥상
롯데ON,C012415,다용도상,C012413,3,주방용품 > 교자상/다용도상 > 다용도상
롯데ON,C012416,상커버,C012413,3,주방용품 > 교자상/다용도상 > 상커버
롯데ON,C012417,찻상/다과상,C012413,3,주방용품 > 교자상/다용도상 > 찻상/다과상
롯데ON,C012419,그릇/식기,C012414,2,주방용품 > 그릇/식기
롯데ON,C012418,공기,C012419,3,주방용품 > 그릇/식기 > 공기
롯데ON,C012420,공기대접세트,C012419,3,주방용품 > 그릇/식기 > 공기대접세트
롯데ON,C012421,기타식기,C012419,3,주방용품 > 그릇/식기 > 기타식기
롯데ON,C012422,대접,C012419,3,주방용품 > 그릇/식기 > 대접
롯데ON,C012423,면기,C012419,3,주방용품 > 그릇/식기 > 면기
롯데ON,C012424,반상기/단반상기,C012419,3,주방용품 > 그릇/식기 > 반상기/단반상기
롯데ON,C012425,볼,C012419,3,주방용품 > 그릇/식기 > 볼
롯데ON,C012426,식기홈세트,C012419,3,주방용품 > 그릇/식기 > 식기홈세트
롯데ON,C012427,식판,C012419,3,주방용품 > 그릇/식기 > 식판
롯데ON,C012428,접시/플레이트,C012419,3,주방용품 > 그릇/식기 > 접시/플레이트
롯데ON,C012429,종지/소스볼,C012419,3,주방용품 > 그릇/식기 > 종지/소스볼
롯데ON,C012430,찬기,C012419,3,주방용품 > 그릇/식기 > 찬기
롯데ON,C012432,냄비/솥/프라이팬,C012414,2,주방용품 > 냄비/솥/프라이팬
롯데ON,C012431,곰솥/다용도솥,C012432,3,주방용품 > 냄비/솥/프라이팬 > 곰솥/다용도솥
롯데ON,C012433,구이팬/그릴팬,C012432,3,주방용품 > 냄비/솥/프라이팬 > 구이팬/그릴팬
롯데ON,C012434,궁중팬/웍,C012432,3,주방용품 > 냄비/솥/프라이팬 > 궁중팬/웍
롯데ON,C012435,냄비/솥부자재,C012432,3,주방용품 > 냄비/솥/프라이팬 > 냄비/솥부자재
롯데ON,C012436,냄비세트,C012432,3,주방용품 > 냄비/솥/프라이팬 > 냄비세트
롯데ON,C012437,냄비프라이팬세트,C012432,3,주방용품 > 냄비/솥/프라이팬 > 냄비프라이팬세트
롯데ON,C012438,돌솥/가마솥,C012432,3,주방용품 > 냄비/솥/프라이팬 > 돌솥/가마솥
롯데ON,C012439,뚝배기/내열냄비,C012432,3,주방용품 > 냄비/솥/프라이팬 > 뚝배기/내열냄비
롯데ON,C012440,압력솥,C012432,3,주방용품 > 냄비/솥/프라이팬 > 압력솥
롯데ON,C012441,양면팬,C012432,3,주방용품 > 냄비/솥/프라이팬 > 양면팬
롯데ON,C012442,양수냄비,C012432,3,주방용품 > 냄비/솥/프라이팬 > 양수냄비
롯데ON,C012443,와플팬,C012432,3,주방용품 > 냄비/솥/프라이팬 > 와플팬
롯데ON,C012444,전골냄비,C012432,3,주방용품 > 냄비/솥/프라이팬 > 전골냄비
롯데ON,C012445,직화냄비,C012432,3,주방용품 > 냄비/솥/프라이팬 > 직화냄비
롯데ON,C012446,찜기/찜냄비,C012432,3,주방용품 > 냄비/솥/프라이팬 > 찜기/찜냄비
롯데ON,C012447,편수냄비,C012432,3,주방용품 > 냄비/솥/프라이팬 > 편수냄비
롯데ON,C012448,프라이팬,C012432,3,주방용품 > 냄비/솥/프라이팬 > 프라이팬
롯데ON,C012449,프라이팬세트,C012432,3,주방용품 > 냄비/솥/프라이팬 > 프라이팬세트
롯데ON,C012451,베이킹용품,C012414,2,주방용품 > 베이킹용품
롯데ON,C012450,기타베이킹용품,C012451,3,주방용품 > 베이킹용품 > 기타베이킹용품
롯데ON,C012452,밀대,C012451,3,주방용품 > 베이킹용품 > 밀대
롯데ON,C012453,베이킹시트/베이킹컵,C012451,3,주방용품 > 베이킹용품 > 베이킹시트/베이킹컵
롯데ON,C012454,베이킹포장/데코,C012451,3,주방용품 > 베이킹용품 > 베이킹포장/데코
롯데ON,C012455,빵칼,C012451,3,주방용품 > 베이킹용품 > 빵칼
롯데ON,C012456,빵틀/몰드,C012451,3,주방용품 > 베이킹용품 > 빵틀/몰드
롯데ON,C012457,스크래퍼,C012451,3,주방용품 > 베이킹용품 > 스크래퍼
롯데ON,C012458,스패츌러,C012451,3,주방용품 > 베이킹용품 > 스패츌러
롯데ON,C012459,짤주머니/깍지,C012451,3,주방용품 > 베이킹용품 > 짤주머니/깍지
롯데ON,C012460,쿠키커터,C012451,3,주방용품 > 베이킹용품 > 쿠키커터
롯데ON,C012461,쿠키팬,C012451,3,주방용품 > 베이킹용품 > 쿠키팬
롯데ON,C012462,쿨링랙/식힘망,C012451,3,주방용품 > 베이킹용품 > 쿨링랙/식힘망
롯데ON,C012464,보관/밀폐용기,C012414,2,주방용품 > 보관/밀폐용기
롯데ON,C012463,기타보관용기,C012464,3,주방용품 > 보관/밀폐용기 > 기타보관용기
롯데ON,C012465,김치통,C012464,3,주방용품 > 보관/밀폐용기 > 김치통
롯데ON,C012466,냉장고정리용기,C012464,3,주방용품 > 보관/밀폐용기 > 냉장고정리용기
롯데ON,C012467,도시락/찬합,C012464,3,주방용품 > 보관/밀폐용기 > 도시락/찬합
롯데ON,C012468,물병,C012464,3,주방용품 > 보관/밀폐용기 > 물병
롯데ON,C012469,물통,C012464,3,주방용품 > 보관/밀폐용기 > 물통
롯데ON,C012470,밧드,C012464,3,주방용품 > 보관/밀폐용기 > 밧드
롯데ON,C012471,보관용기,C012464,3,주방용품 > 보관/밀폐용기 > 보관용기
롯데ON,C012472,보온/보냉도시락,C012464,3,주방용품 > 보관/밀폐용기 > 보온/보냉도시락
롯데ON,C012473,보온/보냉병,C012464,3,주방용품 > 보관/밀폐용기 > 보온/보냉병
롯데ON,C012474,쌀통,C012464,3,주방용품 > 보관/밀폐용기 > 쌀통
롯데ON,C012475,아이스박스,C012464,3,주방용품 > 보관/밀폐용기 > 아이스박스
롯데ON,C012476,아이스트레이,C012464,3,주방용품 > 보관/밀폐용기 > 아이스트레이
롯데ON,C012477,양념통/소스병,C012464,3,주방용품 > 보관/밀폐용기 > 양념통/소스병
롯데ON,C012478,오븐트레이,C012464,3,주방용품 > 보관/밀폐용기 > 오븐트레이
롯데ON,C012479,전자레인지용기,C012464,3,주방용품 > 보관/밀폐용기 > 전자레인지용기
롯데ON,C012480,항아리,C012464,3,주방용품 > 보관/밀폐용기 > 항아리
롯데ON,C012482,수저/커트러리,C012414,2,주방용품 > 수저/커트러리
롯데ON,C012481,수저받침,C012482,3,주방용품 > 수저/커트러리 > 수저받침
롯데ON,C012483,숟가락/젓가락,C012482,3,주방용품 > 수저/커트러리 > 숟가락/젓가락
롯데ON,C012484,양식기/커트러리세트,C012482,3,주방용품 > 수저/커트러리 > 양식기/커트러리세트
롯데ON,C012485,티스푼/티포크,C012482,3,주방용품 > 수저/커트러리 > 티스푼/티포크
롯데ON,C012487,와인용품,C012414,2,주방용품 > 와인용품
롯데ON,C012486,기타와인용품,C012487,3,주방용품 > 와인용품 > 기타와인용품
롯데ON,C012488,디캔터,C012487,3,주방용품 > 와인용품 > 디캔터
롯데ON,C012489,스토퍼/푸어러,C012487,3,주방용품 > 와인용품 > 스토퍼/푸어러
롯데ON,C012490,와인랙,C012487,3,주방용품 > 와인용품 > 와인랙
롯데ON,C012491,와인오프너,C012487,3,주방용품 > 와인용품 > 와인오프너
롯데ON,C012492,와인쿨러,C012487,3,주방용품 > 와인용품 > 와인쿨러
롯데ON,C012494,잔/컵,C012414,2,주방용품 > 잔/컵
롯데ON,C012493,머그컵,C012494,3,주방용품 > 잔/컵 > 머그컵
롯데ON,C012495,물컵,C012494,3,주방용품 > 잔/컵 > 물컵
롯데ON,C012496,주류잔,C012494,3,주방용품 > 잔/컵 > 주류잔
롯데ON,C012497,커피잔/찻잔,C012494,3,주방용품 > 잔/컵 > 커피잔/찻잔
롯데ON,C012498,텀블러,C012494,3,주방용품 > 잔/컵 > 텀블러
롯데ON,C012500,제수용품,C012414,2,주방용품 > 제수용품
롯데ON,C012499,기타제수용품,C012500,3,주방용품 > 제수용품 > 기타제수용품
롯데ON,C012501,병풍,C012500,3,주방용품 > 제수용품 > 병풍
롯데ON,C012502,위패,C012500,3,주방용품 > 제수용품 > 위패
롯데ON,C012503,제기/제기세트,C012500,3,주방용품 > 제수용품 > 제기/제기세트
롯데ON,C012504,제기함,C012500,3,주방용품 > 제수용품 > 제기함
롯데ON,C012505,향/향로,C012500,3,주방용품 > 제수용품 > 향/향로
롯데ON,C012506,휴대용제기세트,C012500,3,주방용품 > 제수용품 > 휴대용제기세트
롯데ON,C012508,조리도구,C012414,2,주방용품 > 조리도구
롯데ON,C012507,거품기,C012508,3,주방용품 > 조리도구 > 거품기
롯데ON,C012509,건지기/거름망,C012508,3,주방용품 > 조리도구 > 건지기/거름망
롯데ON,C012510,국자,C012508,3,주방용품 > 조리도구 > 국자
롯데ON,C012511,기타조리도구,C012508,3,주방용품 > 조리도구 > 기타조리도구
롯데ON,C012512,깔때기,C012508,3,주방용품 > 조리도구 > 깔때기
롯데ON,C012513,다시망/차거름망,C012508,3,주방용품 > 조리도구 > 다시망/차거름망
롯데ON,C012514,뒤집개,C012508,3,주방용품 > 조리도구 > 뒤집개
롯데ON,C012515,모양틀,C012508,3,주방용품 > 조리도구 > 모양틀
롯데ON,C012516,믹싱볼,C012508,3,주방용품 > 조리도구 > 믹싱볼
롯데ON,C012517,볶음스푼,C012508,3,주방용품 > 조리도구 > 볶음스푼
롯데ON,C012518,야채탈수/과즙기,C012508,3,주방용품 > 조리도구 > 야채탈수/과즙기
롯데ON,C012519,조리도구세트,C012508,3,주방용품 > 조리도구 > 조리도구세트
롯데ON,C012521,조리용측정기,C012508,3,주방용품 > 조리도구 > 조리용측정기
롯데ON,C012520,계량스푼/컵,C012521,4,주방용품 > 조리도구 > 조리용측정기 > 계량스푼/컵
롯데ON,C012522,계량저울,C012521,4,주방용품 > 조리도구 > 조리용측정기 > 계량저울
롯데ON,C012523,조리용온도계,C012521,4,주방용품 > 조리도구 > 조리용측정기 > 조리용온도계
롯데ON,C012524,쿠킹타이머,C012521,4,주방용품 > 조리도구 > 조리용측정기 > 쿠킹타이머
롯데ON,C012525,주걱,C012508,3,주방용품 > 조리도구 > 주걱
롯데ON,C012526,집게,C012508,3,주방용품 > 조리도구 > 집게
롯데ON,C012527,채반/채망,C012508,3,주방용품 > 조리도구 > 채반/채망
롯데ON,C012529,주방수납용품,C012414,2,주방용품 > 주방수납용품
롯데ON,C012528,수저통,C012529,3,주방용품 > 주방수납용품 > 수저통
롯데ON,C012530,식기건조대,C012529,3,주방용품 > 주방수납용품 > 식기건조대
롯데ON,C012531,주방정리선반,C012529,3,주방용품 > 주방수납용품 > 주방정리선반
롯데ON,C012532,주방정리소품,C012529,3,주방용품 > 주방수납용품 > 주방정리소품
롯데ON,C012534,주방잡화,C012414,2,주방용품 > 주방잡화
롯데ON,C012533,고무장갑,C012534,3,주방용품 > 주방잡화 > 고무장갑
롯데ON,C012535,기타주방잡화,C012534,3,주방용품 > 주방잡화 > 기타주방잡화
롯데ON,C012536,냄비받침,C012534,3,주방용품 > 주방잡화 > 냄비받침
롯데ON,C012538,다회용/일회용품,C012534,3,주방용품 > 주방잡화 > 다회용/일회용품
롯데ON,C012537,기타일회용품,C012538,4,주방용품 > 주방잡화 > 다회용/일회용품 > 기타일회용품
롯데ON,C012539,랩,C012538,4,주방용품 > 주방잡화 > 다회용/일회용품 > 랩
롯데ON,C012540,빨대/커피스틱,C012538,4,주방용품 > 주방잡화 > 다회용/일회용품 > 빨대/커피스틱
롯데ON,C012541,위생백,C012538,4,주방용품 > 주방잡화 > 다회용/일회용품 > 위생백
롯데ON,C012542,위생장갑,C012538,4,주방용품 > 주방잡화 > 다회용/일회용품 > 위생장갑
롯데ON,C012543,이쑤시개/꼬치,C012538,4,주방용품 > 주방잡화 > 다회용/일회용품 > 이쑤시개/꼬치
롯데ON,C012544,일회용수저,C012538,4,주방용품 > 주방잡화 > 다회용/일회용품 > 일회용수저
롯데ON,C012545,일회용용기/도시락,C012538,4,주방용품 > 주방잡화 > 다회용/일회용품 > 일회용용기/도시락
롯데ON,C012546,일회용컵,C012538,4,주방용품 > 주방잡화 > 다회용/일회용품 > 일회용컵
롯데ON,C012547,지퍼백,C012538,4,주방용품 > 주방잡화 > 다회용/일회용품 > 지퍼백
롯데ON,C012548,쿠킹호일,C012538,4,주방용품 > 주방잡화 > 다회용/일회용품 > 쿠킹호일
롯데ON,C012549,렌지가드/커버,C012534,3,주방용품 > 주방잡화 > 렌지가드/커버
롯데ON,C012550,밥상보,C012534,3,주방용품 > 주방잡화 > 밥상보
롯데ON,C012551,배수구용품,C012534,3,주방용품 > 주방잡화 > 배수구용품
롯데ON,C012552,수세미,C012534,3,주방용품 > 주방잡화 > 수세미
롯데ON,C012553,식탁보/테이블매트,C012534,3,주방용품 > 주방잡화 > 식탁보/테이블매트
롯데ON,C012554,싱크대물막이,C012534,3,주방용품 > 주방잡화 > 싱크대물막이
롯데ON,C012555,앞치마,C012534,3,주방용품 > 주방잡화 > 앞치마
롯데ON,C012556,오븐장갑/실리콘손잡이,C012534,3,주방용품 > 주방잡화 > 오븐장갑/실리콘손잡이
롯데ON,C012557,오프너/병따개,C012534,3,주방용품 > 주방잡화 > 오프너/병따개
롯데ON,C012558,쟁반/바구니,C012534,3,주방용품 > 주방잡화 > 쟁반/바구니
롯데ON,C012559,주방수건,C012534,3,주방용품 > 주방잡화 > 주방수건
롯데ON,C012560,컵받침/뚜껑/파우치,C012534,3,주방용품 > 주방잡화 > 컵받침/뚜껑/파우치
롯데ON,C012561,프라이팬덮개,C012534,3,주방용품 > 주방잡화 > 프라이팬덮개
롯데ON,C012562,행주,C012534,3,주방용품 > 주방잡화 > 행주
롯데ON,C012564,주전자/티포트,C012414,2,주방용품 > 주전자/티포트
롯데ON,C012563,주전자,C012564,3,주방용품 > 주전자/티포트 > 주전자
롯데ON,C012565,티세트,C012564,3,주방용품 > 주전자/티포트 > 티세트
롯데ON,C012566,티포트,C012564,3,주방용품 > 주전자/티포트 > 티포트
롯데ON,C012568,칼/커팅도구/도마,C012414,2,주방용품 > 칼/커팅도구/도마
롯데ON,C012567,강판,C012568,3,주방용품 > 칼/커팅도구/도마 > 강판
롯데ON,C012569,기타칼/커팅기구,C012568,3,주방용품 > 칼/커팅도구/도마 > 기타칼/커팅기구
롯데ON,C012570,다지기,C012568,3,주방용품 > 칼/커팅도구/도마 > 다지기
롯데ON,C012571,도마,C012568,3,주방용품 > 칼/커팅도구/도마 > 도마
롯데ON,C012572,식칼,C012568,3,주방용품 > 칼/커팅도구/도마 > 식칼
롯데ON,C012573,절구,C012568,3,주방용품 > 칼/커팅도구/도마 > 절구
롯데ON,C012574,주방가위,C012568,3,주방용품 > 칼/커팅도구/도마 > 주방가위
롯데ON,C012575,채칼/필러,C012568,3,주방용품 > 칼/커팅도구/도마 > 채칼/필러
롯데ON,C012576,칼/도마세트,C012568,3,주방용품 > 칼/커팅도구/도마 > 칼/도마세트
롯데ON,C012577,칼갈이,C012568,3,주방용품 > 칼/커팅도구/도마 > 칼갈이
롯데ON,C012578,칼꽂이,C012568,3,주방용품 > 칼/커팅도구/도마 > 칼꽂이
롯데ON,C012579,칼세트,C012568,3,주방용품 > 칼/커팅도구/도마 > 칼세트
롯데ON,C012581,커피용품,C012414,2,주방용품 > 커피용품
롯데ON,C012580,기타커피용품,C012581,3,주방용품 > 커피용품 > 기타커피용품
롯데ON,C012582,드립포트,C012581,3,주방용품 > 커피용품 > 드립포트
롯데ON,C012583,샷잔,C012581,3,주방용품 > 커피용품 > 샷잔
롯데ON,C012584,스팀피쳐/밀크저그,C012581,3,주방용품 > 커피용품 > 스팀피쳐/밀크저그
롯데ON,C012585,여과지/필터,C012581,3,주방용품 > 커피용품 > 여과지/필터
롯데ON,C012586,우유거품기,C012581,3,주방용품 > 커피용품 > 우유거품기
롯데ON,C012587,커피분쇄기,C012581,3,주방용품 > 커피용품 > 커피분쇄기
롯데ON,C012588,커피추출기,C012581,3,주방용품 > 커피용품 > 커피추출기
롯데ON,C012589,커피캡슐거치대,C012581,3,주방용품 > 커피용품 > 커피캡슐거치대
롯데ON,C012590,템퍼,C012581,3,주방용품 > 커피용품 > 템퍼
롯데ON,C012593,카메라/광학기기,ROOT,1,카메라/광학기기
롯데ON,C012592,DSLR카메라,C012593,2,카메라/광학기기 > DSLR카메라
롯데ON,C012591,DSLR카메라,C012592,3,카메라/광학기기 > DSLR카메라 > DSLR카메라
롯데ON,C012595,광학기기,C012593,2,카메라/광학기기 > 광학기기
롯데ON,C012594,광학액세서리,C012595,3,카메라/광학기기 > 광학기기 > 광학액세서리
롯데ON,C012596,망원경,C012595,3,카메라/광학기기 > 광학기기 > 망원경
롯데ON,C012597,현미경,C012595,3,카메라/광학기기 > 광학기기 > 현미경
롯데ON,C012599,기타카메라,C012593,2,카메라/광학기기 > 기타카메라
롯데ON,C012598,방수카메라,C012599,3,카메라/광학기기 > 기타카메라 > 방수카메라
롯데ON,C012600,소형카메라,C012599,3,카메라/광학기기 > 기타카메라 > 소형카메라
롯데ON,C012602,드론/헬리캠,C012593,2,카메라/광학기기 > 드론/헬리캠
롯데ON,C012601,드론/헬리캠,C012602,3,카메라/광학기기 > 드론/헬리캠 > 드론/헬리캠
롯데ON,C012603,드론액세서리,C012602,3,카메라/광학기기 > 드론/헬리캠 > 드론액세서리
롯데ON,C012605,디지털카메라,C012593,2,카메라/광학기기 > 디지털카메라
롯데ON,C012604,미러리스카메라,C012605,3,카메라/광학기기 > 디지털카메라 > 미러리스카메라
롯데ON,C012606,일반디지털카메라,C012605,3,카메라/광학기기 > 디지털카메라 > 일반디지털카메라
롯데ON,C012607,컴팩트카메라,C012605,3,카메라/광학기기 > 디지털카메라 > 컴팩트카메라
롯데ON,C012608,하이엔드카메라,C012605,3,카메라/광학기기 > 디지털카메라 > 하이엔드카메라
롯데ON,C012610,렌즈,C012593,2,카메라/광학기기 > 렌즈
롯데ON,C012609,DSLR렌즈,C012610,3,카메라/광학기기 > 렌즈 > DSLR렌즈
롯데ON,C012611,미러리스렌즈,C012610,3,카메라/광학기기 > 렌즈 > 미러리스렌즈
롯데ON,C012613,렌즈용품,C012593,2,카메라/광학기기 > 렌즈용품
롯데ON,C012612,렌즈어댑터,C012613,3,카메라/광학기기 > 렌즈용품 > 렌즈어댑터
롯데ON,C012614,렌즈캡,C012613,3,카메라/광학기기 > 렌즈용품 > 렌즈캡
롯데ON,C012615,필터,C012613,3,카메라/광학기기 > 렌즈용품 > 필터
롯데ON,C012616,후드,C012613,3,카메라/광학기기 > 렌즈용품 > 후드
롯데ON,C012618,액션캠/캠코더,C012593,2,카메라/광학기기 > 액션캠/캠코더
롯데ON,C012617,방송용캠코더,C012618,3,카메라/광학기기 > 액션캠/캠코더 > 방송용캠코더
롯데ON,C012619,액션캠,C012618,3,카메라/광학기기 > 액션캠/캠코더 > 액션캠
롯데ON,C012620,캠코더,C012618,3,카메라/광학기기 > 액션캠/캠코더 > 캠코더
롯데ON,C012621,캠코더액세서리,C012618,3,카메라/광학기기 > 액션캠/캠코더 > 캠코더액세서리
롯데ON,C012623,즉석카메라,C012593,2,카메라/광학기기 > 즉석카메라
롯데ON,C012622,즉석카메라,C012623,3,카메라/광학기기 > 즉석카메라 > 즉석카메라
롯데ON,C012625,촬영용품,C012593,2,카메라/광학기기 > 촬영용품
롯데ON,C012624,그레이카드,C012625,3,카메라/광학기기 > 촬영용품 > 그레이카드
롯데ON,C012626,노출계,C012625,3,카메라/광학기기 > 촬영용품 > 노출계
롯데ON,C012627,동조기,C012625,3,카메라/광학기기 > 촬영용품 > 동조기
롯데ON,C012628,반사판,C012625,3,카메라/광학기기 > 촬영용품 > 반사판
롯데ON,C012629,배경지,C012625,3,카메라/광학기기 > 촬영용품 > 배경지
롯데ON,C012630,소프트박스,C012625,3,카메라/광학기기 > 촬영용품 > 소프트박스
롯데ON,C012631,스탠드,C012625,3,카메라/광학기기 > 촬영용품 > 스탠드
롯데ON,C012632,조명,C012625,3,카메라/광학기기 > 촬영용품 > 조명
롯데ON,C012633,촬영우산,C012625,3,카메라/광학기기 > 촬영용품 > 촬영우산
롯데ON,C012634,프리뷰모니터,C012625,3,카메라/광학기기 > 촬영용품 > 프리뷰모니터
롯데ON,C012635,플래시,C012625,3,카메라/광학기기 > 촬영용품 > 플래시
롯데ON,C012637,카메라액세서리,C012593,2,카메라/광학기기 > 카메라액세서리
롯데ON,C012636,그립,C012637,3,카메라/광학기기 > 카메라액세서리 > 그립
롯데ON,C012638,삼각대/짐벌,C012637,3,카메라/광학기기 > 카메라액세서리 > 삼각대/짐벌
롯데ON,C012639,스트랩,C012637,3,카메라/광학기기 > 카메라액세서리 > 스트랩
롯데ON,C012640,전용배터리,C012637,3,카메라/광학기기 > 카메라액세서리 > 전용배터리
롯데ON,C012641,전용충전기,C012637,3,카메라/광학기기 > 카메라액세서리 > 전용충전기
롯데ON,C012642,즉석카메라액세서리,C012637,3,카메라/광학기기 > 카메라액세서리 > 즉석카메라액세서리
롯데ON,C012643,카메라가방,C012637,3,카메라/광학기기 > 카메라액세서리 > 카메라가방
롯데ON,C012644,카메라케이스,C012637,3,카메라/광학기기 > 카메라액세서리 > 카메라케이스
롯데ON,C012645,헤드,C012637,3,카메라/광학기기 > 카메라액세서리 > 헤드
롯데ON,C012647,카메라용품,C012593,2,카메라/광학기기 > 카메라용품
롯데ON,C012646,기타카메라/캠코더용품,C012647,3,카메라/광학기기 > 카메라용품 > 기타카메라/캠코더용품
롯데ON,C012648,동영상촬영용거치대,C012647,3,카메라/광학기기 > 카메라용품 > 동영상촬영용거치대
롯데ON,C012649,디지털액자,C012647,3,카메라/광학기기 > 카메라용품 > 디지털액자
롯데ON,C012650,레인커버,C012647,3,카메라/광학기기 > 카메라용품 > 레인커버
롯데ON,C012651,리모컨,C012647,3,카메라/광학기기 > 카메라용품 > 리모컨
롯데ON,C012652,마이크,C012647,3,카메라/광학기기 > 카메라용품 > 마이크
롯데ON,C012653,무선송신기,C012647,3,카메라/광학기기 > 카메라용품 > 무선송신기
롯데ON,C012654,보호필름,C012647,3,카메라/광학기기 > 카메라용품 > 보호필름
롯데ON,C012655,소프트버튼,C012647,3,카메라/광학기기 > 카메라용품 > 소프트버튼
롯데ON,C012656,아이피스,C012647,3,카메라/광학기기 > 카메라용품 > 아이피스
롯데ON,C012657,제습함,C012647,3,카메라/광학기기 > 카메라용품 > 제습함
롯데ON,C012658,청소용품,C012647,3,카메라/광학기기 > 카메라용품 > 청소용품
롯데ON,C012659,파인더,C012647,3,카메라/광학기기 > 카메라용품 > 파인더
롯데ON,C012660,필름,C012647,3,카메라/광학기기 > 카메라용품 > 필름
롯데ON,C012662,필름카메라,C012593,2,카메라/광학기기 > 필름카메라
롯데ON,C012661,SLR카메라,C012662,3,카메라/광학기기 > 필름카메라 > SLR카메라
롯데ON,C012663,로모카메라,C012662,3,카메라/광학기기 > 필름카메라 > 로모카메라
롯데ON,C012664,일회용카메라,C012662,3,카메라/광학기기 > 필름카메라 > 일회용카메라
롯데ON,C012665,토이카메라,C012662,3,카메라/광학기기 > 필름카메라 > 토이카메라
롯데ON,C012668,캠핑/낚시,ROOT,1,캠핑/낚시
롯데ON,C012667,기타,C012668,2,캠핑/낚시 > 기타
롯데ON,C012666,기타,C012667,3,캠핑/낚시 > 기타 > 기타
롯데ON,C012670,낚시공구,C012668,2,캠핑/낚시 > 낚시공구
롯데ON,C012669,가위/라인커터,C012670,3,캠핑/낚시 > 낚시공구 > 가위/라인커터
롯데ON,C012671,결속기/샤프너,C012670,3,캠핑/낚시 > 낚시공구 > 결속기/샤프너
롯데ON,C012672,낚시공구기타,C012670,3,캠핑/낚시 > 낚시공구 > 낚시공구기타
롯데ON,C012673,낚시칼,C012670,3,캠핑/낚시 > 낚시공구 > 낚시칼
롯데ON,C012674,니퍼/플라이어,C012670,3,캠핑/낚시 > 낚시공구 > 니퍼/플라이어
롯데ON,C012675,집게/립그립,C012670,3,캠핑/낚시 > 낚시공구 > 집게/립그립
롯데ON,C012676,포셉/바늘빼기,C012670,3,캠핑/낚시 > 낚시공구 > 포셉/바늘빼기
롯데ON,C012677,핀온릴,C012670,3,캠핑/낚시 > 낚시공구 > 핀온릴
롯데ON,C012679,낚시릴,C012668,2,캠핑/낚시 > 낚시릴
롯데ON,C012678,기타릴,C012679,3,캠핑/낚시 > 낚시릴 > 기타릴
롯데ON,C012680,릴소품,C012679,3,캠핑/낚시 > 낚시릴 > 릴소품
롯데ON,C012681,베이트릴,C012679,3,캠핑/낚시 > 낚시릴 > 베이트릴
롯데ON,C012682,스피닝릴,C012679,3,캠핑/낚시 > 낚시릴 > 스피닝릴
롯데ON,C012683,장구통릴,C012679,3,캠핑/낚시 > 낚시릴 > 장구통릴
롯데ON,C012684,전동릴,C012679,3,캠핑/낚시 > 낚시릴 > 전동릴
롯데ON,C012685,플라이릴,C012679,3,캠핑/낚시 > 낚시릴 > 플라이릴
롯데ON,C012687,낚시용품,C012668,2,캠핑/낚시 > 낚시용품
롯데ON,C012686,기타낚시용품,C012687,3,캠핑/낚시 > 낚시용품 > 기타낚시용품
롯데ON,C012688,기포발생기,C012687,3,캠핑/낚시 > 낚시용품 > 기포발생기
롯데ON,C012689,꿰미,C012687,3,캠핑/낚시 > 낚시용품 > 꿰미
롯데ON,C012690,낚시가방,C012687,3,캠핑/낚시 > 낚시용품 > 낚시가방
롯데ON,C012691,낚시대,C012687,3,캠핑/낚시 > 낚시용품 > 낚시대
롯데ON,C012692,낚시아이스박스,C012687,3,캠핑/낚시 > 낚시용품 > 낚시아이스박스
롯데ON,C012693,낚시의자,C012687,3,캠핑/낚시 > 낚시용품 > 낚시의자
롯데ON,C012694,낚시줄,C012687,3,캠핑/낚시 > 낚시용품 > 낚시줄
롯데ON,C012695,낚시텐트,C012687,3,캠핑/낚시 > 낚시용품 > 낚시텐트
롯데ON,C012696,뜰채/뜰망,C012687,3,캠핑/낚시 > 낚시용품 > 뜰채/뜰망
롯데ON,C012697,밑밥통/주걱,C012687,3,캠핑/낚시 > 낚시용품 > 밑밥통/주걱
롯데ON,C012698,봉돌/싱커,C012687,3,캠핑/낚시 > 낚시용품 > 봉돌/싱커
롯데ON,C012699,어군탐지기,C012687,3,캠핑/낚시 > 낚시용품 > 어군탐지기
롯데ON,C012700,어포기,C012687,3,캠핑/낚시 > 낚시용품 > 어포기
롯데ON,C012701,케미/집어등/축광장비,C012687,3,캠핑/낚시 > 낚시용품 > 케미/집어등/축광장비
롯데ON,C012702,태클박스/수납용품,C012687,3,캠핑/낚시 > 낚시용품 > 태클박스/수납용품
롯데ON,C012703,통발,C012687,3,캠핑/낚시 > 낚시용품 > 통발
롯데ON,C012704,통발/그물,C012687,3,캠핑/낚시 > 낚시용품 > 통발/그물
롯데ON,C012705,합사,C012687,3,캠핑/낚시 > 낚시용품 > 합사
롯데ON,C012707,낚시의류/잡화,C012668,2,캠핑/낚시 > 낚시의류/잡화
롯데ON,C012706,구명조끼,C012707,3,캠핑/낚시 > 낚시의류/잡화 > 구명조끼
롯데ON,C012708,기타낚시의류/잡화,C012707,3,캠핑/낚시 > 낚시의류/잡화 > 기타낚시의류/잡화
롯데ON,C012709,낚시모자,C012707,3,캠핑/낚시 > 낚시의류/잡화 > 낚시모자
롯데ON,C012710,낚시상의,C012707,3,캠핑/낚시 > 낚시의류/잡화 > 낚시상의
롯데ON,C012711,낚시신발,C012707,3,캠핑/낚시 > 낚시의류/잡화 > 낚시신발
롯데ON,C012712,낚시장갑,C012707,3,캠핑/낚시 > 낚시의류/잡화 > 낚시장갑
롯데ON,C012713,낚시장화,C012707,3,캠핑/낚시 > 낚시의류/잡화 > 낚시장화
롯데ON,C012714,낚시하의,C012707,3,캠핑/낚시 > 낚시의류/잡화 > 낚시하의
롯데ON,C012715,힙커버/힙가드,C012707,3,캠핑/낚시 > 낚시의류/잡화 > 힙커버/힙가드
롯데ON,C012717,낚시찌,C012668,2,캠핑/낚시 > 낚시찌
롯데ON,C012716,기타낚시찌,C012717,3,캠핑/낚시 > 낚시찌 > 기타낚시찌
롯데ON,C012718,민물바닥찌/올림찌,C012717,3,캠핑/낚시 > 낚시찌 > 민물바닥찌/올림찌
롯데ON,C012719,민물중층찌/내림찌,C012717,3,캠핑/낚시 > 낚시찌 > 민물중층찌/내림찌
롯데ON,C012720,바다구멍찌,C012717,3,캠핑/낚시 > 낚시찌 > 바다구멍찌
롯데ON,C012721,바다막대찌,C012717,3,캠핑/낚시 > 낚시찌 > 바다막대찌
롯데ON,C012722,바다목줄찌,C012717,3,캠핑/낚시 > 낚시찌 > 바다목줄찌
롯데ON,C012723,바다수중찌,C012717,3,캠핑/낚시 > 낚시찌 > 바다수중찌
롯데ON,C012724,바다전자찌,C012717,3,캠핑/낚시 > 낚시찌 > 바다전자찌
롯데ON,C012726,루어낚시,C012668,2,캠핑/낚시 > 루어낚시
롯데ON,C012725,기타루어낚시용품,C012726,3,캠핑/낚시 > 루어낚시 > 기타루어낚시용품
롯데ON,C012727,루어낚시대,C012726,3,캠핑/낚시 > 루어낚시 > 루어낚시대
롯데ON,C012728,루어낚시세트,C012726,3,캠핑/낚시 > 루어낚시 > 루어낚시세트
롯데ON,C012729,루어바늘류,C012726,3,캠핑/낚시 > 루어낚시 > 루어바늘류
롯데ON,C012730,루어용라인,C012726,3,캠핑/낚시 > 루어낚시 > 루어용라인
롯데ON,C012731,웜/베이트,C012726,3,캠핑/낚시 > 루어낚시 > 웜/베이트
롯데ON,C012733,민물낚시,C012668,2,캠핑/낚시 > 민물낚시
롯데ON,C012732,기타민물낚시용품,C012733,3,캠핑/낚시 > 민물낚시 > 기타민물낚시용품
롯데ON,C012734,떡밥/떡밥그릇,C012733,3,캠핑/낚시 > 민물낚시 > 떡밥/떡밥그릇
롯데ON,C012735,민물낚시대,C012733,3,캠핑/낚시 > 민물낚시 > 민물낚시대
롯데ON,C012736,민물낚시세트,C012733,3,캠핑/낚시 > 민물낚시 > 민물낚시세트
롯데ON,C012737,민물낚시소품,C012733,3,캠핑/낚시 > 민물낚시 > 민물낚시소품
롯데ON,C012738,받침대/받침틀,C012733,3,캠핑/낚시 > 민물낚시 > 받침대/받침틀
롯데ON,C012739,찌,C012733,3,캠핑/낚시 > 민물낚시 > 찌
롯데ON,C012740,찌케이스/보조장비,C012733,3,캠핑/낚시 > 민물낚시 > 찌케이스/보조장비
롯데ON,C012742,바다낚시,C012668,2,캠핑/낚시 > 바다낚시
롯데ON,C012741,기타바다낚시용품,C012742,3,캠핑/낚시 > 바다낚시 > 기타바다낚시용품
롯데ON,C012743,밑밥/집어제,C012742,3,캠핑/낚시 > 바다낚시 > 밑밥/집어제
롯데ON,C012744,바늘,C012742,3,캠핑/낚시 > 바다낚시 > 바늘
롯데ON,C012745,바다낚시가방,C012742,3,캠핑/낚시 > 바다낚시 > 바다낚시가방
롯데ON,C012746,바다낚시대,C012742,3,캠핑/낚시 > 바다낚시 > 바다낚시대
롯데ON,C012747,바다낚시세트,C012742,3,캠핑/낚시 > 바다낚시 > 바다낚시세트
롯데ON,C012748,바다낚시줄,C012742,3,캠핑/낚시 > 바다낚시 > 바다낚시줄
롯데ON,C012749,바다찌,C012742,3,캠핑/낚시 > 바다낚시 > 바다찌
롯데ON,C012751,취사용품,C012668,2,캠핑/낚시 > 취사용품
롯데ON,C012750,그릴/그리들/주물팬,C012751,3,캠핑/낚시 > 취사용품 > 그릴/그리들/주물팬
롯데ON,C012752,버너/스토브,C012751,3,캠핑/낚시 > 취사용품 > 버너/스토브
롯데ON,C012753,부탄/이소가스,C012751,3,캠핑/낚시 > 취사용품 > 부탄/이소가스
롯데ON,C012754,선풍기/서큘,C012751,3,캠핑/낚시 > 취사용품 > 선풍기/서큘
롯데ON,C012755,설거지통/건조망,C012751,3,캠핑/낚시 > 취사용품 > 설거지통/건조망
롯데ON,C012756,숯/장작/연료,C012751,3,캠핑/낚시 > 취사용품 > 숯/장작/연료
롯데ON,C012757,식기/조리도구,C012751,3,캠핑/낚시 > 취사용품 > 식기/조리도구
롯데ON,C012758,취사용품기타,C012751,3,캠핑/낚시 > 취사용품 > 취사용품기타
롯데ON,C012759,코펠,C012751,3,캠핑/낚시 > 취사용품 > 코펠
롯데ON,C012760,화로대,C012751,3,캠핑/낚시 > 취사용품 > 화로대
롯데ON,C012761,휴대용가스레인지,C012751,3,캠핑/낚시 > 취사용품 > 휴대용가스레인지
롯데ON,C012763,캠핑용품,C012668,2,캠핑/낚시 > 캠핑용품
롯데ON,C012762,간이의자,C012763,3,캠핑/낚시 > 캠핑용품 > 간이의자
롯데ON,C012764,로우체어,C012763,3,캠핑/낚시 > 캠핑용품 > 로우체어
롯데ON,C012765,릴렉스체어,C012763,3,캠핑/낚시 > 캠핑용품 > 릴렉스체어
롯데ON,C012766,매트/돗자리,C012763,3,캠핑/낚시 > 캠핑용품 > 매트/돗자리
롯데ON,C012767,선반/쉘프,C012763,3,캠핑/낚시 > 캠핑용품 > 선반/쉘프
롯데ON,C012768,아이스박스/쿨러,C012763,3,캠핑/낚시 > 캠핑용품 > 아이스박스/쿨러
롯데ON,C012769,아이스백,C012763,3,캠핑/낚시 > 캠핑용품 > 아이스백
롯데ON,C012770,아이스팩,C012763,3,캠핑/낚시 > 캠핑용품 > 아이스팩
롯데ON,C012771,야전침대,C012763,3,캠핑/낚시 > 캠핑용품 > 야전침대
롯데ON,C012772,웨건/카트,C012763,3,캠핑/낚시 > 캠핑용품 > 웨건/카트
롯데ON,C012773,응급/구조용품,C012763,3,캠핑/낚시 > 캠핑용품 > 응급/구조용품
롯데ON,C012774,이너매트,C012763,3,캠핑/낚시 > 캠핑용품 > 이너매트
롯데ON,C012775,접이식체어,C012763,3,캠핑/낚시 > 캠핑용품 > 접이식체어
롯데ON,C012776,취침용품,C012763,3,캠핑/낚시 > 캠핑용품 > 취침용품
롯데ON,C012777,침낭,C012763,3,캠핑/낚시 > 캠핑용품 > 침낭
롯데ON,C012778,칼/톱/망치/삽,C012763,3,캠핑/낚시 > 캠핑용품 > 칼/톱/망치/삽
롯데ON,C012779,캠핑공구/기타,C012763,3,캠핑/낚시 > 캠핑용품 > 캠핑공구/기타
롯데ON,C012780,캠핑수리용품,C012763,3,캠핑/낚시 > 캠핑용품 > 캠핑수리용품
롯데ON,C012781,캠핑용난로/히터,C012763,3,캠핑/낚시 > 캠핑용품 > 캠핑용난로/히터
롯데ON,C012782,캠핑테이블,C012763,3,캠핑/낚시 > 캠핑용품 > 캠핑테이블
롯데ON,C012783,테이블/의자세트,C012763,3,캠핑/낚시 > 캠핑용품 > 테이블/의자세트
롯데ON,C012784,펌프,C012763,3,캠핑/낚시 > 캠핑용품 > 펌프
롯데ON,C012785,편의용품,C012763,3,캠핑/낚시 > 캠핑용품 > 편의용품
롯데ON,C012786,해먹,C012763,3,캠핑/낚시 > 캠핑용품 > 해먹
롯데ON,C012788,캠핑조명,C012668,2,캠핑/낚시 > 캠핑조명
롯데ON,C012787,기타조명,C012788,3,캠핑/낚시 > 캠핑조명 > 기타조명
롯데ON,C012789,랜턴,C012788,3,캠핑/낚시 > 캠핑조명 > 랜턴
롯데ON,C012790,랜턴걸이/소품기타,C012788,3,캠핑/낚시 > 캠핑조명 > 랜턴걸이/소품기타
롯데ON,C012791,손전등,C012788,3,캠핑/낚시 > 캠핑조명 > 손전등
롯데ON,C012792,헤드랜턴,C012788,3,캠핑/낚시 > 캠핑조명 > 헤드랜턴
롯데ON,C012794,캠핑카/캠핑카용품,C012668,2,캠핑/낚시 > 캠핑카/캠핑카용품
롯데ON,C012793,견인장치,C012794,3,캠핑/낚시 > 캠핑카/캠핑카용품 > 견인장치
롯데ON,C012795,기타용품,C012794,3,캠핑/낚시 > 캠핑카/캠핑카용품 > 기타용품
롯데ON,C012796,루프탑,C012794,3,캠핑/낚시 > 캠핑카/캠핑카용품 > 루프탑
롯데ON,C012797,캠핑카,C012794,3,캠핑/낚시 > 캠핑카/캠핑카용품 > 캠핑카
롯데ON,C012798,트레일러,C012794,3,캠핑/낚시 > 캠핑카/캠핑카용품 > 트레일러
롯데ON,C012800,텐트/타프,C012668,2,캠핑/낚시 > 텐트/타프
롯데ON,C012799,TP텐트,C012800,3,캠핑/낚시 > 텐트/타프 > TP텐트
롯데ON,C012801,그늘막,C012800,3,캠핑/낚시 > 텐트/타프 > 그늘막
롯데ON,C012802,그라운드시트/방수포,C012800,3,캠핑/낚시 > 텐트/타프 > 그라운드시트/방수포
롯데ON,C012803,기타텐트/타프용품,C012800,3,캠핑/낚시 > 텐트/타프 > 기타텐트/타프용품
롯데ON,C012804,돔텐트,C012800,3,캠핑/낚시 > 텐트/타프 > 돔텐트
롯데ON,C012805,메쉬/모기장텐트,C012800,3,캠핑/낚시 > 텐트/타프 > 메쉬/모기장텐트
롯데ON,C012806,면텐트,C012800,3,캠핑/낚시 > 텐트/타프 > 면텐트
롯데ON,C012807,사각타프,C012800,3,캠핑/낚시 > 텐트/타프 > 사각타프
롯데ON,C012808,원터치/팝업텐트,C012800,3,캠핑/낚시 > 텐트/타프 > 원터치/팝업텐트
롯데ON,C012809,윈드스크린,C012800,3,캠핑/낚시 > 텐트/타프 > 윈드스크린
롯데ON,C012810,차박텐트,C012800,3,캠핑/낚시 > 텐트/타프 > 차박텐트
롯데ON,C012811,천막,C012800,3,캠핑/낚시 > 텐트/타프 > 천막
롯데ON,C012812,타프/기타,C012800,3,캠핑/낚시 > 텐트/타프 > 타프/기타
롯데ON,C012813,타프스크린,C012800,3,캠핑/낚시 > 텐트/타프 > 타프스크린
롯데ON,C012814,터널형텐트,C012800,3,캠핑/낚시 > 텐트/타프 > 터널형텐트
롯데ON,C012815,텐트/타프세트,C012800,3,캠핑/낚시 > 텐트/타프 > 텐트/타프세트
롯데ON,C012816,투룸/거실형텐트,C012800,3,캠핑/낚시 > 텐트/타프 > 투룸/거실형텐트
롯데ON,C012817,파라솔,C012800,3,캠핑/낚시 > 텐트/타프 > 파라솔
롯데ON,C012818,폴대/팩,C012800,3,캠핑/낚시 > 텐트/타프 > 폴대/팩
롯데ON,C012820,플라이낚시,C012668,2,캠핑/낚시 > 플라이낚시
롯데ON,C012819,플라이낚시가방,C012820,3,캠핑/낚시 > 플라이낚시 > 플라이낚시가방
롯데ON,C012821,플라이라인,C012820,3,캠핑/낚시 > 플라이낚시 > 플라이라인
롯데ON,C012822,플라이로드,C012820,3,캠핑/낚시 > 플라이낚시 > 플라이로드
롯데ON,C012823,플라이바늘/완성훅,C012820,3,캠핑/낚시 > 플라이낚시 > 플라이바늘/완성훅
롯데ON,C012824,플라이타잉도구/재료,C012820,3,캠핑/낚시 > 플라이낚시 > 플라이타잉도구/재료
롯데ON,C012827,커피/생수/음료,ROOT,1,커피/생수/음료
롯데ON,C012826,생수/탄산수,C012827,2,커피/생수/음료 > 생수/탄산수
롯데ON,C012825,생수,C012826,3,커피/생수/음료 > 생수/탄산수 > 생수
롯데ON,C012828,탄산수,C012826,3,커피/생수/음료 > 생수/탄산수 > 탄산수
롯데ON,C012830,스포츠/건강음료,C012827,2,커피/생수/음료 > 스포츠/건강음료
롯데ON,C012829,기타건강음료,C012830,3,커피/생수/음료 > 스포츠/건강음료 > 기타건강음료
롯데ON,C012831,비타민음료,C012830,3,커피/생수/음료 > 스포츠/건강음료 > 비타민음료
롯데ON,C012832,스포츠/이온음료,C012830,3,커피/생수/음료 > 스포츠/건강음료 > 스포츠/이온음료
롯데ON,C012834,우유/두유,C012827,2,커피/생수/음료 > 우유/두유
롯데ON,C012833,두유,C012834,3,커피/생수/음료 > 우유/두유 > 두유
롯데ON,C012835,우유,C012834,3,커피/생수/음료 > 우유/두유 > 우유
롯데ON,C012837,유제품,C012827,2,커피/생수/음료 > 유제품
롯데ON,C012836,기타치즈,C012837,3,커피/생수/음료 > 유제품 > 기타치즈
롯데ON,C012838,마가린,C012837,3,커피/생수/음료 > 유제품 > 마가린
롯데ON,C012839,버터,C012837,3,커피/생수/음료 > 유제품 > 버터
롯데ON,C012840,생크림,C012837,3,커피/생수/음료 > 유제품 > 생크림
롯데ON,C012841,슬라이스치즈,C012837,3,커피/생수/음료 > 유제품 > 슬라이스치즈
롯데ON,C012842,연유,C012837,3,커피/생수/음료 > 유제품 > 연유
롯데ON,C012843,요구르트,C012837,3,커피/생수/음료 > 유제품 > 요구르트
롯데ON,C012844,크림치즈,C012837,3,커피/생수/음료 > 유제품 > 크림치즈
롯데ON,C012845,피자치즈,C012837,3,커피/생수/음료 > 유제품 > 피자치즈
롯데ON,C012847,전통음료/차음료,C012827,2,커피/생수/음료 > 전통음료/차음료
롯데ON,C012846,전통음료,C012847,3,커피/생수/음료 > 전통음료/차음료 > 전통음료
롯데ON,C012848,차음료,C012847,3,커피/생수/음료 > 전통음료/차음료 > 차음료
롯데ON,C012850,주류,C012827,2,커피/생수/음료 > 주류
롯데ON,C012849,국내맥주,C012850,3,커피/생수/음료 > 주류 > 국내맥주
롯데ON,C012851,기타주류,C012850,3,커피/생수/음료 > 주류 > 기타주류
롯데ON,C012852,소주,C012850,3,커피/생수/음료 > 주류 > 소주
롯데ON,C012853,수입맥주,C012850,3,커피/생수/음료 > 주류 > 수입맥주
롯데ON,C012854,양주,C012850,3,커피/생수/음료 > 주류 > 양주
롯데ON,C012855,와인,C012850,3,커피/생수/음료 > 주류 > 와인
롯데ON,C012856,전통주,C012850,3,커피/생수/음료 > 주류 > 전통주
롯데ON,C012857,주류선물세트,C012850,3,커피/생수/음료 > 주류 > 주류선물세트
롯데ON,C012859,주스/과즙음료,C012827,2,커피/생수/음료 > 주스/과즙음료
롯데ON,C012858,과일음료,C012859,3,커피/생수/음료 > 주스/과즙음료 > 과일음료
롯데ON,C012860,과채혼합음료,C012859,3,커피/생수/음료 > 주스/과즙음료 > 과채혼합음료
롯데ON,C012861,어린이음료,C012859,3,커피/생수/음료 > 주스/과즙음료 > 어린이음료
롯데ON,C012862,채소음료,C012859,3,커피/생수/음료 > 주스/과즙음료 > 채소음료
롯데ON,C012864,차류,C012827,2,커피/생수/음료 > 차류
롯데ON,C012863,과일청,C012864,3,커피/생수/음료 > 차류 > 과일청
롯데ON,C012865,녹차,C012864,3,커피/생수/음료 > 차류 > 녹차
롯데ON,C012866,둥굴레차/결명자차,C012864,3,커피/생수/음료 > 차류 > 둥굴레차/결명자차
롯데ON,C012867,보리차,C012864,3,커피/생수/음료 > 차류 > 보리차
롯데ON,C012868,생강차,C012864,3,커피/생수/음료 > 차류 > 생강차
롯데ON,C012869,옥수수차,C012864,3,커피/생수/음료 > 차류 > 옥수수차
롯데ON,C012870,우엉차,C012864,3,커피/생수/음료 > 차류 > 우엉차
롯데ON,C012871,율무/견과차,C012864,3,커피/생수/음료 > 차류 > 율무/견과차
롯데ON,C012872,전통차,C012864,3,커피/생수/음료 > 차류 > 전통차
롯데ON,C012873,차선물세트,C012864,3,커피/생수/음료 > 차류 > 차선물세트
롯데ON,C012874,코코아,C012864,3,커피/생수/음료 > 차류 > 코코아
롯데ON,C012875,파우더,C012864,3,커피/생수/음료 > 차류 > 파우더
롯데ON,C012876,허브차,C012864,3,커피/생수/음료 > 차류 > 허브차
롯데ON,C012877,홍차/밀크티/아이스티,C012864,3,커피/생수/음료 > 차류 > 홍차/밀크티/아이스티
롯데ON,C012879,커피,C012827,2,커피/생수/음료 > 커피
롯데ON,C012878,더치커피,C012879,3,커피/생수/음료 > 커피 > 더치커피
롯데ON,C012880,드립백/티백,C012879,3,커피/생수/음료 > 커피 > 드립백/티백
롯데ON,C012881,원두커피,C012879,3,커피/생수/음료 > 커피 > 원두커피
롯데ON,C012882,캡슐커피,C012879,3,커피/생수/음료 > 커피 > 캡슐커피
롯데ON,C012883,커피믹스,C012879,3,커피/생수/음료 > 커피 > 커피믹스
롯데ON,C012884,커피선물세트,C012879,3,커피/생수/음료 > 커피 > 커피선물세트
롯데ON,C012885,커피시럽,C012879,3,커피/생수/음료 > 커피 > 커피시럽
롯데ON,C012886,커피음료,C012879,3,커피/생수/음료 > 커피 > 커피음료
롯데ON,C012888,탄산음료,C012827,2,커피/생수/음료 > 탄산음료
롯데ON,C012887,과즙탄산음료,C012888,3,커피/생수/음료 > 탄산음료 > 과즙탄산음료
롯데ON,C012889,기타탄산음료,C012888,3,커피/생수/음료 > 탄산음료 > 기타탄산음료
롯데ON,C012890,무알콜/논알콜주류,C012888,3,커피/생수/음료 > 탄산음료 > 무알콜/논알콜주류
롯데ON,C012891,사이다,C012888,3,커피/생수/음료 > 탄산음료 > 사이다
롯데ON,C012892,콜라,C012888,3,커피/생수/음료 > 탄산음료 > 콜라
롯데ON,C012895,피트니스/수영복,ROOT,1,피트니스/수영복
롯데ON,C012894,기타,C012895,2,피트니스/수영복 > 기타
롯데ON,C012893,기타,C012894,3,피트니스/수영복 > 기타 > 기타
롯데ON,C012897,남성래쉬가드,C012895,2,피트니스/수영복 > 남성래쉬가드
롯데ON,C012896,상의,C012897,3,피트니스/수영복 > 남성래쉬가드 > 상의
롯데ON,C012898,세트,C012897,3,피트니스/수영복 > 남성래쉬가드 > 세트
롯데ON,C012899,하의,C012897,3,피트니스/수영복 > 남성래쉬가드 > 하의
롯데ON,C012901,남성수영복,C012895,2,피트니스/수영복 > 남성수영복
롯데ON,C012900,남성사각수영복,C012901,3,피트니스/수영복 > 남성수영복 > 남성사각수영복
롯데ON,C012902,남성삼각수영복,C012901,3,피트니스/수영복 > 남성수영복 > 남성삼각수영복
롯데ON,C012903,반전신수영복,C012901,3,피트니스/수영복 > 남성수영복 > 반전신수영복
롯데ON,C012904,전신수영복,C012901,3,피트니스/수영복 > 남성수영복 > 전신수영복
롯데ON,C012906,여성래쉬가드,C012895,2,피트니스/수영복 > 여성래쉬가드
롯데ON,C012905,상의,C012906,3,피트니스/수영복 > 여성래쉬가드 > 상의
롯데ON,C012907,세트,C012906,3,피트니스/수영복 > 여성래쉬가드 > 세트
롯데ON,C012908,하의,C012906,3,피트니스/수영복 > 여성래쉬가드 > 하의
롯데ON,C012910,여성수영복,C012895,2,피트니스/수영복 > 여성수영복
롯데ON,C012909,모노키니,C012910,3,피트니스/수영복 > 여성수영복 > 모노키니
롯데ON,C012911,반전신수영복,C012910,3,피트니스/수영복 > 여성수영복 > 반전신수영복
롯데ON,C012912,비키니,C012910,3,피트니스/수영복 > 여성수영복 > 비키니
롯데ON,C012913,원피스수영복,C012910,3,피트니스/수영복 > 여성수영복 > 원피스수영복
롯데ON,C012914,전신수영복,C012910,3,피트니스/수영복 > 여성수영복 > 전신수영복
롯데ON,C012916,요가/필라테스의류,C012895,2,피트니스/수영복 > 요가/필라테스의류
롯데ON,C012915,요가/필라테스복상의,C012916,3,피트니스/수영복 > 요가/필라테스의류 > 요가/필라테스복상의
롯데ON,C012917,요가/필라테스복세트,C012916,3,피트니스/수영복 > 요가/필라테스의류 > 요가/필라테스복세트
롯데ON,C012918,요가/필라테스복하의,C012916,3,피트니스/수영복 > 요가/필라테스의류 > 요가/필라테스복하의
롯데ON,C012921,해외/국내여행,ROOT,1,해외/국내여행
롯데ON,C012920,국내여행,C012921,2,해외/국내여행 > 국내여행
롯데ON,C012919,국내숙소,C012920,3,해외/국내여행 > 국내여행 > 국내숙소
롯데ON,C012922,제주여행,C012920,3,해외/국내여행 > 국내여행 > 제주여행
롯데ON,C012923,테마여행,C012920,3,해외/국내여행 > 국내여행 > 테마여행
롯데ON,C012926,레저/입장권,C012921,2,해외/국내여행 > 레저/입장권
롯데ON,C012925,기타,C012926,3,해외/국내여행 > 레저/입장권 > 기타
롯데ON,C012924,기타,C012925,4,해외/국내여행 > 레저/입장권 > 기타 > 기타
롯데ON,C012928,레저,C012926,3,해외/국내여행 > 레저/입장권 > 레저
롯데ON,C012927,수상레저/래프팅,C012928,4,해외/국내여행 > 레저/입장권 > 레저 > 수상레저/래프팅
롯데ON,C012929,스키/눈썰매,C012928,4,해외/국내여행 > 레저/입장권 > 레저 > 스키/눈썰매
롯데ON,C012930,액티비티,C012928,4,해외/국내여행 > 레저/입장권 > 레저 > 액티비티
롯데ON,C012931,케이블카/전망대,C012928,4,해외/국내여행 > 레저/입장권 > 레저 > 케이블카/전망대
롯데ON,C012933,입장권,C012926,3,해외/국내여행 > 레저/입장권 > 입장권
롯데ON,C012932,동물원,C012933,4,해외/국내여행 > 레저/입장권 > 입장권 > 동물원
롯데ON,C012934,아쿠아리움,C012933,4,해외/국내여행 > 레저/입장권 > 입장권 > 아쿠아리움
롯데ON,C012935,워터파크/스파,C012933,4,해외/국내여행 > 레저/입장권 > 입장권 > 워터파크/스파
롯데ON,C012936,제주입장권,C012933,4,해외/국내여행 > 레저/입장권 > 입장권 > 제주입장권
롯데ON,C012937,키즈카페,C012933,4,해외/국내여행 > 레저/입장권 > 입장권 > 키즈카페
롯데ON,C012938,테마파크,C012933,4,해외/국내여행 > 레저/입장권 > 입장권 > 테마파크
롯데ON,C012940,해외여행,C012921,2,해외/국내여행 > 해외여행
롯데ON,C012939,자유여행,C012940,3,해외/국내여행 > 해외여행 > 자유여행
롯데ON,C012941,투어티켓,C012940,3,해외/국내여행 > 해외여행 > 투어티켓
롯데ON,C012942,패키지,C012940,3,해외/국내여행 > 해외여행 > 패키지
롯데ON,C012945,헤어/바디,ROOT,1,헤어/바디
롯데ON,C012944,바디케어,C012945,2,헤어/바디 > 바디케어
롯데ON,C012943,남성청결제,C012944,3,헤어/바디 > 바디케어 > 남성청결제
롯데ON,C012946,데오드란트,C012944,3,헤어/바디 > 바디케어 > 데오드란트
롯데ON,C012947,목욕비누,C012944,3,헤어/바디 > 바디케어 > 목욕비누
롯데ON,C012948,바디로션,C012944,3,헤어/바디 > 바디케어 > 바디로션
롯데ON,C012949,바디미스트/샤워코롱,C012944,3,헤어/바디 > 바디케어 > 바디미스트/샤워코롱
롯데ON,C012950,바디스크럽,C012944,3,헤어/바디 > 바디케어 > 바디스크럽
롯데ON,C012951,바디오일,C012944,3,헤어/바디 > 바디케어 > 바디오일
롯데ON,C012952,바디워시,C012944,3,헤어/바디 > 바디케어 > 바디워시
롯데ON,C012953,바디케어세트,C012944,3,헤어/바디 > 바디케어 > 바디케어세트
롯데ON,C012954,바디케어용품,C012944,3,헤어/바디 > 바디케어 > 바디케어용품
롯데ON,C012955,바디크림/바디버터,C012944,3,헤어/바디 > 바디케어 > 바디크림/바디버터
롯데ON,C012956,바디파우더,C012944,3,헤어/바디 > 바디케어 > 바디파우더
롯데ON,C012957,여성청결제,C012944,3,헤어/바디 > 바디케어 > 여성청결제
롯데ON,C012958,제모제,C012944,3,헤어/바디 > 바디케어 > 제모제
롯데ON,C012960,입욕제,C012945,2,헤어/바디 > 입욕제
롯데ON,C012959,바스밤,C012960,3,헤어/바디 > 입욕제 > 바스밤
롯데ON,C012961,버블바스,C012960,3,헤어/바디 > 입욕제 > 버블바스
롯데ON,C012962,솔트/파우더,C012960,3,헤어/바디 > 입욕제 > 솔트/파우더
롯데ON,C012963,입욕오일,C012960,3,헤어/바디 > 입욕제 > 입욕오일
롯데ON,C012965,풋케어,C012945,2,헤어/바디 > 풋케어
롯데ON,C012964,각질제거기,C012965,3,헤어/바디 > 풋케어 > 각질제거기
롯데ON,C012966,풋샴푸,C012965,3,헤어/바디 > 풋케어 > 풋샴푸
롯데ON,C012967,풋솔트/풋스크럽,C012965,3,헤어/바디 > 풋케어 > 풋솔트/풋스크럽
롯데ON,C012968,풋스프레이/풋파우더,C012965,3,헤어/바디 > 풋케어 > 풋스프레이/풋파우더
롯데ON,C012969,풋케어용품,C012965,3,헤어/바디 > 풋케어 > 풋케어용품
롯데ON,C012970,풋크림/풋스틱,C012965,3,헤어/바디 > 풋케어 > 풋크림/풋스틱
롯데ON,C012971,풋팩/레그패치,C012965,3,헤어/바디 > 풋케어 > 풋팩/레그패치
롯데ON,C012973,핸드케어,C012945,2,헤어/바디 > 핸드케어
롯데ON,C012972,비누,C012973,3,헤어/바디 > 핸드케어 > 비누
롯데ON,C012974,손소독제,C012973,3,헤어/바디 > 핸드케어 > 손소독제
롯데ON,C012975,핸드마스크팩,C012973,3,헤어/바디 > 핸드케어 > 핸드마스크팩
롯데ON,C012976,핸드워시,C012973,3,헤어/바디 > 핸드케어 > 핸드워시
롯데ON,C012977,핸드케어세트,C012973,3,헤어/바디 > 핸드케어 > 핸드케어세트
롯데ON,C012978,핸드크림,C012973,3,헤어/바디 > 핸드케어 > 핸드크림
롯데ON,C012980,헤어스타일링,C012945,2,헤어/바디 > 헤어스타일링
롯데ON,C012979,염색약,C012980,3,헤어/바디 > 헤어스타일링 > 염색약
롯데ON,C012981,컬크림,C012980,3,헤어/바디 > 헤어스타일링 > 컬크림
롯데ON,C012982,탈색제,C012980,3,헤어/바디 > 헤어스타일링 > 탈색제
롯데ON,C012983,파마약,C012980,3,헤어/바디 > 헤어스타일링 > 파마약
롯데ON,C012984,포마드,C012980,3,헤어/바디 > 헤어스타일링 > 포마드
롯데ON,C012985,헤어매니큐어,C012980,3,헤어/바디 > 헤어스타일링 > 헤어매니큐어
롯데ON,C012986,헤어무스,C012980,3,헤어/바디 > 헤어스타일링 > 헤어무스
롯데ON,C012987,헤어스프레이,C012980,3,헤어/바디 > 헤어스타일링 > 헤어스프레이
롯데ON,C012988,헤어왁스,C012980,3,헤어/바디 > 헤어스타일링 > 헤어왁스
롯데ON,C012989,헤어젤,C012980,3,헤어/바디 > 헤어스타일링 > 헤어젤
롯데ON,C012991,헤어케어,C012945,2,헤어/바디 > 헤어케어
롯데ON,C012990,두피케어,C012991,3,헤어/바디 > 헤어케어 > 두피케어
롯데ON,C012992,린스,C012991,3,헤어/바디 > 헤어케어 > 린스
롯데ON,C012993,샴푸,C012991,3,헤어/바디 > 헤어케어 > 샴푸
롯데ON,C012994,탈모케어,C012991,3,헤어/바디 > 헤어케어 > 탈모케어
롯데ON,C012995,트리트먼트,C012991,3,헤어/바디 > 헤어케어 > 트리트먼트
롯데ON,C012996,헤어미스트,C012991,3,헤어/바디 > 헤어케어 > 헤어미스트
롯데ON,C012997,헤어에센스/헤어로션,C012991,3,헤어/바디 > 헤어케어 > 헤어에센스/헤어로션
롯데ON,C012998,헤어오일,C012991,3,헤어/바디 > 헤어케어 > 헤어오일
롯데ON,C012999,헤어케어세트,C012991,3,헤어/바디 > 헤어케어 > 헤어케어세트
롯데ON,C013000,헤어케어용품,C012991,3,헤어/바디 > 헤어케어 > 헤어케어용품
롯데ON,C013001,헤어팩,C012991,3,헤어/바디 > 헤어케어 > 헤어팩
롯데ON,C013004,헬스/수영용품,ROOT,1,헬스/수영용품
롯데ON,C013003,물놀이용품,C013004,2,헬스/수영용품 > 물놀이용품
롯데ON,C013002,구명조끼,C013003,3,헬스/수영용품 > 물놀이용품 > 구명조끼
롯데ON,C013005,물놀이보트,C013003,3,헬스/수영용품 > 물놀이용품 > 물놀이보트
롯데ON,C013006,물놀이용품기타,C013003,3,헬스/수영용품 > 물놀이용품 > 물놀이용품기타
롯데ON,C013007,비치볼,C013003,3,헬스/수영용품 > 물놀이용품 > 비치볼
롯데ON,C013008,수영풀장,C013003,3,헬스/수영용품 > 물놀이용품 > 수영풀장
롯데ON,C013009,스노클링,C013003,3,헬스/수영용품 > 물놀이용품 > 스노클링
롯데ON,C013010,튜브,C013003,3,헬스/수영용품 > 물놀이용품 > 튜브
롯데ON,C013012,보트/카누/카약,C013004,2,헬스/수영용품 > 보트/카누/카약
롯데ON,C013011,견인장치/트레일러,C013012,3,헬스/수영용품 > 보트/카누/카약 > 견인장치/트레일러
롯데ON,C013013,고무보트/콤비보트,C013012,3,헬스/수영용품 > 보트/카누/카약 > 고무보트/콤비보트
롯데ON,C013014,레저보트/요트/제트스키,C013012,3,헬스/수영용품 > 보트/카누/카약 > 레저보트/요트/제트스키
롯데ON,C013015,보트/제트스키용품,C013012,3,헬스/수영용품 > 보트/카누/카약 > 보트/제트스키용품
롯데ON,C013016,보트엔진/모터,C013012,3,헬스/수영용품 > 보트/카누/카약 > 보트엔진/모터
롯데ON,C013017,스트랩,C013012,3,헬스/수영용품 > 보트/카누/카약 > 스트랩
롯데ON,C013018,카약/카누,C013012,3,헬스/수영용품 > 보트/카누/카약 > 카약/카누
롯데ON,C013019,카약/카누용품,C013012,3,헬스/수영용품 > 보트/카누/카약 > 카약/카누용품
롯데ON,C013020,카약/카누패들,C013012,3,헬스/수영용품 > 보트/카누/카약 > 카약/카누패들
롯데ON,C013021,카약캐리어,C013012,3,헬스/수영용품 > 보트/카누/카약 > 카약캐리어
롯데ON,C013022,카약튜닝용품,C013012,3,헬스/수영용품 > 보트/카누/카약 > 카약튜닝용품
롯데ON,C013024,서핑,C013004,2,헬스/수영용품 > 서핑
롯데ON,C013023,기타서핑악세사리,C013024,3,헬스/수영용품 > 서핑 > 기타서핑악세사리
롯데ON,C013025,데크패드,C013024,3,헬스/수영용품 > 서핑 > 데크패드
롯데ON,C013026,서프왁스,C013024,3,헬스/수영용품 > 서핑 > 서프왁스
롯데ON,C013027,서핑모자,C013024,3,헬스/수영용품 > 서핑 > 서핑모자
롯데ON,C013028,서핑보드/보드백,C013024,3,헬스/수영용품 > 서핑 > 서핑보드/보드백
롯데ON,C013029,서핑슈트,C013024,3,헬스/수영용품 > 서핑 > 서핑슈트
롯데ON,C013031,수상스키/웨이크보드,C013004,2,헬스/수영용품 > 수상스키/웨이크보드
롯데ON,C013030,수상스키,C013031,3,헬스/수영용품 > 수상스키/웨이크보드 > 수상스키
롯데ON,C013032,수상스키장갑,C013031,3,헬스/수영용품 > 수상스키/웨이크보드 > 수상스키장갑
롯데ON,C013033,스키바인딩,C013031,3,헬스/수영용품 > 수상스키/웨이크보드 > 스키바인딩
롯데ON,C013034,웨이크보드,C013031,3,헬스/수영용품 > 수상스키/웨이크보드 > 웨이크보드
롯데ON,C013035,웨이크보드부츠,C013031,3,헬스/수영용품 > 수상스키/웨이크보드 > 웨이크보드부츠
롯데ON,C013037,수영용품,C013004,2,헬스/수영용품 > 수영용품
롯데ON,C013036,기타수영용품,C013037,3,헬스/수영용품 > 수영용품 > 기타수영용품
롯데ON,C013038,수경,C013037,3,헬스/수영용품 > 수영용품 > 수경
롯데ON,C013039,수영가방,C013037,3,헬스/수영용품 > 수영용품 > 수영가방
롯데ON,C013040,수영귀마개/코마개,C013037,3,헬스/수영용품 > 수영용품 > 수영귀마개/코마개
롯데ON,C013041,수영모,C013037,3,헬스/수영용품 > 수영용품 > 수영모
롯데ON,C013042,킥판/킥보드,C013037,3,헬스/수영용품 > 수영용품 > 킥판/킥보드
롯데ON,C013044,스킨스쿠버,C013004,2,헬스/수영용품 > 스킨스쿠버
롯데ON,C013043,다이빙슈트,C013044,3,헬스/수영용품 > 스킨스쿠버 > 다이빙슈트
롯데ON,C013045,다이빙시계,C013044,3,헬스/수영용품 > 스킨스쿠버 > 다이빙시계
롯데ON,C013046,다이빙신발,C013044,3,헬스/수영용품 > 스킨스쿠버 > 다이빙신발
롯데ON,C013047,다이빙장갑,C013044,3,헬스/수영용품 > 스킨스쿠버 > 다이빙장갑
롯데ON,C013048,다이빙칼,C013044,3,헬스/수영용품 > 스킨스쿠버 > 다이빙칼
롯데ON,C013049,다이빙후드,C013044,3,헬스/수영용품 > 스킨스쿠버 > 다이빙후드
롯데ON,C013050,부력재킷,C013044,3,헬스/수영용품 > 스킨스쿠버 > 부력재킷
롯데ON,C013051,스킨스쿠버장비,C013044,3,헬스/수영용품 > 스킨스쿠버 > 스킨스쿠버장비
롯데ON,C013052,오리발/핀서포트,C013044,3,헬스/수영용품 > 스킨스쿠버 > 오리발/핀서포트
롯데ON,C013053,잠수경,C013044,3,헬스/수영용품 > 스킨스쿠버 > 잠수경
롯데ON,C013055,요가/필라테스용품,C013004,2,헬스/수영용품 > 요가/필라테스용품
롯데ON,C013054,기타요가/필라테스용품,C013055,3,헬스/수영용품 > 요가/필라테스용품 > 기타요가/필라테스용품
롯데ON,C013056,마사지,C013055,3,헬스/수영용품 > 요가/필라테스용품 > 마사지
롯데ON,C013057,블록,C013055,3,헬스/수영용품 > 요가/필라테스용품 > 블록
롯데ON,C013058,스트랩,C013055,3,헬스/수영용품 > 요가/필라테스용품 > 스트랩
롯데ON,C013059,요가매트,C013055,3,헬스/수영용품 > 요가/필라테스용품 > 요가매트
롯데ON,C013060,요가밴드,C013055,3,헬스/수영용품 > 요가/필라테스용품 > 요가밴드
롯데ON,C013061,요가타월,C013055,3,헬스/수영용품 > 요가/필라테스용품 > 요가타월
롯데ON,C013062,지압볼,C013055,3,헬스/수영용품 > 요가/필라테스용품 > 지압볼
롯데ON,C013063,짐볼,C013055,3,헬스/수영용품 > 요가/필라테스용품 > 짐볼
롯데ON,C013064,토닝볼,C013055,3,헬스/수영용품 > 요가/필라테스용품 > 토닝볼
롯데ON,C013065,폼롤러,C013055,3,헬스/수영용품 > 요가/필라테스용품 > 폼롤러
롯데ON,C013066,필라테스링,C013055,3,헬스/수영용품 > 요가/필라테스용품 > 필라테스링
롯데ON,C013068,웨이트장비,C013004,2,헬스/수영용품 > 웨이트장비
롯데ON,C013067,딥스바,C013068,3,헬스/수영용품 > 웨이트장비 > 딥스바
롯데ON,C013069,레그프레스,C013068,3,헬스/수영용품 > 웨이트장비 > 레그프레스
롯데ON,C013070,로망체어,C013068,3,헬스/수영용품 > 웨이트장비 > 로망체어
롯데ON,C013071,로잉머신,C013068,3,헬스/수영용품 > 웨이트장비 > 로잉머신
롯데ON,C013072,멀티웨이트세트,C013068,3,헬스/수영용품 > 웨이트장비 > 멀티웨이트세트
롯데ON,C013073,벤치프레스,C013068,3,헬스/수영용품 > 웨이트장비 > 벤치프레스
롯데ON,C013074,스쿼트랙,C013068,3,헬스/수영용품 > 웨이트장비 > 스쿼트랙
롯데ON,C013075,싯업벤치,C013068,3,헬스/수영용품 > 웨이트장비 > 싯업벤치
롯데ON,C013076,이퀼라이저바,C013068,3,헬스/수영용품 > 웨이트장비 > 이퀼라이저바
롯데ON,C013077,일립티컬,C013068,3,헬스/수영용품 > 웨이트장비 > 일립티컬
롯데ON,C013078,치닝디핑기구,C013068,3,헬스/수영용품 > 웨이트장비 > 치닝디핑기구
롯데ON,C013079,평벤치,C013068,3,헬스/수영용품 > 웨이트장비 > 평벤치
롯데ON,C013081,헬스기구,C013004,2,헬스/수영용품 > 헬스기구
롯데ON,C013080,EMS운동기구,C013081,3,헬스/수영용품 > 헬스기구 > EMS운동기구
롯데ON,C013082,거꾸리,C013081,3,헬스/수영용품 > 헬스기구 > 거꾸리
롯데ON,C013083,러닝머신,C013081,3,헬스/수영용품 > 헬스기구 > 러닝머신
롯데ON,C013084,바벨/역기,C013081,3,헬스/수영용품 > 헬스기구 > 바벨/역기
롯데ON,C013085,벨런스보드,C013081,3,헬스/수영용품 > 헬스기구 > 벨런스보드
롯데ON,C013086,벨트마사지기,C013081,3,헬스/수영용품 > 헬스기구 > 벨트마사지기
롯데ON,C013087,복근운동기구,C013081,3,헬스/수영용품 > 헬스기구 > 복근운동기구
롯데ON,C013088,스텝퍼,C013081,3,헬스/수영용품 > 헬스기구 > 스텝퍼
롯데ON,C013089,승마운동기구,C013081,3,헬스/수영용품 > 헬스기구 > 승마운동기구
롯데ON,C013090,진동운동기구,C013081,3,헬스/수영용품 > 헬스기구 > 진동운동기구
롯데ON,C013091,철봉,C013081,3,헬스/수영용품 > 헬스기구 > 철봉
롯데ON,C013092,트위스트,C013081,3,헬스/수영용품 > 헬스기구 > 트위스트
롯데ON,C013093,헬스싸이클,C013081,3,헬스/수영용품 > 헬스기구 > 헬스싸이클
롯데ON,C013095,헬스용품,C013004,2,헬스/수영용품 > 헬스용품
롯데ON,C013094,도어앵커,C013095,3,헬스/수영용품 > 헬스용품 > 도어앵커
롯데ON,C013096,메디슨볼,C013095,3,헬스/수영용품 > 헬스용품 > 메디슨볼
롯데ON,C013097,모래주머니,C013095,3,헬스/수영용품 > 헬스용품 > 모래주머니
롯데ON,C013098,스텝박스,C013095,3,헬스/수영용품 > 헬스용품 > 스텝박스
롯데ON,C013099,스트랩,C013095,3,헬스/수영용품 > 헬스용품 > 스트랩
롯데ON,C013100,스트레칭봉,C013095,3,헬스/수영용품 > 헬스용품 > 스트레칭봉
롯데ON,C013101,아령,C013095,3,헬스/수영용품 > 헬스용품 > 아령
롯데ON,C013102,악력기,C013095,3,헬스/수영용품 > 헬스용품 > 악력기
롯데ON,C013103,완력기,C013095,3,헬스/수영용품 > 헬스용품 > 완력기
롯데ON,C013104,웨이트벨트,C013095,3,헬스/수영용품 > 헬스용품 > 웨이트벨트
롯데ON,C013105,저주파운동기,C013095,3,헬스/수영용품 > 헬스용품 > 저주파운동기
롯데ON,C013106,줄넘기,C013095,3,헬스/수영용품 > 헬스용품 > 줄넘기
롯데ON,C013107,케틀벨,C013095,3,헬스/수영용품 > 헬스용품 > 케틀벨
롯데ON,C013108,튜빙밴드/근력밴드,C013095,3,헬스/수영용품 > 헬스용품 > 튜빙밴드/근력밴드
롯데ON,C013109,트램플린,C013095,3,헬스/수영용품 > 헬스용품 > 트램플린
롯데ON,C013110,폴업밴드/스트레칭밴드,C013095,3,헬스/수영용품 > 헬스용품 > 폴업밴드/스트레칭밴드
롯데ON,C013111,푸쉬업바,C013095,3,헬스/수영용품 > 헬스용품 > 푸쉬업바
롯데ON,C013112,헬스용품정리대,C013095,3,헬스/수영용품 > 헬스용품 > 헬스용품정리대
롯데ON,C013113,헬스장갑,C013095,3,헬스/수영용품 > 헬스용품 > 헬스장갑
롯데ON,C013114,훌라후프,C013095,3,헬스/수영용품 > 헬스용품 > 훌라후프
롯데ON,C013117,화장품/향수,ROOT,1,화장품/향수
롯데ON,C013116,남성화장품,C013117,2,화장품/향수 > 남성화장품
롯데ON,C013115,남성화장품세트,C013116,3,화장품/향수 > 남성화장품 > 남성화장품세트
롯데ON,C013118,로션,C013116,3,화장품/향수 > 남성화장품 > 로션
롯데ON,C013119,마스크/팩,C013116,3,화장품/향수 > 남성화장품 > 마스크/팩
롯데ON,C013120,메이크업,C013116,3,화장품/향수 > 남성화장품 > 메이크업
롯데ON,C013121,선크림,C013116,3,화장품/향수 > 남성화장품 > 선크림
롯데ON,C013122,쉐이빙폼,C013116,3,화장품/향수 > 남성화장품 > 쉐이빙폼
롯데ON,C013123,스크럽,C013116,3,화장품/향수 > 남성화장품 > 스크럽
롯데ON,C013124,스킨,C013116,3,화장품/향수 > 남성화장품 > 스킨
롯데ON,C013125,아이케어,C013116,3,화장품/향수 > 남성화장품 > 아이케어
롯데ON,C013126,에센스,C013116,3,화장품/향수 > 남성화장품 > 에센스
롯데ON,C013127,올인원,C013116,3,화장품/향수 > 남성화장품 > 올인원
롯데ON,C013128,크림,C013116,3,화장품/향수 > 남성화장품 > 크림
롯데ON,C013129,클렌징,C013116,3,화장품/향수 > 남성화장품 > 클렌징
롯데ON,C013131,네일아트소품,C013117,2,화장품/향수 > 네일아트소품
롯데ON,C013130,글리터,C013131,3,화장품/향수 > 네일아트소품 > 글리터
롯데ON,C013132,네일스텐실,C013131,3,화장품/향수 > 네일아트소품 > 네일스텐실
롯데ON,C013133,네일스티커,C013131,3,화장품/향수 > 네일아트소품 > 네일스티커
롯데ON,C013134,네일팁,C013131,3,화장품/향수 > 네일아트소품 > 네일팁
롯데ON,C013135,본드,C013131,3,화장품/향수 > 네일아트소품 > 본드
롯데ON,C013136,씰,C013131,3,화장품/향수 > 네일아트소품 > 씰
롯데ON,C013137,워터데칼,C013131,3,화장품/향수 > 네일아트소품 > 워터데칼
롯데ON,C013138,인조손톱,C013131,3,화장품/향수 > 네일아트소품 > 인조손톱
롯데ON,C013139,파츠,C013131,3,화장품/향수 > 네일아트소품 > 파츠
롯데ON,C013141,네일케어,C013117,2,화장품/향수 > 네일케어
롯데ON,C013140,네일세트,C013141,3,화장품/향수 > 네일케어 > 네일세트
롯데ON,C013143,일반네일,C013141,3,화장품/향수 > 네일케어 > 일반네일
롯데ON,C013142,베이스코트,C013143,4,화장품/향수 > 네일케어 > 일반네일 > 베이스코트
롯데ON,C013144,일반네일리무버,C013143,4,화장품/향수 > 네일케어 > 일반네일 > 일반네일리무버
롯데ON,C013145,컬러매니큐어,C013143,4,화장품/향수 > 네일케어 > 일반네일 > 컬러매니큐어
롯데ON,C013146,탑코트,C013143,4,화장품/향수 > 네일케어 > 일반네일 > 탑코트
롯데ON,C013148,젤네일,C013141,3,화장품/향수 > 네일케어 > 젤네일
롯데ON,C013147,베이스젤,C013148,4,화장품/향수 > 네일케어 > 젤네일 > 베이스젤
롯데ON,C013149,쏙오프용품,C013148,4,화장품/향수 > 네일케어 > 젤네일 > 쏙오프용품
롯데ON,C013150,엣지본더,C013148,4,화장품/향수 > 네일케어 > 젤네일 > 엣지본더
롯데ON,C013151,젤네일리무버,C013148,4,화장품/향수 > 네일케어 > 젤네일 > 젤네일리무버
롯데ON,C013152,컬러젤,C013148,4,화장품/향수 > 네일케어 > 젤네일 > 컬러젤
롯데ON,C013153,탑젤,C013148,4,화장품/향수 > 네일케어 > 젤네일 > 탑젤
롯데ON,C013155,큐티클/영양,C013141,3,화장품/향수 > 네일케어 > 큐티클/영양
롯데ON,C013154,손톱강화제,C013155,4,화장품/향수 > 네일케어 > 큐티클/영양 > 손톱강화제
롯데ON,C013156,손톱영양제,C013155,4,화장품/향수 > 네일케어 > 큐티클/영양 > 손톱영양제
롯데ON,C013157,큐티클케어,C013155,4,화장품/향수 > 네일케어 > 큐티클/영양 > 큐티클케어
롯데ON,C013159,네일케어도구,C013117,2,화장품/향수 > 네일케어도구
롯데ON,C013158,니퍼,C013159,3,화장품/향수 > 네일케어도구 > 니퍼
롯데ON,C013160,샌딩블럭,C013159,3,화장품/향수 > 네일케어도구 > 샌딩블럭
롯데ON,C013161,손톱깎이,C013159,3,화장품/향수 > 네일케어도구 > 손톱깎이
롯데ON,C013162,우드스틱,C013159,3,화장품/향수 > 네일케어도구 > 우드스틱
롯데ON,C013163,클리퍼,C013159,3,화장품/향수 > 네일케어도구 > 클리퍼
롯데ON,C013164,파일/버퍼,C013159,3,화장품/향수 > 네일케어도구 > 파일/버퍼
롯데ON,C013165,푸셔,C013159,3,화장품/향수 > 네일케어도구 > 푸셔
롯데ON,C013167,마스크/팩,C013117,2,화장품/향수 > 마스크/팩
롯데ON,C013166,기타패치,C013167,3,화장품/향수 > 마스크/팩 > 기타패치
롯데ON,C013168,마사지크림/젤,C013167,3,화장품/향수 > 마스크/팩 > 마사지크림/젤
롯데ON,C013169,마스크팩,C013167,3,화장품/향수 > 마스크/팩 > 마스크팩
롯데ON,C013170,슬리핑팩,C013167,3,화장품/향수 > 마스크/팩 > 슬리핑팩
롯데ON,C013171,아이패치,C013167,3,화장품/향수 > 마스크/팩 > 아이패치
롯데ON,C013172,워시오프팩,C013167,3,화장품/향수 > 마스크/팩 > 워시오프팩
롯데ON,C013173,코팩,C013167,3,화장품/향수 > 마스크/팩 > 코팩
롯데ON,C013174,필오프팩,C013167,3,화장품/향수 > 마스크/팩 > 필오프팩
롯데ON,C013176,베이스메이크업,C013117,2,화장품/향수 > 베이스메이크업
롯데ON,C013175,BB크림/CC크림,C013176,3,화장품/향수 > 베이스메이크업 > BB크림/CC크림
롯데ON,C013177,메이크업베이스,C013176,3,화장품/향수 > 베이스메이크업 > 메이크업베이스
롯데ON,C013178,베이스메이크업세트,C013176,3,화장품/향수 > 베이스메이크업 > 베이스메이크업세트
롯데ON,C013179,컨실러,C013176,3,화장품/향수 > 베이스메이크업 > 컨실러
롯데ON,C013180,쿠션,C013176,3,화장품/향수 > 베이스메이크업 > 쿠션
롯데ON,C013181,톤업크림,C013176,3,화장품/향수 > 베이스메이크업 > 톤업크림
롯데ON,C013182,트윈케이크,C013176,3,화장품/향수 > 베이스메이크업 > 트윈케이크
롯데ON,C013183,파우더,C013176,3,화장품/향수 > 베이스메이크업 > 파우더
롯데ON,C013184,파운데이션,C013176,3,화장품/향수 > 베이스메이크업 > 파운데이션
롯데ON,C013185,팩트,C013176,3,화장품/향수 > 베이스메이크업 > 팩트
롯데ON,C013186,프라이머,C013176,3,화장품/향수 > 베이스메이크업 > 프라이머
롯데ON,C013188,뷰티소품,C013117,2,화장품/향수 > 뷰티소품
롯데ON,C013187,메이크업정리함,C013188,3,화장품/향수 > 뷰티소품 > 메이크업정리함
롯데ON,C013189,바디소품,C013188,3,화장품/향수 > 뷰티소품 > 바디소품
롯데ON,C013190,손거울/휴대거울,C013188,3,화장품/향수 > 뷰티소품 > 손거울/휴대거울
롯데ON,C013192,아이소품,C013188,3,화장품/향수 > 뷰티소품 > 아이소품
롯데ON,C013191,브로우관리소품,C013192,4,화장품/향수 > 뷰티소품 > 아이소품 > 브로우관리소품
롯데ON,C013193,샤프너,C013192,4,화장품/향수 > 뷰티소품 > 아이소품 > 샤프너
롯데ON,C013194,속눈썹관리소품,C013192,4,화장품/향수 > 뷰티소품 > 아이소품 > 속눈썹관리소품
롯데ON,C013195,쌍꺼풀관리소품,C013192,4,화장품/향수 > 뷰티소품 > 아이소품 > 쌍꺼풀관리소품
롯데ON,C013196,족집게,C013192,4,화장품/향수 > 뷰티소품 > 아이소품 > 족집게
롯데ON,C013198,위생용품,C013188,3,화장품/향수 > 뷰티소품 > 위생용품
롯데ON,C013197,면봉,C013198,4,화장품/향수 > 뷰티소품 > 위생용품 > 면봉
롯데ON,C013199,화장솜,C013198,4,화장품/향수 > 뷰티소품 > 위생용품 > 화장솜
롯데ON,C013201,클렌징소품,C013188,3,화장품/향수 > 뷰티소품 > 클렌징소품
롯데ON,C013200,각질관리기,C013201,4,화장품/향수 > 뷰티소품 > 클렌징소품 > 각질관리기
롯데ON,C013202,거품망/곤약/해면,C013201,4,화장품/향수 > 뷰티소품 > 클렌징소품 > 거품망/곤약/해면
롯데ON,C013203,클렌징브러쉬,C013201,4,화장품/향수 > 뷰티소품 > 클렌징소품 > 클렌징브러쉬
롯데ON,C013205,페이스소품,C013188,3,화장품/향수 > 뷰티소품 > 페이스소품
롯데ON,C013204,기름종이,C013205,4,화장품/향수 > 뷰티소품 > 페이스소품 > 기름종이
롯데ON,C013206,브러쉬,C013205,4,화장품/향수 > 뷰티소품 > 페이스소품 > 브러쉬
롯데ON,C013207,퍼프,C013205,4,화장품/향수 > 뷰티소품 > 페이스소품 > 퍼프
롯데ON,C013208,헤나/타투,C013188,3,화장품/향수 > 뷰티소품 > 헤나/타투
롯데ON,C013210,헤어소품,C013188,3,화장품/향수 > 뷰티소품 > 헤어소품
롯데ON,C013209,고정핀,C013210,4,화장품/향수 > 뷰티소품 > 헤어소품 > 고정핀
롯데ON,C013211,미용가위,C013210,4,화장품/향수 > 뷰티소품 > 헤어소품 > 미용가위
롯데ON,C013212,부분가발,C013210,4,화장품/향수 > 뷰티소품 > 헤어소품 > 부분가발
롯데ON,C013213,붙임머리,C013210,4,화장품/향수 > 뷰티소품 > 헤어소품 > 붙임머리
롯데ON,C013214,빗/헤어브러쉬,C013210,4,화장품/향수 > 뷰티소품 > 헤어소품 > 빗/헤어브러쉬
롯데ON,C013215,염색/파마용품,C013210,4,화장품/향수 > 뷰티소품 > 헤어소품 > 염색/파마용품
롯데ON,C013216,통가발,C013210,4,화장품/향수 > 뷰티소품 > 헤어소품 > 통가발
롯데ON,C013217,헤어롤,C013210,4,화장품/향수 > 뷰티소품 > 헤어소품 > 헤어롤
롯데ON,C013218,화장품파우치,C013188,3,화장품/향수 > 뷰티소품 > 화장품파우치
롯데ON,C013221,색조메이크업,C013117,2,화장품/향수 > 색조메이크업
롯데ON,C013220,립메이크업,C013221,3,화장품/향수 > 색조메이크업 > 립메이크업
롯데ON,C013219,립글로스,C013220,4,화장품/향수 > 색조메이크업 > 립메이크업 > 립글로스
롯데ON,C013222,립라이너,C013220,4,화장품/향수 > 색조메이크업 > 립메이크업 > 립라이너
롯데ON,C013223,립밤,C013220,4,화장품/향수 > 색조메이크업 > 립메이크업 > 립밤
롯데ON,C013224,립스틱,C013220,4,화장품/향수 > 색조메이크업 > 립메이크업 > 립스틱
롯데ON,C013225,립케어,C013220,4,화장품/향수 > 색조메이크업 > 립메이크업 > 립케어
롯데ON,C013226,립틴트,C013220,4,화장품/향수 > 색조메이크업 > 립메이크업 > 립틴트
롯데ON,C013227,블러셔,C013221,3,화장품/향수 > 색조메이크업 > 블러셔
롯데ON,C013228,색조메이크업세트,C013221,3,화장품/향수 > 색조메이크업 > 색조메이크업세트
롯데ON,C013229,쉐딩,C013221,3,화장품/향수 > 색조메이크업 > 쉐딩
롯데ON,C013231,아이메이크업,C013221,3,화장품/향수 > 색조메이크업 > 아이메이크업
롯데ON,C013230,마스카라,C013231,4,화장품/향수 > 색조메이크업 > 아이메이크업 > 마스카라
롯데ON,C013232,속눈썹영양제,C013231,4,화장품/향수 > 색조메이크업 > 아이메이크업 > 속눈썹영양제
롯데ON,C013233,아이라이너,C013231,4,화장품/향수 > 색조메이크업 > 아이메이크업 > 아이라이너
롯데ON,C013234,아이메이크업세트,C013231,4,화장품/향수 > 색조메이크업 > 아이메이크업 > 아이메이크업세트
롯데ON,C013235,아이브로우,C013231,4,화장품/향수 > 색조메이크업 > 아이메이크업 > 아이브로우
롯데ON,C013236,아이섀도우,C013231,4,화장품/향수 > 색조메이크업 > 아이메이크업 > 아이섀도우
롯데ON,C013237,하이라이터,C013221,3,화장품/향수 > 색조메이크업 > 하이라이터
롯데ON,C013239,선케어,C013117,2,화장품/향수 > 선케어
롯데ON,C013238,선스틱/밤,C013239,3,화장품/향수 > 선케어 > 선스틱/밤
롯데ON,C013240,선스프레이,C013239,3,화장품/향수 > 선케어 > 선스프레이
롯데ON,C013241,선크림,C013239,3,화장품/향수 > 선케어 > 선크림
롯데ON,C013242,선파우더/팩트,C013239,3,화장품/향수 > 선케어 > 선파우더/팩트
롯데ON,C013243,애프터선,C013239,3,화장품/향수 > 선케어 > 애프터선
롯데ON,C013244,태닝로션/오일,C013239,3,화장품/향수 > 선케어 > 태닝로션/오일
롯데ON,C013245,태닝용품,C013239,3,화장품/향수 > 선케어 > 태닝용품
롯데ON,C013247,스킨케어,C013117,2,화장품/향수 > 스킨케어
롯데ON,C013246,넥케어,C013247,3,화장품/향수 > 스킨케어 > 넥케어
롯데ON,C013248,로션/에멀젼,C013247,3,화장품/향수 > 스킨케어 > 로션/에멀젼
롯데ON,C013249,미스트,C013247,3,화장품/향수 > 스킨케어 > 미스트
롯데ON,C013250,스킨/토너,C013247,3,화장품/향수 > 스킨케어 > 스킨/토너
롯데ON,C013251,아이케어,C013247,3,화장품/향수 > 스킨케어 > 아이케어
롯데ON,C013252,에센스/세럼,C013247,3,화장품/향수 > 스킨케어 > 에센스/세럼
롯데ON,C013253,오일,C013247,3,화장품/향수 > 스킨케어 > 오일
롯데ON,C013254,크림,C013247,3,화장품/향수 > 스킨케어 > 크림
롯데ON,C013255,화장품세트,C013247,3,화장품/향수 > 스킨케어 > 화장품세트
롯데ON,C013257,클렌징,C013117,2,화장품/향수 > 클렌징
롯데ON,C013256,립아이리무버,C013257,3,화장품/향수 > 클렌징 > 립아이리무버
롯데ON,C013258,스크럽,C013257,3,화장품/향수 > 클렌징 > 스크럽
롯데ON,C013259,클렌징로션,C013257,3,화장품/향수 > 클렌징 > 클렌징로션
롯데ON,C013260,클렌징비누,C013257,3,화장품/향수 > 클렌징 > 클렌징비누
롯데ON,C013261,클렌징세트,C013257,3,화장품/향수 > 클렌징 > 클렌징세트
롯데ON,C013262,클렌징오일,C013257,3,화장품/향수 > 클렌징 > 클렌징오일
롯데ON,C013263,클렌징워터,C013257,3,화장품/향수 > 클렌징 > 클렌징워터
롯데ON,C013264,클렌징젤,C013257,3,화장품/향수 > 클렌징 > 클렌징젤
롯데ON,C013265,클렌징크림,C013257,3,화장품/향수 > 클렌징 > 클렌징크림
롯데ON,C013266,클렌징티슈,C013257,3,화장품/향수 > 클렌징 > 클렌징티슈
롯데ON,C013267,클렌징파우더,C013257,3,화장품/향수 > 클렌징 > 클렌징파우더
롯데ON,C013268,클렌징폼,C013257,3,화장품/향수 > 클렌징 > 클렌징폼
롯데ON,C013270,향수,C013117,2,화장품/향수 > 향수
롯데ON,C013269,남녀공용향수,C013270,3,화장품/향수 > 향수 > 남녀공용향수
롯데ON,C013271,남성향수,C013270,3,화장품/향수 > 향수 > 남성향수
롯데ON,C013272,여성향수,C013270,3,화장품/향수 > 향수 > 여성향수
롯데ON,C013273,향수세트,C013270,3,화장품/향수 > 향수 > 향수세트
롯데ON,C013277,휴대폰/악세서리,ROOT,1,휴대폰/악세서리
롯데ON,C013276,휴대폰,C013277,2,휴대폰/악세서리 > 휴대폰
롯데ON,C013275,KT,C013276,3,휴대폰/악세서리 > 휴대폰 > KT
롯데ON,C013274,KT기기변경,C013275,4,휴대폰/악세서리 > 휴대폰 > KT > KT기기변경
롯데ON,C013278,KT번호이동,C013275,4,휴대폰/악세서리 > 휴대폰 > KT > KT번호이동
롯데ON,C013279,KT신규가입,C013275,4,휴대폰/악세서리 > 휴대폰 > KT > KT신규가입
롯데ON,C013281,LGU+,C013276,3,휴대폰/악세서리 > 휴대폰 > LGU+
롯데ON,C013280,LGU+기기변경,C013281,4,휴대폰/악세서리 > 휴대폰 > LGU+ > LGU+기기변경
롯데ON,C013282,LGU+번호이동,C013281,4,휴대폰/악세서리 > 휴대폰 > LGU+ > LGU+번호이동
롯데ON,C013283,LGU+신규가입,C013281,4,휴대폰/악세서리 > 휴대폰 > LGU+ > LGU+신규가입
롯데ON,C013285,SKT,C013276,3,휴대폰/악세서리 > 휴대폰 > SKT
롯데ON,C013284,SKT기기변경,C013285,4,휴대폰/악세서리 > 휴대폰 > SKT > SKT기기변경
롯데ON,C013286,SKT번호이동,C013285,4,휴대폰/악세서리 > 휴대폰 > SKT > SKT번호이동
롯데ON,C013287,SKT신규가입,C013285,4,휴대폰/악세서리 > 휴대폰 > SKT > SKT신규가입
롯데ON,C013288,USIM칩,C013276,3,휴대폰/악세서리 > 휴대폰 > USIM칩
롯데ON,C013289,공기계,C013276,3,휴대폰/악세서리 > 휴대폰 > 공기계
롯데ON,C013291,알뜰폰,C013276,3,휴대폰/악세서리 > 휴대폰 > 알뜰폰
롯데ON,C013290,알뜰폰기기변경,C013291,4,휴대폰/악세서리 > 휴대폰 > 알뜰폰 > 알뜰폰기기변경
롯데ON,C013292,알뜰폰번호이동,C013291,4,휴대폰/악세서리 > 휴대폰 > 알뜰폰 > 알뜰폰번호이동
롯데ON,C013293,알뜰폰신규가입,C013291,4,휴대폰/악세서리 > 휴대폰 > 알뜰폰 > 알뜰폰신규가입
롯데ON,C013294,자급제폰,C013276,3,휴대폰/악세서리 > 휴대폰 > 자급제폰
롯데ON,C013296,휴대폰액세서리,C013277,2,휴대폰/악세서리 > 휴대폰액세서리
롯데ON,C013295,거치대,C013296,3,휴대폰/악세서리 > 휴대폰액세서리 > 거치대
롯데ON,C013297,기타액세서리,C013296,3,휴대폰/악세서리 > 휴대폰액세서리 > 기타액세서리
롯데ON,C013298,렌즈,C013296,3,휴대폰/악세서리 > 휴대폰액세서리 > 렌즈
롯데ON,C013299,메모리리더기,C013296,3,휴대폰/악세서리 > 휴대폰액세서리 > 메모리리더기
롯데ON,C013300,방수팩,C013296,3,휴대폰/악세서리 > 휴대폰액세서리 > 방수팩
롯데ON,C013301,보조배터리,C013296,3,휴대폰/악세서리 > 휴대폰액세서리 > 보조배터리
롯데ON,C013302,보호필름,C013296,3,휴대폰/악세서리 > 휴대폰액세서리 > 보호필름
롯데ON,C013303,셀카봉/삼각대,C013296,3,휴대폰/악세서리 > 휴대폰액세서리 > 셀카봉/삼각대
롯데ON,C013304,스트랩,C013296,3,휴대폰/악세서리 > 휴대폰액세서리 > 스트랩
롯데ON,C013305,어댑터,C013296,3,휴대폰/악세서리 > 휴대폰액세서리 > 어댑터
롯데ON,C013306,젠더,C013296,3,휴대폰/악세서리 > 휴대폰액세서리 > 젠더
롯데ON,C013307,충전기,C013296,3,휴대폰/악세서리 > 휴대폰액세서리 > 충전기
롯데ON,C013308,케이블,C013296,3,휴대폰/악세서리 > 휴대폰액세서리 > 케이블
롯데ON,C013309,케이스,C013296,3,휴대폰/악세서리 > 휴대폰액세서리 > 케이스
롯데ON,C013313,해외직구,ROOT,1,해외직구
롯데ON,C013312,뷰티헬스,C013313,2,해외직구 > 뷰티헬스
롯데ON,C013311,메이크업,C013312,3,해외직구 > 뷰티헬스 > 메이크업
롯데ON,C013310,립,C013311,4,해외직구 > 뷰티헬스 > 메이크업 > 립
롯데ON,C013314,베이스,C013311,4,해외직구 > 뷰티헬스 > 메이크업 > 베이스
롯데ON,C013315,아이,C013311,4,해외직구 > 뷰티헬스 > 메이크업 > 아이
롯데ON,C013316,치크,C013311,4,해외직구 > 뷰티헬스 > 메이크업 > 치크
롯데ON,C013318,스킨케어,C013312,3,해외직구 > 뷰티헬스 > 스킨케어
롯데ON,C013317,로션,C013318,4,해외직구 > 뷰티헬스 > 스킨케어 > 로션
롯데ON,C013319,마스크팩,C013318,4,해외직구 > 뷰티헬스 > 스킨케어 > 마스크팩
롯데ON,C013320,선케어,C013318,4,해외직구 > 뷰티헬스 > 스킨케어 > 선케어
롯데ON,C013321,스킨/토너,C013318,4,해외직구 > 뷰티헬스 > 스킨케어 > 스킨/토너
롯데ON,C013322,에센스,C013318,4,해외직구 > 뷰티헬스 > 스킨케어 > 에센스
롯데ON,C013323,크림,C013318,4,해외직구 > 뷰티헬스 > 스킨케어 > 크림
롯데ON,C013324,클렌징,C013318,4,해외직구 > 뷰티헬스 > 스킨케어 > 클렌징
롯데ON,C013326,향수,C013312,3,해외직구 > 뷰티헬스 > 향수
롯데ON,C013325,남성향수,C013326,4,해외직구 > 뷰티헬스 > 향수 > 남성향수
롯데ON,C013327,여성향수,C013326,4,해외직구 > 뷰티헬스 > 향수 > 여성향수
롯데ON,C013329,헤어바디네일,C013312,3,해외직구 > 뷰티헬스 > 헤어바디네일
롯데ON,C013328,네일/풋케어,C013329,4,해외직구 > 뷰티헬스 > 헤어바디네일 > 네일/풋케어
롯데ON,C013330,바디케어,C013329,4,해외직구 > 뷰티헬스 > 헤어바디네일 > 바디케어
롯데ON,C013331,핸드크림,C013329,4,해외직구 > 뷰티헬스 > 헤어바디네일 > 핸드크림
롯데ON,C013332,헤어케어,C013329,4,해외직구 > 뷰티헬스 > 헤어바디네일 > 헤어케어
롯데ON,C013334,생활용품,C013313,2,해외직구 > 생활용품
롯데ON,C013333,건강/의료용품,C013334,3,해외직구 > 생활용품 > 건강/의료용품
롯데ON,C013335,공구/철물/DIY,C013334,3,해외직구 > 생활용품 > 공구/철물/DIY
롯데ON,C013336,구강청결,C013334,3,해외직구 > 생활용품 > 구강청결
롯데ON,C013337,면도기,C013334,3,해외직구 > 생활용품 > 면도기
롯데ON,C013338,생활잡화,C013334,3,해외직구 > 생활용품 > 생활잡화
롯데ON,C013339,생활전기용품,C013334,3,해외직구 > 생활용품 > 생활전기용품
롯데ON,C013340,성인용품,C013334,3,해외직구 > 생활용품 > 성인용품
롯데ON,C013341,세제,C013334,3,해외직구 > 생활용품 > 세제
롯데ON,C013342,세탁/청소용품,C013334,3,해외직구 > 생활용품 > 세탁/청소용품
롯데ON,C013343,안전/호신용품,C013334,3,해외직구 > 생활용품 > 안전/호신용품
롯데ON,C013344,화장지/티슈,C013334,3,해외직구 > 생활용품 > 화장지/티슈
롯데ON,C013346,수입명품,C013313,2,해외직구 > 수입명품
롯데ON,C013345,명품남성가방,C013346,3,해외직구 > 수입명품 > 명품남성가방
롯데ON,C013347,명품남성신발,C013346,3,해외직구 > 수입명품 > 명품남성신발
롯데ON,C013348,명품남성의류,C013346,3,해외직구 > 수입명품 > 명품남성의류
롯데ON,C013349,명품남성지갑,C013346,3,해외직구 > 수입명품 > 명품남성지갑
롯데ON,C013350,명품시계,C013346,3,해외직구 > 수입명품 > 명품시계
롯데ON,C013351,명품아동신발,C013346,3,해외직구 > 수입명품 > 명품아동신발
롯데ON,C013352,명품아동의류,C013346,3,해외직구 > 수입명품 > 명품아동의류
롯데ON,C013353,명품여성가방,C013346,3,해외직구 > 수입명품 > 명품여성가방
롯데ON,C013354,명품여성신발,C013346,3,해외직구 > 수입명품 > 명품여성신발
롯데ON,C013355,명품여성의류,C013346,3,해외직구 > 수입명품 > 명품여성의류
롯데ON,C013356,명품여성지갑,C013346,3,해외직구 > 수입명품 > 명품여성지갑
롯데ON,C013357,명품여행가방,C013346,3,해외직구 > 수입명품 > 명품여행가방
롯데ON,C013358,명품잡화,C013346,3,해외직구 > 수입명품 > 명품잡화
롯데ON,C013359,명품주얼리,C013346,3,해외직구 > 수입명품 > 명품주얼리
롯데ON,C013360,스윔수트,C013346,3,해외직구 > 수입명품 > 스윔수트
롯데ON,C013361,언더웨어,C013346,3,해외직구 > 수입명품 > 언더웨어
롯데ON,C013363,스포츠/레저,C013313,2,해외직구 > 스포츠/레저
롯데ON,C013362,골프,C013363,3,해외직구 > 스포츠/레저 > 골프
롯데ON,C013364,구기/라켓스포츠,C013363,3,해외직구 > 스포츠/레저 > 구기/라켓스포츠
롯데ON,C013365,기타스포츠,C013363,3,해외직구 > 스포츠/레저 > 기타스포츠
롯데ON,C013366,낚시,C013363,3,해외직구 > 스포츠/레저 > 낚시
롯데ON,C013367,남성스포츠의류,C013363,3,해외직구 > 스포츠/레저 > 남성스포츠의류
롯데ON,C013368,등산/아웃도어,C013363,3,해외직구 > 스포츠/레저 > 등산/아웃도어
롯데ON,C013369,수영/수상스포츠,C013363,3,해외직구 > 스포츠/레저 > 수영/수상스포츠
롯데ON,C013370,스포츠잡화,C013363,3,해외직구 > 스포츠/레저 > 스포츠잡화
롯데ON,C013371,여성스포츠의류,C013363,3,해외직구 > 스포츠/레저 > 여성스포츠의류
롯데ON,C013372,자전거,C013363,3,해외직구 > 스포츠/레저 > 자전거
롯데ON,C013373,캠핑주방용품,C013363,3,해외직구 > 스포츠/레저 > 캠핑주방용품
롯데ON,C013374,헬스/요가,C013363,3,해외직구 > 스포츠/레저 > 헬스/요가
롯데ON,C013376,해외패션,C013313,2,해외직구 > 해외패션
롯데ON,C013375,남성가방,C013376,3,해외직구 > 해외패션 > 남성가방
롯데ON,C013377,남성신발,C013376,3,해외직구 > 해외패션 > 남성신발
롯데ON,C013378,남성의류,C013376,3,해외직구 > 해외패션 > 남성의류
롯데ON,C013379,남성지갑,C013376,3,해외직구 > 해외패션 > 남성지갑
롯데ON,C013380,스윔수트,C013376,3,해외직구 > 해외패션 > 스윔수트
롯데ON,C013381,시계,C013376,3,해외직구 > 해외패션 > 시계
롯데ON,C013382,아동신발,C013376,3,해외직구 > 해외패션 > 아동신발
롯데ON,C013383,아동의류,C013376,3,해외직구 > 해외패션 > 아동의류
롯데ON,C013384,언더웨어,C013376,3,해외직구 > 해외패션 > 언더웨어
롯데ON,C013385,여성가방,C013376,3,해외직구 > 해외패션 > 여성가방
롯데ON,C013386,여성신발,C013376,3,해외직구 > 해외패션 > 여성신발
롯데ON,C013387,여성의류,C013376,3,해외직구 > 해외패션 > 여성의류
롯데ON,C013388,여성지갑,C013376,3,해외직구 > 해외패션 > 여성지갑
롯데ON,C013389,여행가방,C013376,3,해외직구 > 해외패션 > 여행가방
롯데ON,C013390,주얼리,C013376,3,해외직구 > 해외패션 > 주얼리
롯데ON,C013391,패션잡화,C013376,3,해외직구 > 해외패션 > 패션잡화
G마켓2.0,C013394,PC주변기기,ROOT,1,PC주변기기
G마켓2.0,C013393,ODD,C013394,2,PC주변기기 > ODD
G마켓2.0,C013392,CD-ROM/RW,C013393,3,PC주변기기 > ODD > CD-ROM/RW
G마켓2.0,C013395,DVD-ROM/RW,C013393,3,PC주변기기 > ODD > DVD-ROM/RW
G마켓2.0,C013396,블루레이드라이브,C013393,3,PC주변기기 > ODD > 블루레이드라이브
G마켓2.0,C013398,PC부품,C013394,2,PC주변기기 > PC부품
G마켓2.0,C013397,CPU,C013398,3,PC주변기기 > PC부품 > CPU
G마켓2.0,C013399,PC케이스,C013398,3,PC주변기기 > PC부품 > PC케이스
G마켓2.0,C013400,RAM,C013398,3,PC주변기기 > PC부품 > RAM
G마켓2.0,C013401,그래픽카드,C013398,3,PC주변기기 > PC부품 > 그래픽카드
G마켓2.0,C013402,기타PC부품,C013398,3,PC주변기기 > PC부품 > 기타PC부품
G마켓2.0,C013403,메인보드,C013398,3,PC주변기기 > PC부품 > 메인보드
G마켓2.0,C013404,쿨러,C013398,3,PC주변기기 > PC부품 > 쿨러
G마켓2.0,C013405,파워서플라이,C013398,3,PC주변기기 > PC부품 > 파워서플라이
G마켓2.0,C013407,PC영상/음향기기,C013394,2,PC주변기기 > PC영상/음향기기
G마켓2.0,C013406,PC마이크,C013407,3,PC주변기기 > PC영상/음향기기 > PC마이크
G마켓2.0,C013408,PC스피커,C013407,3,PC주변기기 > PC영상/음향기기 > PC스피커
G마켓2.0,C013409,PC카메라,C013407,3,PC주변기기 > PC영상/음향기기 > PC카메라
G마켓2.0,C013410,PC헤드셋,C013407,3,PC주변기기 > PC영상/음향기기 > PC헤드셋
G마켓2.0,C013411,TV수신카드,C013407,3,PC주변기기 > PC영상/음향기기 > TV수신카드
G마켓2.0,C013412,사운드카드,C013407,3,PC주변기기 > PC영상/음향기기 > 사운드카드
G마켓2.0,C013413,영상편집카드,C013407,3,PC주변기기 > PC영상/음향기기 > 영상편집카드
G마켓2.0,C013415,PC주변용품,C013394,2,PC주변기기 > PC주변용품
G마켓2.0,C013414,PC받침대,C013415,3,PC주변기기 > PC주변용품 > PC받침대
G마켓2.0,C013416,PC청소용품,C013415,3,PC주변기기 > PC주변용품 > PC청소용품
G마켓2.0,C013417,USB라이트,C013415,3,PC주변기기 > PC주변용품 > USB라이트
G마켓2.0,C013418,기타PC주변용품,C013415,3,PC주변기기 > PC주변용품 > 기타PC주변용품
G마켓2.0,C013419,마우스패드,C013415,3,PC주변기기 > PC주변용품 > 마우스패드
G마켓2.0,C013420,케이블정리용품,C013415,3,PC주변기기 > PC주변용품 > 케이블정리용품
G마켓2.0,C013422,네트워크장비,C013394,2,PC주변기기 > 네트워크장비
G마켓2.0,C013421,AP,C013422,3,PC주변기기 > 네트워크장비 > AP
G마켓2.0,C013423,KVM스위치,C013422,3,PC주변기기 > 네트워크장비 > KVM스위치
G마켓2.0,C013424,USB동글,C013422,3,PC주변기기 > 네트워크장비 > USB동글
G마켓2.0,C013425,USB허브,C013422,3,PC주변기기 > 네트워크장비 > USB허브
G마켓2.0,C013426,공유기,C013422,3,PC주변기기 > 네트워크장비 > 공유기
G마켓2.0,C013427,기타네트워크장비,C013422,3,PC주변기기 > 네트워크장비 > 기타네트워크장비
G마켓2.0,C013428,랜카드,C013422,3,PC주변기기 > 네트워크장비 > 랜카드
G마켓2.0,C013429,랜툴,C013422,3,PC주변기기 > 네트워크장비 > 랜툴
G마켓2.0,C013430,리피터,C013422,3,PC주변기기 > 네트워크장비 > 리피터
G마켓2.0,C013431,미라캐스트,C013422,3,PC주변기기 > 네트워크장비 > 미라캐스트
G마켓2.0,C013432,분배기/선택기,C013422,3,PC주변기기 > 네트워크장비 > 분배기/선택기
G마켓2.0,C013433,스위칭허브,C013422,3,PC주변기기 > 네트워크장비 > 스위칭허브
G마켓2.0,C013434,안테나,C013422,3,PC주변기기 > 네트워크장비 > 안테나
G마켓2.0,C013435,컨버터장비,C013422,3,PC주변기기 > 네트워크장비 > 컨버터장비
G마켓2.0,C013436,프린터공유기,C013422,3,PC주변기기 > 네트워크장비 > 프린터공유기
G마켓2.0,C013438,데이터/통신케이블,C013394,2,PC주변기기 > 데이터/통신케이블
G마켓2.0,C013437,IEEE1394케이블,C013438,3,PC주변기기 > 데이터/통신케이블 > IEEE1394케이블
G마켓2.0,C013439,KVM케이블,C013438,3,PC주변기기 > 데이터/통신케이블 > KVM케이블
G마켓2.0,C013440,LAN케이블,C013438,3,PC주변기기 > 데이터/통신케이블 > LAN케이블
G마켓2.0,C013441,PS2케이블,C013438,3,PC주변기기 > 데이터/통신케이블 > PS2케이블
G마켓2.0,C013442,SATA케이블,C013438,3,PC주변기기 > 데이터/통신케이블 > SATA케이블
G마켓2.0,C013443,USB케이블,C013438,3,PC주변기기 > 데이터/통신케이블 > USB케이블
G마켓2.0,C013444,광점퍼코드케이블,C013438,3,PC주변기기 > 데이터/통신케이블 > 광점퍼코드케이블
G마켓2.0,C013445,기타데이터/통신케이블,C013438,3,PC주변기기 > 데이터/통신케이블 > 기타데이터/통신케이블
G마켓2.0,C013446,라이트닝케이블,C013438,3,PC주변기기 > 데이터/통신케이블 > 라이트닝케이블
G마켓2.0,C013447,시리얼/패러럴,C013438,3,PC주변기기 > 데이터/통신케이블 > 시리얼/패러럴
G마켓2.0,C013449,변환/전원케이블,C013394,2,PC주변기기 > 변환/전원케이블
G마켓2.0,C013448,기타변환/전원케이블,C013449,3,PC주변기기 > 변환/전원케이블 > 기타변환/전원케이블
G마켓2.0,C013450,전원케이블,C013449,3,PC주변기기 > 변환/전원케이블 > 전원케이블
G마켓2.0,C013451,젠더/컨버터케이블,C013449,3,PC주변기기 > 변환/전원케이블 > 젠더/컨버터케이블
G마켓2.0,C013453,소프트웨어,C013394,2,PC주변기기 > 소프트웨어
G마켓2.0,C013452,그래픽/멀티미디어,C013453,3,PC주변기기 > 소프트웨어 > 그래픽/멀티미디어
G마켓2.0,C013454,기타소프트웨어,C013453,3,PC주변기기 > 소프트웨어 > 기타소프트웨어
G마켓2.0,C013455,보안/백신/복구,C013453,3,PC주변기기 > 소프트웨어 > 보안/백신/복구
G마켓2.0,C013456,오피스,C013453,3,PC주변기기 > 소프트웨어 > 오피스
G마켓2.0,C013457,운영체제,C013453,3,PC주변기기 > 소프트웨어 > 운영체제
G마켓2.0,C013459,영상/음향케이블,C013394,2,PC주변기기 > 영상/음향케이블
G마켓2.0,C013458,AUX케이블,C013459,3,PC주변기기 > 영상/음향케이블 > AUX케이블
G마켓2.0,C013460,BNC케이블,C013459,3,PC주변기기 > 영상/음향케이블 > BNC케이블
G마켓2.0,C013461,DVI케이블,C013459,3,PC주변기기 > 영상/음향케이블 > DVI케이블
G마켓2.0,C013462,HDMI케이블,C013459,3,PC주변기기 > 영상/음향케이블 > HDMI케이블
G마켓2.0,C013463,RCA케이블,C013459,3,PC주변기기 > 영상/음향케이블 > RCA케이블
G마켓2.0,C013464,RGB케이블,C013459,3,PC주변기기 > 영상/음향케이블 > RGB케이블
G마켓2.0,C013465,S-VHS/S-Video,C013459,3,PC주변기기 > 영상/음향케이블 > S-VHS/S-Video
G마켓2.0,C013466,광케이블,C013459,3,PC주변기기 > 영상/음향케이블 > 광케이블
G마켓2.0,C013467,기타영상/음향케이블,C013459,3,PC주변기기 > 영상/음향케이블 > 기타영상/음향케이블
G마켓2.0,C013468,동축케이블,C013459,3,PC주변기기 > 영상/음향케이블 > 동축케이블
G마켓2.0,C013469,컴포넌트케이블,C013459,3,PC주변기기 > 영상/음향케이블 > 컴포넌트케이블
G마켓2.0,C013471,중고매입서비스,C013394,2,PC주변기기 > 중고매입서비스
G마켓2.0,C013470,PC본체,C013471,3,PC주변기기 > 중고매입서비스 > PC본체
G마켓2.0,C013472,PC부품,C013471,3,PC주변기기 > 중고매입서비스 > PC부품
G마켓2.0,C013473,노트북,C013471,3,PC주변기기 > 중고매입서비스 > 노트북
G마켓2.0,C013474,모니터,C013471,3,PC주변기기 > 중고매입서비스 > 모니터
G마켓2.0,C013476,키보드/마우스 주변기기,C013394,2,PC주변기기 > 키보드/마우스 주변기기
G마켓2.0,C013475,기타PC입력장치,C013476,3,PC주변기기 > 키보드/마우스 주변기기 > 기타PC입력장치
G마켓2.0,C013477,마우스,C013476,3,PC주변기기 > 키보드/마우스 주변기기 > 마우스
G마켓2.0,C013478,키보드,C013476,3,PC주변기기 > 키보드/마우스 주변기기 > 키보드
G마켓2.0,C013479,키보드/마우스세트,C013476,3,PC주변기기 > 키보드/마우스 주변기기 > 키보드/마우스세트
G마켓2.0,C013480,키보드스킨,C013476,3,PC주변기기 > 키보드/마우스 주변기기 > 키보드스킨
G마켓2.0,C013481,키보드키캡,C013476,3,PC주변기기 > 키보드/마우스 주변기기 > 키보드키캡
G마켓2.0,C013482,키패드,C013476,3,PC주변기기 > 키보드/마우스 주변기기 > 키패드
G마켓2.0,C013483,타블렛,C013476,3,PC주변기기 > 키보드/마우스 주변기기 > 타블렛
G마켓2.0,C013484,타블렛용품,C013476,3,PC주변기기 > 키보드/마우스 주변기기 > 타블렛용품
G마켓2.0,C013485,프리젠터/포인터,C013476,3,PC주변기기 > 키보드/마우스 주변기기 > 프리젠터/포인터
G마켓2.0,C013488,가공식품,ROOT,1,가공식품
G마켓2.0,C013487,과자/간식,C013488,2,가공식품 > 과자/간식
G마켓2.0,C013486,가공안주류,C013487,3,가공식품 > 과자/간식 > 가공안주류
G마켓2.0,C013489,간식용소시지,C013487,3,가공식품 > 과자/간식 > 간식용소시지
G마켓2.0,C013490,기타과자/간식,C013487,3,가공식품 > 과자/간식 > 기타과자/간식
G마켓2.0,C013491,껌,C013487,3,가공식품 > 과자/간식 > 껌
G마켓2.0,C013492,뻥튀기/건빵,C013487,3,가공식품 > 과자/간식 > 뻥튀기/건빵
G마켓2.0,C013493,사탕,C013487,3,가공식품 > 과자/간식 > 사탕
G마켓2.0,C013494,스낵,C013487,3,가공식품 > 과자/간식 > 스낵
G마켓2.0,C013495,시리얼,C013487,3,가공식품 > 과자/간식 > 시리얼
G마켓2.0,C013496,원물간식,C013487,3,가공식품 > 과자/간식 > 원물간식
G마켓2.0,C013497,젤리,C013487,3,가공식품 > 과자/간식 > 젤리
G마켓2.0,C013498,초콜릿,C013487,3,가공식품 > 과자/간식 > 초콜릿
G마켓2.0,C013499,캐러멜,C013487,3,가공식품 > 과자/간식 > 캐러멜
G마켓2.0,C013500,쿠키/비스킷,C013487,3,가공식품 > 과자/간식 > 쿠키/비스킷
G마켓2.0,C013501,파이류간식,C013487,3,가공식품 > 과자/간식 > 파이류간식
G마켓2.0,C013503,냉동/간편조리식품,C013488,2,가공식품 > 냉동/간편조리식품
G마켓2.0,C013502,감자튀김,C013503,3,가공식품 > 냉동/간편조리식품 > 감자튀김
G마켓2.0,C013504,기타냉동/간편조리식품,C013503,3,가공식품 > 냉동/간편조리식품 > 기타냉동/간편조리식품
G마켓2.0,C013505,기타튀김,C013503,3,가공식품 > 냉동/간편조리식품 > 기타튀김
G마켓2.0,C013506,동그랑땡,C013503,3,가공식품 > 냉동/간편조리식품 > 동그랑땡
G마켓2.0,C013507,떡볶이,C013503,3,가공식품 > 냉동/간편조리식품 > 떡볶이
G마켓2.0,C013508,또띠야/월남쌈,C013503,3,가공식품 > 냉동/간편조리식품 > 또띠야/월남쌈
G마켓2.0,C013509,만두,C013503,3,가공식품 > 냉동/간편조리식품 > 만두
G마켓2.0,C013510,샐러드,C013503,3,가공식품 > 냉동/간편조리식품 > 샐러드
G마켓2.0,C013511,유부초밥/김밥/주먹밥,C013503,3,가공식품 > 냉동/간편조리식품 > 유부초밥/김밥/주먹밥
G마켓2.0,C013512,즉석국/탕,C013503,3,가공식품 > 냉동/간편조리식품 > 즉석국/탕
G마켓2.0,C013513,즉석조리/볶음요리,C013503,3,가공식품 > 냉동/간편조리식품 > 즉석조리/볶음요리
G마켓2.0,C013514,찌개/찜,C013503,3,가공식품 > 냉동/간편조리식품 > 찌개/찜
G마켓2.0,C013515,치즈스틱,C013503,3,가공식품 > 냉동/간편조리식품 > 치즈스틱
G마켓2.0,C013516,카레/짜장,C013503,3,가공식품 > 냉동/간편조리식품 > 카레/짜장
G마켓2.0,C013517,쿠킹박스,C013503,3,가공식품 > 냉동/간편조리식품 > 쿠킹박스
G마켓2.0,C013518,피자,C013503,3,가공식품 > 냉동/간편조리식품 > 피자
G마켓2.0,C013519,핫도그/햄버거,C013503,3,가공식품 > 냉동/간편조리식품 > 핫도그/햄버거
G마켓2.0,C013521,떡,C013488,2,가공식품 > 떡
G마켓2.0,C013520,기타떡,C013521,3,가공식품 > 떡 > 기타떡
G마켓2.0,C013522,떡볶이떡/떡국떡,C013521,3,가공식품 > 떡 > 떡볶이떡/떡국떡
G마켓2.0,C013523,떡케이크/답례떡,C013521,3,가공식품 > 떡 > 떡케이크/답례떡
G마켓2.0,C013524,송편,C013521,3,가공식품 > 떡 > 송편
G마켓2.0,C013525,인절미,C013521,3,가공식품 > 떡 > 인절미
G마켓2.0,C013526,찹쌀/두텁떡,C013521,3,가공식품 > 떡 > 찹쌀/두텁떡
G마켓2.0,C013528,라면,C013488,2,가공식품 > 라면
G마켓2.0,C013527,봉지라면,C013528,3,가공식품 > 라면 > 봉지라면
G마켓2.0,C013529,컵라면,C013528,3,가공식품 > 라면 > 컵라면
G마켓2.0,C013531,면류,C013488,2,가공식품 > 면류
G마켓2.0,C013530,국수면,C013531,3,가공식품 > 면류 > 국수면
G마켓2.0,C013532,기타면류,C013531,3,가공식품 > 면류 > 기타면류
G마켓2.0,C013533,냉면/소바,C013531,3,가공식품 > 면류 > 냉면/소바
G마켓2.0,C013534,당면,C013531,3,가공식품 > 면류 > 당면
G마켓2.0,C013535,스파게티/파스타,C013531,3,가공식품 > 면류 > 스파게티/파스타
G마켓2.0,C013536,쌀국수,C013531,3,가공식품 > 면류 > 쌀국수
G마켓2.0,C013537,우동,C013531,3,가공식품 > 면류 > 우동
G마켓2.0,C013538,짜장면/짬뽕,C013531,3,가공식품 > 면류 > 짜장면/짬뽕
G마켓2.0,C013539,쫄면/비빔국수,C013531,3,가공식품 > 면류 > 쫄면/비빔국수
G마켓2.0,C013540,칼국수/수제비,C013531,3,가공식품 > 면류 > 칼국수/수제비
G마켓2.0,C013542,밀가루/믹스류,C013488,2,가공식품 > 밀가루/믹스류
G마켓2.0,C013541,기타밀가루/믹스류,C013542,3,가공식품 > 밀가루/믹스류 > 기타밀가루/믹스류
G마켓2.0,C013543,밀가루,C013542,3,가공식품 > 밀가루/믹스류 > 밀가루
G마켓2.0,C013544,베이킹믹스,C013542,3,가공식품 > 밀가루/믹스류 > 베이킹믹스
G마켓2.0,C013545,빵가루,C013542,3,가공식품 > 밀가루/믹스류 > 빵가루
G마켓2.0,C013546,전분,C013542,3,가공식품 > 밀가루/믹스류 > 전분
G마켓2.0,C013547,튀김/부침가루,C013542,3,가공식품 > 밀가루/믹스류 > 튀김/부침가루
G마켓2.0,C013549,빙과류,C013488,2,가공식품 > 빙과류
G마켓2.0,C013548,빙수/빙수재료,C013549,3,가공식품 > 빙과류 > 빙수/빙수재료
G마켓2.0,C013550,아이스크림,C013549,3,가공식품 > 빙과류 > 아이스크림
G마켓2.0,C013552,빵/케이크,C013488,2,가공식품 > 빵/케이크
G마켓2.0,C013551,기타빵/케이크,C013552,3,가공식품 > 빵/케이크 > 기타빵/케이크
G마켓2.0,C013553,도너츠,C013552,3,가공식품 > 빵/케이크 > 도너츠
G마켓2.0,C013554,식빵/베이글,C013552,3,가공식품 > 빵/케이크 > 식빵/베이글
G마켓2.0,C013555,제빵/제과재료,C013552,3,가공식품 > 빵/케이크 > 제빵/제과재료
G마켓2.0,C013556,찐빵/호빵,C013552,3,가공식품 > 빵/케이크 > 찐빵/호빵
G마켓2.0,C013557,케이크/머핀,C013552,3,가공식품 > 빵/케이크 > 케이크/머핀
G마켓2.0,C013558,호두과자,C013552,3,가공식품 > 빵/케이크 > 호두과자
G마켓2.0,C013560,소스/드레싱,C013488,2,가공식품 > 소스/드레싱
G마켓2.0,C013559,굴소스/중화요리소스,C013560,3,가공식품 > 소스/드레싱 > 굴소스/중화요리소스
G마켓2.0,C013561,기타소스/드레싱,C013560,3,가공식품 > 소스/드레싱 > 기타소스/드레싱
G마켓2.0,C013562,돈까스/스테이크소스,C013560,3,가공식품 > 소스/드레싱 > 돈까스/스테이크소스
G마켓2.0,C013563,머스터드/겨자소스,C013560,3,가공식품 > 소스/드레싱 > 머스터드/겨자소스
G마켓2.0,C013564,샐러드드레싱,C013560,3,가공식품 > 소스/드레싱 > 샐러드드레싱
G마켓2.0,C013565,일식/동남아요리소스,C013560,3,가공식품 > 소스/드레싱 > 일식/동남아요리소스
G마켓2.0,C013566,칠리/살사소스,C013560,3,가공식품 > 소스/드레싱 > 칠리/살사소스
G마켓2.0,C013567,케첩/마요네즈,C013560,3,가공식품 > 소스/드레싱 > 케첩/마요네즈
G마켓2.0,C013568,파스타소스,C013560,3,가공식품 > 소스/드레싱 > 파스타소스
G마켓2.0,C013570,수산가공식품,C013488,2,가공식품 > 수산가공식품
G마켓2.0,C013569,기타수산가공식품,C013570,3,가공식품 > 수산가공식품 > 기타수산가공식품
G마켓2.0,C013571,어묵/맛살,C013570,3,가공식품 > 수산가공식품 > 어묵/맛살
G마켓2.0,C013572,핫바,C013570,3,가공식품 > 수산가공식품 > 핫바
G마켓2.0,C013573,해물볶음,C013570,3,가공식품 > 수산가공식품 > 해물볶음
G마켓2.0,C013574,해물탕,C013570,3,가공식품 > 수산가공식품 > 해물탕
G마켓2.0,C013575,해물튀김,C013570,3,가공식품 > 수산가공식품 > 해물튀김
G마켓2.0,C013577,식용유/오일,C013488,2,가공식품 > 식용유/오일
G마켓2.0,C013576,기타식용유/오일,C013577,3,가공식품 > 식용유/오일 > 기타식용유/오일
G마켓2.0,C013578,들기름,C013577,3,가공식품 > 식용유/오일 > 들기름
G마켓2.0,C013579,식용유선물세트,C013577,3,가공식품 > 식용유/오일 > 식용유선물세트
G마켓2.0,C013580,올리브유,C013577,3,가공식품 > 식용유/오일 > 올리브유
G마켓2.0,C013581,참기름,C013577,3,가공식품 > 식용유/오일 > 참기름
G마켓2.0,C013582,카놀라유,C013577,3,가공식품 > 식용유/오일 > 카놀라유
G마켓2.0,C013583,콩기름/대두유,C013577,3,가공식품 > 식용유/오일 > 콩기름/대두유
G마켓2.0,C013584,포도씨유,C013577,3,가공식품 > 식용유/오일 > 포도씨유
G마켓2.0,C013585,해바라기씨유,C013577,3,가공식품 > 식용유/오일 > 해바라기씨유
G마켓2.0,C013587,장류,C013488,2,가공식품 > 장류
G마켓2.0,C013586,간장,C013587,3,가공식품 > 장류 > 간장
G마켓2.0,C013588,고추장,C013587,3,가공식품 > 장류 > 고추장
G마켓2.0,C013589,기타장류,C013587,3,가공식품 > 장류 > 기타장류
G마켓2.0,C013590,된장/쌈장,C013587,3,가공식품 > 장류 > 된장/쌈장
G마켓2.0,C013591,청국장/낫또,C013587,3,가공식품 > 장류 > 청국장/낫또
G마켓2.0,C013593,잼/시럽,C013488,2,가공식품 > 잼/시럽
G마켓2.0,C013592,과일잼,C013593,3,가공식품 > 잼/시럽 > 과일잼
G마켓2.0,C013594,기타잼/시럽,C013593,3,가공식품 > 잼/시럽 > 기타잼/시럽
G마켓2.0,C013595,땅콩/초코잼,C013593,3,가공식품 > 잼/시럽 > 땅콩/초코잼
G마켓2.0,C013596,메이플시럽,C013593,3,가공식품 > 잼/시럽 > 메이플시럽
G마켓2.0,C013597,초코시럽,C013593,3,가공식품 > 잼/시럽 > 초코시럽
G마켓2.0,C013598,커피시럽,C013593,3,가공식품 > 잼/시럽 > 커피시럽
G마켓2.0,C013600,조미료/양념,C013488,2,가공식품 > 조미료/양념
G마켓2.0,C013599,겨자/고추냉이,C013600,3,가공식품 > 조미료/양념 > 겨자/고추냉이
G마켓2.0,C013601,고춧가루,C013600,3,가공식품 > 조미료/양념 > 고춧가루
G마켓2.0,C013602,기타조미료/양념,C013600,3,가공식품 > 조미료/양념 > 기타조미료/양념
G마켓2.0,C013603,물엿/올리고당,C013600,3,가공식품 > 조미료/양념 > 물엿/올리고당
G마켓2.0,C013604,설탕,C013600,3,가공식품 > 조미료/양념 > 설탕
G마켓2.0,C013605,소금,C013600,3,가공식품 > 조미료/양념 > 소금
G마켓2.0,C013606,식초,C013600,3,가공식품 > 조미료/양념 > 식초
G마켓2.0,C013607,양념장,C013600,3,가공식품 > 조미료/양념 > 양념장
G마켓2.0,C013608,캡사이신,C013600,3,가공식품 > 조미료/양념 > 캡사이신
G마켓2.0,C013609,향신료,C013600,3,가공식품 > 조미료/양념 > 향신료
G마켓2.0,C013610,후추,C013600,3,가공식품 > 조미료/양념 > 후추
G마켓2.0,C013612,즉석밥,C013488,2,가공식품 > 즉석밥
G마켓2.0,C013611,누룽지,C013612,3,가공식품 > 즉석밥 > 누룽지
G마켓2.0,C013613,볶음밥,C013612,3,가공식품 > 즉석밥 > 볶음밥
G마켓2.0,C013614,전투식량,C013612,3,가공식품 > 즉석밥 > 전투식량
G마켓2.0,C013615,죽/스프,C013612,3,가공식품 > 즉석밥 > 죽/스프
G마켓2.0,C013616,즉석밥,C013612,3,가공식품 > 즉석밥 > 즉석밥
G마켓2.0,C013617,컵밥/덮밥,C013612,3,가공식품 > 즉석밥 > 컵밥/덮밥
G마켓2.0,C013619,축산가공식품,C013488,2,가공식품 > 축산가공식품
G마켓2.0,C013618,곱창/막창,C013619,3,가공식품 > 축산가공식품 > 곱창/막창
G마켓2.0,C013620,구운계란/훈제란,C013619,3,가공식품 > 축산가공식품 > 구운계란/훈제란
G마켓2.0,C013621,기타축산가공식품,C013619,3,가공식품 > 축산가공식품 > 기타축산가공식품
G마켓2.0,C013622,꼬치류,C013619,3,가공식품 > 축산가공식품 > 꼬치류
G마켓2.0,C013623,너겟/텐더,C013619,3,가공식품 > 축산가공식품 > 너겟/텐더
G마켓2.0,C013624,닭가공식품,C013619,3,가공식품 > 축산가공식품 > 닭가공식품
G마켓2.0,C013625,닭고기양념육,C013619,3,가공식품 > 축산가공식품 > 닭고기양념육
G마켓2.0,C013626,돈까스/탕수육,C013619,3,가공식품 > 축산가공식품 > 돈까스/탕수육
G마켓2.0,C013627,돼지고기양념육,C013619,3,가공식품 > 축산가공식품 > 돼지고기양념육
G마켓2.0,C013628,떡갈비,C013619,3,가공식품 > 축산가공식품 > 떡갈비
G마켓2.0,C013629,베이컨,C013619,3,가공식품 > 축산가공식품 > 베이컨
G마켓2.0,C013630,삼계탕,C013619,3,가공식품 > 축산가공식품 > 삼계탕
G마켓2.0,C013631,소고기양념육,C013619,3,가공식품 > 축산가공식품 > 소고기양념육
G마켓2.0,C013632,순대,C013619,3,가공식품 > 축산가공식품 > 순대
G마켓2.0,C013633,오리고기양념육,C013619,3,가공식품 > 축산가공식품 > 오리고기양념육
G마켓2.0,C013634,오리훈제,C013619,3,가공식품 > 축산가공식품 > 오리훈제
G마켓2.0,C013635,육포,C013619,3,가공식품 > 축산가공식품 > 육포
G마켓2.0,C013636,족발,C013619,3,가공식품 > 축산가공식품 > 족발
G마켓2.0,C013637,폭립,C013619,3,가공식품 > 축산가공식품 > 폭립
G마켓2.0,C013638,햄/소시지,C013619,3,가공식품 > 축산가공식품 > 햄/소시지
G마켓2.0,C013640,치즈/버터/크림,C013488,2,가공식품 > 치즈/버터/크림
G마켓2.0,C013639,버터/마가린,C013640,3,가공식품 > 치즈/버터/크림 > 버터/마가린
G마켓2.0,C013641,생크림/휘핑크림,C013640,3,가공식품 > 치즈/버터/크림 > 생크림/휘핑크림
G마켓2.0,C013642,치즈,C013640,3,가공식품 > 치즈/버터/크림 > 치즈
G마켓2.0,C013644,통조림/캔,C013488,2,가공식품 > 통조림/캔
G마켓2.0,C013643,고등어/꽁치캔,C013644,3,가공식품 > 통조림/캔 > 고등어/꽁치캔
G마켓2.0,C013645,골뱅이/번데기캔,C013644,3,가공식품 > 통조림/캔 > 골뱅이/번데기캔
G마켓2.0,C013646,과일통조림,C013644,3,가공식품 > 통조림/캔 > 과일통조림
G마켓2.0,C013647,기타통조림/캔,C013644,3,가공식품 > 통조림/캔 > 기타통조림/캔
G마켓2.0,C013648,닭가슴살캔,C013644,3,가공식품 > 통조림/캔 > 닭가슴살캔
G마켓2.0,C013649,반찬통조림,C013644,3,가공식품 > 통조림/캔 > 반찬통조림
G마켓2.0,C013650,야채통조림,C013644,3,가공식품 > 통조림/캔 > 야채통조림
G마켓2.0,C013651,참치캔,C013644,3,가공식품 > 통조림/캔 > 참치캔
G마켓2.0,C013652,캔선물세트,C013644,3,가공식품 > 통조림/캔 > 캔선물세트
G마켓2.0,C013653,햄통조림,C013644,3,가공식품 > 통조림/캔 > 햄통조림
G마켓2.0,C013655,한과/전통과자,C013488,2,가공식품 > 한과/전통과자
G마켓2.0,C013654,강정/엿,C013655,3,가공식품 > 한과/전통과자 > 강정/엿
G마켓2.0,C013656,기타한과/전통과자,C013655,3,가공식품 > 한과/전통과자 > 기타한과/전통과자
G마켓2.0,C013657,약과,C013655,3,가공식품 > 한과/전통과자 > 약과
G마켓2.0,C013658,유과,C013655,3,가공식품 > 한과/전통과자 > 유과
G마켓2.0,C013659,전병,C013655,3,가공식품 > 한과/전통과자 > 전병
G마켓2.0,C013660,한과/전통과자세트,C013655,3,가공식품 > 한과/전통과자 > 한과/전통과자세트
G마켓2.0,C013663,가구/DIY,ROOT,1,가구/DIY
G마켓2.0,C013662,DIY가구용품,C013663,2,가구/DIY > DIY가구용품
G마켓2.0,C013661,DIY가구목재,C013662,3,가구/DIY > DIY가구용품 > DIY가구목재
G마켓2.0,C013664,가구손잡이/발통,C013662,3,가구/DIY > DIY가구용품 > 가구손잡이/발통
G마켓2.0,C013665,가구장식패널,C013662,3,가구/DIY > DIY가구용품 > 가구장식패널
G마켓2.0,C013666,기타DIY가구용품,C013662,3,가구/DIY > DIY가구용품 > 기타DIY가구용품
G마켓2.0,C013667,도어클로저/스토퍼,C013662,3,가구/DIY > DIY가구용품 > 도어클로저/스토퍼
G마켓2.0,C013669,거실장/장식장,C013663,2,가구/DIY > 거실장/장식장
G마켓2.0,C013668,TV장,C013669,3,가구/DIY > 거실장/장식장 > TV장
G마켓2.0,C013670,거실장,C013669,3,가구/DIY > 거실장/장식장 > 거실장
G마켓2.0,C013671,장식장,C013669,3,가구/DIY > 거실장/장식장 > 장식장
G마켓2.0,C013673,사무/업소용가구,C013663,2,가구/DIY > 사무/업소용가구
G마켓2.0,C013672,교구용가구,C013673,3,가구/DIY > 사무/업소용가구 > 교구용가구
G마켓2.0,C013674,기타사무용가구,C013673,3,가구/DIY > 사무/업소용가구 > 기타사무용가구
G마켓2.0,C013675,사무용서랍장,C013673,3,가구/DIY > 사무/업소용가구 > 사무용서랍장
G마켓2.0,C013676,사무용소파,C013673,3,가구/DIY > 사무/업소용가구 > 사무용소파
G마켓2.0,C013677,사무용의자,C013673,3,가구/DIY > 사무/업소용가구 > 사무용의자
G마켓2.0,C013678,사무용책상,C013673,3,가구/DIY > 사무/업소용가구 > 사무용책상
G마켓2.0,C013679,사무용책장,C013673,3,가구/DIY > 사무/업소용가구 > 사무용책장
G마켓2.0,C013680,사무용파티션,C013673,3,가구/DIY > 사무/업소용가구 > 사무용파티션
G마켓2.0,C013681,회의용테이블,C013673,3,가구/DIY > 사무/업소용가구 > 회의용테이블
G마켓2.0,C013683,소파,C013663,2,가구/DIY > 소파
G마켓2.0,C013682,리클라이너소파,C013683,3,가구/DIY > 소파 > 리클라이너소파
G마켓2.0,C013684,벤치소파,C013683,3,가구/DIY > 소파 > 벤치소파
G마켓2.0,C013685,빈백,C013683,3,가구/DIY > 소파 > 빈백
G마켓2.0,C013686,소파베드,C013683,3,가구/DIY > 소파 > 소파베드
G마켓2.0,C013687,일반소파,C013683,3,가구/DIY > 소파 > 일반소파
G마켓2.0,C013689,수납가구,C013663,2,가구/DIY > 수납가구
G마켓2.0,C013688,CD/DVD장,C013689,3,가구/DIY > 수납가구 > CD/DVD장
G마켓2.0,C013690,공간박스,C013689,3,가구/DIY > 수납가구 > 공간박스
G마켓2.0,C013691,그릇장,C013689,3,가구/DIY > 수납가구 > 그릇장
G마켓2.0,C013692,서랍장,C013689,3,가구/DIY > 수납가구 > 서랍장
G마켓2.0,C013693,신발장,C013689,3,가구/DIY > 수납가구 > 신발장
G마켓2.0,C013694,일반수납장,C013689,3,가구/DIY > 수납가구 > 일반수납장
G마켓2.0,C013695,주방수납장,C013689,3,가구/DIY > 수납가구 > 주방수납장
G마켓2.0,C013696,협탁,C013689,3,가구/DIY > 수납가구 > 협탁
G마켓2.0,C013698,시공인테리어,C013663,2,가구/DIY > 시공인테리어
G마켓2.0,C013697,기타시공인테리어,C013698,3,가구/DIY > 시공인테리어 > 기타시공인테리어
G마켓2.0,C013699,도배시공,C013698,3,가구/DIY > 시공인테리어 > 도배시공
G마켓2.0,C013700,바닥시공,C013698,3,가구/DIY > 시공인테리어 > 바닥시공
G마켓2.0,C013701,시스템창호시공,C013698,3,가구/DIY > 시공인테리어 > 시스템창호시공
G마켓2.0,C013702,시스템키친시공,C013698,3,가구/DIY > 시공인테리어 > 시스템키친시공
G마켓2.0,C013703,싱크대시공,C013698,3,가구/DIY > 시공인테리어 > 싱크대시공
G마켓2.0,C013704,욕실리모델링/시공,C013698,3,가구/DIY > 시공인테리어 > 욕실리모델링/시공
G마켓2.0,C013705,중문/도어시공,C013698,3,가구/DIY > 시공인테리어 > 중문/도어시공
G마켓2.0,C013706,페인트시공,C013698,3,가구/DIY > 시공인테리어 > 페인트시공
G마켓2.0,C013708,식탁/테이블,C013663,2,가구/DIY > 식탁/테이블
G마켓2.0,C013707,거실테이블,C013708,3,가구/DIY > 식탁/테이블 > 거실테이블
G마켓2.0,C013709,교자상,C013708,3,가구/DIY > 식탁/테이블 > 교자상
G마켓2.0,C013710,기타테이블,C013708,3,가구/DIY > 식탁/테이블 > 기타테이블
G마켓2.0,C013711,레인지대,C013708,3,가구/DIY > 식탁/테이블 > 레인지대
G마켓2.0,C013712,밥상/다과상,C013708,3,가구/DIY > 식탁/테이블 > 밥상/다과상
G마켓2.0,C013713,사이드테이블,C013708,3,가구/DIY > 식탁/테이블 > 사이드테이블
G마켓2.0,C013714,아일랜드식탁,C013708,3,가구/DIY > 식탁/테이블 > 아일랜드식탁
G마켓2.0,C013715,일반식탁,C013708,3,가구/DIY > 식탁/테이블 > 일반식탁
G마켓2.0,C013716,주방왜건,C013708,3,가구/DIY > 식탁/테이블 > 주방왜건
G마켓2.0,C013717,콘솔테이블,C013708,3,가구/DIY > 식탁/테이블 > 콘솔테이블
G마켓2.0,C013718,티테이블,C013708,3,가구/DIY > 식탁/테이블 > 티테이블
G마켓2.0,C013720,아동가구,C013663,2,가구/DIY > 아동가구
G마켓2.0,C013719,기타아동가구,C013720,3,가구/DIY > 아동가구 > 기타아동가구
G마켓2.0,C013721,아동공부상,C013720,3,가구/DIY > 아동가구 > 아동공부상
G마켓2.0,C013722,아동서랍장,C013720,3,가구/DIY > 아동가구 > 아동서랍장
G마켓2.0,C013723,아동소파,C013720,3,가구/DIY > 아동가구 > 아동소파
G마켓2.0,C013724,아동옷장/베이비장,C013720,3,가구/DIY > 아동가구 > 아동옷장/베이비장
G마켓2.0,C013725,아동의자,C013720,3,가구/DIY > 아동가구 > 아동의자
G마켓2.0,C013726,아동책꽂이,C013720,3,가구/DIY > 아동가구 > 아동책꽂이
G마켓2.0,C013727,아동책상,C013720,3,가구/DIY > 아동가구 > 아동책상
G마켓2.0,C013728,아동책장,C013720,3,가구/DIY > 아동가구 > 아동책장
G마켓2.0,C013729,아동침대,C013720,3,가구/DIY > 아동가구 > 아동침대
G마켓2.0,C013730,이층/벙커침대,C013720,3,가구/DIY > 아동가구 > 이층/벙커침대
G마켓2.0,C013732,야외용가구,C013663,2,가구/DIY > 야외용가구
G마켓2.0,C013731,그네의자,C013732,3,가구/DIY > 야외용가구 > 그네의자
G마켓2.0,C013733,야외용벤치의자,C013732,3,가구/DIY > 야외용가구 > 야외용벤치의자
G마켓2.0,C013734,야외용의자,C013732,3,가구/DIY > 야외용가구 > 야외용의자
G마켓2.0,C013735,야외용테이블,C013732,3,가구/DIY > 야외용가구 > 야외용테이블
G마켓2.0,C013736,원두막/정자,C013732,3,가구/DIY > 야외용가구 > 원두막/정자
G마켓2.0,C013737,조립식창고,C013732,3,가구/DIY > 야외용가구 > 조립식창고
G마켓2.0,C013738,평상,C013732,3,가구/DIY > 야외용가구 > 평상
G마켓2.0,C013740,옷장/붙박이장,C013663,2,가구/DIY > 옷장/붙박이장
G마켓2.0,C013739,드레스룸,C013740,3,가구/DIY > 옷장/붙박이장 > 드레스룸
G마켓2.0,C013741,붙박이장,C013740,3,가구/DIY > 옷장/붙박이장 > 붙박이장
G마켓2.0,C013742,옷장,C013740,3,가구/DIY > 옷장/붙박이장 > 옷장
G마켓2.0,C013743,장롱,C013740,3,가구/DIY > 옷장/붙박이장 > 장롱
G마켓2.0,C013745,의자,C013663,2,가구/DIY > 의자
G마켓2.0,C013744,게이밍의자,C013745,3,가구/DIY > 의자 > 게이밍의자
G마켓2.0,C013746,베드벤치,C013745,3,가구/DIY > 의자 > 베드벤치
G마켓2.0,C013747,스툴,C013745,3,가구/DIY > 의자 > 스툴
G마켓2.0,C013748,식탁의자,C013745,3,가구/DIY > 의자 > 식탁의자
G마켓2.0,C013749,안락의자,C013745,3,가구/DIY > 의자 > 안락의자
G마켓2.0,C013750,접이식의자,C013745,3,가구/DIY > 의자 > 접이식의자
G마켓2.0,C013751,좌식의자,C013745,3,가구/DIY > 의자 > 좌식의자
G마켓2.0,C013752,책상의자,C013745,3,가구/DIY > 의자 > 책상의자
G마켓2.0,C013753,홈바의자,C013745,3,가구/DIY > 의자 > 홈바의자
G마켓2.0,C013755,책상/책장,C013663,2,가구/DIY > 책상/책장
G마켓2.0,C013754,기타책상,C013755,3,가구/DIY > 책상/책장 > 기타책상
G마켓2.0,C013756,독서실책상,C013755,3,가구/DIY > 책상/책장 > 독서실책상
G마켓2.0,C013757,일반책상,C013755,3,가구/DIY > 책상/책장 > 일반책상
G마켓2.0,C013758,좌식책상,C013755,3,가구/DIY > 책상/책장 > 좌식책상
G마켓2.0,C013759,책꽂이,C013755,3,가구/DIY > 책상/책장 > 책꽂이
G마켓2.0,C013760,책상소품,C013755,3,가구/DIY > 책상/책장 > 책상소품
G마켓2.0,C013761,책상의자세트,C013755,3,가구/DIY > 책상/책장 > 책상의자세트
G마켓2.0,C013762,책장,C013755,3,가구/DIY > 책상/책장 > 책장
G마켓2.0,C013763,컴퓨터책상,C013755,3,가구/DIY > 책상/책장 > 컴퓨터책상
G마켓2.0,C013765,침대/매트리스,C013663,2,가구/DIY > 침대/매트리스
G마켓2.0,C013764,데이베드,C013765,3,가구/DIY > 침대/매트리스 > 데이베드
G마켓2.0,C013766,돌침대/흙침대,C013765,3,가구/DIY > 침대/매트리스 > 돌침대/흙침대
G마켓2.0,C013767,매트리스,C013765,3,가구/DIY > 침대/매트리스 > 매트리스
G마켓2.0,C013768,모션침대,C013765,3,가구/DIY > 침대/매트리스 > 모션침대
G마켓2.0,C013769,이층침대,C013765,3,가구/DIY > 침대/매트리스 > 이층침대
G마켓2.0,C013770,일반침대,C013765,3,가구/DIY > 침대/매트리스 > 일반침대
G마켓2.0,C013771,접이식침대,C013765,3,가구/DIY > 침대/매트리스 > 접이식침대
G마켓2.0,C013772,침대프레임,C013765,3,가구/DIY > 침대/매트리스 > 침대프레임
G마켓2.0,C013773,패밀리침대,C013765,3,가구/DIY > 침대/매트리스 > 패밀리침대
G마켓2.0,C013775,화장대/거울,C013663,2,가구/DIY > 화장대/거울
G마켓2.0,C013774,벽거울,C013775,3,가구/DIY > 화장대/거울 > 벽거울
G마켓2.0,C013776,일반화장대,C013775,3,가구/DIY > 화장대/거울 > 일반화장대
G마켓2.0,C013777,전신거울,C013775,3,가구/DIY > 화장대/거울 > 전신거울
G마켓2.0,C013778,좌식화장대,C013775,3,가구/DIY > 화장대/거울 > 좌식화장대
G마켓2.0,C013779,탁상거울,C013775,3,가구/DIY > 화장대/거울 > 탁상거울
G마켓2.0,C013781,가방/잡화,ROOT,1,가방/잡화
G마켓2.0,C013780,가발,C013781,2,가방/잡화 > 가발
G마켓2.0,C013783,남성/서류가방,C013781,2,가방/잡화 > 남성/서류가방
G마켓2.0,C013782,맨스백,C013783,3,가방/잡화 > 남성/서류가방 > 맨스백
G마켓2.0,C013784,서류가방,C013783,3,가방/잡화 > 남성/서류가방 > 서류가방
G마켓2.0,C013785,숄더백/크로스백,C013783,3,가방/잡화 > 남성/서류가방 > 숄더백/크로스백
G마켓2.0,C013786,남성가방/지갑,C013781,2,가방/잡화 > 남성가방/지갑
G마켓2.0,C013788,넥타이/와펜,C013781,2,가방/잡화 > 넥타이/와펜
G마켓2.0,C013787,기본 넥타이,C013788,3,가방/잡화 > 넥타이/와펜 > 기본 넥타이
G마켓2.0,C013789,넥타이핀,C013788,3,가방/잡화 > 넥타이/와펜 > 넥타이핀
G마켓2.0,C013790,니트타이,C013788,3,가방/잡화 > 넥타이/와펜 > 니트타이
G마켓2.0,C013791,보타이,C013788,3,가방/잡화 > 넥타이/와펜 > 보타이
G마켓2.0,C013792,부토니에,C013788,3,가방/잡화 > 넥타이/와펜 > 부토니에
G마켓2.0,C013793,와펜,C013788,3,가방/잡화 > 넥타이/와펜 > 와펜
G마켓2.0,C013794,자동 넥타이,C013788,3,가방/잡화 > 넥타이/와펜 > 자동 넥타이
G마켓2.0,C013795,커프스,C013788,3,가방/잡화 > 넥타이/와펜 > 커프스
G마켓2.0,C013796,포켓치프,C013788,3,가방/잡화 > 넥타이/와펜 > 포켓치프
G마켓2.0,C013798,머플러,C013781,2,가방/잡화 > 머플러
G마켓2.0,C013797,넥워머,C013798,3,가방/잡화 > 머플러 > 넥워머
G마켓2.0,C013799,니트 머플러,C013798,3,가방/잡화 > 머플러 > 니트 머플러
G마켓2.0,C013800,숄/망토,C013798,3,가방/잡화 > 머플러 > 숄/망토
G마켓2.0,C013801,울 머플러,C013798,3,가방/잡화 > 머플러 > 울 머플러
G마켓2.0,C013802,퍼 머플러,C013798,3,가방/잡화 > 머플러 > 퍼 머플러
G마켓2.0,C013804,백팩/캐쥬얼가방,C013781,2,가방/잡화 > 백팩/캐쥬얼가방
G마켓2.0,C013803,노트북가방,C013804,3,가방/잡화 > 백팩/캐쥬얼가방 > 노트북가방
G마켓2.0,C013805,백팩,C013804,3,가방/잡화 > 백팩/캐쥬얼가방 > 백팩
G마켓2.0,C013806,비치백/왕골가방,C013804,3,가방/잡화 > 백팩/캐쥬얼가방 > 비치백/왕골가방
G마켓2.0,C013807,숄더백,C013804,3,가방/잡화 > 백팩/캐쥬얼가방 > 숄더백
G마켓2.0,C013808,에코백,C013804,3,가방/잡화 > 백팩/캐쥬얼가방 > 에코백
G마켓2.0,C013809,크로스백,C013804,3,가방/잡화 > 백팩/캐쥬얼가방 > 크로스백
G마켓2.0,C013810,타포린백,C013804,3,가방/잡화 > 백팩/캐쥬얼가방 > 타포린백
G마켓2.0,C013811,힙색/슬링백,C013804,3,가방/잡화 > 백팩/캐쥬얼가방 > 힙색/슬링백
G마켓2.0,C013813,벨트,C013781,2,가방/잡화 > 벨트
G마켓2.0,C013812,멜빵/서스펜더,C013813,3,가방/잡화 > 벨트 > 멜빵/서스펜더
G마켓2.0,C013814,정장 벨트,C013813,3,가방/잡화 > 벨트 > 정장 벨트
G마켓2.0,C013815,캐쥬얼 벨트,C013813,3,가방/잡화 > 벨트 > 캐쥬얼 벨트
G마켓2.0,C013817,스카프/손수건,C013781,2,가방/잡화 > 스카프/손수건
G마켓2.0,C013816,남성용 손수건,C013817,3,가방/잡화 > 스카프/손수건 > 남성용 손수건
G마켓2.0,C013818,롱 스카프,C013817,3,가방/잡화 > 스카프/손수건 > 롱 스카프
G마켓2.0,C013819,쁘띠/트윌리 스카프,C013817,3,가방/잡화 > 스카프/손수건 > 쁘띠/트윌리 스카프
G마켓2.0,C013820,실크 스카프,C013817,3,가방/잡화 > 스카프/손수건 > 실크 스카프
G마켓2.0,C013821,여성용 손수건,C013817,3,가방/잡화 > 스카프/손수건 > 여성용 손수건
G마켓2.0,C013823,스타킹,C013781,2,가방/잡화 > 스타킹
G마켓2.0,C013822,기모스타킹,C013823,3,가방/잡화 > 스타킹 > 기모스타킹
G마켓2.0,C013824,덧신/발목스타킹,C013823,3,가방/잡화 > 스타킹 > 덧신/발목스타킹
G마켓2.0,C013825,밴드/판타롱,C013823,3,가방/잡화 > 스타킹 > 밴드/판타롱
G마켓2.0,C013826,압박스타킹,C013823,3,가방/잡화 > 스타킹 > 압박스타킹
G마켓2.0,C013827,팬티스타킹,C013823,3,가방/잡화 > 스타킹 > 팬티스타킹
G마켓2.0,C013829,양말,C013781,2,가방/잡화 > 양말
G마켓2.0,C013828,니삭스/레그워머,C013829,3,가방/잡화 > 양말 > 니삭스/레그워머
G마켓2.0,C013830,발가락양말,C013829,3,가방/잡화 > 양말 > 발가락양말
G마켓2.0,C013831,수면양말,C013829,3,가방/잡화 > 양말 > 수면양말
G마켓2.0,C013832,스니커즈양말,C013829,3,가방/잡화 > 양말 > 스니커즈양말
G마켓2.0,C013833,스포츠양말,C013829,3,가방/잡화 > 양말 > 스포츠양말
G마켓2.0,C013834,양말세트,C013829,3,가방/잡화 > 양말 > 양말세트
G마켓2.0,C013835,울/니트양말,C013829,3,가방/잡화 > 양말 > 울/니트양말
G마켓2.0,C013836,정장양말,C013829,3,가방/잡화 > 양말 > 정장양말
G마켓2.0,C013837,페이크삭스,C013829,3,가방/잡화 > 양말 > 페이크삭스
G마켓2.0,C013839,여성/핸드백,C013781,2,가방/잡화 > 여성/핸드백
G마켓2.0,C013838,미니백,C013839,3,가방/잡화 > 여성/핸드백 > 미니백
G마켓2.0,C013840,숄더백,C013839,3,가방/잡화 > 여성/핸드백 > 숄더백
G마켓2.0,C013841,퀼팅백,C013839,3,가방/잡화 > 여성/핸드백 > 퀼팅백
G마켓2.0,C013842,크로스백,C013839,3,가방/잡화 > 여성/핸드백 > 크로스백
G마켓2.0,C013843,클러치백,C013839,3,가방/잡화 > 여성/핸드백 > 클러치백
G마켓2.0,C013844,토트백,C013839,3,가방/잡화 > 여성/핸드백 > 토트백
G마켓2.0,C013845,파우치,C013839,3,가방/잡화 > 여성/핸드백 > 파우치
G마켓2.0,C013847,여행수납/소품,C013781,2,가방/잡화 > 여행수납/소품
G마켓2.0,C013846,네임택/소품,C013847,3,가방/잡화 > 여행수납/소품 > 네임택/소품
G마켓2.0,C013848,목베게/안대,C013847,3,가방/잡화 > 여행수납/소품 > 목베게/안대
G마켓2.0,C013849,여권케이스/여권지갑,C013847,3,가방/잡화 > 여행수납/소품 > 여권케이스/여권지갑
G마켓2.0,C013850,여행용파우치,C013847,3,가방/잡화 > 여행수납/소품 > 여행용파우치
G마켓2.0,C013851,캐리어벨트/잠금,C013847,3,가방/잡화 > 여행수납/소품 > 캐리어벨트/잠금
G마켓2.0,C013852,케리어커버/스티커,C013847,3,가방/잡화 > 여행수납/소품 > 케리어커버/스티커
G마켓2.0,C013854,여행용 가방,C013781,2,가방/잡화 > 여행용 가방
G마켓2.0,C013853,기내용-소프트,C013854,3,가방/잡화 > 여행용 가방 > 기내용-소프트
G마켓2.0,C013855,기내용-하드,C013854,3,가방/잡화 > 여행용 가방 > 기내용-하드
G마켓2.0,C013856,보스톤가방,C013854,3,가방/잡화 > 여행용 가방 > 보스톤가방
G마켓2.0,C013857,여행보조/결합백,C013854,3,가방/잡화 > 여행용 가방 > 여행보조/결합백
G마켓2.0,C013858,여행용 크로스백/힙색,C013854,3,가방/잡화 > 여행용 가방 > 여행용 크로스백/힙색
G마켓2.0,C013859,여행용백팩,C013854,3,가방/잡화 > 여행용 가방 > 여행용백팩
G마켓2.0,C013860,이민/유학용가방,C013854,3,가방/잡화 > 여행용 가방 > 이민/유학용가방
G마켓2.0,C013861,중대형-소프트,C013854,3,가방/잡화 > 여행용 가방 > 중대형-소프트
G마켓2.0,C013862,중대형-하드,C013854,3,가방/잡화 > 여행용 가방 > 중대형-하드
G마켓2.0,C013864,우산/양산,C013781,2,가방/잡화 > 우산/양산
G마켓2.0,C013863,2단/3단우산,C013864,3,가방/잡화 > 우산/양산 > 2단/3단우산
G마켓2.0,C013865,명화/패션우산,C013864,3,가방/잡화 > 우산/양산 > 명화/패션우산
G마켓2.0,C013866,양산,C013864,3,가방/잡화 > 우산/양산 > 양산
G마켓2.0,C013867,우양산,C013864,3,가방/잡화 > 우산/양산 > 우양산
G마켓2.0,C013868,일회용우비,C013864,3,가방/잡화 > 우산/양산 > 일회용우비
G마켓2.0,C013869,장우산,C013864,3,가방/잡화 > 우산/양산 > 장우산
G마켓2.0,C013870,투명우산,C013864,3,가방/잡화 > 우산/양산 > 투명우산
G마켓2.0,C013871,판촉/단체우산,C013864,3,가방/잡화 > 우산/양산 > 판촉/단체우산
G마켓2.0,C013873,장갑,C013781,2,가방/잡화 > 장갑
G마켓2.0,C013872,가죽장갑,C013873,3,가방/잡화 > 장갑 > 가죽장갑
G마켓2.0,C013874,니트장갑,C013873,3,가방/잡화 > 장갑 > 니트장갑
G마켓2.0,C013875,모직장갑,C013873,3,가방/잡화 > 장갑 > 모직장갑
G마켓2.0,C013876,벙어리장갑,C013873,3,가방/잡화 > 장갑 > 벙어리장갑
G마켓2.0,C013877,암워머/토시,C013873,3,가방/잡화 > 장갑 > 암워머/토시
G마켓2.0,C013878,터치장갑,C013873,3,가방/잡화 > 장갑 > 터치장갑
G마켓2.0,C013880,지갑,C013781,2,가방/잡화 > 지갑
G마켓2.0,C013879,남성용 반지갑,C013880,3,가방/잡화 > 지갑 > 남성용 반지갑
G마켓2.0,C013881,남성용 장지갑,C013880,3,가방/잡화 > 지갑 > 남성용 장지갑
G마켓2.0,C013882,동전지갑,C013880,3,가방/잡화 > 지갑 > 동전지갑
G마켓2.0,C013883,머니클립,C013880,3,가방/잡화 > 지갑 > 머니클립
G마켓2.0,C013884,명함/카드지갑,C013880,3,가방/잡화 > 지갑 > 명함/카드지갑
G마켓2.0,C013885,목걸이 지갑,C013880,3,가방/잡화 > 지갑 > 목걸이 지갑
G마켓2.0,C013886,여성용 반지갑,C013880,3,가방/잡화 > 지갑 > 여성용 반지갑
G마켓2.0,C013887,여성용 장지갑,C013880,3,가방/잡화 > 지갑 > 여성용 장지갑
G마켓2.0,C013888,여성용 중지갑,C013880,3,가방/잡화 > 지갑 > 여성용 중지갑
G마켓2.0,C013889,지갑/벨트세트,C013880,3,가방/잡화 > 지갑 > 지갑/벨트세트
G마켓2.0,C013890,통장지갑,C013880,3,가방/잡화 > 지갑 > 통장지갑
G마켓2.0,C013892,키링/가방액세서리,C013781,2,가방/잡화 > 키링/가방액세서리
G마켓2.0,C013891,백참/가방악세사리,C013892,3,가방/잡화 > 키링/가방액세서리 > 백참/가방악세사리
G마켓2.0,C013893,캐릭터 백참/키링,C013892,3,가방/잡화 > 키링/가방액세서리 > 캐릭터 백참/키링
G마켓2.0,C013894,키링/키홀더,C013892,3,가방/잡화 > 키링/가방액세서리 > 키링/키홀더
G마켓2.0,C013895,태슬 백참/키링,C013892,3,가방/잡화 > 키링/가방액세서리 > 태슬 백참/키링
G마켓2.0,C013897,패션모자,C013781,2,가방/잡화 > 패션모자
G마켓2.0,C013896,군모,C013897,3,가방/잡화 > 패션모자 > 군모
G마켓2.0,C013898,귀달이모자,C013897,3,가방/잡화 > 패션모자 > 귀달이모자
G마켓2.0,C013899,베레모/헌팅캡,C013897,3,가방/잡화 > 패션모자 > 베레모/헌팅캡
G마켓2.0,C013900,비니/두건,C013897,3,가방/잡화 > 패션모자 > 비니/두건
G마켓2.0,C013901,빅사이즈모자,C013897,3,가방/잡화 > 패션모자 > 빅사이즈모자
G마켓2.0,C013902,썬캡,C013897,3,가방/잡화 > 패션모자 > 썬캡
G마켓2.0,C013903,야구모자,C013897,3,가방/잡화 > 패션모자 > 야구모자
G마켓2.0,C013904,왕골/밀짚모자,C013897,3,가방/잡화 > 패션모자 > 왕골/밀짚모자
G마켓2.0,C013905,털/방울모자,C013897,3,가방/잡화 > 패션모자 > 털/방울모자
G마켓2.0,C013906,페도라/벙거지,C013897,3,가방/잡화 > 패션모자 > 페도라/벙거지
G마켓2.0,C013907,힙합모자/스냅백,C013897,3,가방/잡화 > 패션모자 > 힙합모자/스냅백
G마켓2.0,C013909,패션소품,C013781,2,가방/잡화 > 패션소품
G마켓2.0,C013908,키홀더,C013909,3,가방/잡화 > 패션소품 > 키홀더
G마켓2.0,C013910,헤어악세사리,C013781,2,가방/잡화 > 헤어악세사리
G마켓2.0,C013913,건강/의료용품,ROOT,1,건강/의료용품
G마켓2.0,C013912,건강측정용품,C013913,2,건강/의료용품 > 건강측정용품
G마켓2.0,C013911,기타건강측정용품,C013912,3,건강/의료용품 > 건강측정용품 > 기타건강측정용품
G마켓2.0,C013914,만보계,C013912,3,건강/의료용품 > 건강측정용품 > 만보계
G마켓2.0,C013915,수질 측정기,C013912,3,건강/의료용품 > 건강측정용품 > 수질 측정기
G마켓2.0,C013916,신장계,C013912,3,건강/의료용품 > 건강측정용품 > 신장계
G마켓2.0,C013917,체온계,C013912,3,건강/의료용품 > 건강측정용품 > 체온계
G마켓2.0,C013918,체중계,C013912,3,건강/의료용품 > 건강측정용품 > 체중계
G마켓2.0,C013919,체지방계,C013912,3,건강/의료용품 > 건강측정용품 > 체지방계
G마켓2.0,C013920,혈압계,C013912,3,건강/의료용품 > 건강측정용품 > 혈압계
G마켓2.0,C013921,흡연 측정기,C013912,3,건강/의료용품 > 건강측정용품 > 흡연 측정기
G마켓2.0,C013923,금연보조용품,C013913,2,건강/의료용품 > 금연보조용품
G마켓2.0,C013922,금연보조제,C013923,3,건강/의료용품 > 금연보조용품 > 금연보조제
G마켓2.0,C013924,기타금연보조용품,C013923,3,건강/의료용품 > 금연보조용품 > 기타금연보조용품
G마켓2.0,C013926,기타건강관리용품,C013913,2,건강/의료용품 > 기타건강관리용품
G마켓2.0,C013925,건강목걸이,C013926,3,건강/의료용품 > 기타건강관리용품 > 건강목걸이
G마켓2.0,C013927,건강팔찌,C013926,3,건강/의료용품 > 기타건강관리용품 > 건강팔찌
G마켓2.0,C013928,기타건강관리용품,C013926,3,건강/의료용품 > 기타건강관리용품 > 기타건강관리용품
G마켓2.0,C013930,눈건강용품,C013913,2,건강/의료용품 > 눈건강용품
G마켓2.0,C013929,기타눈건강용품,C013930,3,건강/의료용품 > 눈건강용품 > 기타눈건강용품
G마켓2.0,C013931,렌즈관리용품,C013930,3,건강/의료용품 > 눈건강용품 > 렌즈관리용품
G마켓2.0,C013932,렌즈세정제,C013930,3,건강/의료용품 > 눈건강용품 > 렌즈세정제
G마켓2.0,C013933,렌즈세척기,C013930,3,건강/의료용품 > 눈건강용품 > 렌즈세척기
G마켓2.0,C013934,안대,C013930,3,건강/의료용품 > 눈건강용품 > 안대
G마켓2.0,C013936,당뇨관리용품,C013913,2,건강/의료용품 > 당뇨관리용품
G마켓2.0,C013935,기타당뇨관리용품,C013936,3,건강/의료용품 > 당뇨관리용품 > 기타당뇨관리용품
G마켓2.0,C013937,채혈기,C013936,3,건강/의료용품 > 당뇨관리용품 > 채혈기
G마켓2.0,C013938,채혈침,C013936,3,건강/의료용품 > 당뇨관리용품 > 채혈침
G마켓2.0,C013939,혈당측정계,C013936,3,건강/의료용품 > 당뇨관리용품 > 혈당측정계
G마켓2.0,C013940,혈당측정지,C013936,3,건강/의료용품 > 당뇨관리용품 > 혈당측정지
G마켓2.0,C013942,비데,C013913,2,건강/의료용품 > 비데
G마켓2.0,C013941,도기일체형 비데,C013942,3,건강/의료용품 > 비데 > 도기일체형 비데
G마켓2.0,C013943,비데,C013942,3,건강/의료용품 > 비데 > 비데
G마켓2.0,C013944,비데용품,C013942,3,건강/의료용품 > 비데 > 비데용품
G마켓2.0,C013946,성인용품,C013913,2,건강/의료용품 > 성인용품
G마켓2.0,C013945,기타성인용품,C013946,3,건강/의료용품 > 성인용품 > 기타성인용품
G마켓2.0,C013947,남성성인용품,C013946,3,건강/의료용품 > 성인용품 > 남성성인용품
G마켓2.0,C013948,성인젤,C013946,3,건강/의료용품 > 성인용품 > 성인젤
G마켓2.0,C013949,여성성인용품,C013946,3,건강/의료용품 > 성인용품 > 여성성인용품
G마켓2.0,C013950,일반콘돔,C013946,3,건강/의료용품 > 성인용품 > 일반콘돔
G마켓2.0,C013951,특수콘돔,C013946,3,건강/의료용품 > 성인용품 > 특수콘돔
G마켓2.0,C013953,손/발건강용품,C013913,2,건강/의료용품 > 손/발건강용품
G마켓2.0,C013952,기타손발건강용품,C013953,3,건강/의료용품 > 손/발건강용품 > 기타손발건강용품
G마켓2.0,C013954,발가락교정기,C013953,3,건강/의료용품 > 손/발건강용품 > 발가락교정기
G마켓2.0,C013955,발지압/발매트,C013953,3,건강/의료용품 > 손/발건강용품 > 발지압/발매트
G마켓2.0,C013956,손소독기,C013953,3,건강/의료용품 > 손/발건강용품 > 손소독기
G마켓2.0,C013957,족욕기/족탕기,C013953,3,건강/의료용품 > 손/발건강용품 > 족욕기/족탕기
G마켓2.0,C013958,파라핀베스,C013953,3,건강/의료용품 > 손/발건강용품 > 파라핀베스
G마켓2.0,C013960,실버용품,C013913,2,건강/의료용품 > 실버용품
G마켓2.0,C013959,경사로,C013960,3,건강/의료용품 > 실버용품 > 경사로
G마켓2.0,C013961,기타실버용품,C013960,3,건강/의료용품 > 실버용품 > 기타실버용품
G마켓2.0,C013962,돋보기,C013960,3,건강/의료용품 > 실버용품 > 돋보기
G마켓2.0,C013963,목욕보조용품,C013960,3,건강/의료용품 > 실버용품 > 목욕보조용품
G마켓2.0,C013964,배변보조용품,C013960,3,건강/의료용품 > 실버용품 > 배변보조용품
G마켓2.0,C013965,보청기,C013960,3,건강/의료용품 > 실버용품 > 보청기
G마켓2.0,C013966,보청기배터리,C013960,3,건강/의료용품 > 실버용품 > 보청기배터리
G마켓2.0,C013967,보행보조용품,C013960,3,건강/의료용품 > 실버용품 > 보행보조용품
G마켓2.0,C013968,보행차/실버카,C013960,3,건강/의료용품 > 실버용품 > 보행차/실버카
G마켓2.0,C013969,욕창방지용품,C013960,3,건강/의료용품 > 실버용품 > 욕창방지용품
G마켓2.0,C013970,의료용 스쿠터,C013960,3,건강/의료용품 > 실버용품 > 의료용 스쿠터
G마켓2.0,C013971,장례용품/수의,C013960,3,건강/의료용품 > 실버용품 > 장례용품/수의
G마켓2.0,C013972,휠체어,C013960,3,건강/의료용품 > 실버용품 > 휠체어
G마켓2.0,C013973,휠체어 악세서리,C013960,3,건강/의료용품 > 실버용품 > 휠체어 악세서리
G마켓2.0,C013975,안마용품,C013913,2,건강/의료용품 > 안마용품
G마켓2.0,C013974,공기압 마사지,C013975,3,건강/의료용품 > 안마용품 > 공기압 마사지
G마켓2.0,C013976,기타안마용품,C013975,3,건강/의료용품 > 안마용품 > 기타안마용품
G마켓2.0,C013977,눈 마사지,C013975,3,건강/의료용품 > 안마용품 > 눈 마사지
G마켓2.0,C013978,복부 마사지,C013975,3,건강/의료용품 > 안마용품 > 복부 마사지
G마켓2.0,C013979,안마기/마사지기,C013975,3,건강/의료용품 > 안마용품 > 안마기/마사지기
G마켓2.0,C013980,안마의자,C013975,3,건강/의료용품 > 안마용품 > 안마의자
G마켓2.0,C013982,연수기/이온수기,C013913,2,건강/의료용품 > 연수기/이온수기
G마켓2.0,C013981,연수기,C013982,3,건강/의료용품 > 연수기/이온수기 > 연수기
G마켓2.0,C013983,연수기/이온수기용품,C013982,3,건강/의료용품 > 연수기/이온수기 > 연수기/이온수기용품
G마켓2.0,C013984,이온수기,C013982,3,건강/의료용품 > 연수기/이온수기 > 이온수기
G마켓2.0,C013986,일반의료용품,C013913,2,건강/의료용품 > 일반의료용품
G마켓2.0,C013985,거즈/붕대/의료솜,C013986,3,건강/의료용품 > 일반의료용품 > 거즈/붕대/의료솜
G마켓2.0,C013987,구급함/약통,C013986,3,건강/의료용품 > 일반의료용품 > 구급함/약통
G마켓2.0,C013988,기타일반의료용품,C013986,3,건강/의료용품 > 일반의료용품 > 기타일반의료용품
G마켓2.0,C013989,뜸/뜸기구,C013986,3,건강/의료용품 > 일반의료용품 > 뜸/뜸기구
G마켓2.0,C013990,반창고,C013986,3,건강/의료용품 > 일반의료용품 > 반창고
G마켓2.0,C013991,밴드,C013986,3,건강/의료용품 > 일반의료용품 > 밴드
G마켓2.0,C013992,살균제,C013986,3,건강/의료용품 > 일반의료용품 > 살균제
G마켓2.0,C013993,상처소독제/연고,C013986,3,건강/의료용품 > 일반의료용품 > 상처소독제/연고
G마켓2.0,C013994,응급의료용품,C013986,3,건강/의료용품 > 일반의료용품 > 응급의료용품
G마켓2.0,C013995,임신/배란테스트기,C013986,3,건강/의료용품 > 일반의료용품 > 임신/배란테스트기
G마켓2.0,C013996,파스,C013986,3,건강/의료용품 > 일반의료용품 > 파스
G마켓2.0,C013998,재활운동용품,C013913,2,건강/의료용품 > 재활운동용품
G마켓2.0,C013997,기타재활운동용품,C013998,3,건강/의료용품 > 재활운동용품 > 기타재활운동용품
G마켓2.0,C013999,목보호대,C013998,3,건강/의료용품 > 재활운동용품 > 목보호대
G마켓2.0,C014000,상반신보조기,C013998,3,건강/의료용품 > 재활운동용품 > 상반신보조기
G마켓2.0,C014001,신경/감각훈련기,C013998,3,건강/의료용품 > 재활운동용품 > 신경/감각훈련기
G마켓2.0,C014002,의료용압박스타킹,C013998,3,건강/의료용품 > 재활운동용품 > 의료용압박스타킹
G마켓2.0,C014003,자세교정용품,C013998,3,건강/의료용품 > 재활운동용품 > 자세교정용품
G마켓2.0,C014004,재활치료용 볼,C013998,3,건강/의료용품 > 재활운동용품 > 재활치료용 볼
G마켓2.0,C014005,하반신보조기,C013998,3,건강/의료용품 > 재활운동용품 > 하반신보조기
G마켓2.0,C014007,저주파/적외선용품,C013913,2,건강/의료용품 > 저주파/적외선용품
G마켓2.0,C014006,기타저주파/적외선용품,C014007,3,건강/의료용품 > 저주파/적외선용품 > 기타저주파/적외선용품
G마켓2.0,C014008,저주파자극기,C014007,3,건강/의료용품 > 저주파/적외선용품 > 저주파자극기
G마켓2.0,C014009,저주파패드,C014007,3,건강/의료용품 > 저주파/적외선용품 > 저주파패드
G마켓2.0,C014010,적외선조사기,C014007,3,건강/의료용품 > 저주파/적외선용품 > 적외선조사기
G마켓2.0,C014012,전문의료용품,C013913,2,건강/의료용품 > 전문의료용품
G마켓2.0,C014011,기타전문의료용품,C014012,3,건강/의료용품 > 전문의료용품 > 기타전문의료용품
G마켓2.0,C014013,도뇨관/장루주머니,C014012,3,건강/의료용품 > 전문의료용품 > 도뇨관/장루주머니
G마켓2.0,C014014,병원침대,C014012,3,건강/의료용품 > 전문의료용품 > 병원침대
G마켓2.0,C014015,의료용 자석,C014012,3,건강/의료용품 > 전문의료용품 > 의료용 자석
G마켓2.0,C014016,인체모형/해부도,C014012,3,건강/의료용품 > 전문의료용품 > 인체모형/해부도
G마켓2.0,C014017,주사기/주사바늘,C014012,3,건강/의료용품 > 전문의료용품 > 주사기/주사바늘
G마켓2.0,C014018,진료용장갑,C014012,3,건강/의료용품 > 전문의료용품 > 진료용장갑
G마켓2.0,C014019,청진기,C014012,3,건강/의료용품 > 전문의료용품 > 청진기
G마켓2.0,C014020,캔/밧드/농반,C014012,3,건강/의료용품 > 전문의료용품 > 캔/밧드/농반
G마켓2.0,C014021,펜라이트,C014012,3,건강/의료용품 > 전문의료용품 > 펜라이트
G마켓2.0,C014022,핀셋/포셉/가위,C014012,3,건강/의료용품 > 전문의료용품 > 핀셋/포셉/가위
G마켓2.0,C014023,한방의료용품,C014012,3,건강/의료용품 > 전문의료용품 > 한방의료용품
G마켓2.0,C014024,환자위생커버/매트,C014012,3,건강/의료용품 > 전문의료용품 > 환자위생커버/매트
G마켓2.0,C014026,전자담배용품,C013913,2,건강/의료용품 > 전자담배용품
G마켓2.0,C014025,전자담배,C014026,3,건강/의료용품 > 전자담배용품 > 전자담배
G마켓2.0,C014027,전자담배용품,C014026,3,건강/의료용품 > 전자담배용품 > 전자담배용품
G마켓2.0,C014029,정수기,C013913,2,건강/의료용품 > 정수기
G마켓2.0,C014028,언더싱크 정수기,C014029,3,건강/의료용품 > 정수기 > 언더싱크 정수기
G마켓2.0,C014030,정수기,C014029,3,건강/의료용품 > 정수기 > 정수기
G마켓2.0,C014031,정수기용품,C014029,3,건강/의료용품 > 정수기 > 정수기용품
G마켓2.0,C014032,찜질용품,C013913,2,건강/의료용품 > 찜질용품
G마켓2.0,C014034,체중계,C013913,2,건강/의료용품 > 체중계
G마켓2.0,C014033,디지털 체중계,C014034,3,건강/의료용품 > 체중계 > 디지털 체중계
G마켓2.0,C014035,스마트 체중계,C014034,3,건강/의료용품 > 체중계 > 스마트 체중계
G마켓2.0,C014036,아날로그 체중계,C014034,3,건강/의료용품 > 체중계 > 아날로그 체중계
G마켓2.0,C014038,호흡/수면건강용품,C013913,2,건강/의료용품 > 호흡/수면건강용품
G마켓2.0,C014037,기타호흡/수면관리용품,C014038,3,건강/의료용품 > 호흡/수면건강용품 > 기타호흡/수면관리용품
G마켓2.0,C014039,네블라이저/석션기,C014038,3,건강/의료용품 > 호흡/수면건강용품 > 네블라이저/석션기
G마켓2.0,C014040,마스크,C014038,3,건강/의료용품 > 호흡/수면건강용품 > 마스크
G마켓2.0,C014041,소음방지귀마개,C014038,3,건강/의료용품 > 호흡/수면건강용품 > 소음방지귀마개
G마켓2.0,C014042,이갈이방지용품,C014038,3,건강/의료용품 > 호흡/수면건강용품 > 이갈이방지용품
G마켓2.0,C014043,캔산소,C014038,3,건강/의료용품 > 호흡/수면건강용품 > 캔산소
G마켓2.0,C014044,코골이방지용품,C014038,3,건강/의료용품 > 호흡/수면건강용품 > 코골이방지용품
G마켓2.0,C014045,코세정기,C014038,3,건강/의료용품 > 호흡/수면건강용품 > 코세정기
G마켓2.0,C014048,건강식품,ROOT,1,건강식품
G마켓2.0,C014047,건강즙,C014048,2,건강식품 > 건강즙
G마켓2.0,C014046,기타건강즙,C014047,3,건강식품 > 건강즙 > 기타건강즙
G마켓2.0,C014049,마늘즙,C014047,3,건강식품 > 건강즙 > 마늘즙
G마켓2.0,C014050,매실즙,C014047,3,건강식품 > 건강즙 > 매실즙
G마켓2.0,C014051,배즙,C014047,3,건강식품 > 건강즙 > 배즙
G마켓2.0,C014052,복분자즙,C014047,3,건강식품 > 건강즙 > 복분자즙
G마켓2.0,C014053,블루베리즙,C014047,3,건강식품 > 건강즙 > 블루베리즙
G마켓2.0,C014054,사과즙,C014047,3,건강식품 > 건강즙 > 사과즙
G마켓2.0,C014055,석류즙,C014047,3,건강식품 > 건강즙 > 석류즙
G마켓2.0,C014056,아로니아즙,C014047,3,건강식품 > 건강즙 > 아로니아즙
G마켓2.0,C014057,양배추즙,C014047,3,건강식품 > 건강즙 > 양배추즙
G마켓2.0,C014058,양파즙,C014047,3,건강식품 > 건강즙 > 양파즙
G마켓2.0,C014059,포도즙,C014047,3,건강식품 > 건강즙 > 포도즙
G마켓2.0,C014060,헛개나무즙,C014047,3,건강식품 > 건강즙 > 헛개나무즙
G마켓2.0,C014061,호박즙,C014047,3,건강식품 > 건강즙 > 호박즙
G마켓2.0,C014063,건강환/건강분말,C014048,2,건강식품 > 건강환/건강분말
G마켓2.0,C014062,건강분말,C014063,3,건강식품 > 건강환/건강분말 > 건강분말
G마켓2.0,C014064,건강환/정,C014063,3,건강식품 > 건강환/건강분말 > 건강환/정
G마켓2.0,C014066,꿀,C014048,2,건강식품 > 꿀
G마켓2.0,C014065,꿀,C014066,3,건강식품 > 꿀 > 꿀
G마켓2.0,C014067,벌화분,C014066,3,건강식품 > 꿀 > 벌화분
G마켓2.0,C014069,다이어트식품,C014048,2,건강식품 > 다이어트식품
G마켓2.0,C014068,CLA,C014069,3,건강식품 > 다이어트식품 > CLA
G마켓2.0,C014070,가르시니아,C014069,3,건강식품 > 다이어트식품 > 가르시니아
G마켓2.0,C014071,곤약식품,C014069,3,건강식품 > 다이어트식품 > 곤약식품
G마켓2.0,C014072,기타헬스/다이어트식품,C014069,3,건강식품 > 다이어트식품 > 기타헬스/다이어트식품
G마켓2.0,C014073,다이어트바,C014069,3,건강식품 > 다이어트식품 > 다이어트바
G마켓2.0,C014074,다이어트쉐이크,C014069,3,건강식품 > 다이어트식품 > 다이어트쉐이크
G마켓2.0,C014075,다이어트차/음료,C014069,3,건강식품 > 다이어트식품 > 다이어트차/음료
G마켓2.0,C014076,식이섬유,C014069,3,건강식품 > 다이어트식품 > 식이섬유
G마켓2.0,C014077,콜라겐,C014069,3,건강식품 > 다이어트식품 > 콜라겐
G마켓2.0,C014078,히알루론산,C014069,3,건강식품 > 다이어트식품 > 히알루론산
G마켓2.0,C014080,영양제,C014048,2,건강식품 > 영양제
G마켓2.0,C014079,감마리놀렌산,C014080,3,건강식품 > 영양제 > 감마리놀렌산
G마켓2.0,C014081,글루코사민,C014080,3,건강식품 > 영양제 > 글루코사민
G마켓2.0,C014082,기타영양제,C014080,3,건강식품 > 영양제 > 기타영양제
G마켓2.0,C014083,로열제리,C014080,3,건강식품 > 영양제 > 로열제리
G마켓2.0,C014084,루테인,C014080,3,건강식품 > 영양제 > 루테인
G마켓2.0,C014085,리프리놀,C014080,3,건강식품 > 영양제 > 리프리놀
G마켓2.0,C014086,마그네슘,C014080,3,건강식품 > 영양제 > 마그네슘
G마켓2.0,C014087,밀크씨슬,C014080,3,건강식품 > 영양제 > 밀크씨슬
G마켓2.0,C014088,비타민,C014080,3,건강식품 > 영양제 > 비타민
G마켓2.0,C014089,스쿠알렌,C014080,3,건강식품 > 영양제 > 스쿠알렌
G마켓2.0,C014090,스피루리나,C014080,3,건강식품 > 영양제 > 스피루리나
G마켓2.0,C014091,쏘팔메토,C014080,3,건강식품 > 영양제 > 쏘팔메토
G마켓2.0,C014092,아연,C014080,3,건강식품 > 영양제 > 아연
G마켓2.0,C014093,알로에,C014080,3,건강식품 > 영양제 > 알로에
G마켓2.0,C014094,엽산,C014080,3,건강식품 > 영양제 > 엽산
G마켓2.0,C014095,오메가3,C014080,3,건강식품 > 영양제 > 오메가3
G마켓2.0,C014096,유산균,C014080,3,건강식품 > 영양제 > 유산균
G마켓2.0,C014097,철분,C014080,3,건강식품 > 영양제 > 철분
G마켓2.0,C014098,초유,C014080,3,건강식품 > 영양제 > 초유
G마켓2.0,C014099,칼슘,C014080,3,건강식품 > 영양제 > 칼슘
G마켓2.0,C014100,코큐텐,C014080,3,건강식품 > 영양제 > 코큐텐
G마켓2.0,C014101,클로렐라,C014080,3,건강식품 > 영양제 > 클로렐라
G마켓2.0,C014102,프로폴리스,C014080,3,건강식품 > 영양제 > 프로폴리스
G마켓2.0,C014103,환자영양식,C014080,3,건강식품 > 영양제 > 환자영양식
G마켓2.0,C014105,한방재료,C014048,2,건강식품 > 한방재료
G마켓2.0,C014104,가시오가피,C014105,3,건강식품 > 한방재료 > 가시오가피
G마켓2.0,C014106,감초,C014105,3,건강식품 > 한방재료 > 감초
G마켓2.0,C014107,계피,C014105,3,건강식품 > 한방재료 > 계피
G마켓2.0,C014108,구기자,C014105,3,건강식품 > 한방재료 > 구기자
G마켓2.0,C014109,기타한방재료,C014105,3,건강식품 > 한방재료 > 기타한방재료
G마켓2.0,C014110,녹용,C014105,3,건강식품 > 한방재료 > 녹용
G마켓2.0,C014111,약용버섯,C014105,3,건강식품 > 한방재료 > 약용버섯
G마켓2.0,C014112,어성초,C014105,3,건강식품 > 한방재료 > 어성초
G마켓2.0,C014113,오미자,C014105,3,건강식품 > 한방재료 > 오미자
G마켓2.0,C014114,헛개나무,C014105,3,건강식품 > 한방재료 > 헛개나무
G마켓2.0,C014116,홍삼/인삼,C014048,2,건강식품 > 홍삼/인삼
G마켓2.0,C014115,건삼,C014116,3,건강식품 > 홍삼/인삼 > 건삼
G마켓2.0,C014117,산삼,C014116,3,건강식품 > 홍삼/인삼 > 산삼
G마켓2.0,C014118,수삼,C014116,3,건강식품 > 홍삼/인삼 > 수삼
G마켓2.0,C014119,홍삼,C014116,3,건강식품 > 홍삼/인삼 > 홍삼
G마켓2.0,C014122,게임,ROOT,1,게임
G마켓2.0,C014121,게임기,C014122,2,게임 > 게임기
G마켓2.0,C014120,가정용게임기,C014121,3,게임 > 게임기 > 가정용게임기
G마켓2.0,C014123,기타게임기,C014121,3,게임 > 게임기 > 기타게임기
G마켓2.0,C014124,휴대용게임기,C014121,3,게임 > 게임기 > 휴대용게임기
G마켓2.0,C014126,게임용품,C014122,2,게임 > 게임용품
G마켓2.0,C014125,게임기액정보호필름,C014126,3,게임 > 게임용품 > 게임기액정보호필름
G마켓2.0,C014127,게임기충전기/케이블,C014126,3,게임 > 게임용품 > 게임기충전기/케이블
G마켓2.0,C014128,게임기케이스,C014126,3,게임 > 게임용품 > 게임기케이스
G마켓2.0,C014129,게임컨트롤러,C014126,3,게임 > 게임용품 > 게임컨트롤러
G마켓2.0,C014130,기타게임용품,C014126,3,게임 > 게임용품 > 기타게임용품
G마켓2.0,C014132,게임타이틀,C014122,2,게임 > 게임타이틀
G마켓2.0,C014131,PC게임,C014132,3,게임 > 게임타이틀 > PC게임
G마켓2.0,C014133,게임기타이틀,C014132,3,게임 > 게임타이틀 > 게임기타이틀
G마켓2.0,C014136,계절가전,ROOT,1,계절가전
G마켓2.0,C014135,공기정화기기,C014136,2,계절가전 > 공기정화기기
G마켓2.0,C014134,공기정화기기용품,C014135,3,계절가전 > 공기정화기기 > 공기정화기기용품
G마켓2.0,C014137,공기청정기,C014135,3,계절가전 > 공기정화기기 > 공기청정기
G마켓2.0,C014138,공기측정기,C014135,3,계절가전 > 공기정화기기 > 공기측정기
G마켓2.0,C014139,먼지 측정기,C014135,3,계절가전 > 공기정화기기 > 먼지 측정기
G마켓2.0,C014141,난방기기,C014136,2,계절가전 > 난방기기
G마켓2.0,C014140,난로,C014141,3,계절가전 > 난방기기 > 난로
G마켓2.0,C014142,난방기기용품,C014141,3,계절가전 > 난방기기 > 난방기기용품
G마켓2.0,C014143,돈풍기,C014141,3,계절가전 > 난방기기 > 돈풍기
G마켓2.0,C014144,라디에이터,C014141,3,계절가전 > 난방기기 > 라디에이터
G마켓2.0,C014145,발난로,C014141,3,계절가전 > 난방기기 > 발난로
G마켓2.0,C014146,보일러,C014141,3,계절가전 > 난방기기 > 보일러
G마켓2.0,C014147,손난로,C014141,3,계절가전 > 난방기기 > 손난로
G마켓2.0,C014148,온수기,C014141,3,계절가전 > 난방기기 > 온수기
G마켓2.0,C014149,온풍기,C014141,3,계절가전 > 난방기기 > 온풍기
G마켓2.0,C014150,전기히터,C014141,3,계절가전 > 난방기기 > 전기히터
G마켓2.0,C014152,난방매트,C014136,2,계절가전 > 난방매트
G마켓2.0,C014151,난방매트용품,C014152,3,계절가전 > 난방매트 > 난방매트용품
G마켓2.0,C014153,온수매트,C014152,3,계절가전 > 난방매트 > 온수매트
G마켓2.0,C014154,전기매트,C014152,3,계절가전 > 난방매트 > 전기매트
G마켓2.0,C014155,전기방석,C014152,3,계절가전 > 난방매트 > 전기방석
G마켓2.0,C014156,전기요/전기장판,C014152,3,계절가전 > 난방매트 > 전기요/전기장판
G마켓2.0,C014158,냉방기기,C014136,2,계절가전 > 냉방기기
G마켓2.0,C014157,냉방기기용품,C014158,3,계절가전 > 냉방기기 > 냉방기기용품
G마켓2.0,C014159,냉풍기,C014158,3,계절가전 > 냉방기기 > 냉풍기
G마켓2.0,C014160,냉풍매트,C014158,3,계절가전 > 냉방기기 > 냉풍매트
G마켓2.0,C014161,선풍기,C014158,3,계절가전 > 냉방기기 > 선풍기
G마켓2.0,C014162,써큘레이터,C014158,3,계절가전 > 냉방기기 > 써큘레이터
G마켓2.0,C014163,에어커튼,C014158,3,계절가전 > 냉방기기 > 에어커튼
G마켓2.0,C014164,타워팬,C014158,3,계절가전 > 냉방기기 > 타워팬
G마켓2.0,C014166,모기/해충퇴치기,C014136,2,계절가전 > 모기/해충퇴치기
G마켓2.0,C014165,모기/해충퇴치기,C014166,3,계절가전 > 모기/해충퇴치기 > 모기/해충퇴치기
G마켓2.0,C014167,연막소독기,C014166,3,계절가전 > 모기/해충퇴치기 > 연막소독기
G마켓2.0,C014168,해충퇴치기기용품,C014166,3,계절가전 > 모기/해충퇴치기 > 해충퇴치기기용품
G마켓2.0,C014170,습도조절기기,C014136,2,계절가전 > 습도조절기기
G마켓2.0,C014169,가습기,C014170,3,계절가전 > 습도조절기기 > 가습기
G마켓2.0,C014171,기화식 가습기,C014170,3,계절가전 > 습도조절기기 > 기화식 가습기
G마켓2.0,C014172,습도조절기기용품,C014170,3,계절가전 > 습도조절기기 > 습도조절기기용품
G마켓2.0,C014173,에어워셔,C014170,3,계절가전 > 습도조절기기 > 에어워셔
G마켓2.0,C014174,제습기,C014170,3,계절가전 > 습도조절기기 > 제습기
G마켓2.0,C014176,에어컨,C014136,2,계절가전 > 에어컨
G마켓2.0,C014175,멀티에어컨,C014176,3,계절가전 > 에어컨 > 멀티에어컨
G마켓2.0,C014177,벽걸이에어컨,C014176,3,계절가전 > 에어컨 > 벽걸이에어컨
G마켓2.0,C014178,스탠드에어컨,C014176,3,계절가전 > 에어컨 > 스탠드에어컨
G마켓2.0,C014179,시스템에어컨,C014176,3,계절가전 > 에어컨 > 시스템에어컨
G마켓2.0,C014180,업소용냉난방기,C014176,3,계절가전 > 에어컨 > 업소용냉난방기
G마켓2.0,C014181,이동식에어컨,C014176,3,계절가전 > 에어컨 > 이동식에어컨
G마켓2.0,C014182,창문형에어컨,C014176,3,계절가전 > 에어컨 > 창문형에어컨
G마켓2.0,C014184,에어컨용품,C014136,2,계절가전 > 에어컨용품
G마켓2.0,C014183,기타에어컨용품,C014184,3,계절가전 > 에어컨용품 > 기타에어컨용품
G마켓2.0,C014185,에어컨리모컨,C014184,3,계절가전 > 에어컨용품 > 에어컨리모컨
G마켓2.0,C014186,에어컨필터,C014184,3,계절가전 > 에어컨용품 > 에어컨필터
G마켓2.0,C014189,골프,ROOT,1,골프
G마켓2.0,C014188,골프공,C014189,2,골프 > 골프공
G마켓2.0,C014187,골프공,C014188,3,골프 > 골프공 > 골프공
G마켓2.0,C014190,로스트볼,C014188,3,골프 > 골프공 > 로스트볼
G마켓2.0,C014192,골프백,C014189,2,골프 > 골프백
G마켓2.0,C014191,골프백세트,C014192,3,골프 > 골프백 > 골프백세트
G마켓2.0,C014193,골프백용품,C014192,3,골프 > 골프백 > 골프백용품
G마켓2.0,C014194,골프보스턴백,C014192,3,골프 > 골프백 > 골프보스턴백
G마켓2.0,C014195,골프볼파우치,C014192,3,골프 > 골프백 > 골프볼파우치
G마켓2.0,C014196,골프화주머니,C014192,3,골프 > 골프백 > 골프화주머니
G마켓2.0,C014197,기타골프백,C014192,3,골프 > 골프백 > 기타골프백
G마켓2.0,C014198,캐디백,C014192,3,골프 > 골프백 > 캐디백
G마켓2.0,C014199,하프백,C014192,3,골프 > 골프백 > 하프백
G마켓2.0,C014200,항공커버,C014192,3,골프 > 골프백 > 항공커버
G마켓2.0,C014202,골프연습용품,C014189,2,골프 > 골프연습용품
G마켓2.0,C014201,기타골프연습용품,C014202,3,골프 > 골프연습용품 > 기타골프연습용품
G마켓2.0,C014203,스윙네트/매트,C014202,3,골프 > 골프연습용품 > 스윙네트/매트
G마켓2.0,C014204,스윙연습기,C014202,3,골프 > 골프연습용품 > 스윙연습기
G마켓2.0,C014205,스윙자세교정기,C014202,3,골프 > 골프연습용품 > 스윙자세교정기
G마켓2.0,C014206,실외연습용품,C014202,3,골프 > 골프연습용품 > 실외연습용품
G마켓2.0,C014207,퍼팅매트,C014202,3,골프 > 골프연습용품 > 퍼팅매트
G마켓2.0,C014208,퍼팅인조잔디,C014202,3,골프 > 골프연습용품 > 퍼팅인조잔디
G마켓2.0,C014210,골프잡화,C014189,2,골프 > 골프잡화
G마켓2.0,C014209,골프모자,C014210,3,골프 > 골프잡화 > 골프모자
G마켓2.0,C014211,골프벨트,C014210,3,골프 > 골프잡화 > 골프벨트
G마켓2.0,C014212,골프양말,C014210,3,골프 > 골프잡화 > 골프양말
G마켓2.0,C014213,골프장갑,C014210,3,골프 > 골프잡화 > 골프장갑
G마켓2.0,C014214,골프화스파이크,C014210,3,골프 > 골프잡화 > 골프화스파이크
G마켓2.0,C014216,골프클럽,C014189,2,골프 > 골프클럽
G마켓2.0,C014215,골프클럽세트,C014216,3,골프 > 골프클럽 > 골프클럽세트
G마켓2.0,C014217,드라이버,C014216,3,골프 > 골프클럽 > 드라이버
G마켓2.0,C014218,아이언,C014216,3,골프 > 골프클럽 > 아이언
G마켓2.0,C014219,웨지,C014216,3,골프 > 골프클럽 > 웨지
G마켓2.0,C014220,유틸리티우드,C014216,3,골프 > 골프클럽 > 유틸리티우드
G마켓2.0,C014221,퍼터,C014216,3,골프 > 골프클럽 > 퍼터
G마켓2.0,C014222,페어웨이우드,C014216,3,골프 > 골프클럽 > 페어웨이우드
G마켓2.0,C014224,골프피팅,C014189,2,골프 > 골프피팅
G마켓2.0,C014223,그립피팅,C014224,3,골프 > 골프피팅 > 그립피팅
G마켓2.0,C014225,기타골프피팅,C014224,3,골프 > 골프피팅 > 기타골프피팅
G마켓2.0,C014226,샤프트피팅,C014224,3,골프 > 골프피팅 > 샤프트피팅
G마켓2.0,C014227,헤드피팅,C014224,3,골프 > 골프피팅 > 헤드피팅
G마켓2.0,C014229,골프화,C014189,2,골프 > 골프화
G마켓2.0,C014228,남성골프화,C014229,3,골프 > 골프화 > 남성골프화
G마켓2.0,C014230,여성골프화,C014229,3,골프 > 골프화 > 여성골프화
G마켓2.0,C014232,남성골프의류,C014189,2,골프 > 남성골프의류
G마켓2.0,C014231,골프니트,C014232,3,골프 > 남성골프의류 > 골프니트
G마켓2.0,C014233,골프바지,C014232,3,골프 > 남성골프의류 > 골프바지
G마켓2.0,C014234,골프재킷,C014232,3,골프 > 남성골프의류 > 골프재킷
G마켓2.0,C014235,골프점퍼,C014232,3,골프 > 남성골프의류 > 골프점퍼
G마켓2.0,C014236,골프조끼,C014232,3,골프 > 남성골프의류 > 골프조끼
G마켓2.0,C014237,골프티셔츠,C014232,3,골프 > 남성골프의류 > 골프티셔츠
G마켓2.0,C014238,기타남성골프의류,C014232,3,골프 > 남성골프의류 > 기타남성골프의류
G마켓2.0,C014240,여성골프의류,C014189,2,골프 > 여성골프의류
G마켓2.0,C014239,골프니트,C014240,3,골프 > 여성골프의류 > 골프니트
G마켓2.0,C014241,골프바지,C014240,3,골프 > 여성골프의류 > 골프바지
G마켓2.0,C014242,골프스커트,C014240,3,골프 > 여성골프의류 > 골프스커트
G마켓2.0,C014243,골프원피스,C014240,3,골프 > 여성골프의류 > 골프원피스
G마켓2.0,C014244,골프재킷,C014240,3,골프 > 여성골프의류 > 골프재킷
G마켓2.0,C014245,골프점퍼,C014240,3,골프 > 여성골프의류 > 골프점퍼
G마켓2.0,C014246,골프조끼,C014240,3,골프 > 여성골프의류 > 골프조끼
G마켓2.0,C014247,골프티셔츠,C014240,3,골프 > 여성골프의류 > 골프티셔츠
G마켓2.0,C014248,기타여성골프의류,C014240,3,골프 > 여성골프의류 > 기타여성골프의류
G마켓2.0,C014250,필드용품,C014189,2,골프 > 필드용품
G마켓2.0,C014249,거리측정기,C014250,3,골프 > 필드용품 > 거리측정기
G마켓2.0,C014251,골프우산,C014250,3,골프 > 필드용품 > 골프우산
G마켓2.0,C014252,골프채그립,C014250,3,골프 > 필드용품 > 골프채그립
G마켓2.0,C014253,골프티,C014250,3,골프 > 필드용품 > 골프티
G마켓2.0,C014254,기타필드용품,C014250,3,골프 > 필드용품 > 기타필드용품
G마켓2.0,C014255,볼라이너,C014250,3,골프 > 필드용품 > 볼라이너
G마켓2.0,C014256,볼마커,C014250,3,골프 > 필드용품 > 볼마커
G마켓2.0,C014257,클럽커버,C014250,3,골프 > 필드용품 > 클럽커버
G마켓2.0,C014260,구기/라켓,ROOT,1,구기/라켓
G마켓2.0,C014259,기타구기/라켓용품,C014260,2,구기/라켓 > 기타구기/라켓용품
G마켓2.0,C014258,기타구기/라켓용품,C014259,3,구기/라켓 > 기타구기/라켓용품 > 기타구기/라켓용품
G마켓2.0,C014261,소프트발리볼,C014259,3,구기/라켓 > 기타구기/라켓용품 > 소프트발리볼
G마켓2.0,C014262,킨볼/츄크볼,C014259,3,구기/라켓 > 기타구기/라켓용품 > 킨볼/츄크볼
G마켓2.0,C014263,티볼,C014259,3,구기/라켓 > 기타구기/라켓용품 > 티볼
G마켓2.0,C014264,패드민턴/핸들러,C014259,3,구기/라켓 > 기타구기/라켓용품 > 패드민턴/핸들러
G마켓2.0,C014265,프리/소프트테니스,C014259,3,구기/라켓 > 기타구기/라켓용품 > 프리/소프트테니스
G마켓2.0,C014266,플라잉디스크,C014259,3,구기/라켓 > 기타구기/라켓용품 > 플라잉디스크
G마켓2.0,C014267,플로어볼,C014259,3,구기/라켓 > 기타구기/라켓용품 > 플로어볼
G마켓2.0,C014269,농구용품,C014260,2,구기/라켓 > 농구용품
G마켓2.0,C014268,기타농구용품,C014269,3,구기/라켓 > 농구용품 > 기타농구용품
G마켓2.0,C014270,농구가방,C014269,3,구기/라켓 > 농구용품 > 농구가방
G마켓2.0,C014271,농구골대,C014269,3,구기/라켓 > 농구용품 > 농구골대
G마켓2.0,C014272,농구공,C014269,3,구기/라켓 > 농구용품 > 농구공
G마켓2.0,C014273,농구복,C014269,3,구기/라켓 > 농구용품 > 농구복
G마켓2.0,C014274,농구화,C014269,3,구기/라켓 > 농구용품 > 농구화
G마켓2.0,C014276,당구용품,C014260,2,구기/라켓 > 당구용품
G마켓2.0,C014275,당구공,C014276,3,구기/라켓 > 당구용품 > 당구공
G마켓2.0,C014277,당구대,C014276,3,구기/라켓 > 당구용품 > 당구대
G마켓2.0,C014278,당구장갑,C014276,3,구기/라켓 > 당구용품 > 당구장갑
G마켓2.0,C014279,당구초크,C014276,3,구기/라켓 > 당구용품 > 당구초크
G마켓2.0,C014280,당구큐,C014276,3,구기/라켓 > 당구용품 > 당구큐
G마켓2.0,C014281,마라톤/육상,C014260,2,구기/라켓 > 마라톤/육상
G마켓2.0,C014283,배구용품,C014260,2,구기/라켓 > 배구용품
G마켓2.0,C014282,기타배구용품,C014283,3,구기/라켓 > 배구용품 > 기타배구용품
G마켓2.0,C014284,배구공,C014283,3,구기/라켓 > 배구용품 > 배구공
G마켓2.0,C014285,배구네트,C014283,3,구기/라켓 > 배구용품 > 배구네트
G마켓2.0,C014286,배구복,C014283,3,구기/라켓 > 배구용품 > 배구복
G마켓2.0,C014287,배구화,C014283,3,구기/라켓 > 배구용품 > 배구화
G마켓2.0,C014288,피구공,C014283,3,구기/라켓 > 배구용품 > 피구공
G마켓2.0,C014290,배드민턴용품,C014260,2,구기/라켓 > 배드민턴용품
G마켓2.0,C014289,배드민턴가방,C014290,3,구기/라켓 > 배드민턴용품 > 배드민턴가방
G마켓2.0,C014291,배드민턴거트,C014290,3,구기/라켓 > 배드민턴용품 > 배드민턴거트
G마켓2.0,C014292,배드민턴그립,C014290,3,구기/라켓 > 배드민턴용품 > 배드민턴그립
G마켓2.0,C014293,배드민턴네트,C014290,3,구기/라켓 > 배드민턴용품 > 배드민턴네트
G마켓2.0,C014294,배드민턴라켓,C014290,3,구기/라켓 > 배드민턴용품 > 배드민턴라켓
G마켓2.0,C014295,배드민턴복,C014290,3,구기/라켓 > 배드민턴용품 > 배드민턴복
G마켓2.0,C014296,배드민턴화,C014290,3,구기/라켓 > 배드민턴용품 > 배드민턴화
G마켓2.0,C014297,셔틀콕,C014290,3,구기/라켓 > 배드민턴용품 > 셔틀콕
G마켓2.0,C014299,볼링용품,C014260,2,구기/라켓 > 볼링용품
G마켓2.0,C014298,기타볼링용품,C014299,3,구기/라켓 > 볼링용품 > 기타볼링용품
G마켓2.0,C014300,볼링가방,C014299,3,구기/라켓 > 볼링용품 > 볼링가방
G마켓2.0,C014301,볼링공,C014299,3,구기/라켓 > 볼링용품 > 볼링공
G마켓2.0,C014302,볼링복,C014299,3,구기/라켓 > 볼링용품 > 볼링복
G마켓2.0,C014303,볼링아대,C014299,3,구기/라켓 > 볼링용품 > 볼링아대
G마켓2.0,C014304,볼링핀,C014299,3,구기/라켓 > 볼링용품 > 볼링핀
G마켓2.0,C014305,볼링화,C014299,3,구기/라켓 > 볼링용품 > 볼링화
G마켓2.0,C014307,스쿼시용품,C014260,2,구기/라켓 > 스쿼시용품
G마켓2.0,C014306,스쿼시거트,C014307,3,구기/라켓 > 스쿼시용품 > 스쿼시거트
G마켓2.0,C014308,스쿼시공,C014307,3,구기/라켓 > 스쿼시용품 > 스쿼시공
G마켓2.0,C014309,스쿼시라켓,C014307,3,구기/라켓 > 스쿼시용품 > 스쿼시라켓
G마켓2.0,C014310,스쿼시보호안경,C014307,3,구기/라켓 > 스쿼시용품 > 스쿼시보호안경
G마켓2.0,C014312,야구용품,C014260,2,구기/라켓 > 야구용품
G마켓2.0,C014311,기타야구용품,C014312,3,구기/라켓 > 야구용품 > 기타야구용품
G마켓2.0,C014313,배팅연습용품,C014312,3,구기/라켓 > 야구용품 > 배팅연습용품
G마켓2.0,C014314,야구가방,C014312,3,구기/라켓 > 야구용품 > 야구가방
G마켓2.0,C014315,야구공,C014312,3,구기/라켓 > 야구용품 > 야구공
G마켓2.0,C014316,야구글러브,C014312,3,구기/라켓 > 야구용품 > 야구글러브
G마켓2.0,C014317,야구배트,C014312,3,구기/라켓 > 야구용품 > 야구배트
G마켓2.0,C014318,야구보호대,C014312,3,구기/라켓 > 야구용품 > 야구보호대
G마켓2.0,C014319,야구장갑,C014312,3,구기/라켓 > 야구용품 > 야구장갑
G마켓2.0,C014320,야구헬멧,C014312,3,구기/라켓 > 야구용품 > 야구헬멧
G마켓2.0,C014321,야구화,C014312,3,구기/라켓 > 야구용품 > 야구화
G마켓2.0,C014322,타자보호대,C014312,3,구기/라켓 > 야구용품 > 타자보호대
G마켓2.0,C014323,포수장비,C014312,3,구기/라켓 > 야구용품 > 포수장비
G마켓2.0,C014325,야구의류/잡화,C014260,2,구기/라켓 > 야구의류/잡화
G마켓2.0,C014324,기타야구잡화,C014325,3,구기/라켓 > 야구의류/잡화 > 기타야구잡화
G마켓2.0,C014326,야구모자,C014325,3,구기/라켓 > 야구의류/잡화 > 야구모자
G마켓2.0,C014327,야구복,C014325,3,구기/라켓 > 야구의류/잡화 > 야구복
G마켓2.0,C014328,야구언더셔츠,C014325,3,구기/라켓 > 야구의류/잡화 > 야구언더셔츠
G마켓2.0,C014329,야구점퍼,C014325,3,구기/라켓 > 야구의류/잡화 > 야구점퍼
G마켓2.0,C014331,족구용품,C014260,2,구기/라켓 > 족구용품
G마켓2.0,C014330,족구공,C014331,3,구기/라켓 > 족구용품 > 족구공
G마켓2.0,C014332,족구네트/지주,C014331,3,구기/라켓 > 족구용품 > 족구네트/지주
G마켓2.0,C014333,족구화,C014331,3,구기/라켓 > 족구용품 > 족구화
G마켓2.0,C014335,축구용품,C014260,2,구기/라켓 > 축구용품
G마켓2.0,C014334,골대,C014335,3,구기/라켓 > 축구용품 > 골대
G마켓2.0,C014336,골키퍼장갑,C014335,3,구기/라켓 > 축구용품 > 골키퍼장갑
G마켓2.0,C014337,기타축구용품,C014335,3,구기/라켓 > 축구용품 > 기타축구용품
G마켓2.0,C014338,미식축구/럭비공,C014335,3,구기/라켓 > 축구용품 > 미식축구/럭비공
G마켓2.0,C014339,정강이보호대,C014335,3,구기/라켓 > 축구용품 > 정강이보호대
G마켓2.0,C014340,축구가방,C014335,3,구기/라켓 > 축구용품 > 축구가방
G마켓2.0,C014341,축구공,C014335,3,구기/라켓 > 축구용품 > 축구공
G마켓2.0,C014342,축구복,C014335,3,구기/라켓 > 축구용품 > 축구복
G마켓2.0,C014343,축구양말/스타킹,C014335,3,구기/라켓 > 축구용품 > 축구양말/스타킹
G마켓2.0,C014344,축구연습용품,C014335,3,구기/라켓 > 축구용품 > 축구연습용품
G마켓2.0,C014345,축구장갑,C014335,3,구기/라켓 > 축구용품 > 축구장갑
G마켓2.0,C014346,축구조끼,C014335,3,구기/라켓 > 축구용품 > 축구조끼
G마켓2.0,C014347,축구화,C014335,3,구기/라켓 > 축구용품 > 축구화
G마켓2.0,C014348,풋살화,C014335,3,구기/라켓 > 축구용품 > 풋살화
G마켓2.0,C014350,탁구용품,C014260,2,구기/라켓 > 탁구용품
G마켓2.0,C014349,탁구가방/케이스,C014350,3,구기/라켓 > 탁구용품 > 탁구가방/케이스
G마켓2.0,C014351,탁구공,C014350,3,구기/라켓 > 탁구용품 > 탁구공
G마켓2.0,C014352,탁구네트,C014350,3,구기/라켓 > 탁구용품 > 탁구네트
G마켓2.0,C014353,탁구대,C014350,3,구기/라켓 > 탁구용품 > 탁구대
G마켓2.0,C014354,탁구라켓,C014350,3,구기/라켓 > 탁구용품 > 탁구라켓
G마켓2.0,C014355,탁구러버,C014350,3,구기/라켓 > 탁구용품 > 탁구러버
G마켓2.0,C014356,탁구로봇,C014350,3,구기/라켓 > 탁구용품 > 탁구로봇
G마켓2.0,C014357,탁구복,C014350,3,구기/라켓 > 탁구용품 > 탁구복
G마켓2.0,C014358,탁구화,C014350,3,구기/라켓 > 탁구용품 > 탁구화
G마켓2.0,C014360,테니스용품,C014260,2,구기/라켓 > 테니스용품
G마켓2.0,C014359,기타테니스용품,C014360,3,구기/라켓 > 테니스용품 > 기타테니스용품
G마켓2.0,C014361,라인기,C014360,3,구기/라켓 > 테니스용품 > 라인기
G마켓2.0,C014362,테니스가방,C014360,3,구기/라켓 > 테니스용품 > 테니스가방
G마켓2.0,C014363,테니스거트,C014360,3,구기/라켓 > 테니스용품 > 테니스거트
G마켓2.0,C014364,테니스공,C014360,3,구기/라켓 > 테니스용품 > 테니스공
G마켓2.0,C014365,테니스네트,C014360,3,구기/라켓 > 테니스용품 > 테니스네트
G마켓2.0,C014366,테니스라켓,C014360,3,구기/라켓 > 테니스용품 > 테니스라켓
G마켓2.0,C014367,테니스복,C014360,3,구기/라켓 > 테니스용품 > 테니스복
G마켓2.0,C014368,테니스화,C014360,3,구기/라켓 > 테니스용품 > 테니스화
G마켓2.0,C014371,남성의류,ROOT,1,남성의류
G마켓2.0,C014370,가디건/조끼,C014371,2,남성의류 > 가디건/조끼
G마켓2.0,C014369,가디건,C014370,3,남성의류 > 가디건/조끼 > 가디건
G마켓2.0,C014372,캐쥬얼 조끼,C014370,3,남성의류 > 가디건/조끼 > 캐쥬얼 조끼
G마켓2.0,C014373,패딩 조끼,C014370,3,남성의류 > 가디건/조끼 > 패딩 조끼
G마켓2.0,C014375,교복,C014371,2,남성의류 > 교복
G마켓2.0,C014374,교복바지,C014375,3,남성의류 > 교복 > 교복바지
G마켓2.0,C014376,교복세트,C014375,3,남성의류 > 교복 > 교복세트
G마켓2.0,C014377,교복셔츠,C014375,3,남성의류 > 교복 > 교복셔츠
G마켓2.0,C014378,교복조끼/가디건,C014375,3,남성의류 > 교복 > 교복조끼/가디건
G마켓2.0,C014380,긴팔티셔츠,C014371,2,남성의류 > 긴팔티셔츠
G마켓2.0,C014379,라운드넥티셔츠,C014380,3,남성의류 > 긴팔티셔츠 > 라운드넥티셔츠
G마켓2.0,C014381,브이넥 티셔츠,C014380,3,남성의류 > 긴팔티셔츠 > 브이넥 티셔츠
G마켓2.0,C014382,카라넥티셔츠,C014380,3,남성의류 > 긴팔티셔츠 > 카라넥티셔츠
G마켓2.0,C014383,폴라 티셔츠,C014380,3,남성의류 > 긴팔티셔츠 > 폴라 티셔츠
G마켓2.0,C014384,프린트티셔츠,C014380,3,남성의류 > 긴팔티셔츠 > 프린트티셔츠
G마켓2.0,C014386,니트,C014371,2,남성의류 > 니트
G마켓2.0,C014385,라운드넥 니트,C014386,3,남성의류 > 니트 > 라운드넥 니트
G마켓2.0,C014387,브이넥 니트,C014386,3,남성의류 > 니트 > 브이넥 니트
G마켓2.0,C014388,집업 니트,C014386,3,남성의류 > 니트 > 집업 니트
G마켓2.0,C014389,터틀넥/폴라니트,C014386,3,남성의류 > 니트 > 터틀넥/폴라니트
G마켓2.0,C014391,드레스셔츠,C014371,2,남성의류 > 드레스셔츠
G마켓2.0,C014390,솔리드셔츠,C014391,3,남성의류 > 드레스셔츠 > 솔리드셔츠
G마켓2.0,C014392,스트라이프셔츠,C014391,3,남성의류 > 드레스셔츠 > 스트라이프셔츠
G마켓2.0,C014393,체크/프린트셔츠,C014391,3,남성의류 > 드레스셔츠 > 체크/프린트셔츠
G마켓2.0,C014395,맨투맨/후드티,C014371,2,남성의류 > 맨투맨/후드티
G마켓2.0,C014394,맨투맨 티셔츠,C014395,3,남성의류 > 맨투맨/후드티 > 맨투맨 티셔츠
G마켓2.0,C014396,후드집업,C014395,3,남성의류 > 맨투맨/후드티 > 후드집업
G마켓2.0,C014397,후드티셔츠,C014395,3,남성의류 > 맨투맨/후드티 > 후드티셔츠
G마켓2.0,C014399,반바지,C014371,2,남성의류 > 반바지
G마켓2.0,C014398,면/린넨반바지,C014399,3,남성의류 > 반바지 > 면/린넨반바지
G마켓2.0,C014400,청 반바지,C014399,3,남성의류 > 반바지 > 청 반바지
G마켓2.0,C014402,반팔티셔츠,C014371,2,남성의류 > 반팔티셔츠
G마켓2.0,C014401,라운드넥반팔티,C014402,3,남성의류 > 반팔티셔츠 > 라운드넥반팔티
G마켓2.0,C014403,민소매티셔츠,C014402,3,남성의류 > 반팔티셔츠 > 민소매티셔츠
G마켓2.0,C014404,브이넥 반팔티,C014402,3,남성의류 > 반팔티셔츠 > 브이넥 반팔티
G마켓2.0,C014405,카라 반팔티,C014402,3,남성의류 > 반팔티셔츠 > 카라 반팔티
G마켓2.0,C014406,프린트 반팔티,C014402,3,남성의류 > 반팔티셔츠 > 프린트 반팔티
G마켓2.0,C014408,비치웨어/수영복,C014371,2,남성의류 > 비치웨어/수영복
G마켓2.0,C014407,비치웨어,C014408,3,남성의류 > 비치웨어/수영복 > 비치웨어
G마켓2.0,C014409,수영복,C014408,3,남성의류 > 비치웨어/수영복 > 수영복
G마켓2.0,C014411,빅사이즈,C014371,2,남성의류 > 빅사이즈
G마켓2.0,C014410,니트/가디건,C014411,3,남성의류 > 빅사이즈 > 니트/가디건
G마켓2.0,C014412,자켓/코트,C014411,3,남성의류 > 빅사이즈 > 자켓/코트
G마켓2.0,C014413,점퍼/야상/패딩,C014411,3,남성의류 > 빅사이즈 > 점퍼/야상/패딩
G마켓2.0,C014414,청바지,C014411,3,남성의류 > 빅사이즈 > 청바지
G마켓2.0,C014415,캐주얼바지,C014411,3,남성의류 > 빅사이즈 > 캐주얼바지
G마켓2.0,C014416,캐주얼셔츠,C014411,3,남성의류 > 빅사이즈 > 캐주얼셔츠
G마켓2.0,C014417,트레이닝복,C014411,3,남성의류 > 빅사이즈 > 트레이닝복
G마켓2.0,C014418,티셔츠,C014411,3,남성의류 > 빅사이즈 > 티셔츠
G마켓2.0,C014420,자켓,C014371,2,남성의류 > 자켓
G마켓2.0,C014419,데님 자켓,C014420,3,남성의류 > 자켓 > 데님 자켓
G마켓2.0,C014421,린넨 자켓,C014420,3,남성의류 > 자켓 > 린넨 자켓
G마켓2.0,C014422,무스탕/가죽 자켓,C014420,3,남성의류 > 자켓 > 무스탕/가죽 자켓
G마켓2.0,C014423,블레이져,C014420,3,남성의류 > 자켓 > 블레이져
G마켓2.0,C014425,점퍼/야상/패딩,C014371,2,남성의류 > 점퍼/야상/패딩
G마켓2.0,C014424,바람막이 점퍼,C014425,3,남성의류 > 점퍼/야상/패딩 > 바람막이 점퍼
G마켓2.0,C014426,블루종/항공점퍼,C014425,3,남성의류 > 점퍼/야상/패딩 > 블루종/항공점퍼
G마켓2.0,C014427,야상/사파리,C014425,3,남성의류 > 점퍼/야상/패딩 > 야상/사파리
G마켓2.0,C014428,패딩 점퍼,C014425,3,남성의류 > 점퍼/야상/패딩 > 패딩 점퍼
G마켓2.0,C014429,후드/집업점퍼,C014425,3,남성의류 > 점퍼/야상/패딩 > 후드/집업점퍼
G마켓2.0,C014431,정장,C014371,2,남성의류 > 정장
G마켓2.0,C014430,정장바지,C014431,3,남성의류 > 정장 > 정장바지
G마켓2.0,C014432,정장세트,C014431,3,남성의류 > 정장 > 정장세트
G마켓2.0,C014433,정장자켓,C014431,3,남성의류 > 정장 > 정장자켓
G마켓2.0,C014434,정장조끼,C014431,3,남성의류 > 정장 > 정장조끼
G마켓2.0,C014436,청바지,C014371,2,남성의류 > 청바지
G마켓2.0,C014435,부츠컷/와이드핏,C014436,3,남성의류 > 청바지 > 부츠컷/와이드핏
G마켓2.0,C014437,스키니/슬림핏,C014436,3,남성의류 > 청바지 > 스키니/슬림핏
G마켓2.0,C014438,스트레이트핏,C014436,3,남성의류 > 청바지 > 스트레이트핏
G마켓2.0,C014440,캐주얼바지,C014371,2,남성의류 > 캐주얼바지
G마켓2.0,C014439,기모 팬츠,C014440,3,남성의류 > 캐주얼바지 > 기모 팬츠
G마켓2.0,C014441,슬랙스,C014440,3,남성의류 > 캐주얼바지 > 슬랙스
G마켓2.0,C014442,치노 면바지,C014440,3,남성의류 > 캐주얼바지 > 치노 면바지
G마켓2.0,C014444,캐주얼셔츠,C014371,2,남성의류 > 캐주얼셔츠
G마켓2.0,C014443,솔리드 셔츠,C014444,3,남성의류 > 캐주얼셔츠 > 솔리드 셔츠
G마켓2.0,C014445,스트라이프 셔츠,C014444,3,남성의류 > 캐주얼셔츠 > 스트라이프 셔츠
G마켓2.0,C014446,체크 셔츠,C014444,3,남성의류 > 캐주얼셔츠 > 체크 셔츠
G마켓2.0,C014448,코트,C014371,2,남성의류 > 코트
G마켓2.0,C014447,코트,C014448,3,남성의류 > 코트 > 코트
G마켓2.0,C014449,트렌치/맥코트,C014448,3,남성의류 > 코트 > 트렌치/맥코트
G마켓2.0,C014451,테마의류,C014371,2,남성의류 > 테마의류
G마켓2.0,C014450,레인코트,C014451,3,남성의류 > 테마의류 > 레인코트
G마켓2.0,C014452,생활/전통한복,C014451,3,남성의류 > 테마의류 > 생활/전통한복
G마켓2.0,C014453,유니폼/작업복,C014451,3,남성의류 > 테마의류 > 유니폼/작업복
G마켓2.0,C014455,트레이닝,C014371,2,남성의류 > 트레이닝
G마켓2.0,C014454,트레이닝 상의,C014455,3,남성의류 > 트레이닝 > 트레이닝 상의
G마켓2.0,C014456,트레이닝바지,C014455,3,남성의류 > 트레이닝 > 트레이닝바지
G마켓2.0,C014457,트레이닝세트,C014455,3,남성의류 > 트레이닝 > 트레이닝세트
G마켓2.0,C014460,노트북/PC,ROOT,1,노트북/PC
G마켓2.0,C014459,PC,C014460,2,노트북/PC > PC
G마켓2.0,C014458,미니PC/베어본,C014459,3,노트북/PC > PC > 미니PC/베어본
G마켓2.0,C014461,브랜드PC,C014459,3,노트북/PC > PC > 브랜드PC
G마켓2.0,C014462,서버/워크스테이션,C014459,3,노트북/PC > PC > 서버/워크스테이션
G마켓2.0,C014463,올인원PC,C014459,3,노트북/PC > PC > 올인원PC
G마켓2.0,C014464,조립PC,C014459,3,노트북/PC > PC > 조립PC
G마켓2.0,C014466,노트북,C014460,2,노트북/PC > 노트북
G마켓2.0,C014465,노트북,C014466,3,노트북/PC > 노트북 > 노트북
G마켓2.0,C014468,노트북용품,C014460,2,노트북/PC > 노트북용품
G마켓2.0,C014467,기타노트북용품,C014468,3,노트북/PC > 노트북용품 > 기타노트북용품
G마켓2.0,C014469,노트북가방/케이스,C014468,3,노트북/PC > 노트북용품 > 노트북가방/케이스
G마켓2.0,C014470,노트북거치대,C014468,3,노트북/PC > 노트북용품 > 노트북거치대
G마켓2.0,C014471,노트북도난방지,C014468,3,노트북/PC > 노트북용품 > 노트북도난방지
G마켓2.0,C014472,노트북배터리,C014468,3,노트북/PC > 노트북용품 > 노트북배터리
G마켓2.0,C014473,노트북보호필름,C014468,3,노트북/PC > 노트북용품 > 노트북보호필름
G마켓2.0,C014474,노트북어댑터,C014468,3,노트북/PC > 노트북용품 > 노트북어댑터
G마켓2.0,C014475,노트북키스킨,C014468,3,노트북/PC > 노트북용품 > 노트북키스킨
G마켓2.0,C014478,등산/아웃도어,ROOT,1,등산/아웃도어
G마켓2.0,C014477,남성등산의류,C014478,2,등산/아웃도어 > 남성등산의류
G마켓2.0,C014476,남성등산바지,C014477,3,등산/아웃도어 > 남성등산의류 > 남성등산바지
G마켓2.0,C014479,남성등산자켓,C014477,3,등산/아웃도어 > 남성등산의류 > 남성등산자켓
G마켓2.0,C014480,남성등산점퍼,C014477,3,등산/아웃도어 > 남성등산의류 > 남성등산점퍼
G마켓2.0,C014481,남성등산조끼,C014477,3,등산/아웃도어 > 남성등산의류 > 남성등산조끼
G마켓2.0,C014482,남성등산티셔츠,C014477,3,등산/아웃도어 > 남성등산의류 > 남성등산티셔츠
G마켓2.0,C014484,등산잡화/배낭,C014478,2,등산/아웃도어 > 등산잡화/배낭
G마켓2.0,C014483,기타등산잡화,C014484,3,등산/아웃도어 > 등산잡화/배낭 > 기타등산잡화
G마켓2.0,C014485,등산모자,C014484,3,등산/아웃도어 > 등산잡화/배낭 > 등산모자
G마켓2.0,C014486,등산배낭,C014484,3,등산/아웃도어 > 등산잡화/배낭 > 등산배낭
G마켓2.0,C014487,등산배낭커버,C014484,3,등산/아웃도어 > 등산잡화/배낭 > 등산배낭커버
G마켓2.0,C014488,등산양말,C014484,3,등산/아웃도어 > 등산잡화/배낭 > 등산양말
G마켓2.0,C014489,등산장갑,C014484,3,등산/아웃도어 > 등산잡화/배낭 > 등산장갑
G마켓2.0,C014491,등산장비,C014478,2,등산/아웃도어 > 등산장비
G마켓2.0,C014490,기타등산장비,C014491,3,등산/아웃도어 > 등산장비 > 기타등산장비
G마켓2.0,C014492,나침반,C014491,3,등산/아웃도어 > 등산장비 > 나침반
G마켓2.0,C014493,등강기/하강기,C014491,3,등산/아웃도어 > 등산장비 > 등강기/하강기
G마켓2.0,C014494,등산물병/수통,C014491,3,등산/아웃도어 > 등산장비 > 등산물병/수통
G마켓2.0,C014495,등산스틱,C014491,3,등산/아웃도어 > 등산장비 > 등산스틱
G마켓2.0,C014496,로프,C014491,3,등산/아웃도어 > 등산장비 > 로프
G마켓2.0,C014497,바일/피켈,C014491,3,등산/아웃도어 > 등산장비 > 바일/피켈
G마켓2.0,C014498,스패츠,C014491,3,등산/아웃도어 > 등산장비 > 스패츠
G마켓2.0,C014499,아이젠,C014491,3,등산/아웃도어 > 등산장비 > 아이젠
G마켓2.0,C014500,카라비너,C014491,3,등산/아웃도어 > 등산장비 > 카라비너
G마켓2.0,C014501,하네스/안전벨트,C014491,3,등산/아웃도어 > 등산장비 > 하네스/안전벨트
G마켓2.0,C014502,핫팩,C014491,3,등산/아웃도어 > 등산장비 > 핫팩
G마켓2.0,C014504,등산화/트레킹화,C014478,2,등산/아웃도어 > 등산화/트레킹화
G마켓2.0,C014503,등산화,C014504,3,등산/아웃도어 > 등산화/트레킹화 > 등산화
G마켓2.0,C014505,트레킹화,C014504,3,등산/아웃도어 > 등산화/트레킹화 > 트레킹화
G마켓2.0,C014507,여성등산의류,C014478,2,등산/아웃도어 > 여성등산의류
G마켓2.0,C014506,여성등산바지,C014507,3,등산/아웃도어 > 여성등산의류 > 여성등산바지
G마켓2.0,C014508,여성등산자켓,C014507,3,등산/아웃도어 > 여성등산의류 > 여성등산자켓
G마켓2.0,C014509,여성등산점퍼,C014507,3,등산/아웃도어 > 여성등산의류 > 여성등산점퍼
G마켓2.0,C014510,여성등산조끼,C014507,3,등산/아웃도어 > 여성등산의류 > 여성등산조끼
G마켓2.0,C014511,여성등산티셔츠,C014507,3,등산/아웃도어 > 여성등산의류 > 여성등산티셔츠
G마켓2.0,C014514,바디/헤어,ROOT,1,바디/헤어
G마켓2.0,C014513,구강케어,C014514,2,바디/헤어 > 구강케어
G마켓2.0,C014512,구강청결제,C014513,3,바디/헤어 > 구강케어 > 구강청결제
G마켓2.0,C014515,기타구강케어,C014513,3,바디/헤어 > 구강케어 > 기타구강케어
G마켓2.0,C014516,치실/치간칫솔,C014513,3,바디/헤어 > 구강케어 > 치실/치간칫솔
G마켓2.0,C014517,치아미백용품,C014513,3,바디/헤어 > 구강케어 > 치아미백용품
G마켓2.0,C014518,치약,C014513,3,바디/헤어 > 구강케어 > 치약
G마켓2.0,C014519,치약칫솔세트,C014513,3,바디/헤어 > 구강케어 > 치약칫솔세트
G마켓2.0,C014520,칫솔,C014513,3,바디/헤어 > 구강케어 > 칫솔
G마켓2.0,C014521,혀클리너,C014513,3,바디/헤어 > 구강케어 > 혀클리너
G마켓2.0,C014523,면도용품,C014514,2,바디/헤어 > 면도용품
G마켓2.0,C014522,기타면도용품,C014523,3,바디/헤어 > 면도용품 > 기타면도용품
G마켓2.0,C014524,면도기,C014523,3,바디/헤어 > 면도용품 > 면도기
G마켓2.0,C014525,면도날,C014523,3,바디/헤어 > 면도용품 > 면도날
G마켓2.0,C014526,면도크림/쉐이빙폼,C014523,3,바디/헤어 > 면도용품 > 면도크림/쉐이빙폼
G마켓2.0,C014527,일회용면도기,C014523,3,바디/헤어 > 면도용품 > 일회용면도기
G마켓2.0,C014529,바디케어,C014514,2,바디/헤어 > 바디케어
G마켓2.0,C014528,거품입욕제,C014529,3,바디/헤어 > 바디케어 > 거품입욕제
G마켓2.0,C014530,남성청결제,C014529,3,바디/헤어 > 바디케어 > 남성청결제
G마켓2.0,C014531,데오드란트,C014529,3,바디/헤어 > 바디케어 > 데오드란트
G마켓2.0,C014532,목욕비누,C014529,3,바디/헤어 > 바디케어 > 목욕비누
G마켓2.0,C014533,바디로션,C014529,3,바디/헤어 > 바디케어 > 바디로션
G마켓2.0,C014534,바디미스트,C014529,3,바디/헤어 > 바디케어 > 바디미스트
G마켓2.0,C014535,바디스크럽,C014529,3,바디/헤어 > 바디케어 > 바디스크럽
G마켓2.0,C014536,바디오일,C014529,3,바디/헤어 > 바디케어 > 바디오일
G마켓2.0,C014537,바디케어세트,C014529,3,바디/헤어 > 바디케어 > 바디케어세트
G마켓2.0,C014538,바디케어용품,C014529,3,바디/헤어 > 바디케어 > 바디케어용품
G마켓2.0,C014539,바디크림,C014529,3,바디/헤어 > 바디케어 > 바디크림
G마켓2.0,C014540,바디클렌저,C014529,3,바디/헤어 > 바디케어 > 바디클렌저
G마켓2.0,C014541,바스솔트,C014529,3,바디/헤어 > 바디케어 > 바스솔트
G마켓2.0,C014542,샤워코롱,C014529,3,바디/헤어 > 바디케어 > 샤워코롱
G마켓2.0,C014543,여성청결제,C014529,3,바디/헤어 > 바디케어 > 여성청결제
G마켓2.0,C014545,제모용품,C014514,2,바디/헤어 > 제모용품
G마켓2.0,C014544,제모기,C014545,3,바디/헤어 > 제모용품 > 제모기
G마켓2.0,C014546,제모제,C014545,3,바디/헤어 > 제모용품 > 제모제
G마켓2.0,C014548,핸드케어/풋케어,C014514,2,바디/헤어 > 핸드케어/풋케어
G마켓2.0,C014547,발각질제거제,C014548,3,바디/헤어 > 핸드케어/풋케어 > 발각질제거제
G마켓2.0,C014549,발냄새제거제,C014548,3,바디/헤어 > 핸드케어/풋케어 > 발냄새제거제
G마켓2.0,C014550,손세정제,C014548,3,바디/헤어 > 핸드케어/풋케어 > 손세정제
G마켓2.0,C014551,손소독제,C014548,3,바디/헤어 > 핸드케어/풋케어 > 손소독제
G마켓2.0,C014552,풋크림,C014548,3,바디/헤어 > 핸드케어/풋케어 > 풋크림
G마켓2.0,C014553,핸드케어/풋케어용품,C014548,3,바디/헤어 > 핸드케어/풋케어 > 핸드케어/풋케어용품
G마켓2.0,C014554,핸드크림,C014548,3,바디/헤어 > 핸드케어/풋케어 > 핸드크림
G마켓2.0,C014556,헤어스타일링,C014514,2,바디/헤어 > 헤어스타일링
G마켓2.0,C014555,염색약,C014556,3,바디/헤어 > 헤어스타일링 > 염색약
G마켓2.0,C014557,탈색제,C014556,3,바디/헤어 > 헤어스타일링 > 탈색제
G마켓2.0,C014558,파마약,C014556,3,바디/헤어 > 헤어스타일링 > 파마약
G마켓2.0,C014559,헤어글레이즈,C014556,3,바디/헤어 > 헤어스타일링 > 헤어글레이즈
G마켓2.0,C014560,헤어롤,C014556,3,바디/헤어 > 헤어스타일링 > 헤어롤
G마켓2.0,C014561,헤어매니큐어,C014556,3,바디/헤어 > 헤어스타일링 > 헤어매니큐어
G마켓2.0,C014562,헤어무스,C014556,3,바디/헤어 > 헤어스타일링 > 헤어무스
G마켓2.0,C014563,헤어브러시,C014556,3,바디/헤어 > 헤어스타일링 > 헤어브러시
G마켓2.0,C014564,헤어스타일링용품,C014556,3,바디/헤어 > 헤어스타일링 > 헤어스타일링용품
G마켓2.0,C014565,헤어스프레이,C014556,3,바디/헤어 > 헤어스타일링 > 헤어스프레이
G마켓2.0,C014566,헤어왁스,C014556,3,바디/헤어 > 헤어스타일링 > 헤어왁스
G마켓2.0,C014567,헤어젤,C014556,3,바디/헤어 > 헤어스타일링 > 헤어젤
G마켓2.0,C014569,헤어케어,C014514,2,바디/헤어 > 헤어케어
G마켓2.0,C014568,기타헤어케어용품,C014569,3,바디/헤어 > 헤어케어 > 기타헤어케어용품
G마켓2.0,C014570,두피/탈모케어용품,C014569,3,바디/헤어 > 헤어케어 > 두피/탈모케어용품
G마켓2.0,C014571,샴푸/린스,C014569,3,바디/헤어 > 헤어케어 > 샴푸/린스
G마켓2.0,C014572,탈모케어,C014569,3,바디/헤어 > 헤어케어 > 탈모케어
G마켓2.0,C014573,헤어미스트,C014569,3,바디/헤어 > 헤어케어 > 헤어미스트
G마켓2.0,C014574,헤어에센스,C014569,3,바디/헤어 > 헤어케어 > 헤어에센스
G마켓2.0,C014575,헤어트리트먼트,C014569,3,바디/헤어 > 헤어케어 > 헤어트리트먼트
G마켓2.0,C014576,헤어팩,C014569,3,바디/헤어 > 헤어케어 > 헤어팩
G마켓2.0,C014579,상품권,ROOT,1,상품권
G마켓2.0,C014578,롯데백화점 상품권,C014579,2,상품권 > 롯데백화점 상품권
G마켓2.0,C014577,10만원권 미만,C014578,3,상품권 > 롯데백화점 상품권 > 10만원권 미만
G마켓2.0,C014580,10만원권 이상,C014578,3,상품권 > 롯데백화점 상품권 > 10만원권 이상
G마켓2.0,C014581,특수 상품권카테고리,C014578,3,상품권 > 롯데백화점 상품권 > 특수 상품권카테고리
G마켓2.0,C014583,마트/기프트 상품권,C014579,2,상품권 > 마트/기프트 상품권
G마켓2.0,C014582,마트 상품권,C014583,3,상품권 > 마트/기프트 상품권 > 마트 상품권
G마켓2.0,C014584,선불카드/기프트카드,C014583,3,상품권 > 마트/기프트 상품권 > 선불카드/기프트카드
G마켓2.0,C014586,문화/도서/외식 상품권,C014579,2,상품권 > 문화/도서/외식 상품권
G마켓2.0,C014585,기타 외식 상품권,C014586,3,상품권 > 문화/도서/외식 상품권 > 기타 외식 상품권
G마켓2.0,C014587,문화/도서/해피상품권,C014586,3,상품권 > 문화/도서/외식 상품권 > 문화/도서/해피상품권
G마켓2.0,C014588,패밀리레스토랑 상품권,C014586,3,상품권 > 문화/도서/외식 상품권 > 패밀리레스토랑 상품권
G마켓2.0,C014590,상품권 기타,C014579,2,상품권 > 상품권 기타
G마켓2.0,C014589,B2B,C014590,3,상품권 > 상품권 기타 > B2B
G마켓2.0,C014592,신세계백화점 상품권,C014579,2,상품권 > 신세계백화점 상품권
G마켓2.0,C014591,10만원권 미만,C014592,3,상품권 > 신세계백화점 상품권 > 10만원권 미만
G마켓2.0,C014593,10만원권 이상,C014592,3,상품권 > 신세계백화점 상품권 > 10만원권 이상
G마켓2.0,C014595,영화관람권,C014579,2,상품권 > 영화관람권
G마켓2.0,C014594,CGV 관람권,C014595,3,상품권 > 영화관람권 > CGV 관람권
G마켓2.0,C014596,놀이공원 입장권,C014595,3,상품권 > 영화관람권 > 놀이공원 입장권
G마켓2.0,C014597,롯데시네마,C014595,3,상품권 > 영화관람권 > 롯데시네마
G마켓2.0,C014598,메가박스/기타,C014595,3,상품권 > 영화관람권 > 메가박스/기타
G마켓2.0,C014600,전화카드/아이튠즈카드,C014579,2,상품권 > 전화카드/아이튠즈카드
G마켓2.0,C014599,국내 전화카드,C014600,3,상품권 > 전화카드/아이튠즈카드 > 국내 전화카드
G마켓2.0,C014601,국제 전화카드,C014600,3,상품권 > 전화카드/아이튠즈카드 > 국제 전화카드
G마켓2.0,C014602,아이튠즈 기프트카드,C014600,3,상품권 > 전화카드/아이튠즈카드 > 아이튠즈 기프트카드
G마켓2.0,C014604,제화/구두/패션상품권,C014579,2,상품권 > 제화/구두/패션상품권
G마켓2.0,C014603,금강제화,C014604,3,상품권 > 제화/구두/패션상품권 > 금강제화
G마켓2.0,C014605,기타 패션상품권,C014604,3,상품권 > 제화/구두/패션상품권 > 기타 패션상품권
G마켓2.0,C014606,에스콰이어,C014604,3,상품권 > 제화/구두/패션상품권 > 에스콰이어
G마켓2.0,C014607,엘칸토,C014604,3,상품권 > 제화/구두/패션상품권 > 엘칸토
G마켓2.0,C014609,주유 상품권,C014579,2,상품권 > 주유 상품권
G마켓2.0,C014608,GS 칼텍스,C014609,3,상품권 > 주유 상품권 > GS 칼텍스
G마켓2.0,C014610,SK 주유권,C014609,3,상품권 > 주유 상품권 > SK 주유권
G마켓2.0,C014612,현대백화점 상품권,C014579,2,상품권 > 현대백화점 상품권
G마켓2.0,C014611,10만원권 미만,C014612,3,상품권 > 현대백화점 상품권 > 10만원권 미만
G마켓2.0,C014613,10만원권 이상,C014612,3,상품권 > 현대백화점 상품권 > 10만원권 이상
G마켓2.0,C014616,생필품,ROOT,1,생필품
G마켓2.0,C014615,살충제/방충제,C014616,2,생필품 > 살충제/방충제
G마켓2.0,C014614,방충제,C014615,3,생필품 > 살충제/방충제 > 방충제
G마켓2.0,C014617,살충제,C014615,3,생필품 > 살충제/방충제 > 살충제
G마켓2.0,C014619,생리대/성인기저귀,C014616,2,생필품 > 생리대/성인기저귀
G마켓2.0,C014618,생리대,C014619,3,생필품 > 생리대/성인기저귀 > 생리대
G마켓2.0,C014620,성인기저귀,C014619,3,생필품 > 생리대/성인기저귀 > 성인기저귀
G마켓2.0,C014622,세제/세정제,C014616,2,생필품 > 세제/세정제
G마켓2.0,C014621,가죽클리너,C014622,3,생필품 > 세제/세정제 > 가죽클리너
G마켓2.0,C014623,곰팡이제거제,C014622,3,생필품 > 세제/세정제 > 곰팡이제거제
G마켓2.0,C014624,기타세정제,C014622,3,생필품 > 세제/세정제 > 기타세정제
G마켓2.0,C014625,배수구세정제,C014622,3,생필품 > 세제/세정제 > 배수구세정제
G마켓2.0,C014626,베이킹소다/구연산,C014622,3,생필품 > 세제/세정제 > 베이킹소다/구연산
G마켓2.0,C014627,변기세정제,C014622,3,생필품 > 세제/세정제 > 변기세정제
G마켓2.0,C014628,빨래비누,C014622,3,생필품 > 세제/세정제 > 빨래비누
G마켓2.0,C014629,살균소독제,C014622,3,생필품 > 세제/세정제 > 살균소독제
G마켓2.0,C014630,섬유유연제,C014622,3,생필품 > 세제/세정제 > 섬유유연제
G마켓2.0,C014631,세제/세정제세트,C014622,3,생필품 > 세제/세정제 > 세제/세정제세트
G마켓2.0,C014632,세탁보조제,C014622,3,생필품 > 세제/세정제 > 세탁보조제
G마켓2.0,C014633,세탁세제,C014622,3,생필품 > 세제/세정제 > 세탁세제
G마켓2.0,C014634,세탁조크리너,C014622,3,생필품 > 세제/세정제 > 세탁조크리너
G마켓2.0,C014635,식기세척기전용세제,C014622,3,생필품 > 세제/세정제 > 식기세척기전용세제
G마켓2.0,C014636,에어컨세정제,C014622,3,생필품 > 세제/세정제 > 에어컨세정제
G마켓2.0,C014637,욕실세정제,C014622,3,생필품 > 세제/세정제 > 욕실세정제
G마켓2.0,C014638,유리세정제,C014622,3,생필품 > 세제/세정제 > 유리세정제
G마켓2.0,C014639,주방세제,C014622,3,생필품 > 세제/세정제 > 주방세제
G마켓2.0,C014640,표백제,C014622,3,생필품 > 세제/세정제 > 표백제
G마켓2.0,C014642,일회용품,C014616,2,생필품 > 일회용품
G마켓2.0,C014641,나무젓가락/일회용수저,C014642,3,생필품 > 일회용품 > 나무젓가락/일회용수저
G마켓2.0,C014643,빨대,C014642,3,생필품 > 일회용품 > 빨대
G마켓2.0,C014644,일회용용기,C014642,3,생필품 > 일회용품 > 일회용용기
G마켓2.0,C014645,종이컵,C014642,3,생필품 > 일회용품 > 종이컵
G마켓2.0,C014646,테이크아웃컵,C014642,3,생필품 > 일회용품 > 테이크아웃컵
G마켓2.0,C014648,탈취/방향/제습,C014616,2,생필품 > 탈취/방향/제습
G마켓2.0,C014647,공기탈취제,C014648,3,생필품 > 탈취/방향/제습 > 공기탈취제
G마켓2.0,C014649,냉장고탈취제,C014648,3,생필품 > 탈취/방향/제습 > 냉장고탈취제
G마켓2.0,C014650,방향제,C014648,3,생필품 > 탈취/방향/제습 > 방향제
G마켓2.0,C014651,새집증후군제거제,C014648,3,생필품 > 탈취/방향/제습 > 새집증후군제거제
G마켓2.0,C014652,섬유탈취제,C014648,3,생필품 > 탈취/방향/제습 > 섬유탈취제
G마켓2.0,C014653,신발탈취제,C014648,3,생필품 > 탈취/방향/제습 > 신발탈취제
G마켓2.0,C014654,염화칼슘,C014648,3,생필품 > 탈취/방향/제습 > 염화칼슘
G마켓2.0,C014655,옷장탈취제,C014648,3,생필품 > 탈취/방향/제습 > 옷장탈취제
G마켓2.0,C014656,제습제,C014648,3,생필품 > 탈취/방향/제습 > 제습제
G마켓2.0,C014658,화장지/물티슈,C014616,2,생필품 > 화장지/물티슈
G마켓2.0,C014657,냅킨,C014658,3,생필품 > 화장지/물티슈 > 냅킨
G마켓2.0,C014659,물티슈,C014658,3,생필품 > 화장지/물티슈 > 물티슈
G마켓2.0,C014660,점보롤,C014658,3,생필품 > 화장지/물티슈 > 점보롤
G마켓2.0,C014661,키친타월,C014658,3,생필품 > 화장지/물티슈 > 키친타월
G마켓2.0,C014662,핸드타월,C014658,3,생필품 > 화장지/물티슈 > 핸드타월
G마켓2.0,C014663,화장지,C014658,3,생필품 > 화장지/물티슈 > 화장지
G마켓2.0,C014666,생활/미용가전,ROOT,1,생활/미용가전
G마켓2.0,C014665,구강청정기기,C014666,2,생활/미용가전 > 구강청정기기
G마켓2.0,C014664,구강세정기,C014665,3,생활/미용가전 > 구강청정기기 > 구강세정기
G마켓2.0,C014667,구강청정기기용품,C014665,3,생활/미용가전 > 구강청정기기 > 구강청정기기용품
G마켓2.0,C014668,전동칫솔,C014665,3,생활/미용가전 > 구강청정기기 > 전동칫솔
G마켓2.0,C014669,전동칫솔모,C014665,3,생활/미용가전 > 구강청정기기 > 전동칫솔모
G마켓2.0,C014670,칫솔살균기,C014665,3,생활/미용가전 > 구강청정기기 > 칫솔살균기
G마켓2.0,C014672,다리미,C014666,2,생활/미용가전 > 다리미
G마켓2.0,C014671,건식다리미,C014672,3,생활/미용가전 > 다리미 > 건식다리미
G마켓2.0,C014673,다리미용품,C014672,3,생활/미용가전 > 다리미 > 다리미용품
G마켓2.0,C014674,스팀다리미,C014672,3,생활/미용가전 > 다리미 > 스팀다리미
G마켓2.0,C014676,보풀제거기/재봉틀,C014666,2,생활/미용가전 > 보풀제거기/재봉틀
G마켓2.0,C014675,보풀제거기,C014676,3,생활/미용가전 > 보풀제거기/재봉틀 > 보풀제거기
G마켓2.0,C014677,재봉틀,C014676,3,생활/미용가전 > 보풀제거기/재봉틀 > 재봉틀
G마켓2.0,C014678,재봉틀용품,C014676,3,생활/미용가전 > 보풀제거기/재봉틀 > 재봉틀용품
G마켓2.0,C014680,사무가전,C014666,2,생활/미용가전 > 사무가전
G마켓2.0,C014679,기타사무가전,C014680,3,생활/미용가전 > 사무가전 > 기타사무가전
G마켓2.0,C014681,동전/지폐계수기,C014680,3,생활/미용가전 > 사무가전 > 동전/지폐계수기
G마켓2.0,C014682,디지털금고,C014680,3,생활/미용가전 > 사무가전 > 디지털금고
G마켓2.0,C014683,라벨기,C014680,3,생활/미용가전 > 사무가전 > 라벨기
G마켓2.0,C014684,문서세단기,C014680,3,생활/미용가전 > 사무가전 > 문서세단기
G마켓2.0,C014685,재단기,C014680,3,생활/미용가전 > 사무가전 > 재단기
G마켓2.0,C014686,전자계산기,C014680,3,생활/미용가전 > 사무가전 > 전자계산기
G마켓2.0,C014687,제본기/천공기,C014680,3,생활/미용가전 > 사무가전 > 제본기/천공기
G마켓2.0,C014688,출퇴근기록기,C014680,3,생활/미용가전 > 사무가전 > 출퇴근기록기
G마켓2.0,C014689,카드단말기/포스기,C014680,3,생활/미용가전 > 사무가전 > 카드단말기/포스기
G마켓2.0,C014690,코팅기,C014680,3,생활/미용가전 > 사무가전 > 코팅기
G마켓2.0,C014692,살균소독기기,C014666,2,생활/미용가전 > 살균소독기기
G마켓2.0,C014691,기타살균소독기기,C014692,3,생활/미용가전 > 살균소독기기 > 기타살균소독기기
G마켓2.0,C014693,살균램프,C014692,3,생활/미용가전 > 살균소독기기 > 살균램프
G마켓2.0,C014694,손소독기,C014692,3,생활/미용가전 > 살균소독기기 > 손소독기
G마켓2.0,C014695,신발살균건조기,C014692,3,생활/미용가전 > 살균소독기기 > 신발살균건조기
G마켓2.0,C014696,장난감소독기,C014692,3,생활/미용가전 > 살균소독기기 > 장난감소독기
G마켓2.0,C014697,초음파세척기,C014692,3,생활/미용가전 > 살균소독기기 > 초음파세척기
G마켓2.0,C014698,핸드드라이어,C014692,3,생활/미용가전 > 살균소독기기 > 핸드드라이어
G마켓2.0,C014700,세탁기,C014666,2,생활/미용가전 > 세탁기
G마켓2.0,C014699,드럼세탁기,C014700,3,생활/미용가전 > 세탁기 > 드럼세탁기
G마켓2.0,C014701,세탁기용품,C014700,3,생활/미용가전 > 세탁기 > 세탁기용품
G마켓2.0,C014702,일반세탁기,C014700,3,생활/미용가전 > 세탁기 > 일반세탁기
G마켓2.0,C014703,자동빨래삶통,C014700,3,생활/미용가전 > 세탁기 > 자동빨래삶통
G마켓2.0,C014704,탈수기,C014700,3,생활/미용가전 > 세탁기 > 탈수기
G마켓2.0,C014706,의류건조기/의류관리기,C014666,2,생활/미용가전 > 의류건조기/의류관리기
G마켓2.0,C014705,의류건조기,C014706,3,생활/미용가전 > 의류건조기/의류관리기 > 의류건조기
G마켓2.0,C014707,의류관리기,C014706,3,생활/미용가전 > 의류건조기/의류관리기 > 의류관리기
G마켓2.0,C014709,전기용품,C014666,2,생활/미용가전 > 전기용품
G마켓2.0,C014708,기타가전리모컨,C014709,3,생활/미용가전 > 전기용품 > 기타가전리모컨
G마켓2.0,C014710,여행용어댑터,C014709,3,생활/미용가전 > 전기용품 > 여행용어댑터
G마켓2.0,C014711,초인종/도어벨,C014709,3,생활/미용가전 > 전기용품 > 초인종/도어벨
G마켓2.0,C014713,전화기/통신기기,C014666,2,생활/미용가전 > 전화기/통신기기
G마켓2.0,C014712,무전기,C014713,3,생활/미용가전 > 전화기/통신기기 > 무전기
G마켓2.0,C014714,무전기용품,C014713,3,생활/미용가전 > 전화기/통신기기 > 무전기용품
G마켓2.0,C014715,비디오폰/인터폰,C014713,3,생활/미용가전 > 전화기/통신기기 > 비디오폰/인터폰
G마켓2.0,C014716,전화기,C014713,3,생활/미용가전 > 전화기/통신기기 > 전화기
G마켓2.0,C014717,전화기헤드셋,C014713,3,생활/미용가전 > 전화기/통신기기 > 전화기헤드셋
G마켓2.0,C014718,전화선/전화기용품,C014713,3,생활/미용가전 > 전화기/통신기기 > 전화선/전화기용품
G마켓2.0,C014720,제모기기,C014666,2,생활/미용가전 > 제모기기
G마켓2.0,C014719,레이저제모기,C014720,3,생활/미용가전 > 제모기기 > 레이저제모기
G마켓2.0,C014721,모근제거기,C014720,3,생활/미용가전 > 제모기기 > 모근제거기
G마켓2.0,C014722,전기면도기,C014720,3,생활/미용가전 > 제모기기 > 전기면도기
G마켓2.0,C014723,전동눈썹정리기,C014720,3,생활/미용가전 > 제모기기 > 전동눈썹정리기
G마켓2.0,C014724,제모기기용품,C014720,3,생활/미용가전 > 제모기기 > 제모기기용품
G마켓2.0,C014725,코털제거기,C014720,3,생활/미용가전 > 제모기기 > 코털제거기
G마켓2.0,C014727,청소기,C014666,2,생활/미용가전 > 청소기
G마켓2.0,C014726,로봇청소기,C014727,3,생활/미용가전 > 청소기 > 로봇청소기
G마켓2.0,C014728,물걸레청소기,C014727,3,생활/미용가전 > 청소기 > 물걸레청소기
G마켓2.0,C014729,스팀청소기,C014727,3,생활/미용가전 > 청소기 > 스팀청소기
G마켓2.0,C014730,진공청소기,C014727,3,생활/미용가전 > 청소기 > 진공청소기
G마켓2.0,C014731,침구청소기,C014727,3,생활/미용가전 > 청소기 > 침구청소기
G마켓2.0,C014733,청소기용품,C014666,2,생활/미용가전 > 청소기용품
G마켓2.0,C014732,기타청소기용품,C014733,3,생활/미용가전 > 청소기용품 > 기타청소기용품
G마켓2.0,C014734,스팀청소기패드,C014733,3,생활/미용가전 > 청소기용품 > 스팀청소기패드
G마켓2.0,C014735,청소기먼지봉투,C014733,3,생활/미용가전 > 청소기용품 > 청소기먼지봉투
G마켓2.0,C014736,청소기브러시/흡입구,C014733,3,생활/미용가전 > 청소기용품 > 청소기브러시/흡입구
G마켓2.0,C014737,청소기필터,C014733,3,생활/미용가전 > 청소기용품 > 청소기필터
G마켓2.0,C014738,청소기호스/연장관,C014733,3,생활/미용가전 > 청소기용품 > 청소기호스/연장관
G마켓2.0,C014740,테스트,C014666,2,생활/미용가전 > 테스트
G마켓2.0,C014739,테스트,C014740,3,생활/미용가전 > 테스트 > 테스트
G마켓2.0,C014742,피부관리기기,C014666,2,생활/미용가전 > 피부관리기기
G마켓2.0,C014741,LED마스크,C014742,3,생활/미용가전 > 피부관리기기 > LED마스크
G마켓2.0,C014743,각질제거기,C014742,3,생활/미용가전 > 피부관리기기 > 각질제거기
G마켓2.0,C014744,기타피부관리기기,C014742,3,생활/미용가전 > 피부관리기기 > 기타피부관리기기
G마켓2.0,C014745,네일드라이기,C014742,3,생활/미용가전 > 피부관리기기 > 네일드라이기
G마켓2.0,C014746,전동손발톱정리기,C014742,3,생활/미용가전 > 피부관리기기 > 전동손발톱정리기
G마켓2.0,C014747,진동클렌저,C014742,3,생활/미용가전 > 피부관리기기 > 진동클렌저
G마켓2.0,C014748,피부마사지기,C014742,3,생활/미용가전 > 피부관리기기 > 피부마사지기
G마켓2.0,C014750,헤어스타일러,C014666,2,생활/미용가전 > 헤어스타일러
G마켓2.0,C014749,고데기,C014750,3,생활/미용가전 > 헤어스타일러 > 고데기
G마켓2.0,C014751,에어브러시,C014750,3,생활/미용가전 > 헤어스타일러 > 에어브러시
G마켓2.0,C014752,전기이발기,C014750,3,생활/미용가전 > 헤어스타일러 > 전기이발기
G마켓2.0,C014753,전기헤어캡,C014750,3,생활/미용가전 > 헤어스타일러 > 전기헤어캡
G마켓2.0,C014754,헤어드라이어,C014750,3,생활/미용가전 > 헤어스타일러 > 헤어드라이어
G마켓2.0,C014755,헤어스타일러용품,C014750,3,생활/미용가전 > 헤어스타일러 > 헤어스타일러용품
G마켓2.0,C014758,생활용품,ROOT,1,생활용품
G마켓2.0,C014757,생활서비스,C014758,2,생활용품 > 생활서비스
G마켓2.0,C014756,기타생활서비스,C014757,3,생활용품 > 생활서비스 > 기타생활서비스
G마켓2.0,C014759,시공/설치서비스,C014757,3,생활용품 > 생활서비스 > 시공/설치서비스
G마켓2.0,C014760,이사서비스,C014757,3,생활용품 > 생활서비스 > 이사서비스
G마켓2.0,C014761,클리닝서비스,C014757,3,생활용품 > 생활서비스 > 클리닝서비스
G마켓2.0,C014763,생활안전용품,C014758,2,생활용품 > 생활안전용품
G마켓2.0,C014762,기타생활안전용품,C014763,3,생활용품 > 생활안전용품 > 기타생활안전용품
G마켓2.0,C014764,도어경보기,C014763,3,생활용품 > 생활안전용품 > 도어경보기
G마켓2.0,C014765,도어클로저/스토퍼,C014763,3,생활용품 > 생활안전용품 > 도어클로저/스토퍼
G마켓2.0,C014766,디지털도어락,C014763,3,생활용품 > 생활안전용품 > 디지털도어락
G마켓2.0,C014767,방범창/방범용품,C014763,3,생활용품 > 생활안전용품 > 방범창/방범용품
G마켓2.0,C014768,열쇠/자물쇠,C014763,3,생활용품 > 생활안전용품 > 열쇠/자물쇠
G마켓2.0,C014769,초인종/차임벨,C014763,3,생활용품 > 생활안전용품 > 초인종/차임벨
G마켓2.0,C014770,현관잠금장치,C014763,3,생활용품 > 생활안전용품 > 현관잠금장치
G마켓2.0,C014771,호신용품,C014763,3,생활용품 > 생활안전용품 > 호신용품
G마켓2.0,C014773,생활잡화,C014758,2,생활용품 > 생활잡화
G마켓2.0,C014772,기타생활잡화,C014773,3,생활용품 > 생활잡화 > 기타생활잡화
G마켓2.0,C014774,부채,C014773,3,생활용품 > 생활잡화 > 부채
G마켓2.0,C014775,소음방지용품,C014773,3,생활용품 > 생활잡화 > 소음방지용품
G마켓2.0,C014776,쇼핑카트/핸드카트,C014773,3,생활용품 > 생활잡화 > 쇼핑카트/핸드카트
G마켓2.0,C014777,우산꽂이,C014773,3,생활용품 > 생활잡화 > 우산꽂이
G마켓2.0,C014778,장바구니,C014773,3,생활용품 > 생활잡화 > 장바구니
G마켓2.0,C014779,재떨이/라이터,C014773,3,생활용품 > 생활잡화 > 재떨이/라이터
G마켓2.0,C014780,태극기/깃발,C014773,3,생활용품 > 생활잡화 > 태극기/깃발
G마켓2.0,C014782,샤워기/수전용품,C014758,2,생활용품 > 샤워기/수전용품
G마켓2.0,C014781,기타샤워기/수전용품,C014782,3,생활용품 > 샤워기/수전용품 > 기타샤워기/수전용품
G마켓2.0,C014783,샤워기,C014782,3,생활용품 > 샤워기/수전용품 > 샤워기
G마켓2.0,C014784,샤워기호스,C014782,3,생활용품 > 샤워기/수전용품 > 샤워기호스
G마켓2.0,C014785,샤워기홀더,C014782,3,생활용품 > 샤워기/수전용품 > 샤워기홀더
G마켓2.0,C014786,세면수전,C014782,3,생활용품 > 샤워기/수전용품 > 세면수전
G마켓2.0,C014787,수도꼭지,C014782,3,생활용품 > 샤워기/수전용품 > 수도꼭지
G마켓2.0,C014788,욕실수전,C014782,3,생활용품 > 샤워기/수전용품 > 욕실수전
G마켓2.0,C014789,주방수전,C014782,3,생활용품 > 샤워기/수전용품 > 주방수전
G마켓2.0,C014791,선반/행거/진열대,C014758,2,생활용품 > 선반/행거/진열대
G마켓2.0,C014790,벽걸이선반/진열대,C014791,3,생활용품 > 선반/행거/진열대 > 벽걸이선반/진열대
G마켓2.0,C014792,선반/행거/진열대용품,C014791,3,생활용품 > 선반/행거/진열대 > 선반/행거/진열대용품
G마켓2.0,C014793,스탠드선반/진열대,C014791,3,생활용품 > 선반/행거/진열대 > 스탠드선반/진열대
G마켓2.0,C014794,압축봉,C014791,3,생활용품 > 선반/행거/진열대 > 압축봉
G마켓2.0,C014795,압축선반,C014791,3,생활용품 > 선반/행거/진열대 > 압축선반
G마켓2.0,C014796,이동식선반/진열대,C014791,3,생활용품 > 선반/행거/진열대 > 이동식선반/진열대
G마켓2.0,C014797,행거,C014791,3,생활용품 > 선반/행거/진열대 > 행거
G마켓2.0,C014799,세탁용품,C014758,2,생활용품 > 세탁용품
G마켓2.0,C014798,기타세탁용품,C014799,3,생활용품 > 세탁용품 > 기타세탁용품
G마켓2.0,C014800,다리미판,C014799,3,생활용품 > 세탁용품 > 다리미판
G마켓2.0,C014801,빨래건조대,C014799,3,생활용품 > 세탁용품 > 빨래건조대
G마켓2.0,C014802,빨래바구니,C014799,3,생활용품 > 세탁용품 > 빨래바구니
G마켓2.0,C014803,빨래삶통,C014799,3,생활용품 > 세탁용품 > 빨래삶통
G마켓2.0,C014804,빨래줄,C014799,3,생활용품 > 세탁용품 > 빨래줄
G마켓2.0,C014805,빨래집게,C014799,3,생활용품 > 세탁용품 > 빨래집게
G마켓2.0,C014806,빨래판,C014799,3,생활용품 > 세탁용품 > 빨래판
G마켓2.0,C014807,세제케이스,C014799,3,생활용품 > 세탁용품 > 세제케이스
G마켓2.0,C014808,세탁기거름망,C014799,3,생활용품 > 세탁용품 > 세탁기거름망
G마켓2.0,C014809,세탁망/세탁볼,C014799,3,생활용품 > 세탁용품 > 세탁망/세탁볼
G마켓2.0,C014810,세탁솔,C014799,3,생활용품 > 세탁용품 > 세탁솔
G마켓2.0,C014812,수납/정리용품,C014758,2,생활용품 > 수납/정리용품
G마켓2.0,C014811,기타수납/정리용품,C014812,3,생활용품 > 수납/정리용품 > 기타수납/정리용품
G마켓2.0,C014813,마네킹,C014812,3,생활용품 > 수납/정리용품 > 마네킹
G마켓2.0,C014814,바구니/바스켓,C014812,3,생활용품 > 수납/정리용품 > 바구니/바스켓
G마켓2.0,C014815,비키니옷장,C014812,3,생활용품 > 수납/정리용품 > 비키니옷장
G마켓2.0,C014816,소품걸이,C014812,3,생활용품 > 수납/정리용품 > 소품걸이
G마켓2.0,C014817,수납정리함,C014812,3,생활용품 > 수납/정리용품 > 수납정리함
G마켓2.0,C014818,압축팩,C014812,3,생활용품 > 수납/정리용품 > 압축팩
G마켓2.0,C014819,옷걸이,C014812,3,생활용품 > 수납/정리용품 > 옷걸이
G마켓2.0,C014820,옷커버,C014812,3,생활용품 > 수납/정리용품 > 옷커버
G마켓2.0,C014821,후크/걸이용품,C014812,3,생활용품 > 수납/정리용품 > 후크/걸이용품
G마켓2.0,C014823,시즌용품,C014758,2,생활용품 > 시즌용품
G마켓2.0,C014822,기타시즌용품,C014823,3,생활용품 > 시즌용품 > 기타시즌용품
G마켓2.0,C014824,난방텐트,C014823,3,생활용품 > 시즌용품 > 난방텐트
G마켓2.0,C014825,단열시트,C014823,3,생활용품 > 시즌용품 > 단열시트
G마켓2.0,C014826,단열필름,C014823,3,생활용품 > 시즌용품 > 단열필름
G마켓2.0,C014827,문풍지,C014823,3,생활용품 > 시즌용품 > 문풍지
G마켓2.0,C014828,방풍비닐/방풍막,C014823,3,생활용품 > 시즌용품 > 방풍비닐/방풍막
G마켓2.0,C014830,욕실보수용품,C014758,2,생활용품 > 욕실보수용품
G마켓2.0,C014829,기타욕실보수용품,C014830,3,생활용품 > 욕실보수용품 > 기타욕실보수용품
G마켓2.0,C014831,녹물제거필터,C014830,3,생활용품 > 욕실보수용품 > 녹물제거필터
G마켓2.0,C014832,바닥유가/하수구트랩,C014830,3,생활용품 > 욕실보수용품 > 바닥유가/하수구트랩
G마켓2.0,C014833,세면기부속품,C014830,3,생활용품 > 욕실보수용품 > 세면기부속품
G마켓2.0,C014834,싱크대배관용품,C014830,3,생활용품 > 욕실보수용품 > 싱크대배관용품
G마켓2.0,C014835,양변기부속품,C014830,3,생활용품 > 욕실보수용품 > 양변기부속품
G마켓2.0,C014836,줄눈보수제,C014830,3,생활용품 > 욕실보수용품 > 줄눈보수제
G마켓2.0,C014838,욕실용품,C014758,2,생활용품 > 욕실용품
G마켓2.0,C014837,기타욕실용품,C014838,3,생활용품 > 욕실용품 > 기타욕실용품
G마켓2.0,C014839,때타월/샤워볼,C014838,3,생활용품 > 욕실용품 > 때타월/샤워볼
G마켓2.0,C014840,바디브러시,C014838,3,생활용품 > 욕실용품 > 바디브러시
G마켓2.0,C014841,변기막힘압축기,C014838,3,생활용품 > 욕실용품 > 변기막힘압축기
G마켓2.0,C014842,변기세척솔,C014838,3,생활용품 > 욕실용품 > 변기세척솔
G마켓2.0,C014843,변기커버,C014838,3,생활용품 > 욕실용품 > 변기커버
G마켓2.0,C014844,비누받침/홀더,C014838,3,생활용품 > 욕실용품 > 비누받침/홀더
G마켓2.0,C014845,샤워가운,C014838,3,생활용품 > 욕실용품 > 샤워가운
G마켓2.0,C014846,샤워커튼,C014838,3,생활용품 > 욕실용품 > 샤워커튼
G마켓2.0,C014847,세안헤어밴드,C014838,3,생활용품 > 욕실용품 > 세안헤어밴드
G마켓2.0,C014848,수건/타월,C014838,3,생활용품 > 욕실용품 > 수건/타월
G마켓2.0,C014849,수건걸이,C014838,3,생활용품 > 욕실용품 > 수건걸이
G마켓2.0,C014850,양치컵,C014838,3,생활용품 > 욕실용품 > 양치컵
G마켓2.0,C014851,욕실디스펜서,C014838,3,생활용품 > 욕실용품 > 욕실디스펜서
G마켓2.0,C014852,욕실매트,C014838,3,생활용품 > 욕실용품 > 욕실매트
G마켓2.0,C014853,욕실바구니,C014838,3,생활용품 > 욕실용품 > 욕실바구니
G마켓2.0,C014854,욕실발판,C014838,3,생활용품 > 욕실용품 > 욕실발판
G마켓2.0,C014855,욕실의자,C014838,3,생활용품 > 욕실용품 > 욕실의자
G마켓2.0,C014856,욕실화,C014838,3,생활용품 > 욕실용품 > 욕실화
G마켓2.0,C014857,칫솔걸이,C014838,3,생활용품 > 욕실용품 > 칫솔걸이
G마켓2.0,C014858,휴지걸이,C014838,3,생활용품 > 욕실용품 > 휴지걸이
G마켓2.0,C014860,욕실인테리어,C014758,2,생활용품 > 욕실인테리어
G마켓2.0,C014859,샤워부스,C014860,3,생활용품 > 욕실인테리어 > 샤워부스
G마켓2.0,C014861,세면기,C014860,3,생활용품 > 욕실인테리어 > 세면기
G마켓2.0,C014862,양변기,C014860,3,생활용품 > 욕실인테리어 > 양변기
G마켓2.0,C014863,욕실거울,C014860,3,생활용품 > 욕실인테리어 > 욕실거울
G마켓2.0,C014864,욕실리모델링/시공,C014860,3,생활용품 > 욕실인테리어 > 욕실리모델링/시공
G마켓2.0,C014865,욕실선반,C014860,3,생활용품 > 욕실인테리어 > 욕실선반
G마켓2.0,C014866,욕실수납장,C014860,3,생활용품 > 욕실인테리어 > 욕실수납장
G마켓2.0,C014867,욕조,C014860,3,생활용품 > 욕실인테리어 > 욕조
G마켓2.0,C014868,욕조덮개,C014860,3,생활용품 > 욕실인테리어 > 욕조덮개
G마켓2.0,C014870,청소용품,C014758,2,생활용품 > 청소용품
G마켓2.0,C014869,걸레,C014870,3,생활용품 > 청소용품 > 걸레
G마켓2.0,C014871,기타청소용품,C014870,3,생활용품 > 청소용품 > 기타청소용품
G마켓2.0,C014872,매직블럭,C014870,3,생활용품 > 청소용품 > 매직블럭
G마켓2.0,C014873,먼지떨이/먼지제거기,C014870,3,생활용품 > 청소용품 > 먼지떨이/먼지제거기
G마켓2.0,C014874,밀대,C014870,3,생활용품 > 청소용품 > 밀대
G마켓2.0,C014875,분리수거함,C014870,3,생활용품 > 청소용품 > 분리수거함
G마켓2.0,C014876,빗자루/쓰레받기,C014870,3,생활용품 > 청소용품 > 빗자루/쓰레받기
G마켓2.0,C014877,유리닦이용품,C014870,3,생활용품 > 청소용품 > 유리닦이용품
G마켓2.0,C014878,음식물쓰레기통,C014870,3,생활용품 > 청소용품 > 음식물쓰레기통
G마켓2.0,C014879,청소솔,C014870,3,생활용품 > 청소용품 > 청소솔
G마켓2.0,C014880,청소포/패드,C014870,3,생활용품 > 청소용품 > 청소포/패드
G마켓2.0,C014881,테이프클리너,C014870,3,생활용품 > 청소용품 > 테이프클리너
G마켓2.0,C014882,휴지통,C014870,3,생활용품 > 청소용품 > 휴지통
G마켓2.0,C014884,해충퇴치용품,C014758,2,생활용품 > 해충퇴치용품
G마켓2.0,C014883,기타해충퇴치용품,C014884,3,생활용품 > 해충퇴치용품 > 기타해충퇴치용품
G마켓2.0,C014885,모기장,C014884,3,생활용품 > 해충퇴치용품 > 모기장
G마켓2.0,C014886,방충망,C014884,3,생활용품 > 해충퇴치용품 > 방충망
G마켓2.0,C014887,전기모기채,C014884,3,생활용품 > 해충퇴치용품 > 전기모기채
G마켓2.0,C014890,수입 명품,ROOT,1,수입 명품
G마켓2.0,C014889,리퍼브/중고명품,C014890,2,수입 명품 > 리퍼브/중고명품
G마켓2.0,C014888,명품맨즈백/백팩,C014889,3,수입 명품 > 리퍼브/중고명품 > 명품맨즈백/백팩
G마켓2.0,C014891,명품슈즈,C014889,3,수입 명품 > 리퍼브/중고명품 > 명품슈즈
G마켓2.0,C014892,명품시계/쥬얼리,C014889,3,수입 명품 > 리퍼브/중고명품 > 명품시계/쥬얼리
G마켓2.0,C014893,명품의류/잡화,C014889,3,수입 명품 > 리퍼브/중고명품 > 명품의류/잡화
G마켓2.0,C014894,명품핸드백/지갑,C014889,3,수입 명품 > 리퍼브/중고명품 > 명품핸드백/지갑
G마켓2.0,C014896,명품 남성가방,C014890,2,수입 명품 > 명품 남성가방
G마켓2.0,C014895,백팩,C014896,3,수입 명품 > 명품 남성가방 > 백팩
G마켓2.0,C014897,크로스백,C014896,3,수입 명품 > 명품 남성가방 > 크로스백
G마켓2.0,C014898,토트백,C014896,3,수입 명품 > 명품 남성가방 > 토트백
G마켓2.0,C014899,명품 벨트,C014890,2,수입 명품 > 명품 벨트
G마켓2.0,C014901,명품 슈즈,C014890,2,수입 명품 > 명품 슈즈
G마켓2.0,C014900,남성 구두/부츠,C014901,3,수입 명품 > 명품 슈즈 > 남성 구두/부츠
G마켓2.0,C014902,남성 샌들,C014901,3,수입 명품 > 명품 슈즈 > 남성 샌들
G마켓2.0,C014903,남성 스니커즈,C014901,3,수입 명품 > 명품 슈즈 > 남성 스니커즈
G마켓2.0,C014904,남성 슬립온,C014901,3,수입 명품 > 명품 슈즈 > 남성 슬립온
G마켓2.0,C014905,여성 구두/부츠,C014901,3,수입 명품 > 명품 슈즈 > 여성 구두/부츠
G마켓2.0,C014906,여성 샌들,C014901,3,수입 명품 > 명품 슈즈 > 여성 샌들
G마켓2.0,C014907,여성 스니커즈,C014901,3,수입 명품 > 명품 슈즈 > 여성 스니커즈
G마켓2.0,C014908,여성 슬립온,C014901,3,수입 명품 > 명품 슈즈 > 여성 슬립온
G마켓2.0,C014910,명품 시계,C014890,2,수입 명품 > 명품 시계
G마켓2.0,C014909,남녀공용 시계,C014910,3,수입 명품 > 명품 시계 > 남녀공용 시계
G마켓2.0,C014911,남성 시계,C014910,3,수입 명품 > 명품 시계 > 남성 시계
G마켓2.0,C014912,여성 시계,C014910,3,수입 명품 > 명품 시계 > 여성 시계
G마켓2.0,C014914,명품 여성가방,C014890,2,수입 명품 > 명품 여성가방
G마켓2.0,C014913,백팩,C014914,3,수입 명품 > 명품 여성가방 > 백팩
G마켓2.0,C014915,보스톤백,C014914,3,수입 명품 > 명품 여성가방 > 보스톤백
G마켓2.0,C014916,숄더백,C014914,3,수입 명품 > 명품 여성가방 > 숄더백
G마켓2.0,C014917,크로스백,C014914,3,수입 명품 > 명품 여성가방 > 크로스백
G마켓2.0,C014918,클러치/미니백,C014914,3,수입 명품 > 명품 여성가방 > 클러치/미니백
G마켓2.0,C014919,토트/핸드백,C014914,3,수입 명품 > 명품 여성가방 > 토트/핸드백
G마켓2.0,C014920,파우치백,C014914,3,수입 명품 > 명품 여성가방 > 파우치백
G마켓2.0,C014922,명품 의류,C014890,2,수입 명품 > 명품 의류
G마켓2.0,C014921,남성 상의,C014922,3,수입 명품 > 명품 의류 > 남성 상의
G마켓2.0,C014923,남성 아우터,C014922,3,수입 명품 > 명품 의류 > 남성 아우터
G마켓2.0,C014924,남성 하의,C014922,3,수입 명품 > 명품 의류 > 남성 하의
G마켓2.0,C014925,여성 상의,C014922,3,수입 명품 > 명품 의류 > 여성 상의
G마켓2.0,C014926,여성 아우터,C014922,3,수입 명품 > 명품 의류 > 여성 아우터
G마켓2.0,C014927,여성 원피스,C014922,3,수입 명품 > 명품 의류 > 여성 원피스
G마켓2.0,C014928,여성 하의,C014922,3,수입 명품 > 명품 의류 > 여성 하의
G마켓2.0,C014930,명품 잡화,C014890,2,수입 명품 > 명품 잡화
G마켓2.0,C014929,넥타이/타이핀,C014930,3,수입 명품 > 명품 잡화 > 넥타이/타이핀
G마켓2.0,C014931,머플러/손수건,C014930,3,수입 명품 > 명품 잡화 > 머플러/손수건
G마켓2.0,C014932,명품 소품,C014930,3,수입 명품 > 명품 잡화 > 명품 소품
G마켓2.0,C014933,모자/장갑,C014930,3,수입 명품 > 명품 잡화 > 모자/장갑
G마켓2.0,C014934,양말/스타킹,C014930,3,수입 명품 > 명품 잡화 > 양말/스타킹
G마켓2.0,C014935,헤어악세사리,C014930,3,수입 명품 > 명품 잡화 > 헤어악세사리
G마켓2.0,C014937,명품 지갑/벨트,C014890,2,수입 명품 > 명품 지갑/벨트
G마켓2.0,C014936,남성 벨트,C014937,3,수입 명품 > 명품 지갑/벨트 > 남성 벨트
G마켓2.0,C014938,남성 지갑,C014937,3,수입 명품 > 명품 지갑/벨트 > 남성 지갑
G마켓2.0,C014939,머니클립,C014937,3,수입 명품 > 명품 지갑/벨트 > 머니클립
G마켓2.0,C014940,여성 벨트,C014937,3,수입 명품 > 명품 지갑/벨트 > 여성 벨트
G마켓2.0,C014941,여성 지갑,C014937,3,수입 명품 > 명품 지갑/벨트 > 여성 지갑
G마켓2.0,C014942,카드/명함지갑,C014937,3,수입 명품 > 명품 지갑/벨트 > 카드/명함지갑
G마켓2.0,C014943,키홀더,C014937,3,수입 명품 > 명품 지갑/벨트 > 키홀더
G마켓2.0,C014946,스포츠의류/운동화,ROOT,1,스포츠의류/운동화
G마켓2.0,C014945,스포츠가방,C014946,2,스포츠의류/운동화 > 스포츠가방
G마켓2.0,C014944,기타스포츠가방,C014945,3,스포츠의류/운동화 > 스포츠가방 > 기타스포츠가방
G마켓2.0,C014947,스포츠백팩,C014945,3,스포츠의류/운동화 > 스포츠가방 > 스포츠백팩
G마켓2.0,C014948,스포츠숄더백,C014945,3,스포츠의류/운동화 > 스포츠가방 > 스포츠숄더백
G마켓2.0,C014949,스포츠크로스백,C014945,3,스포츠의류/운동화 > 스포츠가방 > 스포츠크로스백
G마켓2.0,C014950,스포츠힙색/허리색,C014945,3,스포츠의류/운동화 > 스포츠가방 > 스포츠힙색/허리색
G마켓2.0,C014952,스포츠기타용품,C014946,2,스포츠의류/운동화 > 스포츠기타용품
G마켓2.0,C014951,계수기,C014952,3,스포츠의류/운동화 > 스포츠기타용품 > 계수기
G마켓2.0,C014953,기타스포츠용품,C014952,3,스포츠의류/운동화 > 스포츠기타용품 > 기타스포츠용품
G마켓2.0,C014954,스톱워치,C014952,3,스포츠의류/운동화 > 스포츠기타용품 > 스톱워치
G마켓2.0,C014955,스포츠기록지/카드,C014952,3,스포츠의류/운동화 > 스포츠기타용품 > 스포츠기록지/카드
G마켓2.0,C014956,에어펌프,C014952,3,스포츠의류/운동화 > 스포츠기타용품 > 에어펌프
G마켓2.0,C014957,점수판/작전판,C014952,3,스포츠의류/운동화 > 스포츠기타용품 > 점수판/작전판
G마켓2.0,C014958,호루라기,C014952,3,스포츠의류/운동화 > 스포츠기타용품 > 호루라기
G마켓2.0,C014960,스포츠남성의류,C014946,2,스포츠의류/운동화 > 스포츠남성의류
G마켓2.0,C014959,남성스포츠레깅스,C014960,3,스포츠의류/운동화 > 스포츠남성의류 > 남성스포츠레깅스
G마켓2.0,C014961,남성스포츠바지,C014960,3,스포츠의류/운동화 > 스포츠남성의류 > 남성스포츠바지
G마켓2.0,C014962,남성스포츠재킷,C014960,3,스포츠의류/운동화 > 스포츠남성의류 > 남성스포츠재킷
G마켓2.0,C014963,남성스포츠점퍼,C014960,3,스포츠의류/운동화 > 스포츠남성의류 > 남성스포츠점퍼
G마켓2.0,C014964,남성스포츠조끼,C014960,3,스포츠의류/운동화 > 스포츠남성의류 > 남성스포츠조끼
G마켓2.0,C014965,남성스포츠티셔츠,C014960,3,스포츠의류/운동화 > 스포츠남성의류 > 남성스포츠티셔츠
G마켓2.0,C014966,남성트레이닝복,C014960,3,스포츠의류/운동화 > 스포츠남성의류 > 남성트레이닝복
G마켓2.0,C014968,스포츠모자,C014946,2,스포츠의류/운동화 > 스포츠모자
G마켓2.0,C014967,스포츠비니,C014968,3,스포츠의류/운동화 > 스포츠모자 > 스포츠비니
G마켓2.0,C014969,스포츠썬바이저,C014968,3,스포츠의류/운동화 > 스포츠모자 > 스포츠썬바이저
G마켓2.0,C014970,스포츠캡모자,C014968,3,스포츠의류/운동화 > 스포츠모자 > 스포츠캡모자
G마켓2.0,C014972,스포츠보호용품,C014946,2,스포츠의류/운동화 > 스포츠보호용품
G마켓2.0,C014971,기타스포츠보호용품,C014972,3,스포츠의류/운동화 > 스포츠보호용품 > 기타스포츠보호용품
G마켓2.0,C014973,무릎보호대,C014972,3,스포츠의류/운동화 > 스포츠보호용품 > 무릎보호대
G마켓2.0,C014974,발목보호대,C014972,3,스포츠의류/운동화 > 스포츠보호용품 > 발목보호대
G마켓2.0,C014975,손목보호대,C014972,3,스포츠의류/운동화 > 스포츠보호용품 > 손목보호대
G마켓2.0,C014976,테이핑,C014972,3,스포츠의류/운동화 > 스포츠보호용품 > 테이핑
G마켓2.0,C014977,팔꿈치보호대,C014972,3,스포츠의류/운동화 > 스포츠보호용품 > 팔꿈치보호대
G마켓2.0,C014978,허리보호대,C014972,3,스포츠의류/운동화 > 스포츠보호용품 > 허리보호대
G마켓2.0,C014980,스포츠여성의류,C014946,2,스포츠의류/운동화 > 스포츠여성의류
G마켓2.0,C014979,여성스포츠레깅스,C014980,3,스포츠의류/운동화 > 스포츠여성의류 > 여성스포츠레깅스
G마켓2.0,C014981,여성스포츠바지,C014980,3,스포츠의류/운동화 > 스포츠여성의류 > 여성스포츠바지
G마켓2.0,C014982,여성스포츠스커트,C014980,3,스포츠의류/운동화 > 스포츠여성의류 > 여성스포츠스커트
G마켓2.0,C014983,여성스포츠재킷,C014980,3,스포츠의류/운동화 > 스포츠여성의류 > 여성스포츠재킷
G마켓2.0,C014984,여성스포츠점퍼,C014980,3,스포츠의류/운동화 > 스포츠여성의류 > 여성스포츠점퍼
G마켓2.0,C014985,여성스포츠조끼,C014980,3,스포츠의류/운동화 > 스포츠여성의류 > 여성스포츠조끼
G마켓2.0,C014986,여성스포츠티셔츠,C014980,3,스포츠의류/운동화 > 스포츠여성의류 > 여성스포츠티셔츠
G마켓2.0,C014987,여성트레이닝복,C014980,3,스포츠의류/운동화 > 스포츠여성의류 > 여성트레이닝복
G마켓2.0,C014989,스포츠이너웨어,C014946,2,스포츠의류/운동화 > 스포츠이너웨어
G마켓2.0,C014988,스포츠브라,C014989,3,스포츠의류/운동화 > 스포츠이너웨어 > 스포츠브라
G마켓2.0,C014990,스포츠팬티,C014989,3,스포츠의류/운동화 > 스포츠이너웨어 > 스포츠팬티
G마켓2.0,C014991,언더레이어,C014989,3,스포츠의류/운동화 > 스포츠이너웨어 > 언더레이어
G마켓2.0,C014993,스포츠잡화,C014946,2,스포츠의류/운동화 > 스포츠잡화
G마켓2.0,C014992,고글/스포츠선글라스,C014993,3,스포츠의류/운동화 > 스포츠잡화 > 고글/스포츠선글라스
G마켓2.0,C014994,깔창/신발끈,C014993,3,스포츠의류/운동화 > 스포츠잡화 > 깔창/신발끈
G마켓2.0,C014995,스포츠귀마개,C014993,3,스포츠의류/운동화 > 스포츠잡화 > 스포츠귀마개
G마켓2.0,C014996,스포츠마스크/버프,C014993,3,스포츠의류/운동화 > 스포츠잡화 > 스포츠마스크/버프
G마켓2.0,C014997,스포츠목걸이/팔찌,C014993,3,스포츠의류/운동화 > 스포츠잡화 > 스포츠목걸이/팔찌
G마켓2.0,C014998,스포츠벨트,C014993,3,스포츠의류/운동화 > 스포츠잡화 > 스포츠벨트
G마켓2.0,C014999,스포츠스카프/넥워머,C014993,3,스포츠의류/운동화 > 스포츠잡화 > 스포츠스카프/넥워머
G마켓2.0,C015000,스포츠시계,C014993,3,스포츠의류/운동화 > 스포츠잡화 > 스포츠시계
G마켓2.0,C015001,스포츠양말,C014993,3,스포츠의류/운동화 > 스포츠잡화 > 스포츠양말
G마켓2.0,C015002,스포츠우의/레인코트,C014993,3,스포츠의류/운동화 > 스포츠잡화 > 스포츠우의/레인코트
G마켓2.0,C015003,스포츠장갑,C014993,3,스포츠의류/운동화 > 스포츠잡화 > 스포츠장갑
G마켓2.0,C015004,스포츠타월,C014993,3,스포츠의류/운동화 > 스포츠잡화 > 스포츠타월
G마켓2.0,C015005,스포츠토시,C014993,3,스포츠의류/운동화 > 스포츠잡화 > 스포츠토시
G마켓2.0,C015006,스포츠헤어밴드/두건,C014993,3,스포츠의류/운동화 > 스포츠잡화 > 스포츠헤어밴드/두건
G마켓2.0,C015008,스포츠화,C014946,2,스포츠의류/운동화 > 스포츠화
G마켓2.0,C015007,런닝화,C015008,3,스포츠의류/운동화 > 스포츠화 > 런닝화
G마켓2.0,C015009,마라톤화,C015008,3,스포츠의류/운동화 > 스포츠화 > 마라톤화
G마켓2.0,C015010,방한운동화,C015008,3,스포츠의류/운동화 > 스포츠화 > 방한운동화
G마켓2.0,C015011,스포츠샌들,C015008,3,스포츠의류/운동화 > 스포츠화 > 스포츠샌들
G마켓2.0,C015012,스포츠스니커즈,C015008,3,스포츠의류/운동화 > 스포츠화 > 스포츠스니커즈
G마켓2.0,C015013,스포츠슬리퍼,C015008,3,스포츠의류/운동화 > 스포츠화 > 스포츠슬리퍼
G마켓2.0,C015014,아쿠아슈즈,C015008,3,스포츠의류/운동화 > 스포츠화 > 아쿠아슈즈
G마켓2.0,C015015,여성 골프의류/잡화,C014946,2,스포츠의류/운동화 > 여성 골프의류/잡화
G마켓2.0,C015018,신발,ROOT,1,신발
G마켓2.0,C015017,기능화,C015018,2,신발 > 기능화
G마켓2.0,C015016,간호사화,C015017,3,신발 > 기능화 > 간호사화
G마켓2.0,C015019,고무신/꽃신,C015017,3,신발 > 기능화 > 고무신/꽃신
G마켓2.0,C015020,다이어트화,C015017,3,신발 > 기능화 > 다이어트화
G마켓2.0,C015021,댄스화/발레화,C015017,3,신발 > 기능화 > 댄스화/발레화
G마켓2.0,C015023,남성워커/부츠,C015018,2,신발 > 남성워커/부츠
G마켓2.0,C015022,마틴화/웰트화,C015023,3,신발 > 남성워커/부츠 > 마틴화/웰트화
G마켓2.0,C015024,부츠/방한화,C015023,3,신발 > 남성워커/부츠 > 부츠/방한화
G마켓2.0,C015025,워커,C015023,3,신발 > 남성워커/부츠 > 워커
G마켓2.0,C015027,남성정장화,C015018,2,신발 > 남성정장화
G마켓2.0,C015026,남성구두,C015027,3,신발 > 남성정장화 > 남성구두
G마켓2.0,C015028,맞춤수제화,C015027,3,신발 > 남성정장화 > 맞춤수제화
G마켓2.0,C015029,빅사이즈 남성화,C015027,3,신발 > 남성정장화 > 빅사이즈 남성화
G마켓2.0,C015030,정장부츠,C015027,3,신발 > 남성정장화 > 정장부츠
G마켓2.0,C015031,정장샌들,C015027,3,신발 > 남성정장화 > 정장샌들
G마켓2.0,C015033,남성캐주얼화,C015018,2,신발 > 남성캐주얼화
G마켓2.0,C015032,로퍼,C015033,3,신발 > 남성캐주얼화 > 로퍼
G마켓2.0,C015034,샌들/슬리퍼,C015033,3,신발 > 남성캐주얼화 > 샌들/슬리퍼
G마켓2.0,C015035,캐주얼화,C015033,3,신발 > 남성캐주얼화 > 캐주얼화
G마켓2.0,C015036,컴포트화,C015033,3,신발 > 남성캐주얼화 > 컴포트화
G마켓2.0,C015038,스니커즈/슬립온,C015018,2,신발 > 스니커즈/슬립온
G마켓2.0,C015037,남성스니커즈,C015038,3,신발 > 스니커즈/슬립온 > 남성스니커즈
G마켓2.0,C015039,남성슬립온,C015038,3,신발 > 스니커즈/슬립온 > 남성슬립온
G마켓2.0,C015040,여성스니커즈,C015038,3,신발 > 스니커즈/슬립온 > 여성스니커즈
G마켓2.0,C015041,여성슬립온,C015038,3,신발 > 스니커즈/슬립온 > 여성슬립온
G마켓2.0,C015042,우븐슈즈,C015038,3,신발 > 스니커즈/슬립온 > 우븐슈즈
G마켓2.0,C015043,웨지힐 스니커즈,C015038,3,신발 > 스니커즈/슬립온 > 웨지힐 스니커즈
G마켓2.0,C015044,캔버스화,C015038,3,신발 > 스니커즈/슬립온 > 캔버스화
G마켓2.0,C015045,통굽슬립온,C015038,3,신발 > 스니커즈/슬립온 > 통굽슬립온
G마켓2.0,C015047,신발용품,C015018,2,신발 > 신발용품
G마켓2.0,C015046,깔창/키높이깔창,C015047,3,신발 > 신발용품 > 깔창/키높이깔창
G마켓2.0,C015048,발보호쿠션/패드,C015047,3,신발 > 신발용품 > 발보호쿠션/패드
G마켓2.0,C015049,부츠키퍼/클리너,C015047,3,신발 > 신발용품 > 부츠키퍼/클리너
G마켓2.0,C015050,운동화끈,C015047,3,신발 > 신발용품 > 운동화끈
G마켓2.0,C015051,제골기/슈트리,C015047,3,신발 > 신발용품 > 제골기/슈트리
G마켓2.0,C015053,실내화/슬리퍼,C015018,2,신발 > 실내화/슬리퍼
G마켓2.0,C015052,사무용슬리퍼,C015053,3,신발 > 실내화/슬리퍼 > 사무용슬리퍼
G마켓2.0,C015054,일반슬리퍼,C015053,3,신발 > 실내화/슬리퍼 > 일반슬리퍼
G마켓2.0,C015055,지압슬리퍼,C015053,3,신발 > 실내화/슬리퍼 > 지압슬리퍼
G마켓2.0,C015056,털슬리퍼,C015053,3,신발 > 실내화/슬리퍼 > 털슬리퍼
G마켓2.0,C015057,학생 실내화,C015053,3,신발 > 실내화/슬리퍼 > 학생 실내화
G마켓2.0,C015059,아쿠아슈즈/쪼리,C015018,2,신발 > 아쿠아슈즈/쪼리
G마켓2.0,C015058,매쉬/아쿠아슈즈,C015059,3,신발 > 아쿠아슈즈/쪼리 > 매쉬/아쿠아슈즈
G마켓2.0,C015060,젤리슈즈,C015059,3,신발 > 아쿠아슈즈/쪼리 > 젤리슈즈
G마켓2.0,C015061,플리플랍/쪼리,C015059,3,신발 > 아쿠아슈즈/쪼리 > 플리플랍/쪼리
G마켓2.0,C015063,여성단화,C015018,2,신발 > 여성단화
G마켓2.0,C015062,로퍼,C015063,3,신발 > 여성단화 > 로퍼
G마켓2.0,C015064,블로퍼,C015063,3,신발 > 여성단화 > 블로퍼
G마켓2.0,C015065,빅사이즈 단화,C015063,3,신발 > 여성단화 > 빅사이즈 단화
G마켓2.0,C015066,옥스퍼드화,C015063,3,신발 > 여성단화 > 옥스퍼드화
G마켓2.0,C015067,컴포트화,C015063,3,신발 > 여성단화 > 컴포트화
G마켓2.0,C015068,털단화,C015063,3,신발 > 여성단화 > 털단화
G마켓2.0,C015069,플랫슈즈,C015063,3,신발 > 여성단화 > 플랫슈즈
G마켓2.0,C015071,여성부츠/워커,C015018,2,신발 > 여성부츠/워커
G마켓2.0,C015070,레인부츠/장화,C015071,3,신발 > 여성부츠/워커 > 레인부츠/장화
G마켓2.0,C015072,롱부츠,C015071,3,신발 > 여성부츠/워커 > 롱부츠
G마켓2.0,C015073,부티,C015071,3,신발 > 여성부츠/워커 > 부티
G마켓2.0,C015074,빅사이즈 부츠,C015071,3,신발 > 여성부츠/워커 > 빅사이즈 부츠
G마켓2.0,C015075,빅사이즈 워커,C015071,3,신발 > 여성부츠/워커 > 빅사이즈 워커
G마켓2.0,C015076,앵클부츠,C015071,3,신발 > 여성부츠/워커 > 앵클부츠
G마켓2.0,C015077,워커힐,C015071,3,신발 > 여성부츠/워커 > 워커힐
G마켓2.0,C015078,첼시부츠,C015071,3,신발 > 여성부츠/워커 > 첼시부츠
G마켓2.0,C015079,털부츠,C015071,3,신발 > 여성부츠/워커 > 털부츠
G마켓2.0,C015080,패딩부츠,C015071,3,신발 > 여성부츠/워커 > 패딩부츠
G마켓2.0,C015081,플랫워커,C015071,3,신발 > 여성부츠/워커 > 플랫워커
G마켓2.0,C015083,여성샌들,C015018,2,신발 > 여성샌들
G마켓2.0,C015082,글레디에이터샌들,C015083,3,신발 > 여성샌들 > 글레디에이터샌들
G마켓2.0,C015084,빅사이즈 샌들,C015083,3,신발 > 여성샌들 > 빅사이즈 샌들
G마켓2.0,C015085,스트랩샌들,C015083,3,신발 > 여성샌들 > 스트랩샌들
G마켓2.0,C015086,슬리퍼샌들,C015083,3,신발 > 여성샌들 > 슬리퍼샌들
G마켓2.0,C015087,웨지샌들,C015083,3,신발 > 여성샌들 > 웨지샌들
G마켓2.0,C015088,정장샌들,C015083,3,신발 > 여성샌들 > 정장샌들
G마켓2.0,C015089,플랫샌들,C015083,3,신발 > 여성샌들 > 플랫샌들
G마켓2.0,C015091,운동화,C015018,2,신발 > 운동화
G마켓2.0,C015090,워킹화,C015091,3,신발 > 운동화 > 워킹화
G마켓2.0,C015092,키높이 운동화,C015091,3,신발 > 운동화 > 키높이 운동화
G마켓2.0,C015093,털운동화,C015091,3,신발 > 운동화 > 털운동화
G마켓2.0,C015094,패션운동화,C015091,3,신발 > 운동화 > 패션운동화
G마켓2.0,C015095,하이탑,C015091,3,신발 > 운동화 > 하이탑
G마켓2.0,C015097,힐/펌프스,C015018,2,신발 > 힐/펌프스
G마켓2.0,C015096,가보시힐,C015097,3,신발 > 힐/펌프스 > 가보시힐
G마켓2.0,C015098,메리제인 슈즈,C015097,3,신발 > 힐/펌프스 > 메리제인 슈즈
G마켓2.0,C015099,뮬,C015097,3,신발 > 힐/펌프스 > 뮬
G마켓2.0,C015100,빅사이즈 펌프스,C015097,3,신발 > 힐/펌프스 > 빅사이즈 펌프스
G마켓2.0,C015101,스틸레토힐,C015097,3,신발 > 힐/펌프스 > 스틸레토힐
G마켓2.0,C015102,슬링백,C015097,3,신발 > 힐/펌프스 > 슬링백
G마켓2.0,C015103,웨딩/파티 슈즈,C015097,3,신발 > 힐/펌프스 > 웨딩/파티 슈즈
G마켓2.0,C015104,웨지힐,C015097,3,신발 > 힐/펌프스 > 웨지힐
G마켓2.0,C015105,정장 슈즈,C015097,3,신발 > 힐/펌프스 > 정장 슈즈
G마켓2.0,C015106,토오픈,C015097,3,신발 > 힐/펌프스 > 토오픈
G마켓2.0,C015107,통굽슈즈,C015097,3,신발 > 힐/펌프스 > 통굽슈즈
G마켓2.0,C015108,펌프스,C015097,3,신발 > 힐/펌프스 > 펌프스
G마켓2.0,C015111,신선식품,ROOT,1,신선식품
G마켓2.0,C015110,[중지]디지털 쿠폰마켓,C015111,2,신선식품 > [중지]디지털 쿠폰마켓
G마켓2.0,C015109,상품교환권 및 할인권,C015110,3,신선식품 > [중지]디지털 쿠폰마켓 > 상품교환권 및 할인권
G마켓2.0,C015113,건어물,C015111,2,신선식품 > 건어물
G마켓2.0,C015112,건멸치,C015113,3,신선식품 > 건어물 > 건멸치
G마켓2.0,C015114,건문어,C015113,3,신선식품 > 건어물 > 건문어
G마켓2.0,C015115,건새우,C015113,3,신선식품 > 건어물 > 건새우
G마켓2.0,C015116,건오징어/건한치,C015113,3,신선식품 > 건어물 > 건오징어/건한치
G마켓2.0,C015117,과메기,C015113,3,신선식품 > 건어물 > 과메기
G마켓2.0,C015118,기타건어물,C015113,3,신선식품 > 건어물 > 기타건어물
G마켓2.0,C015119,노가리/먹태,C015113,3,신선식품 > 건어물 > 노가리/먹태
G마켓2.0,C015120,쥐포,C015113,3,신선식품 > 건어물 > 쥐포
G마켓2.0,C015121,진미채,C015113,3,신선식품 > 건어물 > 진미채
G마켓2.0,C015122,황태/북어/코다리,C015113,3,신선식품 > 건어물 > 황태/북어/코다리
G마켓2.0,C015124,견과류,C015111,2,신선식품 > 견과류
G마켓2.0,C015123,기타견과류,C015124,3,신선식품 > 견과류 > 기타견과류
G마켓2.0,C015125,대추,C015124,3,신선식품 > 견과류 > 대추
G마켓2.0,C015126,땅콩,C015124,3,신선식품 > 견과류 > 땅콩
G마켓2.0,C015127,마카다미아/피스타치오,C015124,3,신선식품 > 견과류 > 마카다미아/피스타치오
G마켓2.0,C015128,밤,C015124,3,신선식품 > 견과류 > 밤
G마켓2.0,C015129,아몬드,C015124,3,신선식품 > 견과류 > 아몬드
G마켓2.0,C015130,은행,C015124,3,신선식품 > 견과류 > 은행
G마켓2.0,C015131,잣,C015124,3,신선식품 > 견과류 > 잣
G마켓2.0,C015132,캐슈넛,C015124,3,신선식품 > 견과류 > 캐슈넛
G마켓2.0,C015133,호두,C015124,3,신선식품 > 견과류 > 호두
G마켓2.0,C015134,호박씨/해바라기씨,C015124,3,신선식품 > 견과류 > 호박씨/해바라기씨
G마켓2.0,C015135,혼합견과류,C015124,3,신선식품 > 견과류 > 혼합견과류
G마켓2.0,C015137,과일,C015111,2,신선식품 > 과일
G마켓2.0,C015136,감,C015137,3,신선식품 > 과일 > 감
G마켓2.0,C015138,과일세트,C015137,3,신선식품 > 과일 > 과일세트
G마켓2.0,C015139,귤,C015137,3,신선식품 > 과일 > 귤
G마켓2.0,C015140,기타과일,C015137,3,신선식품 > 과일 > 기타과일
G마켓2.0,C015141,딸기,C015137,3,신선식품 > 과일 > 딸기
G마켓2.0,C015142,망고,C015137,3,신선식품 > 과일 > 망고
G마켓2.0,C015143,매실,C015137,3,신선식품 > 과일 > 매실
G마켓2.0,C015144,멜론,C015137,3,신선식품 > 과일 > 멜론
G마켓2.0,C015145,바나나,C015137,3,신선식품 > 과일 > 바나나
G마켓2.0,C015146,배,C015137,3,신선식품 > 과일 > 배
G마켓2.0,C015147,복분자,C015137,3,신선식품 > 과일 > 복분자
G마켓2.0,C015148,복숭아,C015137,3,신선식품 > 과일 > 복숭아
G마켓2.0,C015149,블루베리,C015137,3,신선식품 > 과일 > 블루베리
G마켓2.0,C015150,사과,C015137,3,신선식품 > 과일 > 사과
G마켓2.0,C015151,석류,C015137,3,신선식품 > 과일 > 석류
G마켓2.0,C015152,수박,C015137,3,신선식품 > 과일 > 수박
G마켓2.0,C015153,아보카도,C015137,3,신선식품 > 과일 > 아보카도
G마켓2.0,C015154,오렌지,C015137,3,신선식품 > 과일 > 오렌지
G마켓2.0,C015155,자두,C015137,3,신선식품 > 과일 > 자두
G마켓2.0,C015156,자몽/레몬,C015137,3,신선식품 > 과일 > 자몽/레몬
G마켓2.0,C015157,참외,C015137,3,신선식품 > 과일 > 참외
G마켓2.0,C015158,체리,C015137,3,신선식품 > 과일 > 체리
G마켓2.0,C015159,키위/참다래,C015137,3,신선식품 > 과일 > 키위/참다래
G마켓2.0,C015160,토마토,C015137,3,신선식품 > 과일 > 토마토
G마켓2.0,C015161,파인애플,C015137,3,신선식품 > 과일 > 파인애플
G마켓2.0,C015162,포도,C015137,3,신선식품 > 과일 > 포도
G마켓2.0,C015163,한라봉/천혜향,C015137,3,신선식품 > 과일 > 한라봉/천혜향
G마켓2.0,C015165,기타축산물,C015111,2,신선식품 > 기타축산물
G마켓2.0,C015164,기타축산물,C015165,3,신선식품 > 기타축산물 > 기타축산물
G마켓2.0,C015166,양고기,C015165,3,신선식품 > 기타축산물 > 양고기
G마켓2.0,C015167,오리고기,C015165,3,신선식품 > 기타축산물 > 오리고기
G마켓2.0,C015169,김/해조류,C015111,2,신선식품 > 김/해조류
G마켓2.0,C015168,기타해조류,C015169,3,신선식품 > 김/해조류 > 기타해조류
G마켓2.0,C015170,김,C015169,3,신선식품 > 김/해조류 > 김
G마켓2.0,C015171,다시마,C015169,3,신선식품 > 김/해조류 > 다시마
G마켓2.0,C015172,매생이,C015169,3,신선식품 > 김/해조류 > 매생이
G마켓2.0,C015173,미역,C015169,3,신선식품 > 김/해조류 > 미역
G마켓2.0,C015174,톳,C015169,3,신선식품 > 김/해조류 > 톳
G마켓2.0,C015176,김치,C015111,2,신선식품 > 김치
G마켓2.0,C015175,갓김치,C015176,3,신선식품 > 김치 > 갓김치
G마켓2.0,C015177,겉절이,C015176,3,신선식품 > 김치 > 겉절이
G마켓2.0,C015178,기타김치,C015176,3,신선식품 > 김치 > 기타김치
G마켓2.0,C015179,깍두기,C015176,3,신선식품 > 김치 > 깍두기
G마켓2.0,C015180,동치미,C015176,3,신선식품 > 김치 > 동치미
G마켓2.0,C015181,묵은지,C015176,3,신선식품 > 김치 > 묵은지
G마켓2.0,C015182,백김치,C015176,3,신선식품 > 김치 > 백김치
G마켓2.0,C015183,열무김치,C015176,3,신선식품 > 김치 > 열무김치
G마켓2.0,C015184,오이소박이,C015176,3,신선식품 > 김치 > 오이소박이
G마켓2.0,C015185,절임배추,C015176,3,신선식품 > 김치 > 절임배추
G마켓2.0,C015186,총각김치,C015176,3,신선식품 > 김치 > 총각김치
G마켓2.0,C015187,파김치/부추김치,C015176,3,신선식품 > 김치 > 파김치/부추김치
G마켓2.0,C015188,포기김치,C015176,3,신선식품 > 김치 > 포기김치
G마켓2.0,C015190,냉동/건과일,C015111,2,신선식품 > 냉동/건과일
G마켓2.0,C015189,감말랭이,C015190,3,신선식품 > 냉동/건과일 > 감말랭이
G마켓2.0,C015191,건무화과/편강,C015190,3,신선식품 > 냉동/건과일 > 건무화과/편강
G마켓2.0,C015192,건바나나,C015190,3,신선식품 > 냉동/건과일 > 건바나나
G마켓2.0,C015193,건자두,C015190,3,신선식품 > 냉동/건과일 > 건자두
G마켓2.0,C015194,건포도/건망고,C015190,3,신선식품 > 냉동/건과일 > 건포도/건망고
G마켓2.0,C015195,고구마말랭이,C015190,3,신선식품 > 냉동/건과일 > 고구마말랭이
G마켓2.0,C015196,곶감/반건시,C015190,3,신선식품 > 냉동/건과일 > 곶감/반건시
G마켓2.0,C015197,기타건과일,C015190,3,신선식품 > 냉동/건과일 > 기타건과일
G마켓2.0,C015198,기타냉동과일,C015190,3,신선식품 > 냉동/건과일 > 기타냉동과일
G마켓2.0,C015199,아이스망고,C015190,3,신선식품 > 냉동/건과일 > 아이스망고
G마켓2.0,C015200,아이스블루베리,C015190,3,신선식품 > 냉동/건과일 > 아이스블루베리
G마켓2.0,C015201,아이스홍시,C015190,3,신선식품 > 냉동/건과일 > 아이스홍시
G마켓2.0,C015203,닭고기/계란,C015111,2,신선식품 > 닭고기/계란
G마켓2.0,C015202,계란,C015203,3,신선식품 > 닭고기/계란 > 계란
G마켓2.0,C015204,부위별닭고기,C015203,3,신선식품 > 닭고기/계란 > 부위별닭고기
G마켓2.0,C015205,생닭,C015203,3,신선식품 > 닭고기/계란 > 생닭
G마켓2.0,C015207,돼지고기,C015111,2,신선식품 > 돼지고기
G마켓2.0,C015206,국내산돼지고기,C015207,3,신선식품 > 돼지고기 > 국내산돼지고기
G마켓2.0,C015208,수입돼지고기,C015207,3,신선식품 > 돼지고기 > 수입돼지고기
G마켓2.0,C015210,반찬,C015111,2,신선식품 > 반찬
G마켓2.0,C015209,게장,C015210,3,신선식품 > 반찬 > 게장
G마켓2.0,C015211,곤드레/나물반찬,C015210,3,신선식품 > 반찬 > 곤드레/나물반찬
G마켓2.0,C015212,기타반찬류,C015210,3,신선식품 > 반찬 > 기타반찬류
G마켓2.0,C015213,깻잎/무침반찬,C015210,3,신선식품 > 반찬 > 깻잎/무침반찬
G마켓2.0,C015214,단무지/무쌈,C015210,3,신선식품 > 반찬 > 단무지/무쌈
G마켓2.0,C015215,두부/묵,C015210,3,신선식품 > 반찬 > 두부/묵
G마켓2.0,C015216,멸치볶음/볶음반찬,C015210,3,신선식품 > 반찬 > 멸치볶음/볶음반찬
G마켓2.0,C015217,명이나물/절임반찬,C015210,3,신선식품 > 반찬 > 명이나물/절임반찬
G마켓2.0,C015218,반찬세트,C015210,3,신선식품 > 반찬 > 반찬세트
G마켓2.0,C015219,새우장/전복장,C015210,3,신선식품 > 반찬 > 새우장/전복장
G마켓2.0,C015220,절임반찬류,C015210,3,신선식품 > 반찬 > 절임반찬류
G마켓2.0,C015221,조림반찬류,C015210,3,신선식품 > 반찬 > 조림반찬류
G마켓2.0,C015223,버섯/나물류,C015111,2,신선식품 > 버섯/나물류
G마켓2.0,C015222,건버섯,C015223,3,신선식품 > 버섯/나물류 > 건버섯
G마켓2.0,C015224,고사리/곤드레나물,C015223,3,신선식품 > 버섯/나물류 > 고사리/곤드레나물
G마켓2.0,C015225,기타버섯/나물류,C015223,3,신선식품 > 버섯/나물류 > 기타버섯/나물류
G마켓2.0,C015226,느타리/팽이버섯,C015223,3,신선식품 > 버섯/나물류 > 느타리/팽이버섯
G마켓2.0,C015227,송이/새송이버섯,C015223,3,신선식품 > 버섯/나물류 > 송이/새송이버섯
G마켓2.0,C015228,콩나물/숙주나물,C015223,3,신선식품 > 버섯/나물류 > 콩나물/숙주나물
G마켓2.0,C015229,표고버섯,C015223,3,신선식품 > 버섯/나물류 > 표고버섯
G마켓2.0,C015231,뿌리채소,C015111,2,신선식품 > 뿌리채소
G마켓2.0,C015230,감자,C015231,3,신선식품 > 뿌리채소 > 감자
G마켓2.0,C015232,고구마,C015231,3,신선식품 > 뿌리채소 > 고구마
G마켓2.0,C015233,기타뿌리채소,C015231,3,신선식품 > 뿌리채소 > 기타뿌리채소
G마켓2.0,C015234,당근,C015231,3,신선식품 > 뿌리채소 > 당근
G마켓2.0,C015235,더덕,C015231,3,신선식품 > 뿌리채소 > 더덕
G마켓2.0,C015236,도라지,C015231,3,신선식품 > 뿌리채소 > 도라지
G마켓2.0,C015237,마/야콘,C015231,3,신선식품 > 뿌리채소 > 마/야콘
G마켓2.0,C015238,마늘,C015231,3,신선식품 > 뿌리채소 > 마늘
G마켓2.0,C015239,무,C015231,3,신선식품 > 뿌리채소 > 무
G마켓2.0,C015240,생강,C015231,3,신선식품 > 뿌리채소 > 생강
G마켓2.0,C015241,양파,C015231,3,신선식품 > 뿌리채소 > 양파
G마켓2.0,C015242,연근,C015231,3,신선식품 > 뿌리채소 > 연근
G마켓2.0,C015243,우엉,C015231,3,신선식품 > 뿌리채소 > 우엉
G마켓2.0,C015245,생선,C015111,2,신선식품 > 생선
G마켓2.0,C015244,가자미/아귀,C015245,3,신선식품 > 생선 > 가자미/아귀
G마켓2.0,C015246,갈치,C015245,3,신선식품 > 생선 > 갈치
G마켓2.0,C015247,고등어,C015245,3,신선식품 > 생선 > 고등어
G마켓2.0,C015248,굴비/조기,C015245,3,신선식품 > 생선 > 굴비/조기
G마켓2.0,C015249,기타생선,C015245,3,신선식품 > 생선 > 기타생선
G마켓2.0,C015250,꽁치,C015245,3,신선식품 > 생선 > 꽁치
G마켓2.0,C015251,대구/명태,C015245,3,신선식품 > 생선 > 대구/명태
G마켓2.0,C015252,삼치,C015245,3,신선식품 > 생선 > 삼치
G마켓2.0,C015253,생선회/초밥재료,C015245,3,신선식품 > 생선 > 생선회/초밥재료
G마켓2.0,C015254,연어,C015245,3,신선식품 > 생선 > 연어
G마켓2.0,C015255,옥돔,C015245,3,신선식품 > 생선 > 옥돔
G마켓2.0,C015256,장어,C015245,3,신선식품 > 생선 > 장어
G마켓2.0,C015257,참치,C015245,3,신선식품 > 생선 > 참치
G마켓2.0,C015258,홍어/가오리,C015245,3,신선식품 > 생선 > 홍어/가오리
G마켓2.0,C015260,소고기,C015111,2,신선식품 > 소고기
G마켓2.0,C015259,수입산소고기,C015260,3,신선식품 > 소고기 > 수입산소고기
G마켓2.0,C015261,한우,C015260,3,신선식품 > 소고기 > 한우
G마켓2.0,C015263,쌀,C015111,2,신선식품 > 쌀
G마켓2.0,C015262,기능성쌀,C015263,3,신선식품 > 쌀 > 기능성쌀
G마켓2.0,C015264,백미,C015263,3,신선식품 > 쌀 > 백미
G마켓2.0,C015265,찹쌀,C015263,3,신선식품 > 쌀 > 찹쌀
G마켓2.0,C015266,현미,C015263,3,신선식품 > 쌀 > 현미
G마켓2.0,C015267,흑미,C015263,3,신선식품 > 쌀 > 흑미
G마켓2.0,C015269,열매채소,C015111,2,신선식품 > 열매채소
G마켓2.0,C015268,가지,C015269,3,신선식품 > 열매채소 > 가지
G마켓2.0,C015270,고추,C015269,3,신선식품 > 열매채소 > 고추
G마켓2.0,C015271,기타열매채소,C015269,3,신선식품 > 열매채소 > 기타열매채소
G마켓2.0,C015272,애호박,C015269,3,신선식품 > 열매채소 > 애호박
G마켓2.0,C015273,오이,C015269,3,신선식품 > 열매채소 > 오이
G마켓2.0,C015274,옥수수,C015269,3,신선식품 > 열매채소 > 옥수수
G마켓2.0,C015275,피망/파프리카,C015269,3,신선식품 > 열매채소 > 피망/파프리카
G마켓2.0,C015276,호박,C015269,3,신선식품 > 열매채소 > 호박
G마켓2.0,C015278,잎줄기채소,C015111,2,신선식품 > 잎줄기채소
G마켓2.0,C015277,기타잎줄기채소,C015278,3,신선식품 > 잎줄기채소 > 기타잎줄기채소
G마켓2.0,C015279,깻잎,C015278,3,신선식품 > 잎줄기채소 > 깻잎
G마켓2.0,C015280,대파/쪽파,C015278,3,신선식품 > 잎줄기채소 > 대파/쪽파
G마켓2.0,C015281,모듬쌈채소,C015278,3,신선식품 > 잎줄기채소 > 모듬쌈채소
G마켓2.0,C015282,배추,C015278,3,신선식품 > 잎줄기채소 > 배추
G마켓2.0,C015283,부추,C015278,3,신선식품 > 잎줄기채소 > 부추
G마켓2.0,C015284,브로콜리,C015278,3,신선식품 > 잎줄기채소 > 브로콜리
G마켓2.0,C015285,상추,C015278,3,신선식품 > 잎줄기채소 > 상추
G마켓2.0,C015286,시금치,C015278,3,신선식품 > 잎줄기채소 > 시금치
G마켓2.0,C015287,양배추,C015278,3,신선식품 > 잎줄기채소 > 양배추
G마켓2.0,C015288,양상추,C015278,3,신선식품 > 잎줄기채소 > 양상추
G마켓2.0,C015289,열무,C015278,3,신선식품 > 잎줄기채소 > 열무
G마켓2.0,C015290,케일,C015278,3,신선식품 > 잎줄기채소 > 케일
G마켓2.0,C015292,잡곡/혼합곡,C015111,2,신선식품 > 잡곡/혼합곡
G마켓2.0,C015291,귀리,C015292,3,신선식품 > 잡곡/혼합곡 > 귀리
G마켓2.0,C015293,기타잡곡,C015292,3,신선식품 > 잡곡/혼합곡 > 기타잡곡
G마켓2.0,C015294,녹두/율무,C015292,3,신선식품 > 잡곡/혼합곡 > 녹두/율무
G마켓2.0,C015295,보리,C015292,3,신선식품 > 잡곡/혼합곡 > 보리
G마켓2.0,C015296,수수/기장,C015292,3,신선식품 > 잡곡/혼합곡 > 수수/기장
G마켓2.0,C015297,참깨/들깨,C015292,3,신선식품 > 잡곡/혼합곡 > 참깨/들깨
G마켓2.0,C015298,콩류,C015292,3,신선식품 > 잡곡/혼합곡 > 콩류
G마켓2.0,C015299,팥,C015292,3,신선식품 > 잡곡/혼합곡 > 팥
G마켓2.0,C015300,혼합곡,C015292,3,신선식품 > 잡곡/혼합곡 > 혼합곡
G마켓2.0,C015302,젓갈류/액젓,C015111,2,신선식품 > 젓갈류/액젓
G마켓2.0,C015301,기타젓갈류,C015302,3,신선식품 > 젓갈류/액젓 > 기타젓갈류
G마켓2.0,C015303,명란/창난젓,C015302,3,신선식품 > 젓갈류/액젓 > 명란/창난젓
G마켓2.0,C015304,새우/토하젓,C015302,3,신선식품 > 젓갈류/액젓 > 새우/토하젓
G마켓2.0,C015305,액젓,C015302,3,신선식품 > 젓갈류/액젓 > 액젓
G마켓2.0,C015306,오징어/낙지젓,C015302,3,신선식품 > 젓갈류/액젓 > 오징어/낙지젓
G마켓2.0,C015307,젓갈세트,C015302,3,신선식품 > 젓갈류/액젓 > 젓갈세트
G마켓2.0,C015308,조개젓,C015302,3,신선식품 > 젓갈류/액젓 > 조개젓
G마켓2.0,C015310,해산물/어패류,C015111,2,신선식품 > 해산물/어패류
G마켓2.0,C015309,가리비,C015310,3,신선식품 > 해산물/어패류 > 가리비
G마켓2.0,C015311,굴,C015310,3,신선식품 > 해산물/어패류 > 굴
G마켓2.0,C015312,기타해산물/어패류,C015310,3,신선식품 > 해산물/어패류 > 기타해산물/어패류
G마켓2.0,C015313,꼬막,C015310,3,신선식품 > 해산물/어패류 > 꼬막
G마켓2.0,C015314,꽃게,C015310,3,신선식품 > 해산물/어패류 > 꽃게
G마켓2.0,C015315,낙지,C015310,3,신선식품 > 해산물/어패류 > 낙지
G마켓2.0,C015316,날치알,C015310,3,신선식품 > 해산물/어패류 > 날치알
G마켓2.0,C015317,대게/홍게,C015310,3,신선식품 > 해산물/어패류 > 대게/홍게
G마켓2.0,C015318,멍게,C015310,3,신선식품 > 해산물/어패류 > 멍게
G마켓2.0,C015319,문어,C015310,3,신선식품 > 해산물/어패류 > 문어
G마켓2.0,C015320,미더덕/오만둥이,C015310,3,신선식품 > 해산물/어패류 > 미더덕/오만둥이
G마켓2.0,C015321,바지락,C015310,3,신선식품 > 해산물/어패류 > 바지락
G마켓2.0,C015322,새우,C015310,3,신선식품 > 해산물/어패류 > 새우
G마켓2.0,C015323,새우살/해물살,C015310,3,신선식품 > 해산물/어패류 > 새우살/해물살
G마켓2.0,C015324,성게알,C015310,3,신선식품 > 해산물/어패류 > 성게알
G마켓2.0,C015325,소라/골뱅이/우렁이,C015310,3,신선식품 > 해산물/어패류 > 소라/골뱅이/우렁이
G마켓2.0,C015326,오징어,C015310,3,신선식품 > 해산물/어패류 > 오징어
G마켓2.0,C015327,전복,C015310,3,신선식품 > 해산물/어패류 > 전복
G마켓2.0,C015328,조개살,C015310,3,신선식품 > 해산물/어패류 > 조개살
G마켓2.0,C015329,쭈꾸미,C015310,3,신선식품 > 해산물/어패류 > 쭈꾸미
G마켓2.0,C015330,킹크랩/바닷가재,C015310,3,신선식품 > 해산물/어패류 > 킹크랩/바닷가재
G마켓2.0,C015331,해삼,C015310,3,신선식품 > 해산물/어패류 > 해삼
G마켓2.0,C015332,홍합,C015310,3,신선식품 > 해산물/어패류 > 홍합
G마켓2.0,C015335,언더웨어,ROOT,1,언더웨어
G마켓2.0,C015334,남성 런닝,C015335,2,언더웨어 > 남성 런닝
G마켓2.0,C015333,런닝세트,C015334,3,언더웨어 > 남성 런닝 > 런닝세트
G마켓2.0,C015336,민소매런닝,C015334,3,언더웨어 > 남성 런닝 > 민소매런닝
G마켓2.0,C015337,반팔런닝,C015334,3,언더웨어 > 남성 런닝 > 반팔런닝
G마켓2.0,C015339,남성 팬티,C015335,2,언더웨어 > 남성 팬티
G마켓2.0,C015338,기능성팬티,C015339,3,언더웨어 > 남성 팬티 > 기능성팬티
G마켓2.0,C015340,드로즈,C015339,3,언더웨어 > 남성 팬티 > 드로즈
G마켓2.0,C015341,삼각팬티,C015339,3,언더웨어 > 남성 팬티 > 삼각팬티
G마켓2.0,C015342,트렁크,C015339,3,언더웨어 > 남성 팬티 > 트렁크
G마켓2.0,C015343,팬티런닝세트,C015339,3,언더웨어 > 남성 팬티 > 팬티런닝세트
G마켓2.0,C015345,내의,C015335,2,언더웨어 > 내의
G마켓2.0,C015344,내의,C015345,3,언더웨어 > 내의 > 내의
G마켓2.0,C015346,모시메리,C015345,3,언더웨어 > 내의 > 모시메리
G마켓2.0,C015347,발열내의,C015345,3,언더웨어 > 내의 > 발열내의
G마켓2.0,C015348,타이즈,C015345,3,언더웨어 > 내의 > 타이즈
G마켓2.0,C015350,보정속옷,C015335,2,언더웨어 > 보정속옷
G마켓2.0,C015349,거들/힙업팬티,C015350,3,언더웨어 > 보정속옷 > 거들/힙업팬티
G마켓2.0,C015351,남성 보정속옷,C015350,3,언더웨어 > 보정속옷 > 남성 보정속옷
G마켓2.0,C015352,니퍼/복대,C015350,3,언더웨어 > 보정속옷 > 니퍼/복대
G마켓2.0,C015353,바디쉐이퍼/올인원,C015350,3,언더웨어 > 보정속옷 > 바디쉐이퍼/올인원
G마켓2.0,C015355,브라탑/런닝/속바지,C015335,2,언더웨어 > 브라탑/런닝/속바지
G마켓2.0,C015354,런닝/나시,C015355,3,언더웨어 > 브라탑/런닝/속바지 > 런닝/나시
G마켓2.0,C015356,브라탑,C015355,3,언더웨어 > 브라탑/런닝/속바지 > 브라탑
G마켓2.0,C015357,섹시슬립,C015355,3,언더웨어 > 브라탑/런닝/속바지 > 섹시슬립
G마켓2.0,C015358,속바지/속치마,C015355,3,언더웨어 > 브라탑/런닝/속바지 > 속바지/속치마
G마켓2.0,C015359,슬립,C015355,3,언더웨어 > 브라탑/런닝/속바지 > 슬립
G마켓2.0,C015361,브라팬티 세트,C015335,2,언더웨어 > 브라팬티 세트
G마켓2.0,C015360,3종세트 이상,C015361,3,언더웨어 > 브라팬티 세트 > 3종세트 이상
G마켓2.0,C015362,노와이어,C015361,3,언더웨어 > 브라팬티 세트 > 노와이어
G마켓2.0,C015363,누디/노라인,C015361,3,언더웨어 > 브라팬티 세트 > 누디/노라인
G마켓2.0,C015364,몰드/볼륨업,C015361,3,언더웨어 > 브라팬티 세트 > 몰드/볼륨업
G마켓2.0,C015365,섹시란제리,C015361,3,언더웨어 > 브라팬티 세트 > 섹시란제리
G마켓2.0,C015366,자수/레이스,C015361,3,언더웨어 > 브라팬티 세트 > 자수/레이스
G마켓2.0,C015368,빅사이즈 속옷,C015335,2,언더웨어 > 빅사이즈 속옷
G마켓2.0,C015367,빅사이즈 남성팬티,C015368,3,언더웨어 > 빅사이즈 속옷 > 빅사이즈 남성팬티
G마켓2.0,C015369,빅사이즈 런닝,C015368,3,언더웨어 > 빅사이즈 속옷 > 빅사이즈 런닝
G마켓2.0,C015370,빅사이즈 브라,C015368,3,언더웨어 > 빅사이즈 속옷 > 빅사이즈 브라
G마켓2.0,C015371,빅사이즈 세트,C015368,3,언더웨어 > 빅사이즈 속옷 > 빅사이즈 세트
G마켓2.0,C015372,빅사이즈 여성팬티,C015368,3,언더웨어 > 빅사이즈 속옷 > 빅사이즈 여성팬티
G마켓2.0,C015374,여성 브라,C015335,2,언더웨어 > 여성 브라
G마켓2.0,C015373,노와이어 브라,C015374,3,언더웨어 > 여성 브라 > 노와이어 브라
G마켓2.0,C015375,누드브라,C015374,3,언더웨어 > 여성 브라 > 누드브라
G마켓2.0,C015376,누디/노라인 브라,C015374,3,언더웨어 > 여성 브라 > 누디/노라인 브라
G마켓2.0,C015377,볼륨업 브라,C015374,3,언더웨어 > 여성 브라 > 볼륨업 브라
G마켓2.0,C015378,브라끈/브라패드,C015374,3,언더웨어 > 여성 브라 > 브라끈/브라패드
G마켓2.0,C015379,섹시브라,C015374,3,언더웨어 > 여성 브라 > 섹시브라
G마켓2.0,C015380,자수/레이스 브라,C015374,3,언더웨어 > 여성 브라 > 자수/레이스 브라
G마켓2.0,C015382,여성 팬티,C015335,2,언더웨어 > 여성 팬티
G마켓2.0,C015381,노라인/햄팬티,C015382,3,언더웨어 > 여성 팬티 > 노라인/햄팬티
G마켓2.0,C015383,삼각팬티,C015382,3,언더웨어 > 여성 팬티 > 삼각팬티
G마켓2.0,C015384,섹시팬티,C015382,3,언더웨어 > 여성 팬티 > 섹시팬티
G마켓2.0,C015385,요일팬티/세트,C015382,3,언더웨어 > 여성 팬티 > 요일팬티/세트
G마켓2.0,C015386,위생팬티,C015382,3,언더웨어 > 여성 팬티 > 위생팬티
G마켓2.0,C015388,잠옷,C015335,2,언더웨어 > 잠옷
G마켓2.0,C015387,동물잠옷,C015388,3,언더웨어 > 잠옷 > 동물잠옷
G마켓2.0,C015389,상하세트잠옷,C015388,3,언더웨어 > 잠옷 > 상하세트잠옷
G마켓2.0,C015390,수면가운,C015388,3,언더웨어 > 잠옷 > 수면가운
G마켓2.0,C015391,원피스잠옷,C015388,3,언더웨어 > 잠옷 > 원피스잠옷
G마켓2.0,C015392,잠옷바지,C015388,3,언더웨어 > 잠옷 > 잠옷바지
G마켓2.0,C015393,커플잠옷,C015388,3,언더웨어 > 잠옷 > 커플잠옷
G마켓2.0,C015395,주니어 내의/잠옷,C015335,2,언더웨어 > 주니어 내의/잠옷
G마켓2.0,C015394,주니어 내의,C015395,3,언더웨어 > 주니어 내의/잠옷 > 주니어 내의
G마켓2.0,C015396,주니어 잠옷,C015395,3,언더웨어 > 주니어 내의/잠옷 > 주니어 잠옷
G마켓2.0,C015397,타이즈/레깅스,C015395,3,언더웨어 > 주니어 내의/잠옷 > 타이즈/레깅스
G마켓2.0,C015399,주니어 속옷,C015335,2,언더웨어 > 주니어 속옷
G마켓2.0,C015398,브라팬티세트,C015399,3,언더웨어 > 주니어 속옷 > 브라팬티세트
G마켓2.0,C015400,주니어 남아팬티,C015399,3,언더웨어 > 주니어 속옷 > 주니어 남아팬티
G마켓2.0,C015401,주니어 런닝,C015399,3,언더웨어 > 주니어 속옷 > 주니어 런닝
G마켓2.0,C015402,주니어 브라,C015399,3,언더웨어 > 주니어 속옷 > 주니어 브라
G마켓2.0,C015403,주니어 여아팬티,C015399,3,언더웨어 > 주니어 속옷 > 주니어 여아팬티
G마켓2.0,C015405,홈웨어/이지웨어,C015335,2,언더웨어 > 홈웨어/이지웨어
G마켓2.0,C015404,이지웨어 상의,C015405,3,언더웨어 > 홈웨어/이지웨어 > 이지웨어 상의
G마켓2.0,C015406,이지웨어 세트,C015405,3,언더웨어 > 홈웨어/이지웨어 > 이지웨어 세트
G마켓2.0,C015407,이지웨어 원피스,C015405,3,언더웨어 > 홈웨어/이지웨어 > 이지웨어 원피스
G마켓2.0,C015408,이지웨어 하의,C015405,3,언더웨어 > 홈웨어/이지웨어 > 이지웨어 하의
G마켓2.0,C015411,여성의류,ROOT,1,여성의류
G마켓2.0,C015410,가디건,C015411,2,여성의류 > 가디건
G마켓2.0,C015409,롱가디건,C015410,3,여성의류 > 가디건 > 롱가디건
G마켓2.0,C015412,루즈핏가디건,C015410,3,여성의류 > 가디건 > 루즈핏가디건
G마켓2.0,C015413,미니가디건,C015410,3,여성의류 > 가디건 > 미니가디건
G마켓2.0,C015415,교복,C015411,2,여성의류 > 교복
G마켓2.0,C015414,교복 상하세트,C015415,3,여성의류 > 교복 > 교복 상하세트
G마켓2.0,C015416,교복 하의,C015415,3,여성의류 > 교복 > 교복 하의
G마켓2.0,C015417,교복상의,C015415,3,여성의류 > 교복 > 교복상의
G마켓2.0,C015419,니트,C015411,2,여성의류 > 니트
G마켓2.0,C015418,라운드넥니트,C015419,3,여성의류 > 니트 > 라운드넥니트
G마켓2.0,C015420,브이넥니트,C015419,3,여성의류 > 니트 > 브이넥니트
G마켓2.0,C015421,폴라/반폴라니트,C015419,3,여성의류 > 니트 > 폴라/반폴라니트
G마켓2.0,C015423,마담의류,C015411,2,여성의류 > 마담의류
G마켓2.0,C015422,니트/가디건/앙상블,C015423,3,여성의류 > 마담의류 > 니트/가디건/앙상블
G마켓2.0,C015424,바지/청바지,C015423,3,여성의류 > 마담의류 > 바지/청바지
G마켓2.0,C015425,블라우스/셔츠,C015423,3,여성의류 > 마담의류 > 블라우스/셔츠
G마켓2.0,C015426,스커트,C015423,3,여성의류 > 마담의류 > 스커트
G마켓2.0,C015427,원피스,C015423,3,여성의류 > 마담의류 > 원피스
G마켓2.0,C015428,자켓/코트/패딩,C015423,3,여성의류 > 마담의류 > 자켓/코트/패딩
G마켓2.0,C015429,티셔츠,C015423,3,여성의류 > 마담의류 > 티셔츠
G마켓2.0,C015431,맨투맨/후드티,C015411,2,여성의류 > 맨투맨/후드티
G마켓2.0,C015430,맨투맨,C015431,3,여성의류 > 맨투맨/후드티 > 맨투맨
G마켓2.0,C015432,후드티/후드집업,C015431,3,여성의류 > 맨투맨/후드티 > 후드티/후드집업
G마켓2.0,C015434,바지/레깅스,C015411,2,여성의류 > 바지/레깅스
G마켓2.0,C015433,레깅스,C015434,3,여성의류 > 바지/레깅스 > 레깅스
G마켓2.0,C015435,면바지/밴딩팬츠,C015434,3,여성의류 > 바지/레깅스 > 면바지/밴딩팬츠
G마켓2.0,C015436,슬랙스,C015434,3,여성의류 > 바지/레깅스 > 슬랙스
G마켓2.0,C015438,반바지,C015411,2,여성의류 > 반바지
G마켓2.0,C015437,반바지/치마바지,C015438,3,여성의류 > 반바지 > 반바지/치마바지
G마켓2.0,C015439,청반바지,C015438,3,여성의류 > 반바지 > 청반바지
G마켓2.0,C015441,블라우스,C015411,2,여성의류 > 블라우스
G마켓2.0,C015440,레이스/프릴블라우스,C015441,3,여성의류 > 블라우스 > 레이스/프릴블라우스
G마켓2.0,C015442,쉬폰/프린트블라우스,C015441,3,여성의류 > 블라우스 > 쉬폰/프린트블라우스
G마켓2.0,C015444,셔츠,C015411,2,여성의류 > 셔츠
G마켓2.0,C015443,데님 셔츠,C015444,3,여성의류 > 셔츠 > 데님 셔츠
G마켓2.0,C015445,솔리드셔츠,C015444,3,여성의류 > 셔츠 > 솔리드셔츠
G마켓2.0,C015446,체크셔츠,C015444,3,여성의류 > 셔츠 > 체크셔츠
G마켓2.0,C015448,수영복/비치웨어,C015411,2,여성의류 > 수영복/비치웨어
G마켓2.0,C015447,비치웨어,C015448,3,여성의류 > 수영복/비치웨어 > 비치웨어
G마켓2.0,C015449,수영복,C015448,3,여성의류 > 수영복/비치웨어 > 수영복
G마켓2.0,C015451,스커트,C015411,2,여성의류 > 스커트
G마켓2.0,C015450,롱스커트,C015451,3,여성의류 > 스커트 > 롱스커트
G마켓2.0,C015452,미니스커트,C015451,3,여성의류 > 스커트 > 미니스커트
G마켓2.0,C015453,미디스커트,C015451,3,여성의류 > 스커트 > 미디스커트
G마켓2.0,C015455,원피스,C015411,2,여성의류 > 원피스
G마켓2.0,C015454,니트/모직원피스,C015455,3,여성의류 > 원피스 > 니트/모직원피스
G마켓2.0,C015456,면/마/린넨원피스,C015455,3,여성의류 > 원피스 > 면/마/린넨원피스
G마켓2.0,C015457,쉬폰/레이스원피스,C015455,3,여성의류 > 원피스 > 쉬폰/레이스원피스
G마켓2.0,C015458,청/데님원피스,C015455,3,여성의류 > 원피스 > 청/데님원피스
G마켓2.0,C015460,자켓/코트,C015411,2,여성의류 > 자켓/코트
G마켓2.0,C015459,가죽/퍼자켓,C015460,3,여성의류 > 자켓/코트 > 가죽/퍼자켓
G마켓2.0,C015461,자켓,C015460,3,여성의류 > 자켓/코트 > 자켓
G마켓2.0,C015462,코트,C015460,3,여성의류 > 자켓/코트 > 코트
G마켓2.0,C015463,트렌치코트,C015460,3,여성의류 > 자켓/코트 > 트렌치코트
G마켓2.0,C015465,점퍼/야상/패딩,C015411,2,여성의류 > 점퍼/야상/패딩
G마켓2.0,C015464,바람막이/야구점퍼,C015465,3,여성의류 > 점퍼/야상/패딩 > 바람막이/야구점퍼
G마켓2.0,C015466,사파리/야상점퍼,C015465,3,여성의류 > 점퍼/야상/패딩 > 사파리/야상점퍼
G마켓2.0,C015467,패딩/다운점퍼,C015465,3,여성의류 > 점퍼/야상/패딩 > 패딩/다운점퍼
G마켓2.0,C015469,정장,C015411,2,여성의류 > 정장
G마켓2.0,C015468,정장 바지,C015469,3,여성의류 > 정장 > 정장 바지
G마켓2.0,C015470,정장 블라우스,C015469,3,여성의류 > 정장 > 정장 블라우스
G마켓2.0,C015471,정장 세트,C015469,3,여성의류 > 정장 > 정장 세트
G마켓2.0,C015472,정장 원피스,C015469,3,여성의류 > 정장 > 정장 원피스
G마켓2.0,C015473,정장 자켓,C015469,3,여성의류 > 정장 > 정장 자켓
G마켓2.0,C015474,정장 치마,C015469,3,여성의류 > 정장 > 정장 치마
G마켓2.0,C015476,조끼,C015411,2,여성의류 > 조끼
G마켓2.0,C015475,캐주얼조끼,C015476,3,여성의류 > 조끼 > 캐주얼조끼
G마켓2.0,C015477,패딩조끼,C015476,3,여성의류 > 조끼 > 패딩조끼
G마켓2.0,C015479,청바지,C015411,2,여성의류 > 청바지
G마켓2.0,C015478,부츠컷/와이드핏,C015479,3,여성의류 > 청바지 > 부츠컷/와이드핏
G마켓2.0,C015480,스키니/슬림핏,C015479,3,여성의류 > 청바지 > 스키니/슬림핏
G마켓2.0,C015481,스트레이트핏,C015479,3,여성의류 > 청바지 > 스트레이트핏
G마켓2.0,C015483,클럽의상,C015411,2,여성의류 > 클럽의상
G마켓2.0,C015482,상의,C015483,3,여성의류 > 클럽의상 > 상의
G마켓2.0,C015484,섹시원피스,C015483,3,여성의류 > 클럽의상 > 섹시원피스
G마켓2.0,C015485,하의,C015483,3,여성의류 > 클럽의상 > 하의
G마켓2.0,C015487,테마의류,C015411,2,여성의류 > 테마의류
G마켓2.0,C015486,레인코트,C015487,3,여성의류 > 테마의류 > 레인코트
G마켓2.0,C015488,밸리/재즈/살사댄스복,C015487,3,여성의류 > 테마의류 > 밸리/재즈/살사댄스복
G마켓2.0,C015489,웨딩/파티드레스,C015487,3,여성의류 > 테마의류 > 웨딩/파티드레스
G마켓2.0,C015490,유니폼/가운,C015487,3,여성의류 > 테마의류 > 유니폼/가운
G마켓2.0,C015491,의류DIY/리폼부자제,C015487,3,여성의류 > 테마의류 > 의류DIY/리폼부자제
G마켓2.0,C015492,코스튬/이벤트복,C015487,3,여성의류 > 테마의류 > 코스튬/이벤트복
G마켓2.0,C015494,트레이닝복,C015411,2,여성의류 > 트레이닝복
G마켓2.0,C015493,트레이닝 하의,C015494,3,여성의류 > 트레이닝복 > 트레이닝 하의
G마켓2.0,C015495,트레이닝상의,C015494,3,여성의류 > 트레이닝복 > 트레이닝상의
G마켓2.0,C015496,트레이닝상하세트,C015494,3,여성의류 > 트레이닝복 > 트레이닝상하세트
G마켓2.0,C015498,티셔츠,C015411,2,여성의류 > 티셔츠
G마켓2.0,C015497,라운드넥티셔츠,C015498,3,여성의류 > 티셔츠 > 라운드넥티셔츠
G마켓2.0,C015499,민소매티셔츠,C015498,3,여성의류 > 티셔츠 > 민소매티셔츠
G마켓2.0,C015500,브이넥티셔츠,C015498,3,여성의류 > 티셔츠 > 브이넥티셔츠
G마켓2.0,C015501,폴라티셔츠,C015498,3,여성의류 > 티셔츠 > 폴라티셔츠
G마켓2.0,C015503,한복,C015411,2,여성의류 > 한복
G마켓2.0,C015502,전통한복,C015503,3,여성의류 > 한복 > 전통한복
G마켓2.0,C015504,패션/캐주얼한복,C015503,3,여성의류 > 한복 > 패션/캐주얼한복
G마켓2.0,C015505,한복소품,C015503,3,여성의류 > 한복 > 한복소품
G마켓2.0,C015508,영상가전,ROOT,1,영상가전
G마켓2.0,C015507,TV,C015508,2,영상가전 > TV
G마켓2.0,C015506,TV,C015507,3,영상가전 > TV > TV
G마켓2.0,C015509,해외직구TV,C015507,3,영상가전 > TV > 해외직구TV
G마켓2.0,C015511,TV용품,C015508,2,영상가전 > TV용품
G마켓2.0,C015510,3D안경,C015511,3,영상가전 > TV용품 > 3D안경
G마켓2.0,C015512,TV리모컨,C015511,3,영상가전 > TV용품 > TV리모컨
G마켓2.0,C015513,TV브래킷,C015511,3,영상가전 > TV용품 > TV브래킷
G마켓2.0,C015514,TV스탠드,C015511,3,영상가전 > TV용품 > TV스탠드
G마켓2.0,C015515,TV안테나,C015511,3,영상가전 > TV용품 > TV안테나
G마켓2.0,C015516,기타TV용품,C015511,3,영상가전 > TV용품 > 기타TV용품
G마켓2.0,C015518,디지털액자,C015508,2,영상가전 > 디지털액자
G마켓2.0,C015517,디지털액자,C015518,3,영상가전 > 디지털액자 > 디지털액자
G마켓2.0,C015520,영상플레이어,C015508,2,영상가전 > 영상플레이어
G마켓2.0,C015519,Divx플레이어,C015520,3,영상가전 > 영상플레이어 > Divx플레이어
G마켓2.0,C015521,DVD플레이어,C015520,3,영상가전 > 영상플레이어 > DVD플레이어
G마켓2.0,C015522,VTR,C015520,3,영상가전 > 영상플레이어 > VTR
G마켓2.0,C015523,블루레이플레이어,C015520,3,영상가전 > 영상플레이어 > 블루레이플레이어
G마켓2.0,C015524,셋톱박스,C015520,3,영상가전 > 영상플레이어 > 셋톱박스
G마켓2.0,C015525,영상플레이어용품,C015520,3,영상가전 > 영상플레이어 > 영상플레이어용품
G마켓2.0,C015527,프로젝터/스크린,C015508,2,영상가전 > 프로젝터/스크린
G마켓2.0,C015526,스크린,C015527,3,영상가전 > 프로젝터/스크린 > 스크린
G마켓2.0,C015528,프로젝터,C015527,3,영상가전 > 프로젝터/스크린 > 프로젝터
G마켓2.0,C015530,프로젝터용품,C015508,2,영상가전 > 프로젝터용품
G마켓2.0,C015529,기타프로젝터용품,C015530,3,영상가전 > 프로젝터용품 > 기타프로젝터용품
G마켓2.0,C015531,프로젝터램프,C015530,3,영상가전 > 프로젝터용품 > 프로젝터램프
G마켓2.0,C015532,프로젝터브래킷/마운트,C015530,3,영상가전 > 프로젝터용품 > 프로젝터브래킷/마운트
G마켓2.0,C015533,프로젝터삼각대,C015530,3,영상가전 > 프로젝터용품 > 프로젝터삼각대
G마켓2.0,C015536,유아동신발/잡화,ROOT,1,유아동신발/잡화
G마켓2.0,C015535,유아동가방,C015536,2,유아동신발/잡화 > 유아동가방
G마켓2.0,C015534,기타유아동가방,C015535,3,유아동신발/잡화 > 유아동가방 > 기타유아동가방
G마켓2.0,C015537,미아방지가방,C015535,3,유아동신발/잡화 > 유아동가방 > 미아방지가방
G마켓2.0,C015538,신발주머니/보조가방,C015535,3,유아동신발/잡화 > 유아동가방 > 신발주머니/보조가방
G마켓2.0,C015539,유아동백팩,C015535,3,유아동신발/잡화 > 유아동가방 > 유아동백팩
G마켓2.0,C015540,유아동숄더백,C015535,3,유아동신발/잡화 > 유아동가방 > 유아동숄더백
G마켓2.0,C015541,유아동캐리어백,C015535,3,유아동신발/잡화 > 유아동가방 > 유아동캐리어백
G마켓2.0,C015542,유아동크로스백,C015535,3,유아동신발/잡화 > 유아동가방 > 유아동크로스백
G마켓2.0,C015543,유아동토트백/파우치,C015535,3,유아동신발/잡화 > 유아동가방 > 유아동토트백/파우치
G마켓2.0,C015545,유아동신발,C015536,2,유아동신발/잡화 > 유아동신발
G마켓2.0,C015544,기타유아동신발,C015545,3,유아동신발/잡화 > 유아동신발 > 기타유아동신발
G마켓2.0,C015546,남아구두,C015545,3,유아동신발/잡화 > 유아동신발 > 남아구두
G마켓2.0,C015547,남아샌들,C015545,3,유아동신발/잡화 > 유아동신발 > 남아샌들
G마켓2.0,C015548,로퍼,C015545,3,유아동신발/잡화 > 유아동신발 > 로퍼
G마켓2.0,C015549,보행기신발,C015545,3,유아동신발/잡화 > 유아동신발 > 보행기신발
G마켓2.0,C015550,부츠/털신,C015545,3,유아동신발/잡화 > 유아동신발 > 부츠/털신
G마켓2.0,C015551,슬리퍼,C015545,3,유아동신발/잡화 > 유아동신발 > 슬리퍼
G마켓2.0,C015552,슬립온,C015545,3,유아동신발/잡화 > 유아동신발 > 슬립온
G마켓2.0,C015553,실내화,C015545,3,유아동신발/잡화 > 유아동신발 > 실내화
G마켓2.0,C015554,아쿠아슈즈,C015545,3,유아동신발/잡화 > 유아동신발 > 아쿠아슈즈
G마켓2.0,C015555,여아구두,C015545,3,유아동신발/잡화 > 유아동신발 > 여아구두
G마켓2.0,C015556,여아샌들,C015545,3,유아동신발/잡화 > 유아동신발 > 여아샌들
G마켓2.0,C015557,운동화,C015545,3,유아동신발/잡화 > 유아동신발 > 운동화
G마켓2.0,C015558,장화,C015545,3,유아동신발/잡화 > 유아동신발 > 장화
G마켓2.0,C015559,젤리슈즈,C015545,3,유아동신발/잡화 > 유아동신발 > 젤리슈즈
G마켓2.0,C015560,캔버스/스니커즈,C015545,3,유아동신발/잡화 > 유아동신발 > 캔버스/스니커즈
G마켓2.0,C015562,유아동잡화,C015536,2,유아동신발/잡화 > 유아동잡화
G마켓2.0,C015561,[중지]유아동스타킹/타이즈,C015562,3,유아동신발/잡화 > 유아동잡화 > [중지]유아동스타킹/타이즈
G마켓2.0,C015563,기타유아동잡화,C015562,3,유아동신발/잡화 > 유아동잡화 > 기타유아동잡화
G마켓2.0,C015564,유아동귀마개/마스크,C015562,3,유아동신발/잡화 > 유아동잡화 > 유아동귀마개/마스크
G마켓2.0,C015565,유아동모자,C015562,3,유아동신발/잡화 > 유아동잡화 > 유아동모자
G마켓2.0,C015566,유아동목도리,C015562,3,유아동신발/잡화 > 유아동잡화 > 유아동목도리
G마켓2.0,C015567,유아동벨트/멜빵,C015562,3,유아동신발/잡화 > 유아동잡화 > 유아동벨트/멜빵
G마켓2.0,C015568,유아동선글라스,C015562,3,유아동신발/잡화 > 유아동잡화 > 유아동선글라스
G마켓2.0,C015569,유아동스카프,C015562,3,유아동신발/잡화 > 유아동잡화 > 유아동스카프
G마켓2.0,C015570,유아동스타킹/타이즈,C015562,3,유아동신발/잡화 > 유아동잡화 > 유아동스타킹/타이즈
G마켓2.0,C015571,유아동시계,C015562,3,유아동신발/잡화 > 유아동잡화 > 유아동시계
G마켓2.0,C015572,유아동앞치마/토시,C015562,3,유아동신발/잡화 > 유아동잡화 > 유아동앞치마/토시
G마켓2.0,C015573,유아동양말,C015562,3,유아동신발/잡화 > 유아동잡화 > 유아동양말
G마켓2.0,C015574,유아동우산,C015562,3,유아동신발/잡화 > 유아동잡화 > 유아동우산
G마켓2.0,C015575,유아동우의/레인코트,C015562,3,유아동신발/잡화 > 유아동잡화 > 유아동우의/레인코트
G마켓2.0,C015576,유아동장갑,C015562,3,유아동신발/잡화 > 유아동잡화 > 유아동장갑
G마켓2.0,C015577,유아동쥬얼리,C015562,3,유아동신발/잡화 > 유아동잡화 > 유아동쥬얼리
G마켓2.0,C015578,유아동지갑,C015562,3,유아동신발/잡화 > 유아동잡화 > 유아동지갑
G마켓2.0,C015579,유아동헤어용품,C015562,3,유아동신발/잡화 > 유아동잡화 > 유아동헤어용품
G마켓2.0,C015581,유아동의류,ROOT,1,유아동의류
G마켓2.0,C015580,[중지]아동신발,C015581,2,유아동의류 > [중지]아동신발
G마켓2.0,C015582,[중지]재킷,C015581,2,유아동의류 > [중지]재킷
G마켓2.0,C015584,남아의류,C015581,2,유아동의류 > 남아의류
G마켓2.0,C015583,남아가디건,C015584,3,유아동의류 > 남아의류 > 남아가디건
G마켓2.0,C015585,남아남방/셔츠,C015584,3,유아동의류 > 남아의류 > 남아남방/셔츠
G마켓2.0,C015586,남아니트/스웨터,C015584,3,유아동의류 > 남아의류 > 남아니트/스웨터
G마켓2.0,C015587,남아맨투맨티,C015584,3,유아동의류 > 남아의류 > 남아맨투맨티
G마켓2.0,C015588,남아바지,C015584,3,유아동의류 > 남아의류 > 남아바지
G마켓2.0,C015589,남아상하복,C015584,3,유아동의류 > 남아의류 > 남아상하복
G마켓2.0,C015590,남아자켓,C015584,3,유아동의류 > 남아의류 > 남아자켓
G마켓2.0,C015591,남아점퍼,C015584,3,유아동의류 > 남아의류 > 남아점퍼
G마켓2.0,C015592,남아정장,C015584,3,유아동의류 > 남아의류 > 남아정장
G마켓2.0,C015593,남아코트,C015584,3,유아동의류 > 남아의류 > 남아코트
G마켓2.0,C015594,남아트레이닝복,C015584,3,유아동의류 > 남아의류 > 남아트레이닝복
G마켓2.0,C015595,남아티셔츠,C015584,3,유아동의류 > 남아의류 > 남아티셔츠
G마켓2.0,C015597,신생아의류,C015581,2,유아동의류 > 신생아의류
G마켓2.0,C015596,가제손수건,C015597,3,유아동의류 > 신생아의류 > 가제손수건
G마켓2.0,C015598,겉싸개,C015597,3,유아동의류 > 신생아의류 > 겉싸개
G마켓2.0,C015599,기타신생아의류,C015597,3,유아동의류 > 신생아의류 > 기타신생아의류
G마켓2.0,C015600,배냇저고리,C015597,3,유아동의류 > 신생아의류 > 배냇저고리
G마켓2.0,C015601,보낭/슬리핑백,C015597,3,유아동의류 > 신생아의류 > 보낭/슬리핑백
G마켓2.0,C015602,속싸개,C015597,3,유아동의류 > 신생아의류 > 속싸개
G마켓2.0,C015603,손싸개/발싸개,C015597,3,유아동의류 > 신생아의류 > 손싸개/발싸개
G마켓2.0,C015604,신생아내의,C015597,3,유아동의류 > 신생아의류 > 신생아내의
G마켓2.0,C015605,신생아레깅스/스패츠,C015597,3,유아동의류 > 신생아의류 > 신생아레깅스/스패츠
G마켓2.0,C015606,신생아모자/보넷,C015597,3,유아동의류 > 신생아의류 > 신생아모자/보넷
G마켓2.0,C015607,신생아바지,C015597,3,유아동의류 > 신생아의류 > 신생아바지
G마켓2.0,C015608,신생아상하복,C015597,3,유아동의류 > 신생아의류 > 신생아상하복
G마켓2.0,C015609,신생아선물세트,C015597,3,유아동의류 > 신생아의류 > 신생아선물세트
G마켓2.0,C015610,신생아외투,C015597,3,유아동의류 > 신생아의류 > 신생아외투
G마켓2.0,C015611,신생아정장/드레스,C015597,3,유아동의류 > 신생아의류 > 신생아정장/드레스
G마켓2.0,C015612,신생아티셔츠,C015597,3,유아동의류 > 신생아의류 > 신생아티셔츠
G마켓2.0,C015613,우주복/바디슈트,C015597,3,유아동의류 > 신생아의류 > 우주복/바디슈트
G마켓2.0,C015615,여아의류,C015581,2,유아동의류 > 여아의류
G마켓2.0,C015614,여아가디건,C015615,3,유아동의류 > 여아의류 > 여아가디건
G마켓2.0,C015616,여아니트/스웨터,C015615,3,유아동의류 > 여아의류 > 여아니트/스웨터
G마켓2.0,C015617,여아드레스,C015615,3,유아동의류 > 여아의류 > 여아드레스
G마켓2.0,C015618,여아레깅스,C015615,3,유아동의류 > 여아의류 > 여아레깅스
G마켓2.0,C015619,여아맨투맨티,C015615,3,유아동의류 > 여아의류 > 여아맨투맨티
G마켓2.0,C015620,여아바지,C015615,3,유아동의류 > 여아의류 > 여아바지
G마켓2.0,C015621,여아블라우스,C015615,3,유아동의류 > 여아의류 > 여아블라우스
G마켓2.0,C015622,여아상하복,C015615,3,유아동의류 > 여아의류 > 여아상하복
G마켓2.0,C015623,여아스커트,C015615,3,유아동의류 > 여아의류 > 여아스커트
G마켓2.0,C015624,여아원피스,C015615,3,유아동의류 > 여아의류 > 여아원피스
G마켓2.0,C015625,여아자켓,C015615,3,유아동의류 > 여아의류 > 여아자켓
G마켓2.0,C015626,여아점퍼,C015615,3,유아동의류 > 여아의류 > 여아점퍼
G마켓2.0,C015627,여아정장,C015615,3,유아동의류 > 여아의류 > 여아정장
G마켓2.0,C015628,여아코트,C015615,3,유아동의류 > 여아의류 > 여아코트
G마켓2.0,C015629,여아트레이닝복,C015615,3,유아동의류 > 여아의류 > 여아트레이닝복
G마켓2.0,C015630,여아티셔츠,C015615,3,유아동의류 > 여아의류 > 여아티셔츠
G마켓2.0,C015632,유아동공용의류,C015581,2,유아동의류 > 유아동공용의류
G마켓2.0,C015631,유아동가디건,C015632,3,유아동의류 > 유아동공용의류 > 유아동가디건
G마켓2.0,C015633,유아동남방/셔츠,C015632,3,유아동의류 > 유아동공용의류 > 유아동남방/셔츠
G마켓2.0,C015634,유아동니트/스웨터,C015632,3,유아동의류 > 유아동공용의류 > 유아동니트/스웨터
G마켓2.0,C015635,유아동맨투맨티,C015632,3,유아동의류 > 유아동공용의류 > 유아동맨투맨티
G마켓2.0,C015636,유아동바지,C015632,3,유아동의류 > 유아동공용의류 > 유아동바지
G마켓2.0,C015637,유아동상하복세트,C015632,3,유아동의류 > 유아동공용의류 > 유아동상하복세트
G마켓2.0,C015638,유아동자켓,C015632,3,유아동의류 > 유아동공용의류 > 유아동자켓
G마켓2.0,C015639,유아동점퍼,C015632,3,유아동의류 > 유아동공용의류 > 유아동점퍼
G마켓2.0,C015640,유아동코트,C015632,3,유아동의류 > 유아동공용의류 > 유아동코트
G마켓2.0,C015641,유아동트레이닝복,C015632,3,유아동의류 > 유아동공용의류 > 유아동트레이닝복
G마켓2.0,C015642,유아동티셔츠,C015632,3,유아동의류 > 유아동공용의류 > 유아동티셔츠
G마켓2.0,C015644,유아동내의/잠옷,C015581,2,유아동의류 > 유아동내의/잠옷
G마켓2.0,C015643,배변훈련팬티,C015644,3,유아동의류 > 유아동내의/잠옷 > 배변훈련팬티
G마켓2.0,C015645,수면조끼,C015644,3,유아동의류 > 유아동내의/잠옷 > 수면조끼
G마켓2.0,C015646,유아동내의,C015644,3,유아동의류 > 유아동내의/잠옷 > 유아동내의
G마켓2.0,C015647,유아동런닝,C015644,3,유아동의류 > 유아동내의/잠옷 > 유아동런닝
G마켓2.0,C015648,유아동런닝팬티세트,C015644,3,유아동의류 > 유아동내의/잠옷 > 유아동런닝팬티세트
G마켓2.0,C015649,유아동실내복/잠옷,C015644,3,유아동의류 > 유아동내의/잠옷 > 유아동실내복/잠옷
G마켓2.0,C015650,유아동팬티,C015644,3,유아동의류 > 유아동내의/잠옷 > 유아동팬티
G마켓2.0,C015652,유아동스포츠의류,C015581,2,유아동의류 > 유아동스포츠의류
G마켓2.0,C015651,기타유아동스포츠의류,C015652,3,유아동의류 > 유아동스포츠의류 > 기타유아동스포츠의류
G마켓2.0,C015653,남아수영복,C015652,3,유아동의류 > 유아동스포츠의류 > 남아수영복
G마켓2.0,C015654,여아수영복,C015652,3,유아동의류 > 유아동스포츠의류 > 여아수영복
G마켓2.0,C015655,유아동도복,C015652,3,유아동의류 > 유아동스포츠의류 > 유아동도복
G마켓2.0,C015656,유아동발레복/댄스복,C015652,3,유아동의류 > 유아동스포츠의류 > 유아동발레복/댄스복
G마켓2.0,C015657,유아동수모/수경,C015652,3,유아동의류 > 유아동스포츠의류 > 유아동수모/수경
G마켓2.0,C015658,유아동수영가방,C015652,3,유아동의류 > 유아동스포츠의류 > 유아동수영가방
G마켓2.0,C015659,유아동수영타월,C015652,3,유아동의류 > 유아동스포츠의류 > 유아동수영타월
G마켓2.0,C015660,유아동스키/보드복,C015652,3,유아동의류 > 유아동스포츠의류 > 유아동스키/보드복
G마켓2.0,C015662,유아동테마의류,C015581,2,유아동의류 > 유아동테마의류
G마켓2.0,C015661,기타유아동테마의류,C015662,3,유아동의류 > 유아동테마의류 > 기타유아동테마의류
G마켓2.0,C015663,남아한복,C015662,3,유아동의류 > 유아동테마의류 > 남아한복
G마켓2.0,C015664,돌한복,C015662,3,유아동의류 > 유아동테마의류 > 돌한복
G마켓2.0,C015665,여아한복,C015662,3,유아동의류 > 유아동테마의류 > 여아한복
G마켓2.0,C015666,유아동원복/단체복,C015662,3,유아동의류 > 유아동테마의류 > 유아동원복/단체복
G마켓2.0,C015667,유아동코스튬의상,C015662,3,유아동의류 > 유아동테마의류 > 유아동코스튬의상
G마켓2.0,C015668,유아동한복소품,C015662,3,유아동의류 > 유아동테마의류 > 유아동한복소품
G마켓2.0,C015669,패밀리룩,C015662,3,유아동의류 > 유아동테마의류 > 패밀리룩
G마켓2.0,C015672,음향기기,ROOT,1,음향기기
G마켓2.0,C015671,노래방기기,C015672,2,음향기기 > 노래방기기
G마켓2.0,C015670,기타노래방기기,C015671,3,음향기기 > 노래방기기 > 기타노래방기기
G마켓2.0,C015673,노래반주기,C015671,3,음향기기 > 노래방기기 > 노래반주기
G마켓2.0,C015674,노래방리모콘,C015671,3,음향기기 > 노래방기기 > 노래방리모콘
G마켓2.0,C015675,노래방조명/미러볼,C015671,3,음향기기 > 노래방기기 > 노래방조명/미러볼
G마켓2.0,C015676,노래방책,C015671,3,음향기기 > 노래방기기 > 노래방책
G마켓2.0,C015678,리시버/앰프/튜너,C015672,2,음향기기 > 리시버/앰프/튜너
G마켓2.0,C015677,AV리시버,C015678,3,음향기기 > 리시버/앰프/튜너 > AV리시버
G마켓2.0,C015679,AV셀렉터,C015678,3,음향기기 > 리시버/앰프/튜너 > AV셀렉터
G마켓2.0,C015680,블루투스리시버,C015678,3,음향기기 > 리시버/앰프/튜너 > 블루투스리시버
G마켓2.0,C015681,앰프,C015678,3,음향기기 > 리시버/앰프/튜너 > 앰프
G마켓2.0,C015682,튜너,C015678,3,음향기기 > 리시버/앰프/튜너 > 튜너
G마켓2.0,C015684,마이크,C015672,2,음향기기 > 마이크
G마켓2.0,C015683,마이크,C015684,3,음향기기 > 마이크 > 마이크
G마켓2.0,C015685,마이크스탠드,C015684,3,음향기기 > 마이크 > 마이크스탠드
G마켓2.0,C015686,마이크용품,C015684,3,음향기기 > 마이크 > 마이크용품
G마켓2.0,C015687,마이크케이블,C015684,3,음향기기 > 마이크 > 마이크케이블
G마켓2.0,C015688,확성기/메가폰,C015684,3,음향기기 > 마이크 > 확성기/메가폰
G마켓2.0,C015690,상업/특수음향,C015672,2,음향기기 > 상업/특수음향
G마켓2.0,C015689,무대/매장/방송장비,C015690,3,음향기기 > 상업/특수음향 > 무대/매장/방송장비
G마켓2.0,C015691,호출기/호출벨,C015690,3,음향기기 > 상업/특수음향 > 호출기/호출벨
G마켓2.0,C015693,스피커/사운드바,C015672,2,음향기기 > 스피커/사운드바
G마켓2.0,C015692,사운드바,C015693,3,음향기기 > 스피커/사운드바 > 사운드바
G마켓2.0,C015694,스피커,C015693,3,음향기기 > 스피커/사운드바 > 스피커
G마켓2.0,C015696,스피커용품,C015672,2,음향기기 > 스피커용품
G마켓2.0,C015695,기타스피커용품,C015696,3,음향기기 > 스피커용품 > 기타스피커용품
G마켓2.0,C015697,방음/방진재,C015696,3,음향기기 > 스피커용품 > 방음/방진재
G마켓2.0,C015698,스피커브래킷,C015696,3,음향기기 > 스피커용품 > 스피커브래킷
G마켓2.0,C015699,스피커스탠드,C015696,3,음향기기 > 스피커용품 > 스피커스탠드
G마켓2.0,C015701,오디오/라디오,C015672,2,음향기기 > 오디오/라디오
G마켓2.0,C015700,라디오,C015701,3,음향기기 > 오디오/라디오 > 라디오
G마켓2.0,C015702,오디오,C015701,3,음향기기 > 오디오/라디오 > 오디오
G마켓2.0,C015704,음향재생기기,C015672,2,음향기기 > 음향재생기기
G마켓2.0,C015703,CD카세트플레이어,C015704,3,음향기기 > 음향재생기기 > CD카세트플레이어
G마켓2.0,C015705,CD플레이어,C015704,3,음향기기 > 음향재생기기 > CD플레이어
G마켓2.0,C015706,MP3플레이어,C015704,3,음향기기 > 음향재생기기 > MP3플레이어
G마켓2.0,C015707,기타음향재생기기,C015704,3,음향기기 > 음향재생기기 > 기타음향재생기기
G마켓2.0,C015708,턴테이블,C015704,3,음향기기 > 음향재생기기 > 턴테이블
G마켓2.0,C015710,이어폰/헤드폰,C015672,2,음향기기 > 이어폰/헤드폰
G마켓2.0,C015709,블루투스이어폰,C015710,3,음향기기 > 이어폰/헤드폰 > 블루투스이어폰
G마켓2.0,C015711,블루투스헤드폰,C015710,3,음향기기 > 이어폰/헤드폰 > 블루투스헤드폰
G마켓2.0,C015712,일반이어폰,C015710,3,음향기기 > 이어폰/헤드폰 > 일반이어폰
G마켓2.0,C015713,일반헤드폰,C015710,3,음향기기 > 이어폰/헤드폰 > 일반헤드폰
G마켓2.0,C015715,이어폰/헤드폰용품,C015672,2,음향기기 > 이어폰/헤드폰용품
G마켓2.0,C015714,기타이어폰/헤드폰용품,C015715,3,음향기기 > 이어폰/헤드폰용품 > 기타이어폰/헤드폰용품
G마켓2.0,C015716,이어폰/헤드폰케이스,C015715,3,음향기기 > 이어폰/헤드폰용품 > 이어폰/헤드폰케이스
G마켓2.0,C015717,이어폰선정리기,C015715,3,음향기기 > 이어폰/헤드폰용품 > 이어폰선정리기
G마켓2.0,C015718,폼팁/이어폰캡,C015715,3,음향기기 > 이어폰/헤드폰용품 > 폼팁/이어폰캡
G마켓2.0,C015719,헤드폰스탠드,C015715,3,음향기기 > 이어폰/헤드폰용품 > 헤드폰스탠드
G마켓2.0,C015720,헤드폰패드,C015715,3,음향기기 > 이어폰/헤드폰용품 > 헤드폰패드
G마켓2.0,C015722,홈시어터,C015672,2,음향기기 > 홈시어터
G마켓2.0,C015721,홈시어터,C015722,3,음향기기 > 홈시어터 > 홈시어터
G마켓2.0,C015725,자동차용품,ROOT,1,자동차용품
G마켓2.0,C015724,공동구매,C015725,2,자동차용품 > 공동구매
G마켓2.0,C015723,동호회,C015724,3,자동차용품 > 공동구매 > 동호회
G마켓2.0,C015727,내비게이션/블랙박스,C015725,2,자동차용품 > 내비게이션/블랙박스
G마켓2.0,C015726,HUD,C015727,3,자동차용품 > 내비게이션/블랙박스 > HUD
G마켓2.0,C015728,내비게이션,C015727,3,자동차용품 > 내비게이션/블랙박스 > 내비게이션
G마켓2.0,C015729,내비게이션용품,C015727,3,자동차용품 > 내비게이션/블랙박스 > 내비게이션용품
G마켓2.0,C015730,블랙박스,C015727,3,자동차용품 > 내비게이션/블랙박스 > 블랙박스
G마켓2.0,C015731,블랙박스용품,C015727,3,자동차용품 > 내비게이션/블랙박스 > 블랙박스용품
G마켓2.0,C015733,모터바이크,C015725,2,자동차용품 > 모터바이크
G마켓2.0,C015732,ATV/사륜,C015733,3,자동차용품 > 모터바이크 > ATV/사륜
G마켓2.0,C015734,기타모터바이크,C015733,3,자동차용품 > 모터바이크 > 기타모터바이크
G마켓2.0,C015735,스쿠터,C015733,3,자동차용품 > 모터바이크 > 스쿠터
G마켓2.0,C015736,오토바이,C015733,3,자동차용품 > 모터바이크 > 오토바이
G마켓2.0,C015738,모터바이크용품,C015725,2,자동차용품 > 모터바이크용품
G마켓2.0,C015737,기타모터바이크용품,C015738,3,자동차용품 > 모터바이크용품 > 기타모터바이크용품
G마켓2.0,C015739,리어백,C015738,3,자동차용품 > 모터바이크용품 > 리어백
G마켓2.0,C015740,오토바이램프,C015738,3,자동차용품 > 모터바이크용품 > 오토바이램프
G마켓2.0,C015741,오토바이방한용품,C015738,3,자동차용품 > 모터바이크용품 > 오토바이방한용품
G마켓2.0,C015742,오토바이배터리,C015738,3,자동차용품 > 모터바이크용품 > 오토바이배터리
G마켓2.0,C015743,오토바이보호대,C015738,3,자동차용품 > 모터바이크용품 > 오토바이보호대
G마켓2.0,C015744,오토바이엔진오일,C015738,3,자동차용품 > 모터바이크용품 > 오토바이엔진오일
G마켓2.0,C015745,오토바이장갑,C015738,3,자동차용품 > 모터바이크용품 > 오토바이장갑
G마켓2.0,C015746,오토바이커버,C015738,3,자동차용품 > 모터바이크용품 > 오토바이커버
G마켓2.0,C015747,오토바이타이어,C015738,3,자동차용품 > 모터바이크용품 > 오토바이타이어
G마켓2.0,C015748,오토바이튜닝용품,C015738,3,자동차용품 > 모터바이크용품 > 오토바이튜닝용품
G마켓2.0,C015749,오토바이헬멧,C015738,3,자동차용품 > 모터바이크용품 > 오토바이헬멧
G마켓2.0,C015751,모터바이크의류,C015725,2,자동차용품 > 모터바이크의류
G마켓2.0,C015750,바이크부츠,C015751,3,자동차용품 > 모터바이크의류 > 바이크부츠
G마켓2.0,C015752,바이크슈트세트,C015751,3,자동차용품 > 모터바이크의류 > 바이크슈트세트
G마켓2.0,C015753,바이크자켓/점퍼,C015751,3,자동차용품 > 모터바이크의류 > 바이크자켓/점퍼
G마켓2.0,C015754,바이크팬츠,C015751,3,자동차용품 > 모터바이크의류 > 바이크팬츠
G마켓2.0,C015756,세차용품,C015725,2,자동차용품 > 세차용품
G마켓2.0,C015755,기타세차용품,C015756,3,자동차용품 > 세차용품 > 기타세차용품
G마켓2.0,C015757,김서림방지제,C015756,3,자동차용품 > 세차용품 > 김서림방지제
G마켓2.0,C015758,성에제거기,C015756,3,자동차용품 > 세차용품 > 성에제거기
G마켓2.0,C015759,세차용품세트,C015756,3,자동차용품 > 세차용품 > 세차용품세트
G마켓2.0,C015760,세차타월/장갑,C015756,3,자동차용품 > 세차용품 > 세차타월/장갑
G마켓2.0,C015761,스티커/녹제거제,C015756,3,자동차용품 > 세차용품 > 스티커/녹제거제
G마켓2.0,C015762,유리세정/발수코팅제,C015756,3,자동차용품 > 세차용품 > 유리세정/발수코팅제
G마켓2.0,C015763,자동차광택기,C015756,3,자동차용품 > 세차용품 > 자동차광택기
G마켓2.0,C015764,자동차먼지떨이개,C015756,3,자동차용품 > 세차용품 > 자동차먼지떨이개
G마켓2.0,C015765,자동차왁스/광택제,C015756,3,자동차용품 > 세차용품 > 자동차왁스/광택제
G마켓2.0,C015766,자동차청소기,C015756,3,자동차용품 > 세차용품 > 자동차청소기
G마켓2.0,C015767,자동차커버,C015756,3,자동차용품 > 세차용품 > 자동차커버
G마켓2.0,C015768,차량용컴파운드,C015756,3,자동차용품 > 세차용품 > 차량용컴파운드
G마켓2.0,C015769,카샴푸,C015756,3,자동차용품 > 세차용품 > 카샴푸
G마켓2.0,C015770,타이어/휠세정제,C015756,3,자동차용품 > 세차용품 > 타이어/휠세정제
G마켓2.0,C015772,자동차DIY용품,C015725,2,자동차용품 > 자동차DIY용품
G마켓2.0,C015771,기타자동차DIY용품,C015772,3,자동차용품 > 자동차DIY용품 > 기타자동차DIY용품
G마켓2.0,C015773,썬팅필름,C015772,3,자동차용품 > 자동차DIY용품 > 썬팅필름
G마켓2.0,C015774,자동차방음/방진재,C015772,3,자동차용품 > 자동차DIY용품 > 자동차방음/방진재
G마켓2.0,C015775,자동차시트지,C015772,3,자동차용품 > 자동차DIY용품 > 자동차시트지
G마켓2.0,C015776,자동차인테리어몰딩,C015772,3,자동차용품 > 자동차DIY용품 > 자동차인테리어몰딩
G마켓2.0,C015777,자동차페인트,C015772,3,자동차용품 > 자동차DIY용품 > 자동차페인트
G마켓2.0,C015779,자동차공기청정용품,C015725,2,자동차용품 > 자동차공기청정용품
G마켓2.0,C015778,자동차가습기,C015779,3,자동차용품 > 자동차공기청정용품 > 자동차가습기
G마켓2.0,C015780,자동차공기청정기,C015779,3,자동차용품 > 자동차공기청정용품 > 자동차공기청정기
G마켓2.0,C015781,자동차디퓨저,C015779,3,자동차용품 > 자동차공기청정용품 > 자동차디퓨저
G마켓2.0,C015782,자동차방향제,C015779,3,자동차용품 > 자동차공기청정용품 > 자동차방향제
G마켓2.0,C015783,자동차탈취제,C015779,3,자동차용품 > 자동차공기청정용품 > 자동차탈취제
G마켓2.0,C015785,자동차관리용품,C015725,2,자동차용품 > 자동차관리용품
G마켓2.0,C015784,기타자동차관리용품,C015785,3,자동차용품 > 자동차관리용품 > 기타자동차관리용품
G마켓2.0,C015786,자동차공구,C015785,3,자동차용품 > 자동차관리용품 > 자동차공구
G마켓2.0,C015788,자동차램프,C015725,2,자동차용품 > 자동차램프
G마켓2.0,C015787,계기판램프,C015788,3,자동차용품 > 자동차램프 > 계기판램프
G마켓2.0,C015789,미등,C015788,3,자동차용품 > 자동차램프 > 미등
G마켓2.0,C015790,방향지시등,C015788,3,자동차용품 > 자동차램프 > 방향지시등
G마켓2.0,C015791,실내등,C015788,3,자동차용품 > 자동차램프 > 실내등
G마켓2.0,C015792,안개등,C015788,3,자동차용품 > 자동차램프 > 안개등
G마켓2.0,C015793,자동차램프용품,C015788,3,자동차용품 > 자동차램프 > 자동차램프용품
G마켓2.0,C015794,자동차서치라이트,C015788,3,자동차용품 > 자동차램프 > 자동차서치라이트
G마켓2.0,C015795,전조등,C015788,3,자동차용품 > 자동차램프 > 전조등
G마켓2.0,C015796,후미등,C015788,3,자동차용품 > 자동차램프 > 후미등
G마켓2.0,C015798,자동차매트/시트/쿠션,C015725,2,자동차용품 > 자동차매트/시트/쿠션
G마켓2.0,C015797,자동차놀이방매트,C015798,3,자동차용품 > 자동차매트/시트/쿠션 > 자동차놀이방매트
G마켓2.0,C015799,자동차바닥매트,C015798,3,자동차용품 > 자동차매트/시트/쿠션 > 자동차바닥매트
G마켓2.0,C015800,자동차방석,C015798,3,자동차용품 > 자동차매트/시트/쿠션 > 자동차방석
G마켓2.0,C015801,자동차시트/커버,C015798,3,자동차용품 > 자동차매트/시트/쿠션 > 자동차시트/커버
G마켓2.0,C015802,자동차쿠션,C015798,3,자동차용품 > 자동차매트/시트/쿠션 > 자동차쿠션
G마켓2.0,C015803,트렁크매트,C015798,3,자동차용품 > 자동차매트/시트/쿠션 > 트렁크매트
G마켓2.0,C015805,자동차모바일용품,C015725,2,자동차용품 > 자동차모바일용품
G마켓2.0,C015804,기타자동차모바일용품,C015805,3,자동차용품 > 자동차모바일용품 > 기타자동차모바일용품
G마켓2.0,C015806,차량용거치대,C015805,3,자동차용품 > 자동차모바일용품 > 차량용거치대
G마켓2.0,C015807,차량용충전기,C015805,3,자동차용품 > 자동차모바일용품 > 차량용충전기
G마켓2.0,C015809,자동차배터리,C015725,2,자동차용품 > 자동차배터리
G마켓2.0,C015808,배터리점프선,C015809,3,자동차용품 > 자동차배터리 > 배터리점프선
G마켓2.0,C015810,배터리충전기/점프스타터,C015809,3,자동차용품 > 자동차배터리 > 배터리충전기/점프스타터
G마켓2.0,C015811,자동차배터리,C015809,3,자동차용품 > 자동차배터리 > 자동차배터리
G마켓2.0,C015813,자동차부품/튜닝용품,C015725,2,자동차용품 > 자동차부품/튜닝용품
G마켓2.0,C015812,기타자동차튜닝용품,C015813,3,자동차용품 > 자동차부품/튜닝용품 > 기타자동차튜닝용품
G마켓2.0,C015814,배기부품,C015813,3,자동차용품 > 자동차부품/튜닝용품 > 배기부품
G마켓2.0,C015815,브레이크,C015813,3,자동차용품 > 자동차부품/튜닝용품 > 브레이크
G마켓2.0,C015816,서스펜션,C015813,3,자동차용품 > 자동차부품/튜닝용품 > 서스펜션
G마켓2.0,C015817,엔진/흡기부품,C015813,3,자동차용품 > 자동차부품/튜닝용품 > 엔진/흡기부품
G마켓2.0,C015819,자동차수납용품,C015725,2,자동차용품 > 자동차수납용품
G마켓2.0,C015818,CD바이저,C015819,3,자동차용품 > 자동차수납용품 > CD바이저
G마켓2.0,C015820,기타자동차수납용품,C015819,3,자동차용품 > 자동차수납용품 > 기타자동차수납용품
G마켓2.0,C015821,루프백/루프박스,C015819,3,자동차용품 > 자동차수납용품 > 루프백/루프박스
G마켓2.0,C015822,자동차옷걸이/후크,C015819,3,자동차용품 > 자동차수납용품 > 자동차옷걸이/후크
G마켓2.0,C015823,자동차우산걸이,C015819,3,자동차용품 > 자동차수납용품 > 자동차우산걸이
G마켓2.0,C015824,자동차콘솔박스,C015819,3,자동차용품 > 자동차수납용품 > 자동차콘솔박스
G마켓2.0,C015825,자동차포켓/테이블,C015819,3,자동차용품 > 자동차수납용품 > 자동차포켓/테이블
G마켓2.0,C015826,차량용캐리어,C015819,3,자동차용품 > 자동차수납용품 > 차량용캐리어
G마켓2.0,C015827,차량용홀더/클립,C015819,3,자동차용품 > 자동차수납용품 > 차량용홀더/클립
G마켓2.0,C015828,차량용휴지통,C015819,3,자동차용품 > 자동차수납용품 > 차량용휴지통
G마켓2.0,C015829,트렁크네트,C015819,3,자동차용품 > 자동차수납용품 > 트렁크네트
G마켓2.0,C015830,트렁크정리함,C015819,3,자동차용품 > 자동차수납용품 > 트렁크정리함
G마켓2.0,C015832,자동차안전/편의용품,C015725,2,자동차용품 > 자동차안전/편의용품
G마켓2.0,C015831,기타자동차안전용품,C015832,3,자동차용품 > 자동차안전/편의용품 > 기타자동차안전용품
G마켓2.0,C015833,기타자동차편의용품,C015832,3,자동차용품 > 자동차안전/편의용품 > 기타자동차편의용품
G마켓2.0,C015834,스노우체인,C015832,3,자동차용품 > 자동차안전/편의용품 > 스노우체인
G마켓2.0,C015835,자동차냉온장고,C015832,3,자동차용품 > 자동차안전/편의용품 > 자동차냉온장고
G마켓2.0,C015837,자동차오일/첨가제,C015725,2,자동차용품 > 자동차오일/첨가제
G마켓2.0,C015836,기타자동차오일/첨가제,C015837,3,자동차용품 > 자동차오일/첨가제 > 기타자동차오일/첨가제
G마켓2.0,C015838,미션오일,C015837,3,자동차용품 > 자동차오일/첨가제 > 미션오일
G마켓2.0,C015839,미션오일첨가제,C015837,3,자동차용품 > 자동차오일/첨가제 > 미션오일첨가제
G마켓2.0,C015840,부동액,C015837,3,자동차용품 > 자동차오일/첨가제 > 부동액
G마켓2.0,C015841,브레이크오일,C015837,3,자동차용품 > 자동차오일/첨가제 > 브레이크오일
G마켓2.0,C015842,엔진오일,C015837,3,자동차용품 > 자동차오일/첨가제 > 엔진오일
G마켓2.0,C015843,엔진오일첨가제,C015837,3,자동차용품 > 자동차오일/첨가제 > 엔진오일첨가제
G마켓2.0,C015844,연료첨가제,C015837,3,자동차용품 > 자동차오일/첨가제 > 연료첨가제
G마켓2.0,C015845,연비향상오일,C015837,3,자동차용품 > 자동차오일/첨가제 > 연비향상오일
G마켓2.0,C015847,자동차전기/장치,C015725,2,자동차용품 > 자동차전기/장치
G마켓2.0,C015846,계기판용품,C015847,3,자동차용품 > 자동차전기/장치 > 계기판용품
G마켓2.0,C015848,기타자동차전장부품,C015847,3,자동차용품 > 자동차전기/장치 > 기타자동차전장부품
G마켓2.0,C015849,릴레이,C015847,3,자동차용품 > 자동차전기/장치 > 릴레이
G마켓2.0,C015850,배선/접지/휴즈,C015847,3,자동차용품 > 자동차전기/장치 > 배선/접지/휴즈
G마켓2.0,C015851,시거잭/멀티소켓,C015847,3,자동차용품 > 자동차전기/장치 > 시거잭/멀티소켓
G마켓2.0,C015852,자동차게이지,C015847,3,자동차용품 > 자동차전기/장치 > 자동차게이지
G마켓2.0,C015853,자동차인버터/컨버터,C015847,3,자동차용품 > 자동차전기/장치 > 자동차인버터/컨버터
G마켓2.0,C015854,전류전압안전용품,C015847,3,자동차용품 > 자동차전기/장치 > 전류전압안전용품
G마켓2.0,C015855,점화케이블,C015847,3,자동차용품 > 자동차전기/장치 > 점화케이블
G마켓2.0,C015856,점화플러그,C015847,3,자동차용품 > 자동차전기/장치 > 점화플러그
G마켓2.0,C015857,크락션,C015847,3,자동차용품 > 자동차전기/장치 > 크락션
G마켓2.0,C015859,자동차카메라/감지기,C015725,2,자동차용품 > 자동차카메라/감지기
G마켓2.0,C015858,자동차카메라/감지기용품,C015859,3,자동차용품 > 자동차카메라/감지기 > 자동차카메라/감지기용품
G마켓2.0,C015860,전방/후방감지기,C015859,3,자동차용품 > 자동차카메라/감지기 > 전방/후방감지기
G마켓2.0,C015861,전방/후방카메라,C015859,3,자동차용품 > 자동차카메라/감지기 > 전방/후방카메라
G마켓2.0,C015863,자동차키용품,C015725,2,자동차용품 > 자동차키용품
G마켓2.0,C015862,스마트키,C015863,3,자동차용품 > 자동차키용품 > 스마트키
G마켓2.0,C015864,시동경보기,C015863,3,자동차용품 > 자동차키용품 > 시동경보기
G마켓2.0,C015865,자동차키케이스,C015863,3,자동차용품 > 자동차키용품 > 자동차키케이스
G마켓2.0,C015866,자동차키홀더,C015863,3,자동차용품 > 자동차키용품 > 자동차키홀더
G마켓2.0,C015867,폴딩키,C015863,3,자동차용품 > 자동차키용품 > 폴딩키
G마켓2.0,C015869,자동차필터/소모품,C015725,2,자동차용품 > 자동차필터/소모품
G마켓2.0,C015868,와이퍼,C015869,3,자동차용품 > 자동차필터/소모품 > 와이퍼
G마켓2.0,C015870,자동차에어컨/히터필터,C015869,3,자동차용품 > 자동차필터/소모품 > 자동차에어컨/히터필터
G마켓2.0,C015871,자동차오일필터,C015869,3,자동차용품 > 자동차필터/소모품 > 자동차오일필터
G마켓2.0,C015872,자동차워셔액,C015869,3,자동차용품 > 자동차필터/소모품 > 자동차워셔액
G마켓2.0,C015874,카오디오/카AV,C015725,2,자동차용품 > 카오디오/카AV
G마켓2.0,C015873,자동차CD/DVD플레이어,C015874,3,자동차용품 > 카오디오/카AV > 자동차CD/DVD플레이어
G마켓2.0,C015875,자동차TV/모니터,C015874,3,자동차용품 > 카오디오/카AV > 자동차TV/모니터
G마켓2.0,C015876,자동차스피커,C015874,3,자동차용품 > 카오디오/카AV > 자동차스피커
G마켓2.0,C015877,자동차앰프,C015874,3,자동차용품 > 카오디오/카AV > 자동차앰프
G마켓2.0,C015878,자동차우퍼,C015874,3,자동차용품 > 카오디오/카AV > 자동차우퍼
G마켓2.0,C015879,카오디오,C015874,3,자동차용품 > 카오디오/카AV > 카오디오
G마켓2.0,C015880,카오디오/AV용품,C015874,3,자동차용품 > 카오디오/카AV > 카오디오/AV용품
G마켓2.0,C015881,카팩/핸즈프리,C015874,3,자동차용품 > 카오디오/카AV > 카팩/핸즈프리
G마켓2.0,C015883,카익스테리어용품,C015725,2,자동차용품 > 카익스테리어용품
G마켓2.0,C015882,기타 카익스테리어용품,C015883,3,자동차용품 > 카익스테리어용품 > 기타 카익스테리어용품
G마켓2.0,C015884,도어가드,C015883,3,자동차용품 > 카익스테리어용품 > 도어가드
G마켓2.0,C015885,리어스포일러,C015883,3,자동차용품 > 카익스테리어용품 > 리어스포일러
G마켓2.0,C015886,번호판용품,C015883,3,자동차용품 > 카익스테리어용품 > 번호판용품
G마켓2.0,C015887,범퍼가드,C015883,3,자동차용품 > 카익스테리어용품 > 범퍼가드
G마켓2.0,C015888,선바이저,C015883,3,자동차용품 > 카익스테리어용품 > 선바이저
G마켓2.0,C015889,안전거울,C015883,3,자동차용품 > 카익스테리어용품 > 안전거울
G마켓2.0,C015890,에어로파츠,C015883,3,자동차용품 > 카익스테리어용품 > 에어로파츠
G마켓2.0,C015891,자동차스티커,C015883,3,자동차용품 > 카익스테리어용품 > 자동차스티커
G마켓2.0,C015892,자동차안테나,C015883,3,자동차용품 > 카익스테리어용품 > 자동차안테나
G마켓2.0,C015893,자동차엠블럼,C015883,3,자동차용품 > 카익스테리어용품 > 자동차엠블럼
G마켓2.0,C015894,자동차외장몰딩,C015883,3,자동차용품 > 카익스테리어용품 > 자동차외장몰딩
G마켓2.0,C015895,정전기방지용품,C015883,3,자동차용품 > 카익스테리어용품 > 정전기방지용품
G마켓2.0,C015896,주유구커버,C015883,3,자동차용품 > 카익스테리어용품 > 주유구커버
G마켓2.0,C015897,후사경,C015883,3,자동차용품 > 카익스테리어용품 > 후사경
G마켓2.0,C015899,카인테리어용품,C015725,2,자동차용품 > 카인테리어용품
G마켓2.0,C015898,기어봉/기어커버,C015899,3,자동차용품 > 카인테리어용품 > 기어봉/기어커버
G마켓2.0,C015900,기타 카인테리어용품,C015899,3,자동차용품 > 카인테리어용품 > 기타 카인테리어용품
G마켓2.0,C015901,대시보드커버,C015899,3,자동차용품 > 카인테리어용품 > 대시보드커버
G마켓2.0,C015902,룸미러,C015899,3,자동차용품 > 카인테리어용품 > 룸미러
G마켓2.0,C015903,안전벨트쿠션/커버,C015899,3,자동차용품 > 카인테리어용품 > 안전벨트쿠션/커버
G마켓2.0,C015904,자동차페달,C015899,3,자동차용품 > 카인테리어용품 > 자동차페달
G마켓2.0,C015905,자동차햇빛가리개,C015899,3,자동차용품 > 카인테리어용품 > 자동차햇빛가리개
G마켓2.0,C015906,주차번호판,C015899,3,자동차용품 > 카인테리어용품 > 주차번호판
G마켓2.0,C015907,파워핸들,C015899,3,자동차용품 > 카인테리어용품 > 파워핸들
G마켓2.0,C015908,핸들커버,C015899,3,자동차용품 > 카인테리어용품 > 핸들커버
G마켓2.0,C015910,타이어/휠,C015725,2,자동차용품 > 타이어/휠
G마켓2.0,C015909,자동차휠,C015910,3,자동차용품 > 타이어/휠 > 자동차휠
G마켓2.0,C015911,자동차휠용품,C015910,3,자동차용품 > 타이어/휠 > 자동차휠용품
G마켓2.0,C015912,타이어,C015910,3,자동차용품 > 타이어/휠 > 타이어
G마켓2.0,C015913,타이어용품,C015910,3,자동차용품 > 타이어/휠 > 타이어용품
G마켓2.0,C015915,하이패스/GPS,C015725,2,자동차용품 > 하이패스/GPS
G마켓2.0,C015914,자동차GPS,C015915,3,자동차용품 > 하이패스/GPS > 자동차GPS
G마켓2.0,C015916,하이패스,C015915,3,자동차용품 > 하이패스/GPS > 하이패스
G마켓2.0,C015917,하이패스/GPS용품,C015915,3,자동차용품 > 하이패스/GPS > 하이패스/GPS용품
G마켓2.0,C015920,자전거/보드/기타레저,ROOT,1,자전거/보드/기타레저
G마켓2.0,C015919,기타레저스포츠,C015920,2,자전거/보드/기타레저 > 기타레저스포츠
G마켓2.0,C015918,사격/사냥용품,C015919,3,자전거/보드/기타레저 > 기타레저스포츠 > 사격/사냥용품
G마켓2.0,C015921,서핑보드용품,C015919,3,자전거/보드/기타레저 > 기타레저스포츠 > 서핑보드용품
G마켓2.0,C015922,수상스키/웨이크용품,C015919,3,자전거/보드/기타레저 > 기타레저스포츠 > 수상스키/웨이크용품
G마켓2.0,C015923,승마용품,C015919,3,자전거/보드/기타레저 > 기타레저스포츠 > 승마용품
G마켓2.0,C015924,아이스스케이트,C015919,3,자전거/보드/기타레저 > 기타레저스포츠 > 아이스스케이트
G마켓2.0,C015925,아이스하키용품,C015919,3,자전거/보드/기타레저 > 기타레저스포츠 > 아이스하키용품
G마켓2.0,C015927,서바이벌게임,C015920,2,자전거/보드/기타레저 > 서바이벌게임
G마켓2.0,C015926,기타서바이벌용품,C015927,3,자전거/보드/기타레저 > 서바이벌게임 > 기타서바이벌용품
G마켓2.0,C015928,서바이벌건,C015927,3,자전거/보드/기타레저 > 서바이벌게임 > 서바이벌건
G마켓2.0,C015929,서바이벌의류/보호장비,C015927,3,자전거/보드/기타레저 > 서바이벌게임 > 서바이벌의류/보호장비
G마켓2.0,C015931,스케이트/보드,C015920,2,자전거/보드/기타레저 > 스케이트/보드
G마켓2.0,C015930,롤러스케이트,C015931,3,자전거/보드/기타레저 > 스케이트/보드 > 롤러스케이트
G마켓2.0,C015932,스케이트/보드용품,C015931,3,자전거/보드/기타레저 > 스케이트/보드 > 스케이트/보드용품
G마켓2.0,C015933,스케이트보드,C015931,3,자전거/보드/기타레저 > 스케이트/보드 > 스케이트보드
G마켓2.0,C015934,인라인스케이트,C015931,3,자전거/보드/기타레저 > 스케이트/보드 > 인라인스케이트
G마켓2.0,C015935,킥보드,C015931,3,자전거/보드/기타레저 > 스케이트/보드 > 킥보드
G마켓2.0,C015937,스키/스노보드용품,C015920,2,자전거/보드/기타레저 > 스키/스노보드용품
G마켓2.0,C015936,기타스키/보드용품,C015937,3,자전거/보드/기타레저 > 스키/스노보드용품 > 기타스키/보드용품
G마켓2.0,C015938,스키/보드가방,C015937,3,자전거/보드/기타레저 > 스키/스노보드용품 > 스키/보드가방
G마켓2.0,C015939,스키/보드고글,C015937,3,자전거/보드/기타레저 > 스키/스노보드용품 > 스키/보드고글
G마켓2.0,C015940,스키/보드보호대,C015937,3,자전거/보드/기타레저 > 스키/스노보드용품 > 스키/보드보호대
G마켓2.0,C015941,스키/보드양말,C015937,3,자전거/보드/기타레저 > 스키/스노보드용품 > 스키/보드양말
G마켓2.0,C015942,스키/보드장갑,C015937,3,자전거/보드/기타레저 > 스키/스노보드용품 > 스키/보드장갑
G마켓2.0,C015943,스키/보드헬멧,C015937,3,자전거/보드/기타레저 > 스키/스노보드용품 > 스키/보드헬멧
G마켓2.0,C015945,스키/스노보드의류,C015920,2,자전거/보드/기타레저 > 스키/스노보드의류
G마켓2.0,C015944,보드복상의,C015945,3,자전거/보드/기타레저 > 스키/스노보드의류 > 보드복상의
G마켓2.0,C015946,보드복세트,C015945,3,자전거/보드/기타레저 > 스키/스노보드의류 > 보드복세트
G마켓2.0,C015947,보드복하의,C015945,3,자전거/보드/기타레저 > 스키/스노보드의류 > 보드복하의
G마켓2.0,C015948,스키복상의,C015945,3,자전거/보드/기타레저 > 스키/스노보드의류 > 스키복상의
G마켓2.0,C015949,스키복세트,C015945,3,자전거/보드/기타레저 > 스키/스노보드의류 > 스키복세트
G마켓2.0,C015950,스키복하의,C015945,3,자전거/보드/기타레저 > 스키/스노보드의류 > 스키복하의
G마켓2.0,C015952,스키/스노보드장비,C015920,2,자전거/보드/기타레저 > 스키/스노보드장비
G마켓2.0,C015951,스노보드데크,C015952,3,자전거/보드/기타레저 > 스키/스노보드장비 > 스노보드데크
G마켓2.0,C015953,스노보드바인딩,C015952,3,자전거/보드/기타레저 > 스키/스노보드장비 > 스노보드바인딩
G마켓2.0,C015954,스노보드부츠,C015952,3,자전거/보드/기타레저 > 스키/스노보드장비 > 스노보드부츠
G마켓2.0,C015955,스노보드세트,C015952,3,자전거/보드/기타레저 > 스키/스노보드장비 > 스노보드세트
G마켓2.0,C015956,스키부츠,C015952,3,자전거/보드/기타레저 > 스키/스노보드장비 > 스키부츠
G마켓2.0,C015957,스키세트,C015952,3,자전거/보드/기타레저 > 스키/스노보드장비 > 스키세트
G마켓2.0,C015958,스키폴,C015952,3,자전거/보드/기타레저 > 스키/스노보드장비 > 스키폴
G마켓2.0,C015959,스키플레이트,C015952,3,자전거/보드/기타레저 > 스키/스노보드장비 > 스키플레이트
G마켓2.0,C015961,자전거,C015920,2,자전거/보드/기타레저 > 자전거
G마켓2.0,C015960,MTB자전거,C015961,3,자전거/보드/기타레저 > 자전거 > MTB자전거
G마켓2.0,C015962,기타자전거,C015961,3,자전거/보드/기타레저 > 자전거 > 기타자전거
G마켓2.0,C015963,로드자전거,C015961,3,자전거/보드/기타레저 > 자전거 > 로드자전거
G마켓2.0,C015964,미니벨로,C015961,3,자전거/보드/기타레저 > 자전거 > 미니벨로
G마켓2.0,C015965,아동자전거,C015961,3,자전거/보드/기타레저 > 자전거 > 아동자전거
G마켓2.0,C015966,일반자전거,C015961,3,자전거/보드/기타레저 > 자전거 > 일반자전거
G마켓2.0,C015967,클래식자전거,C015961,3,자전거/보드/기타레저 > 자전거 > 클래식자전거
G마켓2.0,C015968,픽시자전거,C015961,3,자전거/보드/기타레저 > 자전거 > 픽시자전거
G마켓2.0,C015969,하이브리드자전거,C015961,3,자전거/보드/기타레저 > 자전거 > 하이브리드자전거
G마켓2.0,C015971,자전거부품,C015920,2,자전거/보드/기타레저 > 자전거부품
G마켓2.0,C015970,기타자전거부품,C015971,3,자전거/보드/기타레저 > 자전거부품 > 기타자전거부품
G마켓2.0,C015972,바엔드/그립,C015971,3,자전거/보드/기타레저 > 자전거부품 > 바엔드/그립
G마켓2.0,C015973,자전거변속기,C015971,3,자전거/보드/기타레저 > 자전거부품 > 자전거변속기
G마켓2.0,C015974,자전거보조바퀴,C015971,3,자전거/보드/기타레저 > 자전거부품 > 자전거보조바퀴
G마켓2.0,C015975,자전거브레이크,C015971,3,자전거/보드/기타레저 > 자전거부품 > 자전거브레이크
G마켓2.0,C015976,자전거스탠드,C015971,3,자전거/보드/기타레저 > 자전거부품 > 자전거스탠드
G마켓2.0,C015977,자전거스템,C015971,3,자전거/보드/기타레저 > 자전거부품 > 자전거스템
G마켓2.0,C015978,자전거안장,C015971,3,자전거/보드/기타레저 > 자전거부품 > 자전거안장
G마켓2.0,C015979,자전거체인,C015971,3,자전거/보드/기타레저 > 자전거부품 > 자전거체인
G마켓2.0,C015980,자전거타이어,C015971,3,자전거/보드/기타레저 > 자전거부품 > 자전거타이어
G마켓2.0,C015981,자전거튜브,C015971,3,자전거/보드/기타레저 > 자전거부품 > 자전거튜브
G마켓2.0,C015982,자전거프레임/포크,C015971,3,자전거/보드/기타레저 > 자전거부품 > 자전거프레임/포크
G마켓2.0,C015983,자전거핸들바,C015971,3,자전거/보드/기타레저 > 자전거부품 > 자전거핸들바
G마켓2.0,C015984,자전거휠셋/림,C015971,3,자전거/보드/기타레저 > 자전거부품 > 자전거휠셋/림
G마켓2.0,C015985,저전거기어,C015971,3,자전거/보드/기타레저 > 자전거부품 > 저전거기어
G마켓2.0,C015986,클릿/페달,C015971,3,자전거/보드/기타레저 > 자전거부품 > 클릿/페달
G마켓2.0,C015988,자전거용품,C015920,2,자전거/보드/기타레저 > 자전거용품
G마켓2.0,C015987,기타자전거용품,C015988,3,자전거/보드/기타레저 > 자전거용품 > 기타자전거용품
G마켓2.0,C015989,물통/케이지,C015988,3,자전거/보드/기타레저 > 자전거용품 > 물통/케이지
G마켓2.0,C015990,속도계/벨/백미러,C015988,3,자전거/보드/기타레저 > 자전거용품 > 속도계/벨/백미러
G마켓2.0,C015991,자전거가방,C015988,3,자전거/보드/기타레저 > 자전거용품 > 자전거가방
G마켓2.0,C015992,자전거거치대,C015988,3,자전거/보드/기타레저 > 자전거용품 > 자전거거치대
G마켓2.0,C015993,자전거공구,C015988,3,자전거/보드/기타레저 > 자전거용품 > 자전거공구
G마켓2.0,C015994,자전거라이트,C015988,3,자전거/보드/기타레저 > 자전거용품 > 자전거라이트
G마켓2.0,C015995,자전거바구니,C015988,3,자전거/보드/기타레저 > 자전거용품 > 자전거바구니
G마켓2.0,C015996,자전거보관거치대,C015988,3,자전거/보드/기타레저 > 자전거용품 > 자전거보관거치대
G마켓2.0,C015997,자전거보호장비,C015988,3,자전거/보드/기타레저 > 자전거용품 > 자전거보호장비
G마켓2.0,C015998,자전거세척용품,C015988,3,자전거/보드/기타레저 > 자전거용품 > 자전거세척용품
G마켓2.0,C015999,자전거오일/윤활유,C015988,3,자전거/보드/기타레저 > 자전거용품 > 자전거오일/윤활유
G마켓2.0,C016000,자전거자물쇠/잠금장치,C015988,3,자전거/보드/기타레저 > 자전거용품 > 자전거자물쇠/잠금장치
G마켓2.0,C016001,자전거캐리어,C015988,3,자전거/보드/기타레저 > 자전거용품 > 자전거캐리어
G마켓2.0,C016002,자전거트레일러,C015988,3,자전거/보드/기타레저 > 자전거용품 > 자전거트레일러
G마켓2.0,C016003,자전거펌프,C015988,3,자전거/보드/기타레저 > 자전거용품 > 자전거펌프
G마켓2.0,C016004,자전거헬멧,C015988,3,자전거/보드/기타레저 > 자전거용품 > 자전거헬멧
G마켓2.0,C016005,짐받이/흙받이,C015988,3,자전거/보드/기타레저 > 자전거용품 > 짐받이/흙받이
G마켓2.0,C016006,펑크패치,C015988,3,자전거/보드/기타레저 > 자전거용품 > 펑크패치
G마켓2.0,C016008,자전거의류/잡화,C015920,2,자전거/보드/기타레저 > 자전거의류/잡화
G마켓2.0,C016007,기타자전거잡화,C016008,3,자전거/보드/기타레저 > 자전거의류/잡화 > 기타자전거잡화
G마켓2.0,C016009,빕/빕숏,C016008,3,자전거/보드/기타레저 > 자전거의류/잡화 > 빕/빕숏
G마켓2.0,C016010,자전거복상의,C016008,3,자전거/보드/기타레저 > 자전거의류/잡화 > 자전거복상의
G마켓2.0,C016011,자전거복상하세트,C016008,3,자전거/보드/기타레저 > 자전거의류/잡화 > 자전거복상하세트
G마켓2.0,C016012,자전거복하의,C016008,3,자전거/보드/기타레저 > 자전거의류/잡화 > 자전거복하의
G마켓2.0,C016013,자전거신발,C016008,3,자전거/보드/기타레저 > 자전거의류/잡화 > 자전거신발
G마켓2.0,C016014,자전거장갑,C016008,3,자전거/보드/기타레저 > 자전거의류/잡화 > 자전거장갑
G마켓2.0,C016015,쪽모자/조각모,C016008,3,자전거/보드/기타레저 > 자전거의류/잡화 > 쪽모자/조각모
G마켓2.0,C016017,전동/전기레저,C015920,2,자전거/보드/기타레저 > 전동/전기레저
G마켓2.0,C016016,전기자전거,C016017,3,자전거/보드/기타레저 > 전동/전기레저 > 전기자전거
G마켓2.0,C016018,전동킥보드,C016017,3,자전거/보드/기타레저 > 전동/전기레저 > 전동킥보드
G마켓2.0,C016019,전동휠,C016017,3,자전거/보드/기타레저 > 전동/전기레저 > 전동휠
G마켓2.0,C016020,전용배터리/용품,C016017,3,자전거/보드/기타레저 > 전동/전기레저 > 전용배터리/용품
G마켓2.0,C016023,저장장치,ROOT,1,저장장치
G마켓2.0,C016022,PC저장장치,C016023,2,저장장치 > PC저장장치
G마켓2.0,C016021,HDD,C016022,3,저장장치 > PC저장장치 > HDD
G마켓2.0,C016024,SSD,C016022,3,저장장치 > PC저장장치 > SSD
G마켓2.0,C016025,네트워크하드(NAS),C016022,3,저장장치 > PC저장장치 > 네트워크하드(NAS)
G마켓2.0,C016026,외장HDD,C016022,3,저장장치 > PC저장장치 > 외장HDD
G마켓2.0,C016027,외장SSD,C016022,3,저장장치 > PC저장장치 > 외장SSD
G마켓2.0,C016029,공미디어,C016023,2,저장장치 > 공미디어
G마켓2.0,C016028,CD미디어,C016029,3,저장장치 > 공미디어 > CD미디어
G마켓2.0,C016030,DVD미디어,C016029,3,저장장치 > 공미디어 > DVD미디어
G마켓2.0,C016031,공테이프,C016029,3,저장장치 > 공미디어 > 공테이프
G마켓2.0,C016032,블루레이미디어,C016029,3,저장장치 > 공미디어 > 블루레이미디어
G마켓2.0,C016034,이동식메모리,C016023,2,저장장치 > 이동식메모리
G마켓2.0,C016033,CF메모리,C016034,3,저장장치 > 이동식메모리 > CF메모리
G마켓2.0,C016035,MicroSD메모리,C016034,3,저장장치 > 이동식메모리 > MicroSD메모리
G마켓2.0,C016036,SD메모리,C016034,3,저장장치 > 이동식메모리 > SD메모리
G마켓2.0,C016037,USB메모리,C016034,3,저장장치 > 이동식메모리 > USB메모리
G마켓2.0,C016038,XQD메모리,C016034,3,저장장치 > 이동식메모리 > XQD메모리
G마켓2.0,C016039,메모리스틱,C016034,3,저장장치 > 이동식메모리 > 메모리스틱
G마켓2.0,C016041,저장장치용품,C016023,2,저장장치 > 저장장치용품
G마켓2.0,C016040,SD카드어댑터,C016041,3,저장장치 > 저장장치용품 > SD카드어댑터
G마켓2.0,C016042,공미디어보관함,C016041,3,저장장치 > 저장장치용품 > 공미디어보관함
G마켓2.0,C016043,기타저장장치용품,C016041,3,저장장치 > 저장장치용품 > 기타저장장치용품
G마켓2.0,C016044,네트워크하드케이스,C016041,3,저장장치 > 저장장치용품 > 네트워크하드케이스
G마켓2.0,C016045,메모리카드리더기,C016041,3,저장장치 > 저장장치용품 > 메모리카드리더기
G마켓2.0,C016046,외장하드케이스,C016041,3,저장장치 > 저장장치용품 > 외장하드케이스
G마켓2.0,C016049,조명/인테리어,ROOT,1,조명/인테리어
G마켓2.0,C016048,벽지,C016049,2,조명/인테리어 > 벽지
G마켓2.0,C016047,기타벽지,C016048,3,조명/인테리어 > 벽지 > 기타벽지
G마켓2.0,C016050,단열벽지,C016048,3,조명/인테리어 > 벽지 > 단열벽지
G마켓2.0,C016051,도배용품,C016048,3,조명/인테리어 > 벽지 > 도배용품
G마켓2.0,C016052,띠벽지,C016048,3,조명/인테리어 > 벽지 > 띠벽지
G마켓2.0,C016053,뮤럴벽지,C016048,3,조명/인테리어 > 벽지 > 뮤럴벽지
G마켓2.0,C016054,실크벽지,C016048,3,조명/인테리어 > 벽지 > 실크벽지
G마켓2.0,C016055,폼블럭,C016048,3,조명/인테리어 > 벽지 > 폼블럭
G마켓2.0,C016056,합지벽지,C016048,3,조명/인테리어 > 벽지 > 합지벽지
G마켓2.0,C016058,스탠드조명,C016049,2,조명/인테리어 > 스탠드조명
G마켓2.0,C016057,단스탠드,C016058,3,조명/인테리어 > 스탠드조명 > 단스탠드
G마켓2.0,C016059,장스탠드,C016058,3,조명/인테리어 > 스탠드조명 > 장스탠드
G마켓2.0,C016060,학습용스탠드,C016058,3,조명/인테리어 > 스탠드조명 > 학습용스탠드
G마켓2.0,C016062,시트지,C016049,2,조명/인테리어 > 시트지
G마켓2.0,C016061,가구시트지,C016062,3,조명/인테리어 > 시트지 > 가구시트지
G마켓2.0,C016063,기타시트지,C016062,3,조명/인테리어 > 시트지 > 기타시트지
G마켓2.0,C016064,시트벽지,C016062,3,조명/인테리어 > 시트지 > 시트벽지
G마켓2.0,C016065,창문시트지,C016062,3,조명/인테리어 > 시트지 > 창문시트지
G마켓2.0,C016066,포인트스티커,C016062,3,조명/인테리어 > 시트지 > 포인트스티커
G마켓2.0,C016067,현관문시트지,C016062,3,조명/인테리어 > 시트지 > 현관문시트지
G마켓2.0,C016069,아로마/캔들용품,C016049,2,조명/인테리어 > 아로마/캔들용품
G마켓2.0,C016068,기타/아로마캔들용품,C016069,3,조명/인테리어 > 아로마/캔들용품 > 기타/아로마캔들용품
G마켓2.0,C016070,디퓨저,C016069,3,조명/인테리어 > 아로마/캔들용품 > 디퓨저
G마켓2.0,C016071,아로마램프/오일,C016069,3,조명/인테리어 > 아로마/캔들용품 > 아로마램프/오일
G마켓2.0,C016072,초/향초,C016069,3,조명/인테리어 > 아로마/캔들용품 > 초/향초
G마켓2.0,C016073,촛대/홀더,C016069,3,조명/인테리어 > 아로마/캔들용품 > 촛대/홀더
G마켓2.0,C016074,캔들워머,C016069,3,조명/인테리어 > 아로마/캔들용품 > 캔들워머
G마켓2.0,C016076,인테리어소품,C016049,2,조명/인테리어 > 인테리어소품
G마켓2.0,C016075,공예품,C016076,3,조명/인테리어 > 인테리어소품 > 공예품
G마켓2.0,C016077,기타인테리어소품,C016076,3,조명/인테리어 > 인테리어소품 > 기타인테리어소품
G마켓2.0,C016078,디자인문패,C016076,3,조명/인테리어 > 인테리어소품 > 디자인문패
G마켓2.0,C016079,문종/풍경,C016076,3,조명/인테리어 > 인테리어소품 > 문종/풍경
G마켓2.0,C016080,미니어처,C016076,3,조명/인테리어 > 인테리어소품 > 미니어처
G마켓2.0,C016081,실내분수,C016076,3,조명/인테리어 > 인테리어소품 > 실내분수
G마켓2.0,C016082,오르골,C016076,3,조명/인테리어 > 인테리어소품 > 오르골
G마켓2.0,C016083,인터폰박스,C016076,3,조명/인테리어 > 인테리어소품 > 인터폰박스
G마켓2.0,C016084,인테리어파티션,C016076,3,조명/인테리어 > 인테리어소품 > 인테리어파티션
G마켓2.0,C016085,장식소품,C016076,3,조명/인테리어 > 인테리어소품 > 장식소품
G마켓2.0,C016086,조각상,C016076,3,조명/인테리어 > 인테리어소품 > 조각상
G마켓2.0,C016087,화병,C016076,3,조명/인테리어 > 인테리어소품 > 화병
G마켓2.0,C016089,인테리어시계,C016049,2,조명/인테리어 > 인테리어시계
G마켓2.0,C016088,벽시계,C016089,3,조명/인테리어 > 인테리어시계 > 벽시계
G마켓2.0,C016090,스탠드시계,C016089,3,조명/인테리어 > 인테리어시계 > 스탠드시계
G마켓2.0,C016091,탁상시계,C016089,3,조명/인테리어 > 인테리어시계 > 탁상시계
G마켓2.0,C016093,전구/형광등,C016049,2,조명/인테리어 > 전구/형광등
G마켓2.0,C016092,[사용안함] LED 형광등,C016093,3,조명/인테리어 > 전구/형광등 > [사용안함] LED 형광등
G마켓2.0,C016094,안정기,C016093,3,조명/인테리어 > 전구/형광등 > 안정기
G마켓2.0,C016095,전구,C016093,3,조명/인테리어 > 전구/형광등 > 전구
G마켓2.0,C016096,형광등,C016093,3,조명/인테리어 > 전구/형광등 > 형광등
G마켓2.0,C016098,조명기구,C016049,2,조명/인테리어 > 조명기구
G마켓2.0,C016097,LED모듈,C016098,3,조명/인테리어 > 조명기구 > LED모듈
G마켓2.0,C016099,거실조명,C016098,3,조명/인테리어 > 조명기구 > 거실조명
G마켓2.0,C016100,기타조명기구,C016098,3,조명/인테리어 > 조명기구 > 기타조명기구
G마켓2.0,C016101,무대/특수조명,C016098,3,조명/인테리어 > 조명기구 > 무대/특수조명
G마켓2.0,C016102,무드등/수면등,C016098,3,조명/인테리어 > 조명기구 > 무드등/수면등
G마켓2.0,C016103,방등,C016098,3,조명/인테리어 > 조명기구 > 방등
G마켓2.0,C016104,벽등,C016098,3,조명/인테리어 > 조명기구 > 벽등
G마켓2.0,C016105,센서등,C016098,3,조명/인테리어 > 조명기구 > 센서등
G마켓2.0,C016106,야외조명,C016098,3,조명/인테리어 > 조명기구 > 야외조명
G마켓2.0,C016107,욕실조명,C016098,3,조명/인테리어 > 조명기구 > 욕실조명
G마켓2.0,C016108,주방조명,C016098,3,조명/인테리어 > 조명기구 > 주방조명
G마켓2.0,C016109,투광기,C016098,3,조명/인테리어 > 조명기구 > 투광기
G마켓2.0,C016110,현관조명,C016098,3,조명/인테리어 > 조명기구 > 현관조명
G마켓2.0,C016112,타일/바닥재,C016049,2,조명/인테리어 > 타일/바닥재
G마켓2.0,C016111,기타타일/바닥재,C016112,3,조명/인테리어 > 타일/바닥재 > 기타타일/바닥재
G마켓2.0,C016113,대리석,C016112,3,조명/인테리어 > 타일/바닥재 > 대리석
G마켓2.0,C016114,데코타일,C016112,3,조명/인테리어 > 타일/바닥재 > 데코타일
G마켓2.0,C016115,마루,C016112,3,조명/인테리어 > 타일/바닥재 > 마루
G마켓2.0,C016116,장판,C016112,3,조명/인테리어 > 타일/바닥재 > 장판
G마켓2.0,C016118,페인트,C016049,2,조명/인테리어 > 페인트
G마켓2.0,C016117,라카/스프레이페인트,C016118,3,조명/인테리어 > 페인트 > 라카/스프레이페인트
G마켓2.0,C016119,바니쉬,C016118,3,조명/인테리어 > 페인트 > 바니쉬
G마켓2.0,C016120,방수페인트,C016118,3,조명/인테리어 > 페인트 > 방수페인트
G마켓2.0,C016121,수성페인트,C016118,3,조명/인테리어 > 페인트 > 수성페인트
G마켓2.0,C016122,스테인,C016118,3,조명/인테리어 > 페인트 > 스테인
G마켓2.0,C016123,에폭시,C016118,3,조명/인테리어 > 페인트 > 에폭시
G마켓2.0,C016124,우레탄,C016118,3,조명/인테리어 > 페인트 > 우레탄
G마켓2.0,C016125,유성페인트,C016118,3,조명/인테리어 > 페인트 > 유성페인트
G마켓2.0,C016126,젯소,C016118,3,조명/인테리어 > 페인트 > 젯소
G마켓2.0,C016127,페인트/도장용품,C016118,3,조명/인테리어 > 페인트 > 페인트/도장용품
G마켓2.0,C016129,홈갤러리/액자,C016049,2,조명/인테리어 > 홈갤러리/액자
G마켓2.0,C016128,기타홈갤러리/액자,C016129,3,조명/인테리어 > 홈갤러리/액자 > 기타홈갤러리/액자
G마켓2.0,C016130,벽걸이액자,C016129,3,조명/인테리어 > 홈갤러리/액자 > 벽걸이액자
G마켓2.0,C016131,사진작품,C016129,3,조명/인테리어 > 홈갤러리/액자 > 사진작품
G마켓2.0,C016132,아트포스터,C016129,3,조명/인테리어 > 홈갤러리/액자 > 아트포스터
G마켓2.0,C016133,유화그리기세트,C016129,3,조명/인테리어 > 홈갤러리/액자 > 유화그리기세트
G마켓2.0,C016134,탁상액자,C016129,3,조명/인테리어 > 홈갤러리/액자 > 탁상액자
G마켓2.0,C016135,회화,C016129,3,조명/인테리어 > 홈갤러리/액자 > 회화
G마켓2.0,C016138,주방가전,ROOT,1,주방가전
G마켓2.0,C016137,간식메이커,C016138,2,주방가전 > 간식메이커
G마켓2.0,C016136,기타간식메이커,C016137,3,주방가전 > 간식메이커 > 기타간식메이커
G마켓2.0,C016139,샌드위치메이커,C016137,3,주방가전 > 간식메이커 > 샌드위치메이커
G마켓2.0,C016140,솜사탕기계,C016137,3,주방가전 > 간식메이커 > 솜사탕기계
G마켓2.0,C016141,스낵메이커,C016137,3,주방가전 > 간식메이커 > 스낵메이커
G마켓2.0,C016142,와플메이커,C016137,3,주방가전 > 간식메이커 > 와플메이커
G마켓2.0,C016144,계량측정기기,C016138,2,주방가전 > 계량측정기기
G마켓2.0,C016143,염도계,C016144,3,주방가전 > 계량측정기기 > 염도계
G마켓2.0,C016145,전자저울,C016144,3,주방가전 > 계량측정기기 > 전자저울
G마켓2.0,C016147,냉장고/냉동고,C016138,2,주방가전 > 냉장고/냉동고
G마켓2.0,C016146,김치냉장고,C016147,3,주방가전 > 냉장고/냉동고 > 김치냉장고
G마켓2.0,C016148,냉동고,C016147,3,주방가전 > 냉장고/냉동고 > 냉동고
G마켓2.0,C016149,냉장고/냉동고용품,C016147,3,주방가전 > 냉장고/냉동고 > 냉장고/냉동고용품
G마켓2.0,C016150,냉장쇼케이스,C016147,3,주방가전 > 냉장고/냉동고 > 냉장쇼케이스
G마켓2.0,C016151,쌀냉장고,C016147,3,주방가전 > 냉장고/냉동고 > 쌀냉장고
G마켓2.0,C016152,양문형냉장고,C016147,3,주방가전 > 냉장고/냉동고 > 양문형냉장고
G마켓2.0,C016153,업소용냉장고,C016147,3,주방가전 > 냉장고/냉동고 > 업소용냉장고
G마켓2.0,C016154,와인셀러,C016147,3,주방가전 > 냉장고/냉동고 > 와인셀러
G마켓2.0,C016155,일반냉장고,C016147,3,주방가전 > 냉장고/냉동고 > 일반냉장고
G마켓2.0,C016156,화장품냉장고,C016147,3,주방가전 > 냉장고/냉동고 > 화장품냉장고
G마켓2.0,C016158,레인지,C016138,2,주방가전 > 레인지
G마켓2.0,C016157,가스레인지,C016158,3,주방가전 > 레인지 > 가스레인지
G마켓2.0,C016159,레인지용품,C016158,3,주방가전 > 레인지 > 레인지용품
G마켓2.0,C016160,레인지후드,C016158,3,주방가전 > 레인지 > 레인지후드
G마켓2.0,C016161,인덕션,C016158,3,주방가전 > 레인지 > 인덕션
G마켓2.0,C016162,전자레인지,C016158,3,주방가전 > 레인지 > 전자레인지
G마켓2.0,C016163,하이라이트 전기레인지,C016158,3,주방가전 > 레인지 > 하이라이트 전기레인지
G마켓2.0,C016164,하이브리드 전기레인지,C016158,3,주방가전 > 레인지 > 하이브리드 전기레인지
G마켓2.0,C016165,핫플레이트,C016158,3,주방가전 > 레인지 > 핫플레이트
G마켓2.0,C016167,믹서기/원액기,C016138,2,주방가전 > 믹서기/원액기
G마켓2.0,C016166,녹즙기/쥬서기,C016167,3,주방가전 > 믹서기/원액기 > 녹즙기/쥬서기
G마켓2.0,C016168,믹서기,C016167,3,주방가전 > 믹서기/원액기 > 믹서기
G마켓2.0,C016169,믹서기/원액기용품,C016167,3,주방가전 > 믹서기/원액기 > 믹서기/원액기용품
G마켓2.0,C016170,블렌더,C016167,3,주방가전 > 믹서기/원액기 > 블렌더
G마켓2.0,C016172,빙과기기,C016138,2,주방가전 > 빙과기기
G마켓2.0,C016171,빙과기기용품,C016172,3,주방가전 > 빙과기기 > 빙과기기용품
G마켓2.0,C016173,빙수기,C016172,3,주방가전 > 빙과기기 > 빙수기
G마켓2.0,C016174,슬러시기계,C016172,3,주방가전 > 빙과기기 > 슬러시기계
G마켓2.0,C016175,아이스크림제조기,C016172,3,주방가전 > 빙과기기 > 아이스크림제조기
G마켓2.0,C016176,제빙기,C016172,3,주방가전 > 빙과기기 > 제빙기
G마켓2.0,C016178,식기세척건조기,C016138,2,주방가전 > 식기세척건조기
G마켓2.0,C016177,기타식기세척건조기,C016178,3,주방가전 > 식기세척건조기 > 기타식기세척건조기
G마켓2.0,C016179,식기건조기/식기살균기,C016178,3,주방가전 > 식기세척건조기 > 식기건조기/식기살균기
G마켓2.0,C016180,식기세척기,C016178,3,주방가전 > 식기세척건조기 > 식기세척기
G마켓2.0,C016181,야채/과일세척기,C016178,3,주방가전 > 식기세척건조기 > 야채/과일세척기
G마켓2.0,C016182,온장고,C016178,3,주방가전 > 식기세척건조기 > 온장고
G마켓2.0,C016184,식품제조기,C016138,2,주방가전 > 식품제조기
G마켓2.0,C016183,거품반죽기,C016184,3,주방가전 > 식품제조기 > 거품반죽기
G마켓2.0,C016185,기타식품제조기,C016184,3,주방가전 > 식품제조기 > 기타식품제조기
G마켓2.0,C016186,누룽지제조기,C016184,3,주방가전 > 식품제조기 > 누룽지제조기
G마켓2.0,C016187,두부/두유제조기,C016184,3,주방가전 > 식품제조기 > 두부/두유제조기
G마켓2.0,C016188,식품건조기,C016184,3,주방가전 > 식품제조기 > 식품건조기
G마켓2.0,C016189,식품제조기용품,C016184,3,주방가전 > 식품제조기 > 식품제조기용품
G마켓2.0,C016190,요구르트제조기,C016184,3,주방가전 > 식품제조기 > 요구르트제조기
G마켓2.0,C016191,제면기,C016184,3,주방가전 > 식품제조기 > 제면기
G마켓2.0,C016192,제빵기/제과기,C016184,3,주방가전 > 식품제조기 > 제빵기/제과기
G마켓2.0,C016193,죽제조기,C016184,3,주방가전 > 식품제조기 > 죽제조기
G마켓2.0,C016194,채유기,C016184,3,주방가전 > 식품제조기 > 채유기
G마켓2.0,C016195,탄산수제조기,C016184,3,주방가전 > 식품제조기 > 탄산수제조기
G마켓2.0,C016196,팝콘제조기,C016184,3,주방가전 > 식품제조기 > 팝콘제조기
G마켓2.0,C016197,햄버거메이커,C016184,3,주방가전 > 식품제조기 > 햄버거메이커
G마켓2.0,C016199,오븐,C016138,2,주방가전 > 오븐
G마켓2.0,C016198,가스오븐,C016199,3,주방가전 > 오븐 > 가스오븐
G마켓2.0,C016200,전기오븐,C016199,3,주방가전 > 오븐 > 전기오븐
G마켓2.0,C016202,전기그릴/전기팬,C016138,2,주방가전 > 전기그릴/전기팬
G마켓2.0,C016201,전기그릴,C016202,3,주방가전 > 전기그릴/전기팬 > 전기그릴
G마켓2.0,C016203,전기그릴/전기팬용품,C016202,3,주방가전 > 전기그릴/전기팬 > 전기그릴/전기팬용품
G마켓2.0,C016204,전기팬,C016202,3,주방가전 > 전기그릴/전기팬 > 전기팬
G마켓2.0,C016206,전기밥솥,C016138,2,주방가전 > 전기밥솥
G마켓2.0,C016205,전기밥솥,C016206,3,주방가전 > 전기밥솥 > 전기밥솥
G마켓2.0,C016207,전기밥솥용품,C016206,3,주방가전 > 전기밥솥 > 전기밥솥용품
G마켓2.0,C016209,전기쿠커,C016138,2,주방가전 > 전기쿠커
G마켓2.0,C016208,전기냄비,C016209,3,주방가전 > 전기쿠커 > 전기냄비
G마켓2.0,C016210,전기찜기,C016209,3,주방가전 > 전기쿠커 > 전기찜기
G마켓2.0,C016212,전기포트,C016138,2,주방가전 > 전기포트
G마켓2.0,C016211,라면포트,C016212,3,주방가전 > 전기포트 > 라면포트
G마켓2.0,C016213,보온/분유포트,C016212,3,주방가전 > 전기포트 > 보온/분유포트
G마켓2.0,C016214,일반전기포트,C016212,3,주방가전 > 전기포트 > 일반전기포트
G마켓2.0,C016215,전기포트용품,C016212,3,주방가전 > 전기포트 > 전기포트용품
G마켓2.0,C016217,주방보조기기,C016138,2,주방가전 > 주방보조기기
G마켓2.0,C016216,비닐접착기,C016217,3,주방가전 > 주방보조기기 > 비닐접착기
G마켓2.0,C016218,음식물처리기,C016217,3,주방가전 > 주방보조기기 > 음식물처리기
G마켓2.0,C016219,주방보조기기용품,C016217,3,주방가전 > 주방보조기기 > 주방보조기기용품
G마켓2.0,C016220,진공포장기,C016217,3,주방가전 > 주방보조기기 > 진공포장기
G마켓2.0,C016222,중탕기/약탕기,C016138,2,주방가전 > 중탕기/약탕기
G마켓2.0,C016221,약탕기,C016222,3,주방가전 > 중탕기/약탕기 > 약탕기
G마켓2.0,C016223,중탕기,C016222,3,주방가전 > 중탕기/약탕기 > 중탕기
G마켓2.0,C016224,중탕기/약탕기용품,C016222,3,주방가전 > 중탕기/약탕기 > 중탕기/약탕기용품
G마켓2.0,C016225,홍삼액제조기,C016222,3,주방가전 > 중탕기/약탕기 > 홍삼액제조기
G마켓2.0,C016227,커피메이커,C016138,2,주방가전 > 커피메이커
G마켓2.0,C016226,드립커피머신,C016227,3,주방가전 > 커피메이커 > 드립커피머신
G마켓2.0,C016228,에스프레소머신,C016227,3,주방가전 > 커피메이커 > 에스프레소머신
G마켓2.0,C016229,우유거품기계,C016227,3,주방가전 > 커피메이커 > 우유거품기계
G마켓2.0,C016230,전동그라인더,C016227,3,주방가전 > 커피메이커 > 전동그라인더
G마켓2.0,C016231,캡슐커피머신,C016227,3,주방가전 > 커피메이커 > 캡슐커피머신
G마켓2.0,C016232,커피로스터기,C016227,3,주방가전 > 커피메이커 > 커피로스터기
G마켓2.0,C016233,커피메이커용품,C016227,3,주방가전 > 커피메이커 > 커피메이커용품
G마켓2.0,C016234,커피자판기,C016227,3,주방가전 > 커피메이커 > 커피자판기
G마켓2.0,C016236,토스터기,C016138,2,주방가전 > 토스터기
G마켓2.0,C016235,토스터기,C016236,3,주방가전 > 토스터기 > 토스터기
G마켓2.0,C016238,튀김기,C016138,2,주방가전 > 튀김기
G마켓2.0,C016237,에어프라이어,C016238,3,주방가전 > 튀김기 > 에어프라이어
G마켓2.0,C016239,튀김기,C016238,3,주방가전 > 튀김기 > 튀김기
G마켓2.0,C016240,튀김기용품,C016238,3,주방가전 > 튀김기 > 튀김기용품
G마켓2.0,C016243,주방용품,ROOT,1,주방용품
G마켓2.0,C016242,냄비/솥,C016243,2,주방용품 > 냄비/솥
G마켓2.0,C016241,가마솥,C016242,3,주방용품 > 냄비/솥 > 가마솥
G마켓2.0,C016244,곰솥,C016242,3,주방용품 > 냄비/솥 > 곰솥
G마켓2.0,C016245,냄비,C016242,3,주방용품 > 냄비/솥 > 냄비
G마켓2.0,C016246,돌솥,C016242,3,주방용품 > 냄비/솥 > 돌솥
G마켓2.0,C016247,들통,C016242,3,주방용품 > 냄비/솥 > 들통
G마켓2.0,C016248,뚝배기,C016242,3,주방용품 > 냄비/솥 > 뚝배기
G마켓2.0,C016249,압력솥,C016242,3,주방용품 > 냄비/솥 > 압력솥
G마켓2.0,C016250,찜솥,C016242,3,주방용품 > 냄비/솥 > 찜솥
G마켓2.0,C016252,보관/밀폐용기,C016243,2,주방용품 > 보관/밀폐용기
G마켓2.0,C016251,기타보관/밀폐용기,C016252,3,주방용품 > 보관/밀폐용기 > 기타보관/밀폐용기
G마켓2.0,C016253,김치통,C016252,3,주방용품 > 보관/밀폐용기 > 김치통
G마켓2.0,C016254,도시락/찬합,C016252,3,주방용품 > 보관/밀폐용기 > 도시락/찬합
G마켓2.0,C016255,물통/물병,C016252,3,주방용품 > 보관/밀폐용기 > 물통/물병
G마켓2.0,C016256,밀폐용기,C016252,3,주방용품 > 보관/밀폐용기 > 밀폐용기
G마켓2.0,C016257,밧드/반찬통,C016252,3,주방용품 > 보관/밀폐용기 > 밧드/반찬통
G마켓2.0,C016258,보온병/보냉병,C016252,3,주방용품 > 보관/밀폐용기 > 보온병/보냉병
G마켓2.0,C016259,소스병,C016252,3,주방용품 > 보관/밀폐용기 > 소스병
G마켓2.0,C016260,술병,C016252,3,주방용품 > 보관/밀폐용기 > 술병
G마켓2.0,C016261,시리얼디스펜서,C016252,3,주방용품 > 보관/밀폐용기 > 시리얼디스펜서
G마켓2.0,C016262,쌀통,C016252,3,주방용품 > 보관/밀폐용기 > 쌀통
G마켓2.0,C016263,아이스트레이,C016252,3,주방용품 > 보관/밀폐용기 > 아이스트레이
G마켓2.0,C016264,양념통,C016252,3,주방용품 > 보관/밀폐용기 > 양념통
G마켓2.0,C016265,쟁반,C016252,3,주방용품 > 보관/밀폐용기 > 쟁반
G마켓2.0,C016266,항아리,C016252,3,주방용품 > 보관/밀폐용기 > 항아리
G마켓2.0,C016268,수저/포크,C016243,2,주방용품 > 수저/포크
G마켓2.0,C016267,나이프,C016268,3,주방용품 > 수저/포크 > 나이프
G마켓2.0,C016269,수저받침,C016268,3,주방용품 > 수저/포크 > 수저받침
G마켓2.0,C016270,수저세트,C016268,3,주방용품 > 수저/포크 > 수저세트
G마켓2.0,C016271,숟가락/젓가락,C016268,3,주방용품 > 수저/포크 > 숟가락/젓가락
G마켓2.0,C016272,양식기세트,C016268,3,주방용품 > 수저/포크 > 양식기세트
G마켓2.0,C016273,티스푼,C016268,3,주방용품 > 수저/포크 > 티스푼
G마켓2.0,C016274,티스푼/포크세트,C016268,3,주방용품 > 수저/포크 > 티스푼/포크세트
G마켓2.0,C016275,티포크,C016268,3,주방용품 > 수저/포크 > 티포크
G마켓2.0,C016276,포크,C016268,3,주방용품 > 수저/포크 > 포크
G마켓2.0,C016278,식기,C016243,2,주방용품 > 식기
G마켓2.0,C016277,공기,C016278,3,주방용품 > 식기 > 공기
G마켓2.0,C016279,기타식기,C016278,3,주방용품 > 식기 > 기타식기
G마켓2.0,C016280,대접,C016278,3,주방용품 > 식기 > 대접
G마켓2.0,C016281,면기,C016278,3,주방용품 > 식기 > 면기
G마켓2.0,C016282,식기세트,C016278,3,주방용품 > 식기 > 식기세트
G마켓2.0,C016283,식판,C016278,3,주방용품 > 식기 > 식판
G마켓2.0,C016284,접시,C016278,3,주방용품 > 식기 > 접시
G마켓2.0,C016285,찬기,C016278,3,주방용품 > 식기 > 찬기
G마켓2.0,C016287,와인용품,C016243,2,주방용품 > 와인용품
G마켓2.0,C016286,기타와인용품,C016287,3,주방용품 > 와인용품 > 기타와인용품
G마켓2.0,C016288,와인디캔터,C016287,3,주방용품 > 와인용품 > 와인디캔터
G마켓2.0,C016289,와인랙,C016287,3,주방용품 > 와인용품 > 와인랙
G마켓2.0,C016290,와인스토퍼,C016287,3,주방용품 > 와인용품 > 와인스토퍼
G마켓2.0,C016291,와인오프너,C016287,3,주방용품 > 와인용품 > 와인오프너
G마켓2.0,C016292,와인쿨러/버킷,C016287,3,주방용품 > 와인용품 > 와인쿨러/버킷
G마켓2.0,C016294,제과/제빵도구,C016243,2,주방용품 > 제과/제빵도구
G마켓2.0,C016293,계량스푼/컵/스쿱,C016294,3,주방용품 > 제과/제빵도구 > 계량스푼/컵/스쿱
G마켓2.0,C016295,기타제과/제빵도구,C016294,3,주방용품 > 제과/제빵도구 > 기타제과/제빵도구
G마켓2.0,C016296,베이킹컵,C016294,3,주방용품 > 제과/제빵도구 > 베이킹컵
G마켓2.0,C016297,베이킹틀,C016294,3,주방용품 > 제과/제빵도구 > 베이킹틀
G마켓2.0,C016298,베이킹팬,C016294,3,주방용품 > 제과/제빵도구 > 베이킹팬
G마켓2.0,C016299,빵칼/스크래퍼,C016294,3,주방용품 > 제과/제빵도구 > 빵칼/스크래퍼
G마켓2.0,C016300,유산지/베이킹매트,C016294,3,주방용품 > 제과/제빵도구 > 유산지/베이킹매트
G마켓2.0,C016301,조리용온도계,C016294,3,주방용품 > 제과/제빵도구 > 조리용온도계
G마켓2.0,C016302,주방저울,C016294,3,주방용품 > 제과/제빵도구 > 주방저울
G마켓2.0,C016303,짤주머니/반죽밀대,C016294,3,주방용품 > 제과/제빵도구 > 짤주머니/반죽밀대
G마켓2.0,C016304,케익스탠드/트레이,C016294,3,주방용품 > 제과/제빵도구 > 케익스탠드/트레이
G마켓2.0,C016305,쿠키커터,C016294,3,주방용품 > 제과/제빵도구 > 쿠키커터
G마켓2.0,C016306,쿠킹타이머,C016294,3,주방용품 > 제과/제빵도구 > 쿠킹타이머
G마켓2.0,C016308,제수용품,C016243,2,주방용품 > 제수용품
G마켓2.0,C016307,기타제수용품,C016308,3,주방용품 > 제수용품 > 기타제수용품
G마켓2.0,C016309,병풍/제사용돗자리,C016308,3,주방용품 > 제수용품 > 병풍/제사용돗자리
G마켓2.0,C016310,제기세트,C016308,3,주방용품 > 제수용품 > 제기세트
G마켓2.0,C016311,제기함,C016308,3,주방용품 > 제수용품 > 제기함
G마켓2.0,C016312,제사용향/초,C016308,3,주방용품 > 제수용품 > 제사용향/초
G마켓2.0,C016314,조리도구,C016243,2,주방용품 > 조리도구
G마켓2.0,C016313,거품기,C016314,3,주방용품 > 조리도구 > 거품기
G마켓2.0,C016315,국자,C016314,3,주방용품 > 조리도구 > 국자
G마켓2.0,C016316,기타조리도구,C016314,3,주방용품 > 조리도구 > 기타조리도구
G마켓2.0,C016317,김밥/주먹밥틀,C016314,3,주방용품 > 조리도구 > 김밥/주먹밥틀
G마켓2.0,C016318,다시망,C016314,3,주방용품 > 조리도구 > 다시망
G마켓2.0,C016319,도마,C016314,3,주방용품 > 조리도구 > 도마
G마켓2.0,C016320,뒤집개,C016314,3,주방용품 > 조리도구 > 뒤집개
G마켓2.0,C016321,믹싱볼,C016314,3,주방용품 > 조리도구 > 믹싱볼
G마켓2.0,C016322,야채탈수기,C016314,3,주방용품 > 조리도구 > 야채탈수기
G마켓2.0,C016323,주걱,C016314,3,주방용품 > 조리도구 > 주걱
G마켓2.0,C016324,주방집게,C016314,3,주방용품 > 조리도구 > 주방집게
G마켓2.0,C016325,찜기,C016314,3,주방용품 > 조리도구 > 찜기
G마켓2.0,C016326,착즙기,C016314,3,주방용품 > 조리도구 > 착즙기
G마켓2.0,C016327,채반,C016314,3,주방용품 > 조리도구 > 채반
G마켓2.0,C016328,키친툴세트,C016314,3,주방용품 > 조리도구 > 키친툴세트
G마켓2.0,C016330,주방소모품,C016243,2,주방용품 > 주방소모품
G마켓2.0,C016329,고무장갑,C016330,3,주방용품 > 주방소모품 > 고무장갑
G마켓2.0,C016331,기타주방소모품,C016330,3,주방용품 > 주방소모품 > 기타주방소모품
G마켓2.0,C016332,김장비닐,C016330,3,주방용품 > 주방소모품 > 김장비닐
G마켓2.0,C016333,랩,C016330,3,주방용품 > 주방소모품 > 랩
G마켓2.0,C016334,롤백,C016330,3,주방용품 > 주방소모품 > 롤백
G마켓2.0,C016335,비닐봉투,C016330,3,주방용품 > 주방소모품 > 비닐봉투
G마켓2.0,C016336,수세미,C016330,3,주방용품 > 주방소모품 > 수세미
G마켓2.0,C016337,쓰레기봉투,C016330,3,주방용품 > 주방소모품 > 쓰레기봉투
G마켓2.0,C016338,위생장갑,C016330,3,주방용품 > 주방소모품 > 위생장갑
G마켓2.0,C016339,지퍼백,C016330,3,주방용품 > 주방소모품 > 지퍼백
G마켓2.0,C016340,행주,C016330,3,주방용품 > 주방소모품 > 행주
G마켓2.0,C016341,호일,C016330,3,주방용품 > 주방소모품 > 호일
G마켓2.0,C016343,주방잡화,C016243,2,주방용품 > 주방잡화
G마켓2.0,C016342,기타주방잡화,C016343,3,주방용품 > 주방잡화 > 기타주방잡화
G마켓2.0,C016344,김장매트,C016343,3,주방용품 > 주방잡화 > 김장매트
G마켓2.0,C016345,냄비받침,C016343,3,주방용품 > 주방잡화 > 냄비받침
G마켓2.0,C016346,밥상보,C016343,3,주방용품 > 주방잡화 > 밥상보
G마켓2.0,C016347,설거지통,C016343,3,주방용품 > 주방잡화 > 설거지통
G마켓2.0,C016348,식탁매트,C016343,3,주방용품 > 주방잡화 > 식탁매트
G마켓2.0,C016349,싱크대거름망,C016343,3,주방용품 > 주방잡화 > 싱크대거름망
G마켓2.0,C016350,싱크대물막이,C016343,3,주방용품 > 주방잡화 > 싱크대물막이
G마켓2.0,C016351,앞치마,C016343,3,주방용품 > 주방잡화 > 앞치마
G마켓2.0,C016352,조리복/위생모자,C016343,3,주방용품 > 주방잡화 > 조리복/위생모자
G마켓2.0,C016353,종이컵디스펜서,C016343,3,주방용품 > 주방잡화 > 종이컵디스펜서
G마켓2.0,C016354,주방매트,C016343,3,주방용품 > 주방잡화 > 주방매트
G마켓2.0,C016355,주방세척솔,C016343,3,주방용품 > 주방잡화 > 주방세척솔
G마켓2.0,C016356,주방장갑,C016343,3,주방용품 > 주방잡화 > 주방장갑
G마켓2.0,C016357,컵받침,C016343,3,주방용품 > 주방잡화 > 컵받침
G마켓2.0,C016358,프라이팬덮개,C016343,3,주방용품 > 주방잡화 > 프라이팬덮개
G마켓2.0,C016360,주방정리용품,C016243,2,주방용품 > 주방정리용품
G마켓2.0,C016359,기타주방정리용품,C016360,3,주방용품 > 주방정리용품 > 기타주방정리용품
G마켓2.0,C016361,냉장고선반/트레이,C016360,3,주방용품 > 주방정리용품 > 냉장고선반/트레이
G마켓2.0,C016362,도마꽂이,C016360,3,주방용품 > 주방정리용품 > 도마꽂이
G마켓2.0,C016363,수저통,C016360,3,주방용품 > 주방정리용품 > 수저통
G마켓2.0,C016364,식기건조대,C016360,3,주방용품 > 주방정리용품 > 식기건조대
G마켓2.0,C016365,싱크롤,C016360,3,주방용품 > 주방정리용품 > 싱크롤
G마켓2.0,C016366,접시정리대,C016360,3,주방용품 > 주방정리용품 > 접시정리대
G마켓2.0,C016367,주방걸이,C016360,3,주방용품 > 주방정리용품 > 주방걸이
G마켓2.0,C016368,주방선반,C016360,3,주방용품 > 주방정리용품 > 주방선반
G마켓2.0,C016369,칼꽂이,C016360,3,주방용품 > 주방정리용품 > 칼꽂이
G마켓2.0,C016370,컵걸이,C016360,3,주방용품 > 주방정리용품 > 컵걸이
G마켓2.0,C016371,프라이팬정리대,C016360,3,주방용품 > 주방정리용품 > 프라이팬정리대
G마켓2.0,C016373,주전자/티포트,C016243,2,주방용품 > 주전자/티포트
G마켓2.0,C016372,주전자,C016373,3,주방용품 > 주전자/티포트 > 주전자
G마켓2.0,C016374,차거름망,C016373,3,주방용품 > 주전자/티포트 > 차거름망
G마켓2.0,C016375,티포트,C016373,3,주방용품 > 주전자/티포트 > 티포트
G마켓2.0,C016377,칼/커팅기구,C016243,2,주방용품 > 칼/커팅기구
G마켓2.0,C016376,강판,C016377,3,주방용품 > 칼/커팅기구 > 강판
G마켓2.0,C016378,기타칼/커팅기구,C016377,3,주방용품 > 칼/커팅기구 > 기타칼/커팅기구
G마켓2.0,C016379,다지기,C016377,3,주방용품 > 칼/커팅기구 > 다지기
G마켓2.0,C016380,절구/맷돌,C016377,3,주방용품 > 칼/커팅기구 > 절구/맷돌
G마켓2.0,C016381,주방가위,C016377,3,주방용품 > 칼/커팅기구 > 주방가위
G마켓2.0,C016382,채칼/필러,C016377,3,주방용품 > 칼/커팅기구 > 채칼/필러
G마켓2.0,C016383,칼,C016377,3,주방용품 > 칼/커팅기구 > 칼
G마켓2.0,C016384,칼갈이,C016377,3,주방용품 > 칼/커팅기구 > 칼갈이
G마켓2.0,C016386,커피용품,C016243,2,주방용품 > 커피용품
G마켓2.0,C016385,기타커피용품,C016386,3,주방용품 > 커피용품 > 기타커피용품
G마켓2.0,C016387,드립포트/서버,C016386,3,주방용품 > 커피용품 > 드립포트/서버
G마켓2.0,C016388,스팀피쳐/저그,C016386,3,주방용품 > 커피용품 > 스팀피쳐/저그
G마켓2.0,C016389,여과지,C016386,3,주방용품 > 커피용품 > 여과지
G마켓2.0,C016390,커피보관용기,C016386,3,주방용품 > 커피용품 > 커피보관용기
G마켓2.0,C016391,커피여과기,C016386,3,주방용품 > 커피용품 > 커피여과기
G마켓2.0,C016392,커피추출기,C016386,3,주방용품 > 커피용품 > 커피추출기
G마켓2.0,C016393,템퍼,C016386,3,주방용품 > 커피용품 > 템퍼
G마켓2.0,C016394,핸드드리퍼,C016386,3,주방용품 > 커피용품 > 핸드드리퍼
G마켓2.0,C016395,핸드밀,C016386,3,주방용품 > 커피용품 > 핸드밀
G마켓2.0,C016397,컵/잔,C016243,2,주방용품 > 컵/잔
G마켓2.0,C016396,기타컵/잔,C016397,3,주방용품 > 컵/잔 > 기타컵/잔
G마켓2.0,C016398,다기세트,C016397,3,주방용품 > 컵/잔 > 다기세트
G마켓2.0,C016399,머그,C016397,3,주방용품 > 컵/잔 > 머그
G마켓2.0,C016400,물컵,C016397,3,주방용품 > 컵/잔 > 물컵
G마켓2.0,C016401,술잔,C016397,3,주방용품 > 컵/잔 > 술잔
G마켓2.0,C016402,찻잔,C016397,3,주방용품 > 컵/잔 > 찻잔
G마켓2.0,C016403,찻잔세트,C016397,3,주방용품 > 컵/잔 > 찻잔세트
G마켓2.0,C016404,텀블러,C016397,3,주방용품 > 컵/잔 > 텀블러
G마켓2.0,C016406,프라이팬,C016243,2,주방용품 > 프라이팬
G마켓2.0,C016405,구이팬,C016406,3,주방용품 > 프라이팬 > 구이팬
G마켓2.0,C016407,궁중팬,C016406,3,주방용품 > 프라이팬 > 궁중팬
G마켓2.0,C016408,양면팬,C016406,3,주방용품 > 프라이팬 > 양면팬
G마켓2.0,C016409,일반프라이팬,C016406,3,주방용품 > 프라이팬 > 일반프라이팬
G마켓2.0,C016410,프라이팬세트,C016406,3,주방용품 > 프라이팬 > 프라이팬세트
G마켓2.0,C016413,침구/커튼,ROOT,1,침구/커튼
G마켓2.0,C016412,방석/쿠션,C016413,2,침구/커튼 > 방석/쿠션
G마켓2.0,C016411,기능성방석,C016412,3,침구/커튼 > 방석/쿠션 > 기능성방석
G마켓2.0,C016414,기능성쿠션,C016412,3,침구/커튼 > 방석/쿠션 > 기능성쿠션
G마켓2.0,C016415,대방석,C016412,3,침구/커튼 > 방석/쿠션 > 대방석
G마켓2.0,C016416,대쿠션,C016412,3,침구/커튼 > 방석/쿠션 > 대쿠션
G마켓2.0,C016417,등받이쿠션,C016412,3,침구/커튼 > 방석/쿠션 > 등받이쿠션
G마켓2.0,C016418,목쿠션,C016412,3,침구/커튼 > 방석/쿠션 > 목쿠션
G마켓2.0,C016419,바디필로우,C016412,3,침구/커튼 > 방석/쿠션 > 바디필로우
G마켓2.0,C016420,방석,C016412,3,침구/커튼 > 방석/쿠션 > 방석
G마켓2.0,C016421,죽부인,C016412,3,침구/커튼 > 방석/쿠션 > 죽부인
G마켓2.0,C016422,쿠션,C016412,3,침구/커튼 > 방석/쿠션 > 쿠션
G마켓2.0,C016423,헤드쿠션,C016412,3,침구/커튼 > 방석/쿠션 > 헤드쿠션
G마켓2.0,C016425,베개/베개커버,C016413,2,침구/커튼 > 베개/베개커버
G마켓2.0,C016424,경침/목침,C016425,3,침구/커튼 > 베개/베개커버 > 경침/목침
G마켓2.0,C016426,베개,C016425,3,침구/커튼 > 베개/베개커버 > 베개
G마켓2.0,C016427,베개커버,C016425,3,침구/커튼 > 베개/베개커버 > 베개커버
G마켓2.0,C016429,블라인드,C016413,2,침구/커튼 > 블라인드
G마켓2.0,C016428,롤스크린,C016429,3,침구/커튼 > 블라인드 > 롤스크린
G마켓2.0,C016430,문발,C016429,3,침구/커튼 > 블라인드 > 문발
G마켓2.0,C016431,버티컬,C016429,3,침구/커튼 > 블라인드 > 버티컬
G마켓2.0,C016432,블라인드,C016429,3,침구/커튼 > 블라인드 > 블라인드
G마켓2.0,C016434,솜,C016413,2,침구/커튼 > 솜
G마켓2.0,C016433,방석솜,C016434,3,침구/커튼 > 솜 > 방석솜
G마켓2.0,C016435,베개솜,C016434,3,침구/커튼 > 솜 > 베개솜
G마켓2.0,C016436,요솜,C016434,3,침구/커튼 > 솜 > 요솜
G마켓2.0,C016437,이불솜,C016434,3,침구/커튼 > 솜 > 이불솜
G마켓2.0,C016438,쿠션솜,C016434,3,침구/커튼 > 솜 > 쿠션솜
G마켓2.0,C016440,수예용품,C016413,2,침구/커튼 > 수예용품
G마켓2.0,C016439,기타수예용품,C016440,3,침구/커튼 > 수예용품 > 기타수예용품
G마켓2.0,C016441,뜨개실,C016440,3,침구/커튼 > 수예용품 > 뜨개실
G마켓2.0,C016442,비즈/리본,C016440,3,침구/커튼 > 수예용품 > 비즈/리본
G마켓2.0,C016443,십자수,C016440,3,침구/커튼 > 수예용품 > 십자수
G마켓2.0,C016444,퀼트용품,C016440,3,침구/커튼 > 수예용품 > 퀼트용품
G마켓2.0,C016445,패브릭원단,C016440,3,침구/커튼 > 수예용품 > 패브릭원단
G마켓2.0,C016446,펠트용품,C016440,3,침구/커튼 > 수예용품 > 펠트용품
G마켓2.0,C016448,아동침구,C016413,2,침구/커튼 > 아동침구
G마켓2.0,C016447,낮잠이불,C016448,3,침구/커튼 > 아동침구 > 낮잠이불
G마켓2.0,C016449,방수요,C016448,3,침구/커튼 > 아동침구 > 방수요
G마켓2.0,C016450,아동베개/커버,C016448,3,침구/커튼 > 아동침구 > 아동베개/커버
G마켓2.0,C016451,아동요/패드,C016448,3,침구/커튼 > 아동침구 > 아동요/패드
G마켓2.0,C016452,아동이불,C016448,3,침구/커튼 > 아동침구 > 아동이불
G마켓2.0,C016453,아동침구세트,C016448,3,침구/커튼 > 아동침구 > 아동침구세트
G마켓2.0,C016454,아동카페트,C016448,3,침구/커튼 > 아동침구 > 아동카페트
G마켓2.0,C016456,이불,C016413,2,침구/커튼 > 이불
G마켓2.0,C016455,담요,C016456,3,침구/커튼 > 이불 > 담요
G마켓2.0,C016457,이불커버,C016456,3,침구/커튼 > 이불 > 이불커버
G마켓2.0,C016458,차렵이불,C016456,3,침구/커튼 > 이불 > 차렵이불
G마켓2.0,C016459,홑이불,C016456,3,침구/커튼 > 이불 > 홑이불
G마켓2.0,C016461,침구세트,C016413,2,침구/커튼 > 침구세트
G마켓2.0,C016460,이불베개세트,C016461,3,침구/커튼 > 침구세트 > 이불베개세트
G마켓2.0,C016462,이불토퍼세트,C016461,3,침구/커튼 > 침구세트 > 이불토퍼세트
G마켓2.0,C016463,이불패드세트,C016461,3,침구/커튼 > 침구세트 > 이불패드세트
G마켓2.0,C016464,침대커버세트,C016461,3,침구/커튼 > 침구세트 > 침대커버세트
G마켓2.0,C016465,혼수예단세트,C016461,3,침구/커튼 > 침구세트 > 혼수예단세트
G마켓2.0,C016467,침대/매트커버,C016413,2,침구/커튼 > 침대/매트커버
G마켓2.0,C016466,매트커버,C016467,3,침구/커튼 > 침대/매트커버 > 매트커버
G마켓2.0,C016468,침대커버,C016467,3,침구/커튼 > 침대/매트커버 > 침대커버
G마켓2.0,C016470,카페트/러그,C016413,2,침구/커튼 > 카페트/러그
G마켓2.0,C016469,대자리/마작자리,C016470,3,침구/커튼 > 카페트/러그 > 대자리/마작자리
G마켓2.0,C016471,러그,C016470,3,침구/커튼 > 카페트/러그 > 러그
G마켓2.0,C016472,발매트,C016470,3,침구/커튼 > 카페트/러그 > 발매트
G마켓2.0,C016473,왕골자리,C016470,3,침구/커튼 > 카페트/러그 > 왕골자리
G마켓2.0,C016474,카페트,C016470,3,침구/커튼 > 카페트/러그 > 카페트
G마켓2.0,C016476,커버류,C016413,2,침구/커튼 > 커버류
G마켓2.0,C016475,기타커버류,C016476,3,침구/커튼 > 커버류 > 기타커버류
G마켓2.0,C016477,냉장고커버,C016476,3,침구/커튼 > 커버류 > 냉장고커버
G마켓2.0,C016478,러너,C016476,3,침구/커튼 > 커버류 > 러너
G마켓2.0,C016479,선풍기커버,C016476,3,침구/커튼 > 커버류 > 선풍기커버
G마켓2.0,C016480,소파커버,C016476,3,침구/커튼 > 커버류 > 소파커버
G마켓2.0,C016481,소파패드,C016476,3,침구/커튼 > 커버류 > 소파패드
G마켓2.0,C016482,식탁보,C016476,3,침구/커튼 > 커버류 > 식탁보
G마켓2.0,C016483,에어컨커버,C016476,3,침구/커튼 > 커버류 > 에어컨커버
G마켓2.0,C016484,의자커버,C016476,3,침구/커튼 > 커버류 > 의자커버
G마켓2.0,C016485,티슈커버,C016476,3,침구/커튼 > 커버류 > 티슈커버
G마켓2.0,C016487,커튼,C016413,2,침구/커튼 > 커튼
G마켓2.0,C016486,로만쉐이드,C016487,3,침구/커튼 > 커튼 > 로만쉐이드
G마켓2.0,C016488,바란스,C016487,3,침구/커튼 > 커튼 > 바란스
G마켓2.0,C016489,캐노피,C016487,3,침구/커튼 > 커튼 > 캐노피
G마켓2.0,C016490,커튼,C016487,3,침구/커튼 > 커튼 > 커튼
G마켓2.0,C016491,커튼봉/레일,C016487,3,침구/커튼 > 커튼 > 커튼봉/레일
G마켓2.0,C016492,커튼용품,C016487,3,침구/커튼 > 커튼 > 커튼용품
G마켓2.0,C016494,토퍼/패드,C016413,2,침구/커튼 > 토퍼/패드
G마켓2.0,C016493,간이매트,C016494,3,침구/커튼 > 토퍼/패드 > 간이매트
G마켓2.0,C016495,요/요커버,C016494,3,침구/커튼 > 토퍼/패드 > 요/요커버
G마켓2.0,C016496,침대패드,C016494,3,침구/커튼 > 토퍼/패드 > 침대패드
G마켓2.0,C016497,쿨매트,C016494,3,침구/커튼 > 토퍼/패드 > 쿨매트
G마켓2.0,C016498,토퍼,C016494,3,침구/커튼 > 토퍼/패드 > 토퍼
G마켓2.0,C016501,카메라,ROOT,1,카메라
G마켓2.0,C016500,CCTV,C016501,2,카메라 > CCTV
G마켓2.0,C016499,CCTV카메라,C016500,3,카메라 > CCTV > CCTV카메라
G마켓2.0,C016502,CCTV카메라용품,C016500,3,카메라 > CCTV > CCTV카메라용품
G마켓2.0,C016504,디지털카메라,C016501,2,카메라 > 디지털카메라
G마켓2.0,C016503,DSLR카메라,C016504,3,카메라 > 디지털카메라 > DSLR카메라
G마켓2.0,C016505,미러리스카메라,C016504,3,카메라 > 디지털카메라 > 미러리스카메라
G마켓2.0,C016506,일반디지털카메라,C016504,3,카메라 > 디지털카메라 > 일반디지털카메라
G마켓2.0,C016508,렌즈용품,C016501,2,카메라 > 렌즈용품
G마켓2.0,C016507,렌즈어댑터,C016508,3,카메라 > 렌즈용품 > 렌즈어댑터
G마켓2.0,C016509,렌즈캡,C016508,3,카메라 > 렌즈용품 > 렌즈캡
G마켓2.0,C016510,렌즈케이스,C016508,3,카메라 > 렌즈용품 > 렌즈케이스
G마켓2.0,C016511,렌즈필터,C016508,3,카메라 > 렌즈용품 > 렌즈필터
G마켓2.0,C016512,렌즈후드,C016508,3,카메라 > 렌즈용품 > 렌즈후드
G마켓2.0,C016513,접사링,C016508,3,카메라 > 렌즈용품 > 접사링
G마켓2.0,C016514,컨버젼렌즈,C016508,3,카메라 > 렌즈용품 > 컨버젼렌즈
G마켓2.0,C016516,사진인화,C016501,2,카메라 > 사진인화
G마켓2.0,C016515,인화서비스,C016516,3,카메라 > 사진인화 > 인화서비스
G마켓2.0,C016518,삼각대용품,C016501,2,카메라 > 삼각대용품
G마켓2.0,C016517,기타삼각대용품,C016518,3,카메라 > 삼각대용품 > 기타삼각대용품
G마켓2.0,C016519,모노포드,C016518,3,카메라 > 삼각대용품 > 모노포드
G마켓2.0,C016520,삼각대플레이트,C016518,3,카메라 > 삼각대용품 > 삼각대플레이트
G마켓2.0,C016521,삼각대헤드,C016518,3,카메라 > 삼각대용품 > 삼각대헤드
G마켓2.0,C016522,카메라삼각대,C016518,3,카메라 > 삼각대용품 > 카메라삼각대
G마켓2.0,C016524,즉석카메라,C016501,2,카메라 > 즉석카메라
G마켓2.0,C016523,즉석카메라,C016524,3,카메라 > 즉석카메라 > 즉석카메라
G마켓2.0,C016526,촬영용품,C016501,2,카메라 > 촬영용품
G마켓2.0,C016525,기타촬영용품,C016526,3,카메라 > 촬영용품 > 기타촬영용품
G마켓2.0,C016527,동조기,C016526,3,카메라 > 촬영용품 > 동조기
G마켓2.0,C016528,반사판,C016526,3,카메라 > 촬영용품 > 반사판
G마켓2.0,C016529,소프트박스,C016526,3,카메라 > 촬영용품 > 소프트박스
G마켓2.0,C016530,스튜디오세트,C016526,3,카메라 > 촬영용품 > 스튜디오세트
G마켓2.0,C016531,촬영배경지,C016526,3,카메라 > 촬영용품 > 촬영배경지
G마켓2.0,C016532,촬영스탠드,C016526,3,카메라 > 촬영용품 > 촬영스탠드
G마켓2.0,C016533,촬영용조명우산,C016526,3,카메라 > 촬영용품 > 촬영용조명우산
G마켓2.0,C016534,촬영용테이블,C016526,3,카메라 > 촬영용품 > 촬영용테이블
G마켓2.0,C016535,프리뷰모니터,C016526,3,카메라 > 촬영용품 > 프리뷰모니터
G마켓2.0,C016537,카메라렌즈,C016501,2,카메라 > 카메라렌즈
G마켓2.0,C016536,DSLR렌즈,C016537,3,카메라 > 카메라렌즈 > DSLR렌즈
G마켓2.0,C016538,미러리스렌즈,C016537,3,카메라 > 카메라렌즈 > 미러리스렌즈
G마켓2.0,C016540,카메라액정용품,C016501,2,카메라 > 카메라액정용품
G마켓2.0,C016539,기타카메라액정용품,C016540,3,카메라 > 카메라액정용품 > 기타카메라액정용품
G마켓2.0,C016541,카메라액정보호커버,C016540,3,카메라 > 카메라액정용품 > 카메라액정보호커버
G마켓2.0,C016542,카메라액정보호필름,C016540,3,카메라 > 카메라액정용품 > 카메라액정보호필름
G마켓2.0,C016544,카메라용품,C016501,2,카메라 > 카메라용품
G마켓2.0,C016543,기타카메라용품,C016544,3,카메라 > 카메라용품 > 기타카메라용품
G마켓2.0,C016545,배터리그립/세로그립,C016544,3,카메라 > 카메라용품 > 배터리그립/세로그립
G마켓2.0,C016546,뷰파인더,C016544,3,카메라 > 카메라용품 > 뷰파인더
G마켓2.0,C016547,아이피스,C016544,3,카메라 > 카메라용품 > 아이피스
G마켓2.0,C016548,즉석카메라필름,C016544,3,카메라 > 카메라용품 > 즉석카메라필름
G마켓2.0,C016549,카메라가방/케이스,C016544,3,카메라 > 카메라용품 > 카메라가방/케이스
G마켓2.0,C016550,카메라리모컨,C016544,3,카메라 > 카메라용품 > 카메라리모컨
G마켓2.0,C016551,카메라방수팩/커버,C016544,3,카메라 > 카메라용품 > 카메라방수팩/커버
G마켓2.0,C016552,카메라배터리,C016544,3,카메라 > 카메라용품 > 카메라배터리
G마켓2.0,C016553,카메라보관함,C016544,3,카메라 > 카메라용품 > 카메라보관함
G마켓2.0,C016554,카메라스트랩,C016544,3,카메라 > 카메라용품 > 카메라스트랩
G마켓2.0,C016555,카메라청소용품,C016544,3,카메라 > 카메라용품 > 카메라청소용품
G마켓2.0,C016557,카메라조명용품,C016501,2,카메라 > 카메라조명용품
G마켓2.0,C016556,기타카메라조명용품,C016557,3,카메라 > 카메라조명용품 > 기타카메라조명용품
G마켓2.0,C016558,카메라라이트,C016557,3,카메라 > 카메라조명용품 > 카메라라이트
G마켓2.0,C016559,카메라플래시,C016557,3,카메라 > 카메라조명용품 > 카메라플래시
G마켓2.0,C016561,캠코더/액션캠,C016501,2,카메라 > 캠코더/액션캠
G마켓2.0,C016560,액션캠,C016561,3,카메라 > 캠코더/액션캠 > 액션캠
G마켓2.0,C016562,캠코더,C016561,3,카메라 > 캠코더/액션캠 > 캠코더
G마켓2.0,C016563,캠코더/액션캠용품,C016561,3,카메라 > 캠코더/액션캠 > 캠코더/액션캠용품
G마켓2.0,C016565,필름카메라,C016501,2,카메라 > 필름카메라
G마켓2.0,C016564,SLR카메라,C016565,3,카메라 > 필름카메라 > SLR카메라
G마켓2.0,C016566,자동/일회용카메라,C016565,3,카메라 > 필름카메라 > 자동/일회용카메라
G마켓2.0,C016567,토이/로모카메라,C016565,3,카메라 > 필름카메라 > 토이/로모카메라
G마켓2.0,C016569,헬리캠/드론,C016501,2,카메라 > 헬리캠/드론
G마켓2.0,C016568,헬리캠/드론,C016569,3,카메라 > 헬리캠/드론 > 헬리캠/드론
G마켓2.0,C016572,캠핑/낚시,ROOT,1,캠핑/낚시
G마켓2.0,C016571,낚시공구,C016572,2,캠핑/낚시 > 낚시공구
G마켓2.0,C016570,가위/라인커터,C016571,3,캠핑/낚시 > 낚시공구 > 가위/라인커터
G마켓2.0,C016573,결속기/샤프너,C016571,3,캠핑/낚시 > 낚시공구 > 결속기/샤프너
G마켓2.0,C016574,기타낚시공구,C016571,3,캠핑/낚시 > 낚시공구 > 기타낚시공구
G마켓2.0,C016575,낚시계측도구,C016571,3,캠핑/낚시 > 낚시공구 > 낚시계측도구
G마켓2.0,C016576,낚시칼,C016571,3,캠핑/낚시 > 낚시공구 > 낚시칼
G마켓2.0,C016577,립그립/고기집게,C016571,3,캠핑/낚시 > 낚시공구 > 립그립/고기집게
G마켓2.0,C016578,포셉/바늘빼기,C016571,3,캠핑/낚시 > 낚시공구 > 포셉/바늘빼기
G마켓2.0,C016579,플라이어/니퍼,C016571,3,캠핑/낚시 > 낚시공구 > 플라이어/니퍼
G마켓2.0,C016580,핀온릴,C016571,3,캠핑/낚시 > 낚시공구 > 핀온릴
G마켓2.0,C016582,낚시릴,C016572,2,캠핑/낚시 > 낚시릴
G마켓2.0,C016581,낚시릴용품,C016582,3,캠핑/낚시 > 낚시릴 > 낚시릴용품
G마켓2.0,C016583,베이트릴,C016582,3,캠핑/낚시 > 낚시릴 > 베이트릴
G마켓2.0,C016584,스피닝릴,C016582,3,캠핑/낚시 > 낚시릴 > 스피닝릴
G마켓2.0,C016585,전동릴,C016582,3,캠핑/낚시 > 낚시릴 > 전동릴
G마켓2.0,C016587,낚시의류/잡화,C016572,2,캠핑/낚시 > 낚시의류/잡화
G마켓2.0,C016586,기타낚시의류/잡화,C016587,3,캠핑/낚시 > 낚시의류/잡화 > 기타낚시의류/잡화
G마켓2.0,C016588,낚시구명조끼,C016587,3,캠핑/낚시 > 낚시의류/잡화 > 낚시구명조끼
G마켓2.0,C016589,낚시모자,C016587,3,캠핑/낚시 > 낚시의류/잡화 > 낚시모자
G마켓2.0,C016590,낚시복,C016587,3,캠핑/낚시 > 낚시의류/잡화 > 낚시복
G마켓2.0,C016591,낚시장갑,C016587,3,캠핑/낚시 > 낚시의류/잡화 > 낚시장갑
G마켓2.0,C016592,낚시장화,C016587,3,캠핑/낚시 > 낚시의류/잡화 > 낚시장화
G마켓2.0,C016593,낚시조끼,C016587,3,캠핑/낚시 > 낚시의류/잡화 > 낚시조끼
G마켓2.0,C016594,낚시화,C016587,3,캠핑/낚시 > 낚시의류/잡화 > 낚시화
G마켓2.0,C016595,힙커버/힙가드,C016587,3,캠핑/낚시 > 낚시의류/잡화 > 힙커버/힙가드
G마켓2.0,C016597,낚시일반용품,C016572,2,캠핑/낚시 > 낚시일반용품
G마켓2.0,C016596,기타낚시용품,C016597,3,캠핑/낚시 > 낚시일반용품 > 기타낚시용품
G마켓2.0,C016598,기포기,C016597,3,캠핑/낚시 > 낚시일반용품 > 기포기
G마켓2.0,C016599,낚시아이스박스,C016597,3,캠핑/낚시 > 낚시일반용품 > 낚시아이스박스
G마켓2.0,C016600,낚시의자,C016597,3,캠핑/낚시 > 낚시일반용품 > 낚시의자
G마켓2.0,C016601,낚싯줄,C016597,3,캠핑/낚시 > 낚시일반용품 > 낚싯줄
G마켓2.0,C016602,뜰채,C016597,3,캠핑/낚시 > 낚시일반용품 > 뜰채
G마켓2.0,C016603,봉돌/싱커,C016597,3,캠핑/낚시 > 낚시일반용품 > 봉돌/싱커
G마켓2.0,C016604,살림망/꿰미,C016597,3,캠핑/낚시 > 낚시일반용품 > 살림망/꿰미
G마켓2.0,C016605,어군탐지기/항법장치,C016597,3,캠핑/낚시 > 낚시일반용품 > 어군탐지기/항법장치
G마켓2.0,C016606,얼음낚시용품,C016597,3,캠핑/낚시 > 낚시일반용품 > 얼음낚시용품
G마켓2.0,C016607,집어등/축광장비,C016597,3,캠핑/낚시 > 낚시일반용품 > 집어등/축광장비
G마켓2.0,C016608,태클박스,C016597,3,캠핑/낚시 > 낚시일반용품 > 태클박스
G마켓2.0,C016609,통발/그물,C016597,3,캠핑/낚시 > 낚시일반용품 > 통발/그물
G마켓2.0,C016611,낚시찌,C016572,2,캠핑/낚시 > 낚시찌
G마켓2.0,C016610,기타낚시찌,C016611,3,캠핑/낚시 > 낚시찌 > 기타낚시찌
G마켓2.0,C016612,민물바닥찌/올림찌,C016611,3,캠핑/낚시 > 낚시찌 > 민물바닥찌/올림찌
G마켓2.0,C016613,민물중층찌/내림찌,C016611,3,캠핑/낚시 > 낚시찌 > 민물중층찌/내림찌
G마켓2.0,C016614,바다구멍찌,C016611,3,캠핑/낚시 > 낚시찌 > 바다구멍찌
G마켓2.0,C016615,바다막대찌,C016611,3,캠핑/낚시 > 낚시찌 > 바다막대찌
G마켓2.0,C016616,바다목줄찌,C016611,3,캠핑/낚시 > 낚시찌 > 바다목줄찌
G마켓2.0,C016617,바다수중찌,C016611,3,캠핑/낚시 > 낚시찌 > 바다수중찌
G마켓2.0,C016618,바다전자찌,C016611,3,캠핑/낚시 > 낚시찌 > 바다전자찌
G마켓2.0,C016620,낚싯대,C016572,2,캠핑/낚시 > 낚싯대
G마켓2.0,C016619,기타낚싯대,C016620,3,캠핑/낚시 > 낚싯대 > 기타낚싯대
G마켓2.0,C016621,루어낚시세트,C016620,3,캠핑/낚시 > 낚싯대 > 루어낚시세트
G마켓2.0,C016622,민물낚시세트,C016620,3,캠핑/낚시 > 낚싯대 > 민물낚시세트
G마켓2.0,C016623,민물낚싯대,C016620,3,캠핑/낚시 > 낚싯대 > 민물낚싯대
G마켓2.0,C016624,민물루어낚싯대,C016620,3,캠핑/낚시 > 낚싯대 > 민물루어낚싯대
G마켓2.0,C016625,바다낚시세트,C016620,3,캠핑/낚시 > 낚싯대 > 바다낚시세트
G마켓2.0,C016626,바다루어낚싯대,C016620,3,캠핑/낚시 > 낚싯대 > 바다루어낚싯대
G마켓2.0,C016627,바다릴낚싯대,C016620,3,캠핑/낚시 > 낚싯대 > 바다릴낚싯대
G마켓2.0,C016628,바다민장대,C016620,3,캠핑/낚시 > 낚싯대 > 바다민장대
G마켓2.0,C016629,중층/내림낚싯대,C016620,3,캠핑/낚시 > 낚싯대 > 중층/내림낚싯대
G마켓2.0,C016631,루어낚시용품,C016572,2,캠핑/낚시 > 루어낚시용품
G마켓2.0,C016630,기타루어낚시용품,C016631,3,캠핑/낚시 > 루어낚시용품 > 기타루어낚시용품
G마켓2.0,C016632,루어낚시보조가방,C016631,3,캠핑/낚시 > 루어낚시용품 > 루어낚시보조가방
G마켓2.0,C016633,루어로드케이스,C016631,3,캠핑/낚시 > 루어낚시용품 > 루어로드케이스
G마켓2.0,C016634,루어바늘,C016631,3,캠핑/낚시 > 루어낚시용품 > 루어바늘
G마켓2.0,C016635,웜/베이트,C016631,3,캠핑/낚시 > 루어낚시용품 > 웜/베이트
G마켓2.0,C016636,플라이낚시용품,C016631,3,캠핑/낚시 > 루어낚시용품 > 플라이낚시용품
G마켓2.0,C016638,민물낚시용품,C016572,2,캠핑/낚시 > 민물낚시용품
G마켓2.0,C016637,기타민물낚시용품,C016638,3,캠핑/낚시 > 민물낚시용품 > 기타민물낚시용품
G마켓2.0,C016639,떡밥,C016638,3,캠핑/낚시 > 민물낚시용품 > 떡밥
G마켓2.0,C016640,민물낚시가방,C016638,3,캠핑/낚시 > 민물낚시용품 > 민물낚시가방
G마켓2.0,C016641,민물낚시바늘,C016638,3,캠핑/낚시 > 민물낚시용품 > 민물낚시바늘
G마켓2.0,C016642,받침대,C016638,3,캠핑/낚시 > 민물낚시용품 > 받침대
G마켓2.0,C016643,받침틀,C016638,3,캠핑/낚시 > 민물낚시용품 > 받침틀
G마켓2.0,C016644,수초제거기,C016638,3,캠핑/낚시 > 민물낚시용품 > 수초제거기
G마켓2.0,C016646,바다낚시용품,C016572,2,캠핑/낚시 > 바다낚시용품
G마켓2.0,C016645,기타바다낚시용품,C016646,3,캠핑/낚시 > 바다낚시용품 > 기타바다낚시용품
G마켓2.0,C016647,밑밥/집어제,C016646,3,캠핑/낚시 > 바다낚시용품 > 밑밥/집어제
G마켓2.0,C016648,밑밥주걱,C016646,3,캠핑/낚시 > 바다낚시용품 > 밑밥주걱
G마켓2.0,C016649,밑밥통/두레박,C016646,3,캠핑/낚시 > 바다낚시용품 > 밑밥통/두레박
G마켓2.0,C016650,바다낚시가방,C016646,3,캠핑/낚시 > 바다낚시용품 > 바다낚시가방
G마켓2.0,C016651,바다낚싯바늘,C016646,3,캠핑/낚시 > 바다낚시용품 > 바다낚싯바늘
G마켓2.0,C016652,원투/선상받침대,C016646,3,캠핑/낚시 > 바다낚시용품 > 원투/선상받침대
G마켓2.0,C016654,보트/카약,C016572,2,캠핑/낚시 > 보트/카약
G마켓2.0,C016653,고무보트/콤비보트,C016654,3,캠핑/낚시 > 보트/카약 > 고무보트/콤비보트
G마켓2.0,C016655,레저보트/요트/제트스키,C016654,3,캠핑/낚시 > 보트/카약 > 레저보트/요트/제트스키
G마켓2.0,C016656,보트/카약용품,C016654,3,캠핑/낚시 > 보트/카약 > 보트/카약용품
G마켓2.0,C016657,보트엔진/모터,C016654,3,캠핑/낚시 > 보트/카약 > 보트엔진/모터
G마켓2.0,C016658,카약,C016654,3,캠핑/낚시 > 보트/카약 > 카약
G마켓2.0,C016660,야외보냉용품,C016572,2,캠핑/낚시 > 야외보냉용품
G마켓2.0,C016659,아이스박스/쿨러,C016660,3,캠핑/낚시 > 야외보냉용품 > 아이스박스/쿨러
G마켓2.0,C016661,아이스백,C016660,3,캠핑/낚시 > 야외보냉용품 > 아이스백
G마켓2.0,C016662,아이스팩,C016660,3,캠핑/낚시 > 야외보냉용품 > 아이스팩
G마켓2.0,C016664,야외보온/난방용품,C016572,2,캠핑/낚시 > 야외보온/난방용품
G마켓2.0,C016663,기타캠핑난방용품,C016664,3,캠핑/낚시 > 야외보온/난방용품 > 기타캠핑난방용품
G마켓2.0,C016665,야외용난로,C016664,3,캠핑/낚시 > 야외보온/난방용품 > 야외용난로
G마켓2.0,C016666,유단포,C016664,3,캠핑/낚시 > 야외보온/난방용품 > 유단포
G마켓2.0,C016668,취사용품,C016572,2,캠핑/낚시 > 취사용품
G마켓2.0,C016667,기타취사용품,C016668,3,캠핑/낚시 > 취사용품 > 기타취사용품
G마켓2.0,C016669,바비큐그릴,C016668,3,캠핑/낚시 > 취사용품 > 바비큐그릴
G마켓2.0,C016670,버너,C016668,3,캠핑/낚시 > 취사용품 > 버너
G마켓2.0,C016671,부탄가스,C016668,3,캠핑/낚시 > 취사용품 > 부탄가스
G마켓2.0,C016672,설거지통/건조망,C016668,3,캠핑/낚시 > 취사용품 > 설거지통/건조망
G마켓2.0,C016673,숯/장작/연료,C016668,3,캠핑/낚시 > 취사용품 > 숯/장작/연료
G마켓2.0,C016674,식기/조리도구,C016668,3,캠핑/낚시 > 취사용품 > 식기/조리도구
G마켓2.0,C016675,코펠,C016668,3,캠핑/낚시 > 취사용품 > 코펠
G마켓2.0,C016676,토치,C016668,3,캠핑/낚시 > 취사용품 > 토치
G마켓2.0,C016677,화로대,C016668,3,캠핑/낚시 > 취사용품 > 화로대
G마켓2.0,C016678,휴대용가스레인지,C016668,3,캠핑/낚시 > 취사용품 > 휴대용가스레인지
G마켓2.0,C016680,캠핑일반용품,C016572,2,캠핑/낚시 > 캠핑일반용품
G마켓2.0,C016679,기타캠핑용품,C016680,3,캠핑/낚시 > 캠핑일반용품 > 기타캠핑용품
G마켓2.0,C016681,다용도칼,C016680,3,캠핑/낚시 > 캠핑일반용품 > 다용도칼
G마켓2.0,C016682,돗자리,C016680,3,캠핑/낚시 > 캠핑일반용품 > 돗자리
G마켓2.0,C016683,모포/캠핑베개,C016680,3,캠핑/낚시 > 캠핑일반용품 > 모포/캠핑베개
G마켓2.0,C016684,야전침대,C016680,3,캠핑/낚시 > 캠핑일반용품 > 야전침대
G마켓2.0,C016685,침낭,C016680,3,캠핑/낚시 > 캠핑일반용품 > 침낭
G마켓2.0,C016686,캠핑가방,C016680,3,캠핑/낚시 > 캠핑일반용품 > 캠핑가방
G마켓2.0,C016687,캠핑매트,C016680,3,캠핑/낚시 > 캠핑일반용품 > 캠핑매트
G마켓2.0,C016688,캠핑손도끼/야전삽,C016680,3,캠핑/낚시 > 캠핑일반용품 > 캠핑손도끼/야전삽
G마켓2.0,C016689,캠핑의자,C016680,3,캠핑/낚시 > 캠핑일반용품 > 캠핑의자
G마켓2.0,C016690,캠핑카트,C016680,3,캠핑/낚시 > 캠핑일반용품 > 캠핑카트
G마켓2.0,C016691,캠핑테이블,C016680,3,캠핑/낚시 > 캠핑일반용품 > 캠핑테이블
G마켓2.0,C016692,캠핑트레일러,C016680,3,캠핑/낚시 > 캠핑일반용품 > 캠핑트레일러
G마켓2.0,C016693,해먹,C016680,3,캠핑/낚시 > 캠핑일반용품 > 해먹
G마켓2.0,C016695,캠핑조명용품,C016572,2,캠핑/낚시 > 캠핑조명용품
G마켓2.0,C016694,랜턴,C016695,3,캠핑/낚시 > 캠핑조명용품 > 랜턴
G마켓2.0,C016696,랜턴걸이/스탠드,C016695,3,캠핑/낚시 > 캠핑조명용품 > 랜턴걸이/스탠드
G마켓2.0,C016697,손전등,C016695,3,캠핑/낚시 > 캠핑조명용품 > 손전등
G마켓2.0,C016698,헤드랜턴,C016695,3,캠핑/낚시 > 캠핑조명용품 > 헤드랜턴
G마켓2.0,C016700,텐트/타프,C016572,2,캠핑/낚시 > 텐트/타프
G마켓2.0,C016699,그라운드시트/방수포,C016700,3,캠핑/낚시 > 텐트/타프 > 그라운드시트/방수포
G마켓2.0,C016701,기타텐트/타프용품,C016700,3,캠핑/낚시 > 텐트/타프 > 기타텐트/타프용품
G마켓2.0,C016702,천막,C016700,3,캠핑/낚시 > 텐트/타프 > 천막
G마켓2.0,C016703,타프,C016700,3,캠핑/낚시 > 텐트/타프 > 타프
G마켓2.0,C016704,텐트,C016700,3,캠핑/낚시 > 텐트/타프 > 텐트
G마켓2.0,C016705,파라솔,C016700,3,캠핑/낚시 > 텐트/타프 > 파라솔
G마켓2.0,C016706,폴대/팩/스토퍼,C016700,3,캠핑/낚시 > 텐트/타프 > 폴대/팩/스토퍼
G마켓2.0,C016709,커피/음료,ROOT,1,커피/음료
G마켓2.0,C016708,기능성음료,C016709,2,커피/음료 > 기능성음료
G마켓2.0,C016707,기타기능성음료,C016708,3,커피/음료 > 기능성음료 > 기타기능성음료
G마켓2.0,C016710,비타민음료,C016708,3,커피/음료 > 기능성음료 > 비타민음료
G마켓2.0,C016711,소화제/정장제,C016708,3,커피/음료 > 기능성음료 > 소화제/정장제
G마켓2.0,C016712,에너지음료,C016708,3,커피/음료 > 기능성음료 > 에너지음료
G마켓2.0,C016713,이온음료,C016708,3,커피/음료 > 기능성음료 > 이온음료
G마켓2.0,C016714,자양강장/숙취해소음료,C016708,3,커피/음료 > 기능성음료 > 자양강장/숙취해소음료
G마켓2.0,C016716,생수/탄산수,C016709,2,커피/음료 > 생수/탄산수
G마켓2.0,C016715,생수,C016716,3,커피/음료 > 생수/탄산수 > 생수
G마켓2.0,C016717,탄산수,C016716,3,커피/음료 > 생수/탄산수 > 탄산수
G마켓2.0,C016719,우유/두유,C016709,2,커피/음료 > 우유/두유
G마켓2.0,C016718,기타유음료,C016719,3,커피/음료 > 우유/두유 > 기타유음료
G마켓2.0,C016720,두유,C016719,3,커피/음료 > 우유/두유 > 두유
G마켓2.0,C016721,요구르트,C016719,3,커피/음료 > 우유/두유 > 요구르트
G마켓2.0,C016722,우유,C016719,3,커피/음료 > 우유/두유 > 우유
G마켓2.0,C016723,유음료 가정배달,C016719,3,커피/음료 > 우유/두유 > 유음료 가정배달
G마켓2.0,C016725,전통주,C016709,2,커피/음료 > 전통주
G마켓2.0,C016724,과실주,C016725,3,커피/음료 > 전통주 > 과실주
G마켓2.0,C016726,기타주류,C016725,3,커피/음료 > 전통주 > 기타주류
G마켓2.0,C016727,리큐르,C016725,3,커피/음료 > 전통주 > 리큐르
G마켓2.0,C016728,막걸리,C016725,3,커피/음료 > 전통주 > 막걸리
G마켓2.0,C016729,소주,C016725,3,커피/음료 > 전통주 > 소주
G마켓2.0,C016730,약주,C016725,3,커피/음료 > 전통주 > 약주
G마켓2.0,C016731,일반증류주,C016725,3,커피/음료 > 전통주 > 일반증류주
G마켓2.0,C016733,주스/과즙음료,C016709,2,커피/음료 > 주스/과즙음료
G마켓2.0,C016732,기타과즙음료,C016733,3,커피/음료 > 주스/과즙음료 > 기타과즙음료
G마켓2.0,C016734,망고주스,C016733,3,커피/음료 > 주스/과즙음료 > 망고주스
G마켓2.0,C016735,매실주스,C016733,3,커피/음료 > 주스/과즙음료 > 매실주스
G마켓2.0,C016736,블루베리주스,C016733,3,커피/음료 > 주스/과즙음료 > 블루베리주스
G마켓2.0,C016737,사과주스,C016733,3,커피/음료 > 주스/과즙음료 > 사과주스
G마켓2.0,C016738,알로에주스,C016733,3,커피/음료 > 주스/과즙음료 > 알로에주스
G마켓2.0,C016739,야채주스,C016733,3,커피/음료 > 주스/과즙음료 > 야채주스
G마켓2.0,C016740,어린이주스/음료,C016733,3,커피/음료 > 주스/과즙음료 > 어린이주스/음료
G마켓2.0,C016741,오렌지/감귤주스,C016733,3,커피/음료 > 주스/과즙음료 > 오렌지/감귤주스
G마켓2.0,C016742,자몽주스,C016733,3,커피/음료 > 주스/과즙음료 > 자몽주스
G마켓2.0,C016743,토마토주스,C016733,3,커피/음료 > 주스/과즙음료 > 토마토주스
G마켓2.0,C016744,포도주스,C016733,3,커피/음료 > 주스/과즙음료 > 포도주스
G마켓2.0,C016746,차류,C016709,2,커피/음료 > 차류
G마켓2.0,C016745,결명자차,C016746,3,커피/음료 > 차류 > 결명자차
G마켓2.0,C016747,국화차,C016746,3,커피/음료 > 차류 > 국화차
G마켓2.0,C016748,기타차류,C016746,3,커피/음료 > 차류 > 기타차류
G마켓2.0,C016749,녹차,C016746,3,커피/음료 > 차류 > 녹차
G마켓2.0,C016750,둥굴레차,C016746,3,커피/음료 > 차류 > 둥굴레차
G마켓2.0,C016751,루이보스티,C016746,3,커피/음료 > 차류 > 루이보스티
G마켓2.0,C016752,마테차,C016746,3,커피/음료 > 차류 > 마테차
G마켓2.0,C016753,보리차,C016746,3,커피/음료 > 차류 > 보리차
G마켓2.0,C016754,보이차,C016746,3,커피/음료 > 차류 > 보이차
G마켓2.0,C016755,유자차,C016746,3,커피/음료 > 차류 > 유자차
G마켓2.0,C016756,율무차,C016746,3,커피/음료 > 차류 > 율무차
G마켓2.0,C016757,전통차,C016746,3,커피/음료 > 차류 > 전통차
G마켓2.0,C016758,차선물세트,C016746,3,커피/음료 > 차류 > 차선물세트
G마켓2.0,C016759,허브차,C016746,3,커피/음료 > 차류 > 허브차
G마켓2.0,C016760,홍차,C016746,3,커피/음료 > 차류 > 홍차
G마켓2.0,C016762,차음료/전통음료,C016709,2,커피/음료 > 차음료/전통음료
G마켓2.0,C016761,기타차음료/전통음료,C016762,3,커피/음료 > 차음료/전통음료 > 기타차음료/전통음료
G마켓2.0,C016763,녹차음료,C016762,3,커피/음료 > 차음료/전통음료 > 녹차음료
G마켓2.0,C016764,보리/옥수수차음료,C016762,3,커피/음료 > 차음료/전통음료 > 보리/옥수수차음료
G마켓2.0,C016765,식혜/수정과,C016762,3,커피/음료 > 차음료/전통음료 > 식혜/수정과
G마켓2.0,C016766,쌀/곡물음료,C016762,3,커피/음료 > 차음료/전통음료 > 쌀/곡물음료
G마켓2.0,C016767,인삼/홍삼음료,C016762,3,커피/음료 > 차음료/전통음료 > 인삼/홍삼음료
G마켓2.0,C016768,헛개차음료,C016762,3,커피/음료 > 차음료/전통음료 > 헛개차음료
G마켓2.0,C016769,홍차음료,C016762,3,커피/음료 > 차음료/전통음료 > 홍차음료
G마켓2.0,C016771,커피,C016709,2,커피/음료 > 커피
G마켓2.0,C016770,원두커피,C016771,3,커피/음료 > 커피 > 원두커피
G마켓2.0,C016772,캡슐커피,C016771,3,커피/음료 > 커피 > 캡슐커피
G마켓2.0,C016773,커피믹스,C016771,3,커피/음료 > 커피 > 커피믹스
G마켓2.0,C016774,커피음료,C016771,3,커피/음료 > 커피 > 커피음료
G마켓2.0,C016775,커피프림,C016771,3,커피/음료 > 커피 > 커피프림
G마켓2.0,C016776,코코아/핫초코,C016771,3,커피/음료 > 커피 > 코코아/핫초코
G마켓2.0,C016777,티백커피,C016771,3,커피/음료 > 커피 > 티백커피
G마켓2.0,C016779,탄산/청량음료,C016709,2,커피/음료 > 탄산/청량음료
G마켓2.0,C016778,과즙탄산음료,C016779,3,커피/음료 > 탄산/청량음료 > 과즙탄산음료
G마켓2.0,C016780,기타탄산음료,C016779,3,커피/음료 > 탄산/청량음료 > 기타탄산음료
G마켓2.0,C016781,무알콜음료,C016779,3,커피/음료 > 탄산/청량음료 > 무알콜음료
G마켓2.0,C016782,사이다,C016779,3,커피/음료 > 탄산/청량음료 > 사이다
G마켓2.0,C016783,아이스티음료,C016779,3,커피/음료 > 탄산/청량음료 > 아이스티음료
G마켓2.0,C016784,에이드음료,C016779,3,커피/음료 > 탄산/청량음료 > 에이드음료
G마켓2.0,C016785,콜라,C016779,3,커피/음료 > 탄산/청량음료 > 콜라
G마켓2.0,C016788,화장품/향수,ROOT,1,화장품/향수
G마켓2.0,C016787,남성화장품,C016788,2,화장품/향수 > 남성화장품
G마켓2.0,C016786,남성로션,C016787,3,화장품/향수 > 남성화장품 > 남성로션
G마켓2.0,C016789,남성마스크/팩,C016787,3,화장품/향수 > 남성화장품 > 남성마스크/팩
G마켓2.0,C016790,남성메이크업/BB,C016787,3,화장품/향수 > 남성화장품 > 남성메이크업/BB
G마켓2.0,C016791,남성선케어,C016787,3,화장품/향수 > 남성화장품 > 남성선케어
G마켓2.0,C016792,남성스킨,C016787,3,화장품/향수 > 남성화장품 > 남성스킨
G마켓2.0,C016793,남성에센스/크림,C016787,3,화장품/향수 > 남성화장품 > 남성에센스/크림
G마켓2.0,C016794,남성올인원,C016787,3,화장품/향수 > 남성화장품 > 남성올인원
G마켓2.0,C016795,남성클렌징,C016787,3,화장품/향수 > 남성화장품 > 남성클렌징
G마켓2.0,C016796,남성화장품세트,C016787,3,화장품/향수 > 남성화장품 > 남성화장품세트
G마켓2.0,C016798,네일케어,C016788,2,화장품/향수 > 네일케어
G마켓2.0,C016797,네일리무버,C016798,3,화장품/향수 > 네일케어 > 네일리무버
G마켓2.0,C016799,네일아트/네일스티커,C016798,3,화장품/향수 > 네일케어 > 네일아트/네일스티커
G마켓2.0,C016800,네일영양제,C016798,3,화장품/향수 > 네일케어 > 네일영양제
G마켓2.0,C016801,네일케어세트,C016798,3,화장품/향수 > 네일케어 > 네일케어세트
G마켓2.0,C016802,네일케어용품,C016798,3,화장품/향수 > 네일케어 > 네일케어용품
G마켓2.0,C016803,매니큐어/페디큐어,C016798,3,화장품/향수 > 네일케어 > 매니큐어/페디큐어
G마켓2.0,C016804,베이스/탑코트,C016798,3,화장품/향수 > 네일케어 > 베이스/탑코트
G마켓2.0,C016805,젤네일,C016798,3,화장품/향수 > 네일케어 > 젤네일
G마켓2.0,C016807,베이스메이크업,C016788,2,화장품/향수 > 베이스메이크업
G마켓2.0,C016806,BB크림/톤업크림,C016807,3,화장품/향수 > 베이스메이크업 > BB크림/톤업크림
G마켓2.0,C016808,메이크업베이스,C016807,3,화장품/향수 > 베이스메이크업 > 메이크업베이스
G마켓2.0,C016809,베이스메이크업세트,C016807,3,화장품/향수 > 베이스메이크업 > 베이스메이크업세트
G마켓2.0,C016810,컨실러,C016807,3,화장품/향수 > 베이스메이크업 > 컨실러
G마켓2.0,C016811,쿠션/팩트,C016807,3,화장품/향수 > 베이스메이크업 > 쿠션/팩트
G마켓2.0,C016812,파우더/트윈케이크,C016807,3,화장품/향수 > 베이스메이크업 > 파우더/트윈케이크
G마켓2.0,C016813,파운데이션,C016807,3,화장품/향수 > 베이스메이크업 > 파운데이션
G마켓2.0,C016814,프라이머,C016807,3,화장품/향수 > 베이스메이크업 > 프라이머
G마켓2.0,C016816,색조메이크업,C016788,2,화장품/향수 > 색조메이크업
G마켓2.0,C016815,립글로스,C016816,3,화장품/향수 > 색조메이크업 > 립글로스
G마켓2.0,C016817,립밤/립케어,C016816,3,화장품/향수 > 색조메이크업 > 립밤/립케어
G마켓2.0,C016818,립스틱,C016816,3,화장품/향수 > 색조메이크업 > 립스틱
G마켓2.0,C016819,립틴트,C016816,3,화장품/향수 > 색조메이크업 > 립틴트
G마켓2.0,C016820,마스카라,C016816,3,화장품/향수 > 색조메이크업 > 마스카라
G마켓2.0,C016821,블러셔,C016816,3,화장품/향수 > 색조메이크업 > 블러셔
G마켓2.0,C016822,색조메이크업세트,C016816,3,화장품/향수 > 색조메이크업 > 색조메이크업세트
G마켓2.0,C016823,아이라이너,C016816,3,화장품/향수 > 색조메이크업 > 아이라이너
G마켓2.0,C016824,아이브로우,C016816,3,화장품/향수 > 색조메이크업 > 아이브로우
G마켓2.0,C016825,아이섀도,C016816,3,화장품/향수 > 색조메이크업 > 아이섀도
G마켓2.0,C016826,하이라이터/쉐이딩,C016816,3,화장품/향수 > 색조메이크업 > 하이라이터/쉐이딩
G마켓2.0,C016828,선케어,C016788,2,화장품/향수 > 선케어
G마켓2.0,C016827,선스틱/밤,C016828,3,화장품/향수 > 선케어 > 선스틱/밤
G마켓2.0,C016829,선스프레이,C016828,3,화장품/향수 > 선케어 > 선스프레이
G마켓2.0,C016830,선크림,C016828,3,화장품/향수 > 선케어 > 선크림
G마켓2.0,C016831,선팩트/선파우더,C016828,3,화장품/향수 > 선케어 > 선팩트/선파우더
G마켓2.0,C016832,에프터선케어,C016828,3,화장품/향수 > 선케어 > 에프터선케어
G마켓2.0,C016833,태닝오일/로션,C016828,3,화장품/향수 > 선케어 > 태닝오일/로션
G마켓2.0,C016835,스킨케어,C016788,2,화장품/향수 > 스킨케어
G마켓2.0,C016834,로션/에멀젼,C016835,3,화장품/향수 > 스킨케어 > 로션/에멀젼
G마켓2.0,C016836,미스트,C016835,3,화장품/향수 > 스킨케어 > 미스트
G마켓2.0,C016837,스킨/토너,C016835,3,화장품/향수 > 스킨케어 > 스킨/토너
G마켓2.0,C016838,스킨케어세트,C016835,3,화장품/향수 > 스킨케어 > 스킨케어세트
G마켓2.0,C016839,에센스/세럼,C016835,3,화장품/향수 > 스킨케어 > 에센스/세럼
G마켓2.0,C016840,크림/젤,C016835,3,화장품/향수 > 스킨케어 > 크림/젤
G마켓2.0,C016841,페이스오일,C016835,3,화장품/향수 > 스킨케어 > 페이스오일
G마켓2.0,C016843,이미용소품,C016788,2,화장품/향수 > 이미용소품
G마켓2.0,C016842,기름종이,C016843,3,화장품/향수 > 이미용소품 > 기름종이
G마켓2.0,C016844,기타이미용소품,C016843,3,화장품/향수 > 이미용소품 > 기타이미용소품
G마켓2.0,C016845,눈썹칼/눈썹가위,C016843,3,화장품/향수 > 이미용소품 > 눈썹칼/눈썹가위
G마켓2.0,C016846,메이크업/클렌징소품,C016843,3,화장품/향수 > 이미용소품 > 메이크업/클렌징소품
G마켓2.0,C016847,메이크업브러시,C016843,3,화장품/향수 > 이미용소품 > 메이크업브러시
G마켓2.0,C016848,메이크업정리함,C016843,3,화장품/향수 > 이미용소품 > 메이크업정리함
G마켓2.0,C016849,면봉,C016843,3,화장품/향수 > 이미용소품 > 면봉
G마켓2.0,C016850,미용가위,C016843,3,화장품/향수 > 이미용소품 > 미용가위
G마켓2.0,C016851,뷰러,C016843,3,화장품/향수 > 이미용소품 > 뷰러
G마켓2.0,C016852,샤프너,C016843,3,화장품/향수 > 이미용소품 > 샤프너
G마켓2.0,C016853,속눈썹,C016843,3,화장품/향수 > 이미용소품 > 속눈썹
G마켓2.0,C016854,속눈썹영양제,C016843,3,화장품/향수 > 이미용소품 > 속눈썹영양제
G마켓2.0,C016855,손거울,C016843,3,화장품/향수 > 이미용소품 > 손거울
G마켓2.0,C016856,쌍꺼풀,C016843,3,화장품/향수 > 이미용소품 > 쌍꺼풀
G마켓2.0,C016857,족집게,C016843,3,화장품/향수 > 이미용소품 > 족집게
G마켓2.0,C016858,퍼프,C016843,3,화장품/향수 > 이미용소품 > 퍼프
G마켓2.0,C016859,피부마사지소품,C016843,3,화장품/향수 > 이미용소품 > 피부마사지소품
G마켓2.0,C016860,피지/각질관리소품,C016843,3,화장품/향수 > 이미용소품 > 피지/각질관리소품
G마켓2.0,C016861,헤나/타투,C016843,3,화장품/향수 > 이미용소품 > 헤나/타투
G마켓2.0,C016862,화장솜,C016843,3,화장품/향수 > 이미용소품 > 화장솜
G마켓2.0,C016863,화장품파우치,C016843,3,화장품/향수 > 이미용소품 > 화장품파우치
G마켓2.0,C016865,클렌징/필링,C016788,2,화장품/향수 > 클렌징/필링
G마켓2.0,C016864,기타클렌징/필링,C016865,3,화장품/향수 > 클렌징/필링 > 기타클렌징/필링
G마켓2.0,C016866,립앤아이리무버,C016865,3,화장품/향수 > 클렌징/필링 > 립앤아이리무버
G마켓2.0,C016867,클렌징로션,C016865,3,화장품/향수 > 클렌징/필링 > 클렌징로션
G마켓2.0,C016868,클렌징비누,C016865,3,화장품/향수 > 클렌징/필링 > 클렌징비누
G마켓2.0,C016869,클렌징오일,C016865,3,화장품/향수 > 클렌징/필링 > 클렌징오일
G마켓2.0,C016870,클렌징워터/젤,C016865,3,화장품/향수 > 클렌징/필링 > 클렌징워터/젤
G마켓2.0,C016871,클렌징크림,C016865,3,화장품/향수 > 클렌징/필링 > 클렌징크림
G마켓2.0,C016872,클렌징티슈,C016865,3,화장품/향수 > 클렌징/필링 > 클렌징티슈
G마켓2.0,C016873,폼클렌징,C016865,3,화장품/향수 > 클렌징/필링 > 폼클렌징
G마켓2.0,C016874,필링/스크럽,C016865,3,화장품/향수 > 클렌징/필링 > 필링/스크럽
G마켓2.0,C016876,팩/마스크,C016788,2,화장품/향수 > 팩/마스크
G마켓2.0,C016875,마사지크림/젤,C016876,3,화장품/향수 > 팩/마스크 > 마사지크림/젤
G마켓2.0,C016877,마스크시트,C016876,3,화장품/향수 > 팩/마스크 > 마스크시트
G마켓2.0,C016878,수면팩/슬리핑팩,C016876,3,화장품/향수 > 팩/마스크 > 수면팩/슬리핑팩
G마켓2.0,C016879,워시오프팩,C016876,3,화장품/향수 > 팩/마스크 > 워시오프팩
G마켓2.0,C016880,코팩,C016876,3,화장품/향수 > 팩/마스크 > 코팩
G마켓2.0,C016881,팩/마스크용품,C016876,3,화장품/향수 > 팩/마스크 > 팩/마스크용품
G마켓2.0,C016882,필오프팩,C016876,3,화장품/향수 > 팩/마스크 > 필오프팩
G마켓2.0,C016884,향수,C016788,2,화장품/향수 > 향수
G마켓2.0,C016883,남녀공용향수,C016884,3,화장품/향수 > 향수 > 남녀공용향수
G마켓2.0,C016885,남성향수,C016884,3,화장품/향수 > 향수 > 남성향수
G마켓2.0,C016886,미니어처/공병,C016884,3,화장품/향수 > 향수 > 미니어처/공병
G마켓2.0,C016887,여성향수,C016884,3,화장품/향수 > 향수 > 여성향수
G마켓2.0,C016890,휘트니스/수영,ROOT,1,휘트니스/수영
G마켓2.0,C016889,검도,C016890,2,휘트니스/수영 > 검도
G마켓2.0,C016888,검도보호구,C016889,3,휘트니스/수영 > 검도 > 검도보호구
G마켓2.0,C016891,검도복,C016889,3,휘트니스/수영 > 검도 > 검도복
G마켓2.0,C016892,기타검도용품,C016889,3,휘트니스/수영 > 검도 > 기타검도용품
G마켓2.0,C016893,목검/죽도,C016889,3,휘트니스/수영 > 검도 > 목검/죽도
G마켓2.0,C016895,권투/격투기,C016890,2,휘트니스/수영 > 권투/격투기
G마켓2.0,C016894,격파용품,C016895,3,휘트니스/수영 > 권투/격투기 > 격파용품
G마켓2.0,C016896,권투글러브,C016895,3,휘트니스/수영 > 권투/격투기 > 권투글러브
G마켓2.0,C016897,권투화,C016895,3,휘트니스/수영 > 권투/격투기 > 권투화
G마켓2.0,C016898,낭심보호대,C016895,3,휘트니스/수영 > 권투/격투기 > 낭심보호대
G마켓2.0,C016899,마우스피스,C016895,3,휘트니스/수영 > 권투/격투기 > 마우스피스
G마켓2.0,C016900,무도복,C016895,3,휘트니스/수영 > 권투/격투기 > 무도복
G마켓2.0,C016901,미트,C016895,3,휘트니스/수영 > 권투/격투기 > 미트
G마켓2.0,C016902,샌드백,C016895,3,휘트니스/수영 > 권투/격투기 > 샌드백
G마켓2.0,C016903,쌍절곤,C016895,3,휘트니스/수영 > 권투/격투기 > 쌍절곤
G마켓2.0,C016904,태권도보호구,C016895,3,휘트니스/수영 > 권투/격투기 > 태권도보호구
G마켓2.0,C016905,태권도복,C016895,3,휘트니스/수영 > 권투/격투기 > 태권도복
G마켓2.0,C016906,태권도화,C016895,3,휘트니스/수영 > 권투/격투기 > 태권도화
G마켓2.0,C016907,핸드랩,C016895,3,휘트니스/수영 > 권투/격투기 > 핸드랩
G마켓2.0,C016908,헤드기어,C016895,3,휘트니스/수영 > 권투/격투기 > 헤드기어
G마켓2.0,C016910,남성수영복,C016890,2,휘트니스/수영 > 남성수영복
G마켓2.0,C016909,남성반신수영복,C016910,3,휘트니스/수영 > 남성수영복 > 남성반신수영복
G마켓2.0,C016911,남성사각수영복,C016910,3,휘트니스/수영 > 남성수영복 > 남성사각수영복
G마켓2.0,C016912,남성삼각수영복,C016910,3,휘트니스/수영 > 남성수영복 > 남성삼각수영복
G마켓2.0,C016913,남성전신수영복,C016910,3,휘트니스/수영 > 남성수영복 > 남성전신수영복
G마켓2.0,C016915,마라톤/육상,C016890,2,휘트니스/수영 > 마라톤/육상
G마켓2.0,C016914,기타육상용품,C016915,3,휘트니스/수영 > 마라톤/육상 > 기타육상용품
G마켓2.0,C016916,높이뛰기바,C016915,3,휘트니스/수영 > 마라톤/육상 > 높이뛰기바
G마켓2.0,C016917,릴레이봉/바톤,C016915,3,휘트니스/수영 > 마라톤/육상 > 릴레이봉/바톤
G마켓2.0,C016918,마라톤복,C016915,3,휘트니스/수영 > 마라톤/육상 > 마라톤복
G마켓2.0,C016919,스타팅블록,C016915,3,휘트니스/수영 > 마라톤/육상 > 스타팅블록
G마켓2.0,C016920,원반/투포환/투창,C016915,3,휘트니스/수영 > 마라톤/육상 > 원반/투포환/투창
G마켓2.0,C016921,육상화,C016915,3,휘트니스/수영 > 마라톤/육상 > 육상화
G마켓2.0,C016922,허들,C016915,3,휘트니스/수영 > 마라톤/육상 > 허들
G마켓2.0,C016924,물놀이용품,C016890,2,휘트니스/수영 > 물놀이용품
G마켓2.0,C016923,구명조끼,C016924,3,휘트니스/수영 > 물놀이용품 > 구명조끼
G마켓2.0,C016925,물놀이보트,C016924,3,휘트니스/수영 > 물놀이용품 > 물놀이보트
G마켓2.0,C016926,비치볼,C016924,3,휘트니스/수영 > 물놀이용품 > 비치볼
G마켓2.0,C016927,수영튜브,C016924,3,휘트니스/수영 > 물놀이용품 > 수영튜브
G마켓2.0,C016928,수영풀장,C016924,3,휘트니스/수영 > 물놀이용품 > 수영풀장
G마켓2.0,C016929,스노클,C016924,3,휘트니스/수영 > 물놀이용품 > 스노클
G마켓2.0,C016931,수상/수중스포츠복,C016890,2,휘트니스/수영 > 수상/수중스포츠복
G마켓2.0,C016930,남성래쉬가드,C016931,3,휘트니스/수영 > 수상/수중스포츠복 > 남성래쉬가드
G마켓2.0,C016932,남성보드숏,C016931,3,휘트니스/수영 > 수상/수중스포츠복 > 남성보드숏
G마켓2.0,C016933,서핑슈트,C016931,3,휘트니스/수영 > 수상/수중스포츠복 > 서핑슈트
G마켓2.0,C016934,여성래쉬가드,C016931,3,휘트니스/수영 > 수상/수중스포츠복 > 여성래쉬가드
G마켓2.0,C016935,여성보드숏,C016931,3,휘트니스/수영 > 수상/수중스포츠복 > 여성보드숏
G마켓2.0,C016936,워터레깅스,C016931,3,휘트니스/수영 > 수상/수중스포츠복 > 워터레깅스
G마켓2.0,C016938,수영용품,C016890,2,휘트니스/수영 > 수영용품
G마켓2.0,C016937,기타수영용품,C016938,3,휘트니스/수영 > 수영용품 > 기타수영용품
G마켓2.0,C016939,수경,C016938,3,휘트니스/수영 > 수영용품 > 수경
G마켓2.0,C016940,수영가방,C016938,3,휘트니스/수영 > 수영용품 > 수영가방
G마켓2.0,C016941,수영귀마개/코마개,C016938,3,휘트니스/수영 > 수영용품 > 수영귀마개/코마개
G마켓2.0,C016942,수영모,C016938,3,휘트니스/수영 > 수영용품 > 수영모
G마켓2.0,C016944,스킨스쿠버,C016890,2,휘트니스/수영 > 스킨스쿠버
G마켓2.0,C016943,게이지,C016944,3,휘트니스/수영 > 스킨스쿠버 > 게이지
G마켓2.0,C016945,기타스킨스쿠버용품,C016944,3,휘트니스/수영 > 스킨스쿠버 > 기타스킨스쿠버용품
G마켓2.0,C016946,다이빙글러브,C016944,3,휘트니스/수영 > 스킨스쿠버 > 다이빙글러브
G마켓2.0,C016947,다이빙부츠,C016944,3,휘트니스/수영 > 스킨스쿠버 > 다이빙부츠
G마켓2.0,C016948,다이빙슈트,C016944,3,휘트니스/수영 > 스킨스쿠버 > 다이빙슈트
G마켓2.0,C016949,다이빙칼,C016944,3,휘트니스/수영 > 스킨스쿠버 > 다이빙칼
G마켓2.0,C016950,레귤레이터,C016944,3,휘트니스/수영 > 스킨스쿠버 > 레귤레이터
G마켓2.0,C016951,리트렉터,C016944,3,휘트니스/수영 > 스킨스쿠버 > 리트렉터
G마켓2.0,C016952,부력재킷,C016944,3,휘트니스/수영 > 스킨스쿠버 > 부력재킷
G마켓2.0,C016953,수중전등,C016944,3,휘트니스/수영 > 스킨스쿠버 > 수중전등
G마켓2.0,C016954,오리발,C016944,3,휘트니스/수영 > 스킨스쿠버 > 오리발
G마켓2.0,C016956,에어로빅/댄스복,C016890,2,휘트니스/수영 > 에어로빅/댄스복
G마켓2.0,C016955,댄스복,C016956,3,휘트니스/수영 > 에어로빅/댄스복 > 댄스복
G마켓2.0,C016957,땀복,C016956,3,휘트니스/수영 > 에어로빅/댄스복 > 땀복
G마켓2.0,C016958,에어로빅복,C016956,3,휘트니스/수영 > 에어로빅/댄스복 > 에어로빅복
G마켓2.0,C016960,여성수영복,C016890,2,휘트니스/수영 > 여성수영복
G마켓2.0,C016959,기타여성수영복,C016960,3,휘트니스/수영 > 여성수영복 > 기타여성수영복
G마켓2.0,C016961,모노키니수영복,C016960,3,휘트니스/수영 > 여성수영복 > 모노키니수영복
G마켓2.0,C016962,비키니수영복,C016960,3,휘트니스/수영 > 여성수영복 > 비키니수영복
G마켓2.0,C016963,원피스수영복,C016960,3,휘트니스/수영 > 여성수영복 > 원피스수영복
G마켓2.0,C016965,요가/필라테스,C016890,2,휘트니스/수영 > 요가/필라테스
G마켓2.0,C016964,기타요가/필라테스용품,C016965,3,휘트니스/수영 > 요가/필라테스 > 기타요가/필라테스용품
G마켓2.0,C016966,요가매트,C016965,3,휘트니스/수영 > 요가/필라테스 > 요가매트
G마켓2.0,C016967,요가블럭/볼스터,C016965,3,휘트니스/수영 > 요가/필라테스 > 요가블럭/볼스터
G마켓2.0,C016968,짐볼,C016965,3,휘트니스/수영 > 요가/필라테스 > 짐볼
G마켓2.0,C016969,폼롤러,C016965,3,휘트니스/수영 > 요가/필라테스 > 폼롤러
G마켓2.0,C016970,필라테스링,C016965,3,휘트니스/수영 > 요가/필라테스 > 필라테스링
G마켓2.0,C016972,요가복/필라테스복,C016890,2,휘트니스/수영 > 요가복/필라테스복
G마켓2.0,C016971,요가/필라테스복상의,C016972,3,휘트니스/수영 > 요가복/필라테스복 > 요가/필라테스복상의
G마켓2.0,C016973,요가/필라테스복세트,C016972,3,휘트니스/수영 > 요가복/필라테스복 > 요가/필라테스복세트
G마켓2.0,C016974,요가/필라테스복하의,C016972,3,휘트니스/수영 > 요가복/필라테스복 > 요가/필라테스복하의
G마켓2.0,C016976,웨이트기구,C016890,2,휘트니스/수영 > 웨이트기구
G마켓2.0,C016975,기타웨이트기구,C016976,3,휘트니스/수영 > 웨이트기구 > 기타웨이트기구
G마켓2.0,C016977,바벨,C016976,3,휘트니스/수영 > 웨이트기구 > 바벨
G마켓2.0,C016978,벤치프레스,C016976,3,휘트니스/수영 > 웨이트기구 > 벤치프레스
G마켓2.0,C016979,복근운동기구,C016976,3,휘트니스/수영 > 웨이트기구 > 복근운동기구
G마켓2.0,C016980,스쿼트머신,C016976,3,휘트니스/수영 > 웨이트기구 > 스쿼트머신
G마켓2.0,C016981,싯업,C016976,3,휘트니스/수영 > 웨이트기구 > 싯업
G마켓2.0,C016982,아령/덤벨,C016976,3,휘트니스/수영 > 웨이트기구 > 아령/덤벨
G마켓2.0,C016983,철봉/도어짐,C016976,3,휘트니스/수영 > 웨이트기구 > 철봉/도어짐
G마켓2.0,C016984,케틀벨,C016976,3,휘트니스/수영 > 웨이트기구 > 케틀벨
G마켓2.0,C016985,자전거 정비/강습권,C016890,2,휘트니스/수영 > 자전거 정비/강습권
G마켓2.0,C016987,헬스기구,C016890,2,휘트니스/수영 > 헬스기구
G마켓2.0,C016986,거꾸리,C016987,3,휘트니스/수영 > 헬스기구 > 거꾸리
G마켓2.0,C016988,러닝머신,C016987,3,휘트니스/수영 > 헬스기구 > 러닝머신
G마켓2.0,C016989,벨트마사지기,C016987,3,휘트니스/수영 > 헬스기구 > 벨트마사지기
G마켓2.0,C016990,스텝퍼,C016987,3,휘트니스/수영 > 헬스기구 > 스텝퍼
G마켓2.0,C016991,승마운동기구,C016987,3,휘트니스/수영 > 헬스기구 > 승마운동기구
G마켓2.0,C016992,일립티컬,C016987,3,휘트니스/수영 > 헬스기구 > 일립티컬
G마켓2.0,C016993,진동운동기구,C016987,3,휘트니스/수영 > 헬스기구 > 진동운동기구
G마켓2.0,C016994,트램펄린,C016987,3,휘트니스/수영 > 헬스기구 > 트램펄린
G마켓2.0,C016995,트위스트운동기구,C016987,3,휘트니스/수영 > 헬스기구 > 트위스트운동기구
G마켓2.0,C016996,헬스사이클,C016987,3,휘트니스/수영 > 헬스기구 > 헬스사이클
G마켓2.0,C016998,헬스보충제,C016890,2,휘트니스/수영 > 헬스보충제
G마켓2.0,C016997,헬스보충제,C016998,3,휘트니스/수영 > 헬스보충제 > 헬스보충제
G마켓2.0,C017000,헬스용품,C016890,2,휘트니스/수영 > 헬스용품
G마켓2.0,C016999,근력/스트레칭밴드,C017000,3,휘트니스/수영 > 헬스용품 > 근력/스트레칭밴드
G마켓2.0,C017001,기타헬스용품,C017000,3,휘트니스/수영 > 헬스용품 > 기타헬스용품
G마켓2.0,C017002,메디슨볼,C017000,3,휘트니스/수영 > 헬스용품 > 메디슨볼
G마켓2.0,C017003,모래주머니,C017000,3,휘트니스/수영 > 헬스용품 > 모래주머니
G마켓2.0,C017004,스트레칭봉,C017000,3,휘트니스/수영 > 헬스용품 > 스트레칭봉
G마켓2.0,C017005,악력기/완력기,C017000,3,휘트니스/수영 > 헬스용품 > 악력기/완력기
G마켓2.0,C017006,저주파운동기,C017000,3,휘트니스/수영 > 헬스용품 > 저주파운동기
G마켓2.0,C017007,줄넘기,C017000,3,휘트니스/수영 > 헬스용품 > 줄넘기
G마켓2.0,C017008,푸시업바,C017000,3,휘트니스/수영 > 헬스용품 > 푸시업바
G마켓2.0,C017009,헬스스트랩/벨트,C017000,3,휘트니스/수영 > 헬스용품 > 헬스스트랩/벨트
G마켓2.0,C017010,헬스장갑,C017000,3,휘트니스/수영 > 헬스용품 > 헬스장갑
G마켓2.0,C017011,훌라후프,C017000,3,휘트니스/수영 > 헬스용품 > 훌라후프
11번가,C017014,건강식품,ROOT,1,건강식품
11번가,C017013,다이어트식품,C017014,2,건강식품 > 다이어트식품
11번가,C017012,기타 다이어트식품,C017013,3,건강식품 > 다이어트식품 > 기타 다이어트식품
11번가,C017015,다이어트 차,C017013,3,건강식품 > 다이어트식품 > 다이어트 차
11번가,C017016,뷰티푸드,C017013,3,건강식품 > 다이어트식품 > 뷰티푸드
11번가,C017017,식이섬유,C017013,3,건강식품 > 다이어트식품 > 식이섬유
11번가,C017018,체중조절 보조식품,C017013,3,건강식품 > 다이어트식품 > 체중조절 보조식품
11번가,C017020,반려동물 건강,C017014,2,건강식품 > 반려동물 건강
11번가,C017019,반려동물 비타민/미네랄,C017020,3,건강식품 > 반려동물 건강 > 반려동물 비타민/미네랄
11번가,C017021,반려동물 오메가/오일,C017020,3,건강식품 > 반려동물 건강 > 반려동물 오메가/오일
11번가,C017022,반려동물 유산균,C017020,3,건강식품 > 반려동물 건강 > 반려동물 유산균
11번가,C017023,반려동물 허브제,C017020,3,건강식품 > 반려동물 건강 > 반려동물 허브제
11번가,C017025,비타민/미네랄,C017014,2,건강식품 > 비타민/미네랄
11번가,C017024,남성용 종합비타민,C017025,3,건강식품 > 비타민/미네랄 > 남성용 종합비타민
11번가,C017026,마그네슘,C017025,3,건강식품 > 비타민/미네랄 > 마그네슘
11번가,C017027,비오틴,C017025,3,건강식품 > 비타민/미네랄 > 비오틴
11번가,C017028,비타민 A,C017025,3,건강식품 > 비타민/미네랄 > 비타민 A
11번가,C017029,비타민 B,C017025,3,건강식품 > 비타민/미네랄 > 비타민 B
11번가,C017030,비타민 C,C017025,3,건강식품 > 비타민/미네랄 > 비타민 C
11번가,C017031,비타민 D,C017025,3,건강식품 > 비타민/미네랄 > 비타민 D
11번가,C017032,비타민 E,C017025,3,건강식품 > 비타민/미네랄 > 비타민 E
11번가,C017033,비타민 K,C017025,3,건강식품 > 비타민/미네랄 > 비타민 K
11번가,C017034,비타민/미네랄 기타,C017025,3,건강식품 > 비타민/미네랄 > 비타민/미네랄 기타
11번가,C017035,셀레늄,C017025,3,건강식품 > 비타민/미네랄 > 셀레늄
11번가,C017036,시니어용 종합비타민,C017025,3,건강식품 > 비타민/미네랄 > 시니어용 종합비타민
11번가,C017037,아연,C017025,3,건강식품 > 비타민/미네랄 > 아연
11번가,C017038,여성용 종합비타민,C017025,3,건강식품 > 비타민/미네랄 > 여성용 종합비타민
11번가,C017039,엽산,C017025,3,건강식품 > 비타민/미네랄 > 엽산
11번가,C017040,요오드/아이오딘,C017025,3,건강식품 > 비타민/미네랄 > 요오드/아이오딘
11번가,C017041,임산부용 종합비타민,C017025,3,건강식품 > 비타민/미네랄 > 임산부용 종합비타민
11번가,C017042,철분,C017025,3,건강식품 > 비타민/미네랄 > 철분
11번가,C017043,칼슘,C017025,3,건강식품 > 비타민/미네랄 > 칼슘
11번가,C017044,크롬,C017025,3,건강식품 > 비타민/미네랄 > 크롬
11번가,C017046,어린이용 영양제,C017014,2,건강식품 > 어린이용 영양제
11번가,C017045,어린이용 DHA/오메가,C017046,3,건강식품 > 어린이용 영양제 > 어린이용 DHA/오메가
11번가,C017047,어린이용 기타,C017046,3,건강식품 > 어린이용 영양제 > 어린이용 기타
11번가,C017048,어린이용 비타민 C,C017046,3,건강식품 > 어린이용 영양제 > 어린이용 비타민 C
11번가,C017049,어린이용 비타민 D,C017046,3,건강식품 > 어린이용 영양제 > 어린이용 비타민 D
11번가,C017050,어린이용 아연,C017046,3,건강식품 > 어린이용 영양제 > 어린이용 아연
11번가,C017051,어린이용 유산균,C017046,3,건강식품 > 어린이용 영양제 > 어린이용 유산균
11번가,C017052,어린이용 종합비타민,C017046,3,건강식품 > 어린이용 영양제 > 어린이용 종합비타민
11번가,C017053,어린이용 철분,C017046,3,건강식품 > 어린이용 영양제 > 어린이용 철분
11번가,C017054,어린이용 칼슘,C017046,3,건강식품 > 어린이용 영양제 > 어린이용 칼슘
11번가,C017056,영양제,C017014,2,건강식품 > 영양제
11번가,C017055,L-글루타치온,C017056,3,건강식품 > 영양제 > L-글루타치온
11번가,C017057,MSM/식이유황,C017056,3,건강식품 > 영양제 > MSM/식이유황
11번가,C017058,SAM-e,C017056,3,건강식품 > 영양제 > SAM-e
11번가,C017059,글루코사민,C017056,3,건강식품 > 영양제 > 글루코사민
11번가,C017060,기타 영양제,C017056,3,건강식품 > 영양제 > 기타 영양제
11번가,C017061,레스베라톨,C017056,3,건강식품 > 영양제 > 레스베라톨
11번가,C017062,레시틴,C017056,3,건강식품 > 영양제 > 레시틴
11번가,C017063,루테인/제아잔틴,C017056,3,건강식품 > 영양제 > 루테인/제아잔틴
11번가,C017064,아스타잔틴,C017056,3,건강식품 > 영양제 > 아스타잔틴
11번가,C017065,알파리포산,C017056,3,건강식품 > 영양제 > 알파리포산
11번가,C017066,유비퀴놀,C017056,3,건강식품 > 영양제 > 유비퀴놀
11번가,C017067,유산균/프로바이오틱스,C017056,3,건강식품 > 영양제 > 유산균/프로바이오틱스
11번가,C017068,코엔자임Q10,C017056,3,건강식품 > 영양제 > 코엔자임Q10
11번가,C017069,콜라겐,C017056,3,건강식품 > 영양제 > 콜라겐
11번가,C017070,키토산,C017056,3,건강식품 > 영양제 > 키토산
11번가,C017071,폴리코사놀,C017056,3,건강식품 > 영양제 > 폴리코사놀
11번가,C017072,피쉬오일/오메가3/DHA,C017056,3,건강식품 > 영양제 > 피쉬오일/오메가3/DHA
11번가,C017073,히알루론산,C017056,3,건강식품 > 영양제 > 히알루론산
11번가,C017075,허브/자연추출물,C017014,2,건강식품 > 허브/자연추출물
11번가,C017074,가르시니아 캄보지아,C017075,3,건강식품 > 허브/자연추출물 > 가르시니아 캄보지아
11번가,C017076,강황/커큐민,C017075,3,건강식품 > 허브/자연추출물 > 강황/커큐민
11번가,C017077,기타 자연추출물,C017075,3,건강식품 > 허브/자연추출물 > 기타 자연추출물
11번가,C017078,나토키나제,C017075,3,건강식품 > 허브/자연추출물 > 나토키나제
11번가,C017079,녹차추출물/카테킨,C017075,3,건강식품 > 허브/자연추출물 > 녹차추출물/카테킨
11번가,C017080,달맞이꽃 오일/감마 리놀렌산,C017075,3,건강식품 > 허브/자연추출물 > 달맞이꽃 오일/감마 리놀렌산
11번가,C017081,로열젤리,C017075,3,건강식품 > 허브/자연추출물 > 로열젤리
11번가,C017082,마늘추출물,C017075,3,건강식품 > 허브/자연추출물 > 마늘추출물
11번가,C017083,마카,C017075,3,건강식품 > 허브/자연추출물 > 마카
11번가,C017084,밀크시슬(실리마린),C017075,3,건강식품 > 허브/자연추출물 > 밀크시슬(실리마린)
11번가,C017085,보스웰리아,C017075,3,건강식품 > 허브/자연추출물 > 보스웰리아
11번가,C017086,삼부커스,C017075,3,건강식품 > 허브/자연추출물 > 삼부커스
11번가,C017087,석류,C017075,3,건강식품 > 허브/자연추출물 > 석류
11번가,C017088,스피루리나,C017075,3,건강식품 > 허브/자연추출물 > 스피루리나
11번가,C017089,쏘팔메토,C017075,3,건강식품 > 허브/자연추출물 > 쏘팔메토
11번가,C017090,아사이베리,C017075,3,건강식품 > 허브/자연추출물 > 아사이베리
11번가,C017091,아슈와간다,C017075,3,건강식품 > 허브/자연추출물 > 아슈와간다
11번가,C017092,알로에베라,C017075,3,건강식품 > 허브/자연추출물 > 알로에베라
11번가,C017093,엘더베리,C017075,3,건강식품 > 허브/자연추출물 > 엘더베리
11번가,C017094,은행/징코빌로바,C017075,3,건강식품 > 허브/자연추출물 > 은행/징코빌로바
11번가,C017095,차전자피/실리엄허스크,C017075,3,건강식품 > 허브/자연추출물 > 차전자피/실리엄허스크
11번가,C017096,초록잎홍합,C017075,3,건강식품 > 허브/자연추출물 > 초록잎홍합
11번가,C017097,초유/콜로스트럼,C017075,3,건강식품 > 허브/자연추출물 > 초유/콜로스트럼
11번가,C017098,크랜베리,C017075,3,건강식품 > 허브/자연추출물 > 크랜베리
11번가,C017099,클로렐라,C017075,3,건강식품 > 허브/자연추출물 > 클로렐라
11번가,C017100,트리뷸러스,C017075,3,건강식품 > 허브/자연추출물 > 트리뷸러스
11번가,C017101,포도씨추출물,C017075,3,건강식품 > 허브/자연추출물 > 포도씨추출물
11번가,C017102,프로폴리스,C017075,3,건강식품 > 허브/자연추출물 > 프로폴리스
11번가,C017103,허브,C017075,3,건강식품 > 허브/자연추출물 > 허브
11번가,C017104,히비스커스,C017075,3,건강식품 > 허브/자연추출물 > 히비스커스
11번가,C017106,헬스보충식품,C017014,2,건강식품 > 헬스보충식품
11번가,C017105,기타 헬스보조제,C017106,3,건강식품 > 헬스보충식품 > 기타 헬스보조제
11번가,C017107,단백질/프로틴,C017106,3,건강식품 > 헬스보충식품 > 단백질/프로틴
11번가,C017108,스포츠바/프로틴바,C017106,3,건강식품 > 헬스보충식품 > 스포츠바/프로틴바
11번가,C017109,아미노산,C017106,3,건강식품 > 헬스보충식품 > 아미노산
11번가,C017110,크레아틴,C017106,3,건강식품 > 헬스보충식품 > 크레아틴
11번가,C017112,노트북/PC,ROOT,1,노트북/PC
11번가,C017111,노트북/PC,C017112,2,노트북/PC > 노트북/PC
11번가,C017113,노트북/PC 기타,C017112,2,노트북/PC > 노트북/PC 기타
11번가,C017115,디지털/가전,ROOT,1,디지털/가전
11번가,C017114,계절가전,C017115,2,디지털/가전 > 계절가전
11번가,C017116,디지털/가전 기타,C017115,2,디지털/가전 > 디지털/가전 기타
11번가,C017117,생활가전,C017115,2,디지털/가전 > 생활가전
11번가,C017118,영상/음향가전,C017115,2,디지털/가전 > 영상/음향가전
11번가,C017119,주방가전,C017115,2,디지털/가전 > 주방가전
11번가,C017120,카메라,C017115,2,디지털/가전 > 카메라
11번가,C017123,리빙/생활,ROOT,1,리빙/생활
11번가,C017122,가구/인테리어,C017123,2,리빙/생활 > 가구/인테리어
11번가,C017121,가드닝/기타소품,C017122,3,리빙/생활 > 가구/인테리어 > 가드닝/기타소품
11번가,C017124,거실가구,C017122,3,리빙/생활 > 가구/인테리어 > 거실가구
11번가,C017125,수납용품,C017122,3,리빙/생활 > 가구/인테리어 > 수납용품
11번가,C017126,시계/조명/액자,C017122,3,리빙/생활 > 가구/인테리어 > 시계/조명/액자
11번가,C017127,주방가구,C017122,3,리빙/생활 > 가구/인테리어 > 주방가구
11번가,C017128,침구/쿠션/방석,C017122,3,리빙/생활 > 가구/인테리어 > 침구/쿠션/방석
11번가,C017129,침실가구,C017122,3,리빙/생활 > 가구/인테리어 > 침실가구
11번가,C017130,캔들/디퓨저,C017122,3,리빙/생활 > 가구/인테리어 > 캔들/디퓨저
11번가,C017131,커튼/카페트/러그,C017122,3,리빙/생활 > 가구/인테리어 > 커튼/카페트/러그
11번가,C017132,패브릭소품,C017122,3,리빙/생활 > 가구/인테리어 > 패브릭소품
11번가,C017134,생활용품,C017123,2,리빙/생활 > 생활용품
11번가,C017133,생활잡화,C017134,3,리빙/생활 > 생활용품 > 생활잡화
11번가,C017135,세탁/청소용품,C017134,3,리빙/생활 > 생활용품 > 세탁/청소용품
11번가,C017136,욕실용품,C017134,3,리빙/생활 > 생활용품 > 욕실용품
11번가,C017137,안전인증 장난감/완구,C017123,2,리빙/생활 > 안전인증 장난감/완구
11번가,C017138,안전인증 출산/육아용품,C017123,2,리빙/생활 > 안전인증 출산/육아용품
11번가,C017140,주방용품,C017123,2,리빙/생활 > 주방용품
11번가,C017139,냄비/팬,C017140,3,리빙/생활 > 주방용품 > 냄비/팬
11번가,C017141,식기/컵,C017140,3,리빙/생활 > 주방용품 > 식기/컵
11번가,C017142,조리도구,C017140,3,리빙/생활 > 주방용품 > 조리도구
11번가,C017143,주방잡화,C017140,3,리빙/생활 > 주방용품 > 주방잡화
11번가,C017144,커피/와인용품,C017140,3,리빙/생활 > 주방용품 > 커피/와인용품
11번가,C017146,키덜트/취미,C017123,2,리빙/생활 > 키덜트/취미
11번가,C017145,문구/디자인용품,C017146,3,리빙/생활 > 키덜트/취미 > 문구/디자인용품
11번가,C017147,악기,C017146,3,리빙/생활 > 키덜트/취미 > 악기
11번가,C017148,애완용품,C017146,3,리빙/생활 > 키덜트/취미 > 애완용품
11번가,C017149,파티용품,C017146,3,리빙/생활 > 키덜트/취미 > 파티용품
11번가,C017150,피규어/프라모델,C017146,3,리빙/생활 > 키덜트/취미 > 피규어/프라모델
11번가,C017153,뷰티,ROOT,1,뷰티
11번가,C017152,남성스킨케어,C017153,2,뷰티 > 남성스킨케어
11번가,C017151,남성화장품 기타,C017152,3,뷰티 > 남성스킨케어 > 남성화장품 기타
11번가,C017154,스킨/로션,C017152,3,뷰티 > 남성스킨케어 > 스킨/로션
11번가,C017155,에센스/크림,C017152,3,뷰티 > 남성스킨케어 > 에센스/크림
11번가,C017156,클렌저/쉐이빙크림,C017152,3,뷰티 > 남성스킨케어 > 클렌저/쉐이빙크림
11번가,C017158,네일케어,C017153,2,뷰티 > 네일케어
11번가,C017157,네일강화제,C017158,3,뷰티 > 네일케어 > 네일강화제
11번가,C017159,네일케어용품,C017158,3,뷰티 > 네일케어 > 네일케어용품
11번가,C017160,매니큐어/탑코트,C017158,3,뷰티 > 네일케어 > 매니큐어/탑코트
11번가,C017162,메이크업,C017153,2,뷰티 > 메이크업
11번가,C017161,립컬러/립케어,C017162,3,뷰티 > 메이크업 > 립컬러/립케어
11번가,C017163,메이크업 소품,C017162,3,뷰티 > 메이크업 > 메이크업 소품
11번가,C017164,베이스 메이크업,C017162,3,뷰티 > 메이크업 > 베이스 메이크업
11번가,C017165,블러셔/하이라이터,C017162,3,뷰티 > 메이크업 > 블러셔/하이라이터
11번가,C017166,아이/브로우 메이크업,C017162,3,뷰티 > 메이크업 > 아이/브로우 메이크업
11번가,C017168,명품 화장품,C017153,2,뷰티 > 명품 화장품
11번가,C017167,기타브랜드,C017168,3,뷰티 > 명품 화장품 > 기타브랜드
11번가,C017169,랑콤,C017168,3,뷰티 > 명품 화장품 > 랑콤
11번가,C017170,베네피트,C017168,3,뷰티 > 명품 화장품 > 베네피트
11번가,C017171,샤넬,C017168,3,뷰티 > 명품 화장품 > 샤넬
11번가,C017172,시세이도,C017168,3,뷰티 > 명품 화장품 > 시세이도
11번가,C017173,에스티로더,C017168,3,뷰티 > 명품 화장품 > 에스티로더
11번가,C017174,크리스찬디올,C017168,3,뷰티 > 명품 화장품 > 크리스찬디올
11번가,C017175,클리니크,C017168,3,뷰티 > 명품 화장품 > 클리니크
11번가,C017176,키엘,C017168,3,뷰티 > 명품 화장품 > 키엘
11번가,C017178,바디케어/욕실용품,C017153,2,뷰티 > 바디케어/욕실용품
11번가,C017177,기타 욕실용품,C017178,3,뷰티 > 바디케어/욕실용품 > 기타 욕실용품
11번가,C017179,데오드란트,C017178,3,뷰티 > 바디케어/욕실용품 > 데오드란트
11번가,C017180,바디/핸드 보습케어,C017178,3,뷰티 > 바디케어/욕실용품 > 바디/핸드 보습케어
11번가,C017181,바디워시/스크럽,C017178,3,뷰티 > 바디케어/욕실용품 > 바디워시/스크럽
11번가,C017182,바디퍼밍/바디슬리밍,C017178,3,뷰티 > 바디케어/욕실용품 > 바디퍼밍/바디슬리밍
11번가,C017183,입욕제/청결제,C017178,3,뷰티 > 바디케어/욕실용품 > 입욕제/청결제
11번가,C017184,제모용품,C017178,3,뷰티 > 바디케어/욕실용품 > 제모용품
11번가,C017186,스킨케어,C017153,2,뷰티 > 스킨케어
11번가,C017185,[전시대기]화이트닝/리프팅,C017186,3,뷰티 > 스킨케어 > [전시대기]화이트닝/리프팅
11번가,C017187,선케어,C017186,3,뷰티 > 스킨케어 > 선케어
11번가,C017188,스킨/로션,C017186,3,뷰티 > 스킨케어 > 스킨/로션
11번가,C017189,아이 케어,C017186,3,뷰티 > 스킨케어 > 아이 케어
11번가,C017190,에센스/크림,C017186,3,뷰티 > 스킨케어 > 에센스/크림
11번가,C017191,클렌징케어,C017186,3,뷰티 > 스킨케어 > 클렌징케어
11번가,C017192,팩/마스크,C017186,3,뷰티 > 스킨케어 > 팩/마스크
11번가,C017193,피부고민케어,C017186,3,뷰티 > 스킨케어 > 피부고민케어
11번가,C017194,유아스킨/바디용품,C017153,2,뷰티 > 유아스킨/바디용품
11번가,C017196,향수,C017153,2,뷰티 > 향수
11번가,C017195,기타 향수,C017196,3,뷰티 > 향수 > 기타 향수
11번가,C017197,남성향수,C017196,3,뷰티 > 향수 > 남성향수
11번가,C017198,여성향수,C017196,3,뷰티 > 향수 > 여성향수
11번가,C017200,헤어케어,C017153,2,뷰티 > 헤어케어
11번가,C017199,두피케어,C017200,3,뷰티 > 헤어케어 > 두피케어
11번가,C017201,샴푸/린스,C017200,3,뷰티 > 헤어케어 > 샴푸/린스
11번가,C017202,트리트먼트/에센스,C017200,3,뷰티 > 헤어케어 > 트리트먼트/에센스
11번가,C017203,헤어스타일링,C017200,3,뷰티 > 헤어케어 > 헤어스타일링
11번가,C017204,헤어케어 기타,C017200,3,뷰티 > 헤어케어 > 헤어케어 기타
11번가,C017206,스마트기기,ROOT,1,스마트기기
11번가,C017205,스마트기기 기타,C017206,2,스마트기기 > 스마트기기 기타
11번가,C017207,스마트워치/웨어러블,C017206,2,스마트기기 > 스마트워치/웨어러블
11번가,C017208,액세서리,C017206,2,스마트기기 > 액세서리
11번가,C017209,태블릿/게임,C017206,2,스마트기기 > 태블릿/게임
11번가,C017210,휴대폰,C017206,2,스마트기기 > 휴대폰
11번가,C017213,스포츠/레저,ROOT,1,스포츠/레저
11번가,C017212,골프용품,C017213,2,스포츠/레저 > 골프용품
11번가,C017211,골프가방,C017212,3,스포츠/레저 > 골프용품 > 골프가방
11번가,C017214,골프공/기타용품,C017212,3,스포츠/레저 > 골프용품 > 골프공/기타용품
11번가,C017216,골프웨어&잡화,C017213,2,스포츠/레저 > 골프웨어&잡화
11번가,C017215,골프모자,C017216,3,스포츠/레저 > 골프웨어&잡화 > 골프모자
11번가,C017217,골프웨어,C017216,3,스포츠/레저 > 골프웨어&잡화 > 골프웨어
11번가,C017218,골프화,C017216,3,스포츠/레저 > 골프웨어&잡화 > 골프화
11번가,C017220,골프클럽,C017213,2,스포츠/레저 > 골프클럽
11번가,C017219,드라이버,C017220,3,스포츠/레저 > 골프클럽 > 드라이버
11번가,C017221,아이언/웨지,C017220,3,스포츠/레저 > 골프클럽 > 아이언/웨지
11번가,C017222,퍼터,C017220,3,스포츠/레저 > 골프클럽 > 퍼터
11번가,C017224,구기용품,C017213,2,스포츠/레저 > 구기용품
11번가,C017223,구기용품기타,C017224,3,스포츠/레저 > 구기용품 > 구기용품기타
11번가,C017225,농구,C017224,3,스포츠/레저 > 구기용품 > 농구
11번가,C017226,배구,C017224,3,스포츠/레저 > 구기용품 > 배구
11번가,C017227,볼링,C017224,3,스포츠/레저 > 구기용품 > 볼링
11번가,C017229,낚시,C017213,2,스포츠/레저 > 낚시
11번가,C017228,기타잡화,C017229,3,스포츠/레저 > 낚시 > 기타잡화
11번가,C017230,낚시의류,C017229,3,스포츠/레저 > 낚시 > 낚시의류
11번가,C017231,낚싯대/릴,C017229,3,스포츠/레저 > 낚시 > 낚싯대/릴
11번가,C017233,등산/아웃도어/캠핑,C017213,2,스포츠/레저 > 등산/아웃도어/캠핑
11번가,C017232,등산/아웃도어 용품,C017233,3,스포츠/레저 > 등산/아웃도어/캠핑 > 등산/아웃도어 용품
11번가,C017234,등산/아웃도어 의류,C017233,3,스포츠/레저 > 등산/아웃도어/캠핑 > 등산/아웃도어 의류
11번가,C017235,캠핑용품,C017233,3,스포츠/레저 > 등산/아웃도어/캠핑 > 캠핑용품
11번가,C017237,라켓스포츠,C017213,2,스포츠/레저 > 라켓스포츠
11번가,C017236,스쿼시/탁구용품,C017237,3,스포츠/레저 > 라켓스포츠 > 스쿼시/탁구용품
11번가,C017238,테니스/배드민턴용품,C017237,3,스포츠/레저 > 라켓스포츠 > 테니스/배드민턴용품
11번가,C017240,수영/수상스포츠,C017213,2,스포츠/레저 > 수영/수상스포츠
11번가,C017239,남성수영복,C017240,3,스포츠/레저 > 수영/수상스포츠 > 남성수영복
11번가,C017241,물놀이/구명조끼,C017240,3,스포츠/레저 > 수영/수상스포츠 > 물놀이/구명조끼
11번가,C017242,수영/수상스포츠용품,C017240,3,스포츠/레저 > 수영/수상스포츠 > 수영/수상스포츠용품
11번가,C017243,여성수영복,C017240,3,스포츠/레저 > 수영/수상스포츠 > 여성수영복
11번가,C017245,스노보드/스키,C017213,2,스포츠/레저 > 스노보드/스키
11번가,C017244,고글/기타용품,C017245,3,스포츠/레저 > 스노보드/스키 > 고글/기타용품
11번가,C017246,스키/보드복,C017245,3,스포츠/레저 > 스노보드/스키 > 스키/보드복
11번가,C017247,스키/보드용품,C017245,3,스포츠/레저 > 스노보드/스키 > 스키/보드용품
11번가,C017249,스포츠남성패션,C017213,2,스포츠/레저 > 스포츠남성패션
11번가,C017248,기능성운동복/저지,C017249,3,스포츠/레저 > 스포츠남성패션 > 기능성운동복/저지
11번가,C017250,바람막이/플리스/트랙재킷,C017249,3,스포츠/레저 > 스포츠남성패션 > 바람막이/플리스/트랙재킷
11번가,C017251,반바지/긴바지,C017249,3,스포츠/레저 > 스포츠남성패션 > 반바지/긴바지
11번가,C017252,반팔/긴팔,C017249,3,스포츠/레저 > 스포츠남성패션 > 반팔/긴팔
11번가,C017253,스포츠 모자,C017249,3,스포츠/레저 > 스포츠남성패션 > 스포츠 모자
11번가,C017254,스포츠 선글라스,C017249,3,스포츠/레저 > 스포츠남성패션 > 스포츠 선글라스
11번가,C017255,스포츠 시계,C017249,3,스포츠/레저 > 스포츠남성패션 > 스포츠 시계
11번가,C017256,스포츠 액세서리,C017249,3,스포츠/레저 > 스포츠남성패션 > 스포츠 액세서리
11번가,C017257,스포츠가방,C017249,3,스포츠/레저 > 스포츠남성패션 > 스포츠가방
11번가,C017258,패딩/다운 점퍼,C017249,3,스포츠/레저 > 스포츠남성패션 > 패딩/다운 점퍼
11번가,C017259,후디/집업,C017249,3,스포츠/레저 > 스포츠남성패션 > 후디/집업
11번가,C017261,스포츠여성패션,C017213,2,스포츠/레저 > 스포츠여성패션
11번가,C017260,기능성운동복/저지,C017261,3,스포츠/레저 > 스포츠여성패션 > 기능성운동복/저지
11번가,C017262,바람막이/플리스/트랙재킷,C017261,3,스포츠/레저 > 스포츠여성패션 > 바람막이/플리스/트랙재킷
11번가,C017263,반바지/긴바지,C017261,3,스포츠/레저 > 스포츠여성패션 > 반바지/긴바지
11번가,C017264,반팔/긴팔,C017261,3,스포츠/레저 > 스포츠여성패션 > 반팔/긴팔
11번가,C017265,패딩/다운 점퍼,C017261,3,스포츠/레저 > 스포츠여성패션 > 패딩/다운 점퍼
11번가,C017266,후디/집업,C017261,3,스포츠/레저 > 스포츠여성패션 > 후디/집업
11번가,C017268,야구,C017213,2,스포츠/레저 > 야구
11번가,C017267,야구복/유니폼,C017268,3,스포츠/레저 > 야구 > 야구복/유니폼
11번가,C017269,야구화/야구용품,C017268,3,스포츠/레저 > 야구 > 야구화/야구용품
11번가,C017271,운동화/스니커즈,C017213,2,스포츠/레저 > 운동화/스니커즈
11번가,C017270,기능성운동화,C017271,3,스포츠/레저 > 운동화/스니커즈 > 기능성운동화
11번가,C017272,러닝/조깅화,C017271,3,스포츠/레저 > 운동화/스니커즈 > 러닝/조깅화
11번가,C017273,로우탑운동화,C017271,3,스포츠/레저 > 운동화/스니커즈 > 로우탑운동화
11번가,C017274,볼링화/배구화,C017271,3,스포츠/레저 > 운동화/스니커즈 > 볼링화/배구화
11번가,C017275,슬리퍼/샌들,C017271,3,스포츠/레저 > 운동화/스니커즈 > 슬리퍼/샌들
11번가,C017276,테니스화/농구화,C017271,3,스포츠/레저 > 운동화/스니커즈 > 테니스화/농구화
11번가,C017277,하이탑 운동화,C017271,3,스포츠/레저 > 운동화/스니커즈 > 하이탑 운동화
11번가,C017279,자동차용품,C017213,2,스포츠/레저 > 자동차용품
11번가,C017278,기타자동차용품,C017279,3,스포츠/레저 > 자동차용품 > 기타자동차용품
11번가,C017280,엔진용품,C017279,3,스포츠/레저 > 자동차용품 > 엔진용품
11번가,C017281,인/익스테리어,C017279,3,스포츠/레저 > 자동차용품 > 인/익스테리어
11번가,C017282,튜닝용품,C017279,3,스포츠/레저 > 자동차용품 > 튜닝용품
11번가,C017284,자전거/바이크,C017213,2,스포츠/레저 > 자전거/바이크
11번가,C017283,자전거/바이크,C017284,3,스포츠/레저 > 자전거/바이크 > 자전거/바이크
11번가,C017285,자전거부품/용품,C017284,3,스포츠/레저 > 자전거/바이크 > 자전거부품/용품
11번가,C017286,자전거의류/잡화,C017284,3,스포츠/레저 > 자전거/바이크 > 자전거의류/잡화
11번가,C017288,축구,C017213,2,스포츠/레저 > 축구
11번가,C017287,축구복/유니폼,C017288,3,스포츠/레저 > 축구 > 축구복/유니폼
11번가,C017289,축구화/축구용품,C017288,3,스포츠/레저 > 축구 > 축구화/축구용품
11번가,C017291,피트니스,C017213,2,스포츠/레저 > 피트니스
11번가,C017290,기타,C017291,3,스포츠/레저 > 피트니스 > 기타
11번가,C017292,복싱/태보,C017291,3,스포츠/레저 > 피트니스 > 복싱/태보
11번가,C017293,요가/필라테스,C017291,3,스포츠/레저 > 피트니스 > 요가/필라테스
11번가,C017294,웨이트 트레이닝,C017291,3,스포츠/레저 > 피트니스 > 웨이트 트레이닝
11번가,C017295,전신운동기구,C017291,3,스포츠/레저 > 피트니스 > 전신운동기구
11번가,C017298,식품,ROOT,1,식품
11번가,C017297,가공식품,C017298,2,식품 > 가공식품
11번가,C017296,기타가공식품,C017297,3,식품 > 가공식품 > 기타가공식품
11번가,C017299,분유/이유식,C017297,3,식품 > 가공식품 > 분유/이유식
11번가,C017300,통조림/즉석식품,C017297,3,식품 > 가공식품 > 통조림/즉석식품
11번가,C017301,파스타/면류,C017297,3,식품 > 가공식품 > 파스타/면류
11번가,C017303,과자/간식,C017298,2,식품 > 과자/간식
11번가,C017302,견과류/너트,C017303,3,식품 > 과자/간식 > 견과류/너트
11번가,C017304,과일/야채,C017303,3,식품 > 과자/간식 > 과일/야채
11번가,C017305,베이커리,C017303,3,식품 > 과자/간식 > 베이커리
11번가,C017306,스낵/쿠키,C017303,3,식품 > 과자/간식 > 스낵/쿠키
11번가,C017307,캔디/초콜릿/젤리,C017303,3,식품 > 과자/간식 > 캔디/초콜릿/젤리
11번가,C017309,반려동물식품,C017298,2,식품 > 반려동물식품
11번가,C017308,기타 반려동물식품,C017309,3,식품 > 반려동물식품 > 기타 반려동물식품
11번가,C017310,반려동물간식,C017309,3,식품 > 반려동물식품 > 반려동물간식
11번가,C017311,반려동물사료,C017309,3,식품 > 반려동물식품 > 반려동물사료
11번가,C017313,식료품,C017298,2,식품 > 식료품
11번가,C017312,기타식료품,C017313,3,식품 > 식료품 > 기타식료품
11번가,C017314,벌꿀/감미료,C017313,3,식품 > 식료품 > 벌꿀/감미료
11번가,C017315,베이킹믹스/파우더,C017313,3,식품 > 식료품 > 베이킹믹스/파우더
11번가,C017316,시리얼/아침식사,C017313,3,식품 > 식료품 > 시리얼/아침식사
11번가,C017317,오일/드레싱/소스,C017313,3,식품 > 식료품 > 오일/드레싱/소스
11번가,C017318,조미료/향신료,C017313,3,식품 > 식료품 > 조미료/향신료
11번가,C017319,치즈/버터,C017313,3,식품 > 식료품 > 치즈/버터
11번가,C017321,커피/차/음료,C017298,2,식품 > 커피/차/음료
11번가,C017320,주스/음료,C017321,3,식품 > 커피/차/음료 > 주스/음료
11번가,C017322,커피/코코아,C017321,3,식품 > 커피/차/음료 > 커피/코코아
11번가,C017323,허브티/차,C017321,3,식품 > 커피/차/음료 > 허브티/차
11번가,C017326,의류/언더웨어,ROOT,1,의류/언더웨어
11번가,C017325,남성 트레이닝복/시즌웨어,C017326,2,의류/언더웨어 > 남성 트레이닝복/시즌웨어
11번가,C017324,수영복/비치웨어,C017325,3,의류/언더웨어 > 남성 트레이닝복/시즌웨어 > 수영복/비치웨어
11번가,C017327,트레이닝복,C017325,3,의류/언더웨어 > 남성 트레이닝복/시즌웨어 > 트레이닝복
11번가,C017329,남성 팬츠,C017326,2,의류/언더웨어 > 남성 팬츠
11번가,C017328,데님팬츠,C017329,3,의류/언더웨어 > 남성 팬츠 > 데님팬츠
11번가,C017330,쇼트팬츠,C017329,3,의류/언더웨어 > 남성 팬츠 > 쇼트팬츠
11번가,C017331,슬랙스,C017329,3,의류/언더웨어 > 남성 팬츠 > 슬랙스
11번가,C017332,액티브팬츠,C017329,3,의류/언더웨어 > 남성 팬츠 > 액티브팬츠
11번가,C017333,코튼팬츠,C017329,3,의류/언더웨어 > 남성 팬츠 > 코튼팬츠
11번가,C017335,남성 포멀/슈트,C017326,2,의류/언더웨어 > 남성 포멀/슈트
11번가,C017334,정장/슈트세트,C017335,3,의류/언더웨어 > 남성 포멀/슈트 > 정장/슈트세트
11번가,C017336,정장바지,C017335,3,의류/언더웨어 > 남성 포멀/슈트 > 정장바지
11번가,C017337,정장재킷,C017335,3,의류/언더웨어 > 남성 포멀/슈트 > 정장재킷
11번가,C017339,남성셔츠,C017326,2,의류/언더웨어 > 남성셔츠
11번가,C017338,드레스셔츠,C017339,3,의류/언더웨어 > 남성셔츠 > 드레스셔츠
11번가,C017340,캐주얼셔츠,C017339,3,의류/언더웨어 > 남성셔츠 > 캐주얼셔츠
11번가,C017342,남성스웨터/카디건,C017326,2,의류/언더웨어 > 남성스웨터/카디건
11번가,C017341,베스트/조끼,C017342,3,의류/언더웨어 > 남성스웨터/카디건 > 베스트/조끼
11번가,C017343,브이넥 스웨터,C017342,3,의류/언더웨어 > 남성스웨터/카디건 > 브이넥 스웨터
11번가,C017344,집업/버튼카디건,C017342,3,의류/언더웨어 > 남성스웨터/카디건 > 집업/버튼카디건
11번가,C017345,크루넥 스웨터,C017342,3,의류/언더웨어 > 남성스웨터/카디건 > 크루넥 스웨터
11번가,C017346,터틀넥 스웨터,C017342,3,의류/언더웨어 > 남성스웨터/카디건 > 터틀넥 스웨터
11번가,C017347,후드 스웨터,C017342,3,의류/언더웨어 > 남성스웨터/카디건 > 후드 스웨터
11번가,C017349,남성아우터/재킷,C017326,2,의류/언더웨어 > 남성아우터/재킷
11번가,C017348,가죽/FUR,C017349,3,의류/언더웨어 > 남성아우터/재킷 > 가죽/FUR
11번가,C017350,블레이저/재킷,C017349,3,의류/언더웨어 > 남성아우터/재킷 > 블레이저/재킷
11번가,C017351,블루종/점퍼,C017349,3,의류/언더웨어 > 남성아우터/재킷 > 블루종/점퍼
11번가,C017352,코트,C017349,3,의류/언더웨어 > 남성아우터/재킷 > 코트
11번가,C017353,패딩/다운,C017349,3,의류/언더웨어 > 남성아우터/재킷 > 패딩/다운
11번가,C017355,남성언더웨어,C017326,2,의류/언더웨어 > 남성언더웨어
11번가,C017354,드로즈/트렁크,C017355,3,의류/언더웨어 > 남성언더웨어 > 드로즈/트렁크
11번가,C017356,러닝,C017355,3,의류/언더웨어 > 남성언더웨어 > 러닝
11번가,C017357,삼각팬티,C017355,3,의류/언더웨어 > 남성언더웨어 > 삼각팬티
11번가,C017358,잠옷/홈웨어,C017355,3,의류/언더웨어 > 남성언더웨어 > 잠옷/홈웨어
11번가,C017360,남성티셔츠,C017326,2,의류/언더웨어 > 남성티셔츠
11번가,C017359,기본티셔츠,C017360,3,의류/언더웨어 > 남성티셔츠 > 기본티셔츠
11번가,C017361,민소매티셔츠,C017360,3,의류/언더웨어 > 남성티셔츠 > 민소매티셔츠
11번가,C017362,칼라넥/터틀넥티셔츠,C017360,3,의류/언더웨어 > 남성티셔츠 > 칼라넥/터틀넥티셔츠
11번가,C017363,후드/맨투맨티셔츠,C017360,3,의류/언더웨어 > 남성티셔츠 > 후드/맨투맨티셔츠
11번가,C017364,안전인증 아동의류,C017326,2,의류/언더웨어 > 안전인증 아동의류
11번가,C017366,여성 스커트,C017326,2,의류/언더웨어 > 여성 스커트
11번가,C017365,롱스커트,C017366,3,의류/언더웨어 > 여성 스커트 > 롱스커트
11번가,C017367,미니스커트,C017366,3,의류/언더웨어 > 여성 스커트 > 미니스커트
11번가,C017368,미디스커트,C017366,3,의류/언더웨어 > 여성 스커트 > 미디스커트
11번가,C017370,여성 팬츠,C017326,2,의류/언더웨어 > 여성 팬츠
11번가,C017369,데님팬츠,C017370,3,의류/언더웨어 > 여성 팬츠 > 데님팬츠
11번가,C017371,레깅스,C017370,3,의류/언더웨어 > 여성 팬츠 > 레깅스
11번가,C017372,쇼트팬츠,C017370,3,의류/언더웨어 > 여성 팬츠 > 쇼트팬츠
11번가,C017373,액티브팬츠,C017370,3,의류/언더웨어 > 여성 팬츠 > 액티브팬츠
11번가,C017374,코튼팬츠,C017370,3,의류/언더웨어 > 여성 팬츠 > 코튼팬츠
11번가,C017376,여성블라우스/셔츠,C017326,2,의류/언더웨어 > 여성블라우스/셔츠
11번가,C017375,블라우스,C017376,3,의류/언더웨어 > 여성블라우스/셔츠 > 블라우스
11번가,C017377,셔츠,C017376,3,의류/언더웨어 > 여성블라우스/셔츠 > 셔츠
11번가,C017379,여성스웨터/카디건,C017326,2,의류/언더웨어 > 여성스웨터/카디건
11번가,C017378,베스트/조끼/판초,C017379,3,의류/언더웨어 > 여성스웨터/카디건 > 베스트/조끼/판초
11번가,C017380,브이넥 스웨터,C017379,3,의류/언더웨어 > 여성스웨터/카디건 > 브이넥 스웨터
11번가,C017381,집업/버튼카디건,C017379,3,의류/언더웨어 > 여성스웨터/카디건 > 집업/버튼카디건
11번가,C017382,크루넥 스웨터,C017379,3,의류/언더웨어 > 여성스웨터/카디건 > 크루넥 스웨터
11번가,C017383,터틀넥 스웨터,C017379,3,의류/언더웨어 > 여성스웨터/카디건 > 터틀넥 스웨터
11번가,C017384,후드 스웨터,C017379,3,의류/언더웨어 > 여성스웨터/카디건 > 후드 스웨터
11번가,C017386,여성아우터/재킷,C017326,2,의류/언더웨어 > 여성아우터/재킷
11번가,C017385,가죽/FUR,C017386,3,의류/언더웨어 > 여성아우터/재킷 > 가죽/FUR
11번가,C017387,블레이저/재킷,C017386,3,의류/언더웨어 > 여성아우터/재킷 > 블레이저/재킷
11번가,C017388,블루종/점퍼,C017386,3,의류/언더웨어 > 여성아우터/재킷 > 블루종/점퍼
11번가,C017389,코트,C017386,3,의류/언더웨어 > 여성아우터/재킷 > 코트
11번가,C017390,패딩/다운,C017386,3,의류/언더웨어 > 여성아우터/재킷 > 패딩/다운
11번가,C017392,여성언더웨어,C017326,2,의류/언더웨어 > 여성언더웨어
11번가,C017391,보정속옷/기능성,C017392,3,의류/언더웨어 > 여성언더웨어 > 보정속옷/기능성
11번가,C017393,브라,C017392,3,의류/언더웨어 > 여성언더웨어 > 브라
11번가,C017394,브라팬티 세트,C017392,3,의류/언더웨어 > 여성언더웨어 > 브라팬티 세트
11번가,C017395,슬립/캐미솔,C017392,3,의류/언더웨어 > 여성언더웨어 > 슬립/캐미솔
11번가,C017396,잠옷/홈웨어/가운,C017392,3,의류/언더웨어 > 여성언더웨어 > 잠옷/홈웨어/가운
11번가,C017397,팬티,C017392,3,의류/언더웨어 > 여성언더웨어 > 팬티
11번가,C017399,여성원피스,C017326,2,의류/언더웨어 > 여성원피스
11번가,C017398,비치/맥시 원피스,C017399,3,의류/언더웨어 > 여성원피스 > 비치/맥시 원피스
11번가,C017400,웨딩 드레스,C017399,3,의류/언더웨어 > 여성원피스 > 웨딩 드레스
11번가,C017401,캐주얼 원피스,C017399,3,의류/언더웨어 > 여성원피스 > 캐주얼 원피스
11번가,C017402,포멀/정장 원피스,C017399,3,의류/언더웨어 > 여성원피스 > 포멀/정장 원피스
11번가,C017404,여성트레이닝/시즌의류,C017326,2,의류/언더웨어 > 여성트레이닝/시즌의류
11번가,C017403,수영복/비치웨어,C017404,3,의류/언더웨어 > 여성트레이닝/시즌의류 > 수영복/비치웨어
11번가,C017405,트레이닝복,C017404,3,의류/언더웨어 > 여성트레이닝/시즌의류 > 트레이닝복
11번가,C017407,여성티셔츠,C017326,2,의류/언더웨어 > 여성티셔츠
11번가,C017406,기본티셔츠,C017407,3,의류/언더웨어 > 여성티셔츠 > 기본티셔츠
11번가,C017408,민소매티셔츠,C017407,3,의류/언더웨어 > 여성티셔츠 > 민소매티셔츠
11번가,C017409,서비스이용권,C017407,3,의류/언더웨어 > 여성티셔츠 > 서비스이용권
11번가,C017410,칼라넥/터틀넥티셔츠,C017407,3,의류/언더웨어 > 여성티셔츠 > 칼라넥/터틀넥티셔츠
11번가,C017411,후드/맨투맨티셔츠,C017407,3,의류/언더웨어 > 여성티셔츠 > 후드/맨투맨티셔츠
11번가,C017414,패션잡화,ROOT,1,패션잡화
11번가,C017413,남성 모자,C017414,2,패션잡화 > 남성 모자
11번가,C017412,모자기타,C017413,3,패션잡화 > 남성 모자 > 모자기타
11번가,C017415,비니/베레모/페도라,C017413,3,패션잡화 > 남성 모자 > 비니/베레모/페도라
11번가,C017416,야구모자/뉴에라/스냅백,C017413,3,패션잡화 > 남성 모자 > 야구모자/뉴에라/스냅백
11번가,C017418,남성 선글라스/안경테,C017414,2,패션잡화 > 남성 선글라스/안경테
11번가,C017417,선글라스,C017418,3,패션잡화 > 남성 선글라스/안경테 > 선글라스
11번가,C017419,스포츠글라스,C017418,3,패션잡화 > 남성 선글라스/안경테 > 스포츠글라스
11번가,C017420,안경테,C017418,3,패션잡화 > 남성 선글라스/안경테 > 안경테
11번가,C017422,남성 시계,C017414,2,패션잡화 > 남성 시계
11번가,C017421,디지털시계,C017422,3,패션잡화 > 남성 시계 > 디지털시계
11번가,C017423,브랜드시계,C017422,3,패션잡화 > 남성 시계 > 브랜드시계
11번가,C017425,남성 지갑/벨트,C017414,2,패션잡화 > 남성 지갑/벨트
11번가,C017424,벨트,C017425,3,패션잡화 > 남성 지갑/벨트 > 벨트
11번가,C017426,지갑/키홀더/명함케이스,C017425,3,패션잡화 > 남성 지갑/벨트 > 지갑/키홀더/명함케이스
11번가,C017428,남성 패션소품,C017414,2,패션잡화 > 남성 패션소품
11번가,C017427,넥타이/핀/커프스,C017428,3,패션잡화 > 남성 패션소품 > 넥타이/핀/커프스
11번가,C017429,라이터/핸드폰소품,C017428,3,패션잡화 > 남성 패션소품 > 라이터/핸드폰소품
11번가,C017430,손수건/스카프/머플러,C017428,3,패션잡화 > 남성 패션소품 > 손수건/스카프/머플러
11번가,C017431,양말/니삭스/워머,C017428,3,패션잡화 > 남성 패션소품 > 양말/니삭스/워머
11번가,C017432,장갑/우산/양산,C017428,3,패션잡화 > 남성 패션소품 > 장갑/우산/양산
11번가,C017433,패션소품 기타,C017428,3,패션잡화 > 남성 패션소품 > 패션소품 기타
11번가,C017435,남성가방,C017414,2,패션잡화 > 남성가방
11번가,C017434,기타가방,C017435,3,패션잡화 > 남성가방 > 기타가방
11번가,C017436,백팩/캐주얼백,C017435,3,패션잡화 > 남성가방 > 백팩/캐주얼백
11번가,C017437,서류가방/맨즈백,C017435,3,패션잡화 > 남성가방 > 서류가방/맨즈백
11번가,C017438,여행가방/캐리어,C017435,3,패션잡화 > 남성가방 > 여행가방/캐리어
11번가,C017440,남성주얼리/액세서리,C017414,2,패션잡화 > 남성주얼리/액세서리
11번가,C017439,기타액세서리,C017440,3,패션잡화 > 남성주얼리/액세서리 > 기타액세서리
11번가,C017441,목걸이/체인,C017440,3,패션잡화 > 남성주얼리/액세서리 > 목걸이/체인
11번가,C017442,반지/팔찌,C017440,3,패션잡화 > 남성주얼리/액세서리 > 반지/팔찌
11번가,C017444,남성화,C017414,2,패션잡화 > 남성화
11번가,C017443,기타신발,C017444,3,패션잡화 > 남성화 > 기타신발
11번가,C017445,로퍼/정장화,C017444,3,패션잡화 > 남성화 > 로퍼/정장화
11번가,C017446,부츠/워커,C017444,3,패션잡화 > 남성화 > 부츠/워커
11번가,C017447,샌들/조리/슬리퍼,C017444,3,패션잡화 > 남성화 > 샌들/조리/슬리퍼
11번가,C017448,스니커즈/캔버스화,C017444,3,패션잡화 > 남성화 > 스니커즈/캔버스화
11번가,C017449,안전인증 아동잡화,C017414,2,패션잡화 > 안전인증 아동잡화
11번가,C017451,여성 가방/지갑,C017414,2,패션잡화 > 여성 가방/지갑
11번가,C017450,기타 가방,C017451,3,패션잡화 > 여성 가방/지갑 > 기타 가방
11번가,C017452,숄더백,C017451,3,패션잡화 > 여성 가방/지갑 > 숄더백
11번가,C017453,여행가방/캐리어,C017451,3,패션잡화 > 여성 가방/지갑 > 여행가방/캐리어
11번가,C017454,지갑/파우치,C017451,3,패션잡화 > 여성 가방/지갑 > 지갑/파우치
11번가,C017455,캐주얼백/백팩,C017451,3,패션잡화 > 여성 가방/지갑 > 캐주얼백/백팩
11번가,C017456,클러치/미니백,C017451,3,패션잡화 > 여성 가방/지갑 > 클러치/미니백
11번가,C017457,토트백,C017451,3,패션잡화 > 여성 가방/지갑 > 토트백
11번가,C017459,여성 선글라스/안경,C017414,2,패션잡화 > 여성 선글라스/안경
11번가,C017458,선글라스/안경,C017459,3,패션잡화 > 여성 선글라스/안경 > 선글라스/안경
11번가,C017461,여성 시계,C017414,2,패션잡화 > 여성 시계
11번가,C017460,브랜드시계,C017461,3,패션잡화 > 여성 시계 > 브랜드시계
11번가,C017463,여성 주얼리,C017414,2,패션잡화 > 여성 주얼리
11번가,C017462,귀걸이,C017463,3,패션잡화 > 여성 주얼리 > 귀걸이
11번가,C017464,목걸이/펜던트,C017463,3,패션잡화 > 여성 주얼리 > 목걸이/펜던트
11번가,C017465,반지,C017463,3,패션잡화 > 여성 주얼리 > 반지
11번가,C017466,팔찌/발찌,C017463,3,패션잡화 > 여성 주얼리 > 팔찌/발찌
11번가,C017467,헤어 ACC,C017463,3,패션잡화 > 여성 주얼리 > 헤어 ACC
11번가,C017469,여성 패션소품,C017414,2,패션잡화 > 여성 패션소품
11번가,C017468,모자/패션 소품,C017469,3,패션잡화 > 여성 패션소품 > 모자/패션 소품
11번가,C017470,벨트/서스펜더,C017469,3,패션잡화 > 여성 패션소품 > 벨트/서스펜더
11번가,C017471,스카프/머플러/손수건,C017469,3,패션잡화 > 여성 패션소품 > 스카프/머플러/손수건
11번가,C017472,스타킹/양말,C017469,3,패션잡화 > 여성 패션소품 > 스타킹/양말
11번가,C017473,우산/양산,C017469,3,패션잡화 > 여성 패션소품 > 우산/양산
11번가,C017474,테크ACC,C017469,3,패션잡화 > 여성 패션소품 > 테크ACC
11번가,C017476,여성화,C017414,2,패션잡화 > 여성화
11번가,C017475,부츠/부티,C017476,3,패션잡화 > 여성화 > 부츠/부티
11번가,C017477,샌들/웨지힐,C017476,3,패션잡화 > 여성화 > 샌들/웨지힐
11번가,C017478,운동화/스니커즈,C017476,3,패션잡화 > 여성화 > 운동화/스니커즈
11번가,C017479,펌프스/하이힐,C017476,3,패션잡화 > 여성화 > 펌프스/하이힐
11번가,C017480,플랫슈즈/로퍼,C017476,3,패션잡화 > 여성화 > 플랫슈즈/로퍼
11번가,C017483,해외명품,ROOT,1,해외명품
11번가,C017482,골프,C017483,2,해외명품 > 골프
11번가,C017481,골프용품,C017482,3,해외명품 > 골프 > 골프용품
11번가,C017484,남성골프의류,C017482,3,해외명품 > 골프 > 남성골프의류
11번가,C017485,남성골프화,C017482,3,해외명품 > 골프 > 남성골프화
11번가,C017486,여성골프의류,C017482,3,해외명품 > 골프 > 여성골프의류
11번가,C017487,여성골프화,C017482,3,해외명품 > 골프 > 여성골프화
11번가,C017489,남성가방,C017483,2,해외명품 > 남성가방
11번가,C017488,가방 기타,C017489,3,해외명품 > 남성가방 > 가방 기타
11번가,C017490,백팩,C017489,3,해외명품 > 남성가방 > 백팩
11번가,C017491,서류가방,C017489,3,해외명품 > 남성가방 > 서류가방
11번가,C017492,숄더백,C017489,3,해외명품 > 남성가방 > 숄더백
11번가,C017493,크로스백,C017489,3,해외명품 > 남성가방 > 크로스백
11번가,C017494,클러치백/파우치,C017489,3,해외명품 > 남성가방 > 클러치백/파우치
11번가,C017495,토트백,C017489,3,해외명품 > 남성가방 > 토트백
11번가,C017497,남성신발,C017483,2,해외명품 > 남성신발
11번가,C017496,남성구두,C017497,3,해외명품 > 남성신발 > 남성구두
11번가,C017498,로퍼,C017497,3,해외명품 > 남성신발 > 로퍼
11번가,C017499,부츠,C017497,3,해외명품 > 남성신발 > 부츠
11번가,C017500,샌들/슬리퍼,C017497,3,해외명품 > 남성신발 > 샌들/슬리퍼
11번가,C017501,스니커즈/운동화,C017497,3,해외명품 > 남성신발 > 스니커즈/운동화
11번가,C017502,신발 기타,C017497,3,해외명품 > 남성신발 > 신발 기타
11번가,C017504,남성의류,C017483,2,해외명품 > 남성의류
11번가,C017503,비치웨어,C017504,3,해외명품 > 남성의류 > 비치웨어
11번가,C017505,셔츠/블라우스,C017504,3,해외명품 > 남성의류 > 셔츠/블라우스
11번가,C017506,스웨터/카디건,C017504,3,해외명품 > 남성의류 > 스웨터/카디건
11번가,C017507,스포츠웨어,C017504,3,해외명품 > 남성의류 > 스포츠웨어
11번가,C017508,언더웨어/파자마,C017504,3,해외명품 > 남성의류 > 언더웨어/파자마
11번가,C017509,재킷,C017504,3,해외명품 > 남성의류 > 재킷
11번가,C017510,점퍼/패딩,C017504,3,해외명품 > 남성의류 > 점퍼/패딩
11번가,C017511,정장/슈트,C017504,3,해외명품 > 남성의류 > 정장/슈트
11번가,C017512,코트,C017504,3,해외명품 > 남성의류 > 코트
11번가,C017513,티셔츠,C017504,3,해외명품 > 남성의류 > 티셔츠
11번가,C017514,팬츠,C017504,3,해외명품 > 남성의류 > 팬츠
11번가,C017516,남성주얼리,C017483,2,해외명품 > 남성주얼리
11번가,C017515,목걸이/팬던트,C017516,3,해외명품 > 남성주얼리 > 목걸이/팬던트
11번가,C017517,반지,C017516,3,해외명품 > 남성주얼리 > 반지
11번가,C017518,쥬얼리 기타,C017516,3,해외명품 > 남성주얼리 > 쥬얼리 기타
11번가,C017519,팔찌,C017516,3,해외명품 > 남성주얼리 > 팔찌
11번가,C017521,남성지갑,C017483,2,해외명품 > 남성지갑
11번가,C017520,반지갑/중지갑,C017521,3,해외명품 > 남성지갑 > 반지갑/중지갑
11번가,C017522,장지갑,C017521,3,해외명품 > 남성지갑 > 장지갑
11번가,C017523,지갑 기타,C017521,3,해외명품 > 남성지갑 > 지갑 기타
11번가,C017524,카드/명함지갑,C017521,3,해외명품 > 남성지갑 > 카드/명함지갑
11번가,C017526,럭셔리라이프,C017483,2,해외명품 > 럭셔리라이프
11번가,C017525,리빙/잡화,C017526,3,해외명품 > 럭셔리라이프 > 리빙/잡화
11번가,C017527,뷰티,C017526,3,해외명품 > 럭셔리라이프 > 뷰티
11번가,C017528,식품,C017526,3,해외명품 > 럭셔리라이프 > 식품
11번가,C017530,명품시계,C017483,2,해외명품 > 명품시계
11번가,C017529,남성시계,C017530,3,해외명품 > 명품시계 > 남성시계
11번가,C017531,여성시계,C017530,3,해외명품 > 명품시계 > 여성시계
11번가,C017533,벨트,C017483,2,해외명품 > 벨트
11번가,C017532,남성 벨트,C017533,3,해외명품 > 벨트 > 남성 벨트
11번가,C017534,여성 벨트,C017533,3,해외명품 > 벨트 > 여성 벨트
11번가,C017536,선글라스/안경테,C017483,2,해외명품 > 선글라스/안경테
11번가,C017535,선글라스,C017536,3,해외명품 > 선글라스/안경테 > 선글라스
11번가,C017537,안경테,C017536,3,해외명품 > 선글라스/안경테 > 안경테
11번가,C017539,여성가방,C017483,2,해외명품 > 여성가방
11번가,C017538,가방 기타,C017539,3,해외명품 > 여성가방 > 가방 기타
11번가,C017540,미니백,C017539,3,해외명품 > 여성가방 > 미니백
11번가,C017541,백팩,C017539,3,해외명품 > 여성가방 > 백팩
11번가,C017542,숄더백,C017539,3,해외명품 > 여성가방 > 숄더백
11번가,C017543,크로스백,C017539,3,해외명품 > 여성가방 > 크로스백
11번가,C017544,클러치백/파우치,C017539,3,해외명품 > 여성가방 > 클러치백/파우치
11번가,C017545,토트백,C017539,3,해외명품 > 여성가방 > 토트백
11번가,C017546,히프색,C017539,3,해외명품 > 여성가방 > 히프색
11번가,C017548,여성신발,C017483,2,해외명품 > 여성신발
11번가,C017547,로퍼,C017548,3,해외명품 > 여성신발 > 로퍼
11번가,C017549,부츠,C017548,3,해외명품 > 여성신발 > 부츠
11번가,C017550,샌들/슬리퍼/뮬,C017548,3,해외명품 > 여성신발 > 샌들/슬리퍼/뮬
11번가,C017551,스니커즈/운동화,C017548,3,해외명품 > 여성신발 > 스니커즈/운동화
11번가,C017552,신발 기타,C017548,3,해외명품 > 여성신발 > 신발 기타
11번가,C017553,에스파드류/웨지,C017548,3,해외명품 > 여성신발 > 에스파드류/웨지
11번가,C017554,펌프스/힐,C017548,3,해외명품 > 여성신발 > 펌프스/힐
11번가,C017555,플랫슈즈,C017548,3,해외명품 > 여성신발 > 플랫슈즈
11번가,C017557,여성의류,C017483,2,해외명품 > 여성의류
11번가,C017556,비치웨어,C017557,3,해외명품 > 여성의류 > 비치웨어
11번가,C017558,셔츠/블라우스,C017557,3,해외명품 > 여성의류 > 셔츠/블라우스
11번가,C017559,스웨터/카디건,C017557,3,해외명품 > 여성의류 > 스웨터/카디건
11번가,C017560,스커트,C017557,3,해외명품 > 여성의류 > 스커트
11번가,C017561,스포츠웨어,C017557,3,해외명품 > 여성의류 > 스포츠웨어
11번가,C017562,언더웨어/파자마,C017557,3,해외명품 > 여성의류 > 언더웨어/파자마
11번가,C017563,원피스,C017557,3,해외명품 > 여성의류 > 원피스
11번가,C017564,재킷,C017557,3,해외명품 > 여성의류 > 재킷
11번가,C017565,점퍼/패딩,C017557,3,해외명품 > 여성의류 > 점퍼/패딩
11번가,C017566,코트,C017557,3,해외명품 > 여성의류 > 코트
11번가,C017567,티셔츠,C017557,3,해외명품 > 여성의류 > 티셔츠
11번가,C017568,팬츠,C017557,3,해외명품 > 여성의류 > 팬츠
11번가,C017570,여성주얼리,C017483,2,해외명품 > 여성주얼리
11번가,C017569,귀걸이,C017570,3,해외명품 > 여성주얼리 > 귀걸이
11번가,C017571,목걸이/팬던트,C017570,3,해외명품 > 여성주얼리 > 목걸이/팬던트
11번가,C017572,반지,C017570,3,해외명품 > 여성주얼리 > 반지
11번가,C017573,쥬얼리 기타,C017570,3,해외명품 > 여성주얼리 > 쥬얼리 기타
11번가,C017574,팔찌/참,C017570,3,해외명품 > 여성주얼리 > 팔찌/참
11번가,C017576,여성지갑,C017483,2,해외명품 > 여성지갑
11번가,C017575,반지갑/중지갑,C017576,3,해외명품 > 여성지갑 > 반지갑/중지갑
11번가,C017577,장지갑,C017576,3,해외명품 > 여성지갑 > 장지갑
11번가,C017578,지갑 기타,C017576,3,해외명품 > 여성지갑 > 지갑 기타
11번가,C017579,카드/명함지갑,C017576,3,해외명품 > 여성지갑 > 카드/명함지갑
11번가,C017581,여행가방,C017483,2,해외명품 > 여행가방
11번가,C017580,보스턴백,C017581,3,해외명품 > 여행가방 > 보스턴백
11번가,C017582,캐리어,C017581,3,해외명품 > 여행가방 > 캐리어
11번가,C017584,패션소품/잡화,C017483,2,해외명품 > 패션소품/잡화
11번가,C017583,넥타이,C017584,3,해외명품 > 패션소품/잡화 > 넥타이
11번가,C017585,머플러/스카프,C017584,3,해외명품 > 패션소품/잡화 > 머플러/스카프
11번가,C017586,모자,C017584,3,해외명품 > 패션소품/잡화 > 모자
11번가,C017587,소품 기타,C017584,3,해외명품 > 패션소품/잡화 > 소품 기타
11번가,C017588,스타킹/레깅스,C017584,3,해외명품 > 패션소품/잡화 > 스타킹/레깅스
11번가,C017589,양말,C017584,3,해외명품 > 패션소품/잡화 > 양말
11번가,C017590,장갑,C017584,3,해외명품 > 패션소품/잡화 > 장갑
11번가,C017591,키링/참/가죽소품,C017584,3,해외명품 > 패션소품/잡화 > 키링/참/가죽소품
