Cat_ID,Cat_Name,Parent_ID,Level,Full_Path
STD_000003,PC주변기기,ROOT,1,PC주변기기
STD_000002,ODD,STD_000003,2,PC주변기기 > ODD
STD_000001,CD-ROM/RW,STD_000002,3,PC주변기기 > ODD > CD-ROM/RW
STD_000004,DVD-ROM/RW,STD_000002,3,PC주변기기 > ODD > DVD-ROM/RW
STD_000005,블루레이드라이브,STD_000002,3,PC주변기기 > ODD > 블루레이드라이브
STD_000007,PC부품,STD_000003,2,PC주변기기 > PC부품
STD_000006,CPU,STD_000007,3,PC주변기기 > PC부품 > CPU
STD_000008,PC케이스,STD_000007,3,PC주변기기 > PC부품 > PC케이스
STD_000009,RAM,STD_000007,3,PC주변기기 > PC부품 > RAM
STD_000010,그래픽카드,STD_000007,3,PC주변기기 > PC부품 > 그래픽카드
STD_000011,기타PC부품,STD_000007,3,PC주변기기 > PC부품 > 기타PC부품
STD_000012,메인보드,STD_000007,3,PC주변기기 > PC부품 > 메인보드
STD_000013,쿨러,STD_000007,3,PC주변기기 > PC부품 > 쿨러
STD_000014,파워서플라이,STD_000007,3,PC주변기기 > PC부품 > 파워서플라이
STD_000016,PC영상/음향기기,STD_000003,2,PC주변기기 > PC영상/음향기기
STD_000015,PC마이크,STD_000016,3,PC주변기기 > PC영상/음향기기 > PC마이크
STD_000017,PC스피커,STD_000016,3,PC주변기기 > PC영상/음향기기 > PC스피커
STD_000018,PC카메라,STD_000016,3,PC주변기기 > PC영상/음향기기 > PC카메라
STD_000019,PC헤드셋,STD_000016,3,PC주변기기 > PC영상/음향기기 > PC헤드셋
STD_000020,TV수신카드,STD_000016,3,PC주변기기 > PC영상/음향기기 > TV수신카드
STD_000021,사운드카드,STD_000016,3,PC주변기기 > PC영상/음향기기 > 사운드카드
STD_000022,영상편집카드,STD_000016,3,PC주변기기 > PC영상/음향기기 > 영상편집카드
STD_000023,PC주변용품,STD_000003,2,PC주변기기 > PC주변용품
STD_000024,PC받침대,STD_000023,3,PC주변기기 > PC주변용품 > PC받침대
STD_000025,PC청소용품,STD_000023,3,PC주변기기 > PC주변용품 > PC청소용품
STD_000026,USB라이트,STD_000023,3,PC주변기기 > PC주변용품 > USB라이트
STD_000027,기타PC주변용품,STD_000023,3,PC주변기기 > PC주변용품 > 기타PC주변용품
STD_000028,마우스패드,STD_000023,3,PC주변기기 > PC주변용품 > 마우스패드
STD_000029,케이블정리용품,STD_000023,3,PC주변기기 > PC주변용품 > 케이블정리용품
STD_000031,네트워크장비,STD_000003,2,PC주변기기 > 네트워크장비
STD_000030,AP,STD_000031,3,PC주변기기 > 네트워크장비 > AP
STD_000032,KVM스위치,STD_000031,3,PC주변기기 > 네트워크장비 > KVM스위치
STD_000033,USB동글,STD_000031,3,PC주변기기 > 네트워크장비 > USB동글
STD_000034,USB허브,STD_000031,3,PC주변기기 > 네트워크장비 > USB허브
STD_000035,공유기,STD_000031,3,PC주변기기 > 네트워크장비 > 공유기
STD_000036,기타네트워크장비,STD_000031,3,PC주변기기 > 네트워크장비 > 기타네트워크장비
STD_000037,랜카드,STD_000031,3,PC주변기기 > 네트워크장비 > 랜카드
STD_000038,랜툴,STD_000031,3,PC주변기기 > 네트워크장비 > 랜툴
STD_000039,리피터,STD_000031,3,PC주변기기 > 네트워크장비 > 리피터
STD_000040,미라캐스트,STD_000031,3,PC주변기기 > 네트워크장비 > 미라캐스트
STD_000041,분배기/선택기,STD_000031,3,PC주변기기 > 네트워크장비 > 분배기/선택기
STD_000042,스위칭허브,STD_000031,3,PC주변기기 > 네트워크장비 > 스위칭허브
STD_000043,안테나,STD_000031,3,PC주변기기 > 네트워크장비 > 안테나
STD_000044,컨버터장비,STD_000031,3,PC주변기기 > 네트워크장비 > 컨버터장비
STD_000045,프린터공유기,STD_000031,3,PC주변기기 > 네트워크장비 > 프린터공유기
STD_000046,데이터/통신케이블,STD_000003,2,PC주변기기 > 데이터/통신케이블
STD_000047,IEEE1394케이블,STD_000046,3,PC주변기기 > 데이터/통신케이블 > IEEE1394케이블
STD_000048,KVM케이블,STD_000046,3,PC주변기기 > 데이터/통신케이블 > KVM케이블
STD_000049,LAN케이블,STD_000046,3,PC주변기기 > 데이터/통신케이블 > LAN케이블
STD_000050,PS2케이블,STD_000046,3,PC주변기기 > 데이터/통신케이블 > PS2케이블
STD_000051,SATA케이블,STD_000046,3,PC주변기기 > 데이터/통신케이블 > SATA케이블
STD_000052,USB케이블,STD_000046,3,PC주변기기 > 데이터/통신케이블 > USB케이블
STD_000053,광점퍼코드케이블,STD_000046,3,PC주변기기 > 데이터/통신케이블 > 광점퍼코드케이블
STD_000054,기타데이터/통신케이블,STD_000046,3,PC주변기기 > 데이터/통신케이블 > 기타데이터/통신케이블
STD_000055,라이트닝케이블,STD_000046,3,PC주변기기 > 데이터/통신케이블 > 라이트닝케이블
STD_000056,시리얼/패러럴,STD_000046,3,PC주변기기 > 데이터/통신케이블 > 시리얼/패러럴
STD_000058,변환/전원케이블,STD_000003,2,PC주변기기 > 변환/전원케이블
STD_000057,기타변환/전원케이블,STD_000058,3,PC주변기기 > 변환/전원케이블 > 기타변환/전원케이블
STD_000059,전원케이블,STD_000058,3,PC주변기기 > 변환/전원케이블 > 전원케이블
STD_000060,젠더/컨버터케이블,STD_000058,3,PC주변기기 > 변환/전원케이블 > 젠더/컨버터케이블
STD_000062,소프트웨어,STD_000003,2,PC주변기기 > 소프트웨어
STD_000061,그래픽/멀티미디어,STD_000062,3,PC주변기기 > 소프트웨어 > 그래픽/멀티미디어
STD_000063,기타소프트웨어,STD_000062,3,PC주변기기 > 소프트웨어 > 기타소프트웨어
STD_000064,보안/백신/복구,STD_000062,3,PC주변기기 > 소프트웨어 > 보안/백신/복구
STD_000065,오피스,STD_000062,3,PC주변기기 > 소프트웨어 > 오피스
STD_000066,운영체제,STD_000062,3,PC주변기기 > 소프트웨어 > 운영체제
STD_000068,영상/음향케이블,STD_000003,2,PC주변기기 > 영상/음향케이블
STD_000067,AUX케이블,STD_000068,3,PC주변기기 > 영상/음향케이블 > AUX케이블
STD_000069,BNC케이블,STD_000068,3,PC주변기기 > 영상/음향케이블 > BNC케이블
STD_000070,DVI케이블,STD_000068,3,PC주변기기 > 영상/음향케이블 > DVI케이블
STD_000071,HDMI케이블,STD_000068,3,PC주변기기 > 영상/음향케이블 > HDMI케이블
STD_000072,RCA케이블,STD_000068,3,PC주변기기 > 영상/음향케이블 > RCA케이블
STD_000073,RGB케이블,STD_000068,3,PC주변기기 > 영상/음향케이블 > RGB케이블
STD_000074,S-VHS/S-Video,STD_000068,3,PC주변기기 > 영상/음향케이블 > S-VHS/S-Video
STD_000075,광케이블,STD_000068,3,PC주변기기 > 영상/음향케이블 > 광케이블
STD_000076,기타영상/음향케이블,STD_000068,3,PC주변기기 > 영상/음향케이블 > 기타영상/음향케이블
STD_000077,동축케이블,STD_000068,3,PC주변기기 > 영상/음향케이블 > 동축케이블
STD_000078,컴포넌트케이블,STD_000068,3,PC주변기기 > 영상/음향케이블 > 컴포넌트케이블
STD_000080,중고매입서비스,STD_000003,2,PC주변기기 > 중고매입서비스
STD_000079,PC본체,STD_000080,3,PC주변기기 > 중고매입서비스 > PC본체
STD_000081,PC부품,STD_000080,3,PC주변기기 > 중고매입서비스 > PC부품
STD_000082,노트북,STD_000080,3,PC주변기기 > 중고매입서비스 > 노트북
STD_000083,모니터,STD_000080,3,PC주변기기 > 중고매입서비스 > 모니터
STD_000085,키보드/마우스 주변기기,STD_000003,2,PC주변기기 > 키보드/마우스 주변기기
STD_000084,기타PC입력장치,STD_000085,3,PC주변기기 > 키보드/마우스 주변기기 > 기타PC입력장치
STD_000086,마우스,STD_000085,3,PC주변기기 > 키보드/마우스 주변기기 > 마우스
STD_000087,키보드,STD_000085,3,PC주변기기 > 키보드/마우스 주변기기 > 키보드
STD_000088,키보드/마우스세트,STD_000085,3,PC주변기기 > 키보드/마우스 주변기기 > 키보드/마우스세트
STD_000089,키보드스킨,STD_000085,3,PC주변기기 > 키보드/마우스 주변기기 > 키보드스킨
STD_000090,키보드키캡,STD_000085,3,PC주변기기 > 키보드/마우스 주변기기 > 키보드키캡
STD_000091,키패드,STD_000085,3,PC주변기기 > 키보드/마우스 주변기기 > 키패드
STD_000092,타블렛,STD_000085,3,PC주변기기 > 키보드/마우스 주변기기 > 타블렛
STD_000093,타블렛용품,STD_000085,3,PC주변기기 > 키보드/마우스 주변기기 > 타블렛용품
STD_000094,프리젠터/포인터,STD_000085,3,PC주변기기 > 키보드/마우스 주변기기 > 프리젠터/포인터
STD_000097,가공식품,ROOT,1,가공식품
STD_000096,과자/간식,STD_000097,2,가공식품 > 과자/간식
STD_000095,가공안주류,STD_000096,3,가공식품 > 과자/간식 > 가공안주류
STD_000098,간식용소시지,STD_000096,3,가공식품 > 과자/간식 > 간식용소시지
STD_000099,기타과자/간식,STD_000096,3,가공식품 > 과자/간식 > 기타과자/간식
STD_000100,껌,STD_000096,3,가공식품 > 과자/간식 > 껌
STD_000101,뻥튀기/건빵,STD_000096,3,가공식품 > 과자/간식 > 뻥튀기/건빵
STD_000102,사탕,STD_000096,3,가공식품 > 과자/간식 > 사탕
STD_000103,스낵,STD_000096,3,가공식품 > 과자/간식 > 스낵
STD_000104,시리얼,STD_000096,3,가공식품 > 과자/간식 > 시리얼
STD_000105,원물간식,STD_000096,3,가공식품 > 과자/간식 > 원물간식
STD_000106,젤리,STD_000096,3,가공식품 > 과자/간식 > 젤리
STD_000107,초콜릿,STD_000096,3,가공식품 > 과자/간식 > 초콜릿
STD_000108,캐러멜,STD_000096,3,가공식품 > 과자/간식 > 캐러멜
STD_000109,쿠키/비스킷,STD_000096,3,가공식품 > 과자/간식 > 쿠키/비스킷
STD_000110,파이류간식,STD_000096,3,가공식품 > 과자/간식 > 파이류간식
STD_000112,냉동/간편조리식품,STD_000097,2,가공식품 > 냉동/간편조리식품
STD_000111,감자튀김,STD_000112,3,가공식품 > 냉동/간편조리식품 > 감자튀김
STD_000113,기타냉동/간편조리식품,STD_000112,3,가공식품 > 냉동/간편조리식품 > 기타냉동/간편조리식품
STD_000114,기타튀김,STD_000112,3,가공식품 > 냉동/간편조리식품 > 기타튀김
STD_000115,동그랑땡,STD_000112,3,가공식품 > 냉동/간편조리식품 > 동그랑땡
STD_000116,동그랑땡/완자,STD_000112,3,가공식품 > 냉동/간편조리식품 > 동그랑땡/완자
STD_000117,떡볶이,STD_000112,3,가공식품 > 냉동/간편조리식품 > 떡볶이
STD_000118,또띠야/월남쌈,STD_000112,3,가공식품 > 냉동/간편조리식품 > 또띠야/월남쌈
STD_000119,만두,STD_000112,3,가공식품 > 냉동/간편조리식품 > 만두
STD_000120,밀키트,STD_000112,3,가공식품 > 냉동/간편조리식품 > 밀키트
STD_000121,샐러드,STD_000112,3,가공식품 > 냉동/간편조리식품 > 샐러드
STD_000122,유부초밥/김밥/주먹밥,STD_000112,3,가공식품 > 냉동/간편조리식품 > 유부초밥/김밥/주먹밥
STD_000123,즉석국/탕,STD_000112,3,가공식품 > 냉동/간편조리식품 > 즉석국/탕
STD_000124,즉석조리/볶음요리,STD_000112,3,가공식품 > 냉동/간편조리식품 > 즉석조리/볶음요리
STD_000125,찌개/찜,STD_000112,3,가공식품 > 냉동/간편조리식품 > 찌개/찜
STD_000126,치즈스틱,STD_000112,3,가공식품 > 냉동/간편조리식품 > 치즈스틱
STD_000127,카레/짜장,STD_000112,3,가공식품 > 냉동/간편조리식품 > 카레/짜장
STD_000128,쿠킹박스,STD_000112,3,가공식품 > 냉동/간편조리식품 > 쿠킹박스
STD_000129,피자,STD_000112,3,가공식품 > 냉동/간편조리식품 > 피자
STD_000130,핫도그/햄버거,STD_000112,3,가공식품 > 냉동/간편조리식품 > 핫도그/햄버거
STD_000132,떡,STD_000097,2,가공식품 > 떡
STD_000131,기타떡,STD_000132,3,가공식품 > 떡 > 기타떡
STD_000133,떡볶이떡/떡국떡,STD_000132,3,가공식품 > 떡 > 떡볶이떡/떡국떡
STD_000134,떡케이크/답례떡,STD_000132,3,가공식품 > 떡 > 떡케이크/답례떡
STD_000135,송편,STD_000132,3,가공식품 > 떡 > 송편
STD_000136,인절미,STD_000132,3,가공식품 > 떡 > 인절미
STD_000137,찹쌀/두텁떡,STD_000132,3,가공식품 > 떡 > 찹쌀/두텁떡
STD_000139,라면,STD_000097,2,가공식품 > 라면
STD_000138,봉지라면,STD_000139,3,가공식품 > 라면 > 봉지라면
STD_000140,컵라면,STD_000139,3,가공식품 > 라면 > 컵라면
STD_000142,면류,STD_000097,2,가공식품 > 면류
STD_000141,국수면,STD_000142,3,가공식품 > 면류 > 국수면
STD_000143,기타면류,STD_000142,3,가공식품 > 면류 > 기타면류
STD_000144,냉면/소바,STD_000142,3,가공식품 > 면류 > 냉면/소바
STD_000145,당면,STD_000142,3,가공식품 > 면류 > 당면
STD_000146,스파게티/파스타,STD_000142,3,가공식품 > 면류 > 스파게티/파스타
STD_000147,쌀국수,STD_000142,3,가공식품 > 면류 > 쌀국수
STD_000148,우동,STD_000142,3,가공식품 > 면류 > 우동
STD_000149,짜장면/짬뽕,STD_000142,3,가공식품 > 면류 > 짜장면/짬뽕
STD_000150,쫄면/비빔국수,STD_000142,3,가공식품 > 면류 > 쫄면/비빔국수
STD_000151,칼국수/수제비,STD_000142,3,가공식품 > 면류 > 칼국수/수제비
STD_000153,밀가루/믹스류,STD_000097,2,가공식품 > 밀가루/믹스류
STD_000152,기타밀가루/믹스류,STD_000153,3,가공식품 > 밀가루/믹스류 > 기타밀가루/믹스류
STD_000154,밀가루,STD_000153,3,가공식품 > 밀가루/믹스류 > 밀가루
STD_000155,베이킹믹스,STD_000153,3,가공식품 > 밀가루/믹스류 > 베이킹믹스
STD_000156,빵가루,STD_000153,3,가공식품 > 밀가루/믹스류 > 빵가루
STD_000157,전분,STD_000153,3,가공식품 > 밀가루/믹스류 > 전분
STD_000158,튀김/부침가루,STD_000153,3,가공식품 > 밀가루/믹스류 > 튀김/부침가루
STD_000160,빙과류,STD_000097,2,가공식품 > 빙과류
STD_000159,빙수/빙수재료,STD_000160,3,가공식품 > 빙과류 > 빙수/빙수재료
STD_000161,아이스크림,STD_000160,3,가공식품 > 빙과류 > 아이스크림
STD_000163,빵/케이크,STD_000097,2,가공식품 > 빵/케이크
STD_000162,기타빵/케이크,STD_000163,3,가공식품 > 빵/케이크 > 기타빵/케이크
STD_000164,도너츠,STD_000163,3,가공식품 > 빵/케이크 > 도너츠
STD_000165,식빵/베이글,STD_000163,3,가공식품 > 빵/케이크 > 식빵/베이글
STD_000166,제빵/제과재료,STD_000163,3,가공식품 > 빵/케이크 > 제빵/제과재료
STD_000167,찐빵/호빵,STD_000163,3,가공식품 > 빵/케이크 > 찐빵/호빵
STD_000168,케이크/머핀,STD_000163,3,가공식품 > 빵/케이크 > 케이크/머핀
STD_000169,호두과자,STD_000163,3,가공식품 > 빵/케이크 > 호두과자
STD_000171,소스/드레싱,STD_000097,2,가공식품 > 소스/드레싱
STD_000170,굴소스/중화요리소스,STD_000171,3,가공식품 > 소스/드레싱 > 굴소스/중화요리소스
STD_000172,기타소스/드레싱,STD_000171,3,가공식품 > 소스/드레싱 > 기타소스/드레싱
STD_000173,돈까스/스테이크소스,STD_000171,3,가공식품 > 소스/드레싱 > 돈까스/스테이크소스
STD_000174,머스터드/겨자소스,STD_000171,3,가공식품 > 소스/드레싱 > 머스터드/겨자소스
STD_000175,샐러드드레싱,STD_000171,3,가공식품 > 소스/드레싱 > 샐러드드레싱
STD_000176,일식/동남아요리소스,STD_000171,3,가공식품 > 소스/드레싱 > 일식/동남아요리소스
STD_000177,칠리/살사소스,STD_000171,3,가공식품 > 소스/드레싱 > 칠리/살사소스
STD_000178,케첩/마요네즈,STD_000171,3,가공식품 > 소스/드레싱 > 케첩/마요네즈
STD_000179,파스타소스,STD_000171,3,가공식품 > 소스/드레싱 > 파스타소스
STD_000181,수산가공식품,STD_000097,2,가공식품 > 수산가공식품
STD_000180,기타수산가공식품,STD_000181,3,가공식품 > 수산가공식품 > 기타수산가공식품
STD_000182,스마일클럽(test),STD_000181,3,가공식품 > 수산가공식품 > 스마일클럽(test)
STD_000183,어묵/맛살,STD_000181,3,가공식품 > 수산가공식품 > 어묵/맛살
STD_000184,핫바,STD_000181,3,가공식품 > 수산가공식품 > 핫바
STD_000185,해물볶음,STD_000181,3,가공식품 > 수산가공식품 > 해물볶음
STD_000186,해물탕,STD_000181,3,가공식품 > 수산가공식품 > 해물탕
STD_000187,해물튀김,STD_000181,3,가공식품 > 수산가공식품 > 해물튀김
STD_000189,식용유/오일,STD_000097,2,가공식품 > 식용유/오일
STD_000188,기타식용유/오일,STD_000189,3,가공식품 > 식용유/오일 > 기타식용유/오일
STD_000190,들기름,STD_000189,3,가공식품 > 식용유/오일 > 들기름
STD_000191,식용유선물세트,STD_000189,3,가공식품 > 식용유/오일 > 식용유선물세트
STD_000192,올리브유,STD_000189,3,가공식품 > 식용유/오일 > 올리브유
STD_000193,참기름,STD_000189,3,가공식품 > 식용유/오일 > 참기름
STD_000194,카놀라유,STD_000189,3,가공식품 > 식용유/오일 > 카놀라유
STD_000195,콩기름/대두유,STD_000189,3,가공식품 > 식용유/오일 > 콩기름/대두유
STD_000196,포도씨유,STD_000189,3,가공식품 > 식용유/오일 > 포도씨유
STD_000197,해바라기씨유,STD_000189,3,가공식품 > 식용유/오일 > 해바라기씨유
STD_000199,장류,STD_000097,2,가공식품 > 장류
STD_000198,간장,STD_000199,3,가공식품 > 장류 > 간장
STD_000200,고추장,STD_000199,3,가공식품 > 장류 > 고추장
STD_000201,기타장류,STD_000199,3,가공식품 > 장류 > 기타장류
STD_000202,된장/쌈장,STD_000199,3,가공식품 > 장류 > 된장/쌈장
STD_000203,청국장/낫또,STD_000199,3,가공식품 > 장류 > 청국장/낫또
STD_000205,잼/시럽,STD_000097,2,가공식품 > 잼/시럽
STD_000204,과일잼,STD_000205,3,가공식품 > 잼/시럽 > 과일잼
STD_000206,기타잼/시럽,STD_000205,3,가공식품 > 잼/시럽 > 기타잼/시럽
STD_000207,땅콩/초코잼,STD_000205,3,가공식품 > 잼/시럽 > 땅콩/초코잼
STD_000208,메이플시럽,STD_000205,3,가공식품 > 잼/시럽 > 메이플시럽
STD_000209,초코시럽,STD_000205,3,가공식품 > 잼/시럽 > 초코시럽
STD_000210,커피시럽,STD_000205,3,가공식품 > 잼/시럽 > 커피시럽
STD_000212,조미료/양념,STD_000097,2,가공식품 > 조미료/양념
STD_000211,겨자/고추냉이,STD_000212,3,가공식품 > 조미료/양념 > 겨자/고추냉이
STD_000213,고춧가루,STD_000212,3,가공식품 > 조미료/양념 > 고춧가루
STD_000214,기타조미료/양념,STD_000212,3,가공식품 > 조미료/양념 > 기타조미료/양념
STD_000215,물엿/올리고당,STD_000212,3,가공식품 > 조미료/양념 > 물엿/올리고당
STD_000216,설탕,STD_000212,3,가공식품 > 조미료/양념 > 설탕
STD_000217,소금,STD_000212,3,가공식품 > 조미료/양념 > 소금
STD_000218,식초,STD_000212,3,가공식품 > 조미료/양념 > 식초
STD_000219,양념장,STD_000212,3,가공식품 > 조미료/양념 > 양념장
STD_000220,캡사이신,STD_000212,3,가공식품 > 조미료/양념 > 캡사이신
STD_000221,향신료,STD_000212,3,가공식품 > 조미료/양념 > 향신료
STD_000222,후추,STD_000212,3,가공식품 > 조미료/양념 > 후추
STD_000224,즉석밥,STD_000097,2,가공식품 > 즉석밥
STD_000223,누룽지,STD_000224,3,가공식품 > 즉석밥 > 누룽지
STD_000225,볶음밥,STD_000224,3,가공식품 > 즉석밥 > 볶음밥
STD_000226,전투식량,STD_000224,3,가공식품 > 즉석밥 > 전투식량
STD_000227,죽/스프,STD_000224,3,가공식품 > 즉석밥 > 죽/스프
STD_000228,즉석밥,STD_000224,3,가공식품 > 즉석밥 > 즉석밥
STD_000229,컵밥/덮밥,STD_000224,3,가공식품 > 즉석밥 > 컵밥/덮밥
STD_000231,축산가공식품,STD_000097,2,가공식품 > 축산가공식품
STD_000230,곱창/막창,STD_000231,3,가공식품 > 축산가공식품 > 곱창/막창
STD_000232,구운계란/훈제란,STD_000231,3,가공식품 > 축산가공식품 > 구운계란/훈제란
STD_000233,기타축산가공식품,STD_000231,3,가공식품 > 축산가공식품 > 기타축산가공식품
STD_000234,꼬치류,STD_000231,3,가공식품 > 축산가공식품 > 꼬치류
STD_000235,너겟/텐더,STD_000231,3,가공식품 > 축산가공식품 > 너겟/텐더
STD_000236,닭가공식품,STD_000231,3,가공식품 > 축산가공식품 > 닭가공식품
STD_000237,닭고기양념육,STD_000231,3,가공식품 > 축산가공식품 > 닭고기양념육
STD_000238,돈까스/탕수육,STD_000231,3,가공식품 > 축산가공식품 > 돈까스/탕수육
STD_000239,돼지고기양념육,STD_000231,3,가공식품 > 축산가공식품 > 돼지고기양념육
STD_000240,떡갈비,STD_000231,3,가공식품 > 축산가공식품 > 떡갈비
STD_000241,베이컨,STD_000231,3,가공식품 > 축산가공식품 > 베이컨
STD_000242,삼계탕,STD_000231,3,가공식품 > 축산가공식품 > 삼계탕
STD_000243,소고기양념육,STD_000231,3,가공식품 > 축산가공식품 > 소고기양념육
STD_000244,순대,STD_000231,3,가공식품 > 축산가공식품 > 순대
STD_000245,오리고기양념육,STD_000231,3,가공식품 > 축산가공식품 > 오리고기양념육
STD_000246,오리훈제,STD_000231,3,가공식품 > 축산가공식품 > 오리훈제
STD_000247,육포,STD_000231,3,가공식품 > 축산가공식품 > 육포
STD_000248,족발,STD_000231,3,가공식품 > 축산가공식품 > 족발
STD_000249,폭립,STD_000231,3,가공식품 > 축산가공식품 > 폭립
STD_000250,햄/소시지,STD_000231,3,가공식품 > 축산가공식품 > 햄/소시지
STD_000252,치즈/버터/크림,STD_000097,2,가공식품 > 치즈/버터/크림
STD_000251,버터/마가린,STD_000252,3,가공식품 > 치즈/버터/크림 > 버터/마가린
STD_000253,생크림/휘핑크림,STD_000252,3,가공식품 > 치즈/버터/크림 > 생크림/휘핑크림
STD_000254,치즈,STD_000252,3,가공식품 > 치즈/버터/크림 > 치즈
STD_000256,통조림/캔,STD_000097,2,가공식품 > 통조림/캔
STD_000255,고등어/꽁치캔,STD_000256,3,가공식품 > 통조림/캔 > 고등어/꽁치캔
STD_000257,골뱅이/번데기캔,STD_000256,3,가공식품 > 통조림/캔 > 골뱅이/번데기캔
STD_000258,과일통조림,STD_000256,3,가공식품 > 통조림/캔 > 과일통조림
STD_000259,기타통조림/캔,STD_000256,3,가공식품 > 통조림/캔 > 기타통조림/캔
STD_000260,닭가슴살캔,STD_000256,3,가공식품 > 통조림/캔 > 닭가슴살캔
STD_000261,반찬통조림,STD_000256,3,가공식품 > 통조림/캔 > 반찬통조림
STD_000262,야채통조림,STD_000256,3,가공식품 > 통조림/캔 > 야채통조림
STD_000263,참치캔,STD_000256,3,가공식품 > 통조림/캔 > 참치캔
STD_000264,캔선물세트,STD_000256,3,가공식품 > 통조림/캔 > 캔선물세트
STD_000265,햄통조림,STD_000256,3,가공식품 > 통조림/캔 > 햄통조림
STD_000267,한과/전통과자,STD_000097,2,가공식품 > 한과/전통과자
STD_000266,강정/엿,STD_000267,3,가공식품 > 한과/전통과자 > 강정/엿
STD_000268,기타한과/전통과자,STD_000267,3,가공식품 > 한과/전통과자 > 기타한과/전통과자
STD_000269,약과,STD_000267,3,가공식품 > 한과/전통과자 > 약과
STD_000270,유과,STD_000267,3,가공식품 > 한과/전통과자 > 유과
STD_000271,전병,STD_000267,3,가공식품 > 한과/전통과자 > 전병
STD_000272,한과/전통과자세트,STD_000267,3,가공식품 > 한과/전통과자 > 한과/전통과자세트
STD_000275,가구/DIY,ROOT,1,가구/DIY
STD_000274,DIY가구용품,STD_000275,2,가구/DIY > DIY가구용품
STD_000273,DIY가구목재,STD_000274,3,가구/DIY > DIY가구용품 > DIY가구목재
STD_000276,가구손잡이/발통,STD_000274,3,가구/DIY > DIY가구용품 > 가구손잡이/발통
STD_000277,가구장식패널,STD_000274,3,가구/DIY > DIY가구용품 > 가구장식패널
STD_000278,기타DIY가구용품,STD_000274,3,가구/DIY > DIY가구용품 > 기타DIY가구용품
STD_000279,도어클로저/스토퍼,STD_000274,3,가구/DIY > DIY가구용품 > 도어클로저/스토퍼
STD_000281,DIY자재/용품,STD_000275,2,가구/DIY > DIY자재/용품
STD_000280,DIY가구목재,STD_000281,3,가구/DIY > DIY자재/용품 > DIY가구목재
STD_000282,가구손잡이/발통,STD_000281,3,가구/DIY > DIY자재/용품 > 가구손잡이/발통
STD_000283,가구장식패널,STD_000281,3,가구/DIY > DIY자재/용품 > 가구장식패널
STD_000284,기타DIY가구용품,STD_000281,3,가구/DIY > DIY자재/용품 > 기타DIY가구용품
STD_000286,거실장/장식장,STD_000275,2,가구/DIY > 거실장/장식장
STD_000285,TV장,STD_000286,3,가구/DIY > 거실장/장식장 > TV장
STD_000287,거실장,STD_000286,3,가구/DIY > 거실장/장식장 > 거실장
STD_000288,장식장,STD_000286,3,가구/DIY > 거실장/장식장 > 장식장
STD_000290,리모델링/시공,STD_000275,2,가구/DIY > 리모델링/시공
STD_000289,기타시공인테리어,STD_000290,3,가구/DIY > 리모델링/시공 > 기타시공인테리어
STD_000291,도배시공,STD_000290,3,가구/DIY > 리모델링/시공 > 도배시공
STD_000292,바닥시공,STD_000290,3,가구/DIY > 리모델링/시공 > 바닥시공
STD_000293,시스템키친시공,STD_000290,3,가구/DIY > 리모델링/시공 > 시스템키친시공
STD_000294,싱크대시공,STD_000290,3,가구/DIY > 리모델링/시공 > 싱크대시공
STD_000295,중문/도어시공,STD_000290,3,가구/DIY > 리모델링/시공 > 중문/도어시공
STD_000296,창문/창호/샷시,STD_000290,3,가구/DIY > 리모델링/시공 > 창문/창호/샷시
STD_000297,페인트시공,STD_000290,3,가구/DIY > 리모델링/시공 > 페인트시공
STD_000299,사무/업소용가구,STD_000275,2,가구/DIY > 사무/업소용가구
STD_000298,교구용가구,STD_000299,3,가구/DIY > 사무/업소용가구 > 교구용가구
STD_000300,기타사무용가구,STD_000299,3,가구/DIY > 사무/업소용가구 > 기타사무용가구
STD_000301,사무용서랍장,STD_000299,3,가구/DIY > 사무/업소용가구 > 사무용서랍장
STD_000302,사무용소파,STD_000299,3,가구/DIY > 사무/업소용가구 > 사무용소파
STD_000303,사무용의자,STD_000299,3,가구/DIY > 사무/업소용가구 > 사무용의자
STD_000304,사무용책상,STD_000299,3,가구/DIY > 사무/업소용가구 > 사무용책상
STD_000305,사무용책장,STD_000299,3,가구/DIY > 사무/업소용가구 > 사무용책장
STD_000306,사무용파티션,STD_000299,3,가구/DIY > 사무/업소용가구 > 사무용파티션
STD_000307,회의용테이블,STD_000299,3,가구/DIY > 사무/업소용가구 > 회의용테이블
STD_000309,소파,STD_000275,2,가구/DIY > 소파
STD_000308,리클라이너소파,STD_000309,3,가구/DIY > 소파 > 리클라이너소파
STD_000310,벤치소파,STD_000309,3,가구/DIY > 소파 > 벤치소파
STD_000311,빈백,STD_000309,3,가구/DIY > 소파 > 빈백
STD_000312,소파베드,STD_000309,3,가구/DIY > 소파 > 소파베드
STD_000313,일반소파,STD_000309,3,가구/DIY > 소파 > 일반소파
STD_000315,수납가구,STD_000275,2,가구/DIY > 수납가구
STD_000314,CD/DVD장,STD_000315,3,가구/DIY > 수납가구 > CD/DVD장
STD_000316,공간박스,STD_000315,3,가구/DIY > 수납가구 > 공간박스
STD_000317,그릇장,STD_000315,3,가구/DIY > 수납가구 > 그릇장
STD_000318,서랍장,STD_000315,3,가구/DIY > 수납가구 > 서랍장
STD_000319,신발장,STD_000315,3,가구/DIY > 수납가구 > 신발장
STD_000320,일반수납장,STD_000315,3,가구/DIY > 수납가구 > 일반수납장
STD_000321,주방수납장,STD_000315,3,가구/DIY > 수납가구 > 주방수납장
STD_000322,협탁,STD_000315,3,가구/DIY > 수납가구 > 협탁
STD_000324,시공인테리어,STD_000275,2,가구/DIY > 시공인테리어
STD_000323,기타시공인테리어,STD_000324,3,가구/DIY > 시공인테리어 > 기타시공인테리어
STD_000325,도배시공,STD_000324,3,가구/DIY > 시공인테리어 > 도배시공
STD_000326,바닥시공,STD_000324,3,가구/DIY > 시공인테리어 > 바닥시공
STD_000327,시스템창호시공,STD_000324,3,가구/DIY > 시공인테리어 > 시스템창호시공
STD_000328,시스템키친시공,STD_000324,3,가구/DIY > 시공인테리어 > 시스템키친시공
STD_000329,싱크대시공,STD_000324,3,가구/DIY > 시공인테리어 > 싱크대시공
STD_000330,욕실리모델링/시공,STD_000324,3,가구/DIY > 시공인테리어 > 욕실리모델링/시공
STD_000331,중문/도어시공,STD_000324,3,가구/DIY > 시공인테리어 > 중문/도어시공
STD_000332,페인트시공,STD_000324,3,가구/DIY > 시공인테리어 > 페인트시공
STD_000334,식탁/테이블,STD_000275,2,가구/DIY > 식탁/테이블
STD_000333,거실테이블,STD_000334,3,가구/DIY > 식탁/테이블 > 거실테이블
STD_000335,교자상,STD_000334,3,가구/DIY > 식탁/테이블 > 교자상
STD_000336,기타테이블,STD_000334,3,가구/DIY > 식탁/테이블 > 기타테이블
STD_000337,레인지대,STD_000334,3,가구/DIY > 식탁/테이블 > 레인지대
STD_000338,밥상/다과상,STD_000334,3,가구/DIY > 식탁/테이블 > 밥상/다과상
STD_000339,사이드테이블,STD_000334,3,가구/DIY > 식탁/테이블 > 사이드테이블
STD_000340,아일랜드식탁,STD_000334,3,가구/DIY > 식탁/테이블 > 아일랜드식탁
STD_000341,일반식탁,STD_000334,3,가구/DIY > 식탁/테이블 > 일반식탁
STD_000342,주방왜건,STD_000334,3,가구/DIY > 식탁/테이블 > 주방왜건
STD_000343,콘솔테이블,STD_000334,3,가구/DIY > 식탁/테이블 > 콘솔테이블
STD_000344,티테이블,STD_000334,3,가구/DIY > 식탁/테이블 > 티테이블
STD_000346,아동가구,STD_000275,2,가구/DIY > 아동가구
STD_000345,기타아동가구,STD_000346,3,가구/DIY > 아동가구 > 기타아동가구
STD_000347,아동공부상,STD_000346,3,가구/DIY > 아동가구 > 아동공부상
STD_000348,아동서랍장,STD_000346,3,가구/DIY > 아동가구 > 아동서랍장
STD_000349,아동소파,STD_000346,3,가구/DIY > 아동가구 > 아동소파
STD_000350,아동옷장/베이비장,STD_000346,3,가구/DIY > 아동가구 > 아동옷장/베이비장
STD_000351,아동의자,STD_000346,3,가구/DIY > 아동가구 > 아동의자
STD_000352,아동책꽂이,STD_000346,3,가구/DIY > 아동가구 > 아동책꽂이
STD_000353,아동책상,STD_000346,3,가구/DIY > 아동가구 > 아동책상
STD_000354,아동책장,STD_000346,3,가구/DIY > 아동가구 > 아동책장
STD_000355,아동침대,STD_000346,3,가구/DIY > 아동가구 > 아동침대
STD_000356,이층/벙커침대,STD_000346,3,가구/DIY > 아동가구 > 이층/벙커침대
STD_000358,야외가구,STD_000275,2,가구/DIY > 야외가구
STD_000357,그네의자,STD_000358,3,가구/DIY > 야외가구 > 그네의자
STD_000359,야외용벤치의자,STD_000358,3,가구/DIY > 야외가구 > 야외용벤치의자
STD_000360,야외용의자,STD_000358,3,가구/DIY > 야외가구 > 야외용의자
STD_000361,야외용테이블,STD_000358,3,가구/DIY > 야외가구 > 야외용테이블
STD_000362,원두막/정자,STD_000358,3,가구/DIY > 야외가구 > 원두막/정자
STD_000363,조립식창고,STD_000358,3,가구/DIY > 야외가구 > 조립식창고
STD_000364,평상,STD_000358,3,가구/DIY > 야외가구 > 평상
STD_000366,야외용가구,STD_000275,2,가구/DIY > 야외용가구
STD_000365,그네의자,STD_000366,3,가구/DIY > 야외용가구 > 그네의자
STD_000367,야외용벤치의자,STD_000366,3,가구/DIY > 야외용가구 > 야외용벤치의자
STD_000368,야외용의자,STD_000366,3,가구/DIY > 야외용가구 > 야외용의자
STD_000369,야외용테이블,STD_000366,3,가구/DIY > 야외용가구 > 야외용테이블
STD_000370,원두막/정자,STD_000366,3,가구/DIY > 야외용가구 > 원두막/정자
STD_000371,조립식창고,STD_000366,3,가구/DIY > 야외용가구 > 조립식창고
STD_000372,평상,STD_000366,3,가구/DIY > 야외용가구 > 평상
STD_000374,옷장/붙박이장,STD_000275,2,가구/DIY > 옷장/붙박이장
STD_000373,드레스룸,STD_000374,3,가구/DIY > 옷장/붙박이장 > 드레스룸
STD_000375,붙박이장,STD_000374,3,가구/DIY > 옷장/붙박이장 > 붙박이장
STD_000376,옷장,STD_000374,3,가구/DIY > 옷장/붙박이장 > 옷장
STD_000377,장롱,STD_000374,3,가구/DIY > 옷장/붙박이장 > 장롱
STD_000379,의자,STD_000275,2,가구/DIY > 의자
STD_000378,게이밍의자,STD_000379,3,가구/DIY > 의자 > 게이밍의자
STD_000380,베드벤치,STD_000379,3,가구/DIY > 의자 > 베드벤치
STD_000381,스툴,STD_000379,3,가구/DIY > 의자 > 스툴
STD_000382,식탁의자,STD_000379,3,가구/DIY > 의자 > 식탁의자
STD_000383,안락의자,STD_000379,3,가구/DIY > 의자 > 안락의자
STD_000384,접이식의자,STD_000379,3,가구/DIY > 의자 > 접이식의자
STD_000385,좌식의자,STD_000379,3,가구/DIY > 의자 > 좌식의자
STD_000386,책상의자,STD_000379,3,가구/DIY > 의자 > 책상의자
STD_000387,홈바의자,STD_000379,3,가구/DIY > 의자 > 홈바의자
STD_000389,책상/책장,STD_000275,2,가구/DIY > 책상/책장
STD_000388,기타책상,STD_000389,3,가구/DIY > 책상/책장 > 기타책상
STD_000390,독서실책상,STD_000389,3,가구/DIY > 책상/책장 > 독서실책상
STD_000391,일반책상,STD_000389,3,가구/DIY > 책상/책장 > 일반책상
STD_000392,좌식책상,STD_000389,3,가구/DIY > 책상/책장 > 좌식책상
STD_000393,책꽂이,STD_000389,3,가구/DIY > 책상/책장 > 책꽂이
STD_000394,책상소품,STD_000389,3,가구/DIY > 책상/책장 > 책상소품
STD_000395,책상의자세트,STD_000389,3,가구/DIY > 책상/책장 > 책상의자세트
STD_000396,책장,STD_000389,3,가구/DIY > 책상/책장 > 책장
STD_000397,컴퓨터책상,STD_000389,3,가구/DIY > 책상/책장 > 컴퓨터책상
STD_000399,침대/매트리스,STD_000275,2,가구/DIY > 침대/매트리스
STD_000398,데이베드,STD_000399,3,가구/DIY > 침대/매트리스 > 데이베드
STD_000400,돌침대/흙침대,STD_000399,3,가구/DIY > 침대/매트리스 > 돌침대/흙침대
STD_000401,매트리스,STD_000399,3,가구/DIY > 침대/매트리스 > 매트리스
STD_000402,모션침대,STD_000399,3,가구/DIY > 침대/매트리스 > 모션침대
STD_000403,이층침대,STD_000399,3,가구/DIY > 침대/매트리스 > 이층침대
STD_000404,일반침대,STD_000399,3,가구/DIY > 침대/매트리스 > 일반침대
STD_000405,접이식침대,STD_000399,3,가구/DIY > 침대/매트리스 > 접이식침대
STD_000406,침대프레임,STD_000399,3,가구/DIY > 침대/매트리스 > 침대프레임
STD_000407,패밀리침대,STD_000399,3,가구/DIY > 침대/매트리스 > 패밀리침대
STD_000409,화장대/거울,STD_000275,2,가구/DIY > 화장대/거울
STD_000408,벽거울,STD_000409,3,가구/DIY > 화장대/거울 > 벽거울
STD_000410,일반화장대,STD_000409,3,가구/DIY > 화장대/거울 > 일반화장대
STD_000411,전신거울,STD_000409,3,가구/DIY > 화장대/거울 > 전신거울
STD_000412,좌식화장대,STD_000409,3,가구/DIY > 화장대/거울 > 좌식화장대
STD_000413,탁상거울,STD_000409,3,가구/DIY > 화장대/거울 > 탁상거울
STD_000415,가방/잡화,ROOT,1,가방/잡화
STD_000414,가발,STD_000415,2,가방/잡화 > 가발
STD_000417,남성/서류가방,STD_000415,2,가방/잡화 > 남성/서류가방
STD_000416,맨스백,STD_000417,3,가방/잡화 > 남성/서류가방 > 맨스백
STD_000418,서류가방,STD_000417,3,가방/잡화 > 남성/서류가방 > 서류가방
STD_000419,숄더백/크로스백,STD_000417,3,가방/잡화 > 남성/서류가방 > 숄더백/크로스백
STD_000421,남성가방,STD_000415,2,가방/잡화 > 남성가방
STD_000420,맨스백,STD_000421,3,가방/잡화 > 남성가방 > 맨스백
STD_000422,서류가방,STD_000421,3,가방/잡화 > 남성가방 > 서류가방
STD_000423,크로스백,STD_000421,3,가방/잡화 > 남성가방 > 크로스백
STD_000424,토트/숄더백,STD_000421,3,가방/잡화 > 남성가방 > 토트/숄더백
STD_000425,남성가방/지갑,STD_000415,2,가방/잡화 > 남성가방/지갑
STD_000427,넥타이/손수건,STD_000415,2,가방/잡화 > 넥타이/손수건
STD_000426,기본넥타이,STD_000427,3,가방/잡화 > 넥타이/손수건 > 기본넥타이
STD_000428,나비넥타이/보타이,STD_000427,3,가방/잡화 > 넥타이/손수건 > 나비넥타이/보타이
STD_000429,넥타이핀/커프스,STD_000427,3,가방/잡화 > 넥타이/손수건 > 넥타이핀/커프스
STD_000430,무늬넥타이,STD_000427,3,가방/잡화 > 넥타이/손수건 > 무늬넥타이
STD_000431,손수건,STD_000427,3,가방/잡화 > 넥타이/손수건 > 손수건
STD_000432,포켓/헹커치프,STD_000427,3,가방/잡화 > 넥타이/손수건 > 포켓/헹커치프
STD_000434,넥타이/와펜,STD_000415,2,가방/잡화 > 넥타이/와펜
STD_000433,기본 넥타이,STD_000434,3,가방/잡화 > 넥타이/와펜 > 기본 넥타이
STD_000435,넥타이핀,STD_000434,3,가방/잡화 > 넥타이/와펜 > 넥타이핀
STD_000436,니트타이,STD_000434,3,가방/잡화 > 넥타이/와펜 > 니트타이
STD_000437,보타이,STD_000434,3,가방/잡화 > 넥타이/와펜 > 보타이
STD_000438,부토니에,STD_000434,3,가방/잡화 > 넥타이/와펜 > 부토니에
STD_000439,와펜,STD_000434,3,가방/잡화 > 넥타이/와펜 > 와펜
STD_000440,자동 넥타이,STD_000434,3,가방/잡화 > 넥타이/와펜 > 자동 넥타이
STD_000441,커프스,STD_000434,3,가방/잡화 > 넥타이/와펜 > 커프스
STD_000442,포켓치프,STD_000434,3,가방/잡화 > 넥타이/와펜 > 포켓치프
STD_000444,머플러,STD_000415,2,가방/잡화 > 머플러
STD_000443,넥워머,STD_000444,3,가방/잡화 > 머플러 > 넥워머
STD_000445,니트 머플러,STD_000444,3,가방/잡화 > 머플러 > 니트 머플러
STD_000446,숄/망토,STD_000444,3,가방/잡화 > 머플러 > 숄/망토
STD_000447,울 머플러,STD_000444,3,가방/잡화 > 머플러 > 울 머플러
STD_000448,퍼 머플러,STD_000444,3,가방/잡화 > 머플러 > 퍼 머플러
STD_000450,머플러/스카프/숄,STD_000415,2,가방/잡화 > 머플러/스카프/숄
STD_000449,넥워머,STD_000450,3,가방/잡화 > 머플러/스카프/숄 > 넥워머
STD_000451,니트머플러,STD_000450,3,가방/잡화 > 머플러/스카프/숄 > 니트머플러
STD_000452,롱스카프,STD_000450,3,가방/잡화 > 머플러/스카프/숄 > 롱스카프
STD_000453,면머플러,STD_000450,3,가방/잡화 > 머플러/스카프/숄 > 면머플러
STD_000454,쁘띠/미니스카프,STD_000450,3,가방/잡화 > 머플러/스카프/숄 > 쁘띠/미니스카프
STD_000455,숄/망토/판쵸,STD_000450,3,가방/잡화 > 머플러/스카프/숄 > 숄/망토/판쵸
STD_000456,울/캐시미어머플러,STD_000450,3,가방/잡화 > 머플러/스카프/숄 > 울/캐시미어머플러
STD_000457,케이프,STD_000450,3,가방/잡화 > 머플러/스카프/숄 > 케이프
STD_000458,퍼머플러,STD_000450,3,가방/잡화 > 머플러/스카프/숄 > 퍼머플러
STD_000460,모자,STD_000415,2,가방/잡화 > 모자
STD_000459,귀마개,STD_000460,3,가방/잡화 > 모자 > 귀마개
STD_000461,메쉬캡,STD_000460,3,가방/잡화 > 모자 > 메쉬캡
STD_000462,반다나/두건,STD_000460,3,가방/잡화 > 모자 > 반다나/두건
STD_000463,베레모/헌팅캡,STD_000460,3,가방/잡화 > 모자 > 베레모/헌팅캡
STD_000464,비니,STD_000460,3,가방/잡화 > 모자 > 비니
STD_000465,스냅백/힙합모자,STD_000460,3,가방/잡화 > 모자 > 스냅백/힙합모자
STD_000466,썬캡/썬바이져,STD_000460,3,가방/잡화 > 모자 > 썬캡/썬바이져
STD_000467,야구모자/군모,STD_000460,3,가방/잡화 > 모자 > 야구모자/군모
STD_000468,왕골/밀짚모자,STD_000460,3,가방/잡화 > 모자 > 왕골/밀짚모자
STD_000469,털/방울/귀달이모자,STD_000460,3,가방/잡화 > 모자 > 털/방울/귀달이모자
STD_000470,페도라/중절모,STD_000460,3,가방/잡화 > 모자 > 페도라/중절모
STD_000472,백팩/캐주얼가방,STD_000415,2,가방/잡화 > 백팩/캐주얼가방
STD_000471,노트북/카메라가방,STD_000472,3,가방/잡화 > 백팩/캐주얼가방 > 노트북/카메라가방
STD_000473,백팩,STD_000472,3,가방/잡화 > 백팩/캐주얼가방 > 백팩
STD_000474,비치백/왕골가방,STD_000472,3,가방/잡화 > 백팩/캐주얼가방 > 비치백/왕골가방
STD_000475,숄더백,STD_000472,3,가방/잡화 > 백팩/캐주얼가방 > 숄더백
STD_000476,스포츠백,STD_000472,3,가방/잡화 > 백팩/캐주얼가방 > 스포츠백
STD_000477,책가방,STD_000472,3,가방/잡화 > 백팩/캐주얼가방 > 책가방
STD_000478,캔버스/에코백,STD_000472,3,가방/잡화 > 백팩/캐주얼가방 > 캔버스/에코백
STD_000479,크로스백,STD_000472,3,가방/잡화 > 백팩/캐주얼가방 > 크로스백
STD_000480,토트백,STD_000472,3,가방/잡화 > 백팩/캐주얼가방 > 토트백
STD_000481,힙색/슬링백,STD_000472,3,가방/잡화 > 백팩/캐주얼가방 > 힙색/슬링백
STD_000483,백팩/캐쥬얼가방,STD_000415,2,가방/잡화 > 백팩/캐쥬얼가방
STD_000482,노트북가방,STD_000483,3,가방/잡화 > 백팩/캐쥬얼가방 > 노트북가방
STD_000484,백팩,STD_000483,3,가방/잡화 > 백팩/캐쥬얼가방 > 백팩
STD_000485,비치백/왕골가방,STD_000483,3,가방/잡화 > 백팩/캐쥬얼가방 > 비치백/왕골가방
STD_000486,숄더백,STD_000483,3,가방/잡화 > 백팩/캐쥬얼가방 > 숄더백
STD_000487,에코백,STD_000483,3,가방/잡화 > 백팩/캐쥬얼가방 > 에코백
STD_000488,크로스백,STD_000483,3,가방/잡화 > 백팩/캐쥬얼가방 > 크로스백
STD_000489,타포린백,STD_000483,3,가방/잡화 > 백팩/캐쥬얼가방 > 타포린백
STD_000490,힙색/슬링백,STD_000483,3,가방/잡화 > 백팩/캐쥬얼가방 > 힙색/슬링백
STD_000492,벨트,STD_000415,2,가방/잡화 > 벨트
STD_000491,남성정장벨트,STD_000492,3,가방/잡화 > 벨트 > 남성정장벨트
STD_000493,멜빵,STD_000492,3,가방/잡화 > 벨트 > 멜빵
STD_000494,멜빵/서스펜더,STD_000492,3,가방/잡화 > 벨트 > 멜빵/서스펜더
STD_000495,여성정장벨트,STD_000492,3,가방/잡화 > 벨트 > 여성정장벨트
STD_000496,정장 벨트,STD_000492,3,가방/잡화 > 벨트 > 정장 벨트
STD_000497,체인/메탈벨트,STD_000492,3,가방/잡화 > 벨트 > 체인/메탈벨트
STD_000498,캐주얼벨트,STD_000492,3,가방/잡화 > 벨트 > 캐주얼벨트
STD_000499,캐쥬얼 벨트,STD_000492,3,가방/잡화 > 벨트 > 캐쥬얼 벨트
STD_000501,스카프/손수건,STD_000415,2,가방/잡화 > 스카프/손수건
STD_000500,남성용 손수건,STD_000501,3,가방/잡화 > 스카프/손수건 > 남성용 손수건
STD_000502,롱 스카프,STD_000501,3,가방/잡화 > 스카프/손수건 > 롱 스카프
STD_000503,쁘띠/트윌리 스카프,STD_000501,3,가방/잡화 > 스카프/손수건 > 쁘띠/트윌리 스카프
STD_000504,실크 스카프,STD_000501,3,가방/잡화 > 스카프/손수건 > 실크 스카프
STD_000505,여성용 손수건,STD_000501,3,가방/잡화 > 스카프/손수건 > 여성용 손수건
STD_000507,스타킹,STD_000415,2,가방/잡화 > 스타킹
STD_000506,기모스타킹,STD_000507,3,가방/잡화 > 스타킹 > 기모스타킹
STD_000508,덧신/발목스타킹,STD_000507,3,가방/잡화 > 스타킹 > 덧신/발목스타킹
STD_000509,밴드/판타롱,STD_000507,3,가방/잡화 > 스타킹 > 밴드/판타롱
STD_000510,압박스타킹,STD_000507,3,가방/잡화 > 스타킹 > 압박스타킹
STD_000511,팬티스타킹,STD_000507,3,가방/잡화 > 스타킹 > 팬티스타킹
STD_000513,양말,STD_000415,2,가방/잡화 > 양말
STD_000512,니삭스/레그워머,STD_000513,3,가방/잡화 > 양말 > 니삭스/레그워머
STD_000514,발가락양말,STD_000513,3,가방/잡화 > 양말 > 발가락양말
STD_000515,수면양말,STD_000513,3,가방/잡화 > 양말 > 수면양말
STD_000516,스니커즈양말,STD_000513,3,가방/잡화 > 양말 > 스니커즈양말
STD_000517,스포츠양말,STD_000513,3,가방/잡화 > 양말 > 스포츠양말
STD_000518,양말세트,STD_000513,3,가방/잡화 > 양말 > 양말세트
STD_000519,울/니트양말,STD_000513,3,가방/잡화 > 양말 > 울/니트양말
STD_000520,정장양말,STD_000513,3,가방/잡화 > 양말 > 정장양말
STD_000521,페이크삭스,STD_000513,3,가방/잡화 > 양말 > 페이크삭스
STD_000523,양말/스타킹,STD_000415,2,가방/잡화 > 양말/스타킹
STD_000522,기모스타킹,STD_000523,3,가방/잡화 > 양말/스타킹 > 기모스타킹
STD_000524,니삭스/레그워머,STD_000523,3,가방/잡화 > 양말/스타킹 > 니삭스/레그워머
STD_000525,덧신/페이크삭스,STD_000523,3,가방/잡화 > 양말/스타킹 > 덧신/페이크삭스
STD_000526,레깅스,STD_000523,3,가방/잡화 > 양말/스타킹 > 레깅스
STD_000527,발가락양말,STD_000523,3,가방/잡화 > 양말/스타킹 > 발가락양말
STD_000528,발목/밴드/판타롱,STD_000523,3,가방/잡화 > 양말/스타킹 > 발목/밴드/판타롱
STD_000529,발목/스니커즈양말,STD_000523,3,가방/잡화 > 양말/스타킹 > 발목/스니커즈양말
STD_000530,수면양말,STD_000523,3,가방/잡화 > 양말/스타킹 > 수면양말
STD_000531,스포츠양말,STD_000523,3,가방/잡화 > 양말/스타킹 > 스포츠양말
STD_000532,압박스타킹,STD_000523,3,가방/잡화 > 양말/스타킹 > 압박스타킹
STD_000533,정장양말,STD_000523,3,가방/잡화 > 양말/스타킹 > 정장양말
STD_000534,팬티스타킹,STD_000523,3,가방/잡화 > 양말/스타킹 > 팬티스타킹
STD_000536,여성/핸드백,STD_000415,2,가방/잡화 > 여성/핸드백
STD_000535,미니백,STD_000536,3,가방/잡화 > 여성/핸드백 > 미니백
STD_000537,숄더백,STD_000536,3,가방/잡화 > 여성/핸드백 > 숄더백
STD_000538,퀼팅백,STD_000536,3,가방/잡화 > 여성/핸드백 > 퀼팅백
STD_000539,크로스백,STD_000536,3,가방/잡화 > 여성/핸드백 > 크로스백
STD_000540,클러치백,STD_000536,3,가방/잡화 > 여성/핸드백 > 클러치백
STD_000541,토트백,STD_000536,3,가방/잡화 > 여성/핸드백 > 토트백
STD_000542,파우치,STD_000536,3,가방/잡화 > 여성/핸드백 > 파우치
STD_000544,여성가방,STD_000415,2,가방/잡화 > 여성가방
STD_000543,미니백,STD_000544,3,가방/잡화 > 여성가방 > 미니백
STD_000545,비치백/왕골가방,STD_000544,3,가방/잡화 > 여성가방 > 비치백/왕골가방
STD_000546,쇼퍼백,STD_000544,3,가방/잡화 > 여성가방 > 쇼퍼백
STD_000547,숄더백,STD_000544,3,가방/잡화 > 여성가방 > 숄더백
STD_000548,퀼팅백,STD_000544,3,가방/잡화 > 여성가방 > 퀼팅백
STD_000549,크로스백,STD_000544,3,가방/잡화 > 여성가방 > 크로스백
STD_000550,클러치백,STD_000544,3,가방/잡화 > 여성가방 > 클러치백
STD_000551,토트백,STD_000544,3,가방/잡화 > 여성가방 > 토트백
STD_000552,파우치,STD_000544,3,가방/잡화 > 여성가방 > 파우치
STD_000554,여행가방/캐리어,STD_000415,2,가방/잡화 > 여행가방/캐리어
STD_000553,기내용-소프트,STD_000554,3,가방/잡화 > 여행가방/캐리어 > 기내용-소프트
STD_000555,기내용-하드,STD_000554,3,가방/잡화 > 여행가방/캐리어 > 기내용-하드
STD_000556,보스턴가방,STD_000554,3,가방/잡화 > 여행가방/캐리어 > 보스턴가방
STD_000557,여행보조/결합백,STD_000554,3,가방/잡화 > 여행가방/캐리어 > 여행보조/결합백
STD_000558,이민용/유학용,STD_000554,3,가방/잡화 > 여행가방/캐리어 > 이민용/유학용
STD_000559,중대형-소프트,STD_000554,3,가방/잡화 > 여행가방/캐리어 > 중대형-소프트
STD_000560,중대형-하드,STD_000554,3,가방/잡화 > 여행가방/캐리어 > 중대형-하드
STD_000562,여행소품,STD_000415,2,가방/잡화 > 여행소품
STD_000561,네임텍,STD_000562,3,가방/잡화 > 여행소품 > 네임텍
STD_000563,여권지갑/여권케이스,STD_000562,3,가방/잡화 > 여행소품 > 여권지갑/여권케이스
STD_000564,여행파우치,STD_000562,3,가방/잡화 > 여행소품 > 여행파우치
STD_000565,캐리어벨트/자물쇠,STD_000562,3,가방/잡화 > 여행소품 > 캐리어벨트/자물쇠
STD_000567,여행수납/소품,STD_000415,2,가방/잡화 > 여행수납/소품
STD_000566,네임택/소품,STD_000567,3,가방/잡화 > 여행수납/소품 > 네임택/소품
STD_000568,목베게/안대,STD_000567,3,가방/잡화 > 여행수납/소품 > 목베게/안대
STD_000569,여권케이스/여권지갑,STD_000567,3,가방/잡화 > 여행수납/소품 > 여권케이스/여권지갑
STD_000570,여행용파우치,STD_000567,3,가방/잡화 > 여행수납/소품 > 여행용파우치
STD_000571,캐리어벨트/잠금,STD_000567,3,가방/잡화 > 여행수납/소품 > 캐리어벨트/잠금
STD_000572,케리어커버/스티커,STD_000567,3,가방/잡화 > 여행수납/소품 > 케리어커버/스티커
STD_000574,여행용 가방,STD_000415,2,가방/잡화 > 여행용 가방
STD_000573,기내용-소프트,STD_000574,3,가방/잡화 > 여행용 가방 > 기내용-소프트
STD_000575,기내용-하드,STD_000574,3,가방/잡화 > 여행용 가방 > 기내용-하드
STD_000576,보스톤가방,STD_000574,3,가방/잡화 > 여행용 가방 > 보스톤가방
STD_000577,여행보조/결합백,STD_000574,3,가방/잡화 > 여행용 가방 > 여행보조/결합백
STD_000578,여행용 크로스백/힙색,STD_000574,3,가방/잡화 > 여행용 가방 > 여행용 크로스백/힙색
STD_000579,여행용백팩,STD_000574,3,가방/잡화 > 여행용 가방 > 여행용백팩
STD_000580,이민/유학용가방,STD_000574,3,가방/잡화 > 여행용 가방 > 이민/유학용가방
STD_000581,중대형-소프트,STD_000574,3,가방/잡화 > 여행용 가방 > 중대형-소프트
STD_000582,중대형-하드,STD_000574,3,가방/잡화 > 여행용 가방 > 중대형-하드
STD_000584,우산/양산,STD_000415,2,가방/잡화 > 우산/양산
STD_000583,2단/3단우산,STD_000584,3,가방/잡화 > 우산/양산 > 2단/3단우산
STD_000585,담배케이스,STD_000584,3,가방/잡화 > 우산/양산 > 담배케이스
STD_000586,명화/패션우산,STD_000584,3,가방/잡화 > 우산/양산 > 명화/패션우산
STD_000587,부채/마스크/기타,STD_000584,3,가방/잡화 > 우산/양산 > 부채/마스크/기타
STD_000588,양산,STD_000584,3,가방/잡화 > 우산/양산 > 양산
STD_000589,우산,STD_000584,3,가방/잡화 > 우산/양산 > 우산
STD_000590,우양산,STD_000584,3,가방/잡화 > 우산/양산 > 우양산
STD_000591,일회용우비,STD_000584,3,가방/잡화 > 우산/양산 > 일회용우비
STD_000592,장우산,STD_000584,3,가방/잡화 > 우산/양산 > 장우산
STD_000593,타투,STD_000584,3,가방/잡화 > 우산/양산 > 타투
STD_000594,투명우산,STD_000584,3,가방/잡화 > 우산/양산 > 투명우산
STD_000595,판촉/단체우산,STD_000584,3,가방/잡화 > 우산/양산 > 판촉/단체우산
STD_000597,장갑,STD_000415,2,가방/잡화 > 장갑
STD_000596,가죽/스웨이드장갑,STD_000597,3,가방/잡화 > 장갑 > 가죽/스웨이드장갑
STD_000598,가죽장갑,STD_000597,3,가방/잡화 > 장갑 > 가죽장갑
STD_000599,니트장갑,STD_000597,3,가방/잡화 > 장갑 > 니트장갑
STD_000600,롱장갑,STD_000597,3,가방/잡화 > 장갑 > 롱장갑
STD_000601,모직/니트장갑,STD_000597,3,가방/잡화 > 장갑 > 모직/니트장갑
STD_000602,모직장갑,STD_000597,3,가방/잡화 > 장갑 > 모직장갑
STD_000603,벙어리장갑,STD_000597,3,가방/잡화 > 장갑 > 벙어리장갑
STD_000604,암워머/토시,STD_000597,3,가방/잡화 > 장갑 > 암워머/토시
STD_000605,암워머/팔토시,STD_000597,3,가방/잡화 > 장갑 > 암워머/팔토시
STD_000606,터치장갑,STD_000597,3,가방/잡화 > 장갑 > 터치장갑
STD_000608,지갑,STD_000415,2,가방/잡화 > 지갑
STD_000607,남성반지갑,STD_000608,3,가방/잡화 > 지갑 > 남성반지갑
STD_000609,남성용 반지갑,STD_000608,3,가방/잡화 > 지갑 > 남성용 반지갑
STD_000610,남성용 장지갑,STD_000608,3,가방/잡화 > 지갑 > 남성용 장지갑
STD_000611,남성장지갑,STD_000608,3,가방/잡화 > 지갑 > 남성장지갑
STD_000612,남성중지갑,STD_000608,3,가방/잡화 > 지갑 > 남성중지갑
STD_000613,동전/통장지갑,STD_000608,3,가방/잡화 > 지갑 > 동전/통장지갑
STD_000614,동전지갑,STD_000608,3,가방/잡화 > 지갑 > 동전지갑
STD_000615,머니클립,STD_000608,3,가방/잡화 > 지갑 > 머니클립
STD_000616,명함/카드지갑,STD_000608,3,가방/잡화 > 지갑 > 명함/카드지갑
STD_000617,목걸이 지갑,STD_000608,3,가방/잡화 > 지갑 > 목걸이 지갑
STD_000618,목걸이지갑,STD_000608,3,가방/잡화 > 지갑 > 목걸이지갑
STD_000619,여성반지갑,STD_000608,3,가방/잡화 > 지갑 > 여성반지갑
STD_000620,여성용 반지갑,STD_000608,3,가방/잡화 > 지갑 > 여성용 반지갑
STD_000621,여성용 장지갑,STD_000608,3,가방/잡화 > 지갑 > 여성용 장지갑
STD_000622,여성용 중지갑,STD_000608,3,가방/잡화 > 지갑 > 여성용 중지갑
STD_000623,여성장지갑,STD_000608,3,가방/잡화 > 지갑 > 여성장지갑
STD_000624,여성중지갑,STD_000608,3,가방/잡화 > 지갑 > 여성중지갑
STD_000625,열쇠지갑/키케이스,STD_000608,3,가방/잡화 > 지갑 > 열쇠지갑/키케이스
STD_000626,지갑/벨트세트,STD_000608,3,가방/잡화 > 지갑 > 지갑/벨트세트
STD_000627,통장지갑,STD_000608,3,가방/잡화 > 지갑 > 통장지갑
STD_000629,키링/가방액세서리,STD_000415,2,가방/잡화 > 키링/가방액세서리
STD_000628,백참/가방악세사리,STD_000629,3,가방/잡화 > 키링/가방액세서리 > 백참/가방악세사리
STD_000630,백참/가방액세서리,STD_000629,3,가방/잡화 > 키링/가방액세서리 > 백참/가방액세서리
STD_000631,캐릭터 백참/키링,STD_000629,3,가방/잡화 > 키링/가방액세서리 > 캐릭터 백참/키링
STD_000632,키링/키홀더,STD_000629,3,가방/잡화 > 키링/가방액세서리 > 키링/키홀더
STD_000633,태슬 백참/키링,STD_000629,3,가방/잡화 > 키링/가방액세서리 > 태슬 백참/키링
STD_000635,패션모자,STD_000415,2,가방/잡화 > 패션모자
STD_000634,군모,STD_000635,3,가방/잡화 > 패션모자 > 군모
STD_000636,귀달이모자,STD_000635,3,가방/잡화 > 패션모자 > 귀달이모자
STD_000637,베레모/헌팅캡,STD_000635,3,가방/잡화 > 패션모자 > 베레모/헌팅캡
STD_000638,비니/두건,STD_000635,3,가방/잡화 > 패션모자 > 비니/두건
STD_000639,빅사이즈모자,STD_000635,3,가방/잡화 > 패션모자 > 빅사이즈모자
STD_000640,썬캡,STD_000635,3,가방/잡화 > 패션모자 > 썬캡
STD_000641,야구모자,STD_000635,3,가방/잡화 > 패션모자 > 야구모자
STD_000642,왕골/밀짚모자,STD_000635,3,가방/잡화 > 패션모자 > 왕골/밀짚모자
STD_000643,털/방울모자,STD_000635,3,가방/잡화 > 패션모자 > 털/방울모자
STD_000644,페도라/벙거지,STD_000635,3,가방/잡화 > 패션모자 > 페도라/벙거지
STD_000645,힙합모자/스냅백,STD_000635,3,가방/잡화 > 패션모자 > 힙합모자/스냅백
STD_000647,패션소품,STD_000415,2,가방/잡화 > 패션소품
STD_000646,키홀더,STD_000647,3,가방/잡화 > 패션소품 > 키홀더
STD_000648,헤어악세사리,STD_000415,2,가방/잡화 > 헤어악세사리
STD_000651,가방/지갑,ROOT,1,가방/지갑
STD_000650,가방소품,STD_000651,2,가방/지갑 > 가방소품
STD_000649,가방걸이,STD_000650,3,가방/지갑 > 가방소품 > 가방걸이
STD_000652,가방끈,STD_000650,3,가방/지갑 > 가방소품 > 가방끈
STD_000654,기타,STD_000651,2,가방/지갑 > 기타
STD_000653,기타,STD_000654,3,가방/지갑 > 기타 > 기타
STD_000656,기타여행가방,STD_000651,2,가방/지갑 > 기타여행가방
STD_000655,보스턴가방,STD_000656,3,가방/지갑 > 기타여행가방 > 보스턴가방
STD_000657,보조가방,STD_000656,3,가방/지갑 > 기타여행가방 > 보조가방
STD_000658,이민/유학용가방,STD_000656,3,가방/지갑 > 기타여행가방 > 이민/유학용가방
STD_000660,남성가방,STD_000651,2,가방/지갑 > 남성가방
STD_000659,노트북가방,STD_000660,3,가방/지갑 > 남성가방 > 노트북가방
STD_000661,백팩,STD_000660,3,가방/지갑 > 남성가방 > 백팩
STD_000662,서류가방,STD_000660,3,가방/지갑 > 남성가방 > 서류가방
STD_000663,숄더백,STD_000660,3,가방/지갑 > 남성가방 > 숄더백
STD_000664,에코백,STD_000660,3,가방/지갑 > 남성가방 > 에코백
STD_000665,크로스백,STD_000660,3,가방/지갑 > 남성가방 > 크로스백
STD_000666,클러치,STD_000660,3,가방/지갑 > 남성가방 > 클러치
STD_000667,토트백,STD_000660,3,가방/지갑 > 남성가방 > 토트백
STD_000668,힙색/슬링백,STD_000660,3,가방/지갑 > 남성가방 > 힙색/슬링백
STD_000670,벨트,STD_000651,2,가방/지갑 > 벨트
STD_000669,멜빵/서스펜더,STD_000670,3,가방/지갑 > 벨트 > 멜빵/서스펜더
STD_000671,정장벨트,STD_000670,3,가방/지갑 > 벨트 > 정장벨트
STD_000672,지갑/벨트세트,STD_000670,3,가방/지갑 > 벨트 > 지갑/벨트세트
STD_000673,캐주얼벨트,STD_000670,3,가방/지갑 > 벨트 > 캐주얼벨트
STD_000675,소프트캐리어,STD_000651,2,가방/지갑 > 소프트캐리어
STD_000674,기내용,STD_000675,3,가방/지갑 > 소프트캐리어 > 기내용
STD_000676,중대형,STD_000675,3,가방/지갑 > 소프트캐리어 > 중대형
STD_000677,캐리어세트,STD_000675,3,가방/지갑 > 소프트캐리어 > 캐리어세트
STD_000679,여성가방,STD_000651,2,가방/지갑 > 여성가방
STD_000678,백팩,STD_000679,3,가방/지갑 > 여성가방 > 백팩
STD_000680,비치백,STD_000679,3,가방/지갑 > 여성가방 > 비치백
STD_000681,쇼퍼백,STD_000679,3,가방/지갑 > 여성가방 > 쇼퍼백
STD_000682,숄더백,STD_000679,3,가방/지갑 > 여성가방 > 숄더백
STD_000683,에코백,STD_000679,3,가방/지갑 > 여성가방 > 에코백
STD_000684,왕골백,STD_000679,3,가방/지갑 > 여성가방 > 왕골백
STD_000685,이너백,STD_000679,3,가방/지갑 > 여성가방 > 이너백
STD_000686,크로스백,STD_000679,3,가방/지갑 > 여성가방 > 크로스백
STD_000687,클러치,STD_000679,3,가방/지갑 > 여성가방 > 클러치
STD_000688,토트백,STD_000679,3,가방/지갑 > 여성가방 > 토트백
STD_000689,화장품가방/파우치,STD_000679,3,가방/지갑 > 여성가방 > 화장품가방/파우치
STD_000690,힙색/슬링백,STD_000679,3,가방/지갑 > 여성가방 > 힙색/슬링백
STD_000692,여행소품,STD_000651,2,가방/지갑 > 여행소품
STD_000691,네임택,STD_000692,3,가방/지갑 > 여행소품 > 네임택
STD_000693,목베개,STD_000692,3,가방/지갑 > 여행소품 > 목베개
STD_000694,복대,STD_000692,3,가방/지갑 > 여행소품 > 복대
STD_000695,안대,STD_000692,3,가방/지갑 > 여행소품 > 안대
STD_000696,여권지갑/여권케이스,STD_000692,3,가방/지갑 > 여행소품 > 여권지갑/여권케이스
STD_000697,잠금벨트/자물쇠,STD_000692,3,가방/지갑 > 여행소품 > 잠금벨트/자물쇠
STD_000698,정리팩,STD_000692,3,가방/지갑 > 여행소품 > 정리팩
STD_000699,캐리어커버,STD_000692,3,가방/지갑 > 여행소품 > 캐리어커버
STD_000700,폴딩백,STD_000692,3,가방/지갑 > 여행소품 > 폴딩백
STD_000702,지갑,STD_000651,2,가방/지갑 > 지갑
STD_000701,남성반지갑,STD_000702,3,가방/지갑 > 지갑 > 남성반지갑
STD_000703,남성장지갑,STD_000702,3,가방/지갑 > 지갑 > 남성장지갑
STD_000704,남성중지갑,STD_000702,3,가방/지갑 > 지갑 > 남성중지갑
STD_000705,동전/열쇠지갑,STD_000702,3,가방/지갑 > 지갑 > 동전/열쇠지갑
STD_000706,머니클립,STD_000702,3,가방/지갑 > 지갑 > 머니클립
STD_000707,명함지갑,STD_000702,3,가방/지갑 > 지갑 > 명함지갑
STD_000708,여성반지갑,STD_000702,3,가방/지갑 > 지갑 > 여성반지갑
STD_000709,여성장지갑,STD_000702,3,가방/지갑 > 지갑 > 여성장지갑
STD_000710,여성중지갑,STD_000702,3,가방/지갑 > 지갑 > 여성중지갑
STD_000711,지갑세트,STD_000702,3,가방/지갑 > 지갑 > 지갑세트
STD_000712,카드지갑,STD_000702,3,가방/지갑 > 지갑 > 카드지갑
STD_000713,통장지갑,STD_000702,3,가방/지갑 > 지갑 > 통장지갑
STD_000715,하드캐리어,STD_000651,2,가방/지갑 > 하드캐리어
STD_000714,기내용,STD_000715,3,가방/지갑 > 하드캐리어 > 기내용
STD_000716,중대형,STD_000715,3,가방/지갑 > 하드캐리어 > 중대형
STD_000717,캐리어세트,STD_000715,3,가방/지갑 > 하드캐리어 > 캐리어세트
STD_000720,건강/다이어트식품,ROOT,1,건강/다이어트식품
STD_000719,건강즙,STD_000720,2,건강/다이어트식품 > 건강즙
STD_000718,가시오가피즙,STD_000719,3,건강/다이어트식품 > 건강즙 > 가시오가피즙
STD_000721,기타즙,STD_000719,3,건강/다이어트식품 > 건강즙 > 기타즙
STD_000722,노니즙,STD_000719,3,건강/다이어트식품 > 건강즙 > 노니즙
STD_000723,도라지즙,STD_000719,3,건강/다이어트식품 > 건강즙 > 도라지즙
STD_000724,마늘즙,STD_000719,3,건강/다이어트식품 > 건강즙 > 마늘즙
STD_000725,매실즙,STD_000719,3,건강/다이어트식품 > 건강즙 > 매실즙
STD_000726,배즙,STD_000719,3,건강/다이어트식품 > 건강즙 > 배즙
STD_000727,복분자즙,STD_000719,3,건강/다이어트식품 > 건강즙 > 복분자즙
STD_000728,블루베리즙,STD_000719,3,건강/다이어트식품 > 건강즙 > 블루베리즙
STD_000729,사과즙,STD_000719,3,건강/다이어트식품 > 건강즙 > 사과즙
STD_000730,석류즙,STD_000719,3,건강/다이어트식품 > 건강즙 > 석류즙
STD_000731,아로니아즙,STD_000719,3,건강/다이어트식품 > 건강즙 > 아로니아즙
STD_000732,양배추즙,STD_000719,3,건강/다이어트식품 > 건강즙 > 양배추즙
STD_000733,양파즙,STD_000719,3,건강/다이어트식품 > 건강즙 > 양파즙
STD_000734,오디즙,STD_000719,3,건강/다이어트식품 > 건강즙 > 오디즙
STD_000735,칡즙,STD_000719,3,건강/다이어트식품 > 건강즙 > 칡즙
STD_000736,토마토즙,STD_000719,3,건강/다이어트식품 > 건강즙 > 토마토즙
STD_000737,포도즙,STD_000719,3,건강/다이어트식품 > 건강즙 > 포도즙
STD_000738,헛개즙,STD_000719,3,건강/다이어트식품 > 건강즙 > 헛개즙
STD_000739,호박즙,STD_000719,3,건강/다이어트식품 > 건강즙 > 호박즙
STD_000741,건강환/분말,STD_000720,2,건강/다이어트식품 > 건강환/분말
STD_000740,건강분말,STD_000741,3,건강/다이어트식품 > 건강환/분말 > 건강분말
STD_000742,건강환,STD_000741,3,건강/다이어트식품 > 건강환/분말 > 건강환
STD_000744,꿀/프로폴리스,STD_000720,2,건강/다이어트식품 > 꿀/프로폴리스
STD_000743,꿀,STD_000744,3,건강/다이어트식품 > 꿀/프로폴리스 > 꿀
STD_000745,프로폴리스,STD_000744,3,건강/다이어트식품 > 꿀/프로폴리스 > 프로폴리스
STD_000747,다이어트보조식품,STD_000720,2,건강/다이어트식품 > 다이어트보조식품
STD_000746,CLA,STD_000747,3,건강/다이어트식품 > 다이어트보조식품 > CLA
STD_000748,가르시니아,STD_000747,3,건강/다이어트식품 > 다이어트보조식품 > 가르시니아
STD_000749,기타다이어트식품,STD_000747,3,건강/다이어트식품 > 다이어트보조식품 > 기타다이어트식품
STD_000750,다이어트차,STD_000747,3,건강/다이어트식품 > 다이어트보조식품 > 다이어트차
STD_000751,체중조절쉐이크/바,STD_000747,3,건강/다이어트식품 > 다이어트보조식품 > 체중조절쉐이크/바
STD_000753,뷰티푸드,STD_000720,2,건강/다이어트식품 > 뷰티푸드
STD_000752,코엔자임Q10,STD_000753,3,건강/다이어트식품 > 뷰티푸드 > 코엔자임Q10
STD_000754,콜라겐,STD_000753,3,건강/다이어트식품 > 뷰티푸드 > 콜라겐
STD_000755,효소,STD_000753,3,건강/다이어트식품 > 뷰티푸드 > 효소
STD_000756,히알루론산,STD_000753,3,건강/다이어트식품 > 뷰티푸드 > 히알루론산
STD_000758,비타민,STD_000720,2,건강/다이어트식품 > 비타민
STD_000757,기타비타민,STD_000758,3,건강/다이어트식품 > 비타민 > 기타비타민
STD_000759,멀티비타민,STD_000758,3,건강/다이어트식품 > 비타민 > 멀티비타민
STD_000760,발포비타민,STD_000758,3,건강/다이어트식품 > 비타민 > 발포비타민
STD_000761,비타민A,STD_000758,3,건강/다이어트식품 > 비타민 > 비타민A
STD_000762,비타민B,STD_000758,3,건강/다이어트식품 > 비타민 > 비타민B
STD_000763,비타민C,STD_000758,3,건강/다이어트식품 > 비타민 > 비타민C
STD_000764,비타민D,STD_000758,3,건강/다이어트식품 > 비타민 > 비타민D
STD_000765,비타민E,STD_000758,3,건강/다이어트식품 > 비타민 > 비타민E
STD_000767,숙취해소/소화제,STD_000720,2,건강/다이어트식품 > 숙취해소/소화제
STD_000766,소화제,STD_000767,3,건강/다이어트식품 > 숙취해소/소화제 > 소화제
STD_000768,숙취해소,STD_000767,3,건강/다이어트식품 > 숙취해소/소화제 > 숙취해소
STD_000770,어린이건강식품,STD_000720,2,건강/다이어트식품 > 어린이건강식품
STD_000769,어린이비타민,STD_000770,3,건강/다이어트식품 > 어린이건강식품 > 어린이비타민
STD_000771,어린이영양제,STD_000770,3,건강/다이어트식품 > 어린이건강식품 > 어린이영양제
STD_000772,어린이홍삼,STD_000770,3,건강/다이어트식품 > 어린이건강식품 > 어린이홍삼
STD_000774,영양식,STD_000720,2,건강/다이어트식품 > 영양식
STD_000773,선식,STD_000774,3,건강/다이어트식품 > 영양식 > 선식
STD_000775,환자식/영양보충식/프로틴,STD_000774,3,건강/다이어트식품 > 영양식 > 환자식/영양보충식/프로틴
STD_000777,영양제,STD_000720,2,건강/다이어트식품 > 영양제
STD_000776,감마리놀렌산,STD_000777,3,건강/다이어트식품 > 영양제 > 감마리놀렌산
STD_000778,글루코사민,STD_000777,3,건강/다이어트식품 > 영양제 > 글루코사민
STD_000779,기타영양제,STD_000777,3,건강/다이어트식품 > 영양제 > 기타영양제
STD_000780,로얄제리,STD_000777,3,건강/다이어트식품 > 영양제 > 로얄제리
STD_000781,루테인,STD_000777,3,건강/다이어트식품 > 영양제 > 루테인
STD_000782,리프리놀/초록입홍합,STD_000777,3,건강/다이어트식품 > 영양제 > 리프리놀/초록입홍합
STD_000783,마그네슘,STD_000777,3,건강/다이어트식품 > 영양제 > 마그네슘
STD_000784,밀크시슬,STD_000777,3,건강/다이어트식품 > 영양제 > 밀크시슬
STD_000785,보스웰리아,STD_000777,3,건강/다이어트식품 > 영양제 > 보스웰리아
STD_000786,쏘팔매토,STD_000777,3,건강/다이어트식품 > 영양제 > 쏘팔매토
STD_000787,아연,STD_000777,3,건강/다이어트식품 > 영양제 > 아연
STD_000788,알로에베라,STD_000777,3,건강/다이어트식품 > 영양제 > 알로에베라
STD_000789,엽산,STD_000777,3,건강/다이어트식품 > 영양제 > 엽산
STD_000790,오메가3/피쉬오일,STD_000777,3,건강/다이어트식품 > 영양제 > 오메가3/피쉬오일
STD_000791,유산균/프로바이오틱스,STD_000777,3,건강/다이어트식품 > 영양제 > 유산균/프로바이오틱스
STD_000792,징코,STD_000777,3,건강/다이어트식품 > 영양제 > 징코
STD_000793,철분,STD_000777,3,건강/다이어트식품 > 영양제 > 철분
STD_000794,초유,STD_000777,3,건강/다이어트식품 > 영양제 > 초유
STD_000795,칼슘,STD_000777,3,건강/다이어트식품 > 영양제 > 칼슘
STD_000796,코큐텐,STD_000777,3,건강/다이어트식품 > 영양제 > 코큐텐
STD_000797,크릴오일/정제어유,STD_000777,3,건강/다이어트식품 > 영양제 > 크릴오일/정제어유
STD_000798,클로렐라/스피루리나,STD_000777,3,건강/다이어트식품 > 영양제 > 클로렐라/스피루리나
STD_000799,폴리코사놀,STD_000777,3,건강/다이어트식품 > 영양제 > 폴리코사놀
STD_000801,헬스보충제,STD_000720,2,건강/다이어트식품 > 헬스보충제
STD_000800,게이너,STD_000801,3,건강/다이어트식품 > 헬스보충제 > 게이너
STD_000802,기타헬스보충제,STD_000801,3,건강/다이어트식품 > 헬스보충제 > 기타헬스보충제
STD_000803,아미노산/비타민,STD_000801,3,건강/다이어트식품 > 헬스보충제 > 아미노산/비타민
STD_000804,프로틴,STD_000801,3,건강/다이어트식품 > 헬스보충제 > 프로틴
STD_000806,홍삼,STD_000720,2,건강/다이어트식품 > 홍삼
STD_000805,홍삼액/액상추출액,STD_000806,3,건강/다이어트식품 > 홍삼 > 홍삼액/액상추출액
STD_000807,홍삼절편,STD_000806,3,건강/다이어트식품 > 홍삼 > 홍삼절편
STD_000808,홍삼정/농축액,STD_000806,3,건강/다이어트식품 > 홍삼 > 홍삼정/농축액
STD_000809,홍삼정과,STD_000806,3,건강/다이어트식품 > 홍삼 > 홍삼정과
STD_000810,홍삼젤리/캔디/차,STD_000806,3,건강/다이어트식품 > 홍삼 > 홍삼젤리/캔디/차
STD_000811,홍삼환/캡슐,STD_000806,3,건강/다이어트식품 > 홍삼 > 홍삼환/캡슐
STD_000814,건강/의료용품,ROOT,1,건강/의료용품
STD_000813,건강측정용품,STD_000814,2,건강/의료용품 > 건강측정용품
STD_000812,기타건강측정용품,STD_000813,3,건강/의료용품 > 건강측정용품 > 기타건강측정용품
STD_000815,만보계,STD_000813,3,건강/의료용품 > 건강측정용품 > 만보계
STD_000816,수질 측정기,STD_000813,3,건강/의료용품 > 건강측정용품 > 수질 측정기
STD_000817,신장계,STD_000813,3,건강/의료용품 > 건강측정용품 > 신장계
STD_000818,체온계,STD_000813,3,건강/의료용품 > 건강측정용품 > 체온계
STD_000819,체중계,STD_000813,3,건강/의료용품 > 건강측정용품 > 체중계
STD_000820,체지방계,STD_000813,3,건강/의료용품 > 건강측정용품 > 체지방계
STD_000821,혈압계,STD_000813,3,건강/의료용품 > 건강측정용품 > 혈압계
STD_000822,흡연 측정기,STD_000813,3,건강/의료용품 > 건강측정용품 > 흡연 측정기
STD_000824,금연보조용품,STD_000814,2,건강/의료용품 > 금연보조용품
STD_000823,금연보조제,STD_000824,3,건강/의료용품 > 금연보조용품 > 금연보조제
STD_000825,기타금연보조용품,STD_000824,3,건강/의료용품 > 금연보조용품 > 기타금연보조용품
STD_000827,기타건강관리용품,STD_000814,2,건강/의료용품 > 기타건강관리용품
STD_000826,건강목걸이,STD_000827,3,건강/의료용품 > 기타건강관리용품 > 건강목걸이
STD_000828,건강팔찌,STD_000827,3,건강/의료용품 > 기타건강관리용품 > 건강팔찌
STD_000829,기타건강관리용품,STD_000827,3,건강/의료용품 > 기타건강관리용품 > 기타건강관리용품
STD_000830,눈건강용품,STD_000814,2,건강/의료용품 > 눈건강용품
STD_000831,기타눈건강용품,STD_000830,3,건강/의료용품 > 눈건강용품 > 기타눈건강용품
STD_000832,렌즈관리용품,STD_000830,3,건강/의료용품 > 눈건강용품 > 렌즈관리용품
STD_000833,렌즈세정제,STD_000830,3,건강/의료용품 > 눈건강용품 > 렌즈세정제
STD_000834,렌즈세척기,STD_000830,3,건강/의료용품 > 눈건강용품 > 렌즈세척기
STD_000835,안대,STD_000830,3,건강/의료용품 > 눈건강용품 > 안대
STD_000837,당뇨관리용품,STD_000814,2,건강/의료용품 > 당뇨관리용품
STD_000836,기타당뇨관리용품,STD_000837,3,건강/의료용품 > 당뇨관리용품 > 기타당뇨관리용품
STD_000838,채혈기,STD_000837,3,건강/의료용품 > 당뇨관리용품 > 채혈기
STD_000839,채혈침,STD_000837,3,건강/의료용품 > 당뇨관리용품 > 채혈침
STD_000840,혈당측정계,STD_000837,3,건강/의료용품 > 당뇨관리용품 > 혈당측정계
STD_000841,혈당측정지,STD_000837,3,건강/의료용품 > 당뇨관리용품 > 혈당측정지
STD_000843,비데,STD_000814,2,건강/의료용품 > 비데
STD_000842,도기일체형 비데,STD_000843,3,건강/의료용품 > 비데 > 도기일체형 비데
STD_000844,비데,STD_000843,3,건강/의료용품 > 비데 > 비데
STD_000845,비데용품,STD_000843,3,건강/의료용품 > 비데 > 비데용품
STD_000847,성인용품,STD_000814,2,건강/의료용품 > 성인용품
STD_000846,기타성인용품,STD_000847,3,건강/의료용품 > 성인용품 > 기타성인용품
STD_000848,남성성인용품,STD_000847,3,건강/의료용품 > 성인용품 > 남성성인용품
STD_000849,성인젤,STD_000847,3,건강/의료용품 > 성인용품 > 성인젤
STD_000850,여성성인용품,STD_000847,3,건강/의료용품 > 성인용품 > 여성성인용품
STD_000851,일반콘돔,STD_000847,3,건강/의료용품 > 성인용품 > 일반콘돔
STD_000852,특수콘돔,STD_000847,3,건강/의료용품 > 성인용품 > 특수콘돔
STD_000854,손/발건강용품,STD_000814,2,건강/의료용품 > 손/발건강용품
STD_000853,기타손발건강용품,STD_000854,3,건강/의료용품 > 손/발건강용품 > 기타손발건강용품
STD_000855,발가락교정기,STD_000854,3,건강/의료용품 > 손/발건강용품 > 발가락교정기
STD_000856,발지압/발매트,STD_000854,3,건강/의료용품 > 손/발건강용품 > 발지압/발매트
STD_000857,손소독기,STD_000854,3,건강/의료용품 > 손/발건강용품 > 손소독기
STD_000858,족욕기/족탕기,STD_000854,3,건강/의료용품 > 손/발건강용품 > 족욕기/족탕기
STD_000859,파라핀베스,STD_000854,3,건강/의료용품 > 손/발건강용품 > 파라핀베스
STD_000861,실버용품,STD_000814,2,건강/의료용품 > 실버용품
STD_000860,경사로,STD_000861,3,건강/의료용품 > 실버용품 > 경사로
STD_000862,기타실버용품,STD_000861,3,건강/의료용품 > 실버용품 > 기타실버용품
STD_000863,돋보기,STD_000861,3,건강/의료용품 > 실버용품 > 돋보기
STD_000864,목욕보조용품,STD_000861,3,건강/의료용품 > 실버용품 > 목욕보조용품
STD_000865,배변보조용품,STD_000861,3,건강/의료용품 > 실버용품 > 배변보조용품
STD_000866,보청기,STD_000861,3,건강/의료용품 > 실버용품 > 보청기
STD_000867,보청기배터리,STD_000861,3,건강/의료용품 > 실버용품 > 보청기배터리
STD_000868,보행보조용품,STD_000861,3,건강/의료용품 > 실버용품 > 보행보조용품
STD_000869,보행차/실버카,STD_000861,3,건강/의료용품 > 실버용품 > 보행차/실버카
STD_000870,욕창방지용품,STD_000861,3,건강/의료용품 > 실버용품 > 욕창방지용품
STD_000871,의료용 스쿠터,STD_000861,3,건강/의료용품 > 실버용품 > 의료용 스쿠터
STD_000872,장례용품/수의,STD_000861,3,건강/의료용품 > 실버용품 > 장례용품/수의
STD_000873,휠체어,STD_000861,3,건강/의료용품 > 실버용품 > 휠체어
STD_000874,휠체어 악세서리,STD_000861,3,건강/의료용품 > 실버용품 > 휠체어 악세서리
STD_000875,안마용품,STD_000814,2,건강/의료용품 > 안마용품
STD_000876,공기압 마사지,STD_000875,3,건강/의료용품 > 안마용품 > 공기압 마사지
STD_000877,기타안마용품,STD_000875,3,건강/의료용품 > 안마용품 > 기타안마용품
STD_000878,눈 마사지,STD_000875,3,건강/의료용품 > 안마용품 > 눈 마사지
STD_000879,복부 마사지,STD_000875,3,건강/의료용품 > 안마용품 > 복부 마사지
STD_000880,안마기/마사지기,STD_000875,3,건강/의료용품 > 안마용품 > 안마기/마사지기
STD_000881,안마의자,STD_000875,3,건강/의료용품 > 안마용품 > 안마의자
STD_000883,연수기/이온수기,STD_000814,2,건강/의료용품 > 연수기/이온수기
STD_000882,연수기,STD_000883,3,건강/의료용품 > 연수기/이온수기 > 연수기
STD_000884,연수기/이온수기용품,STD_000883,3,건강/의료용품 > 연수기/이온수기 > 연수기/이온수기용품
STD_000885,이온수기,STD_000883,3,건강/의료용품 > 연수기/이온수기 > 이온수기
STD_000887,일반의료용품,STD_000814,2,건강/의료용품 > 일반의료용품
STD_000886,거즈/붕대/의료솜,STD_000887,3,건강/의료용품 > 일반의료용품 > 거즈/붕대/의료솜
STD_000888,구급함/약통,STD_000887,3,건강/의료용품 > 일반의료용품 > 구급함/약통
STD_000889,기타일반의료용품,STD_000887,3,건강/의료용품 > 일반의료용품 > 기타일반의료용품
STD_000890,뜸/뜸기구,STD_000887,3,건강/의료용품 > 일반의료용품 > 뜸/뜸기구
STD_000891,반창고,STD_000887,3,건강/의료용품 > 일반의료용품 > 반창고
STD_000892,밴드,STD_000887,3,건강/의료용품 > 일반의료용품 > 밴드
STD_000893,살균제,STD_000887,3,건강/의료용품 > 일반의료용품 > 살균제
STD_000894,상처소독제/연고,STD_000887,3,건강/의료용품 > 일반의료용품 > 상처소독제/연고
STD_000895,응급의료용품,STD_000887,3,건강/의료용품 > 일반의료용품 > 응급의료용품
STD_000896,임신/배란테스트기,STD_000887,3,건강/의료용품 > 일반의료용품 > 임신/배란테스트기
STD_000897,파스,STD_000887,3,건강/의료용품 > 일반의료용품 > 파스
STD_000899,재활운동용품,STD_000814,2,건강/의료용품 > 재활운동용품
STD_000898,기타재활운동용품,STD_000899,3,건강/의료용품 > 재활운동용품 > 기타재활운동용품
STD_000900,목보호대,STD_000899,3,건강/의료용품 > 재활운동용품 > 목보호대
STD_000901,상반신보조기,STD_000899,3,건강/의료용품 > 재활운동용품 > 상반신보조기
STD_000902,신경/감각훈련기,STD_000899,3,건강/의료용품 > 재활운동용품 > 신경/감각훈련기
STD_000903,의료용압박스타킹,STD_000899,3,건강/의료용품 > 재활운동용품 > 의료용압박스타킹
STD_000904,자세교정용품,STD_000899,3,건강/의료용품 > 재활운동용품 > 자세교정용품
STD_000905,재활치료용 볼,STD_000899,3,건강/의료용품 > 재활운동용품 > 재활치료용 볼
STD_000906,하반신보조기,STD_000899,3,건강/의료용품 > 재활운동용품 > 하반신보조기
STD_000908,저주파/적외선용품,STD_000814,2,건강/의료용품 > 저주파/적외선용품
STD_000907,기타저주파/적외선용품,STD_000908,3,건강/의료용품 > 저주파/적외선용품 > 기타저주파/적외선용품
STD_000909,저주파자극기,STD_000908,3,건강/의료용품 > 저주파/적외선용품 > 저주파자극기
STD_000910,저주파패드,STD_000908,3,건강/의료용품 > 저주파/적외선용품 > 저주파패드
STD_000911,적외선조사기,STD_000908,3,건강/의료용품 > 저주파/적외선용품 > 적외선조사기
STD_000913,전문의료용품,STD_000814,2,건강/의료용품 > 전문의료용품
STD_000912,기타전문의료용품,STD_000913,3,건강/의료용품 > 전문의료용품 > 기타전문의료용품
STD_000914,도뇨관/장루주머니,STD_000913,3,건강/의료용품 > 전문의료용품 > 도뇨관/장루주머니
STD_000915,병원침대,STD_000913,3,건강/의료용품 > 전문의료용품 > 병원침대
STD_000916,의료용 자석,STD_000913,3,건강/의료용품 > 전문의료용품 > 의료용 자석
STD_000917,인체모형/해부도,STD_000913,3,건강/의료용품 > 전문의료용품 > 인체모형/해부도
STD_000918,주사기/주사바늘,STD_000913,3,건강/의료용품 > 전문의료용품 > 주사기/주사바늘
STD_000919,진료용장갑,STD_000913,3,건강/의료용품 > 전문의료용품 > 진료용장갑
STD_000920,청진기,STD_000913,3,건강/의료용품 > 전문의료용품 > 청진기
STD_000921,캔/밧드/농반,STD_000913,3,건강/의료용품 > 전문의료용품 > 캔/밧드/농반
STD_000922,펜라이트,STD_000913,3,건강/의료용품 > 전문의료용품 > 펜라이트
STD_000923,핀셋/포셉/가위,STD_000913,3,건강/의료용품 > 전문의료용품 > 핀셋/포셉/가위
STD_000924,한방의료용품,STD_000913,3,건강/의료용품 > 전문의료용품 > 한방의료용품
STD_000925,환자위생커버/매트,STD_000913,3,건강/의료용품 > 전문의료용품 > 환자위생커버/매트
STD_000927,전자담배용품,STD_000814,2,건강/의료용품 > 전자담배용품
STD_000926,전자담배,STD_000927,3,건강/의료용품 > 전자담배용품 > 전자담배
STD_000928,전자담배용품,STD_000927,3,건강/의료용품 > 전자담배용품 > 전자담배용품
STD_000930,정수기,STD_000814,2,건강/의료용품 > 정수기
STD_000929,언더싱크 정수기,STD_000930,3,건강/의료용품 > 정수기 > 언더싱크 정수기
STD_000931,정수기,STD_000930,3,건강/의료용품 > 정수기 > 정수기
STD_000932,정수기용품,STD_000930,3,건강/의료용품 > 정수기 > 정수기용품
STD_000933,찜질용품,STD_000814,2,건강/의료용품 > 찜질용품
STD_000934,기타찜질용품,STD_000933,3,건강/의료용품 > 찜질용품 > 기타찜질용품
STD_000935,좌욕기/좌훈기,STD_000933,3,건강/의료용품 > 찜질용품 > 좌욕기/좌훈기
STD_000936,찜질기,STD_000933,3,건강/의료용품 > 찜질용품 > 찜질기
STD_000937,찜질팩,STD_000933,3,건강/의료용품 > 찜질용품 > 찜질팩
STD_000939,체중계,STD_000814,2,건강/의료용품 > 체중계
STD_000938,디지털 체중계,STD_000939,3,건강/의료용품 > 체중계 > 디지털 체중계
STD_000940,스마트 체중계,STD_000939,3,건강/의료용품 > 체중계 > 스마트 체중계
STD_000941,아날로그 체중계,STD_000939,3,건강/의료용품 > 체중계 > 아날로그 체중계
STD_000943,호흡/수면건강용품,STD_000814,2,건강/의료용품 > 호흡/수면건강용품
STD_000942,기타호흡/수면관리용품,STD_000943,3,건강/의료용품 > 호흡/수면건강용품 > 기타호흡/수면관리용품
STD_000944,네블라이저/석션기,STD_000943,3,건강/의료용품 > 호흡/수면건강용품 > 네블라이저/석션기
STD_000945,마스크,STD_000943,3,건강/의료용품 > 호흡/수면건강용품 > 마스크
STD_000946,소음방지귀마개,STD_000943,3,건강/의료용품 > 호흡/수면건강용품 > 소음방지귀마개
STD_000947,이갈이방지용품,STD_000943,3,건강/의료용품 > 호흡/수면건강용품 > 이갈이방지용품
STD_000948,캔산소,STD_000943,3,건강/의료용품 > 호흡/수면건강용품 > 캔산소
STD_000949,코골이방지용품,STD_000943,3,건강/의료용품 > 호흡/수면건강용품 > 코골이방지용품
STD_000950,코세정기,STD_000943,3,건강/의료용품 > 호흡/수면건강용품 > 코세정기
STD_000953,건강식품,ROOT,1,건강식품
STD_000952,건강즙,STD_000953,2,건강식품 > 건강즙
STD_000951,기타건강즙,STD_000952,3,건강식품 > 건강즙 > 기타건강즙
STD_000954,마늘즙,STD_000952,3,건강식품 > 건강즙 > 마늘즙
STD_000955,매실즙,STD_000952,3,건강식품 > 건강즙 > 매실즙
STD_000956,배즙,STD_000952,3,건강식품 > 건강즙 > 배즙
STD_000957,복분자즙,STD_000952,3,건강식품 > 건강즙 > 복분자즙
STD_000958,블루베리즙,STD_000952,3,건강식품 > 건강즙 > 블루베리즙
STD_000959,사과즙,STD_000952,3,건강식품 > 건강즙 > 사과즙
STD_000960,석류즙,STD_000952,3,건강식품 > 건강즙 > 석류즙
STD_000961,아로니아즙,STD_000952,3,건강식품 > 건강즙 > 아로니아즙
STD_000962,양배추즙,STD_000952,3,건강식품 > 건강즙 > 양배추즙
STD_000963,양파즙,STD_000952,3,건강식품 > 건강즙 > 양파즙
STD_000964,포도즙,STD_000952,3,건강식품 > 건강즙 > 포도즙
STD_000965,헛개나무즙,STD_000952,3,건강식품 > 건강즙 > 헛개나무즙
STD_000966,호박즙,STD_000952,3,건강식품 > 건강즙 > 호박즙
STD_000968,건강환/건강분말,STD_000953,2,건강식품 > 건강환/건강분말
STD_000967,건강분말,STD_000968,3,건강식품 > 건강환/건강분말 > 건강분말
STD_000969,건강환/정,STD_000968,3,건강식품 > 건강환/건강분말 > 건강환/정
STD_000971,꿀,STD_000953,2,건강식품 > 꿀
STD_000970,꿀,STD_000971,3,건강식품 > 꿀 > 꿀
STD_000972,벌화분,STD_000971,3,건강식품 > 꿀 > 벌화분
STD_000974,다이어트식품,STD_000953,2,건강식품 > 다이어트식품
STD_000973,CLA,STD_000974,3,건강식품 > 다이어트식품 > CLA
STD_000975,가르시니아,STD_000974,3,건강식품 > 다이어트식품 > 가르시니아
STD_000976,곤약식품,STD_000974,3,건강식품 > 다이어트식품 > 곤약식품
STD_000977,기타 다이어트식품,STD_000974,3,건강식품 > 다이어트식품 > 기타 다이어트식품
STD_000978,기타헬스/다이어트식품,STD_000974,3,건강식품 > 다이어트식품 > 기타헬스/다이어트식품
STD_000979,다이어트 차,STD_000974,3,건강식품 > 다이어트식품 > 다이어트 차
STD_000980,다이어트바,STD_000974,3,건강식품 > 다이어트식품 > 다이어트바
STD_000981,다이어트쉐이크,STD_000974,3,건강식품 > 다이어트식품 > 다이어트쉐이크
STD_000982,다이어트차/음료,STD_000974,3,건강식품 > 다이어트식품 > 다이어트차/음료
STD_000983,뷰티푸드,STD_000974,3,건강식품 > 다이어트식품 > 뷰티푸드
STD_000984,식이섬유,STD_000974,3,건강식품 > 다이어트식품 > 식이섬유
STD_000985,체중조절 보조식품,STD_000974,3,건강식품 > 다이어트식품 > 체중조절 보조식품
STD_000986,콜라겐,STD_000974,3,건강식품 > 다이어트식품 > 콜라겐
STD_000987,히알루론산,STD_000974,3,건강식품 > 다이어트식품 > 히알루론산
STD_000989,반려동물 건강,STD_000953,2,건강식품 > 반려동물 건강
STD_000988,반려동물 비타민/미네랄,STD_000989,3,건강식품 > 반려동물 건강 > 반려동물 비타민/미네랄
STD_000990,반려동물 오메가/오일,STD_000989,3,건강식품 > 반려동물 건강 > 반려동물 오메가/오일
STD_000991,반려동물 유산균,STD_000989,3,건강식품 > 반려동물 건강 > 반려동물 유산균
STD_000992,반려동물 허브제,STD_000989,3,건강식품 > 반려동물 건강 > 반려동물 허브제
STD_000994,비타민/미네랄,STD_000953,2,건강식품 > 비타민/미네랄
STD_000993,남성용 종합비타민,STD_000994,3,건강식품 > 비타민/미네랄 > 남성용 종합비타민
STD_000995,마그네슘,STD_000994,3,건강식품 > 비타민/미네랄 > 마그네슘
STD_000996,비오틴,STD_000994,3,건강식품 > 비타민/미네랄 > 비오틴
STD_000997,비타민 A,STD_000994,3,건강식품 > 비타민/미네랄 > 비타민 A
STD_000998,비타민 B,STD_000994,3,건강식품 > 비타민/미네랄 > 비타민 B
STD_000999,비타민 C,STD_000994,3,건강식품 > 비타민/미네랄 > 비타민 C
STD_001000,비타민 D,STD_000994,3,건강식품 > 비타민/미네랄 > 비타민 D
STD_001001,비타민 E,STD_000994,3,건강식품 > 비타민/미네랄 > 비타민 E
STD_001002,비타민 K,STD_000994,3,건강식품 > 비타민/미네랄 > 비타민 K
STD_001003,비타민/미네랄 기타,STD_000994,3,건강식품 > 비타민/미네랄 > 비타민/미네랄 기타
STD_001004,셀레늄,STD_000994,3,건강식품 > 비타민/미네랄 > 셀레늄
STD_001005,시니어용 종합비타민,STD_000994,3,건강식품 > 비타민/미네랄 > 시니어용 종합비타민
STD_001006,아연,STD_000994,3,건강식품 > 비타민/미네랄 > 아연
STD_001007,여성용 종합비타민,STD_000994,3,건강식품 > 비타민/미네랄 > 여성용 종합비타민
STD_001008,엽산,STD_000994,3,건강식품 > 비타민/미네랄 > 엽산
STD_001009,요오드/아이오딘,STD_000994,3,건강식품 > 비타민/미네랄 > 요오드/아이오딘
STD_001010,임산부용 종합비타민,STD_000994,3,건강식품 > 비타민/미네랄 > 임산부용 종합비타민
STD_001011,철분,STD_000994,3,건강식품 > 비타민/미네랄 > 철분
STD_001012,칼슘,STD_000994,3,건강식품 > 비타민/미네랄 > 칼슘
STD_001013,크롬,STD_000994,3,건강식품 > 비타민/미네랄 > 크롬
STD_001015,어린이용 영양제,STD_000953,2,건강식품 > 어린이용 영양제
STD_001014,어린이용 DHA/오메가,STD_001015,3,건강식품 > 어린이용 영양제 > 어린이용 DHA/오메가
STD_001016,어린이용 기타,STD_001015,3,건강식품 > 어린이용 영양제 > 어린이용 기타
STD_001017,어린이용 비타민 C,STD_001015,3,건강식품 > 어린이용 영양제 > 어린이용 비타민 C
STD_001018,어린이용 비타민 D,STD_001015,3,건강식품 > 어린이용 영양제 > 어린이용 비타민 D
STD_001019,어린이용 아연,STD_001015,3,건강식품 > 어린이용 영양제 > 어린이용 아연
STD_001020,어린이용 유산균,STD_001015,3,건강식품 > 어린이용 영양제 > 어린이용 유산균
STD_001021,어린이용 종합비타민,STD_001015,3,건강식품 > 어린이용 영양제 > 어린이용 종합비타민
STD_001022,어린이용 철분,STD_001015,3,건강식품 > 어린이용 영양제 > 어린이용 철분
STD_001023,어린이용 칼슘,STD_001015,3,건강식품 > 어린이용 영양제 > 어린이용 칼슘
STD_001025,영양제,STD_000953,2,건강식품 > 영양제
STD_001024,L-글루타치온,STD_001025,3,건강식품 > 영양제 > L-글루타치온
STD_001026,MSM/식이유황,STD_001025,3,건강식품 > 영양제 > MSM/식이유황
STD_001027,SAM-e,STD_001025,3,건강식품 > 영양제 > SAM-e
STD_001028,감마리놀렌산,STD_001025,3,건강식품 > 영양제 > 감마리놀렌산
STD_001029,글루코사민,STD_001025,3,건강식품 > 영양제 > 글루코사민
STD_001030,기타 영양제,STD_001025,3,건강식품 > 영양제 > 기타 영양제
STD_001031,기타영양제,STD_001025,3,건강식품 > 영양제 > 기타영양제
STD_001032,레스베라톨,STD_001025,3,건강식품 > 영양제 > 레스베라톨
STD_001033,레시틴,STD_001025,3,건강식품 > 영양제 > 레시틴
STD_001034,로열제리,STD_001025,3,건강식품 > 영양제 > 로열제리
STD_001035,루테인,STD_001025,3,건강식품 > 영양제 > 루테인
STD_001036,루테인/제아잔틴,STD_001025,3,건강식품 > 영양제 > 루테인/제아잔틴
STD_001037,리프리놀,STD_001025,3,건강식품 > 영양제 > 리프리놀
STD_001038,마그네슘,STD_001025,3,건강식품 > 영양제 > 마그네슘
STD_001039,밀크씨슬,STD_001025,3,건강식품 > 영양제 > 밀크씨슬
STD_001040,비타민,STD_001025,3,건강식품 > 영양제 > 비타민
STD_001041,스쿠알렌,STD_001025,3,건강식품 > 영양제 > 스쿠알렌
STD_001042,스피루리나,STD_001025,3,건강식품 > 영양제 > 스피루리나
STD_001043,쏘팔메토,STD_001025,3,건강식품 > 영양제 > 쏘팔메토
STD_001044,아스타잔틴,STD_001025,3,건강식품 > 영양제 > 아스타잔틴
STD_001045,아연,STD_001025,3,건강식품 > 영양제 > 아연
STD_001046,알로에,STD_001025,3,건강식품 > 영양제 > 알로에
STD_001047,알파리포산,STD_001025,3,건강식품 > 영양제 > 알파리포산
STD_001048,엽산,STD_001025,3,건강식품 > 영양제 > 엽산
STD_001049,오메가3,STD_001025,3,건강식품 > 영양제 > 오메가3
STD_001050,유비퀴놀,STD_001025,3,건강식품 > 영양제 > 유비퀴놀
STD_001051,유산균,STD_001025,3,건강식품 > 영양제 > 유산균
STD_001052,유산균/프로바이오틱스,STD_001025,3,건강식품 > 영양제 > 유산균/프로바이오틱스
STD_001053,철분,STD_001025,3,건강식품 > 영양제 > 철분
STD_001054,초유,STD_001025,3,건강식품 > 영양제 > 초유
STD_001055,칼슘,STD_001025,3,건강식품 > 영양제 > 칼슘
STD_001056,코엔자임Q10,STD_001025,3,건강식품 > 영양제 > 코엔자임Q10
STD_001057,코큐텐,STD_001025,3,건강식품 > 영양제 > 코큐텐
STD_001058,콜라겐,STD_001025,3,건강식품 > 영양제 > 콜라겐
STD_001059,클로렐라,STD_001025,3,건강식품 > 영양제 > 클로렐라
STD_001060,키토산,STD_001025,3,건강식품 > 영양제 > 키토산
STD_001061,폴리코사놀,STD_001025,3,건강식품 > 영양제 > 폴리코사놀
STD_001062,프로폴리스,STD_001025,3,건강식품 > 영양제 > 프로폴리스
STD_001063,피쉬오일/오메가3/DHA,STD_001025,3,건강식품 > 영양제 > 피쉬오일/오메가3/DHA
STD_001064,환자영양식,STD_001025,3,건강식품 > 영양제 > 환자영양식
STD_001065,히알루론산,STD_001025,3,건강식품 > 영양제 > 히알루론산
STD_001067,한방재료,STD_000953,2,건강식품 > 한방재료
STD_001066,가시오가피,STD_001067,3,건강식품 > 한방재료 > 가시오가피
STD_001068,감초,STD_001067,3,건강식품 > 한방재료 > 감초
STD_001069,계피,STD_001067,3,건강식품 > 한방재료 > 계피
STD_001070,구기자,STD_001067,3,건강식품 > 한방재료 > 구기자
STD_001071,기타한방재료,STD_001067,3,건강식품 > 한방재료 > 기타한방재료
STD_001072,녹용,STD_001067,3,건강식품 > 한방재료 > 녹용
STD_001073,약용버섯,STD_001067,3,건강식품 > 한방재료 > 약용버섯
STD_001074,어성초,STD_001067,3,건강식품 > 한방재료 > 어성초
STD_001075,오미자,STD_001067,3,건강식품 > 한방재료 > 오미자
STD_001076,헛개나무,STD_001067,3,건강식품 > 한방재료 > 헛개나무
STD_001078,허브/자연추출물,STD_000953,2,건강식품 > 허브/자연추출물
STD_001077,가르시니아 캄보지아,STD_001078,3,건강식품 > 허브/자연추출물 > 가르시니아 캄보지아
STD_001079,강황/커큐민,STD_001078,3,건강식품 > 허브/자연추출물 > 강황/커큐민
STD_001080,기타 자연추출물,STD_001078,3,건강식품 > 허브/자연추출물 > 기타 자연추출물
STD_001081,나토키나제,STD_001078,3,건강식품 > 허브/자연추출물 > 나토키나제
STD_001082,녹차추출물/카테킨,STD_001078,3,건강식품 > 허브/자연추출물 > 녹차추출물/카테킨
STD_001083,달맞이꽃 오일/감마 리놀렌산,STD_001078,3,건강식품 > 허브/자연추출물 > 달맞이꽃 오일/감마 리놀렌산
STD_001084,로열젤리,STD_001078,3,건강식품 > 허브/자연추출물 > 로열젤리
STD_001085,마늘추출물,STD_001078,3,건강식품 > 허브/자연추출물 > 마늘추출물
STD_001086,마카,STD_001078,3,건강식품 > 허브/자연추출물 > 마카
STD_001087,밀크시슬(실리마린),STD_001078,3,건강식품 > 허브/자연추출물 > 밀크시슬(실리마린)
STD_001088,보스웰리아,STD_001078,3,건강식품 > 허브/자연추출물 > 보스웰리아
STD_001089,삼부커스,STD_001078,3,건강식품 > 허브/자연추출물 > 삼부커스
STD_001090,석류,STD_001078,3,건강식품 > 허브/자연추출물 > 석류
STD_001091,스피루리나,STD_001078,3,건강식품 > 허브/자연추출물 > 스피루리나
STD_001092,쏘팔메토,STD_001078,3,건강식품 > 허브/자연추출물 > 쏘팔메토
STD_001093,아사이베리,STD_001078,3,건강식품 > 허브/자연추출물 > 아사이베리
STD_001094,아슈와간다,STD_001078,3,건강식품 > 허브/자연추출물 > 아슈와간다
STD_001095,알로에베라,STD_001078,3,건강식품 > 허브/자연추출물 > 알로에베라
STD_001096,엘더베리,STD_001078,3,건강식품 > 허브/자연추출물 > 엘더베리
STD_001097,은행/징코빌로바,STD_001078,3,건강식품 > 허브/자연추출물 > 은행/징코빌로바
STD_001098,차전자피/실리엄허스크,STD_001078,3,건강식품 > 허브/자연추출물 > 차전자피/실리엄허스크
STD_001099,초록잎홍합,STD_001078,3,건강식품 > 허브/자연추출물 > 초록잎홍합
STD_001100,초유/콜로스트럼,STD_001078,3,건강식품 > 허브/자연추출물 > 초유/콜로스트럼
STD_001101,크랜베리,STD_001078,3,건강식품 > 허브/자연추출물 > 크랜베리
STD_001102,클로렐라,STD_001078,3,건강식품 > 허브/자연추출물 > 클로렐라
STD_001103,트리뷸러스,STD_001078,3,건강식품 > 허브/자연추출물 > 트리뷸러스
STD_001104,포도씨추출물,STD_001078,3,건강식품 > 허브/자연추출물 > 포도씨추출물
STD_001105,프로폴리스,STD_001078,3,건강식품 > 허브/자연추출물 > 프로폴리스
STD_001106,허브,STD_001078,3,건강식품 > 허브/자연추출물 > 허브
STD_001107,히비스커스,STD_001078,3,건강식품 > 허브/자연추출물 > 히비스커스
STD_001109,헬스보충식품,STD_000953,2,건강식품 > 헬스보충식품
STD_001108,기타 헬스보조제,STD_001109,3,건강식품 > 헬스보충식품 > 기타 헬스보조제
STD_001110,단백질/프로틴,STD_001109,3,건강식품 > 헬스보충식품 > 단백질/프로틴
STD_001111,스포츠바/프로틴바,STD_001109,3,건강식품 > 헬스보충식품 > 스포츠바/프로틴바
STD_001112,아미노산,STD_001109,3,건강식품 > 헬스보충식품 > 아미노산
STD_001113,크레아틴,STD_001109,3,건강식품 > 헬스보충식품 > 크레아틴
STD_001115,홍삼/인삼,STD_000953,2,건강식품 > 홍삼/인삼
STD_001114,건삼,STD_001115,3,건강식품 > 홍삼/인삼 > 건삼
STD_001116,산삼,STD_001115,3,건강식품 > 홍삼/인삼 > 산삼
STD_001117,수삼,STD_001115,3,건강식품 > 홍삼/인삼 > 수삼
STD_001118,홍삼,STD_001115,3,건강식품 > 홍삼/인삼 > 홍삼
STD_001121,건강용품,ROOT,1,건강용품
STD_001120,건강측정용품,STD_001121,2,건강용품 > 건강측정용품
STD_001119,기타건강측정용품,STD_001120,3,건강용품 > 건강측정용품 > 기타건강측정용품
STD_001122,만보계,STD_001120,3,건강용품 > 건강측정용품 > 만보계
STD_001123,산소포화도측정기,STD_001120,3,건강용품 > 건강측정용품 > 산소포화도측정기
STD_001124,체온계,STD_001120,3,건강용품 > 건강측정용품 > 체온계
STD_001125,체중계,STD_001120,3,건강용품 > 건강측정용품 > 체중계
STD_001126,혈압계,STD_001120,3,건강용품 > 건강측정용품 > 혈압계
STD_001128,금연/흡연용품,STD_001121,2,건강용품 > 금연/흡연용품
STD_001127,금연보조제,STD_001128,3,건강용품 > 금연/흡연용품 > 금연보조제
STD_001129,금연초,STD_001128,3,건강용품 > 금연/흡연용품 > 금연초
STD_001130,라이터,STD_001128,3,건강용품 > 금연/흡연용품 > 라이터
STD_001131,재떨이,STD_001128,3,건강용품 > 금연/흡연용품 > 재떨이
STD_001132,전자담배,STD_001128,3,건강용품 > 금연/흡연용품 > 전자담배
STD_001133,전자담배액세서리,STD_001128,3,건강용품 > 금연/흡연용품 > 전자담배액세서리
STD_001134,흡연용품케이스,STD_001128,3,건강용품 > 금연/흡연용품 > 흡연용품케이스
STD_001136,눈건강용품,STD_001121,2,건강용품 > 눈건강용품
STD_001135,렌즈관리용품,STD_001136,3,건강용품 > 눈건강용품 > 렌즈관리용품
STD_001137,렌즈세정액,STD_001136,3,건강용품 > 눈건강용품 > 렌즈세정액
STD_001138,안대,STD_001136,3,건강용품 > 눈건강용품 > 안대
STD_001140,당뇨관리용품,STD_001121,2,건강용품 > 당뇨관리용품
STD_001139,채혈기,STD_001140,3,건강용품 > 당뇨관리용품 > 채혈기
STD_001141,채혈침/바늘,STD_001140,3,건강용품 > 당뇨관리용품 > 채혈침/바늘
STD_001142,혈당측정기,STD_001140,3,건강용품 > 당뇨관리용품 > 혈당측정기
STD_001143,혈당측정지,STD_001140,3,건강용품 > 당뇨관리용품 > 혈당측정지
STD_001145,마스크,STD_001121,2,건강용품 > 마스크
STD_001144,KF마스크,STD_001145,3,건강용품 > 마스크 > KF마스크
STD_001146,덴탈마스크,STD_001145,3,건강용품 > 마스크 > 덴탈마스크
STD_001147,방한마스크,STD_001145,3,건강용품 > 마스크 > 방한마스크
STD_001148,위생마스크,STD_001145,3,건강용품 > 마스크 > 위생마스크
STD_001149,일반마스크,STD_001145,3,건강용품 > 마스크 > 일반마스크
STD_001150,특수마스크,STD_001145,3,건강용품 > 마스크 > 특수마스크
STD_001152,발건강용품,STD_001121,2,건강용품 > 발건강용품
STD_001151,기타발건강용품,STD_001152,3,건강용품 > 발건강용품 > 기타발건강용품
STD_001153,다리/발마사지기,STD_001152,3,건강용품 > 발건강용품 > 다리/발마사지기
STD_001154,발가락교정기,STD_001152,3,건강용품 > 발건강용품 > 발가락교정기
STD_001155,발각질제거기,STD_001152,3,건강용품 > 발건강용품 > 발각질제거기
STD_001156,슬리퍼,STD_001152,3,건강용품 > 발건강용품 > 슬리퍼
STD_001157,지압기,STD_001152,3,건강용품 > 발건강용품 > 지압기
STD_001159,성인용품,STD_001121,2,건강용품 > 성인용품
STD_001158,기타성인용품,STD_001159,3,건강용품 > 성인용품 > 기타성인용품
STD_001160,남성용성인용품,STD_001159,3,건강용품 > 성인용품 > 남성용성인용품
STD_001161,란제리,STD_001159,3,건강용품 > 성인용품 > 란제리
STD_001162,러브젤,STD_001159,3,건강용품 > 성인용품 > 러브젤
STD_001163,여성용성인용품,STD_001159,3,건강용품 > 성인용품 > 여성용성인용품
STD_001165,콘돔,STD_001159,3,건강용품 > 성인용품 > 콘돔
STD_001164,일반콘돔,STD_001165,4,건강용품 > 성인용품 > 콘돔 > 일반콘돔
STD_001166,특수콘돔,STD_001165,4,건강용품 > 성인용품 > 콘돔 > 특수콘돔
STD_001168,실버용품,STD_001121,2,건강용품 > 실버용품
STD_001167,돋보기,STD_001168,3,건강용품 > 실버용품 > 돋보기
STD_001169,목욕보조용품,STD_001168,3,건강용품 > 실버용품 > 목욕보조용품
STD_001170,배변보조용품,STD_001168,3,건강용품 > 실버용품 > 배변보조용품
STD_001171,보청기,STD_001168,3,건강용품 > 실버용품 > 보청기
STD_001172,보행보조용품,STD_001168,3,건강용품 > 실버용품 > 보행보조용품
STD_001173,욕창방지용품,STD_001168,3,건강용품 > 실버용품 > 욕창방지용품
STD_001174,장례용품,STD_001168,3,건강용품 > 실버용품 > 장례용품
STD_001175,휠체어,STD_001168,3,건강용품 > 실버용품 > 휠체어
STD_001177,안마용품,STD_001121,2,건강용품 > 안마용품
STD_001176,기타안마용품,STD_001177,3,건강용품 > 안마용품 > 기타안마용품
STD_001178,안마기,STD_001177,3,건강용품 > 안마용품 > 안마기
STD_001179,안마매트,STD_001177,3,건강용품 > 안마용품 > 안마매트
STD_001180,안마의자,STD_001177,3,건강용품 > 안마용품 > 안마의자
STD_001182,의료용품,STD_001121,2,건강용품 > 의료용품
STD_001181,거즈/붕대/의료솜,STD_001182,3,건강용품 > 의료용품 > 거즈/붕대/의료솜
STD_001183,구급함/약통,STD_001182,3,건강용품 > 의료용품 > 구급함/약통
STD_001184,기타의료용품,STD_001182,3,건강용품 > 의료용품 > 기타의료용품
STD_001185,네블라이저/석션기,STD_001182,3,건강용품 > 의료용품 > 네블라이저/석션기
STD_001186,뜸/뜸기구,STD_001182,3,건강용품 > 의료용품 > 뜸/뜸기구
STD_001187,반창고/밴드,STD_001182,3,건강용품 > 의료용품 > 반창고/밴드
STD_001188,부항기,STD_001182,3,건강용품 > 의료용품 > 부항기
STD_001189,상처소독제/연고,STD_001182,3,건강용품 > 의료용품 > 상처소독제/연고
STD_001190,청진기,STD_001182,3,건강용품 > 의료용품 > 청진기
STD_001191,파라핀용품,STD_001182,3,건강용품 > 의료용품 > 파라핀용품
STD_001192,파스,STD_001182,3,건강용품 > 의료용품 > 파스
STD_001193,핀셋/포셉/겸자류,STD_001182,3,건강용품 > 의료용품 > 핀셋/포셉/겸자류
STD_001195,재활운동용품,STD_001121,2,건강용품 > 재활운동용품
STD_001194,건강보호대,STD_001195,3,건강용품 > 재활운동용품 > 건강보호대
STD_001196,근육테이프,STD_001195,3,건강용품 > 재활운동용품 > 근육테이프
STD_001197,의료용압박스타킹,STD_001195,3,건강용품 > 재활운동용품 > 의료용압박스타킹
STD_001198,체형교정용품,STD_001195,3,건강용품 > 재활운동용품 > 체형교정용품
STD_001200,찜질용품,STD_001121,2,건강용품 > 찜질용품
STD_001199,기타찜질용품,STD_001200,3,건강용품 > 찜질용품 > 기타찜질용품
STD_001201,반신욕기,STD_001200,3,건강용품 > 찜질용품 > 반신욕기
STD_001202,족욕기,STD_001200,3,건강용품 > 찜질용품 > 족욕기
STD_001203,좌욕기,STD_001200,3,건강용품 > 찜질용품 > 좌욕기
STD_001204,좌훈기,STD_001200,3,건강용품 > 찜질용품 > 좌훈기
STD_001205,찜질기,STD_001200,3,건강용품 > 찜질용품 > 찜질기
STD_001206,찜질팩,STD_001200,3,건강용품 > 찜질용품 > 찜질팩
STD_001208,호흡/수면건강용품,STD_001121,2,건강용품 > 호흡/수면건강용품
STD_001207,기타호흡/수면건강용품,STD_001208,3,건강용품 > 호흡/수면건강용품 > 기타호흡/수면건강용품
STD_001209,소음방지귀마개,STD_001208,3,건강용품 > 호흡/수면건강용품 > 소음방지귀마개
STD_001210,코골이방지용품,STD_001208,3,건강용품 > 호흡/수면건강용품 > 코골이방지용품
STD_001211,코세척기,STD_001208,3,건강용품 > 호흡/수면건강용품 > 코세척기
STD_001214,게임,ROOT,1,게임
STD_001213,게임기,STD_001214,2,게임 > 게임기
STD_001212,가정용게임기,STD_001213,3,게임 > 게임기 > 가정용게임기
STD_001215,기타게임기,STD_001213,3,게임 > 게임기 > 기타게임기
STD_001216,레트로/기타게임기,STD_001213,3,게임 > 게임기 > 레트로/기타게임기
STD_001217,휴대용게임기,STD_001213,3,게임 > 게임기 > 휴대용게임기
STD_001219,게임용품,STD_001214,2,게임 > 게임용품
STD_001218,게임기액정보호필름,STD_001219,3,게임 > 게임용품 > 게임기액정보호필름
STD_001220,게임기충전기/케이블,STD_001219,3,게임 > 게임용품 > 게임기충전기/케이블
STD_001221,게임기케이스,STD_001219,3,게임 > 게임용품 > 게임기케이스
STD_001222,게임컨트롤러,STD_001219,3,게임 > 게임용품 > 게임컨트롤러
STD_001223,기타게임용품,STD_001219,3,게임 > 게임용품 > 기타게임용품
STD_001225,게임타이틀,STD_001214,2,게임 > 게임타이틀
STD_001224,PC게임,STD_001225,3,게임 > 게임타이틀 > PC게임
STD_001226,게임기타이틀,STD_001225,3,게임 > 게임타이틀 > 게임기타이틀
STD_001227,게임다운로드코드,STD_001225,3,게임 > 게임타이틀 > 게임다운로드코드
STD_001228,게임칩/디스크,STD_001225,3,게임 > 게임타이틀 > 게임칩/디스크
STD_001231,게임기,ROOT,1,게임기
STD_001230,PC용게임,STD_001231,2,게임기 > PC용게임
STD_001229,PC게임타이틀,STD_001230,3,게임기 > PC용게임 > PC게임타이틀
STD_001232,PC성인용게임타이틀,STD_001230,3,게임기 > PC용게임 > PC성인용게임타이틀
STD_001234,게임주변기기,STD_001231,2,게임기 > 게임주변기기
STD_001233,게임공략집,STD_001234,3,게임기 > 게임주변기기 > 게임공략집
STD_001235,게임액세서리,STD_001234,3,게임기 > 게임주변기기 > 게임액세서리
STD_001236,디지털코드,STD_001234,3,게임기 > 게임주변기기 > 디지털코드
STD_001237,레이싱휠,STD_001234,3,게임기 > 게임주변기기 > 레이싱휠
STD_001238,조이스틱,STD_001234,3,게임기 > 게임주변기기 > 조이스틱
STD_001239,조이패드,STD_001234,3,게임기 > 게임주변기기 > 조이패드
STD_001241,콘솔게임,STD_001231,2,게임기 > 콘솔게임
STD_001240,콘솔게임기,STD_001241,3,게임기 > 콘솔게임 > 콘솔게임기
STD_001242,콘솔게임타이틀,STD_001241,3,게임기 > 콘솔게임 > 콘솔게임타이틀
STD_001243,콘솔성인용게임타이틀,STD_001241,3,게임기 > 콘솔게임 > 콘솔성인용게임타이틀
STD_001245,휴대용게임,STD_001231,2,게임기 > 휴대용게임
STD_001244,휴대용게임기,STD_001245,3,게임기 > 휴대용게임 > 휴대용게임기
STD_001246,휴대용게임용품,STD_001245,3,게임기 > 휴대용게임 > 휴대용게임용품
STD_001247,휴대용게임타이틀,STD_001245,3,게임기 > 휴대용게임 > 휴대용게임타이틀
STD_001250,계절가전,ROOT,1,계절가전
STD_001249,공기정화기기,STD_001250,2,계절가전 > 공기정화기기
STD_001248,공기정화기기용품,STD_001249,3,계절가전 > 공기정화기기 > 공기정화기기용품
STD_001251,공기청정기,STD_001249,3,계절가전 > 공기정화기기 > 공기청정기
STD_001252,공기측정기,STD_001249,3,계절가전 > 공기정화기기 > 공기측정기
STD_001253,먼지 측정기,STD_001249,3,계절가전 > 공기정화기기 > 먼지 측정기
STD_001255,공기청정기,STD_001250,2,계절가전 > 공기청정기
STD_001254,공기청정기,STD_001255,3,계절가전 > 공기청정기 > 공기청정기
STD_001256,공기청정기필터,STD_001255,3,계절가전 > 공기청정기 > 공기청정기필터
STD_001257,공기측정기,STD_001255,3,계절가전 > 공기청정기 > 공기측정기
STD_001259,난방기기,STD_001250,2,계절가전 > 난방기기
STD_001258,난로,STD_001259,3,계절가전 > 난방기기 > 난로
STD_001260,난방기기용품,STD_001259,3,계절가전 > 난방기기 > 난방기기용품
STD_001261,돈풍기,STD_001259,3,계절가전 > 난방기기 > 돈풍기
STD_001262,돈풍기/석유난로,STD_001259,3,계절가전 > 난방기기 > 돈풍기/석유난로
STD_001263,라디에이터,STD_001259,3,계절가전 > 난방기기 > 라디에이터
STD_001264,발난로,STD_001259,3,계절가전 > 난방기기 > 발난로
STD_001265,보일러,STD_001259,3,계절가전 > 난방기기 > 보일러
STD_001266,손난로,STD_001259,3,계절가전 > 난방기기 > 손난로
STD_001267,온수기,STD_001259,3,계절가전 > 난방기기 > 온수기
STD_001268,온풍기,STD_001259,3,계절가전 > 난방기기 > 온풍기
STD_001269,전기히터,STD_001259,3,계절가전 > 난방기기 > 전기히터
STD_001271,난방매트,STD_001250,2,계절가전 > 난방매트
STD_001270,난방매트용품,STD_001271,3,계절가전 > 난방매트 > 난방매트용품
STD_001272,온수매트,STD_001271,3,계절가전 > 난방매트 > 온수매트
STD_001273,전기매트,STD_001271,3,계절가전 > 난방매트 > 전기매트
STD_001274,전기방석,STD_001271,3,계절가전 > 난방매트 > 전기방석
STD_001275,전기요/전기장판,STD_001271,3,계절가전 > 난방매트 > 전기요/전기장판
STD_001277,냉방기기,STD_001250,2,계절가전 > 냉방기기
STD_001276,냉방기기용품,STD_001277,3,계절가전 > 냉방기기 > 냉방기기용품
STD_001278,냉풍기,STD_001277,3,계절가전 > 냉방기기 > 냉풍기
STD_001279,냉풍매트,STD_001277,3,계절가전 > 냉방기기 > 냉풍매트
STD_001280,선풍기,STD_001277,3,계절가전 > 냉방기기 > 선풍기
STD_001281,써큘레이터,STD_001277,3,계절가전 > 냉방기기 > 써큘레이터
STD_001282,에어커튼,STD_001277,3,계절가전 > 냉방기기 > 에어커튼
STD_001283,타워팬,STD_001277,3,계절가전 > 냉방기기 > 타워팬
STD_001285,모기/해충퇴치기,STD_001250,2,계절가전 > 모기/해충퇴치기
STD_001284,모기/해충퇴치기,STD_001285,3,계절가전 > 모기/해충퇴치기 > 모기/해충퇴치기
STD_001286,연막소독기,STD_001285,3,계절가전 > 모기/해충퇴치기 > 연막소독기
STD_001287,해충퇴치기기용품,STD_001285,3,계절가전 > 모기/해충퇴치기 > 해충퇴치기기용품
STD_001289,습도조절기기,STD_001250,2,계절가전 > 습도조절기기
STD_001288,가습기,STD_001289,3,계절가전 > 습도조절기기 > 가습기
STD_001290,기화식 가습기,STD_001289,3,계절가전 > 습도조절기기 > 기화식 가습기
STD_001291,습도조절기기용품,STD_001289,3,계절가전 > 습도조절기기 > 습도조절기기용품
STD_001292,에어워셔,STD_001289,3,계절가전 > 습도조절기기 > 에어워셔
STD_001293,제습기,STD_001289,3,계절가전 > 습도조절기기 > 제습기
STD_001294,제습기악세사리,STD_001289,3,계절가전 > 습도조절기기 > 제습기악세사리
STD_001296,에어컨,STD_001250,2,계절가전 > 에어컨
STD_001295,멀티에어컨,STD_001296,3,계절가전 > 에어컨 > 멀티에어컨
STD_001297,벽걸이에어컨,STD_001296,3,계절가전 > 에어컨 > 벽걸이에어컨
STD_001298,스탠드에어컨,STD_001296,3,계절가전 > 에어컨 > 스탠드에어컨
STD_001299,시스템에어컨,STD_001296,3,계절가전 > 에어컨 > 시스템에어컨
STD_001300,업소용냉난방기,STD_001296,3,계절가전 > 에어컨 > 업소용냉난방기
STD_001301,이동식에어컨,STD_001296,3,계절가전 > 에어컨 > 이동식에어컨
STD_001302,창문형에어컨,STD_001296,3,계절가전 > 에어컨 > 창문형에어컨
STD_001303,천장형에어컨,STD_001296,3,계절가전 > 에어컨 > 천장형에어컨
STD_001305,에어컨용품,STD_001250,2,계절가전 > 에어컨용품
STD_001304,기타에어컨용품,STD_001305,3,계절가전 > 에어컨용품 > 기타에어컨용품
STD_001306,에어컨리모컨,STD_001305,3,계절가전 > 에어컨용품 > 에어컨리모컨
STD_001307,에어컨필터,STD_001305,3,계절가전 > 에어컨용품 > 에어컨필터
STD_001309,해충퇴치기,STD_001250,2,계절가전 > 해충퇴치기
STD_001308,모기/해충퇴치기,STD_001309,3,계절가전 > 해충퇴치기 > 모기/해충퇴치기
STD_001310,해충퇴치기기용품,STD_001309,3,계절가전 > 해충퇴치기 > 해충퇴치기기용품
STD_001313,골프,ROOT,1,골프
STD_001312,골프공,STD_001313,2,골프 > 골프공
STD_001311,골프공,STD_001312,3,골프 > 골프공 > 골프공
STD_001314,로스트볼,STD_001312,3,골프 > 골프공 > 로스트볼
STD_001316,골프백,STD_001313,2,골프 > 골프백
STD_001315,골프백세트,STD_001316,3,골프 > 골프백 > 골프백세트
STD_001317,골프백용품,STD_001316,3,골프 > 골프백 > 골프백용품
STD_001318,골프보스턴백,STD_001316,3,골프 > 골프백 > 골프보스턴백
STD_001319,골프볼파우치,STD_001316,3,골프 > 골프백 > 골프볼파우치
STD_001320,골프화주머니,STD_001316,3,골프 > 골프백 > 골프화주머니
STD_001321,기타골프백,STD_001316,3,골프 > 골프백 > 기타골프백
STD_001322,캐디백,STD_001316,3,골프 > 골프백 > 캐디백
STD_001323,하프백,STD_001316,3,골프 > 골프백 > 하프백
STD_001324,항공커버,STD_001316,3,골프 > 골프백 > 항공커버
STD_001326,골프연습용품,STD_001313,2,골프 > 골프연습용품
STD_001325,기타골프연습용품,STD_001326,3,골프 > 골프연습용품 > 기타골프연습용품
STD_001327,스윙네트/매트,STD_001326,3,골프 > 골프연습용품 > 스윙네트/매트
STD_001328,스윙연습기,STD_001326,3,골프 > 골프연습용품 > 스윙연습기
STD_001329,스윙자세교정기,STD_001326,3,골프 > 골프연습용품 > 스윙자세교정기
STD_001330,실외연습용품,STD_001326,3,골프 > 골프연습용품 > 실외연습용품
STD_001331,퍼팅매트,STD_001326,3,골프 > 골프연습용품 > 퍼팅매트
STD_001332,퍼팅인조잔디,STD_001326,3,골프 > 골프연습용품 > 퍼팅인조잔디
STD_001334,골프잡화,STD_001313,2,골프 > 골프잡화
STD_001333,골프모자,STD_001334,3,골프 > 골프잡화 > 골프모자
STD_001335,골프벨트,STD_001334,3,골프 > 골프잡화 > 골프벨트
STD_001336,골프양말,STD_001334,3,골프 > 골프잡화 > 골프양말
STD_001337,골프장갑,STD_001334,3,골프 > 골프잡화 > 골프장갑
STD_001338,골프화스파이크,STD_001334,3,골프 > 골프잡화 > 골프화스파이크
STD_001340,골프클럽,STD_001313,2,골프 > 골프클럽
STD_001339,골프클럽세트,STD_001340,3,골프 > 골프클럽 > 골프클럽세트
STD_001341,드라이버,STD_001340,3,골프 > 골프클럽 > 드라이버
STD_001342,아이언,STD_001340,3,골프 > 골프클럽 > 아이언
STD_001343,웨지,STD_001340,3,골프 > 골프클럽 > 웨지
STD_001344,유틸리티우드,STD_001340,3,골프 > 골프클럽 > 유틸리티우드
STD_001345,퍼터,STD_001340,3,골프 > 골프클럽 > 퍼터
STD_001346,페어웨이우드,STD_001340,3,골프 > 골프클럽 > 페어웨이우드
STD_001348,골프피팅,STD_001313,2,골프 > 골프피팅
STD_001347,그립피팅,STD_001348,3,골프 > 골프피팅 > 그립피팅
STD_001349,기타골프피팅,STD_001348,3,골프 > 골프피팅 > 기타골프피팅
STD_001350,샤프트피팅,STD_001348,3,골프 > 골프피팅 > 샤프트피팅
STD_001351,헤드피팅,STD_001348,3,골프 > 골프피팅 > 헤드피팅
STD_001353,골프화,STD_001313,2,골프 > 골프화
STD_001352,남성골프화,STD_001353,3,골프 > 골프화 > 남성골프화
STD_001354,여성골프화,STD_001353,3,골프 > 골프화 > 여성골프화
STD_001356,남성골프의류,STD_001313,2,골프 > 남성골프의류
STD_001355,골프니트,STD_001356,3,골프 > 남성골프의류 > 골프니트
STD_001357,골프바지,STD_001356,3,골프 > 남성골프의류 > 골프바지
STD_001358,골프재킷,STD_001356,3,골프 > 남성골프의류 > 골프재킷
STD_001359,골프점퍼,STD_001356,3,골프 > 남성골프의류 > 골프점퍼
STD_001360,골프조끼,STD_001356,3,골프 > 남성골프의류 > 골프조끼
STD_001361,골프티셔츠,STD_001356,3,골프 > 남성골프의류 > 골프티셔츠
STD_001362,기타남성골프의류,STD_001356,3,골프 > 남성골프의류 > 기타남성골프의류
STD_001364,여성골프의류,STD_001313,2,골프 > 여성골프의류
STD_001363,골프니트,STD_001364,3,골프 > 여성골프의류 > 골프니트
STD_001365,골프바지,STD_001364,3,골프 > 여성골프의류 > 골프바지
STD_001366,골프스커트,STD_001364,3,골프 > 여성골프의류 > 골프스커트
STD_001367,골프원피스,STD_001364,3,골프 > 여성골프의류 > 골프원피스
STD_001368,골프재킷,STD_001364,3,골프 > 여성골프의류 > 골프재킷
STD_001369,골프점퍼,STD_001364,3,골프 > 여성골프의류 > 골프점퍼
STD_001370,골프조끼,STD_001364,3,골프 > 여성골프의류 > 골프조끼
STD_001371,골프티셔츠,STD_001364,3,골프 > 여성골프의류 > 골프티셔츠
STD_001372,기타여성골프의류,STD_001364,3,골프 > 여성골프의류 > 기타여성골프의류
STD_001374,필드용품,STD_001313,2,골프 > 필드용품
STD_001373,거리측정기,STD_001374,3,골프 > 필드용품 > 거리측정기
STD_001375,골프우산,STD_001374,3,골프 > 필드용품 > 골프우산
STD_001376,골프채그립,STD_001374,3,골프 > 필드용품 > 골프채그립
STD_001377,골프티,STD_001374,3,골프 > 필드용품 > 골프티
STD_001378,기타필드용품,STD_001374,3,골프 > 필드용품 > 기타필드용품
STD_001379,볼라이너,STD_001374,3,골프 > 필드용품 > 볼라이너
STD_001380,볼마커,STD_001374,3,골프 > 필드용품 > 볼마커
STD_001381,클럽커버,STD_001374,3,골프 > 필드용품 > 클럽커버
STD_001384,골프용품,ROOT,1,골프용품
STD_001383,골프공,STD_001384,2,골프용품 > 골프공
STD_001382,골프공,STD_001383,3,골프용품 > 골프공 > 골프공
STD_001385,로스트볼,STD_001383,3,골프용품 > 골프공 > 로스트볼
STD_001387,골프백,STD_001384,2,골프용품 > 골프백
STD_001386,골프백세트,STD_001387,3,골프용품 > 골프백 > 골프백세트
STD_001388,보스턴백,STD_001387,3,골프용품 > 골프백 > 보스턴백
STD_001389,스탠드백,STD_001387,3,골프용품 > 골프백 > 스탠드백
STD_001390,캐디백,STD_001387,3,골프용품 > 골프백 > 캐디백
STD_001391,파우치백,STD_001387,3,골프용품 > 골프백 > 파우치백
STD_001392,하프백,STD_001387,3,골프용품 > 골프백 > 하프백
STD_001393,항공커버,STD_001387,3,골프용품 > 골프백 > 항공커버
STD_001395,골프연습용품,STD_001384,2,골프용품 > 골프연습용품
STD_001394,교육자료용품,STD_001395,3,골프용품 > 골프연습용품 > 교육자료용품
STD_001396,스윙네트/매트,STD_001395,3,골프용품 > 골프연습용품 > 스윙네트/매트
STD_001397,스윙연습기,STD_001395,3,골프용품 > 골프연습용품 > 스윙연습기
STD_001398,실외연습용품,STD_001395,3,골프용품 > 골프연습용품 > 실외연습용품
STD_001399,자세교정용품,STD_001395,3,골프용품 > 골프연습용품 > 자세교정용품
STD_001400,퍼팅매트,STD_001395,3,골프용품 > 골프연습용품 > 퍼팅매트
STD_001402,골프잡화,STD_001384,2,골프용품 > 골프잡화
STD_001401,골프모자,STD_001402,3,골프용품 > 골프잡화 > 골프모자
STD_001403,골프방한용품,STD_001402,3,골프용품 > 골프잡화 > 골프방한용품
STD_001404,골프벨트,STD_001402,3,골프용품 > 골프잡화 > 골프벨트
STD_001405,골프선글라스,STD_001402,3,골프용품 > 골프잡화 > 골프선글라스
STD_001406,골프양말,STD_001402,3,골프용품 > 골프잡화 > 골프양말
STD_001407,골프장갑,STD_001402,3,골프용품 > 골프잡화 > 골프장갑
STD_001408,골프화가방,STD_001402,3,골프용품 > 골프잡화 > 골프화가방
STD_001409,기타골프용품,STD_001402,3,골프용품 > 골프잡화 > 기타골프용품
STD_001410,스파이크,STD_001402,3,골프용품 > 골프잡화 > 스파이크
STD_001411,팔토시/밴드,STD_001402,3,골프용품 > 골프잡화 > 팔토시/밴드
STD_001413,골프클럽,STD_001384,2,골프용품 > 골프클럽
STD_001412,골프풀세트,STD_001413,3,골프용품 > 골프클럽 > 골프풀세트
STD_001414,드라이버,STD_001413,3,골프용품 > 골프클럽 > 드라이버
STD_001415,아이언,STD_001413,3,골프용품 > 골프클럽 > 아이언
STD_001416,연습용클럽,STD_001413,3,골프용품 > 골프클럽 > 연습용클럽
STD_001417,웨지,STD_001413,3,골프용품 > 골프클럽 > 웨지
STD_001418,유틸리티/하이브리드우드,STD_001413,3,골프용품 > 골프클럽 > 유틸리티/하이브리드우드
STD_001419,주니어용클럽,STD_001413,3,골프용품 > 골프클럽 > 주니어용클럽
STD_001420,중고골프클럽,STD_001413,3,골프용품 > 골프클럽 > 중고골프클럽
STD_001421,치퍼,STD_001413,3,골프용품 > 골프클럽 > 치퍼
STD_001422,퍼터,STD_001413,3,골프용품 > 골프클럽 > 퍼터
STD_001423,페어웨이우드,STD_001413,3,골프용품 > 골프클럽 > 페어웨이우드
STD_001425,골프화,STD_001384,2,골프용품 > 골프화
STD_001424,남성골프화,STD_001425,3,골프용품 > 골프화 > 남성골프화
STD_001426,여성골프화,STD_001425,3,골프용품 > 골프화 > 여성골프화
STD_001427,주니어골프화,STD_001425,3,골프용품 > 골프화 > 주니어골프화
STD_001429,기타,STD_001384,2,골프용품 > 기타
STD_001428,기타,STD_001429,3,골프용품 > 기타 > 기타
STD_001431,피팅용품,STD_001384,2,골프용품 > 피팅용품
STD_001430,그립,STD_001431,3,골프용품 > 피팅용품 > 그립
STD_001432,기타피팅용품,STD_001431,3,골프용품 > 피팅용품 > 기타피팅용품
STD_001433,샤프트,STD_001431,3,골프용품 > 피팅용품 > 샤프트
STD_001434,헤드,STD_001431,3,골프용품 > 피팅용품 > 헤드
STD_001436,필드용품,STD_001384,2,골프용품 > 필드용품
STD_001435,거리측정기,STD_001436,3,골프용품 > 필드용품 > 거리측정기
STD_001437,골프우산,STD_001436,3,골프용품 > 필드용품 > 골프우산
STD_001438,골프티,STD_001436,3,골프용품 > 필드용품 > 골프티
STD_001439,그린보수기,STD_001436,3,골프용품 > 필드용품 > 그린보수기
STD_001440,기타필드용품,STD_001436,3,골프용품 > 필드용품 > 기타필드용품
STD_001441,네임택,STD_001436,3,골프용품 > 필드용품 > 네임택
STD_001442,볼라이너,STD_001436,3,골프용품 > 필드용품 > 볼라이너
STD_001443,볼마커,STD_001436,3,골프용품 > 필드용품 > 볼마커
STD_001444,볼주머니,STD_001436,3,골프용품 > 필드용품 > 볼주머니
STD_001445,클럽커버,STD_001436,3,골프용품 > 필드용품 > 클럽커버
STD_001448,골프의류,ROOT,1,골프의류
STD_001447,남성골프의류,STD_001448,2,골프의류 > 남성골프의류
STD_001446,가디건,STD_001447,3,골프의류 > 남성골프의류 > 가디건
STD_001449,긴바지,STD_001447,3,골프의류 > 남성골프의류 > 긴바지
STD_001450,니트,STD_001447,3,골프의류 > 남성골프의류 > 니트
STD_001451,반바지,STD_001447,3,골프의류 > 남성골프의류 > 반바지
STD_001452,베스트,STD_001447,3,골프의류 > 남성골프의류 > 베스트
STD_001453,언더레이어,STD_001447,3,골프의류 > 남성골프의류 > 언더레이어
STD_001454,재킷,STD_001447,3,골프의류 > 남성골프의류 > 재킷
STD_001455,점퍼,STD_001447,3,골프의류 > 남성골프의류 > 점퍼
STD_001457,티셔츠,STD_001447,3,골프의류 > 남성골프의류 > 티셔츠
STD_001456,긴팔티셔츠,STD_001457,4,골프의류 > 남성골프의류 > 티셔츠 > 긴팔티셔츠
STD_001458,반팔티셔츠,STD_001457,4,골프의류 > 남성골프의류 > 티셔츠 > 반팔티셔츠
STD_001459,패딩,STD_001447,3,골프의류 > 남성골프의류 > 패딩
STD_001461,여성골프의류,STD_001448,2,골프의류 > 여성골프의류
STD_001460,가디건,STD_001461,3,골프의류 > 여성골프의류 > 가디건
STD_001462,긴바지,STD_001461,3,골프의류 > 여성골프의류 > 긴바지
STD_001463,니트,STD_001461,3,골프의류 > 여성골프의류 > 니트
STD_001464,반바지,STD_001461,3,골프의류 > 여성골프의류 > 반바지
STD_001465,베스트,STD_001461,3,골프의류 > 여성골프의류 > 베스트
STD_001467,스커트/큐롯,STD_001461,3,골프의류 > 여성골프의류 > 스커트/큐롯
STD_001466,스커트,STD_001467,4,골프의류 > 여성골프의류 > 스커트/큐롯 > 스커트
STD_001468,큐롯,STD_001467,4,골프의류 > 여성골프의류 > 스커트/큐롯 > 큐롯
STD_001469,언더레이어,STD_001461,3,골프의류 > 여성골프의류 > 언더레이어
STD_001470,원피스,STD_001461,3,골프의류 > 여성골프의류 > 원피스
STD_001471,재킷,STD_001461,3,골프의류 > 여성골프의류 > 재킷
STD_001472,점퍼,STD_001461,3,골프의류 > 여성골프의류 > 점퍼
STD_001474,티셔츠,STD_001461,3,골프의류 > 여성골프의류 > 티셔츠
STD_001473,긴팔티셔츠,STD_001474,4,골프의류 > 여성골프의류 > 티셔츠 > 긴팔티셔츠
STD_001475,반팔티셔츠,STD_001474,4,골프의류 > 여성골프의류 > 티셔츠 > 반팔티셔츠
STD_001476,패딩,STD_001461,3,골프의류 > 여성골프의류 > 패딩
STD_001479,공구/안전/산업용품,ROOT,1,공구/안전/산업용품
STD_001478,건전지/충전지,STD_001479,2,공구/안전/산업용품 > 건전지/충전지
STD_001477,건전지,STD_001478,3,공구/안전/산업용품 > 건전지/충전지 > 건전지
STD_001480,건전지충전기,STD_001478,3,공구/안전/산업용품 > 건전지/충전지 > 건전지충전기
STD_001481,기타전지,STD_001478,3,공구/안전/산업용품 > 건전지/충전지 > 기타전지
STD_001482,충전지,STD_001478,3,공구/안전/산업용품 > 건전지/충전지 > 충전지
STD_001484,건축자재,STD_001479,2,공구/안전/산업용품 > 건축자재
STD_001483,금속자재,STD_001484,3,공구/안전/산업용품 > 건축자재 > 금속자재
STD_001485,기타건축자재,STD_001484,3,공구/안전/산업용품 > 건축자재 > 기타건축자재
STD_001486,단열자재,STD_001484,3,공구/안전/산업용품 > 건축자재 > 단열자재
STD_001487,목재,STD_001484,3,공구/안전/산업용품 > 건축자재 > 목재
STD_001488,방음/흡음자재,STD_001484,3,공구/안전/산업용품 > 건축자재 > 방음/흡음자재
STD_001489,석재,STD_001484,3,공구/안전/산업용품 > 건축자재 > 석재
STD_001490,시멘트/몰탈,STD_001484,3,공구/안전/산업용품 > 건축자재 > 시멘트/몰탈
STD_001491,인테리어자재,STD_001484,3,공구/안전/산업용품 > 건축자재 > 인테리어자재
STD_001492,포장자재,STD_001484,3,공구/안전/산업용품 > 건축자재 > 포장자재
STD_001494,농기계/농기구,STD_001479,2,공구/안전/산업용품 > 농기계/농기구
STD_001493,관수용품,STD_001494,3,공구/안전/산업용품 > 농기계/농기구 > 관수용품
STD_001495,굴착기,STD_001494,3,공구/안전/산업용품 > 농기계/농기구 > 굴착기
STD_001496,기타농기계/농기구,STD_001494,3,공구/안전/산업용품 > 농기계/농기구 > 기타농기계/농기구
STD_001497,농업용분무기,STD_001494,3,공구/안전/산업용품 > 농기계/농기구 > 농업용분무기
STD_001498,농업용파쇄기,STD_001494,3,공구/안전/산업용품 > 농기계/농기구 > 농업용파쇄기
STD_001499,비닐피복기/파종기,STD_001494,3,공구/안전/산업용품 > 농기계/농기구 > 비닐피복기/파종기
STD_001500,비료살포기,STD_001494,3,공구/안전/산업용품 > 농기계/농기구 > 비료살포기
STD_001501,선별기,STD_001494,3,공구/안전/산업용품 > 농기계/농기구 > 선별기
STD_001502,스프링쿨러,STD_001494,3,공구/안전/산업용품 > 농기계/농기구 > 스프링쿨러
STD_001503,연막소독기/방역기계,STD_001494,3,공구/안전/산업용품 > 농기계/농기구 > 연막소독기/방역기계
STD_001504,정미기/탈곡기,STD_001494,3,공구/안전/산업용품 > 농기계/농기구 > 정미기/탈곡기
STD_001505,텃밭관리기/트랙터,STD_001494,3,공구/안전/산업용품 > 농기계/농기구 > 텃밭관리기/트랙터
STD_001507,보수용품,STD_001479,2,공구/안전/산업용품 > 보수용품
STD_001506,글루건,STD_001507,3,공구/안전/산업용품 > 보수용품 > 글루건
STD_001508,기타보수용품,STD_001507,3,공구/안전/산업용품 > 보수용품 > 기타보수용품
STD_001509,보수용스프레이,STD_001507,3,공구/안전/산업용품 > 보수용품 > 보수용스프레이
STD_001510,산업용세정제,STD_001507,3,공구/안전/산업용품 > 보수용품 > 산업용세정제
STD_001511,실리콘,STD_001507,3,공구/안전/산업용품 > 보수용품 > 실리콘
STD_001512,윤활유,STD_001507,3,공구/안전/산업용품 > 보수용품 > 윤활유
STD_001513,접착제,STD_001507,3,공구/안전/산업용품 > 보수용품 > 접착제
STD_001515,보험잔존물,STD_001479,2,공구/안전/산업용품 > 보험잔존물
STD_001514,보험잔존물,STD_001515,3,공구/안전/산업용품 > 보험잔존물 > 보험잔존물
STD_001517,산업기기,STD_001479,2,공구/안전/산업용품 > 산업기기
STD_001516,고압세척기,STD_001517,3,공구/안전/산업용품 > 산업기기 > 고압세척기
STD_001518,광택기,STD_001517,3,공구/안전/산업용품 > 산업기기 > 광택기
STD_001519,기타산업기기,STD_001517,3,공구/안전/산업용품 > 산업기기 > 기타산업기기
STD_001520,송풍기/브로워,STD_001517,3,공구/안전/산업용품 > 산업기기 > 송풍기/브로워
STD_001521,열풍기,STD_001517,3,공구/안전/산업용품 > 산업기기 > 열풍기
STD_001522,집진기,STD_001517,3,공구/안전/산업용품 > 산업기기 > 집진기
STD_001524,산업용자재,STD_001479,2,공구/안전/산업용품 > 산업용자재
STD_001523,간판/POP,STD_001524,3,공구/안전/산업용품 > 산업용자재 > 간판/POP
STD_001525,마대,STD_001524,3,공구/안전/산업용품 > 산업용자재 > 마대
STD_001526,산업용자재 기타,STD_001524,3,공구/안전/산업용품 > 산업용자재 > 산업용자재 기타
STD_001527,업소집기비품,STD_001524,3,공구/안전/산업용품 > 산업용자재 > 업소집기비품
STD_001528,와이퍼/흡작포,STD_001524,3,공구/안전/산업용품 > 산업용자재 > 와이퍼/흡작포
STD_001529,판촉/홍보물,STD_001524,3,공구/안전/산업용품 > 산업용자재 > 판촉/홍보물
STD_001531,수공구,STD_001479,2,공구/안전/산업용품 > 수공구
STD_001530,공구함/공구가방,STD_001531,3,공구/안전/산업용품 > 수공구 > 공구함/공구가방
STD_001532,기타수공구,STD_001531,3,공구/안전/산업용품 > 수공구 > 기타수공구
STD_001533,대패,STD_001531,3,공구/안전/산업용품 > 수공구 > 대패
STD_001534,도끼,STD_001531,3,공구/안전/산업용품 > 수공구 > 도끼
STD_001535,드라이버,STD_001531,3,공구/안전/산업용품 > 수공구 > 드라이버
STD_001536,렌치/복스/몽키,STD_001531,3,공구/안전/산업용품 > 수공구 > 렌치/복스/몽키
STD_001537,망치,STD_001531,3,공구/안전/산업용품 > 수공구 > 망치
STD_001538,샌딩스펀지/사포,STD_001531,3,공구/안전/산업용품 > 수공구 > 샌딩스펀지/사포
STD_001539,수공구세트,STD_001531,3,공구/안전/산업용품 > 수공구 > 수공구세트
STD_001540,스크래퍼/헤라,STD_001531,3,공구/안전/산업용품 > 수공구 > 스크래퍼/헤라
STD_001541,스패너,STD_001531,3,공구/안전/산업용품 > 수공구 > 스패너
STD_001542,작업대,STD_001531,3,공구/안전/산업용품 > 수공구 > 작업대
STD_001543,클램프/바이스,STD_001531,3,공구/안전/산업용품 > 수공구 > 클램프/바이스
STD_001544,타카/타카핀,STD_001531,3,공구/안전/산업용품 > 수공구 > 타카/타카핀
STD_001545,톱,STD_001531,3,공구/안전/산업용품 > 수공구 > 톱
STD_001546,펜치/니퍼,STD_001531,3,공구/안전/산업용품 > 수공구 > 펜치/니퍼
STD_001547,플라이어,STD_001531,3,공구/안전/산업용품 > 수공구 > 플라이어
STD_001548,핀셋,STD_001531,3,공구/안전/산업용품 > 수공구 > 핀셋
STD_001549,함석가위/전지가위,STD_001531,3,공구/안전/산업용품 > 수공구 > 함석가위/전지가위
STD_001550,확관기,STD_001531,3,공구/안전/산업용품 > 수공구 > 확관기
STD_001552,안전보호구,STD_001479,2,공구/안전/산업용품 > 안전보호구
STD_001551,기타안전보호구,STD_001552,3,공구/안전/산업용품 > 안전보호구 > 기타안전보호구
STD_001553,라텍스/니트릴장갑,STD_001552,3,공구/안전/산업용품 > 안전보호구 > 라텍스/니트릴장갑
STD_001554,방진복/보호복,STD_001552,3,공구/안전/산업용품 > 안전보호구 > 방진복/보호복
STD_001555,보안경,STD_001552,3,공구/안전/산업용품 > 안전보호구 > 보안경
STD_001556,산업용귀마개,STD_001552,3,공구/안전/산업용품 > 안전보호구 > 산업용귀마개
STD_001557,산업용마스크,STD_001552,3,공구/안전/산업용품 > 안전보호구 > 산업용마스크
STD_001558,안전모,STD_001552,3,공구/안전/산업용품 > 안전보호구 > 안전모
STD_001559,안전벨트/그네,STD_001552,3,공구/안전/산업용품 > 안전보호구 > 안전벨트/그네
STD_001560,안전복/작업복,STD_001552,3,공구/안전/산업용품 > 안전보호구 > 안전복/작업복
STD_001561,안전화,STD_001552,3,공구/안전/산업용품 > 안전보호구 > 안전화
STD_001562,용접장갑/알곤장갑,STD_001552,3,공구/안전/산업용품 > 안전보호구 > 용접장갑/알곤장갑
STD_001563,코팅장갑/면장갑,STD_001552,3,공구/안전/산업용품 > 안전보호구 > 코팅장갑/면장갑
STD_001565,안전용품,STD_001479,2,공구/안전/산업용품 > 안전용품
STD_001564,가스/화재감지기,STD_001565,3,공구/안전/산업용품 > 안전용품 > 가스/화재감지기
STD_001566,고무판/고무매트,STD_001565,3,공구/안전/산업용품 > 안전용품 > 고무판/고무매트
STD_001567,기타안전용품,STD_001565,3,공구/안전/산업용품 > 안전용품 > 기타안전용품
STD_001568,로프,STD_001565,3,공구/안전/산업용품 > 안전용품 > 로프
STD_001569,미끄럼방지용품,STD_001565,3,공구/안전/산업용품 > 안전용품 > 미끄럼방지용품
STD_001570,소화기/소방용품,STD_001565,3,공구/안전/산업용품 > 안전용품 > 소화기/소방용품
STD_001571,안전표시/신호,STD_001565,3,공구/안전/산업용품 > 안전용품 > 안전표시/신호
STD_001572,작업등,STD_001565,3,공구/안전/산업용품 > 안전용품 > 작업등
STD_001573,제설용품,STD_001565,3,공구/안전/산업용품 > 안전용품 > 제설용품
STD_001574,철망/펜스,STD_001565,3,공구/안전/산업용품 > 안전용품 > 철망/펜스
STD_001576,에어/유압공구,STD_001479,2,공구/안전/산업용품 > 에어/유압공구
STD_001575,기타에어/유압공구,STD_001576,3,공구/안전/산업용품 > 에어/유압공구 > 기타에어/유압공구
STD_001577,압착기,STD_001576,3,공구/안전/산업용품 > 에어/유압공구 > 압착기
STD_001578,에어건,STD_001576,3,공구/안전/산업용품 > 에어/유압공구 > 에어건
STD_001579,에어렌치,STD_001576,3,공구/안전/산업용품 > 에어/유압공구 > 에어렌치
STD_001580,에어스프레이건,STD_001576,3,공구/안전/산업용품 > 에어/유압공구 > 에어스프레이건
STD_001581,에어컴프레서,STD_001576,3,공구/안전/산업용품 > 에어/유압공구 > 에어컴프레서
STD_001582,에어타카,STD_001576,3,공구/안전/산업용품 > 에어/유압공구 > 에어타카
STD_001583,에어호스/게이지,STD_001576,3,공구/안전/산업용품 > 에어/유압공구 > 에어호스/게이지
STD_001584,유압도끼/장작패기,STD_001576,3,공구/안전/산업용품 > 에어/유압공구 > 유압도끼/장작패기
STD_001585,유압절단기,STD_001576,3,공구/안전/산업용품 > 에어/유압공구 > 유압절단기
STD_001587,예초기,STD_001479,2,공구/안전/산업용품 > 예초기
STD_001586,가스예초기,STD_001587,3,공구/안전/산업용품 > 예초기 > 가스예초기
STD_001588,엔진예초기,STD_001587,3,공구/안전/산업용품 > 예초기 > 엔진예초기
STD_001589,예초기용품,STD_001587,3,공구/안전/산업용품 > 예초기 > 예초기용품
STD_001590,잔디깎기,STD_001587,3,공구/안전/산업용품 > 예초기 > 잔디깎기
STD_001591,충전예초기,STD_001587,3,공구/안전/산업용품 > 예초기 > 충전예초기
STD_001593,용접공구,STD_001479,2,공구/안전/산업용품 > 용접공구
STD_001592,기타용접공구,STD_001593,3,공구/안전/산업용품 > 용접공구 > 기타용접공구
STD_001594,용접기,STD_001593,3,공구/안전/산업용품 > 용접공구 > 용접기
STD_001595,용접면,STD_001593,3,공구/안전/산업용품 > 용접공구 > 용접면
STD_001596,용접봉,STD_001593,3,공구/안전/산업용품 > 용접공구 > 용접봉
STD_001597,용접용품,STD_001593,3,공구/안전/산업용품 > 용접공구 > 용접용품
STD_001598,용접절단기/해빙기,STD_001593,3,공구/안전/산업용품 > 용접공구 > 용접절단기/해빙기
STD_001599,인두기,STD_001593,3,공구/안전/산업용품 > 용접공구 > 인두기
STD_001600,인두용품,STD_001593,3,공구/안전/산업용품 > 용접공구 > 인두용품
STD_001602,운반용품,STD_001479,2,공구/안전/산업용품 > 운반용품
STD_001601,기타운반용품,STD_001602,3,공구/안전/산업용품 > 운반용품 > 기타운반용품
STD_001603,사다리,STD_001602,3,공구/안전/산업용품 > 운반용품 > 사다리
STD_001604,윈치/호이스트,STD_001602,3,공구/안전/산업용품 > 운반용품 > 윈치/호이스트
STD_001605,파렛트/파렛트트럭,STD_001602,3,공구/안전/산업용품 > 운반용품 > 파렛트/파렛트트럭
STD_001606,핸드카트/운반기,STD_001602,3,공구/안전/산업용품 > 운반용품 > 핸드카트/운반기
STD_001607,핸드카트/운반기부품,STD_001602,3,공구/안전/산업용품 > 운반용품 > 핸드카트/운반기부품
STD_001609,전기용품,STD_001479,2,공구/안전/산업용품 > 전기용품
STD_001608,기타전기용품,STD_001609,3,공구/안전/산업용품 > 전기용품 > 기타전기용품
STD_001610,누전차단기,STD_001609,3,공구/안전/산업용품 > 전기용품 > 누전차단기
STD_001611,멀티탭,STD_001609,3,공구/안전/산업용품 > 전기용품 > 멀티탭
STD_001612,변압기/승압기,STD_001609,3,공구/안전/산업용품 > 전기용품 > 변압기/승압기
STD_001613,수축튜브,STD_001609,3,공구/안전/산업용품 > 전기용품 > 수축튜브
STD_001614,스위치/콘센트,STD_001609,3,공구/안전/산업용품 > 전기용품 > 스위치/콘센트
STD_001615,전선/케이블,STD_001609,3,공구/안전/산업용품 > 전기용품 > 전선/케이블
STD_001616,전선릴,STD_001609,3,공구/안전/산업용품 > 전기용품 > 전선릴
STD_001617,전선몰딩,STD_001609,3,공구/안전/산업용품 > 전기용품 > 전선몰딩
STD_001618,절연테이프,STD_001609,3,공구/안전/산업용품 > 전기용품 > 절연테이프
STD_001619,환풍기,STD_001609,3,공구/안전/산업용품 > 전기용품 > 환풍기
STD_001621,전동공구,STD_001479,2,공구/안전/산업용품 > 전동공구
STD_001620,기타전동공구,STD_001621,3,공구/안전/산업용품 > 전동공구 > 기타전동공구
STD_001622,드릴비트,STD_001621,3,공구/안전/산업용품 > 전동공구 > 드릴비트
STD_001623,임팩트렌치,STD_001621,3,공구/안전/산업용품 > 전동공구 > 임팩트렌치
STD_001624,전기드릴,STD_001621,3,공구/안전/산업용품 > 전동공구 > 전기드릴
STD_001625,전동 전지가위,STD_001621,3,공구/안전/산업용품 > 전동공구 > 전동 전지가위
STD_001626,전동공구배터리/용품,STD_001621,3,공구/안전/산업용품 > 전동공구 > 전동공구배터리/용품
STD_001627,전동공구세트,STD_001621,3,공구/안전/산업용품 > 전동공구 > 전동공구세트
STD_001628,충전드라이버,STD_001621,3,공구/안전/산업용품 > 전동공구 > 충전드라이버
STD_001629,충전드릴,STD_001621,3,공구/안전/산업용품 > 전동공구 > 충전드릴
STD_001630,코아드릴,STD_001621,3,공구/안전/산업용품 > 전동공구 > 코아드릴
STD_001631,파이프머신,STD_001621,3,공구/안전/산업용품 > 전동공구 > 파이프머신
STD_001632,해머드릴,STD_001621,3,공구/안전/산업용품 > 전동공구 > 해머드릴
STD_001634,절삭공구,STD_001479,2,공구/안전/산업용품 > 절삭공구
STD_001633,각도절단기,STD_001634,3,공구/안전/산업용품 > 절삭공구 > 각도절단기
STD_001635,고속절단기,STD_001634,3,공구/안전/산업용품 > 절삭공구 > 고속절단기
STD_001636,그라인더,STD_001634,3,공구/안전/산업용품 > 절삭공구 > 그라인더
STD_001637,기타절삭공구,STD_001634,3,공구/안전/산업용품 > 절삭공구 > 기타절삭공구
STD_001638,디스크/페이퍼,STD_001634,3,공구/안전/산업용품 > 절삭공구 > 디스크/페이퍼
STD_001639,루터기,STD_001634,3,공구/안전/산업용품 > 절삭공구 > 루터기
STD_001640,샌더기,STD_001634,3,공구/안전/산업용품 > 절삭공구 > 샌더기
STD_001641,엔진톱,STD_001634,3,공구/안전/산업용품 > 절삭공구 > 엔진톱
STD_001642,원형톱,STD_001634,3,공구/안전/산업용품 > 절삭공구 > 원형톱
STD_001643,전기톱,STD_001634,3,공구/안전/산업용품 > 절삭공구 > 전기톱
STD_001644,절단석/연마석,STD_001634,3,공구/안전/산업용품 > 절삭공구 > 절단석/연마석
STD_001645,절삭공구용품,STD_001634,3,공구/안전/산업용품 > 절삭공구 > 절삭공구용품
STD_001646,조각기,STD_001634,3,공구/안전/산업용품 > 절삭공구 > 조각기
STD_001647,직소기,STD_001634,3,공구/안전/산업용품 > 절삭공구 > 직소기
STD_001648,타일절단기,STD_001634,3,공구/안전/산업용품 > 절삭공구 > 타일절단기
STD_001649,탭/다이스,STD_001634,3,공구/안전/산업용품 > 절삭공구 > 탭/다이스
STD_001650,테이블톱,STD_001634,3,공구/안전/산업용품 > 절삭공구 > 테이블톱
STD_001651,톱날,STD_001634,3,공구/안전/산업용품 > 절삭공구 > 톱날
STD_001652,트리머,STD_001634,3,공구/안전/산업용품 > 절삭공구 > 트리머
STD_001654,철물용품,STD_001479,2,공구/안전/산업용품 > 철물용품
STD_001653,경첩,STD_001654,3,공구/안전/산업용품 > 철물용품 > 경첩
STD_001655,기타철물용품,STD_001654,3,공구/안전/산업용품 > 철물용품 > 기타철물용품
STD_001656,니플,STD_001654,3,공구/안전/산업용품 > 철물용품 > 니플
STD_001657,리벳,STD_001654,3,공구/안전/산업용품 > 철물용품 > 리벳
STD_001658,못/나사,STD_001654,3,공구/안전/산업용품 > 철물용품 > 못/나사
STD_001659,배관용품,STD_001654,3,공구/안전/산업용품 > 철물용품 > 배관용품
STD_001660,베어링,STD_001654,3,공구/안전/산업용품 > 철물용품 > 베어링
STD_001661,볼트/너트,STD_001654,3,공구/안전/산업용품 > 철물용품 > 볼트/너트
STD_001662,스프링,STD_001654,3,공구/안전/산업용품 > 철물용품 > 스프링
STD_001663,유니온/조인트,STD_001654,3,공구/안전/산업용품 > 철물용품 > 유니온/조인트
STD_001664,자석,STD_001654,3,공구/안전/산업용품 > 철물용품 > 자석
STD_001665,파이프/튜브,STD_001654,3,공구/안전/산업용품 > 철물용품 > 파이프/튜브
STD_001666,호스/호스릴,STD_001654,3,공구/안전/산업용품 > 철물용품 > 호스/호스릴
STD_001668,측정공구,STD_001479,2,공구/안전/산업용품 > 측정공구
STD_001667,기타측정공구,STD_001668,3,공구/안전/산업용품 > 측정공구 > 기타측정공구
STD_001669,레이저측정기,STD_001668,3,공구/안전/산업용품 > 측정공구 > 레이저측정기
STD_001670,방사능측정기,STD_001668,3,공구/안전/산업용품 > 측정공구 > 방사능측정기
STD_001671,산업용내시경,STD_001668,3,공구/안전/산업용품 > 측정공구 > 산업용내시경
STD_001672,산업용전자저울,STD_001668,3,공구/안전/산업용품 > 측정공구 > 산업용전자저울
STD_001673,산업용줄자/각도기,STD_001668,3,공구/안전/산업용품 > 측정공구 > 산업용줄자/각도기
STD_001674,수평기,STD_001668,3,공구/안전/산업용품 > 측정공구 > 수평기
STD_001675,열화상카메라,STD_001668,3,공구/안전/산업용품 > 측정공구 > 열화상카메라
STD_001676,온도계/습도계,STD_001668,3,공구/안전/산업용품 > 측정공구 > 온도계/습도계
STD_001677,캘리퍼스,STD_001668,3,공구/안전/산업용품 > 측정공구 > 캘리퍼스
STD_001678,테스터기,STD_001668,3,공구/안전/산업용품 > 측정공구 > 테스터기
STD_001679,확대경,STD_001668,3,공구/안전/산업용품 > 측정공구 > 확대경
STD_001681,펌프/발전기,STD_001479,2,공구/안전/산업용품 > 펌프/발전기
STD_001680,기타펌프/발전기,STD_001681,3,공구/안전/산업용품 > 펌프/발전기 > 기타펌프/발전기
STD_001682,모터,STD_001681,3,공구/안전/산업용품 > 펌프/발전기 > 모터
STD_001683,발전기,STD_001681,3,공구/안전/산업용품 > 펌프/발전기 > 발전기
STD_001684,펌프,STD_001681,3,공구/안전/산업용품 > 펌프/발전기 > 펌프
STD_001687,구기/라켓,ROOT,1,구기/라켓
STD_001686,기타구기/라켓용품,STD_001687,2,구기/라켓 > 기타구기/라켓용품
STD_001685,기타구기/라켓용품,STD_001686,3,구기/라켓 > 기타구기/라켓용품 > 기타구기/라켓용품
STD_001688,소프트발리볼,STD_001686,3,구기/라켓 > 기타구기/라켓용품 > 소프트발리볼
STD_001689,킨볼/츄크볼,STD_001686,3,구기/라켓 > 기타구기/라켓용품 > 킨볼/츄크볼
STD_001690,티볼,STD_001686,3,구기/라켓 > 기타구기/라켓용품 > 티볼
STD_001691,패드민턴/핸들러,STD_001686,3,구기/라켓 > 기타구기/라켓용품 > 패드민턴/핸들러
STD_001692,프리/소프트테니스,STD_001686,3,구기/라켓 > 기타구기/라켓용품 > 프리/소프트테니스
STD_001693,플라잉디스크,STD_001686,3,구기/라켓 > 기타구기/라켓용품 > 플라잉디스크
STD_001694,플로어볼,STD_001686,3,구기/라켓 > 기타구기/라켓용품 > 플로어볼
STD_001696,농구용품,STD_001687,2,구기/라켓 > 농구용품
STD_001695,기타농구용품,STD_001696,3,구기/라켓 > 농구용품 > 기타농구용품
STD_001697,농구가방,STD_001696,3,구기/라켓 > 농구용품 > 농구가방
STD_001698,농구골대,STD_001696,3,구기/라켓 > 농구용품 > 농구골대
STD_001699,농구공,STD_001696,3,구기/라켓 > 농구용품 > 농구공
STD_001700,농구복,STD_001696,3,구기/라켓 > 농구용품 > 농구복
STD_001701,농구화,STD_001696,3,구기/라켓 > 농구용품 > 농구화
STD_001703,당구용품,STD_001687,2,구기/라켓 > 당구용품
STD_001702,당구공,STD_001703,3,구기/라켓 > 당구용품 > 당구공
STD_001704,당구대,STD_001703,3,구기/라켓 > 당구용품 > 당구대
STD_001705,당구장갑,STD_001703,3,구기/라켓 > 당구용품 > 당구장갑
STD_001706,당구초크,STD_001703,3,구기/라켓 > 당구용품 > 당구초크
STD_001707,당구큐,STD_001703,3,구기/라켓 > 당구용품 > 당구큐
STD_001708,마라톤/육상,STD_001687,2,구기/라켓 > 마라톤/육상
STD_001710,배구용품,STD_001687,2,구기/라켓 > 배구용품
STD_001709,기타배구용품,STD_001710,3,구기/라켓 > 배구용품 > 기타배구용품
STD_001711,배구공,STD_001710,3,구기/라켓 > 배구용품 > 배구공
STD_001712,배구네트,STD_001710,3,구기/라켓 > 배구용품 > 배구네트
STD_001713,배구복,STD_001710,3,구기/라켓 > 배구용품 > 배구복
STD_001714,배구화,STD_001710,3,구기/라켓 > 배구용품 > 배구화
STD_001715,피구공,STD_001710,3,구기/라켓 > 배구용품 > 피구공
STD_001717,배드민턴용품,STD_001687,2,구기/라켓 > 배드민턴용품
STD_001716,배드민턴가방,STD_001717,3,구기/라켓 > 배드민턴용품 > 배드민턴가방
STD_001718,배드민턴거트,STD_001717,3,구기/라켓 > 배드민턴용품 > 배드민턴거트
STD_001719,배드민턴그립,STD_001717,3,구기/라켓 > 배드민턴용품 > 배드민턴그립
STD_001720,배드민턴네트,STD_001717,3,구기/라켓 > 배드민턴용품 > 배드민턴네트
STD_001721,배드민턴라켓,STD_001717,3,구기/라켓 > 배드민턴용품 > 배드민턴라켓
STD_001722,배드민턴복,STD_001717,3,구기/라켓 > 배드민턴용품 > 배드민턴복
STD_001723,배드민턴화,STD_001717,3,구기/라켓 > 배드민턴용품 > 배드민턴화
STD_001724,셔틀콕,STD_001717,3,구기/라켓 > 배드민턴용품 > 셔틀콕
STD_001726,볼링용품,STD_001687,2,구기/라켓 > 볼링용품
STD_001725,기타볼링용품,STD_001726,3,구기/라켓 > 볼링용품 > 기타볼링용품
STD_001727,볼링가방,STD_001726,3,구기/라켓 > 볼링용품 > 볼링가방
STD_001728,볼링공,STD_001726,3,구기/라켓 > 볼링용품 > 볼링공
STD_001729,볼링복,STD_001726,3,구기/라켓 > 볼링용품 > 볼링복
STD_001730,볼링아대,STD_001726,3,구기/라켓 > 볼링용품 > 볼링아대
STD_001731,볼링핀,STD_001726,3,구기/라켓 > 볼링용품 > 볼링핀
STD_001732,볼링화,STD_001726,3,구기/라켓 > 볼링용품 > 볼링화
STD_001734,스쿼시용품,STD_001687,2,구기/라켓 > 스쿼시용품
STD_001733,스쿼시거트,STD_001734,3,구기/라켓 > 스쿼시용품 > 스쿼시거트
STD_001735,스쿼시공,STD_001734,3,구기/라켓 > 스쿼시용품 > 스쿼시공
STD_001736,스쿼시라켓,STD_001734,3,구기/라켓 > 스쿼시용품 > 스쿼시라켓
STD_001737,스쿼시보호안경,STD_001734,3,구기/라켓 > 스쿼시용품 > 스쿼시보호안경
STD_001739,야구용품,STD_001687,2,구기/라켓 > 야구용품
STD_001738,기타야구용품,STD_001739,3,구기/라켓 > 야구용품 > 기타야구용품
STD_001740,배팅연습용품,STD_001739,3,구기/라켓 > 야구용품 > 배팅연습용품
STD_001741,야구가방,STD_001739,3,구기/라켓 > 야구용품 > 야구가방
STD_001742,야구공,STD_001739,3,구기/라켓 > 야구용품 > 야구공
STD_001743,야구글러브,STD_001739,3,구기/라켓 > 야구용품 > 야구글러브
STD_001744,야구배트,STD_001739,3,구기/라켓 > 야구용품 > 야구배트
STD_001745,야구보호대,STD_001739,3,구기/라켓 > 야구용품 > 야구보호대
STD_001746,야구장갑,STD_001739,3,구기/라켓 > 야구용품 > 야구장갑
STD_001747,야구헬멧,STD_001739,3,구기/라켓 > 야구용품 > 야구헬멧
STD_001748,야구화,STD_001739,3,구기/라켓 > 야구용품 > 야구화
STD_001749,타자보호대,STD_001739,3,구기/라켓 > 야구용품 > 타자보호대
STD_001750,포수장비,STD_001739,3,구기/라켓 > 야구용품 > 포수장비
STD_001752,야구의류/잡화,STD_001687,2,구기/라켓 > 야구의류/잡화
STD_001751,기타야구잡화,STD_001752,3,구기/라켓 > 야구의류/잡화 > 기타야구잡화
STD_001753,야구모자,STD_001752,3,구기/라켓 > 야구의류/잡화 > 야구모자
STD_001754,야구복,STD_001752,3,구기/라켓 > 야구의류/잡화 > 야구복
STD_001755,야구언더셔츠,STD_001752,3,구기/라켓 > 야구의류/잡화 > 야구언더셔츠
STD_001756,야구점퍼,STD_001752,3,구기/라켓 > 야구의류/잡화 > 야구점퍼
STD_001758,족구용품,STD_001687,2,구기/라켓 > 족구용품
STD_001757,족구공,STD_001758,3,구기/라켓 > 족구용품 > 족구공
STD_001759,족구네트/지주,STD_001758,3,구기/라켓 > 족구용품 > 족구네트/지주
STD_001760,족구화,STD_001758,3,구기/라켓 > 족구용품 > 족구화
STD_001762,축구용품,STD_001687,2,구기/라켓 > 축구용품
STD_001761,골대,STD_001762,3,구기/라켓 > 축구용품 > 골대
STD_001763,골키퍼장갑,STD_001762,3,구기/라켓 > 축구용품 > 골키퍼장갑
STD_001764,기타축구용품,STD_001762,3,구기/라켓 > 축구용품 > 기타축구용품
STD_001765,미식축구/럭비공,STD_001762,3,구기/라켓 > 축구용품 > 미식축구/럭비공
STD_001766,정강이보호대,STD_001762,3,구기/라켓 > 축구용품 > 정강이보호대
STD_001767,축구가방,STD_001762,3,구기/라켓 > 축구용품 > 축구가방
STD_001768,축구공,STD_001762,3,구기/라켓 > 축구용품 > 축구공
STD_001769,축구복,STD_001762,3,구기/라켓 > 축구용품 > 축구복
STD_001770,축구양말/스타킹,STD_001762,3,구기/라켓 > 축구용품 > 축구양말/스타킹
STD_001771,축구연습용품,STD_001762,3,구기/라켓 > 축구용품 > 축구연습용품
STD_001772,축구장갑,STD_001762,3,구기/라켓 > 축구용품 > 축구장갑
STD_001773,축구조끼,STD_001762,3,구기/라켓 > 축구용품 > 축구조끼
STD_001774,축구화,STD_001762,3,구기/라켓 > 축구용품 > 축구화
STD_001775,풋살화,STD_001762,3,구기/라켓 > 축구용품 > 풋살화
STD_001777,탁구용품,STD_001687,2,구기/라켓 > 탁구용품
STD_001776,탁구가방/케이스,STD_001777,3,구기/라켓 > 탁구용품 > 탁구가방/케이스
STD_001778,탁구공,STD_001777,3,구기/라켓 > 탁구용품 > 탁구공
STD_001779,탁구네트,STD_001777,3,구기/라켓 > 탁구용품 > 탁구네트
STD_001780,탁구대,STD_001777,3,구기/라켓 > 탁구용품 > 탁구대
STD_001781,탁구라켓,STD_001777,3,구기/라켓 > 탁구용품 > 탁구라켓
STD_001782,탁구러버,STD_001777,3,구기/라켓 > 탁구용품 > 탁구러버
STD_001783,탁구로봇,STD_001777,3,구기/라켓 > 탁구용품 > 탁구로봇
STD_001784,탁구복,STD_001777,3,구기/라켓 > 탁구용품 > 탁구복
STD_001785,탁구화,STD_001777,3,구기/라켓 > 탁구용품 > 탁구화
STD_001787,테니스용품,STD_001687,2,구기/라켓 > 테니스용품
STD_001786,기타테니스용품,STD_001787,3,구기/라켓 > 테니스용품 > 기타테니스용품
STD_001788,라인기,STD_001787,3,구기/라켓 > 테니스용품 > 라인기
STD_001789,테니스가방,STD_001787,3,구기/라켓 > 테니스용품 > 테니스가방
STD_001790,테니스거트,STD_001787,3,구기/라켓 > 테니스용품 > 테니스거트
STD_001791,테니스공,STD_001787,3,구기/라켓 > 테니스용품 > 테니스공
STD_001792,테니스네트,STD_001787,3,구기/라켓 > 테니스용품 > 테니스네트
STD_001793,테니스라켓,STD_001787,3,구기/라켓 > 테니스용품 > 테니스라켓
STD_001794,테니스복,STD_001787,3,구기/라켓 > 테니스용품 > 테니스복
STD_001795,테니스화,STD_001787,3,구기/라켓 > 테니스용품 > 테니스화
STD_001798,꽃/이벤트용품,ROOT,1,꽃/이벤트용품
STD_001797,꽃배달서비스,STD_001798,2,꽃/이벤트용품 > 꽃배달서비스
STD_001796,꽃배달서비스,STD_001797,3,꽃/이벤트용품 > 꽃배달서비스 > 꽃배달서비스
STD_001799,화환배달서비스,STD_001797,3,꽃/이벤트용품 > 꽃배달서비스 > 화환배달서비스
STD_001801,선물용꽃/조화,STD_001798,2,꽃/이벤트용품 > 선물용꽃/조화
STD_001800,금꽃,STD_001801,3,꽃/이벤트용품 > 선물용꽃/조화 > 금꽃
STD_001802,기타선물용꽃,STD_001801,3,꽃/이벤트용품 > 선물용꽃/조화 > 기타선물용꽃
STD_001803,보존화,STD_001801,3,꽃/이벤트용품 > 선물용꽃/조화 > 보존화
STD_001804,비누꽃,STD_001801,3,꽃/이벤트용품 > 선물용꽃/조화 > 비누꽃
STD_001805,사탕부케,STD_001801,3,꽃/이벤트용품 > 선물용꽃/조화 > 사탕부케
STD_001806,조화/인조나무,STD_001801,3,꽃/이벤트용품 > 선물용꽃/조화 > 조화/인조나무
STD_001808,씨앗/모종/묘목,STD_001798,2,꽃/이벤트용품 > 씨앗/모종/묘목
STD_001807,모종,STD_001808,3,꽃/이벤트용품 > 씨앗/모종/묘목 > 모종
STD_001809,묘목,STD_001808,3,꽃/이벤트용품 > 씨앗/모종/묘목 > 묘목
STD_001810,씨앗,STD_001808,3,꽃/이벤트용품 > 씨앗/모종/묘목 > 씨앗
STD_001811,텃밭세트,STD_001808,3,꽃/이벤트용품 > 씨앗/모종/묘목 > 텃밭세트
STD_001813,원예/식물,STD_001798,2,꽃/이벤트용품 > 원예/식물
STD_001812,공기정화식물,STD_001813,3,꽃/이벤트용품 > 원예/식물 > 공기정화식물
STD_001814,기타원예/식물,STD_001813,3,꽃/이벤트용품 > 원예/식물 > 기타원예/식물
STD_001815,꽃/야생화,STD_001813,3,꽃/이벤트용품 > 원예/식물 > 꽃/야생화
STD_001816,다육식물,STD_001813,3,꽃/이벤트용품 > 원예/식물 > 다육식물
STD_001817,동양란/서양란,STD_001813,3,꽃/이벤트용품 > 원예/식물 > 동양란/서양란
STD_001818,미니화분,STD_001813,3,꽃/이벤트용품 > 원예/식물 > 미니화분
STD_001819,분재,STD_001813,3,꽃/이벤트용품 > 원예/식물 > 분재
STD_001820,수경식물,STD_001813,3,꽃/이벤트용품 > 원예/식물 > 수경식물
STD_001821,인조잔디,STD_001813,3,꽃/이벤트용품 > 원예/식물 > 인조잔디
STD_001822,천연잔디,STD_001813,3,꽃/이벤트용품 > 원예/식물 > 천연잔디
STD_001823,토피어리,STD_001813,3,꽃/이벤트용품 > 원예/식물 > 토피어리
STD_001824,허브/식충식물,STD_001813,3,꽃/이벤트용품 > 원예/식물 > 허브/식충식물
STD_001826,이벤트/파티용품,STD_001798,2,꽃/이벤트용품 > 이벤트/파티용품
STD_001825,가랜드/파티현수막,STD_001826,3,꽃/이벤트용품 > 이벤트/파티용품 > 가랜드/파티현수막
STD_001827,기타이벤트/파티용품,STD_001826,3,꽃/이벤트용품 > 이벤트/파티용품 > 기타이벤트/파티용품
STD_001828,마술용품,STD_001826,3,꽃/이벤트용품 > 이벤트/파티용품 > 마술용품
STD_001829,웨딩카장식,STD_001826,3,꽃/이벤트용품 > 이벤트/파티용품 > 웨딩카장식
STD_001830,응원용품,STD_001826,3,꽃/이벤트용품 > 이벤트/파티용품 > 응원용품
STD_001831,촛불이벤트용품,STD_001826,3,꽃/이벤트용품 > 이벤트/파티용품 > 촛불이벤트용품
STD_001832,파티/이벤트의상,STD_001826,3,꽃/이벤트용품 > 이벤트/파티용품 > 파티/이벤트의상
STD_001833,파티가발/가면,STD_001826,3,꽃/이벤트용품 > 이벤트/파티용품 > 파티가발/가면
STD_001834,파티테이블용품,STD_001826,3,꽃/이벤트용품 > 이벤트/파티용품 > 파티테이블용품
STD_001835,폭죽/불꽃놀이,STD_001826,3,꽃/이벤트용품 > 이벤트/파티용품 > 폭죽/불꽃놀이
STD_001836,풍선/리본,STD_001826,3,꽃/이벤트용품 > 이벤트/파티용품 > 풍선/리본
STD_001838,정원/원예용품,STD_001798,2,꽃/이벤트용품 > 정원/원예용품
STD_001837,가드닝소품,STD_001838,3,꽃/이벤트용품 > 정원/원예용품 > 가드닝소품
STD_001839,기타정원/원예용품,STD_001838,3,꽃/이벤트용품 > 정원/원예용품 > 기타정원/원예용품
STD_001840,낫/괭이/삽/호미,STD_001838,3,꽃/이벤트용품 > 정원/원예용품 > 낫/괭이/삽/호미
STD_001841,물조리개,STD_001838,3,꽃/이벤트용품 > 정원/원예용품 > 물조리개
STD_001842,분무기,STD_001838,3,꽃/이벤트용품 > 정원/원예용품 > 분무기
STD_001843,살충제/농약/보호제,STD_001838,3,꽃/이벤트용품 > 정원/원예용품 > 살충제/농약/보호제
STD_001844,새싹재배기,STD_001838,3,꽃/이벤트용품 > 정원/원예용품 > 새싹재배기
STD_001845,숯,STD_001838,3,꽃/이벤트용품 > 정원/원예용품 > 숯
STD_001846,식물영양제/비료,STD_001838,3,꽃/이벤트용품 > 정원/원예용품 > 식물영양제/비료
STD_001847,식물지지대,STD_001838,3,꽃/이벤트용품 > 정원/원예용품 > 식물지지대
STD_001848,자갈/모래/흙,STD_001838,3,꽃/이벤트용품 > 정원/원예용품 > 자갈/모래/흙
STD_001849,전지가위,STD_001838,3,꽃/이벤트용품 > 정원/원예용품 > 전지가위
STD_001850,화병,STD_001838,3,꽃/이벤트용품 > 정원/원예용품 > 화병
STD_001851,화분,STD_001838,3,꽃/이벤트용품 > 정원/원예용품 > 화분
STD_001852,화분받침,STD_001838,3,꽃/이벤트용품 > 정원/원예용품 > 화분받침
STD_001854,크리스마스용품,STD_001798,2,꽃/이벤트용품 > 크리스마스용품
STD_001853,크리스마스장식품,STD_001854,3,꽃/이벤트용품 > 크리스마스용품 > 크리스마스장식품
STD_001855,트리,STD_001854,3,꽃/이벤트용품 > 크리스마스용품 > 트리
STD_001856,트리세트,STD_001854,3,꽃/이벤트용품 > 크리스마스용품 > 트리세트
STD_001857,트리전구/조명,STD_001854,3,꽃/이벤트용품 > 크리스마스용품 > 트리전구/조명
STD_001860,남성의류,ROOT,1,남성의류
STD_001859,가디건,STD_001860,2,남성의류 > 가디건
STD_001858,브이넥가디건,STD_001859,3,남성의류 > 가디건 > 브이넥가디건
STD_001861,집업가디건,STD_001859,3,남성의류 > 가디건 > 집업가디건
STD_001863,가디건/조끼,STD_001860,2,남성의류 > 가디건/조끼
STD_001862,가디건,STD_001863,3,남성의류 > 가디건/조끼 > 가디건
STD_001864,니트조끼,STD_001863,3,남성의류 > 가디건/조끼 > 니트조끼
STD_001865,라운드넥가디건,STD_001863,3,남성의류 > 가디건/조끼 > 라운드넥가디건
STD_001866,브이넥가디건,STD_001863,3,남성의류 > 가디건/조끼 > 브이넥가디건
STD_001867,집업가디건,STD_001863,3,남성의류 > 가디건/조끼 > 집업가디건
STD_001868,캐쥬얼 조끼,STD_001863,3,남성의류 > 가디건/조끼 > 캐쥬얼 조끼
STD_001869,캐쥬얼조끼,STD_001863,3,남성의류 > 가디건/조끼 > 캐쥬얼조끼
STD_001870,테일러드조끼,STD_001863,3,남성의류 > 가디건/조끼 > 테일러드조끼
STD_001871,패딩 조끼,STD_001863,3,남성의류 > 가디건/조끼 > 패딩 조끼
STD_001872,패딩조끼,STD_001863,3,남성의류 > 가디건/조끼 > 패딩조끼
STD_001874,교복,STD_001860,2,남성의류 > 교복
STD_001873,교복바지,STD_001874,3,남성의류 > 교복 > 교복바지
STD_001875,교복세트,STD_001874,3,남성의류 > 교복 > 교복세트
STD_001876,교복셔츠,STD_001874,3,남성의류 > 교복 > 교복셔츠
STD_001877,교복조끼/가디건,STD_001874,3,남성의류 > 교복 > 교복조끼/가디건
STD_001879,기타,STD_001860,2,남성의류 > 기타
STD_001878,기타,STD_001879,3,남성의류 > 기타 > 기타
STD_001881,긴팔티/맨투맨,STD_001860,2,남성의류 > 긴팔티/맨투맨
STD_001880,라운드넥티셔츠,STD_001881,3,남성의류 > 긴팔티/맨투맨 > 라운드넥티셔츠
STD_001882,맨투맨티셔츠,STD_001881,3,남성의류 > 긴팔티/맨투맨 > 맨투맨티셔츠
STD_001883,브이넥티셔츠,STD_001881,3,남성의류 > 긴팔티/맨투맨 > 브이넥티셔츠
STD_001884,카라넥티셔츠,STD_001881,3,남성의류 > 긴팔티/맨투맨 > 카라넥티셔츠
STD_001885,폴라티셔츠,STD_001881,3,남성의류 > 긴팔티/맨투맨 > 폴라티셔츠
STD_001886,프린트티셔츠,STD_001881,3,남성의류 > 긴팔티/맨투맨 > 프린트티셔츠
STD_001887,후드집업,STD_001881,3,남성의류 > 긴팔티/맨투맨 > 후드집업
STD_001888,후드티셔츠,STD_001881,3,남성의류 > 긴팔티/맨투맨 > 후드티셔츠
STD_001890,긴팔티셔츠,STD_001860,2,남성의류 > 긴팔티셔츠
STD_001889,라운드넥티셔츠,STD_001890,3,남성의류 > 긴팔티셔츠 > 라운드넥티셔츠
STD_001891,맨투맨티셔츠,STD_001890,3,남성의류 > 긴팔티셔츠 > 맨투맨티셔츠
STD_001892,브이넥 티셔츠,STD_001890,3,남성의류 > 긴팔티셔츠 > 브이넥 티셔츠
STD_001893,브이넥티셔츠,STD_001890,3,남성의류 > 긴팔티셔츠 > 브이넥티셔츠
STD_001894,카라넥티셔츠,STD_001890,3,남성의류 > 긴팔티셔츠 > 카라넥티셔츠
STD_001895,터틀넥/목폴라티셔츠,STD_001890,3,남성의류 > 긴팔티셔츠 > 터틀넥/목폴라티셔츠
STD_001896,폴라 티셔츠,STD_001890,3,남성의류 > 긴팔티셔츠 > 폴라 티셔츠
STD_001897,프린트티셔츠,STD_001890,3,남성의류 > 긴팔티셔츠 > 프린트티셔츠
STD_001898,후드티셔츠,STD_001890,3,남성의류 > 긴팔티셔츠 > 후드티셔츠
STD_001900,니트,STD_001860,2,남성의류 > 니트
STD_001899,니트집업,STD_001900,3,남성의류 > 니트 > 니트집업
STD_001901,라운드넥 니트,STD_001900,3,남성의류 > 니트 > 라운드넥 니트
STD_001902,라운드넥니트,STD_001900,3,남성의류 > 니트 > 라운드넥니트
STD_001903,브이넥 니트,STD_001900,3,남성의류 > 니트 > 브이넥 니트
STD_001904,브이넥니트,STD_001900,3,남성의류 > 니트 > 브이넥니트
STD_001905,집업 니트,STD_001900,3,남성의류 > 니트 > 집업 니트
STD_001906,터틀넥/폴라니트,STD_001900,3,남성의류 > 니트 > 터틀넥/폴라니트
STD_001908,니트/스웨터,STD_001860,2,남성의류 > 니트/스웨터
STD_001907,라운드넥니트,STD_001908,3,남성의류 > 니트/스웨터 > 라운드넥니트
STD_001909,브이넥니트,STD_001908,3,남성의류 > 니트/스웨터 > 브이넥니트
STD_001910,집업니트,STD_001908,3,남성의류 > 니트/스웨터 > 집업니트
STD_001911,터틀넥/폴라니트,STD_001908,3,남성의류 > 니트/스웨터 > 터틀넥/폴라니트
STD_001913,드레스셔츠,STD_001860,2,남성의류 > 드레스셔츠
STD_001912,솔리드셔츠,STD_001913,3,남성의류 > 드레스셔츠 > 솔리드셔츠
STD_001914,스트라이프셔츠,STD_001913,3,남성의류 > 드레스셔츠 > 스트라이프셔츠
STD_001915,체크/프린트셔츠,STD_001913,3,남성의류 > 드레스셔츠 > 체크/프린트셔츠
STD_001916,프린트/체크셔츠,STD_001913,3,남성의류 > 드레스셔츠 > 프린트/체크셔츠
STD_001918,맨투맨/후드티,STD_001860,2,남성의류 > 맨투맨/후드티
STD_001917,맨투맨 티셔츠,STD_001918,3,남성의류 > 맨투맨/후드티 > 맨투맨 티셔츠
STD_001919,후드집업,STD_001918,3,남성의류 > 맨투맨/후드티 > 후드집업
STD_001920,후드티셔츠,STD_001918,3,남성의류 > 맨투맨/후드티 > 후드티셔츠
STD_001922,바지,STD_001860,2,남성의류 > 바지
STD_001921,기모팬츠,STD_001922,3,남성의류 > 바지 > 기모팬츠
STD_001923,면/린넨반바지,STD_001922,3,남성의류 > 바지 > 면/린넨반바지
STD_001924,슬랙스,STD_001922,3,남성의류 > 바지 > 슬랙스
STD_001925,청반바지,STD_001922,3,남성의류 > 바지 > 청반바지
STD_001926,치노면바지,STD_001922,3,남성의류 > 바지 > 치노면바지
STD_001928,반바지,STD_001860,2,남성의류 > 반바지
STD_001927,면/린넨반바지,STD_001928,3,남성의류 > 반바지 > 면/린넨반바지
STD_001929,청 반바지,STD_001928,3,남성의류 > 반바지 > 청 반바지
STD_001930,청반바지,STD_001928,3,남성의류 > 반바지 > 청반바지
STD_001932,반팔티셔츠,STD_001860,2,남성의류 > 반팔티셔츠
STD_001931,라운드넥반팔티,STD_001932,3,남성의류 > 반팔티셔츠 > 라운드넥반팔티
STD_001933,라운드넥티셔츠,STD_001932,3,남성의류 > 반팔티셔츠 > 라운드넥티셔츠
STD_001934,민소매/나시티셔츠,STD_001932,3,남성의류 > 반팔티셔츠 > 민소매/나시티셔츠
STD_001935,민소매티셔츠,STD_001932,3,남성의류 > 반팔티셔츠 > 민소매티셔츠
STD_001936,브이넥 반팔티,STD_001932,3,남성의류 > 반팔티셔츠 > 브이넥 반팔티
STD_001937,브이넥반팔티,STD_001932,3,남성의류 > 반팔티셔츠 > 브이넥반팔티
STD_001938,브이넥티셔츠,STD_001932,3,남성의류 > 반팔티셔츠 > 브이넥티셔츠
STD_001939,카라 반팔티,STD_001932,3,남성의류 > 반팔티셔츠 > 카라 반팔티
STD_001940,카라넥티셔츠,STD_001932,3,남성의류 > 반팔티셔츠 > 카라넥티셔츠
STD_001941,카라반팔티,STD_001932,3,남성의류 > 반팔티셔츠 > 카라반팔티
STD_001942,프린트 반팔티,STD_001932,3,남성의류 > 반팔티셔츠 > 프린트 반팔티
STD_001943,프린트반팔티,STD_001932,3,남성의류 > 반팔티셔츠 > 프린트반팔티
STD_001945,비치웨어/수영복,STD_001860,2,남성의류 > 비치웨어/수영복
STD_001944,비치웨어,STD_001945,3,남성의류 > 비치웨어/수영복 > 비치웨어
STD_001946,수영복,STD_001945,3,남성의류 > 비치웨어/수영복 > 수영복
STD_001948,빅사이즈,STD_001860,2,남성의류 > 빅사이즈
STD_001947,니트/가디건,STD_001948,3,남성의류 > 빅사이즈 > 니트/가디건
STD_001949,바지/반바지,STD_001948,3,남성의류 > 빅사이즈 > 바지/반바지
STD_001950,자켓/점퍼/코트,STD_001948,3,남성의류 > 빅사이즈 > 자켓/점퍼/코트
STD_001951,자켓/코트,STD_001948,3,남성의류 > 빅사이즈 > 자켓/코트
STD_001952,점퍼/야상/패딩,STD_001948,3,남성의류 > 빅사이즈 > 점퍼/야상/패딩
STD_001953,정장/셔츠,STD_001948,3,남성의류 > 빅사이즈 > 정장/셔츠
STD_001954,청바지,STD_001948,3,남성의류 > 빅사이즈 > 청바지
STD_001955,캐주얼바지,STD_001948,3,남성의류 > 빅사이즈 > 캐주얼바지
STD_001956,캐주얼셔츠,STD_001948,3,남성의류 > 빅사이즈 > 캐주얼셔츠
STD_001957,트레이닝복,STD_001948,3,남성의류 > 빅사이즈 > 트레이닝복
STD_001958,티셔츠,STD_001948,3,남성의류 > 빅사이즈 > 티셔츠
STD_001960,시즌웨어,STD_001860,2,남성의류 > 시즌웨어
STD_001959,비치웨어,STD_001960,3,남성의류 > 시즌웨어 > 비치웨어
STD_001961,수영복,STD_001960,3,남성의류 > 시즌웨어 > 수영복
STD_001962,한복,STD_001960,3,남성의류 > 시즌웨어 > 한복
STD_001964,자켓,STD_001860,2,남성의류 > 자켓
STD_001963,데님 자켓,STD_001964,3,남성의류 > 자켓 > 데님 자켓
STD_001965,린넨 자켓,STD_001964,3,남성의류 > 자켓 > 린넨 자켓
STD_001966,무스탕/가죽 자켓,STD_001964,3,남성의류 > 자켓 > 무스탕/가죽 자켓
STD_001967,블레이져,STD_001964,3,남성의류 > 자켓 > 블레이져
STD_001969,자켓/코트,STD_001860,2,남성의류 > 자켓/코트
STD_001968,데님자켓,STD_001969,3,남성의류 > 자켓/코트 > 데님자켓
STD_001970,린넨자켓,STD_001969,3,남성의류 > 자켓/코트 > 린넨자켓
STD_001971,무스탕/가죽자켓,STD_001969,3,남성의류 > 자켓/코트 > 무스탕/가죽자켓
STD_001972,블레이져,STD_001969,3,남성의류 > 자켓/코트 > 블레이져
STD_001973,코트,STD_001969,3,남성의류 > 자켓/코트 > 코트
STD_001974,트렌치/맥코트,STD_001969,3,남성의류 > 자켓/코트 > 트렌치/맥코트
STD_001976,점퍼/야상/패딩,STD_001860,2,남성의류 > 점퍼/야상/패딩
STD_001975,바람막이 점퍼,STD_001976,3,남성의류 > 점퍼/야상/패딩 > 바람막이 점퍼
STD_001977,바람막이점퍼,STD_001976,3,남성의류 > 점퍼/야상/패딩 > 바람막이점퍼
STD_001978,블루종/항공점퍼,STD_001976,3,남성의류 > 점퍼/야상/패딩 > 블루종/항공점퍼
STD_001979,야상/사파리,STD_001976,3,남성의류 > 점퍼/야상/패딩 > 야상/사파리
STD_001980,야상점퍼,STD_001976,3,남성의류 > 점퍼/야상/패딩 > 야상점퍼
STD_001981,패딩 점퍼,STD_001976,3,남성의류 > 점퍼/야상/패딩 > 패딩 점퍼
STD_001982,패딩점퍼,STD_001976,3,남성의류 > 점퍼/야상/패딩 > 패딩점퍼
STD_001983,후드/집업점퍼,STD_001976,3,남성의류 > 점퍼/야상/패딩 > 후드/집업점퍼
STD_001985,점퍼/패딩/야상,STD_001860,2,남성의류 > 점퍼/패딩/야상
STD_001984,바람막이점퍼,STD_001985,3,남성의류 > 점퍼/패딩/야상 > 바람막이점퍼
STD_001986,블루종/항공점퍼,STD_001985,3,남성의류 > 점퍼/패딩/야상 > 블루종/항공점퍼
STD_001987,야상/사파리,STD_001985,3,남성의류 > 점퍼/패딩/야상 > 야상/사파리
STD_001988,패딩점퍼,STD_001985,3,남성의류 > 점퍼/패딩/야상 > 패딩점퍼
STD_001989,후드/집업점퍼,STD_001985,3,남성의류 > 점퍼/패딩/야상 > 후드/집업점퍼
STD_001991,정장,STD_001860,2,남성의류 > 정장
STD_001990,와이셔츠,STD_001991,3,남성의류 > 정장 > 와이셔츠
STD_001992,정장바지,STD_001991,3,남성의류 > 정장 > 정장바지
STD_001993,정장세트,STD_001991,3,남성의류 > 정장 > 정장세트
STD_001994,정장자켓,STD_001991,3,남성의류 > 정장 > 정장자켓
STD_001995,정장재킷,STD_001991,3,남성의류 > 정장 > 정장재킷
STD_001996,정장조끼,STD_001991,3,남성의류 > 정장 > 정장조끼
STD_001997,정장팬츠,STD_001991,3,남성의류 > 정장 > 정장팬츠
STD_001999,조끼,STD_001860,2,남성의류 > 조끼
STD_001998,캐주얼조끼,STD_001999,3,남성의류 > 조끼 > 캐주얼조끼
STD_002000,패딩조끼,STD_001999,3,남성의류 > 조끼 > 패딩조끼
STD_002002,청바지,STD_001860,2,남성의류 > 청바지
STD_002001,부츠컷/와이드핏,STD_002002,3,남성의류 > 청바지 > 부츠컷/와이드핏
STD_002003,스키니/슬림핏,STD_002002,3,남성의류 > 청바지 > 스키니/슬림핏
STD_002004,스트레이트핏,STD_002002,3,남성의류 > 청바지 > 스트레이트핏
STD_002006,캐주얼바지,STD_001860,2,남성의류 > 캐주얼바지
STD_002005,기모 팬츠,STD_002006,3,남성의류 > 캐주얼바지 > 기모 팬츠
STD_002007,기모팬츠,STD_002006,3,남성의류 > 캐주얼바지 > 기모팬츠
STD_002008,슬랙스,STD_002006,3,남성의류 > 캐주얼바지 > 슬랙스
STD_002009,치노 면바지,STD_002006,3,남성의류 > 캐주얼바지 > 치노 면바지
STD_002010,치노팬츠,STD_002006,3,남성의류 > 캐주얼바지 > 치노팬츠
STD_002012,캐주얼셔츠,STD_001860,2,남성의류 > 캐주얼셔츠
STD_002011,솔리드 셔츠,STD_002012,3,남성의류 > 캐주얼셔츠 > 솔리드 셔츠
STD_002013,솔리드셔츠,STD_002012,3,남성의류 > 캐주얼셔츠 > 솔리드셔츠
STD_002014,스트라이프 셔츠,STD_002012,3,남성의류 > 캐주얼셔츠 > 스트라이프 셔츠
STD_002015,스트라이프셔츠,STD_002012,3,남성의류 > 캐주얼셔츠 > 스트라이프셔츠
STD_002016,체크 셔츠,STD_002012,3,남성의류 > 캐주얼셔츠 > 체크 셔츠
STD_002017,체크/프린트셔츠,STD_002012,3,남성의류 > 캐주얼셔츠 > 체크/프린트셔츠
STD_002018,체크셔츠,STD_002012,3,남성의류 > 캐주얼셔츠 > 체크셔츠
STD_002020,캐주얼자켓,STD_001860,2,남성의류 > 캐주얼자켓
STD_002019,가죽자켓/무스탕,STD_002020,3,남성의류 > 캐주얼자켓 > 가죽자켓/무스탕
STD_002021,데님자켓,STD_002020,3,남성의류 > 캐주얼자켓 > 데님자켓
STD_002022,린넨자켓,STD_002020,3,남성의류 > 캐주얼자켓 > 린넨자켓
STD_002023,블레이져,STD_002020,3,남성의류 > 캐주얼자켓 > 블레이져
STD_002025,코트,STD_001860,2,남성의류 > 코트
STD_002024,모직코트,STD_002025,3,남성의류 > 코트 > 모직코트
STD_002026,코트,STD_002025,3,남성의류 > 코트 > 코트
STD_002027,트렌치/맥코트,STD_002025,3,남성의류 > 코트 > 트렌치/맥코트
STD_002028,트렌치코트,STD_002025,3,남성의류 > 코트 > 트렌치코트
STD_002030,테마의류,STD_001860,2,남성의류 > 테마의류
STD_002029,레인코트,STD_002030,3,남성의류 > 테마의류 > 레인코트
STD_002031,생활/전통한복,STD_002030,3,남성의류 > 테마의류 > 생활/전통한복
STD_002032,스키/보드복,STD_002030,3,남성의류 > 테마의류 > 스키/보드복
STD_002033,유니폼/교복,STD_002030,3,남성의류 > 테마의류 > 유니폼/교복
STD_002034,유니폼/작업복,STD_002030,3,남성의류 > 테마의류 > 유니폼/작업복
STD_002035,점프슈트,STD_002030,3,남성의류 > 테마의류 > 점프슈트
STD_002036,힙합/클럽/밀리터리,STD_002030,3,남성의류 > 테마의류 > 힙합/클럽/밀리터리
STD_002038,트레이닝,STD_001860,2,남성의류 > 트레이닝
STD_002037,트레이닝 상의,STD_002038,3,남성의류 > 트레이닝 > 트레이닝 상의
STD_002039,트레이닝바지,STD_002038,3,남성의류 > 트레이닝 > 트레이닝바지
STD_002040,트레이닝세트,STD_002038,3,남성의류 > 트레이닝 > 트레이닝세트
STD_002042,트레이닝복,STD_001860,2,남성의류 > 트레이닝복
STD_002041,바람막이/아웃도어점퍼,STD_002042,3,남성의류 > 트레이닝복 > 바람막이/아웃도어점퍼
STD_002043,아웃도어티셔츠,STD_002042,3,남성의류 > 트레이닝복 > 아웃도어티셔츠
STD_002044,아웃도어팬츠,STD_002042,3,남성의류 > 트레이닝복 > 아웃도어팬츠
STD_002045,트레이닝복상의,STD_002042,3,남성의류 > 트레이닝복 > 트레이닝복상의
STD_002046,트레이닝복세트,STD_002042,3,남성의류 > 트레이닝복 > 트레이닝복세트
STD_002047,트레이닝복하의,STD_002042,3,남성의류 > 트레이닝복 > 트레이닝복하의
STD_002048,트레이닝상의,STD_002042,3,남성의류 > 트레이닝복 > 트레이닝상의
STD_002049,트레이닝세트,STD_002042,3,남성의류 > 트레이닝복 > 트레이닝세트
STD_002050,트레이닝하의,STD_002042,3,남성의류 > 트레이닝복 > 트레이닝하의
STD_002053,노트북/PC,ROOT,1,노트북/PC
STD_002052,PC,STD_002053,2,노트북/PC > PC
STD_002051,미니PC/베어본,STD_002052,3,노트북/PC > PC > 미니PC/베어본
STD_002054,브랜드PC,STD_002052,3,노트북/PC > PC > 브랜드PC
STD_002055,서버/워크스테이션,STD_002052,3,노트북/PC > PC > 서버/워크스테이션
STD_002056,올인원PC,STD_002052,3,노트북/PC > PC > 올인원PC
STD_002057,조립PC,STD_002052,3,노트북/PC > PC > 조립PC
STD_002059,노트북,STD_002053,2,노트북/PC > 노트북
STD_002058,노트북,STD_002059,3,노트북/PC > 노트북 > 노트북
STD_002060,노트북/PC,STD_002053,2,노트북/PC > 노트북/PC
STD_002061,노트북/PC 기타,STD_002053,2,노트북/PC > 노트북/PC 기타
STD_002063,노트북용품,STD_002053,2,노트북/PC > 노트북용품
STD_002062,기타노트북용품,STD_002063,3,노트북/PC > 노트북용품 > 기타노트북용품
STD_002064,노트북가방/케이스,STD_002063,3,노트북/PC > 노트북용품 > 노트북가방/케이스
STD_002065,노트북거치대,STD_002063,3,노트북/PC > 노트북용품 > 노트북거치대
STD_002066,노트북도난방지,STD_002063,3,노트북/PC > 노트북용품 > 노트북도난방지
STD_002067,노트북배터리,STD_002063,3,노트북/PC > 노트북용품 > 노트북배터리
STD_002068,노트북보호필름,STD_002063,3,노트북/PC > 노트북용품 > 노트북보호필름
STD_002069,노트북어댑터,STD_002063,3,노트북/PC > 노트북용품 > 노트북어댑터
STD_002070,노트북키스킨,STD_002063,3,노트북/PC > 노트북용품 > 노트북키스킨
STD_002073,노트북/데스크탑,ROOT,1,노트북/데스크탑
STD_002072,노트북,STD_002073,2,노트북/데스크탑 > 노트북
STD_002071,노트북,STD_002072,3,노트북/데스크탑 > 노트북 > 노트북
STD_002075,노트북용품,STD_002073,2,노트북/데스크탑 > 노트북용품
STD_002074,기타노트북용품,STD_002075,3,노트북/데스크탑 > 노트북용품 > 기타노트북용품
STD_002076,노트북가방/파우치,STD_002075,3,노트북/데스크탑 > 노트북용품 > 노트북가방/파우치
STD_002077,노트북도난방지,STD_002075,3,노트북/데스크탑 > 노트북용품 > 노트북도난방지
STD_002078,노트북받침대/쿨러,STD_002075,3,노트북/데스크탑 > 노트북용품 > 노트북받침대/쿨러
STD_002079,노트북배터리,STD_002075,3,노트북/데스크탑 > 노트북용품 > 노트북배터리
STD_002080,노트북보호필름,STD_002075,3,노트북/데스크탑 > 노트북용품 > 노트북보호필름
STD_002081,노트북어댑터,STD_002075,3,노트북/데스크탑 > 노트북용품 > 노트북어댑터
STD_002082,노트북키스킨,STD_002075,3,노트북/데스크탑 > 노트북용품 > 노트북키스킨
STD_002084,데스크탑,STD_002073,2,노트북/데스크탑 > 데스크탑
STD_002083,미니PC/베어본,STD_002084,3,노트북/데스크탑 > 데스크탑 > 미니PC/베어본
STD_002085,브랜드PC,STD_002084,3,노트북/데스크탑 > 데스크탑 > 브랜드PC
STD_002086,서버/워크스테이션,STD_002084,3,노트북/데스크탑 > 데스크탑 > 서버/워크스테이션
STD_002087,올인원PC,STD_002084,3,노트북/데스크탑 > 데스크탑 > 올인원PC
STD_002088,조립PC,STD_002084,3,노트북/데스크탑 > 데스크탑 > 조립PC
STD_002091,등산/아웃도어,ROOT,1,등산/아웃도어
STD_002090,기타,STD_002091,2,등산/아웃도어 > 기타
STD_002089,기타,STD_002090,3,등산/아웃도어 > 기타 > 기타
STD_002093,남성등산의류,STD_002091,2,등산/아웃도어 > 남성등산의류
STD_002092,긴바지,STD_002093,3,등산/아웃도어 > 남성등산의류 > 긴바지
STD_002094,남성등산바지,STD_002093,3,등산/아웃도어 > 남성등산의류 > 남성등산바지
STD_002095,남성등산자켓,STD_002093,3,등산/아웃도어 > 남성등산의류 > 남성등산자켓
STD_002096,남성등산점퍼,STD_002093,3,등산/아웃도어 > 남성등산의류 > 남성등산점퍼
STD_002097,남성등산조끼,STD_002093,3,등산/아웃도어 > 남성등산의류 > 남성등산조끼
STD_002098,남성등산티셔츠,STD_002093,3,등산/아웃도어 > 남성등산의류 > 남성등산티셔츠
STD_002099,다운/패딩,STD_002093,3,등산/아웃도어 > 남성등산의류 > 다운/패딩
STD_002100,레인코트,STD_002093,3,등산/아웃도어 > 남성등산의류 > 레인코트
STD_002101,맨투맨/후드,STD_002093,3,등산/아웃도어 > 남성등산의류 > 맨투맨/후드
STD_002102,바람막이/재킷,STD_002093,3,등산/아웃도어 > 남성등산의류 > 바람막이/재킷
STD_002103,반바지,STD_002093,3,등산/아웃도어 > 남성등산의류 > 반바지
STD_002104,점퍼,STD_002093,3,등산/아웃도어 > 남성등산의류 > 점퍼
STD_002105,조끼/베스트,STD_002093,3,등산/아웃도어 > 남성등산의류 > 조끼/베스트
STD_002106,집업/후리스,STD_002093,3,등산/아웃도어 > 남성등산의류 > 집업/후리스
STD_002108,티셔츠,STD_002093,3,등산/아웃도어 > 남성등산의류 > 티셔츠
STD_002107,긴팔티셔츠,STD_002108,4,등산/아웃도어 > 남성등산의류 > 티셔츠 > 긴팔티셔츠
STD_002109,민소매티셔츠,STD_002108,4,등산/아웃도어 > 남성등산의류 > 티셔츠 > 민소매티셔츠
STD_002110,반팔티셔츠,STD_002108,4,등산/아웃도어 > 남성등산의류 > 티셔츠 > 반팔티셔츠
STD_002112,등산배낭/잡화,STD_002091,2,등산/아웃도어 > 등산배낭/잡화
STD_002111,기타등산잡화,STD_002112,3,등산/아웃도어 > 등산배낭/잡화 > 기타등산잡화
STD_002113,대형배낭,STD_002112,3,등산/아웃도어 > 등산배낭/잡화 > 대형배낭
STD_002114,등산모자,STD_002112,3,등산/아웃도어 > 등산배낭/잡화 > 등산모자
STD_002115,등산양말,STD_002112,3,등산/아웃도어 > 등산배낭/잡화 > 등산양말
STD_002116,등산장갑,STD_002112,3,등산/아웃도어 > 등산배낭/잡화 > 등산장갑
STD_002117,배낭소품,STD_002112,3,등산/아웃도어 > 등산배낭/잡화 > 배낭소품
STD_002118,배낭커버/방수커버,STD_002112,3,등산/아웃도어 > 등산배낭/잡화 > 배낭커버/방수커버
STD_002119,소형배낭,STD_002112,3,등산/아웃도어 > 등산배낭/잡화 > 소형배낭
STD_002120,중형배낭,STD_002112,3,등산/아웃도어 > 등산배낭/잡화 > 중형배낭
STD_002121,파우치/케이스,STD_002112,3,등산/아웃도어 > 등산배낭/잡화 > 파우치/케이스
STD_002123,등산용품/장비,STD_002091,2,등산/아웃도어 > 등산용품/장비
STD_002122,GPS/나침반,STD_002123,3,등산/아웃도어 > 등산용품/장비 > GPS/나침반
STD_002124,기타등산용품,STD_002123,3,등산/아웃도어 > 등산용품/장비 > 기타등산용품
STD_002125,등산물병/수통,STD_002123,3,등산/아웃도어 > 등산용품/장비 > 등산물병/수통
STD_002126,등산스틱/폴,STD_002123,3,등산/아웃도어 > 등산용품/장비 > 등산스틱/폴
STD_002127,망원경,STD_002123,3,등산/아웃도어 > 등산용품/장비 > 망원경
STD_002128,빙벽장비,STD_002123,3,등산/아웃도어 > 등산용품/장비 > 빙벽장비
STD_002129,손난로,STD_002123,3,등산/아웃도어 > 등산용품/장비 > 손난로
STD_002130,스패츠,STD_002123,3,등산/아웃도어 > 등산용품/장비 > 스패츠
STD_002131,아이젠,STD_002123,3,등산/아웃도어 > 등산용품/장비 > 아이젠
STD_002132,암벽장비,STD_002123,3,등산/아웃도어 > 등산용품/장비 > 암벽장비
STD_002133,핫팩,STD_002123,3,등산/아웃도어 > 등산용품/장비 > 핫팩
STD_002135,등산잡화/배낭,STD_002091,2,등산/아웃도어 > 등산잡화/배낭
STD_002134,기타등산잡화,STD_002135,3,등산/아웃도어 > 등산잡화/배낭 > 기타등산잡화
STD_002136,등산모자,STD_002135,3,등산/아웃도어 > 등산잡화/배낭 > 등산모자
STD_002137,등산배낭,STD_002135,3,등산/아웃도어 > 등산잡화/배낭 > 등산배낭
STD_002138,등산배낭커버,STD_002135,3,등산/아웃도어 > 등산잡화/배낭 > 등산배낭커버
STD_002139,등산양말,STD_002135,3,등산/아웃도어 > 등산잡화/배낭 > 등산양말
STD_002140,등산장갑,STD_002135,3,등산/아웃도어 > 등산잡화/배낭 > 등산장갑
STD_002142,등산장비,STD_002091,2,등산/아웃도어 > 등산장비
STD_002141,기타등산장비,STD_002142,3,등산/아웃도어 > 등산장비 > 기타등산장비
STD_002143,나침반,STD_002142,3,등산/아웃도어 > 등산장비 > 나침반
STD_002144,등강기/하강기,STD_002142,3,등산/아웃도어 > 등산장비 > 등강기/하강기
STD_002145,등산물병/수통,STD_002142,3,등산/아웃도어 > 등산장비 > 등산물병/수통
STD_002146,등산스틱,STD_002142,3,등산/아웃도어 > 등산장비 > 등산스틱
STD_002147,로프,STD_002142,3,등산/아웃도어 > 등산장비 > 로프
STD_002148,바일/피켈,STD_002142,3,등산/아웃도어 > 등산장비 > 바일/피켈
STD_002149,스패츠,STD_002142,3,등산/아웃도어 > 등산장비 > 스패츠
STD_002150,아이젠,STD_002142,3,등산/아웃도어 > 등산장비 > 아이젠
STD_002151,카라비너,STD_002142,3,등산/아웃도어 > 등산장비 > 카라비너
STD_002152,하네스/안전벨트,STD_002142,3,등산/아웃도어 > 등산장비 > 하네스/안전벨트
STD_002153,핫팩,STD_002142,3,등산/아웃도어 > 등산장비 > 핫팩
STD_002155,등산화/트래킹화,STD_002091,2,등산/아웃도어 > 등산화/트래킹화
STD_002154,등산화,STD_002155,3,등산/아웃도어 > 등산화/트래킹화 > 등산화
STD_002156,등산화소품,STD_002155,3,등산/아웃도어 > 등산화/트래킹화 > 등산화소품
STD_002157,릿지화,STD_002155,3,등산/아웃도어 > 등산화/트래킹화 > 릿지화
STD_002158,빙벽/암벽화,STD_002155,3,등산/아웃도어 > 등산화/트래킹화 > 빙벽/암벽화
STD_002159,트레킹화,STD_002155,3,등산/아웃도어 > 등산화/트래킹화 > 트레킹화
STD_002161,등산화/트레킹화,STD_002091,2,등산/아웃도어 > 등산화/트레킹화
STD_002160,등산화,STD_002161,3,등산/아웃도어 > 등산화/트레킹화 > 등산화
STD_002162,트레킹화,STD_002161,3,등산/아웃도어 > 등산화/트레킹화 > 트레킹화
STD_002164,여성등산의류,STD_002091,2,등산/아웃도어 > 여성등산의류
STD_002163,긴바지,STD_002164,3,등산/아웃도어 > 여성등산의류 > 긴바지
STD_002165,다운/패딩,STD_002164,3,등산/아웃도어 > 여성등산의류 > 다운/패딩
STD_002166,레인코트,STD_002164,3,등산/아웃도어 > 여성등산의류 > 레인코트
STD_002167,맨투맨/후드,STD_002164,3,등산/아웃도어 > 여성등산의류 > 맨투맨/후드
STD_002168,바람막이/재킷,STD_002164,3,등산/아웃도어 > 여성등산의류 > 바람막이/재킷
STD_002169,반바지,STD_002164,3,등산/아웃도어 > 여성등산의류 > 반바지
STD_002170,스커트,STD_002164,3,등산/아웃도어 > 여성등산의류 > 스커트
STD_002171,여성등산바지,STD_002164,3,등산/아웃도어 > 여성등산의류 > 여성등산바지
STD_002172,여성등산자켓,STD_002164,3,등산/아웃도어 > 여성등산의류 > 여성등산자켓
STD_002173,여성등산점퍼,STD_002164,3,등산/아웃도어 > 여성등산의류 > 여성등산점퍼
STD_002174,여성등산조끼,STD_002164,3,등산/아웃도어 > 여성등산의류 > 여성등산조끼
STD_002175,여성등산티셔츠,STD_002164,3,등산/아웃도어 > 여성등산의류 > 여성등산티셔츠
STD_002176,점퍼,STD_002164,3,등산/아웃도어 > 여성등산의류 > 점퍼
STD_002177,조끼/베스트,STD_002164,3,등산/아웃도어 > 여성등산의류 > 조끼/베스트
STD_002178,집업/후리스,STD_002164,3,등산/아웃도어 > 여성등산의류 > 집업/후리스
STD_002180,티셔츠,STD_002164,3,등산/아웃도어 > 여성등산의류 > 티셔츠
STD_002179,긴팔티셔츠,STD_002180,4,등산/아웃도어 > 여성등산의류 > 티셔츠 > 긴팔티셔츠
STD_002181,민소매티셔츠,STD_002180,4,등산/아웃도어 > 여성등산의류 > 티셔츠 > 민소매티셔츠
STD_002182,반팔티셔츠,STD_002180,4,등산/아웃도어 > 여성등산의류 > 티셔츠 > 반팔티셔츠
STD_002184,디지털/가전,ROOT,1,디지털/가전
STD_002183,계절가전,STD_002184,2,디지털/가전 > 계절가전
STD_002185,디지털/가전 기타,STD_002184,2,디지털/가전 > 디지털/가전 기타
STD_002186,생활가전,STD_002184,2,디지털/가전 > 생활가전
STD_002187,영상/음향가전,STD_002184,2,디지털/가전 > 영상/음향가전
STD_002188,주방가전,STD_002184,2,디지털/가전 > 주방가전
STD_002189,카메라,STD_002184,2,디지털/가전 > 카메라
STD_002192,리빙/생활,ROOT,1,리빙/생활
STD_002191,가구/인테리어,STD_002192,2,리빙/생활 > 가구/인테리어
STD_002190,가드닝/기타소품,STD_002191,3,리빙/생활 > 가구/인테리어 > 가드닝/기타소품
STD_002193,거실가구,STD_002191,3,리빙/생활 > 가구/인테리어 > 거실가구
STD_002194,수납용품,STD_002191,3,리빙/생활 > 가구/인테리어 > 수납용품
STD_002195,시계/조명/액자,STD_002191,3,리빙/생활 > 가구/인테리어 > 시계/조명/액자
STD_002196,주방가구,STD_002191,3,리빙/생활 > 가구/인테리어 > 주방가구
STD_002197,침구/쿠션/방석,STD_002191,3,리빙/생활 > 가구/인테리어 > 침구/쿠션/방석
STD_002198,침실가구,STD_002191,3,리빙/생활 > 가구/인테리어 > 침실가구
STD_002199,캔들/디퓨저,STD_002191,3,리빙/생활 > 가구/인테리어 > 캔들/디퓨저
STD_002200,커튼/카페트/러그,STD_002191,3,리빙/생활 > 가구/인테리어 > 커튼/카페트/러그
STD_002201,패브릭소품,STD_002191,3,리빙/생활 > 가구/인테리어 > 패브릭소품
STD_002203,생활용품,STD_002192,2,리빙/생활 > 생활용품
STD_002202,생활잡화,STD_002203,3,리빙/생활 > 생활용품 > 생활잡화
STD_002204,세탁/청소용품,STD_002203,3,리빙/생활 > 생활용품 > 세탁/청소용품
STD_002205,욕실용품,STD_002203,3,리빙/생활 > 생활용품 > 욕실용품
STD_002206,안전인증 장난감/완구,STD_002192,2,리빙/생활 > 안전인증 장난감/완구
STD_002207,안전인증 출산/육아용품,STD_002192,2,리빙/생활 > 안전인증 출산/육아용품
STD_002209,주방용품,STD_002192,2,리빙/생활 > 주방용품
STD_002208,냄비/팬,STD_002209,3,리빙/생활 > 주방용품 > 냄비/팬
STD_002210,식기/컵,STD_002209,3,리빙/생활 > 주방용품 > 식기/컵
STD_002211,조리도구,STD_002209,3,리빙/생활 > 주방용품 > 조리도구
STD_002212,주방잡화,STD_002209,3,리빙/생활 > 주방용품 > 주방잡화
STD_002213,커피/와인용품,STD_002209,3,리빙/생활 > 주방용품 > 커피/와인용품
STD_002215,키덜트/취미,STD_002192,2,리빙/생활 > 키덜트/취미
STD_002214,문구/디자인용품,STD_002215,3,리빙/생활 > 키덜트/취미 > 문구/디자인용품
STD_002216,악기,STD_002215,3,리빙/생활 > 키덜트/취미 > 악기
STD_002217,애완용품,STD_002215,3,리빙/생활 > 키덜트/취미 > 애완용품
STD_002218,파티용품,STD_002215,3,리빙/생활 > 키덜트/취미 > 파티용품
STD_002219,피규어/프라모델,STD_002215,3,리빙/생활 > 키덜트/취미 > 피규어/프라모델
STD_002222,바디/헤어,ROOT,1,바디/헤어
STD_002221,구강케어,STD_002222,2,바디/헤어 > 구강케어
STD_002220,구강청결제,STD_002221,3,바디/헤어 > 구강케어 > 구강청결제
STD_002223,기타구강케어,STD_002221,3,바디/헤어 > 구강케어 > 기타구강케어
STD_002224,치실/치간칫솔,STD_002221,3,바디/헤어 > 구강케어 > 치실/치간칫솔
STD_002225,치아미백용품,STD_002221,3,바디/헤어 > 구강케어 > 치아미백용품
STD_002226,치약,STD_002221,3,바디/헤어 > 구강케어 > 치약
STD_002227,치약칫솔세트,STD_002221,3,바디/헤어 > 구강케어 > 치약칫솔세트
STD_002228,칫솔,STD_002221,3,바디/헤어 > 구강케어 > 칫솔
STD_002229,혀클리너,STD_002221,3,바디/헤어 > 구강케어 > 혀클리너
STD_002231,면도용품,STD_002222,2,바디/헤어 > 면도용품
STD_002230,기타면도용품,STD_002231,3,바디/헤어 > 면도용품 > 기타면도용품
STD_002232,면도기,STD_002231,3,바디/헤어 > 면도용품 > 면도기
STD_002233,면도날,STD_002231,3,바디/헤어 > 면도용품 > 면도날
STD_002234,면도크림/쉐이빙폼,STD_002231,3,바디/헤어 > 면도용품 > 면도크림/쉐이빙폼
STD_002235,일회용면도기,STD_002231,3,바디/헤어 > 면도용품 > 일회용면도기
STD_002237,바디케어,STD_002222,2,바디/헤어 > 바디케어
STD_002236,거품입욕제,STD_002237,3,바디/헤어 > 바디케어 > 거품입욕제
STD_002238,남성청결제,STD_002237,3,바디/헤어 > 바디케어 > 남성청결제
STD_002239,데오드란트,STD_002237,3,바디/헤어 > 바디케어 > 데오드란트
STD_002240,목욕비누,STD_002237,3,바디/헤어 > 바디케어 > 목욕비누
STD_002241,바디로션,STD_002237,3,바디/헤어 > 바디케어 > 바디로션
STD_002242,바디미스트,STD_002237,3,바디/헤어 > 바디케어 > 바디미스트
STD_002243,바디스크럽,STD_002237,3,바디/헤어 > 바디케어 > 바디스크럽
STD_002244,바디오일,STD_002237,3,바디/헤어 > 바디케어 > 바디오일
STD_002245,바디케어세트,STD_002237,3,바디/헤어 > 바디케어 > 바디케어세트
STD_002246,바디케어용품,STD_002237,3,바디/헤어 > 바디케어 > 바디케어용품
STD_002247,바디크림,STD_002237,3,바디/헤어 > 바디케어 > 바디크림
STD_002248,바디클렌저,STD_002237,3,바디/헤어 > 바디케어 > 바디클렌저
STD_002249,바스솔트,STD_002237,3,바디/헤어 > 바디케어 > 바스솔트
STD_002250,샤워코롱,STD_002237,3,바디/헤어 > 바디케어 > 샤워코롱
STD_002251,여성청결제,STD_002237,3,바디/헤어 > 바디케어 > 여성청결제
STD_002253,제모용품,STD_002222,2,바디/헤어 > 제모용품
STD_002252,제모기,STD_002253,3,바디/헤어 > 제모용품 > 제모기
STD_002254,제모제,STD_002253,3,바디/헤어 > 제모용품 > 제모제
STD_002256,핸드케어/풋케어,STD_002222,2,바디/헤어 > 핸드케어/풋케어
STD_002255,발각질제거제,STD_002256,3,바디/헤어 > 핸드케어/풋케어 > 발각질제거제
STD_002257,발냄새제거제,STD_002256,3,바디/헤어 > 핸드케어/풋케어 > 발냄새제거제
STD_002258,손세정제,STD_002256,3,바디/헤어 > 핸드케어/풋케어 > 손세정제
STD_002259,손소독제,STD_002256,3,바디/헤어 > 핸드케어/풋케어 > 손소독제
STD_002260,풋크림,STD_002256,3,바디/헤어 > 핸드케어/풋케어 > 풋크림
STD_002261,핸드케어/풋케어용품,STD_002256,3,바디/헤어 > 핸드케어/풋케어 > 핸드케어/풋케어용품
STD_002262,핸드크림,STD_002256,3,바디/헤어 > 핸드케어/풋케어 > 핸드크림
STD_002264,헤어스타일링,STD_002222,2,바디/헤어 > 헤어스타일링
STD_002263,염색약,STD_002264,3,바디/헤어 > 헤어스타일링 > 염색약
STD_002265,탈색제,STD_002264,3,바디/헤어 > 헤어스타일링 > 탈색제
STD_002266,파마약,STD_002264,3,바디/헤어 > 헤어스타일링 > 파마약
STD_002267,헤어글레이즈,STD_002264,3,바디/헤어 > 헤어스타일링 > 헤어글레이즈
STD_002268,헤어롤,STD_002264,3,바디/헤어 > 헤어스타일링 > 헤어롤
STD_002269,헤어매니큐어,STD_002264,3,바디/헤어 > 헤어스타일링 > 헤어매니큐어
STD_002270,헤어무스,STD_002264,3,바디/헤어 > 헤어스타일링 > 헤어무스
STD_002271,헤어브러시,STD_002264,3,바디/헤어 > 헤어스타일링 > 헤어브러시
STD_002272,헤어스타일링용품,STD_002264,3,바디/헤어 > 헤어스타일링 > 헤어스타일링용품
STD_002273,헤어스프레이,STD_002264,3,바디/헤어 > 헤어스타일링 > 헤어스프레이
STD_002274,헤어왁스,STD_002264,3,바디/헤어 > 헤어스타일링 > 헤어왁스
STD_002275,헤어젤,STD_002264,3,바디/헤어 > 헤어스타일링 > 헤어젤
STD_002277,헤어케어,STD_002222,2,바디/헤어 > 헤어케어
STD_002276,기타헤어케어용품,STD_002277,3,바디/헤어 > 헤어케어 > 기타헤어케어용품
STD_002278,두피/탈모케어용품,STD_002277,3,바디/헤어 > 헤어케어 > 두피/탈모케어용품
STD_002279,샴푸/린스,STD_002277,3,바디/헤어 > 헤어케어 > 샴푸/린스
STD_002280,탈모케어,STD_002277,3,바디/헤어 > 헤어케어 > 탈모케어
STD_002281,헤어미스트,STD_002277,3,바디/헤어 > 헤어케어 > 헤어미스트
STD_002282,헤어에센스,STD_002277,3,바디/헤어 > 헤어케어 > 헤어에센스
STD_002283,헤어에센스/오일,STD_002277,3,바디/헤어 > 헤어케어 > 헤어에센스/오일
STD_002284,헤어트리트먼트,STD_002277,3,바디/헤어 > 헤어케어 > 헤어트리트먼트
STD_002285,헤어팩,STD_002277,3,바디/헤어 > 헤어케어 > 헤어팩
STD_002288,배달음식,ROOT,1,배달음식
STD_002287,도시락/죽,STD_002288,2,배달음식 > 도시락/죽
STD_002286,브랜드,STD_002287,3,배달음식 > 도시락/죽 > 브랜드
STD_002289,비브랜드,STD_002287,3,배달음식 > 도시락/죽 > 비브랜드
STD_002290,일반매장,STD_002287,3,배달음식 > 도시락/죽 > 일반매장
STD_002292,분식/디저트,STD_002288,2,배달음식 > 분식/디저트
STD_002291,브랜드,STD_002292,3,배달음식 > 분식/디저트 > 브랜드
STD_002293,비브랜드,STD_002292,3,배달음식 > 분식/디저트 > 비브랜드
STD_002294,일반매장,STD_002292,3,배달음식 > 분식/디저트 > 일반매장
STD_002296,야식,STD_002288,2,배달음식 > 야식
STD_002295,브랜드,STD_002296,3,배달음식 > 야식 > 브랜드
STD_002297,비브랜드,STD_002296,3,배달음식 > 야식 > 비브랜드
STD_002298,일반매장,STD_002296,3,배달음식 > 야식 > 일반매장
STD_002300,일식/돈까스,STD_002288,2,배달음식 > 일식/돈까스
STD_002299,브랜드,STD_002300,3,배달음식 > 일식/돈까스 > 브랜드
STD_002301,비브랜드,STD_002300,3,배달음식 > 일식/돈까스 > 비브랜드
STD_002302,일반매장,STD_002300,3,배달음식 > 일식/돈까스 > 일반매장
STD_002304,족발/보쌈,STD_002288,2,배달음식 > 족발/보쌈
STD_002303,브랜드,STD_002304,3,배달음식 > 족발/보쌈 > 브랜드
STD_002305,비브랜드,STD_002304,3,배달음식 > 족발/보쌈 > 비브랜드
STD_002306,일반매장,STD_002304,3,배달음식 > 족발/보쌈 > 일반매장
STD_002308,중식,STD_002288,2,배달음식 > 중식
STD_002307,브랜드,STD_002308,3,배달음식 > 중식 > 브랜드
STD_002309,비브랜드,STD_002308,3,배달음식 > 중식 > 비브랜드
STD_002310,일반매장,STD_002308,3,배달음식 > 중식 > 일반매장
STD_002312,치킨,STD_002288,2,배달음식 > 치킨
STD_002311,브랜드,STD_002312,3,배달음식 > 치킨 > 브랜드
STD_002313,비브랜드,STD_002312,3,배달음식 > 치킨 > 비브랜드
STD_002314,일반매장,STD_002312,3,배달음식 > 치킨 > 일반매장
STD_002316,프랜차이즈,STD_002288,2,배달음식 > 프랜차이즈
STD_002315,브랜드,STD_002316,3,배달음식 > 프랜차이즈 > 브랜드
STD_002317,브랜드A,STD_002316,3,배달음식 > 프랜차이즈 > 브랜드A
STD_002318,브랜드B,STD_002316,3,배달음식 > 프랜차이즈 > 브랜드B
STD_002319,브랜드C,STD_002316,3,배달음식 > 프랜차이즈 > 브랜드C
STD_002320,비브랜드,STD_002316,3,배달음식 > 프랜차이즈 > 비브랜드
STD_002321,일반매장,STD_002316,3,배달음식 > 프랜차이즈 > 일반매장
STD_002323,피자/양식,STD_002288,2,배달음식 > 피자/양식
STD_002322,브랜드,STD_002323,3,배달음식 > 피자/양식 > 브랜드
STD_002324,비브랜드,STD_002323,3,배달음식 > 피자/양식 > 비브랜드
STD_002325,일반매장,STD_002323,3,배달음식 > 피자/양식 > 일반매장
STD_002327,한식,STD_002288,2,배달음식 > 한식
STD_002326,브랜드,STD_002327,3,배달음식 > 한식 > 브랜드
STD_002328,비브랜드,STD_002327,3,배달음식 > 한식 > 비브랜드
STD_002329,일반매장,STD_002327,3,배달음식 > 한식 > 일반매장
STD_002332,뷰티,ROOT,1,뷰티
STD_002331,남성스킨케어,STD_002332,2,뷰티 > 남성스킨케어
STD_002330,남성화장품 기타,STD_002331,3,뷰티 > 남성스킨케어 > 남성화장품 기타
STD_002333,스킨/로션,STD_002331,3,뷰티 > 남성스킨케어 > 스킨/로션
STD_002334,에센스/크림,STD_002331,3,뷰티 > 남성스킨케어 > 에센스/크림
STD_002335,클렌저/쉐이빙크림,STD_002331,3,뷰티 > 남성스킨케어 > 클렌저/쉐이빙크림
STD_002338,남성화장품,STD_002332,2,뷰티 > 남성화장품
STD_002337,남성메이크업,STD_002338,3,뷰티 > 남성화장품 > 남성메이크업
STD_002336,남성 기타 베이스메이크업,STD_002337,4,뷰티 > 남성화장품 > 남성메이크업 > 남성 기타 베이스메이크업
STD_002339,남성 아이브로우,STD_002337,4,뷰티 > 남성화장품 > 남성메이크업 > 남성 아이브로우
STD_002340,남성 위장크림,STD_002337,4,뷰티 > 남성화장품 > 남성메이크업 > 남성 위장크림
STD_002341,남성 파운데이션/쿠션,STD_002337,4,뷰티 > 남성화장품 > 남성메이크업 > 남성 파운데이션/쿠션
STD_002342,남성 팩트/파우더,STD_002337,4,뷰티 > 남성화장품 > 남성메이크업 > 남성 팩트/파우더
STD_002343,남성BB/CC크림,STD_002337,4,뷰티 > 남성화장품 > 남성메이크업 > 남성BB/CC크림
STD_002346,남성스킨케어,STD_002338,3,뷰티 > 남성화장품 > 남성스킨케어
STD_002345,각질케어,STD_002346,4,뷰티 > 남성화장품 > 남성스킨케어 > 각질케어
STD_002344,스크럽,STD_002345,5,뷰티 > 남성화장품 > 남성스킨케어 > 각질케어 > 스크럽
STD_002347,필링,STD_002345,5,뷰티 > 남성화장품 > 남성스킨케어 > 각질케어 > 필링
STD_002348,남성 로션/에멀젼,STD_002346,4,뷰티 > 남성화장품 > 남성스킨케어 > 남성 로션/에멀젼
STD_002349,남성 립밤,STD_002346,4,뷰티 > 남성화장품 > 남성스킨케어 > 남성 립밤
STD_002350,남성 마스크팩,STD_002346,4,뷰티 > 남성화장품 > 남성스킨케어 > 남성 마스크팩
STD_002351,남성 스킨/토너,STD_002346,4,뷰티 > 남성화장품 > 남성스킨케어 > 남성 스킨/토너
STD_002352,남성 슬리핑/젤타입 팩,STD_002346,4,뷰티 > 남성화장품 > 남성스킨케어 > 남성 슬리핑/젤타입 팩
STD_002353,남성 아이케어,STD_002346,4,뷰티 > 남성화장품 > 남성스킨케어 > 남성 아이케어
STD_002354,남성 애프터 쉐이빙 케어,STD_002346,4,뷰티 > 남성화장품 > 남성스킨케어 > 남성 애프터 쉐이빙 케어
STD_002355,남성 에센스/세럼/앰플,STD_002346,4,뷰티 > 남성화장품 > 남성스킨케어 > 남성 에센스/세럼/앰플
STD_002356,남성 올인원,STD_002346,4,뷰티 > 남성화장품 > 남성스킨케어 > 남성 올인원
STD_002357,남성 크림,STD_002346,4,뷰티 > 남성화장품 > 남성스킨케어 > 남성 크림
STD_002359,남성선케어,STD_002346,4,뷰티 > 남성화장품 > 남성스킨케어 > 남성선케어
STD_002358,선스틱/선스프레이,STD_002359,5,뷰티 > 남성화장품 > 남성스킨케어 > 남성선케어 > 선스틱/선스프레이
STD_002360,선크림/선로션,STD_002359,5,뷰티 > 남성화장품 > 남성스킨케어 > 남성선케어 > 선크림/선로션
STD_002362,남성클렌징,STD_002346,4,뷰티 > 남성화장품 > 남성스킨케어 > 남성클렌징
STD_002361,시트/티슈,STD_002362,5,뷰티 > 남성화장품 > 남성스킨케어 > 남성클렌징 > 시트/티슈
STD_002363,오일/워터/크림,STD_002362,5,뷰티 > 남성화장품 > 남성스킨케어 > 남성클렌징 > 오일/워터/크림
STD_002364,클렌징폼/젤/비누,STD_002362,5,뷰티 > 남성화장품 > 남성스킨케어 > 남성클렌징 > 클렌징폼/젤/비누
STD_002366,남성화장품세트,STD_002338,3,뷰티 > 남성화장품 > 남성화장품세트
STD_002365,남성 2종 세트,STD_002366,4,뷰티 > 남성화장품 > 남성화장품세트 > 남성 2종 세트
STD_002367,남성 3종 세트,STD_002366,4,뷰티 > 남성화장품 > 남성화장품세트 > 남성 3종 세트
STD_002368,남성 4종 이상 세트,STD_002366,4,뷰티 > 남성화장품 > 남성화장품세트 > 남성 4종 이상 세트
STD_002369,남성 여행용 세트,STD_002366,4,뷰티 > 남성화장품 > 남성화장품세트 > 남성 여행용 세트
STD_002373,네일,STD_002332,2,뷰티 > 네일
STD_002372,네일메이크업,STD_002373,3,뷰티 > 네일 > 네일메이크업
STD_002371,네일리무버,STD_002372,4,뷰티 > 네일 > 네일메이크업 > 네일리무버
STD_002370,쏙오프용품,STD_002371,5,뷰티 > 네일 > 네일메이크업 > 네일리무버 > 쏙오프용품
STD_002374,일반네일 리무버,STD_002371,5,뷰티 > 네일 > 네일메이크업 > 네일리무버 > 일반네일 리무버
STD_002375,젤네일 클렌져/리무버,STD_002371,5,뷰티 > 네일 > 네일메이크업 > 네일리무버 > 젤네일 클렌져/리무버
STD_002377,네일아트도구,STD_002372,4,뷰티 > 네일 > 네일메이크업 > 네일아트도구
STD_002376,기타네일소품,STD_002377,5,뷰티 > 네일 > 네일메이크업 > 네일아트도구 > 기타네일소품
STD_002378,네일 글리터/파우더,STD_002377,5,뷰티 > 네일 > 네일메이크업 > 네일아트도구 > 네일 글리터/파우더
STD_002379,네일 드라이어,STD_002377,5,뷰티 > 네일 > 네일메이크업 > 네일아트도구 > 네일 드라이어
STD_002380,네일 브러시,STD_002377,5,뷰티 > 네일 > 네일메이크업 > 네일아트도구 > 네일 브러시
STD_002381,네일 스톤/파츠,STD_002377,5,뷰티 > 네일 > 네일메이크업 > 네일아트도구 > 네일 스톤/파츠
STD_002382,네일 스티커,STD_002377,5,뷰티 > 네일 > 네일메이크업 > 네일아트도구 > 네일 스티커
STD_002383,네일 핀셋/가위,STD_002377,5,뷰티 > 네일 > 네일메이크업 > 네일아트도구 > 네일 핀셋/가위
STD_002384,네일글루/본드,STD_002377,5,뷰티 > 네일 > 네일메이크업 > 네일아트도구 > 네일글루/본드
STD_002385,네일팁/인조손톱,STD_002377,5,뷰티 > 네일 > 네일메이크업 > 네일아트도구 > 네일팁/인조손톱
STD_002386,반경화 네일,STD_002377,5,뷰티 > 네일 > 네일메이크업 > 네일아트도구 > 반경화 네일
STD_002387,반경화 패디,STD_002377,5,뷰티 > 네일 > 네일메이크업 > 네일아트도구 > 반경화 패디
STD_002388,아트스틱,STD_002377,5,뷰티 > 네일 > 네일메이크업 > 네일아트도구 > 아트스틱
STD_002389,워터데칼/씰/네일스텐실,STD_002377,5,뷰티 > 네일 > 네일메이크업 > 네일아트도구 > 워터데칼/씰/네일스텐실
STD_002390,젤네일 램프,STD_002377,5,뷰티 > 네일 > 네일메이크업 > 네일아트도구 > 젤네일 램프
STD_002391,패디팁/패디연장,STD_002377,5,뷰티 > 네일 > 네일메이크업 > 네일아트도구 > 패디팁/패디연장
STD_002393,일반 네일,STD_002372,4,뷰티 > 네일 > 네일메이크업 > 일반 네일
STD_002392,드라이 네일,STD_002393,5,뷰티 > 네일 > 네일메이크업 > 일반 네일 > 드라이 네일
STD_002394,베이스코트,STD_002393,5,뷰티 > 네일 > 네일메이크업 > 일반 네일 > 베이스코트
STD_002395,컬러 매니큐어,STD_002393,5,뷰티 > 네일 > 네일메이크업 > 일반 네일 > 컬러 매니큐어
STD_002396,탑코트,STD_002393,5,뷰티 > 네일 > 네일메이크업 > 일반 네일 > 탑코트
STD_002398,젤 네일,STD_002372,4,뷰티 > 네일 > 네일메이크업 > 젤 네일
STD_002397,베이스 젤,STD_002398,5,뷰티 > 네일 > 네일메이크업 > 젤 네일 > 베이스 젤
STD_002399,엣지 본더,STD_002398,5,뷰티 > 네일 > 네일메이크업 > 젤 네일 > 엣지 본더
STD_002400,컬러 젤,STD_002398,5,뷰티 > 네일 > 네일메이크업 > 젤 네일 > 컬러 젤
STD_002401,탑 젤,STD_002398,5,뷰티 > 네일 > 네일메이크업 > 젤 네일 > 탑 젤
STD_002402,네일세트,STD_002373,3,뷰티 > 네일 > 네일세트
STD_002405,네일케어,STD_002373,3,뷰티 > 네일 > 네일케어
STD_002404,네일 케어도구,STD_002405,4,뷰티 > 네일 > 네일케어 > 네일 케어도구
STD_002403,니퍼,STD_002404,5,뷰티 > 네일 > 네일케어 > 네일 케어도구 > 니퍼
STD_002406,샌딩블럭,STD_002404,5,뷰티 > 네일 > 네일케어 > 네일 케어도구 > 샌딩블럭
STD_002407,우드스틱,STD_002404,5,뷰티 > 네일 > 네일케어 > 네일 케어도구 > 우드스틱
STD_002408,전동네일관리기,STD_002404,5,뷰티 > 네일 > 네일케어 > 네일 케어도구 > 전동네일관리기
STD_002409,클리퍼/손톱깎이,STD_002404,5,뷰티 > 네일 > 네일케어 > 네일 케어도구 > 클리퍼/손톱깎이
STD_002410,파일/버퍼,STD_002404,5,뷰티 > 네일 > 네일케어 > 네일 케어도구 > 파일/버퍼
STD_002411,푸셔,STD_002404,5,뷰티 > 네일 > 네일케어 > 네일 케어도구 > 푸셔
STD_002413,네일트리트먼트,STD_002405,4,뷰티 > 네일 > 네일케어 > 네일트리트먼트
STD_002412,손톱 강화,STD_002413,5,뷰티 > 네일 > 네일케어 > 네일트리트먼트 > 손톱 강화
STD_002415,큐티클 케어,STD_002405,4,뷰티 > 네일 > 네일케어 > 큐티클 케어
STD_002414,큐티클 리무버,STD_002415,5,뷰티 > 네일 > 네일케어 > 큐티클 케어 > 큐티클 리무버
STD_002416,큐티클 크림/오일,STD_002415,5,뷰티 > 네일 > 네일케어 > 큐티클 케어 > 큐티클 크림/오일
STD_002418,네일케어,STD_002332,2,뷰티 > 네일케어
STD_002417,네일강화제,STD_002418,3,뷰티 > 네일케어 > 네일강화제
STD_002419,네일케어용품,STD_002418,3,뷰티 > 네일케어 > 네일케어용품
STD_002420,매니큐어/탑코트,STD_002418,3,뷰티 > 네일케어 > 매니큐어/탑코트
STD_002423,메이크업,STD_002332,2,뷰티 > 메이크업
STD_002422,립메이크업,STD_002423,3,뷰티 > 메이크업 > 립메이크업
STD_002421,립글로스,STD_002422,4,뷰티 > 메이크업 > 립메이크업 > 립글로스
STD_002424,립라이너,STD_002422,4,뷰티 > 메이크업 > 립메이크업 > 립라이너
STD_002425,립마커,STD_002422,4,뷰티 > 메이크업 > 립메이크업 > 립마커
STD_002426,립메이크업세트,STD_002422,4,뷰티 > 메이크업 > 립메이크업 > 립메이크업세트
STD_002427,립스틱,STD_002422,4,뷰티 > 메이크업 > 립메이크업 > 립스틱
STD_002428,립크레용,STD_002422,4,뷰티 > 메이크업 > 립메이크업 > 립크레용
STD_002429,립틴트,STD_002422,4,뷰티 > 메이크업 > 립메이크업 > 립틴트
STD_002430,립팔레트,STD_002422,4,뷰티 > 메이크업 > 립메이크업 > 립팔레트
STD_002431,립컬러/립케어,STD_002423,3,뷰티 > 메이크업 > 립컬러/립케어
STD_002433,멀티메이크업,STD_002423,3,뷰티 > 메이크업 > 멀티메이크업
STD_002432,멀티 스틱,STD_002433,4,뷰티 > 메이크업 > 멀티메이크업 > 멀티 스틱
STD_002434,멀티 펜슬/오토펜슬,STD_002433,4,뷰티 > 메이크업 > 멀티메이크업 > 멀티 펜슬/오토펜슬
STD_002435,멀티메이크업세트,STD_002433,4,뷰티 > 메이크업 > 멀티메이크업 > 멀티메이크업세트
STD_002436,메이크업 멀티 밤,STD_002433,4,뷰티 > 메이크업 > 멀티메이크업 > 메이크업 멀티 밤
STD_002437,메이크업 팔레트,STD_002433,4,뷰티 > 메이크업 > 멀티메이크업 > 메이크업 팔레트
STD_002438,메이크업 소품,STD_002423,3,뷰티 > 메이크업 > 메이크업 소품
STD_002440,바디메이크업,STD_002423,3,뷰티 > 메이크업 > 바디메이크업
STD_002439,바디 메이크업 세트,STD_002440,4,뷰티 > 메이크업 > 바디메이크업 > 바디 메이크업 세트
STD_002441,바디 스킨 메이크업,STD_002440,4,뷰티 > 메이크업 > 바디메이크업 > 바디 스킨 메이크업
STD_002442,타투/헤나용품,STD_002440,4,뷰티 > 메이크업 > 바디메이크업 > 타투/헤나용품
STD_002443,베이스 메이크업,STD_002423,3,뷰티 > 메이크업 > 베이스 메이크업
STD_002445,베이스메이크업,STD_002423,3,뷰티 > 메이크업 > 베이스메이크업
STD_002444,BB크림,STD_002445,4,뷰티 > 메이크업 > 베이스메이크업 > BB크림
STD_002446,CC크림,STD_002445,4,뷰티 > 메이크업 > 베이스메이크업 > CC크림
STD_002447,메이크업베이스,STD_002445,4,뷰티 > 메이크업 > 베이스메이크업 > 메이크업베이스
STD_002448,메이크업픽서,STD_002445,4,뷰티 > 메이크업 > 베이스메이크업 > 메이크업픽서
STD_002449,베이스메이크업 세트,STD_002445,4,뷰티 > 메이크업 > 베이스메이크업 > 베이스메이크업 세트
STD_002451,컨실러,STD_002445,4,뷰티 > 메이크업 > 베이스메이크업 > 컨실러
STD_002450,듀얼 컨실러,STD_002451,5,뷰티 > 메이크업 > 베이스메이크업 > 컨실러 > 듀얼 컨실러
STD_002452,리퀴드 컨실러,STD_002451,5,뷰티 > 메이크업 > 베이스메이크업 > 컨실러 > 리퀴드 컨실러
STD_002453,스틱 컨실러,STD_002451,5,뷰티 > 메이크업 > 베이스메이크업 > 컨실러 > 스틱 컨실러
STD_002454,튜브/크림 컨실러,STD_002451,5,뷰티 > 메이크업 > 베이스메이크업 > 컨실러 > 튜브/크림 컨실러
STD_002455,팔레트 컨실러,STD_002451,5,뷰티 > 메이크업 > 베이스메이크업 > 컨실러 > 팔레트 컨실러
STD_002456,트윈케익,STD_002445,4,뷰티 > 메이크업 > 베이스메이크업 > 트윈케익
STD_002458,파우더,STD_002445,4,뷰티 > 메이크업 > 베이스메이크업 > 파우더
STD_002457,루스파우더,STD_002458,5,뷰티 > 메이크업 > 베이스메이크업 > 파우더 > 루스파우더
STD_002459,팩트파우더,STD_002458,5,뷰티 > 메이크업 > 베이스메이크업 > 파우더 > 팩트파우더
STD_002461,파운데이션,STD_002445,4,뷰티 > 메이크업 > 베이스메이크업 > 파운데이션
STD_002460,리퀴드 파운데이션,STD_002461,5,뷰티 > 메이크업 > 베이스메이크업 > 파운데이션 > 리퀴드 파운데이션
STD_002462,스틱 파운데이션,STD_002461,5,뷰티 > 메이크업 > 베이스메이크업 > 파운데이션 > 스틱 파운데이션
STD_002463,쿠션 파운데이션,STD_002461,5,뷰티 > 메이크업 > 베이스메이크업 > 파운데이션 > 쿠션 파운데이션
STD_002464,크림 파운데이션,STD_002461,5,뷰티 > 메이크업 > 베이스메이크업 > 파운데이션 > 크림 파운데이션
STD_002465,파운데이션 밤/팩트,STD_002461,5,뷰티 > 메이크업 > 베이스메이크업 > 파운데이션 > 파운데이션 밤/팩트
STD_002466,프라이머,STD_002445,4,뷰티 > 메이크업 > 베이스메이크업 > 프라이머
STD_002467,블러셔/하이라이터,STD_002423,3,뷰티 > 메이크업 > 블러셔/하이라이터
STD_002468,아이/브로우 메이크업,STD_002423,3,뷰티 > 메이크업 > 아이/브로우 메이크업
STD_002471,아이메이크업,STD_002423,3,뷰티 > 메이크업 > 아이메이크업
STD_002470,마스카라,STD_002471,4,뷰티 > 메이크업 > 아이메이크업 > 마스카라
STD_002469,듀얼 마스카라,STD_002470,5,뷰티 > 메이크업 > 아이메이크업 > 마스카라 > 듀얼 마스카라
STD_002472,마스카라,STD_002470,5,뷰티 > 메이크업 > 아이메이크업 > 마스카라 > 마스카라
STD_002473,마스카라 베이스,STD_002470,5,뷰티 > 메이크업 > 아이메이크업 > 마스카라 > 마스카라 베이스
STD_002474,마스카라 탑,STD_002470,5,뷰티 > 메이크업 > 아이메이크업 > 마스카라 > 마스카라 탑
STD_002475,속눈썹/눈썹 영양제,STD_002470,5,뷰티 > 메이크업 > 아이메이크업 > 마스카라 > 속눈썹/눈썹 영양제
STD_002477,아이라이너,STD_002471,4,뷰티 > 메이크업 > 아이메이크업 > 아이라이너
STD_002476,리퀴드/펜 라이너,STD_002477,5,뷰티 > 메이크업 > 아이메이크업 > 아이라이너 > 리퀴드/펜 라이너
STD_002478,오토펜슬 라이너,STD_002477,5,뷰티 > 메이크업 > 아이메이크업 > 아이라이너 > 오토펜슬 라이너
STD_002479,젤/크림 라이너,STD_002477,5,뷰티 > 메이크업 > 아이메이크업 > 아이라이너 > 젤/크림 라이너
STD_002480,펜슬 라이너,STD_002477,5,뷰티 > 메이크업 > 아이메이크업 > 아이라이너 > 펜슬 라이너
STD_002481,아이메이크업세트,STD_002471,4,뷰티 > 메이크업 > 아이메이크업 > 아이메이크업세트
STD_002483,아이브로우,STD_002471,4,뷰티 > 메이크업 > 아이메이크업 > 아이브로우
STD_002482,아이브로우 섀도,STD_002483,5,뷰티 > 메이크업 > 아이메이크업 > 아이브로우 > 아이브로우 섀도
STD_002484,아이브로우 오토펜슬,STD_002483,5,뷰티 > 메이크업 > 아이메이크업 > 아이브로우 > 아이브로우 오토펜슬
STD_002485,아이브로우 카라,STD_002483,5,뷰티 > 메이크업 > 아이메이크업 > 아이브로우 > 아이브로우 카라
STD_002486,아이브로우 틴트,STD_002483,5,뷰티 > 메이크업 > 아이메이크업 > 아이브로우 > 아이브로우 틴트
STD_002487,아이브로우 펜슬,STD_002483,5,뷰티 > 메이크업 > 아이메이크업 > 아이브로우 > 아이브로우 펜슬
STD_002489,아이섀도,STD_002471,4,뷰티 > 메이크업 > 아이메이크업 > 아이섀도
STD_002488,리퀴드 아이섀도,STD_002489,5,뷰티 > 메이크업 > 아이메이크업 > 아이섀도 > 리퀴드 아이섀도
STD_002490,스틱/펜슬 아이섀도,STD_002489,5,뷰티 > 메이크업 > 아이메이크업 > 아이섀도 > 스틱/펜슬 아이섀도
STD_002491,크림/젤리/쿠션 아이섀도,STD_002489,5,뷰티 > 메이크업 > 아이메이크업 > 아이섀도 > 크림/젤리/쿠션 아이섀도
STD_002492,팩트 아이섀도,STD_002489,5,뷰티 > 메이크업 > 아이메이크업 > 아이섀도 > 팩트 아이섀도
STD_002493,피그먼트/파우더(가루) 아이섀도,STD_002489,5,뷰티 > 메이크업 > 아이메이크업 > 아이섀도 > 피그먼트/파우더(가루) 아이섀도
STD_002494,아이팔레트,STD_002471,4,뷰티 > 메이크업 > 아이메이크업 > 아이팔레트
STD_002497,치크메이크업,STD_002423,3,뷰티 > 메이크업 > 치크메이크업
STD_002496,블러셔,STD_002497,4,뷰티 > 메이크업 > 치크메이크업 > 블러셔
STD_002495,가루 블러셔,STD_002496,5,뷰티 > 메이크업 > 치크메이크업 > 블러셔 > 가루 블러셔
STD_002498,스틱 블러셔,STD_002496,5,뷰티 > 메이크업 > 치크메이크업 > 블러셔 > 스틱 블러셔
STD_002499,쿠션 블러셔,STD_002496,5,뷰티 > 메이크업 > 치크메이크업 > 블러셔 > 쿠션 블러셔
STD_002500,크림 블러셔,STD_002496,5,뷰티 > 메이크업 > 치크메이크업 > 블러셔 > 크림 블러셔
STD_002501,팩트 블러셔,STD_002496,5,뷰티 > 메이크업 > 치크메이크업 > 블러셔 > 팩트 블러셔
STD_002503,셰이딩,STD_002497,4,뷰티 > 메이크업 > 치크메이크업 > 셰이딩
STD_002502,가루 셰이딩,STD_002503,5,뷰티 > 메이크업 > 치크메이크업 > 셰이딩 > 가루 셰이딩
STD_002504,스틱 셰이딩,STD_002503,5,뷰티 > 메이크업 > 치크메이크업 > 셰이딩 > 스틱 셰이딩
STD_002505,쿠션 셰이딩,STD_002503,5,뷰티 > 메이크업 > 치크메이크업 > 셰이딩 > 쿠션 셰이딩
STD_002506,크림 셰이딩,STD_002503,5,뷰티 > 메이크업 > 치크메이크업 > 셰이딩 > 크림 셰이딩
STD_002507,팩트 셰이딩,STD_002503,5,뷰티 > 메이크업 > 치크메이크업 > 셰이딩 > 팩트 셰이딩
STD_002508,치크메이크업 세트,STD_002497,4,뷰티 > 메이크업 > 치크메이크업 > 치크메이크업 세트
STD_002510,하이라이터,STD_002497,4,뷰티 > 메이크업 > 치크메이크업 > 하이라이터
STD_002509,가루 하이라이터,STD_002510,5,뷰티 > 메이크업 > 치크메이크업 > 하이라이터 > 가루 하이라이터
STD_002511,스틱 하이라이터,STD_002510,5,뷰티 > 메이크업 > 치크메이크업 > 하이라이터 > 스틱 하이라이터
STD_002512,쿠션 하이라이터,STD_002510,5,뷰티 > 메이크업 > 치크메이크업 > 하이라이터 > 쿠션 하이라이터
STD_002513,크림 하이라이터,STD_002510,5,뷰티 > 메이크업 > 치크메이크업 > 하이라이터 > 크림 하이라이터
STD_002514,팩트 하이라이터,STD_002510,5,뷰티 > 메이크업 > 치크메이크업 > 하이라이터 > 팩트 하이라이터
STD_002516,명품 화장품,STD_002332,2,뷰티 > 명품 화장품
STD_002515,기타브랜드,STD_002516,3,뷰티 > 명품 화장품 > 기타브랜드
STD_002517,랑콤,STD_002516,3,뷰티 > 명품 화장품 > 랑콤
STD_002518,베네피트,STD_002516,3,뷰티 > 명품 화장품 > 베네피트
STD_002519,샤넬,STD_002516,3,뷰티 > 명품 화장품 > 샤넬
STD_002520,시세이도,STD_002516,3,뷰티 > 명품 화장품 > 시세이도
STD_002521,에스티로더,STD_002516,3,뷰티 > 명품 화장품 > 에스티로더
STD_002522,크리스찬디올,STD_002516,3,뷰티 > 명품 화장품 > 크리스찬디올
STD_002523,클리니크,STD_002516,3,뷰티 > 명품 화장품 > 클리니크
STD_002524,키엘,STD_002516,3,뷰티 > 명품 화장품 > 키엘
STD_002527,바디,STD_002332,2,뷰티 > 바디
STD_002526,겨드랑이관리,STD_002527,3,뷰티 > 바디 > 겨드랑이관리
STD_002525,겨드랑이패치,STD_002526,4,뷰티 > 바디 > 겨드랑이관리 > 겨드랑이패치
STD_002528,남성 데오드란트,STD_002526,4,뷰티 > 바디 > 겨드랑이관리 > 남성 데오드란트
STD_002530,여성 데오드란트,STD_002526,4,뷰티 > 바디 > 겨드랑이관리 > 여성 데오드란트
STD_002529,롤온타입데오,STD_002530,5,뷰티 > 바디 > 겨드랑이관리 > 여성 데오드란트 > 롤온타입데오
STD_002531,스틱타입데오,STD_002530,5,뷰티 > 바디 > 겨드랑이관리 > 여성 데오드란트 > 스틱타입데오
STD_002532,스프레이타입데오,STD_002530,5,뷰티 > 바디 > 겨드랑이관리 > 여성 데오드란트 > 스프레이타입데오
STD_002533,크림타입데오,STD_002530,5,뷰티 > 바디 > 겨드랑이관리 > 여성 데오드란트 > 크림타입데오
STD_002534,티슈타입데오,STD_002530,5,뷰티 > 바디 > 겨드랑이관리 > 여성 데오드란트 > 티슈타입데오
STD_002535,파우더타입데오,STD_002530,5,뷰티 > 바디 > 겨드랑이관리 > 여성 데오드란트 > 파우더타입데오
STD_002537,몸매관리/패치,STD_002527,3,뷰티 > 바디 > 몸매관리/패치
STD_002536,남성 니플밴드,STD_002537,4,뷰티 > 바디 > 몸매관리/패치 > 남성 니플밴드
STD_002538,몸매관리화장품,STD_002537,4,뷰티 > 바디 > 몸매관리/패치 > 몸매관리화장품
STD_002539,바디패치,STD_002537,4,뷰티 > 바디 > 몸매관리/패치 > 바디패치
STD_002540,여성 니플밴드,STD_002537,4,뷰티 > 바디 > 몸매관리/패치 > 여성 니플밴드
STD_002542,바디케어,STD_002527,3,뷰티 > 바디 > 바디케어
STD_002541,바디로션,STD_002542,4,뷰티 > 바디 > 바디케어 > 바디로션
STD_002543,바디미스트,STD_002542,4,뷰티 > 바디 > 바디케어 > 바디미스트
STD_002544,바디버터,STD_002542,4,뷰티 > 바디 > 바디케어 > 바디버터
STD_002545,바디오일,STD_002542,4,뷰티 > 바디 > 바디케어 > 바디오일
STD_002546,바디크림,STD_002542,4,뷰티 > 바디 > 바디케어 > 바디크림
STD_002547,바디파우더,STD_002542,4,뷰티 > 바디 > 바디케어 > 바디파우더
STD_002548,샤워코롱,STD_002542,4,뷰티 > 바디 > 바디케어 > 샤워코롱
STD_002549,아로마오일,STD_002542,4,뷰티 > 바디 > 바디케어 > 아로마오일
STD_002551,바디케어세트,STD_002527,3,뷰티 > 바디 > 바디케어세트
STD_002550,바디세트,STD_002551,4,뷰티 > 바디 > 바디케어세트 > 바디세트
STD_002552,핸드케어 세트,STD_002551,4,뷰티 > 바디 > 바디케어세트 > 핸드케어 세트
STD_002554,샤워/입욕용품,STD_002527,3,뷰티 > 바디 > 샤워/입욕용품
STD_002553,목욕비누,STD_002554,4,뷰티 > 바디 > 샤워/입욕용품 > 목욕비누
STD_002555,바디스크럽,STD_002554,4,뷰티 > 바디 > 샤워/입욕용품 > 바디스크럽
STD_002556,바디워시,STD_002554,4,뷰티 > 바디 > 샤워/입욕용품 > 바디워시
STD_002558,입욕제,STD_002554,4,뷰티 > 바디 > 샤워/입욕용품 > 입욕제
STD_002557,바스밤,STD_002558,5,뷰티 > 바디 > 샤워/입욕용품 > 입욕제 > 바스밤
STD_002559,바스솔트/미네랄,STD_002558,5,뷰티 > 바디 > 샤워/입욕용품 > 입욕제 > 바스솔트/미네랄
STD_002560,버블바스,STD_002558,5,뷰티 > 바디 > 샤워/입욕용품 > 입욕제 > 버블바스
STD_002561,입욕오일,STD_002558,5,뷰티 > 바디 > 샤워/입욕용품 > 입욕제 > 입욕오일
STD_002562,입욕파우더,STD_002558,5,뷰티 > 바디 > 샤워/입욕용품 > 입욕제 > 입욕파우더
STD_002564,제모/왁싱,STD_002527,3,뷰티 > 바디 > 제모/왁싱
STD_002563,스프레이왁스,STD_002564,4,뷰티 > 바디 > 제모/왁싱 > 스프레이왁스
STD_002565,여성용면도기,STD_002564,4,뷰티 > 바디 > 제모/왁싱 > 여성용면도기
STD_002566,왁스스트립,STD_002564,4,뷰티 > 바디 > 제모/왁싱 > 왁스스트립
STD_002567,왁스워머기,STD_002564,4,뷰티 > 바디 > 제모/왁싱 > 왁스워머기
STD_002568,왁싱키트,STD_002564,4,뷰티 > 바디 > 제모/왁싱 > 왁싱키트
STD_002569,제모용소품,STD_002564,4,뷰티 > 바디 > 제모/왁싱 > 제모용소품
STD_002570,제모전후케어,STD_002564,4,뷰티 > 바디 > 제모/왁싱 > 제모전후케어
STD_002571,제모제/제모크림,STD_002564,4,뷰티 > 바디 > 제모/왁싱 > 제모제/제모크림
STD_002572,하드왁스,STD_002564,4,뷰티 > 바디 > 제모/왁싱 > 하드왁스
STD_002574,청결제,STD_002527,3,뷰티 > 바디 > 청결제
STD_002573,남성청결제,STD_002574,4,뷰티 > 바디 > 청결제 > 남성청결제
STD_002575,여성청결제,STD_002574,4,뷰티 > 바디 > 청결제 > 여성청결제
STD_002578,핸드/풋 케어,STD_002527,3,뷰티 > 바디 > 핸드/풋 케어
STD_002577,풋케어,STD_002578,4,뷰티 > 바디 > 핸드/풋 케어 > 풋케어
STD_002576,족욕용솔트,STD_002577,5,뷰티 > 바디 > 핸드/풋 케어 > 풋케어 > 족욕용솔트
STD_002579,쿨링패치,STD_002577,5,뷰티 > 바디 > 핸드/풋 케어 > 풋케어 > 쿨링패치
STD_002580,풋샴푸,STD_002577,5,뷰티 > 바디 > 핸드/풋 케어 > 풋케어 > 풋샴푸
STD_002581,풋스크럽,STD_002577,5,뷰티 > 바디 > 핸드/풋 케어 > 풋케어 > 풋스크럽
STD_002582,풋스프레이,STD_002577,5,뷰티 > 바디 > 핸드/풋 케어 > 풋케어 > 풋스프레이
STD_002583,풋케어용품,STD_002577,5,뷰티 > 바디 > 핸드/풋 케어 > 풋케어 > 풋케어용품
STD_002584,풋크림,STD_002577,5,뷰티 > 바디 > 핸드/풋 케어 > 풋케어 > 풋크림
STD_002585,풋파우더,STD_002577,5,뷰티 > 바디 > 핸드/풋 케어 > 풋케어 > 풋파우더
STD_002586,풋파일/발각질제거,STD_002577,5,뷰티 > 바디 > 핸드/풋 케어 > 풋케어 > 풋파일/발각질제거
STD_002587,풋팩/힐패치,STD_002577,5,뷰티 > 바디 > 핸드/풋 케어 > 풋케어 > 풋팩/힐패치
STD_002589,핸드케어,STD_002578,4,뷰티 > 바디 > 핸드/풋 케어 > 핸드케어
STD_002588,손소독제,STD_002589,5,뷰티 > 바디 > 핸드/풋 케어 > 핸드케어 > 손소독제
STD_002590,핸드워시,STD_002589,5,뷰티 > 바디 > 핸드/풋 케어 > 핸드케어 > 핸드워시
STD_002591,핸드크림,STD_002589,5,뷰티 > 바디 > 핸드/풋 케어 > 핸드케어 > 핸드크림
STD_002592,핸드팩/핸드마스크팩,STD_002589,5,뷰티 > 바디 > 핸드/풋 케어 > 핸드케어 > 핸드팩/핸드마스크팩
STD_002594,바디케어/욕실용품,STD_002332,2,뷰티 > 바디케어/욕실용품
STD_002593,기타 욕실용품,STD_002594,3,뷰티 > 바디케어/욕실용품 > 기타 욕실용품
STD_002595,데오드란트,STD_002594,3,뷰티 > 바디케어/욕실용품 > 데오드란트
STD_002596,바디/핸드 보습케어,STD_002594,3,뷰티 > 바디케어/욕실용품 > 바디/핸드 보습케어
STD_002597,바디워시/스크럽,STD_002594,3,뷰티 > 바디케어/욕실용품 > 바디워시/스크럽
STD_002598,바디퍼밍/바디슬리밍,STD_002594,3,뷰티 > 바디케어/욕실용품 > 바디퍼밍/바디슬리밍
STD_002599,입욕제/청결제,STD_002594,3,뷰티 > 바디케어/욕실용품 > 입욕제/청결제
STD_002600,제모용품,STD_002594,3,뷰티 > 바디케어/욕실용품 > 제모용품
STD_002602,뷰티소품,STD_002332,2,뷰티 > 뷰티소품
STD_002601,기타뷰티소품,STD_002602,3,뷰티 > 뷰티소품 > 기타뷰티소품
STD_002605,아이소품,STD_002602,3,뷰티 > 뷰티소품 > 아이소품
STD_002604,브로우관리 소품,STD_002605,4,뷰티 > 뷰티소품 > 아이소품 > 브로우관리 소품
STD_002603,눈썹 가위,STD_002604,5,뷰티 > 뷰티소품 > 아이소품 > 브로우관리 소품 > 눈썹 가위
STD_002606,눈썹 가이드,STD_002604,5,뷰티 > 뷰티소품 > 아이소품 > 브로우관리 소품 > 눈썹 가이드
STD_002607,눈썹 칼,STD_002604,5,뷰티 > 뷰티소품 > 아이소품 > 브로우관리 소품 > 눈썹 칼
STD_002608,샤프너/펜슬깎이,STD_002605,4,뷰티 > 뷰티소품 > 아이소품 > 샤프너/펜슬깎이
STD_002610,속눈썹관리 소품,STD_002605,4,뷰티 > 뷰티소품 > 아이소품 > 속눈썹관리 소품
STD_002609,부분 아이래쉬 뷰러,STD_002610,5,뷰티 > 뷰티소품 > 아이소품 > 속눈썹관리 소품 > 부분 아이래쉬 뷰러
STD_002611,뷰러,STD_002610,5,뷰티 > 뷰티소품 > 아이소품 > 속눈썹관리 소품 > 뷰러
STD_002612,뷰러 리필 고무,STD_002610,5,뷰티 > 뷰티소품 > 아이소품 > 속눈썹관리 소품 > 뷰러 리필 고무
STD_002613,속눈썹 글루/본드,STD_002610,5,뷰티 > 뷰티소품 > 아이소품 > 속눈썹관리 소품 > 속눈썹 글루/본드
STD_002614,속눈썹 펌 세트,STD_002610,5,뷰티 > 뷰티소품 > 아이소품 > 속눈썹관리 소품 > 속눈썹 펌 세트
STD_002615,인조 속눈썹,STD_002610,5,뷰티 > 뷰티소품 > 아이소품 > 속눈썹관리 소품 > 인조 속눈썹
STD_002617,쌍꺼풀관리 소품,STD_002605,4,뷰티 > 뷰티소품 > 아이소품 > 쌍꺼풀관리 소품
STD_002616,쌍꺼풀 액,STD_002617,5,뷰티 > 뷰티소품 > 아이소품 > 쌍꺼풀관리 소품 > 쌍꺼풀 액
STD_002618,쌍꺼풀 테이프,STD_002617,5,뷰티 > 뷰티소품 > 아이소품 > 쌍꺼풀관리 소품 > 쌍꺼풀 테이프
STD_002619,족집게/핀셋,STD_002605,4,뷰티 > 뷰티소품 > 아이소품 > 족집게/핀셋
STD_002621,클렌징소품,STD_002602,3,뷰티 > 뷰티소품 > 클렌징소품
STD_002620,세안거품망,STD_002621,4,뷰티 > 뷰티소품 > 클렌징소품 > 세안거품망
STD_002622,세안스폰지,STD_002621,4,뷰티 > 뷰티소품 > 클렌징소품 > 세안스폰지
STD_002623,클렌징브러쉬,STD_002621,4,뷰티 > 뷰티소품 > 클렌징소품 > 클렌징브러쉬
STD_002624,해면/곤약,STD_002621,4,뷰티 > 뷰티소품 > 클렌징소품 > 해면/곤약
STD_002627,페이스소품,STD_002602,3,뷰티 > 뷰티소품 > 페이스소품
STD_002626,거울,STD_002627,4,뷰티 > 뷰티소품 > 페이스소품 > 거울
STD_002625,손거울,STD_002626,5,뷰티 > 뷰티소품 > 페이스소품 > 거울 > 손거울
STD_002628,기름종이,STD_002627,4,뷰티 > 뷰티소품 > 페이스소품 > 기름종이
STD_002629,마사지소품,STD_002627,4,뷰티 > 뷰티소품 > 페이스소품 > 마사지소품
STD_002630,마스크시트,STD_002627,4,뷰티 > 뷰티소품 > 페이스소품 > 마스크시트
STD_002631,메이크업박스,STD_002627,4,뷰티 > 뷰티소품 > 페이스소품 > 메이크업박스
STD_002632,미용면봉,STD_002627,4,뷰티 > 뷰티소품 > 페이스소품 > 미용면봉
STD_002634,브러쉬,STD_002627,4,뷰티 > 뷰티소품 > 페이스소품 > 브러쉬
STD_002633,가부키 브러쉬,STD_002634,5,뷰티 > 뷰티소품 > 페이스소품 > 브러쉬 > 가부키 브러쉬
STD_002635,눈썹/속눈썹 브러쉬,STD_002634,5,뷰티 > 뷰티소품 > 페이스소품 > 브러쉬 > 눈썹/속눈썹 브러쉬
STD_002636,듀얼브러쉬,STD_002634,5,뷰티 > 뷰티소품 > 페이스소품 > 브러쉬 > 듀얼브러쉬
STD_002637,립 브러쉬,STD_002634,5,뷰티 > 뷰티소품 > 페이스소품 > 브러쉬 > 립 브러쉬
STD_002638,브러쉬 세트,STD_002634,5,뷰티 > 뷰티소품 > 페이스소품 > 브러쉬 > 브러쉬 세트
STD_002639,브러쉬 클렌져,STD_002634,5,뷰티 > 뷰티소품 > 페이스소품 > 브러쉬 > 브러쉬 클렌져
STD_002640,브러쉬 파우치,STD_002634,5,뷰티 > 뷰티소품 > 페이스소품 > 브러쉬 > 브러쉬 파우치
STD_002641,블러셔/섀딩 브러쉬,STD_002634,5,뷰티 > 뷰티소품 > 페이스소품 > 브러쉬 > 블러셔/섀딩 브러쉬
STD_002642,아이라이너 브러쉬,STD_002634,5,뷰티 > 뷰티소품 > 페이스소품 > 브러쉬 > 아이라이너 브러쉬
STD_002643,아이섀도 브러쉬,STD_002634,5,뷰티 > 뷰티소품 > 페이스소품 > 브러쉬 > 아이섀도 브러쉬
STD_002644,컨실러 브러쉬,STD_002634,5,뷰티 > 뷰티소품 > 페이스소품 > 브러쉬 > 컨실러 브러쉬
STD_002645,파우더 브러쉬,STD_002634,5,뷰티 > 뷰티소품 > 페이스소품 > 브러쉬 > 파우더 브러쉬
STD_002646,파운데이션 브러쉬,STD_002634,5,뷰티 > 뷰티소품 > 페이스소품 > 브러쉬 > 파운데이션 브러쉬
STD_002647,팩붓/기타브러쉬,STD_002634,5,뷰티 > 뷰티소품 > 페이스소품 > 브러쉬 > 팩붓/기타브러쉬
STD_002648,하이라이터 브러쉬,STD_002634,5,뷰티 > 뷰티소품 > 페이스소품 > 브러쉬 > 하이라이터 브러쉬
STD_002649,휴대용 브러쉬,STD_002634,5,뷰티 > 뷰티소품 > 페이스소품 > 브러쉬 > 휴대용 브러쉬
STD_002650,코털제거기,STD_002627,4,뷰티 > 뷰티소품 > 페이스소품 > 코털제거기
STD_002652,퍼프,STD_002627,4,뷰티 > 뷰티소품 > 페이스소품 > 퍼프
STD_002651,스폰지/조각 퍼프,STD_002652,5,뷰티 > 뷰티소품 > 페이스소품 > 퍼프 > 스폰지/조각 퍼프
STD_002653,쿠션 퍼프,STD_002652,5,뷰티 > 뷰티소품 > 페이스소품 > 퍼프 > 쿠션 퍼프
STD_002654,파우더 퍼프,STD_002652,5,뷰티 > 뷰티소품 > 페이스소품 > 퍼프 > 파우더 퍼프
STD_002655,페이스롤러,STD_002627,4,뷰티 > 뷰티소품 > 페이스소품 > 페이스롤러
STD_002656,피지압출기,STD_002627,4,뷰티 > 뷰티소품 > 페이스소품 > 피지압출기
STD_002657,화장솜,STD_002627,4,뷰티 > 뷰티소품 > 페이스소품 > 화장솜
STD_002660,헤어소품,STD_002602,3,뷰티 > 뷰티소품 > 헤어소품
STD_002659,가발/붙임머리/액세서리,STD_002660,4,뷰티 > 뷰티소품 > 헤어소품 > 가발/붙임머리/액세서리
STD_002658,가발 마네킹/스탠드,STD_002659,5,뷰티 > 뷰티소품 > 헤어소품 > 가발/붙임머리/액세서리 > 가발 마네킹/스탠드
STD_002661,가발 캡,STD_002659,5,뷰티 > 뷰티소품 > 헤어소품 > 가발/붙임머리/액세서리 > 가발 캡
STD_002662,가발세트,STD_002659,5,뷰티 > 뷰티소품 > 헤어소품 > 가발/붙임머리/액세서리 > 가발세트
STD_002663,붙임머리/헤어피스/부분가발,STD_002659,5,뷰티 > 뷰티소품 > 헤어소품 > 가발/붙임머리/액세서리 > 붙임머리/헤어피스/부분가발
STD_002664,브릿지/포인트 피스,STD_002659,5,뷰티 > 뷰티소품 > 헤어소품 > 가발/붙임머리/액세서리 > 브릿지/포인트 피스
STD_002665,앞머리 가발,STD_002659,5,뷰티 > 뷰티소품 > 헤어소품 > 가발/붙임머리/액세서리 > 앞머리 가발
STD_002666,업스타일/포니테일 가발,STD_002659,5,뷰티 > 뷰티소품 > 헤어소품 > 가발/붙임머리/액세서리 > 업스타일/포니테일 가발
STD_002667,전체 가발,STD_002659,5,뷰티 > 뷰티소품 > 헤어소품 > 가발/붙임머리/액세서리 > 전체 가발
STD_002668,접착제/제거제/관리소품,STD_002659,5,뷰티 > 뷰티소품 > 헤어소품 > 가발/붙임머리/액세서리 > 접착제/제거제/관리소품
STD_002669,기타헤어소품,STD_002660,4,뷰티 > 뷰티소품 > 헤어소품 > 기타헤어소품
STD_002671,미용가위,STD_002660,4,뷰티 > 뷰티소품 > 헤어소품 > 미용가위
STD_002670,미용가위세트,STD_002671,5,뷰티 > 뷰티소품 > 헤어소품 > 미용가위 > 미용가위세트
STD_002672,숱 가위,STD_002671,5,뷰티 > 뷰티소품 > 헤어소품 > 미용가위 > 숱 가위
STD_002673,일반 가위,STD_002671,5,뷰티 > 뷰티소품 > 헤어소품 > 미용가위 > 일반 가위
STD_002674,케이스/커버,STD_002671,5,뷰티 > 뷰티소품 > 헤어소품 > 미용가위 > 케이스/커버
STD_002676,빗/브러쉬,STD_002660,4,뷰티 > 뷰티소품 > 헤어소품 > 빗/브러쉬
STD_002675,두피마사지브러쉬,STD_002676,5,뷰티 > 뷰티소품 > 헤어소품 > 빗/브러쉬 > 두피마사지브러쉬
STD_002677,롤/드라이 헤어브러쉬,STD_002676,5,뷰티 > 뷰티소품 > 헤어소품 > 빗/브러쉬 > 롤/드라이 헤어브러쉬
STD_002678,일반 헤어브러쉬,STD_002676,5,뷰티 > 뷰티소품 > 헤어소품 > 빗/브러쉬 > 일반 헤어브러쉬
STD_002679,헤어브러쉬 세트,STD_002676,5,뷰티 > 뷰티소품 > 헤어소품 > 빗/브러쉬 > 헤어브러쉬 세트
STD_002680,세안밴드,STD_002660,4,뷰티 > 뷰티소품 > 헤어소품 > 세안밴드
STD_002682,염색/파마용품,STD_002660,4,뷰티 > 뷰티소품 > 헤어소품 > 염색/파마용품
STD_002681,미용장갑,STD_002682,5,뷰티 > 뷰티소품 > 헤어소품 > 염색/파마용품 > 미용장갑
STD_002683,염색/파마용품세트,STD_002682,5,뷰티 > 뷰티소품 > 헤어소품 > 염색/파마용품 > 염색/파마용품세트
STD_002684,염색빗,STD_002682,5,뷰티 > 뷰티소품 > 헤어소품 > 염색/파마용품 > 염색빗
STD_002685,염색약 혼합용기,STD_002682,5,뷰티 > 뷰티소품 > 헤어소품 > 염색/파마용품 > 염색약 혼합용기
STD_002686,이어캡,STD_002682,5,뷰티 > 뷰티소품 > 헤어소품 > 염색/파마용품 > 이어캡
STD_002687,파마 고무줄,STD_002682,5,뷰티 > 뷰티소품 > 헤어소품 > 염색/파마용품 > 파마 고무줄
STD_002688,파지,STD_002682,5,뷰티 > 뷰티소품 > 헤어소품 > 염색/파마용품 > 파지
STD_002689,헤어 케이프,STD_002682,5,뷰티 > 뷰티소품 > 헤어소품 > 염색/파마용품 > 헤어 케이프
STD_002690,헤어랩,STD_002682,5,뷰티 > 뷰티소품 > 헤어소품 > 염색/파마용품 > 헤어랩
STD_002691,헤어롯드,STD_002682,5,뷰티 > 뷰티소품 > 헤어소품 > 염색/파마용품 > 헤어롯드
STD_002692,헤어캡,STD_002682,5,뷰티 > 뷰티소품 > 헤어소품 > 염색/파마용품 > 헤어캡
STD_002693,헤어호일,STD_002682,5,뷰티 > 뷰티소품 > 헤어소품 > 염색/파마용품 > 헤어호일
STD_002694,헤어롤/구르프,STD_002660,4,뷰티 > 뷰티소품 > 헤어소품 > 헤어롤/구르프
STD_002695,헤어클립/집게,STD_002660,4,뷰티 > 뷰티소품 > 헤어소품 > 헤어클립/집게
STD_002697,화장품용기,STD_002602,3,뷰티 > 뷰티소품 > 화장품용기
STD_002696,DIY쿠션케이스,STD_002697,4,뷰티 > 뷰티소품 > 화장품용기 > DIY쿠션케이스
STD_002698,거품용기,STD_002697,4,뷰티 > 뷰티소품 > 화장품용기 > 거품용기
STD_002699,로션용기,STD_002697,4,뷰티 > 뷰티소품 > 화장품용기 > 로션용기
STD_002700,스프레이/펌프(용기미포함),STD_002697,4,뷰티 > 뷰티소품 > 화장품용기 > 스프레이/펌프(용기미포함)
STD_002701,스프레이용기,STD_002697,4,뷰티 > 뷰티소품 > 화장품용기 > 스프레이용기
STD_002702,오일/스포이드 용기,STD_002697,4,뷰티 > 뷰티소품 > 화장품용기 > 오일/스포이드 용기
STD_002703,용기세트,STD_002697,4,뷰티 > 뷰티소품 > 화장품용기 > 용기세트
STD_002704,크림용기,STD_002697,4,뷰티 > 뷰티소품 > 화장품용기 > 크림용기
STD_002705,펌핑용기,STD_002697,4,뷰티 > 뷰티소품 > 화장품용기 > 펌핑용기
STD_002706,향수케이스,STD_002697,4,뷰티 > 뷰티소품 > 화장품용기 > 향수케이스
STD_002708,선물세트,STD_002332,2,뷰티 > 선물세트
STD_002707,남성화장품 선물세트,STD_002708,3,뷰티 > 선물세트 > 남성화장품 선물세트
STD_002709,멀티케어선물세트,STD_002708,3,뷰티 > 선물세트 > 멀티케어선물세트
STD_002710,메이크업선물세트,STD_002708,3,뷰티 > 선물세트 > 메이크업선물세트
STD_002711,바디선물세트,STD_002708,3,뷰티 > 선물세트 > 바디선물세트
STD_002712,스킨선물세트,STD_002708,3,뷰티 > 선물세트 > 스킨선물세트
STD_002713,향수선물세트,STD_002708,3,뷰티 > 선물세트 > 향수선물세트
STD_002714,헤어 선물세트,STD_002708,3,뷰티 > 선물세트 > 헤어 선물세트
STD_002717,스킨,STD_002332,2,뷰티 > 스킨
STD_002716,기초세트,STD_002717,3,뷰티 > 스킨 > 기초세트
STD_002715,2종 세트,STD_002716,4,뷰티 > 스킨 > 기초세트 > 2종 세트
STD_002718,3종 세트,STD_002716,4,뷰티 > 스킨 > 기초세트 > 3종 세트
STD_002719,4종 이상 세트,STD_002716,4,뷰티 > 스킨 > 기초세트 > 4종 이상 세트
STD_002720,여행용세트,STD_002716,4,뷰티 > 스킨 > 기초세트 > 여행용세트
STD_002721,로션/에멀젼,STD_002717,3,뷰티 > 스킨 > 로션/에멀젼
STD_002723,립케어,STD_002717,3,뷰티 > 스킨 > 립케어
STD_002722,립 스크럽,STD_002723,4,뷰티 > 스킨 > 립케어 > 립 스크럽
STD_002725,립밤,STD_002723,4,뷰티 > 스킨 > 립케어 > 립밤
STD_002724,보습/케어 립밤,STD_002725,5,뷰티 > 스킨 > 립케어 > 립밤 > 보습/케어 립밤
STD_002726,틴티드 립밤,STD_002725,5,뷰티 > 스킨 > 립케어 > 립밤 > 틴티드 립밤
STD_002727,립케어 세트/키트,STD_002723,4,뷰티 > 스킨 > 립케어 > 립케어 세트/키트
STD_002728,립프라이머,STD_002723,4,뷰티 > 스킨 > 립케어 > 립프라이머
STD_002729,립플럼퍼,STD_002723,4,뷰티 > 스킨 > 립케어 > 립플럼퍼
STD_002730,살브(립 멀티밤),STD_002723,4,뷰티 > 스킨 > 립케어 > 살브(립 멀티밤)
STD_002732,마스크/팩,STD_002717,3,뷰티 > 스킨 > 마스크/팩
STD_002731,고무/모델링 마스크/팩,STD_002732,4,뷰티 > 스킨 > 마스크/팩 > 고무/모델링 마스크/팩
STD_002733,기타패치,STD_002732,4,뷰티 > 스킨 > 마스크/팩 > 기타패치
STD_002734,넥 팩/패치,STD_002732,4,뷰티 > 스킨 > 마스크/팩 > 넥 팩/패치
STD_002735,립 팩/패치,STD_002732,4,뷰티 > 스킨 > 마스크/팩 > 립 팩/패치
STD_002736,스팟패치,STD_002732,4,뷰티 > 스킨 > 마스크/팩 > 스팟패치
STD_002737,슬리핑 마스크/팩,STD_002732,4,뷰티 > 스킨 > 마스크/팩 > 슬리핑 마스크/팩
STD_002738,시트 마스크/팩,STD_002732,4,뷰티 > 스킨 > 마스크/팩 > 시트 마스크/팩
STD_002739,아이 패치,STD_002732,4,뷰티 > 스킨 > 마스크/팩 > 아이 패치
STD_002740,워시오프 마스크/팩,STD_002732,4,뷰티 > 스킨 > 마스크/팩 > 워시오프 마스크/팩
STD_002741,코 팩/패치,STD_002732,4,뷰티 > 스킨 > 마스크/팩 > 코 팩/패치
STD_002742,팔자 팩/패치,STD_002732,4,뷰티 > 스킨 > 마스크/팩 > 팔자 팩/패치
STD_002743,필오프 마스크/팩,STD_002732,4,뷰티 > 스킨 > 마스크/팩 > 필오프 마스크/팩
STD_002744,미스트,STD_002717,3,뷰티 > 스킨 > 미스트
STD_002746,선케어/태닝,STD_002717,3,뷰티 > 스킨 > 선케어/태닝
STD_002745,선블록/선크림/선로션,STD_002746,4,뷰티 > 스킨 > 선케어/태닝 > 선블록/선크림/선로션
STD_002747,선스틱,STD_002746,4,뷰티 > 스킨 > 선케어/태닝 > 선스틱
STD_002748,선스프레이,STD_002746,4,뷰티 > 스킨 > 선케어/태닝 > 선스프레이
STD_002749,선쿠션/선팩트/선파우더,STD_002746,4,뷰티 > 스킨 > 선케어/태닝 > 선쿠션/선팩트/선파우더
STD_002750,셀프태닝/메이크업,STD_002746,4,뷰티 > 스킨 > 선케어/태닝 > 셀프태닝/메이크업
STD_002751,알로에/수딩/애프터선,STD_002746,4,뷰티 > 스킨 > 선케어/태닝 > 알로에/수딩/애프터선
STD_002752,자외선차단패치,STD_002746,4,뷰티 > 스킨 > 선케어/태닝 > 자외선차단패치
STD_002753,태닝오일,STD_002746,4,뷰티 > 스킨 > 선케어/태닝 > 태닝오일
STD_002754,스킨 멀티밤,STD_002717,3,뷰티 > 스킨 > 스킨 멀티밤
STD_002756,스킨/토너,STD_002717,3,뷰티 > 스킨 > 스킨/토너
STD_002755,스킨/토너 패드,STD_002756,4,뷰티 > 스킨 > 스킨/토너 > 스킨/토너 패드
STD_002757,스킨/토너/화장수,STD_002756,4,뷰티 > 스킨 > 스킨/토너 > 스킨/토너/화장수
STD_002758,아스트린젠트,STD_002756,4,뷰티 > 스킨 > 스킨/토너 > 아스트린젠트
STD_002760,에센스/세럼/앰플,STD_002717,3,뷰티 > 스킨 > 에센스/세럼/앰플
STD_002759,앰플,STD_002760,4,뷰티 > 스킨 > 에센스/세럼/앰플 > 앰플
STD_002761,에센스/세럼,STD_002760,4,뷰티 > 스킨 > 에센스/세럼/앰플 > 에센스/세럼
STD_002763,오일,STD_002717,3,뷰티 > 스킨 > 오일
STD_002762,드라이오일,STD_002763,4,뷰티 > 스킨 > 오일 > 드라이오일
STD_002764,일반오일,STD_002763,4,뷰티 > 스킨 > 오일 > 일반오일
STD_002765,올인원,STD_002717,3,뷰티 > 스킨 > 올인원
STD_002767,크림,STD_002717,3,뷰티 > 스킨 > 크림
STD_002766,나이트크림,STD_002767,4,뷰티 > 스킨 > 크림 > 나이트크림
STD_002768,넥크림,STD_002767,4,뷰티 > 스킨 > 크림 > 넥크림
STD_002769,데이크림,STD_002767,4,뷰티 > 스킨 > 크림 > 데이크림
STD_002770,마사지크림,STD_002767,4,뷰티 > 스킨 > 크림 > 마사지크림
STD_002771,아이크림,STD_002767,4,뷰티 > 스킨 > 크림 > 아이크림
STD_002773,클렌징,STD_002717,3,뷰티 > 스킨 > 클렌징
STD_002772,립앤아이리무버,STD_002773,4,뷰티 > 스킨 > 클렌징 > 립앤아이리무버
STD_002774,클렌징 로션/밀크,STD_002773,4,뷰티 > 스킨 > 클렌징 > 클렌징 로션/밀크
STD_002775,클렌징 비누,STD_002773,4,뷰티 > 스킨 > 클렌징 > 클렌징 비누
STD_002776,클렌징 오일,STD_002773,4,뷰티 > 스킨 > 클렌징 > 클렌징 오일
STD_002777,클렌징 워터,STD_002773,4,뷰티 > 스킨 > 클렌징 > 클렌징 워터
STD_002778,클렌징 젤,STD_002773,4,뷰티 > 스킨 > 클렌징 > 클렌징 젤
STD_002779,클렌징 크림/밤,STD_002773,4,뷰티 > 스킨 > 클렌징 > 클렌징 크림/밤
STD_002780,클렌징 티슈/시트,STD_002773,4,뷰티 > 스킨 > 클렌징 > 클렌징 티슈/시트
STD_002781,클렌징 파우더,STD_002773,4,뷰티 > 스킨 > 클렌징 > 클렌징 파우더
STD_002782,클렌징 폼,STD_002773,4,뷰티 > 스킨 > 클렌징 > 클렌징 폼
STD_002783,클렌징세트,STD_002773,4,뷰티 > 스킨 > 클렌징 > 클렌징세트
STD_002785,필링,STD_002717,3,뷰티 > 스킨 > 필링
STD_002784,면봉필링,STD_002785,4,뷰티 > 스킨 > 필링 > 면봉필링
STD_002786,페이스 스크럽,STD_002785,4,뷰티 > 스킨 > 필링 > 페이스 스크럽
STD_002787,필링 젤/고마쥬,STD_002785,4,뷰티 > 스킨 > 필링 > 필링 젤/고마쥬
STD_002788,필링 크림,STD_002785,4,뷰티 > 스킨 > 필링 > 필링 크림
STD_002789,필링 토너,STD_002785,4,뷰티 > 스킨 > 필링 > 필링 토너
STD_002790,필링 파우더,STD_002785,4,뷰티 > 스킨 > 필링 > 필링 파우더
STD_002791,필링 패드,STD_002785,4,뷰티 > 스킨 > 필링 > 필링 패드
STD_002793,스킨케어,STD_002332,2,뷰티 > 스킨케어
STD_002792,[전시대기]화이트닝/리프팅,STD_002793,3,뷰티 > 스킨케어 > [전시대기]화이트닝/리프팅
STD_002794,선케어,STD_002793,3,뷰티 > 스킨케어 > 선케어
STD_002795,스킨/로션,STD_002793,3,뷰티 > 스킨케어 > 스킨/로션
STD_002796,아이 케어,STD_002793,3,뷰티 > 스킨케어 > 아이 케어
STD_002797,에센스/크림,STD_002793,3,뷰티 > 스킨케어 > 에센스/크림
STD_002798,클렌징케어,STD_002793,3,뷰티 > 스킨케어 > 클렌징케어
STD_002799,팩/마스크,STD_002793,3,뷰티 > 스킨케어 > 팩/마스크
STD_002800,피부고민케어,STD_002793,3,뷰티 > 스킨케어 > 피부고민케어
STD_002803,어린이화장품,STD_002332,2,뷰티 > 어린이화장품
STD_002802,네일 케어,STD_002803,3,뷰티 > 어린이화장품 > 네일 케어
STD_002801,네일 보습/영양,STD_002802,4,뷰티 > 어린이화장품 > 네일 케어 > 네일 보습/영양
STD_002804,네일 컬러,STD_002802,4,뷰티 > 어린이화장품 > 네일 케어 > 네일 컬러
STD_002805,립 메이크업,STD_002803,3,뷰티 > 어린이화장품 > 립 메이크업
STD_002807,립 케어,STD_002803,3,뷰티 > 어린이화장품 > 립 케어
STD_002806,보습/케어 립밤,STD_002807,4,뷰티 > 어린이화장품 > 립 케어 > 보습/케어 립밤
STD_002808,틴티드 립밤,STD_002807,4,뷰티 > 어린이화장품 > 립 케어 > 틴티드 립밤
STD_002810,세트/키트,STD_002803,3,뷰티 > 어린이화장품 > 세트/키트
STD_002809,네일케어 세트,STD_002810,4,뷰티 > 어린이화장품 > 세트/키트 > 네일케어 세트
STD_002811,립 메이크업 세트,STD_002810,4,뷰티 > 어린이화장품 > 세트/키트 > 립 메이크업 세트
STD_002812,립케어 세트,STD_002810,4,뷰티 > 어린이화장품 > 세트/키트 > 립케어 세트
STD_002813,아이 메이크업 세트,STD_002810,4,뷰티 > 어린이화장품 > 세트/키트 > 아이 메이크업 세트
STD_002814,페이스 메이크업 세트,STD_002810,4,뷰티 > 어린이화장품 > 세트/키트 > 페이스 메이크업 세트
STD_002815,향수 세트,STD_002810,4,뷰티 > 어린이화장품 > 세트/키트 > 향수 세트
STD_002816,혼합 메이크업 세트,STD_002810,4,뷰티 > 어린이화장품 > 세트/키트 > 혼합 메이크업 세트
STD_002817,아이 메이크업,STD_002803,3,뷰티 > 어린이화장품 > 아이 메이크업
STD_002819,페이스 메이크업,STD_002803,3,뷰티 > 어린이화장품 > 페이스 메이크업
STD_002818,베이스 메이크업,STD_002819,4,뷰티 > 어린이화장품 > 페이스 메이크업 > 베이스 메이크업
STD_002820,치크/멀티 메이크업,STD_002819,4,뷰티 > 어린이화장품 > 페이스 메이크업 > 치크/멀티 메이크업
STD_002821,향수,STD_002803,3,뷰티 > 어린이화장품 > 향수
STD_002822,유아스킨/바디용품,STD_002332,2,뷰티 > 유아스킨/바디용품
STD_002824,임산부화장품,STD_002332,2,뷰티 > 임산부화장품
STD_002823,임산부 기초화장품,STD_002824,3,뷰티 > 임산부화장품 > 임산부 기초화장품
STD_002825,임산부 바디케어,STD_002824,3,뷰티 > 임산부화장품 > 임산부 바디케어
STD_002826,임산부 샴푸/린스,STD_002824,3,뷰티 > 임산부화장품 > 임산부 샴푸/린스
STD_002827,임산부 선케어,STD_002824,3,뷰티 > 임산부화장품 > 임산부 선케어
STD_002828,임산부 클렌징/비누,STD_002824,3,뷰티 > 임산부화장품 > 임산부 클렌징/비누
STD_002831,향수,STD_002332,2,뷰티 > 향수
STD_002830,고체향수,STD_002831,3,뷰티 > 향수 > 고체향수
STD_002829,남녀공용향수,STD_002830,4,뷰티 > 향수 > 고체향수 > 남녀공용향수
STD_002832,남성향수,STD_002830,4,뷰티 > 향수 > 고체향수 > 남성향수
STD_002833,여성향수,STD_002830,4,뷰티 > 향수 > 고체향수 > 여성향수
STD_002834,향수세트,STD_002830,4,뷰티 > 향수 > 고체향수 > 향수세트
STD_002835,기타 향수,STD_002831,3,뷰티 > 향수 > 기타 향수
STD_002836,남성향수,STD_002831,3,뷰티 > 향수 > 남성향수
STD_002839,액체향수,STD_002831,3,뷰티 > 향수 > 액체향수
STD_002838,남녀공용향수,STD_002839,4,뷰티 > 향수 > 액체향수 > 남녀공용향수
STD_002837,오 데 코롱,STD_002838,5,뷰티 > 향수 > 액체향수 > 남녀공용향수 > 오 데 코롱
STD_002840,오 드 뚜왈렛,STD_002838,5,뷰티 > 향수 > 액체향수 > 남녀공용향수 > 오 드 뚜왈렛
STD_002841,오 드 퍼퓸,STD_002838,5,뷰티 > 향수 > 액체향수 > 남녀공용향수 > 오 드 퍼퓸
STD_002842,퍼퓸,STD_002838,5,뷰티 > 향수 > 액체향수 > 남녀공용향수 > 퍼퓸
STD_002844,남성향수,STD_002839,4,뷰티 > 향수 > 액체향수 > 남성향수
STD_002843,오 드 뚜왈렛,STD_002844,5,뷰티 > 향수 > 액체향수 > 남성향수 > 오 드 뚜왈렛
STD_002845,오 드 코롱,STD_002844,5,뷰티 > 향수 > 액체향수 > 남성향수 > 오 드 코롱
STD_002846,오 드 퍼퓸,STD_002844,5,뷰티 > 향수 > 액체향수 > 남성향수 > 오 드 퍼퓸
STD_002847,퍼퓸,STD_002844,5,뷰티 > 향수 > 액체향수 > 남성향수 > 퍼퓸
STD_002849,여성향수,STD_002839,4,뷰티 > 향수 > 액체향수 > 여성향수
STD_002848,오 드 뚜왈렛,STD_002849,5,뷰티 > 향수 > 액체향수 > 여성향수 > 오 드 뚜왈렛
STD_002850,오 드 코롱,STD_002849,5,뷰티 > 향수 > 액체향수 > 여성향수 > 오 드 코롱
STD_002851,오 드 퍼퓸,STD_002849,5,뷰티 > 향수 > 액체향수 > 여성향수 > 오 드 퍼퓸
STD_002852,퍼퓸,STD_002849,5,뷰티 > 향수 > 액체향수 > 여성향수 > 퍼퓸
STD_002854,향수세트,STD_002839,4,뷰티 > 향수 > 액체향수 > 향수세트
STD_002853,남녀공용 향수세트,STD_002854,5,뷰티 > 향수 > 액체향수 > 향수세트 > 남녀공용 향수세트
STD_002855,남성향수세트,STD_002854,5,뷰티 > 향수 > 액체향수 > 향수세트 > 남성향수세트
STD_002856,여성향수세트,STD_002854,5,뷰티 > 향수 > 액체향수 > 향수세트 > 여성향수세트
STD_002857,여성향수,STD_002831,3,뷰티 > 향수 > 여성향수
STD_002860,헤어,STD_002332,2,뷰티 > 헤어
STD_002859,린스/컨디셔너,STD_002860,3,뷰티 > 헤어 > 린스/컨디셔너
STD_002858,기능성린스/컨디셔너,STD_002859,4,뷰티 > 헤어 > 린스/컨디셔너 > 기능성린스/컨디셔너
STD_002861,리필형린스/컨디셔너,STD_002859,4,뷰티 > 헤어 > 린스/컨디셔너 > 리필형린스/컨디셔너
STD_002862,무실리콘린스/컨디셔너,STD_002859,4,뷰티 > 헤어 > 린스/컨디셔너 > 무실리콘린스/컨디셔너
STD_002863,볼륨린스/컨디셔너,STD_002859,4,뷰티 > 헤어 > 린스/컨디셔너 > 볼륨린스/컨디셔너
STD_002864,스칼프/두피/비듬린스,STD_002859,4,뷰티 > 헤어 > 린스/컨디셔너 > 스칼프/두피/비듬린스
STD_002865,업소용린스/컨디셔너,STD_002859,4,뷰티 > 헤어 > 린스/컨디셔너 > 업소용린스/컨디셔너
STD_002866,여행용린스/컨디셔너,STD_002859,4,뷰티 > 헤어 > 린스/컨디셔너 > 여행용린스/컨디셔너
STD_002867,일반린스/컨디셔너,STD_002859,4,뷰티 > 헤어 > 린스/컨디셔너 > 일반린스/컨디셔너
STD_002868,퍼퓸린스/컨디셔너,STD_002859,4,뷰티 > 헤어 > 린스/컨디셔너 > 퍼퓸린스/컨디셔너
STD_002869,한방린스/컨디셔너,STD_002859,4,뷰티 > 헤어 > 린스/컨디셔너 > 한방린스/컨디셔너
STD_002871,샴푸,STD_002860,3,뷰티 > 헤어 > 샴푸
STD_002870,기능성샴푸,STD_002871,4,뷰티 > 헤어 > 샴푸 > 기능성샴푸
STD_002872,드라이샴푸,STD_002871,4,뷰티 > 헤어 > 샴푸 > 드라이샴푸
STD_002873,리필형샴푸,STD_002871,4,뷰티 > 헤어 > 샴푸 > 리필형샴푸
STD_002874,무실리콘샴푸,STD_002871,4,뷰티 > 헤어 > 샴푸 > 무실리콘샴푸
STD_002875,볼륨샴푸,STD_002871,4,뷰티 > 헤어 > 샴푸 > 볼륨샴푸
STD_002876,샴푸린스겸용,STD_002871,4,뷰티 > 헤어 > 샴푸 > 샴푸린스겸용
STD_002877,샴푸바/헤어비누,STD_002871,4,뷰티 > 헤어 > 샴푸 > 샴푸바/헤어비누
STD_002878,스칼프/두피/비듬샴푸,STD_002871,4,뷰티 > 헤어 > 샴푸 > 스칼프/두피/비듬샴푸
STD_002879,업소용샴푸,STD_002871,4,뷰티 > 헤어 > 샴푸 > 업소용샴푸
STD_002880,여행용샴푸,STD_002871,4,뷰티 > 헤어 > 샴푸 > 여행용샴푸
STD_002881,염색샴푸,STD_002871,4,뷰티 > 헤어 > 샴푸 > 염색샴푸
STD_002882,일반샴푸,STD_002871,4,뷰티 > 헤어 > 샴푸 > 일반샴푸
STD_002883,퍼퓸샴푸,STD_002871,4,뷰티 > 헤어 > 샴푸 > 퍼퓸샴푸
STD_002884,한방샴푸,STD_002871,4,뷰티 > 헤어 > 샴푸 > 한방샴푸
STD_002886,에센스/오일,STD_002860,3,뷰티 > 헤어 > 에센스/오일
STD_002885,스프레이형헤어에센스,STD_002886,4,뷰티 > 헤어 > 에센스/오일 > 스프레이형헤어에센스
STD_002887,헤어로션,STD_002886,4,뷰티 > 헤어 > 에센스/오일 > 헤어로션
STD_002888,헤어미스트,STD_002886,4,뷰티 > 헤어 > 에센스/오일 > 헤어미스트
STD_002889,헤어에센스,STD_002886,4,뷰티 > 헤어 > 에센스/오일 > 헤어에센스
STD_002890,헤어오일,STD_002886,4,뷰티 > 헤어 > 에센스/오일 > 헤어오일
STD_002891,헤어토닉/스칼프,STD_002886,4,뷰티 > 헤어 > 에센스/오일 > 헤어토닉/스칼프
STD_002893,트리트먼트/팩/앰플,STD_002860,3,뷰티 > 헤어 > 트리트먼트/팩/앰플
STD_002892,기능성헤어트리트먼트,STD_002893,4,뷰티 > 헤어 > 트리트먼트/팩/앰플 > 기능성헤어트리트먼트
STD_002894,무실리콘 트리트먼트,STD_002893,4,뷰티 > 헤어 > 트리트먼트/팩/앰플 > 무실리콘 트리트먼트
STD_002895,일반헤어트리트먼트,STD_002893,4,뷰티 > 헤어 > 트리트먼트/팩/앰플 > 일반헤어트리트먼트
STD_002896,퍼퓸헤어트리트먼트,STD_002893,4,뷰티 > 헤어 > 트리트먼트/팩/앰플 > 퍼퓸헤어트리트먼트
STD_002897,한방헤어트리트먼트,STD_002893,4,뷰티 > 헤어 > 트리트먼트/팩/앰플 > 한방헤어트리트먼트
STD_002898,헤어앰플,STD_002893,4,뷰티 > 헤어 > 트리트먼트/팩/앰플 > 헤어앰플
STD_002899,헤어팩/헤어마스크,STD_002893,4,뷰티 > 헤어 > 트리트먼트/팩/앰플 > 헤어팩/헤어마스크
STD_002901,펌/스트레이트너,STD_002860,3,뷰티 > 헤어 > 펌/스트레이트너
STD_002900,남성용 다운펌,STD_002901,4,뷰티 > 헤어 > 펌/스트레이트너 > 남성용 다운펌
STD_002902,스트레이트너,STD_002901,4,뷰티 > 헤어 > 펌/스트레이트너 > 스트레이트너
STD_002903,웨이브펌,STD_002901,4,뷰티 > 헤어 > 펌/스트레이트너 > 웨이브펌
STD_002905,헤어스타일링,STD_002860,3,뷰티 > 헤어 > 헤어스타일링
STD_002904,컬크림,STD_002905,4,뷰티 > 헤어 > 헤어스타일링 > 컬크림
STD_002906,헤어스프레이,STD_002905,4,뷰티 > 헤어 > 헤어스타일링 > 헤어스프레이
STD_002907,헤어왁스,STD_002905,4,뷰티 > 헤어 > 헤어스타일링 > 헤어왁스
STD_002908,헤어젤,STD_002905,4,뷰티 > 헤어 > 헤어스타일링 > 헤어젤
STD_002909,헤어폼/무스,STD_002905,4,뷰티 > 헤어 > 헤어스타일링 > 헤어폼/무스
STD_002912,헤어컬러,STD_002860,3,뷰티 > 헤어 > 헤어컬러
STD_002911,염색/헤어컬러,STD_002912,4,뷰티 > 헤어 > 헤어컬러 > 염색/헤어컬러
STD_002910,산화제,STD_002911,5,뷰티 > 헤어 > 헤어컬러 > 염색/헤어컬러 > 산화제
STD_002913,일반염색약(멋내기),STD_002911,5,뷰티 > 헤어 > 헤어컬러 > 염색/헤어컬러 > 일반염색약(멋내기)
STD_002914,일반염색약(새치),STD_002911,5,뷰티 > 헤어 > 헤어컬러 > 염색/헤어컬러 > 일반염색약(새치)
STD_002915,탈색제,STD_002911,5,뷰티 > 헤어 > 헤어컬러 > 염색/헤어컬러 > 탈색제
STD_002916,한방염색약(멋내기),STD_002911,5,뷰티 > 헤어 > 헤어컬러 > 염색/헤어컬러 > 한방염색약(멋내기)
STD_002917,한방염색약(새치),STD_002911,5,뷰티 > 헤어 > 헤어컬러 > 염색/헤어컬러 > 한방염색약(새치)
STD_002918,헤나,STD_002911,5,뷰티 > 헤어 > 헤어컬러 > 염색/헤어컬러 > 헤나
STD_002919,헤어매니큐어,STD_002911,5,뷰티 > 헤어 > 헤어컬러 > 염색/헤어컬러 > 헤어매니큐어
STD_002921,헤어메이크업,STD_002912,4,뷰티 > 헤어 > 헤어컬러 > 헤어메이크업
STD_002920,새치커버붓/스틱,STD_002921,5,뷰티 > 헤어 > 헤어컬러 > 헤어메이크업 > 새치커버붓/스틱
STD_002922,헤어섀도/마스카라,STD_002921,5,뷰티 > 헤어 > 헤어컬러 > 헤어메이크업 > 헤어섀도/마스카라
STD_002923,헤어초크/틴트,STD_002921,5,뷰티 > 헤어 > 헤어컬러 > 헤어메이크업 > 헤어초크/틴트
STD_002924,흑채/증모제,STD_002921,5,뷰티 > 헤어 > 헤어컬러 > 헤어메이크업 > 흑채/증모제
STD_002926,헤어케어세트,STD_002860,3,뷰티 > 헤어 > 헤어케어세트
STD_002925,여행용헤어세트,STD_002926,4,뷰티 > 헤어 > 헤어케어세트 > 여행용헤어세트
STD_002927,헤어세트,STD_002926,4,뷰티 > 헤어 > 헤어케어세트 > 헤어세트
STD_002929,헤어케어,STD_002332,2,뷰티 > 헤어케어
STD_002928,두피케어,STD_002929,3,뷰티 > 헤어케어 > 두피케어
STD_002930,샴푸/린스,STD_002929,3,뷰티 > 헤어케어 > 샴푸/린스
STD_002931,트리트먼트/에센스,STD_002929,3,뷰티 > 헤어케어 > 트리트먼트/에센스
STD_002932,헤어스타일링,STD_002929,3,뷰티 > 헤어케어 > 헤어스타일링
STD_002933,헤어케어 기타,STD_002929,3,뷰티 > 헤어케어 > 헤어케어 기타
STD_002936,뷰티기기,ROOT,1,뷰티기기
STD_002935,네일관리,STD_002936,2,뷰티기기 > 네일관리
STD_002934,네일드라이어,STD_002935,3,뷰티기기 > 네일관리 > 네일드라이어
STD_002937,손발톱정리기,STD_002935,3,뷰티기기 > 네일관리 > 손발톱정리기
STD_002938,전동네일관리기,STD_002935,3,뷰티기기 > 네일관리 > 전동네일관리기
STD_002939,젤네일램프,STD_002935,3,뷰티기기 > 네일관리 > 젤네일램프
STD_002941,눈썹관리,STD_002936,2,뷰티기기 > 눈썹관리
STD_002940,눈썹정리기,STD_002941,3,뷰티기기 > 눈썹관리 > 눈썹정리기
STD_002942,속눈썹고데기,STD_002941,3,뷰티기기 > 눈썹관리 > 속눈썹고데기
STD_002944,액세서리/소모품,STD_002936,2,뷰티기기 > 액세서리/소모품
STD_002943,액세서리/소모품,STD_002944,3,뷰티기기 > 액세서리/소모품 > 액세서리/소모품
STD_002946,제모기,STD_002936,2,뷰티기기 > 제모기
STD_002945,제모기,STD_002946,3,뷰티기기 > 제모기 > 제모기
STD_002947,코털정리기,STD_002946,3,뷰티기기 > 제모기 > 코털정리기
STD_002949,피부케어기,STD_002936,2,뷰티기기 > 피부케어기
STD_002948,진동클렌져,STD_002949,3,뷰티기기 > 피부케어기 > 진동클렌져
STD_002950,피부케어기,STD_002949,3,뷰티기기 > 피부케어기 > 피부케어기
STD_002952,헤어스타일러,STD_002936,2,뷰티기기 > 헤어스타일러
STD_002951,고데기,STD_002952,3,뷰티기기 > 헤어스타일러 > 고데기
STD_002953,두피케어기,STD_002952,3,뷰티기기 > 헤어스타일러 > 두피케어기
STD_002954,매직기,STD_002952,3,뷰티기기 > 헤어스타일러 > 매직기
STD_002955,셋팅롤,STD_002952,3,뷰티기기 > 헤어스타일러 > 셋팅롤
STD_002956,셋팅롤SET,STD_002952,3,뷰티기기 > 헤어스타일러 > 셋팅롤SET
STD_002957,에어브러쉬,STD_002952,3,뷰티기기 > 헤어스타일러 > 에어브러쉬
STD_002958,이발기,STD_002952,3,뷰티기기 > 헤어스타일러 > 이발기
STD_002959,전기헤어캡,STD_002952,3,뷰티기기 > 헤어스타일러 > 전기헤어캡
STD_002960,헤어드라이어,STD_002952,3,뷰티기기 > 헤어스타일러 > 헤어드라이어
STD_002961,헤어스타일러용품,STD_002952,3,뷰티기기 > 헤어스타일러 > 헤어스타일러용품
STD_002964,상품권,ROOT,1,상품권
STD_002963,롯데백화점 상품권,STD_002964,2,상품권 > 롯데백화점 상품권
STD_002962,10만원권 미만,STD_002963,3,상품권 > 롯데백화점 상품권 > 10만원권 미만
STD_002965,10만원권 이상,STD_002963,3,상품권 > 롯데백화점 상품권 > 10만원권 이상
STD_002966,특수 상품권카테고리,STD_002963,3,상품권 > 롯데백화점 상품권 > 특수 상품권카테고리
STD_002968,마트/기프트 상품권,STD_002964,2,상품권 > 마트/기프트 상품권
STD_002967,마트 상품권,STD_002968,3,상품권 > 마트/기프트 상품권 > 마트 상품권
STD_002969,선불카드/기프트카드,STD_002968,3,상품권 > 마트/기프트 상품권 > 선불카드/기프트카드
STD_002971,문화/도서/외식 상품권,STD_002964,2,상품권 > 문화/도서/외식 상품권
STD_002970,기타 외식 상품권,STD_002971,3,상품권 > 문화/도서/외식 상품권 > 기타 외식 상품권
STD_002972,문화/도서/해피상품권,STD_002971,3,상품권 > 문화/도서/외식 상품권 > 문화/도서/해피상품권
STD_002973,패밀리레스토랑 상품권,STD_002971,3,상품권 > 문화/도서/외식 상품권 > 패밀리레스토랑 상품권
STD_002975,상품권 기타,STD_002964,2,상품권 > 상품권 기타
STD_002974,B2B,STD_002975,3,상품권 > 상품권 기타 > B2B
STD_002977,신세계백화점 상품권,STD_002964,2,상품권 > 신세계백화점 상품권
STD_002976,10만원권 미만,STD_002977,3,상품권 > 신세계백화점 상품권 > 10만원권 미만
STD_002978,10만원권 이상,STD_002977,3,상품권 > 신세계백화점 상품권 > 10만원권 이상
STD_002980,영화관람권,STD_002964,2,상품권 > 영화관람권
STD_002979,CGV 관람권,STD_002980,3,상품권 > 영화관람권 > CGV 관람권
STD_002981,놀이공원 입장권,STD_002980,3,상품권 > 영화관람권 > 놀이공원 입장권
STD_002982,롯데시네마,STD_002980,3,상품권 > 영화관람권 > 롯데시네마
STD_002983,메가박스/기타,STD_002980,3,상품권 > 영화관람권 > 메가박스/기타
STD_002985,전화카드/아이튠즈카드,STD_002964,2,상품권 > 전화카드/아이튠즈카드
STD_002984,국내 전화카드,STD_002985,3,상품권 > 전화카드/아이튠즈카드 > 국내 전화카드
STD_002986,국제 전화카드,STD_002985,3,상품권 > 전화카드/아이튠즈카드 > 국제 전화카드
STD_002987,아이튠즈 기프트카드,STD_002985,3,상품권 > 전화카드/아이튠즈카드 > 아이튠즈 기프트카드
STD_002989,제화/구두/패션상품권,STD_002964,2,상품권 > 제화/구두/패션상품권
STD_002988,금강제화,STD_002989,3,상품권 > 제화/구두/패션상품권 > 금강제화
STD_002990,기타 패션상품권,STD_002989,3,상품권 > 제화/구두/패션상품권 > 기타 패션상품권
STD_002991,에스콰이어,STD_002989,3,상품권 > 제화/구두/패션상품권 > 에스콰이어
STD_002992,엘칸토,STD_002989,3,상품권 > 제화/구두/패션상품권 > 엘칸토
STD_002994,주유 상품권,STD_002964,2,상품권 > 주유 상품권
STD_002993,GS 칼텍스,STD_002994,3,상품권 > 주유 상품권 > GS 칼텍스
STD_002995,SK 주유권,STD_002994,3,상품권 > 주유 상품권 > SK 주유권
STD_002997,현대백화점 상품권,STD_002964,2,상품권 > 현대백화점 상품권
STD_002996,10만원권 미만,STD_002997,3,상품권 > 현대백화점 상품권 > 10만원권 미만
STD_002998,10만원권 이상,STD_002997,3,상품권 > 현대백화점 상품권 > 10만원권 이상
STD_003001,생필품,ROOT,1,생필품
STD_003000,살충제/방충제,STD_003001,2,생필품 > 살충제/방충제
STD_002999,방충제,STD_003000,3,생필품 > 살충제/방충제 > 방충제
STD_003002,살충제,STD_003000,3,생필품 > 살충제/방충제 > 살충제
STD_003004,생리대/성인기저귀,STD_003001,2,생필품 > 생리대/성인기저귀
STD_003003,생리대,STD_003004,3,생필품 > 생리대/성인기저귀 > 생리대
STD_003005,성인기저귀,STD_003004,3,생필품 > 생리대/성인기저귀 > 성인기저귀
STD_003007,세제/세정제,STD_003001,2,생필품 > 세제/세정제
STD_003006,가죽클리너,STD_003007,3,생필품 > 세제/세정제 > 가죽클리너
STD_003008,곰팡이제거제,STD_003007,3,생필품 > 세제/세정제 > 곰팡이제거제
STD_003009,기타세정제,STD_003007,3,생필품 > 세제/세정제 > 기타세정제
STD_003010,배수구세정제,STD_003007,3,생필품 > 세제/세정제 > 배수구세정제
STD_003011,베이킹소다/구연산,STD_003007,3,생필품 > 세제/세정제 > 베이킹소다/구연산
STD_003012,변기세정제,STD_003007,3,생필품 > 세제/세정제 > 변기세정제
STD_003013,빨래비누,STD_003007,3,생필품 > 세제/세정제 > 빨래비누
STD_003014,살균소독제,STD_003007,3,생필품 > 세제/세정제 > 살균소독제
STD_003015,섬유유연제,STD_003007,3,생필품 > 세제/세정제 > 섬유유연제
STD_003016,세제/세정제세트,STD_003007,3,생필품 > 세제/세정제 > 세제/세정제세트
STD_003017,세탁보조제,STD_003007,3,생필품 > 세제/세정제 > 세탁보조제
STD_003018,세탁세제,STD_003007,3,생필품 > 세제/세정제 > 세탁세제
STD_003019,세탁조크리너,STD_003007,3,생필품 > 세제/세정제 > 세탁조크리너
STD_003020,식기세척기세제,STD_003007,3,생필품 > 세제/세정제 > 식기세척기세제
STD_003021,식기세척기전용세제,STD_003007,3,생필품 > 세제/세정제 > 식기세척기전용세제
STD_003022,에어컨세정제,STD_003007,3,생필품 > 세제/세정제 > 에어컨세정제
STD_003023,욕실세정제,STD_003007,3,생필품 > 세제/세정제 > 욕실세정제
STD_003024,유리세정제,STD_003007,3,생필품 > 세제/세정제 > 유리세정제
STD_003025,주방세제,STD_003007,3,생필품 > 세제/세정제 > 주방세제
STD_003026,표백제,STD_003007,3,생필품 > 세제/세정제 > 표백제
STD_003028,일회용품,STD_003001,2,생필품 > 일회용품
STD_003027,나무젓가락/일회용수저,STD_003028,3,생필품 > 일회용품 > 나무젓가락/일회용수저
STD_003029,빨대,STD_003028,3,생필품 > 일회용품 > 빨대
STD_003030,일회용용기,STD_003028,3,생필품 > 일회용품 > 일회용용기
STD_003031,종이컵,STD_003028,3,생필품 > 일회용품 > 종이컵
STD_003032,테이크아웃컵,STD_003028,3,생필품 > 일회용품 > 테이크아웃컵
STD_003034,탈취/방향/제습,STD_003001,2,생필품 > 탈취/방향/제습
STD_003033,공기탈취제,STD_003034,3,생필품 > 탈취/방향/제습 > 공기탈취제
STD_003035,냉장고탈취제,STD_003034,3,생필품 > 탈취/방향/제습 > 냉장고탈취제
STD_003036,방향제,STD_003034,3,생필품 > 탈취/방향/제습 > 방향제
STD_003037,새집증후군제거제,STD_003034,3,생필품 > 탈취/방향/제습 > 새집증후군제거제
STD_003038,섬유탈취제,STD_003034,3,생필품 > 탈취/방향/제습 > 섬유탈취제
STD_003039,신발탈취제,STD_003034,3,생필품 > 탈취/방향/제습 > 신발탈취제
STD_003040,염화칼슘,STD_003034,3,생필품 > 탈취/방향/제습 > 염화칼슘
STD_003041,옷장탈취제,STD_003034,3,생필품 > 탈취/방향/제습 > 옷장탈취제
STD_003042,제습제,STD_003034,3,생필품 > 탈취/방향/제습 > 제습제
STD_003044,화장지/물티슈,STD_003001,2,생필품 > 화장지/물티슈
STD_003043,냅킨,STD_003044,3,생필품 > 화장지/물티슈 > 냅킨
STD_003045,물티슈,STD_003044,3,생필품 > 화장지/물티슈 > 물티슈
STD_003046,점보롤,STD_003044,3,생필품 > 화장지/물티슈 > 점보롤
STD_003047,키친타월,STD_003044,3,생필품 > 화장지/물티슈 > 키친타월
STD_003048,핸드타월,STD_003044,3,생필품 > 화장지/물티슈 > 핸드타월
STD_003049,화장지,STD_003044,3,생필품 > 화장지/물티슈 > 화장지
STD_003052,생활/미용가전,ROOT,1,생활/미용가전
STD_003051,가전 제품 패키지,STD_003052,2,생활/미용가전 > 가전 제품 패키지
STD_003050,가전 제품 패키지,STD_003051,3,생활/미용가전 > 가전 제품 패키지 > 가전 제품 패키지
STD_003054,구강청정기기,STD_003052,2,생활/미용가전 > 구강청정기기
STD_003053,구강세정기,STD_003054,3,생활/미용가전 > 구강청정기기 > 구강세정기
STD_003055,구강청정기기용품,STD_003054,3,생활/미용가전 > 구강청정기기 > 구강청정기기용품
STD_003056,전동칫솔,STD_003054,3,생활/미용가전 > 구강청정기기 > 전동칫솔
STD_003057,전동칫솔모,STD_003054,3,생활/미용가전 > 구강청정기기 > 전동칫솔모
STD_003058,칫솔살균기,STD_003054,3,생활/미용가전 > 구강청정기기 > 칫솔살균기
STD_003060,다리미,STD_003052,2,생활/미용가전 > 다리미
STD_003059,건식다리미,STD_003060,3,생활/미용가전 > 다리미 > 건식다리미
STD_003061,다리미용품,STD_003060,3,생활/미용가전 > 다리미 > 다리미용품
STD_003062,스팀다리미,STD_003060,3,생활/미용가전 > 다리미 > 스팀다리미
STD_003064,드라이기/고데기,STD_003052,2,생활/미용가전 > 드라이기/고데기
STD_003063,고데기,STD_003064,3,생활/미용가전 > 드라이기/고데기 > 고데기
STD_003065,에어브러시,STD_003064,3,생활/미용가전 > 드라이기/고데기 > 에어브러시
STD_003066,전기이발기,STD_003064,3,생활/미용가전 > 드라이기/고데기 > 전기이발기
STD_003067,전기헤어캡,STD_003064,3,생활/미용가전 > 드라이기/고데기 > 전기헤어캡
STD_003068,헤어드라이어,STD_003064,3,생활/미용가전 > 드라이기/고데기 > 헤어드라이어
STD_003069,헤어스타일러용품,STD_003064,3,생활/미용가전 > 드라이기/고데기 > 헤어스타일러용품
STD_003071,면도기/제모기,STD_003052,2,생활/미용가전 > 면도기/제모기
STD_003070,레이저제모기,STD_003071,3,생활/미용가전 > 면도기/제모기 > 레이저제모기
STD_003072,모근제거기,STD_003071,3,생활/미용가전 > 면도기/제모기 > 모근제거기
STD_003073,전기면도기,STD_003071,3,생활/미용가전 > 면도기/제모기 > 전기면도기
STD_003074,전동눈썹정리기,STD_003071,3,생활/미용가전 > 면도기/제모기 > 전동눈썹정리기
STD_003075,제모기기용품,STD_003071,3,생활/미용가전 > 면도기/제모기 > 제모기기용품
STD_003076,코털정리기,STD_003071,3,생활/미용가전 > 면도기/제모기 > 코털정리기
STD_003078,보풀제거기/재봉틀,STD_003052,2,생활/미용가전 > 보풀제거기/재봉틀
STD_003077,보풀제거기,STD_003078,3,생활/미용가전 > 보풀제거기/재봉틀 > 보풀제거기
STD_003079,재봉틀,STD_003078,3,생활/미용가전 > 보풀제거기/재봉틀 > 재봉틀
STD_003080,재봉틀용품,STD_003078,3,생활/미용가전 > 보풀제거기/재봉틀 > 재봉틀용품
STD_003082,사무가전,STD_003052,2,생활/미용가전 > 사무가전
STD_003081,기타사무가전,STD_003082,3,생활/미용가전 > 사무가전 > 기타사무가전
STD_003083,동전/지폐계수기,STD_003082,3,생활/미용가전 > 사무가전 > 동전/지폐계수기
STD_003084,디지털금고,STD_003082,3,생활/미용가전 > 사무가전 > 디지털금고
STD_003085,라벨기,STD_003082,3,생활/미용가전 > 사무가전 > 라벨기
STD_003086,문서세단기,STD_003082,3,생활/미용가전 > 사무가전 > 문서세단기
STD_003087,재단기,STD_003082,3,생활/미용가전 > 사무가전 > 재단기
STD_003088,전자계산기,STD_003082,3,생활/미용가전 > 사무가전 > 전자계산기
STD_003089,제본기/천공기,STD_003082,3,생활/미용가전 > 사무가전 > 제본기/천공기
STD_003090,출퇴근기록기,STD_003082,3,생활/미용가전 > 사무가전 > 출퇴근기록기
STD_003091,카드단말기/포스기,STD_003082,3,생활/미용가전 > 사무가전 > 카드단말기/포스기
STD_003092,코팅기,STD_003082,3,생활/미용가전 > 사무가전 > 코팅기
STD_003094,살균소독기기,STD_003052,2,생활/미용가전 > 살균소독기기
STD_003093,기타살균소독기기,STD_003094,3,생활/미용가전 > 살균소독기기 > 기타살균소독기기
STD_003095,살균램프,STD_003094,3,생활/미용가전 > 살균소독기기 > 살균램프
STD_003096,손소독기,STD_003094,3,생활/미용가전 > 살균소독기기 > 손소독기
STD_003097,신발살균건조기,STD_003094,3,생활/미용가전 > 살균소독기기 > 신발살균건조기
STD_003098,장난감소독기,STD_003094,3,생활/미용가전 > 살균소독기기 > 장난감소독기
STD_003099,초음파세척기,STD_003094,3,생활/미용가전 > 살균소독기기 > 초음파세척기
STD_003100,핸드드라이어,STD_003094,3,생활/미용가전 > 살균소독기기 > 핸드드라이어
STD_003102,세탁기,STD_003052,2,생활/미용가전 > 세탁기
STD_003101,드럼세탁기,STD_003102,3,생활/미용가전 > 세탁기 > 드럼세탁기
STD_003103,세탁기용품,STD_003102,3,생활/미용가전 > 세탁기 > 세탁기용품
STD_003104,일반세탁기,STD_003102,3,생활/미용가전 > 세탁기 > 일반세탁기
STD_003105,자동빨래삶통,STD_003102,3,생활/미용가전 > 세탁기 > 자동빨래삶통
STD_003106,탈수기,STD_003102,3,생활/미용가전 > 세탁기 > 탈수기
STD_003108,의류건조기/의류관리기,STD_003052,2,생활/미용가전 > 의류건조기/의류관리기
STD_003107,의류건조기,STD_003108,3,생활/미용가전 > 의류건조기/의류관리기 > 의류건조기
STD_003109,의류관리기,STD_003108,3,생활/미용가전 > 의류건조기/의류관리기 > 의류관리기
STD_003111,전기용품,STD_003052,2,생활/미용가전 > 전기용품
STD_003110,기타가전리모컨,STD_003111,3,생활/미용가전 > 전기용품 > 기타가전리모컨
STD_003112,여행용어댑터,STD_003111,3,생활/미용가전 > 전기용품 > 여행용어댑터
STD_003113,초인종/도어벨,STD_003111,3,생활/미용가전 > 전기용품 > 초인종/도어벨
STD_003115,전화기/통신기기,STD_003052,2,생활/미용가전 > 전화기/통신기기
STD_003114,무전기,STD_003115,3,생활/미용가전 > 전화기/통신기기 > 무전기
STD_003116,무전기용품,STD_003115,3,생활/미용가전 > 전화기/통신기기 > 무전기용품
STD_003117,비디오폰/인터폰,STD_003115,3,생활/미용가전 > 전화기/통신기기 > 비디오폰/인터폰
STD_003118,전화기,STD_003115,3,생활/미용가전 > 전화기/통신기기 > 전화기
STD_003119,전화기헤드셋,STD_003115,3,생활/미용가전 > 전화기/통신기기 > 전화기헤드셋
STD_003120,전화선/전화기용품,STD_003115,3,생활/미용가전 > 전화기/통신기기 > 전화선/전화기용품
STD_003122,제모기기,STD_003052,2,생활/미용가전 > 제모기기
STD_003121,레이저제모기,STD_003122,3,생활/미용가전 > 제모기기 > 레이저제모기
STD_003123,모근제거기,STD_003122,3,생활/미용가전 > 제모기기 > 모근제거기
STD_003124,전기면도기,STD_003122,3,생활/미용가전 > 제모기기 > 전기면도기
STD_003125,전동눈썹정리기,STD_003122,3,생활/미용가전 > 제모기기 > 전동눈썹정리기
STD_003126,제모기기용품,STD_003122,3,생활/미용가전 > 제모기기 > 제모기기용품
STD_003127,코털제거기,STD_003122,3,생활/미용가전 > 제모기기 > 코털제거기
STD_003129,청소기,STD_003052,2,생활/미용가전 > 청소기
STD_003128,로봇청소기,STD_003129,3,생활/미용가전 > 청소기 > 로봇청소기
STD_003130,물걸레청소기,STD_003129,3,생활/미용가전 > 청소기 > 물걸레청소기
STD_003131,스팀청소기,STD_003129,3,생활/미용가전 > 청소기 > 스팀청소기
STD_003132,진공청소기,STD_003129,3,생활/미용가전 > 청소기 > 진공청소기
STD_003133,침구청소기,STD_003129,3,생활/미용가전 > 청소기 > 침구청소기
STD_003135,청소기용품,STD_003052,2,생활/미용가전 > 청소기용품
STD_003134,기타청소기용품,STD_003135,3,생활/미용가전 > 청소기용품 > 기타청소기용품
STD_003136,스팀청소기패드,STD_003135,3,생활/미용가전 > 청소기용품 > 스팀청소기패드
STD_003137,청소기먼지봉투,STD_003135,3,생활/미용가전 > 청소기용품 > 청소기먼지봉투
STD_003138,청소기브러시/흡입구,STD_003135,3,생활/미용가전 > 청소기용품 > 청소기브러시/흡입구
STD_003139,청소기필터,STD_003135,3,생활/미용가전 > 청소기용품 > 청소기필터
STD_003140,청소기호스/연장관,STD_003135,3,생활/미용가전 > 청소기용품 > 청소기호스/연장관
STD_003142,테스트,STD_003052,2,생활/미용가전 > 테스트
STD_003141,테스트,STD_003142,3,생활/미용가전 > 테스트 > 테스트
STD_003144,피부관리기기,STD_003052,2,생활/미용가전 > 피부관리기기
STD_003143,LED마스크,STD_003144,3,생활/미용가전 > 피부관리기기 > LED마스크
STD_003145,각질제거기,STD_003144,3,생활/미용가전 > 피부관리기기 > 각질제거기
STD_003146,기타피부관리기기,STD_003144,3,생활/미용가전 > 피부관리기기 > 기타피부관리기기
STD_003147,네일드라이기,STD_003144,3,생활/미용가전 > 피부관리기기 > 네일드라이기
STD_003148,전동손발톱정리기,STD_003144,3,생활/미용가전 > 피부관리기기 > 전동손발톱정리기
STD_003149,진동클렌저,STD_003144,3,생활/미용가전 > 피부관리기기 > 진동클렌저
STD_003150,피부마사지기,STD_003144,3,생활/미용가전 > 피부관리기기 > 피부마사지기
STD_003152,헤어스타일러,STD_003052,2,생활/미용가전 > 헤어스타일러
STD_003151,고데기,STD_003152,3,생활/미용가전 > 헤어스타일러 > 고데기
STD_003153,에어브러시,STD_003152,3,생활/미용가전 > 헤어스타일러 > 에어브러시
STD_003154,전기이발기,STD_003152,3,생활/미용가전 > 헤어스타일러 > 전기이발기
STD_003155,전기헤어캡,STD_003152,3,생활/미용가전 > 헤어스타일러 > 전기헤어캡
STD_003156,헤어드라이어,STD_003152,3,생활/미용가전 > 헤어스타일러 > 헤어드라이어
STD_003157,헤어스타일러용품,STD_003152,3,생활/미용가전 > 헤어스타일러 > 헤어스타일러용품
STD_003160,생활가전,ROOT,1,생활가전
STD_003159,구강청정기기,STD_003160,2,생활가전 > 구강청정기기
STD_003158,구강세정기,STD_003159,3,생활가전 > 구강청정기기 > 구강세정기
STD_003161,전동칫솔,STD_003159,3,생활가전 > 구강청정기기 > 전동칫솔
STD_003162,전동칫솔모,STD_003159,3,생활가전 > 구강청정기기 > 전동칫솔모
STD_003164,기타생활가전,STD_003160,2,생활가전 > 기타생활가전
STD_003163,기타생활가전,STD_003164,3,생활가전 > 기타생활가전 > 기타생활가전
STD_003165,액세서리/소모품,STD_003164,3,생활가전 > 기타생활가전 > 액세서리/소모품
STD_003166,출입통제기,STD_003164,3,생활가전 > 기타생활가전 > 출입통제기
STD_003167,핸드드라이어,STD_003164,3,생활가전 > 기타생활가전 > 핸드드라이어
STD_003168,홈케어,STD_003164,3,생활가전 > 기타생활가전 > 홈케어
STD_003170,다리미,STD_003160,2,생활가전 > 다리미
STD_003169,건식다리미,STD_003170,3,생활가전 > 다리미 > 건식다리미
STD_003171,스팀다리미,STD_003170,3,생활가전 > 다리미 > 스팀다리미
STD_003173,면도기,STD_003160,2,생활가전 > 면도기
STD_003172,전기면도기,STD_003173,3,생활가전 > 면도기 > 전기면도기
STD_003174,전기면도기소모품,STD_003173,3,생활가전 > 면도기 > 전기면도기소모품
STD_003176,미싱/재봉틀,STD_003160,2,생활가전 > 미싱/재봉틀
STD_003175,미싱/재봉틀,STD_003176,3,생활가전 > 미싱/재봉틀 > 미싱/재봉틀
STD_003178,보풀제거기,STD_003160,2,생활가전 > 보풀제거기
STD_003177,보풀제거기,STD_003178,3,생활가전 > 보풀제거기 > 보풀제거기
STD_003180,비데,STD_003160,2,생활가전 > 비데
STD_003179,비데,STD_003180,3,생활가전 > 비데 > 비데
STD_003181,비데용품,STD_003180,3,생활가전 > 비데 > 비데용품
STD_003183,살균/소독기,STD_003160,2,생활가전 > 살균/소독기
STD_003182,기타소독살균기,STD_003183,3,생활가전 > 살균/소독기 > 기타소독살균기
STD_003184,손소독기,STD_003183,3,생활가전 > 살균/소독기 > 손소독기
STD_003185,칫솔살균기,STD_003183,3,생활가전 > 살균/소독기 > 칫솔살균기
STD_003186,틀니소독기,STD_003183,3,생활가전 > 살균/소독기 > 틀니소독기
STD_003188,세탁기/세탁기용품,STD_003160,2,생활가전 > 세탁기/세탁기용품
STD_003187,드럼세탁기,STD_003188,3,생활가전 > 세탁기/세탁기용품 > 드럼세탁기
STD_003189,미니세탁기,STD_003188,3,생활가전 > 세탁기/세탁기용품 > 미니세탁기
STD_003190,빨래삶통,STD_003188,3,생활가전 > 세탁기/세탁기용품 > 빨래삶통
STD_003191,세탁건조기,STD_003188,3,생활가전 > 세탁기/세탁기용품 > 세탁건조기
STD_003192,액세서리/소모품,STD_003188,3,생활가전 > 세탁기/세탁기용품 > 액세서리/소모품
STD_003193,일반세탁기,STD_003188,3,생활가전 > 세탁기/세탁기용품 > 일반세탁기
STD_003194,탈수기,STD_003188,3,생활가전 > 세탁기/세탁기용품 > 탈수기
STD_003196,의류건조기/의류관리기,STD_003160,2,생활가전 > 의류건조기/의류관리기
STD_003195,신발건조기,STD_003196,3,생활가전 > 의류건조기/의류관리기 > 신발건조기
STD_003197,의류건조기,STD_003196,3,생활가전 > 의류건조기/의류관리기 > 의류건조기
STD_003198,의류관리기,STD_003196,3,생활가전 > 의류건조기/의류관리기 > 의류관리기
STD_003200,전화기/인터폰/무전기,STD_003160,2,생활가전 > 전화기/인터폰/무전기
STD_003199,무전기,STD_003200,3,생활가전 > 전화기/인터폰/무전기 > 무전기
STD_003201,인터폰,STD_003200,3,생활가전 > 전화기/인터폰/무전기 > 인터폰
STD_003202,전화기,STD_003200,3,생활가전 > 전화기/인터폰/무전기 > 전화기
STD_003204,청소기,STD_003160,2,생활가전 > 청소기
STD_003203,로봇청소기,STD_003204,3,생활가전 > 청소기 > 로봇청소기
STD_003205,무선스틱청소기,STD_003204,3,생활가전 > 청소기 > 무선스틱청소기
STD_003206,물걸레청소기,STD_003204,3,생활가전 > 청소기 > 물걸레청소기
STD_003207,스팀/살균청소기,STD_003204,3,생활가전 > 청소기 > 스팀/살균청소기
STD_003208,업소용/고압청소기,STD_003204,3,생활가전 > 청소기 > 업소용/고압청소기
STD_003209,유선진공청소기,STD_003204,3,생활가전 > 청소기 > 유선진공청소기
STD_003210,청소기용품,STD_003204,3,생활가전 > 청소기 > 청소기용품
STD_003211,침구청소기,STD_003204,3,생활가전 > 청소기 > 침구청소기
STD_003212,핸디/미니청소기,STD_003204,3,생활가전 > 청소기 > 핸디/미니청소기
STD_003216,생활용품,ROOT,1,생활용품
STD_003215,건강용품,STD_003216,2,생활용품 > 건강용품
STD_003214,건강보조용품,STD_003215,3,생활용품 > 건강용품 > 건강보조용품
STD_003213,건강/발패치,STD_003214,4,생활용품 > 건강용품 > 건강보조용품 > 건강/발패치
STD_003218,건강액세서리,STD_003215,3,생활용품 > 건강용품 > 건강액세서리
STD_003217,건강목걸이,STD_003218,4,생활용품 > 건강용품 > 건강액세서리 > 건강목걸이
STD_003219,건강팔찌,STD_003218,4,생활용품 > 건강용품 > 건강액세서리 > 건강팔찌
STD_003220,기타건강액세서리,STD_003218,4,생활용품 > 건강용품 > 건강액세서리 > 기타건강액세서리
STD_003222,건강측정용품,STD_003215,3,생활용품 > 건강용품 > 건강측정용품
STD_003221,기타 건강측정기,STD_003222,4,생활용품 > 건강용품 > 건강측정용품 > 기타 건강측정기
STD_003224,당뇨관리용품,STD_003222,4,생활용품 > 건강용품 > 건강측정용품 > 당뇨관리용품
STD_003223,연속혈당측정기,STD_003224,5,생활용품 > 건강용품 > 건강측정용품 > 당뇨관리용품 > 연속혈당측정기
STD_003225,인슐린주사기/펜니들,STD_003224,5,생활용품 > 건강용품 > 건강측정용품 > 당뇨관리용품 > 인슐린주사기/펜니들
STD_003226,채혈기/채혈침,STD_003224,5,생활용품 > 건강용품 > 건강측정용품 > 당뇨관리용품 > 채혈기/채혈침
STD_003227,혈당계,STD_003224,5,생활용품 > 건강용품 > 건강측정용품 > 당뇨관리용품 > 혈당계
STD_003228,혈당측정지,STD_003224,5,생활용품 > 건강용품 > 건강측정용품 > 당뇨관리용품 > 혈당측정지
STD_003229,배란테스트기,STD_003222,4,생활용품 > 건강용품 > 건강측정용품 > 배란테스트기
STD_003230,산소포화도측정기,STD_003222,4,생활용품 > 건강용품 > 건강측정용품 > 산소포화도측정기
STD_003231,신장계,STD_003222,4,생활용품 > 건강용품 > 건강측정용품 > 신장계
STD_003232,유아체온계,STD_003222,4,생활용품 > 건강용품 > 건강측정용품 > 유아체온계
STD_003233,임신테스트기,STD_003222,4,생활용품 > 건강용품 > 건강측정용품 > 임신테스트기
STD_003234,자가검사키트,STD_003222,4,생활용품 > 건강용품 > 건강측정용품 > 자가검사키트
STD_003235,체온계,STD_003222,4,생활용품 > 건강용품 > 건강측정용품 > 체온계
STD_003236,체중계,STD_003222,4,생활용품 > 건강용품 > 건강측정용품 > 체중계
STD_003237,체지방계,STD_003222,4,생활용품 > 건강용품 > 건강측정용품 > 체지방계
STD_003238,혈압계,STD_003222,4,생활용품 > 건강용품 > 건강측정용품 > 혈압계
STD_003240,금연용품,STD_003215,3,생활용품 > 건강용품 > 금연용품
STD_003239,금연보조제,STD_003240,4,생활용품 > 건강용품 > 금연용품 > 금연보조제
STD_003241,금연초(19),STD_003240,4,생활용품 > 건강용품 > 금연용품 > 금연초(19)
STD_003242,기타금연용품,STD_003240,4,생활용품 > 건강용품 > 금연용품 > 기타금연용품
STD_003244,눈건강/렌즈관리,STD_003215,3,생활용품 > 건강용품 > 눈건강/렌즈관리
STD_003243,돋보기/확대경,STD_003244,4,생활용품 > 건강용품 > 눈건강/렌즈관리 > 돋보기/확대경
STD_003245,렌즈세정/보존액,STD_003244,4,생활용품 > 건강용품 > 눈건강/렌즈관리 > 렌즈세정/보존액
STD_003246,렌즈세척기,STD_003244,4,생활용품 > 건강용품 > 눈건강/렌즈관리 > 렌즈세척기
STD_003247,렌즈세척용기/렌즈용품,STD_003244,4,생활용품 > 건강용품 > 눈건강/렌즈관리 > 렌즈세척용기/렌즈용품
STD_003248,습윤제/단백질제거제,STD_003244,4,생활용품 > 건강용품 > 눈건강/렌즈관리 > 습윤제/단백질제거제
STD_003249,식염수,STD_003244,4,생활용품 > 건강용품 > 눈건강/렌즈관리 > 식염수
STD_003250,아이마스크,STD_003244,4,생활용품 > 건강용품 > 눈건강/렌즈관리 > 아이마스크
STD_003251,일회용안대,STD_003244,4,생활용품 > 건강용품 > 눈건강/렌즈관리 > 일회용안대
STD_003253,마스크/방한대,STD_003215,3,생활용품 > 건강용품 > 마스크/방한대
STD_003252,1회용부직포마스크,STD_003253,4,생활용품 > 건강용품 > 마스크/방한대 > 1회용부직포마스크
STD_003254,KF-AD마스크,STD_003253,4,생활용품 > 건강용품 > 마스크/방한대 > KF-AD마스크
STD_003255,KF80마스크,STD_003253,4,생활용품 > 건강용품 > 마스크/방한대 > KF80마스크
STD_003256,KF94이상마스크,STD_003253,4,생활용품 > 건강용품 > 마스크/방한대 > KF94이상마스크
STD_003257,덴탈마스크[식약처인증],STD_003253,4,생활용품 > 건강용품 > 마스크/방한대 > 덴탈마스크[식약처인증]
STD_003258,방한/패션마스크,STD_003253,4,생활용품 > 건강용품 > 마스크/방한대 > 방한/패션마스크
STD_003259,유아 KF-AD마스크,STD_003253,4,생활용품 > 건강용품 > 마스크/방한대 > 유아 KF-AD마스크
STD_003260,유아 KF80마스크,STD_003253,4,생활용품 > 건강용품 > 마스크/방한대 > 유아 KF80마스크
STD_003261,유아 KF94이상마스크,STD_003253,4,생활용품 > 건강용품 > 마스크/방한대 > 유아 KF94이상마스크
STD_003262,투명위생마스크,STD_003253,4,생활용품 > 건강용품 > 마스크/방한대 > 투명위생마스크
STD_003263,특수마스크,STD_003253,4,생활용품 > 건강용품 > 마스크/방한대 > 특수마스크
STD_003265,보호대/교정용품,STD_003215,3,생활용품 > 건강용품 > 보호대/교정용품
STD_003264,건강보호대,STD_003265,4,생활용품 > 건강용품 > 보호대/교정용품 > 건강보호대
STD_003266,근육테이프,STD_003265,4,생활용품 > 건강용품 > 보호대/교정용품 > 근육테이프
STD_003267,기타 보호/교정용품,STD_003265,4,생활용품 > 건강용품 > 보호대/교정용품 > 기타 보호/교정용품
STD_003268,손/발건강용품,STD_003265,4,생활용품 > 건강용품 > 보호대/교정용품 > 손/발건강용품
STD_003269,의료용압박스타킹,STD_003265,4,생활용품 > 건강용품 > 보호대/교정용품 > 의료용압박스타킹
STD_003270,체형교정용품,STD_003265,4,생활용품 > 건강용품 > 보호대/교정용품 > 체형교정용품
STD_003272,지압/마사지용품,STD_003215,3,생활용품 > 건강용품 > 지압/마사지용품
STD_003271,괄사용품,STD_003272,4,생활용품 > 건강용품 > 지압/마사지용품 > 괄사용품
STD_003273,기타 지압/마사지용품,STD_003272,4,생활용품 > 건강용품 > 지압/마사지용품 > 기타 지압/마사지용품
STD_003274,두피마사지기,STD_003272,4,생활용품 > 건강용품 > 지압/마사지용품 > 두피마사지기
STD_003275,마사지볼,STD_003272,4,생활용품 > 건강용품 > 지압/마사지용품 > 마사지볼
STD_003276,발지압매트,STD_003272,4,생활용품 > 건강용품 > 지압/마사지용품 > 발지압매트
STD_003278,찜질/부항/뜸/좌훈,STD_003215,3,생활용품 > 건강용품 > 찜질/부항/뜸/좌훈
STD_003277,뜸/뜸기,STD_003278,4,생활용품 > 건강용품 > 찜질/부항/뜸/좌훈 > 뜸/뜸기
STD_003279,부항기/부항컵,STD_003278,4,생활용품 > 건강용품 > 찜질/부항/뜸/좌훈 > 부항기/부항컵
STD_003280,안마용품,STD_003278,4,생활용품 > 건강용품 > 찜질/부항/뜸/좌훈 > 안마용품
STD_003281,좌훈용품,STD_003278,4,생활용품 > 건강용품 > 찜질/부항/뜸/좌훈 > 좌훈용품
STD_003282,찜질용품,STD_003278,4,생활용품 > 건강용품 > 찜질/부항/뜸/좌훈 > 찜질용품
STD_003283,파라핀베스,STD_003278,4,생활용품 > 건강용품 > 찜질/부항/뜸/좌훈 > 파라핀베스
STD_003284,파라핀왁스,STD_003278,4,생활용품 > 건강용품 > 찜질/부항/뜸/좌훈 > 파라핀왁스
STD_003286,호흡/수면건강,STD_003215,3,생활용품 > 건강용품 > 호흡/수면건강
STD_003285,귀마개/소음방지,STD_003286,4,생활용품 > 건강용품 > 호흡/수면건강 > 귀마개/소음방지
STD_003287,기타 호흡/수면용품,STD_003286,4,생활용품 > 건강용품 > 호흡/수면건강 > 기타 호흡/수면용품
STD_003288,네블라이저,STD_003286,4,생활용품 > 건강용품 > 호흡/수면건강 > 네블라이저
STD_003289,자연/부직포 가습기,STD_003286,4,생활용품 > 건강용품 > 호흡/수면건강 > 자연/부직포 가습기
STD_003290,코/호흡기건강,STD_003286,4,생활용품 > 건강용품 > 호흡/수면건강 > 코/호흡기건강
STD_003291,코골이방지,STD_003286,4,생활용품 > 건강용품 > 호흡/수면건강 > 코골이방지
STD_003293,활동보조용품,STD_003215,3,생활용품 > 건강용품 > 활동보조용품
STD_003292,기타 활동보조용품,STD_003293,4,생활용품 > 건강용품 > 활동보조용품 > 기타 활동보조용품
STD_003294,목발,STD_003293,4,생활용품 > 건강용품 > 활동보조용품 > 목발
STD_003295,성인용보행기,STD_003293,4,생활용품 > 건강용품 > 활동보조용품 > 성인용보행기
STD_003296,전동스쿠터,STD_003293,4,생활용품 > 건강용품 > 활동보조용품 > 전동스쿠터
STD_003297,지팡이,STD_003293,4,생활용품 > 건강용품 > 활동보조용품 > 지팡이
STD_003298,환자용목욕의자,STD_003293,4,생활용품 > 건강용품 > 활동보조용품 > 환자용목욕의자
STD_003299,휠체어/휠체어용품,STD_003293,4,생활용품 > 건강용품 > 활동보조용품 > 휠체어/휠체어용품
STD_003302,공구,STD_003216,2,생활용품 > 공구
STD_003301,사다리/운반용품,STD_003302,3,생활용품 > 공구 > 사다리/운반용품
STD_003300,기타 적재/운반도구,STD_003301,4,생활용품 > 공구 > 사다리/운반용품 > 기타 적재/운반도구
STD_003303,사다리,STD_003301,4,생활용품 > 공구 > 사다리/운반용품 > 사다리
STD_003304,운반중장비/부품,STD_003301,4,생활용품 > 공구 > 사다리/운반용품 > 운반중장비/부품
STD_003305,작업대,STD_003301,4,생활용품 > 공구 > 사다리/운반용품 > 작업대
STD_003306,지게,STD_003301,4,생활용품 > 공구 > 사다리/운반용품 > 지게
STD_003308,소형기계,STD_003302,3,생활용품 > 공구 > 소형기계
STD_003307,기타소형기계,STD_003308,4,생활용품 > 공구 > 소형기계 > 기타소형기계
STD_003309,모터/펌프,STD_003308,4,생활용품 > 공구 > 소형기계 > 모터/펌프
STD_003310,발전기,STD_003308,4,생활용품 > 공구 > 소형기계 > 발전기
STD_003311,양수기,STD_003308,4,생활용품 > 공구 > 소형기계 > 양수기
STD_003312,해빙기,STD_003308,4,생활용품 > 공구 > 소형기계 > 해빙기
STD_003314,수공구/공구함,STD_003302,3,생활용품 > 공구 > 수공구/공구함
STD_003313,가정용 공구세트,STD_003314,4,생활용품 > 공구 > 수공구/공구함 > 가정용 공구세트
STD_003315,공구함/공구선반,STD_003314,4,생활용품 > 공구 > 수공구/공구함 > 공구함/공구선반
STD_003316,기타 수공구,STD_003314,4,생활용품 > 공구 > 수공구/공구함 > 기타 수공구
STD_003317,끌/대패/스크래퍼,STD_003314,4,생활용품 > 공구 > 수공구/공구함 > 끌/대패/스크래퍼
STD_003318,니퍼,STD_003314,4,생활용품 > 공구 > 수공구/공구함 > 니퍼
STD_003319,니퍼/펜치/플라이어,STD_003314,4,생활용품 > 공구 > 수공구/공구함 > 니퍼/펜치/플라이어
STD_003320,도끼,STD_003314,4,생활용품 > 공구 > 수공구/공구함 > 도끼
STD_003321,드라이버,STD_003314,4,생활용품 > 공구 > 수공구/공구함 > 드라이버
STD_003322,망치,STD_003314,4,생활용품 > 공구 > 수공구/공구함 > 망치
STD_003323,멀티툴/맥가이버칼,STD_003314,4,생활용품 > 공구 > 수공구/공구함 > 멀티툴/맥가이버칼
STD_003324,목공커터/기타칼,STD_003314,4,생활용품 > 공구 > 수공구/공구함 > 목공커터/기타칼
STD_003325,송곳,STD_003314,4,생활용품 > 공구 > 수공구/공구함 > 송곳
STD_003326,스패너/렌치,STD_003314,4,생활용품 > 공구 > 수공구/공구함 > 스패너/렌치
STD_003327,클램프/바이스,STD_003314,4,생활용품 > 공구 > 수공구/공구함 > 클램프/바이스
STD_003328,타카/핀,STD_003314,4,생활용품 > 공구 > 수공구/공구함 > 타카/핀
STD_003329,톱대/줄톱/톱날,STD_003314,4,생활용품 > 공구 > 수공구/공구함 > 톱대/줄톱/톱날
STD_003330,핀셋,STD_003314,4,생활용품 > 공구 > 수공구/공구함 > 핀셋
STD_003331,흙손,STD_003314,4,생활용품 > 공구 > 수공구/공구함 > 흙손
STD_003333,에어공구,STD_003302,3,생활용품 > 공구 > 에어공구
STD_003332,고압세척기/부속품,STD_003333,4,생활용품 > 공구 > 에어공구 > 고압세척기/부속품
STD_003334,기타 에어공구/부속품,STD_003333,4,생활용품 > 공구 > 에어공구 > 기타 에어공구/부속품
STD_003335,에어노즐/카플러/부속품,STD_003333,4,생활용품 > 공구 > 에어공구 > 에어노즐/카플러/부속품
STD_003336,에어렌치,STD_003333,4,생활용품 > 공구 > 에어공구 > 에어렌치
STD_003337,에어샌더/에어그라인더,STD_003333,4,생활용품 > 공구 > 에어공구 > 에어샌더/에어그라인더
STD_003338,에어톱/에어직소,STD_003333,4,생활용품 > 공구 > 에어공구 > 에어톱/에어직소
STD_003339,에어헤머/에어치퍼,STD_003333,4,생활용품 > 공구 > 에어공구 > 에어헤머/에어치퍼
STD_003340,유압절단기,STD_003333,4,생활용품 > 공구 > 에어공구 > 유압절단기
STD_003341,작기/유압지렛대,STD_003333,4,생활용품 > 공구 > 에어공구 > 작기/유압지렛대
STD_003342,컴프레셔/에어건,STD_003333,4,생활용품 > 공구 > 에어공구 > 컴프레셔/에어건
STD_003344,용접용품,STD_003302,3,생활용품 > 공구 > 용접용품
STD_003343,기타용접용품,STD_003344,4,생활용품 > 공구 > 용접용품 > 기타용접용품
STD_003345,용접고글,STD_003344,4,생활용품 > 공구 > 용접용품 > 용접고글
STD_003346,용접기,STD_003344,4,생활용품 > 공구 > 용접용품 > 용접기
STD_003347,용접면/용접마스크,STD_003344,4,생활용품 > 공구 > 용접용품 > 용접면/용접마스크
STD_003348,용접봉,STD_003344,4,생활용품 > 공구 > 용접용품 > 용접봉
STD_003350,인두/기타납땜용품,STD_003302,3,생활용품 > 공구 > 인두/기타납땜용품
STD_003349,납땜/기타인두용품,STD_003350,4,생활용품 > 공구 > 인두/기타납땜용품 > 납땜/기타인두용품
STD_003351,인두기/툴세트,STD_003350,4,생활용품 > 공구 > 인두/기타납땜용품 > 인두기/툴세트
STD_003353,전동공구,STD_003302,3,생활용품 > 공구 > 전동공구
STD_003352,각도/고속절단기,STD_003353,4,생활용품 > 공구 > 전동공구 > 각도/고속절단기
STD_003354,그라인더(연마기/광택기),STD_003353,4,생활용품 > 공구 > 전동공구 > 그라인더(연마기/광택기)
STD_003355,그라인더날/부품,STD_003353,4,생활용품 > 공구 > 전동공구 > 그라인더날/부품
STD_003356,기타 공구/기계부속품,STD_003353,4,생활용품 > 공구 > 전동공구 > 기타 공구/기계부속품
STD_003357,기타전동공구/정밀기계,STD_003353,4,생활용품 > 공구 > 전동공구 > 기타전동공구/정밀기계
STD_003358,루터/날/부품,STD_003353,4,생활용품 > 공구 > 전동공구 > 루터/날/부품
STD_003359,비트/플렉서블비트/홀쏘,STD_003353,4,생활용품 > 공구 > 전동공구 > 비트/플렉서블비트/홀쏘
STD_003360,선반/밀링/보링,STD_003353,4,생활용품 > 공구 > 전동공구 > 선반/밀링/보링
STD_003361,송풍기/열풍기,STD_003353,4,생활용품 > 공구 > 전동공구 > 송풍기/열풍기
STD_003362,압연기,STD_003353,4,생활용품 > 공구 > 전동공구 > 압연기
STD_003363,예초기/제초기,STD_003353,4,생활용품 > 공구 > 전동공구 > 예초기/제초기
STD_003364,전기톱/직소기,STD_003353,4,생활용품 > 공구 > 전동공구 > 전기톱/직소기
STD_003365,전동드릴/해머드릴,STD_003353,4,생활용품 > 공구 > 전동공구 > 전동드릴/해머드릴
STD_003366,전동타카/네일건,STD_003353,4,생활용품 > 공구 > 전동공구 > 전동타카/네일건
STD_003367,톱날/체인톱날/부품,STD_003353,4,생활용품 > 공구 > 전동공구 > 톱날/체인톱날/부품
STD_003368,트리머/루터기,STD_003353,4,생활용품 > 공구 > 전동공구 > 트리머/루터기
STD_003370,절단기,STD_003302,3,생활용품 > 공구 > 절단기
STD_003369,수동절단기,STD_003370,4,생활용품 > 공구 > 절단기 > 수동절단기
STD_003371,작두,STD_003370,4,생활용품 > 공구 > 절단기 > 작두
STD_003372,타일커터,STD_003370,4,생활용품 > 공구 > 절단기 > 타일커터
STD_003374,측정도구,STD_003302,3,생활용품 > 공구 > 측정도구
STD_003373,각도기/각도계,STD_003374,4,생활용품 > 공구 > 측정도구 > 각도기/각도계
STD_003375,검전기/테스터,STD_003374,4,생활용품 > 공구 > 측정도구 > 검전기/테스터
STD_003376,기타측정도구,STD_003374,4,생활용품 > 공구 > 측정도구 > 기타측정도구
STD_003377,레이저 측정기,STD_003374,4,생활용품 > 공구 > 측정도구 > 레이저 측정기
STD_003378,방안자/직자,STD_003374,4,생활용품 > 공구 > 측정도구 > 방안자/직자
STD_003379,보석감정 루페,STD_003374,4,생활용품 > 공구 > 측정도구 > 보석감정 루페
STD_003380,산업용 확대경,STD_003374,4,생활용품 > 공구 > 측정도구 > 산업용 확대경
STD_003381,수평기,STD_003374,4,생활용품 > 공구 > 측정도구 > 수평기
STD_003382,열화상카메라,STD_003374,4,생활용품 > 공구 > 측정도구 > 열화상카메라
STD_003383,줄자,STD_003374,4,생활용품 > 공구 > 측정도구 > 줄자
STD_003384,직각자,STD_003374,4,생활용품 > 공구 > 측정도구 > 직각자
STD_003385,캘리퍼스(노기스),STD_003374,4,생활용품 > 공구 > 측정도구 > 캘리퍼스(노기스)
STD_003387,토치/점화기,STD_003302,3,생활용품 > 공구 > 토치/점화기
STD_003386,가스토치,STD_003387,4,생활용품 > 공구 > 토치/점화기 > 가스토치
STD_003388,점화기/부싯돌,STD_003387,4,생활용품 > 공구 > 토치/점화기 > 점화기/부싯돌
STD_003389,파이어스틸,STD_003387,4,생활용품 > 공구 > 토치/점화기 > 파이어스틸
STD_003392,구강/면도,STD_003216,2,생활용품 > 구강/면도
STD_003391,구강보조용품,STD_003392,3,생활용품 > 구강/면도 > 구강보조용품
STD_003390,잇몸마사지,STD_003391,4,생활용품 > 구강/면도 > 구강보조용품 > 잇몸마사지
STD_003393,틀니세정제,STD_003391,4,생활용품 > 구강/면도 > 구강보조용품 > 틀니세정제
STD_003394,혀클리너,STD_003391,4,생활용품 > 구강/면도 > 구강보조용품 > 혀클리너
STD_003395,구강스프레이,STD_003392,3,생활용품 > 구강/면도 > 구강스프레이
STD_003396,구강용품세트,STD_003392,3,생활용품 > 구강/면도 > 구강용품세트
STD_003397,구강청결제,STD_003392,3,생활용품 > 구강/면도 > 구강청결제
STD_003399,면도기/날,STD_003392,3,생활용품 > 구강/면도 > 면도기/날
STD_003398,날면도기,STD_003399,4,생활용품 > 구강/면도 > 면도기/날 > 날면도기
STD_003400,면도기날,STD_003399,4,생활용품 > 구강/면도 > 면도기/날 > 면도기날
STD_003401,면도기세트,STD_003399,4,생활용품 > 구강/면도 > 면도기/날 > 면도기세트
STD_003402,면도기액세서리,STD_003399,4,생활용품 > 구강/면도 > 면도기/날 > 면도기액세서리
STD_003403,일회용면도기,STD_003399,4,생활용품 > 구강/면도 > 면도기/날 > 일회용면도기
STD_003405,쉐이빙케어,STD_003392,3,생활용품 > 구강/면도 > 쉐이빙케어
STD_003404,쉐이빙젤,STD_003405,4,생활용품 > 구강/면도 > 쉐이빙케어 > 쉐이빙젤
STD_003406,쉐이빙크림,STD_003405,4,생활용품 > 구강/면도 > 쉐이빙케어 > 쉐이빙크림
STD_003407,쉐이빙폼,STD_003405,4,생활용품 > 구강/면도 > 쉐이빙케어 > 쉐이빙폼
STD_003408,여행용 치약/칫솔키트,STD_003392,3,생활용품 > 구강/면도 > 여행용 치약/칫솔키트
STD_003410,유아구강용품,STD_003392,3,생활용품 > 구강/면도 > 유아구강용품
STD_003409,양치컵/기타구강용품,STD_003410,4,생활용품 > 구강/면도 > 유아구강용품 > 양치컵/기타구강용품
STD_003411,임산부칫솔,STD_003392,3,생활용품 > 구강/면도 > 임산부칫솔
STD_003413,치실/치간칫솔,STD_003392,3,생활용품 > 구강/면도 > 치실/치간칫솔
STD_003412,치간칫솔,STD_003413,4,생활용품 > 구강/면도 > 치실/치간칫솔 > 치간칫솔
STD_003414,치실,STD_003413,4,생활용품 > 구강/면도 > 치실/치간칫솔 > 치실
STD_003415,치아미백제,STD_003392,3,생활용품 > 구강/면도 > 치아미백제
STD_003416,치약,STD_003392,3,생활용품 > 구강/면도 > 치약
STD_003417,치약/칫솔선물세트,STD_003392,3,생활용품 > 구강/면도 > 치약/칫솔선물세트
STD_003418,칫솔,STD_003392,3,생활용품 > 구강/면도 > 칫솔
STD_003420,트리머,STD_003392,3,생활용품 > 구강/면도 > 트리머
STD_003419,트리머,STD_003420,4,생활용품 > 구강/면도 > 트리머 > 트리머
STD_003421,트리머날,STD_003420,4,생활용품 > 구강/면도 > 트리머 > 트리머날
STD_003423,구강위생용품,STD_003216,2,생활용품 > 구강위생용품
STD_003422,구강청결제,STD_003423,3,생활용품 > 구강위생용품 > 구강청결제
STD_003424,기타구강용품,STD_003423,3,생활용품 > 구강위생용품 > 기타구강용품
STD_003425,치실/치간칫솔,STD_003423,3,생활용품 > 구강위생용품 > 치실/치간칫솔
STD_003426,치아미백제,STD_003423,3,생활용품 > 구강위생용품 > 치아미백제
STD_003427,치약,STD_003423,3,생활용품 > 구강위생용품 > 치약
STD_003428,치약/칫솔세트,STD_003423,3,생활용품 > 구강위생용품 > 치약/칫솔세트
STD_003429,칫솔,STD_003423,3,생활용품 > 구강위생용품 > 칫솔
STD_003430,혀클리너,STD_003423,3,생활용품 > 구강위생용품 > 혀클리너
STD_003432,도장용품,STD_003216,2,생활용품 > 도장용품
STD_003431,락카/스프레이,STD_003432,3,생활용품 > 도장용품 > 락카/스프레이
STD_003433,방부/방충도료,STD_003432,3,생활용품 > 도장용품 > 방부/방충도료
STD_003434,셀프페인팅세트,STD_003432,3,생활용품 > 도장용품 > 셀프페인팅세트
STD_003436,야외데크/목재,STD_003432,3,생활용품 > 도장용품 > 야외데크/목재
STD_003435,데크,STD_003436,4,생활용품 > 도장용품 > 야외데크/목재 > 데크
STD_003438,코팅제/스테인,STD_003432,3,생활용품 > 도장용품 > 코팅제/스테인
STD_003437,바니쉬/니스,STD_003438,4,생활용품 > 도장용품 > 코팅제/스테인 > 바니쉬/니스
STD_003439,스테인,STD_003438,4,생활용품 > 도장용품 > 코팅제/스테인 > 스테인
STD_003440,코팅제/왁스,STD_003432,3,생활용품 > 도장용품 > 코팅제/왁스
STD_003442,페인트,STD_003432,3,생활용품 > 도장용품 > 페인트
STD_003441,기타페인트/조색제,STD_003442,4,생활용품 > 도장용품 > 페인트 > 기타페인트/조색제
STD_003443,바르는황토벽지,STD_003442,4,생활용품 > 도장용품 > 페인트 > 바르는황토벽지
STD_003444,수성 페인트,STD_003442,4,생활용품 > 도장용품 > 페인트 > 수성 페인트
STD_003445,아크릴페인트,STD_003442,4,생활용품 > 도장용품 > 페인트 > 아크릴페인트
STD_003446,유성 페인트,STD_003442,4,생활용품 > 도장용품 > 페인트 > 유성 페인트
STD_003447,칠판/보드페인트,STD_003442,4,생활용품 > 도장용품 > 페인트 > 칠판/보드페인트
STD_003449,페인트보조재,STD_003432,3,생활용품 > 도장용품 > 페인트보조재
STD_003448,미끄럼방지파우더,STD_003449,4,생활용품 > 도장용품 > 페인트보조재 > 미끄럼방지파우더
STD_003450,젯소,STD_003449,4,생활용품 > 도장용품 > 페인트보조재 > 젯소
STD_003451,테라코트,STD_003449,4,생활용품 > 도장용품 > 페인트보조재 > 테라코트
STD_003452,퍼티,STD_003449,4,생활용품 > 도장용품 > 페인트보조재 > 퍼티
STD_003453,페인트세척제/제거제,STD_003449,4,생활용품 > 도장용품 > 페인트보조재 > 페인트세척제/제거제
STD_003454,페인트조색제,STD_003449,4,생활용품 > 도장용품 > 페인트보조재 > 페인트조색제
STD_003455,페인트프라이머,STD_003449,4,생활용품 > 도장용품 > 페인트보조재 > 페인트프라이머
STD_003456,핸디코트,STD_003449,4,생활용품 > 도장용품 > 페인트보조재 > 핸디코트
STD_003458,페인트작업도구,STD_003432,3,생활용품 > 도장용품 > 페인트작업도구
STD_003457,공캔/공병,STD_003458,4,생활용품 > 도장용품 > 페인트작업도구 > 공캔/공병
STD_003459,기타 도구,STD_003458,4,생활용품 > 도장용품 > 페인트작업도구 > 기타 도구
STD_003460,도구세트,STD_003458,4,생활용품 > 도장용품 > 페인트작업도구 > 도구세트
STD_003461,롤러,STD_003458,4,생활용품 > 도장용품 > 페인트작업도구 > 롤러
STD_003462,사포/샌딩기,STD_003458,4,생활용품 > 도장용품 > 페인트작업도구 > 사포/샌딩기
STD_003463,스텐실도안,STD_003458,4,생활용품 > 도장용품 > 페인트작업도구 > 스텐실도안
STD_003464,스펀지붓,STD_003458,4,생활용품 > 도장용품 > 페인트작업도구 > 스펀지붓
STD_003465,에어스프레이,STD_003458,4,생활용품 > 도장용품 > 페인트작업도구 > 에어스프레이
STD_003466,커버링테이프,STD_003458,4,생활용품 > 도장용품 > 페인트작업도구 > 커버링테이프
STD_003467,페인트붓,STD_003458,4,생활용품 > 도장용품 > 페인트작업도구 > 페인트붓
STD_003468,페인트트레이,STD_003458,4,생활용품 > 도장용품 > 페인트작업도구 > 페인트트레이
STD_003469,페인트패드,STD_003458,4,생활용품 > 도장용품 > 페인트작업도구 > 페인트패드
STD_003471,면도용품,STD_003216,2,생활용품 > 면도용품
STD_003470,기타면도용품,STD_003471,3,생활용품 > 면도용품 > 기타면도용품
STD_003472,면도기,STD_003471,3,생활용품 > 면도용품 > 면도기
STD_003473,면도기날,STD_003471,3,생활용품 > 면도용품 > 면도기날
STD_003474,여성용면도기,STD_003471,3,생활용품 > 면도용품 > 여성용면도기
STD_003475,일회용면도기,STD_003471,3,생활용품 > 면도용품 > 일회용면도기
STD_003477,방충용품,STD_003216,2,생활용품 > 방충용품
STD_003476,모기향 연소기,STD_003477,3,생활용품 > 방충용품 > 모기향 연소기
STD_003478,방충/먼지방지창문필터,STD_003477,3,생활용품 > 방충용품 > 방충/먼지방지창문필터
STD_003479,방충망,STD_003477,3,생활용품 > 방충용품 > 방충망
STD_003480,방충보호복,STD_003477,3,생활용품 > 방충용품 > 방충보호복
STD_003481,파리채/전자모기채,STD_003477,3,생활용품 > 방충용품 > 파리채/전자모기채
STD_003484,방향/탈취/제습/살충,STD_003216,2,생활용품 > 방향/탈취/제습/살충
STD_003483,방충제,STD_003484,3,생활용품 > 방향/탈취/제습/살충 > 방충제
STD_003482,기타 방충제,STD_003483,4,생활용품 > 방향/탈취/제습/살충 > 방충제 > 기타 방충제
STD_003485,좀벌레/나프탈렌,STD_003483,4,생활용품 > 방향/탈취/제습/살충 > 방충제 > 좀벌레/나프탈렌
STD_003487,해충기피용품,STD_003483,4,생활용품 > 방향/탈취/제습/살충 > 방충제 > 해충기피용품
STD_003486,기타기피용품,STD_003487,5,생활용품 > 방향/탈취/제습/살충 > 방충제 > 해충기피용품 > 기타기피용품
STD_003488,손목밴드,STD_003487,5,생활용품 > 방향/탈취/제습/살충 > 방충제 > 해충기피용품 > 손목밴드
STD_003489,스프레이/로션,STD_003487,5,생활용품 > 방향/탈취/제습/살충 > 방충제 > 해충기피용품 > 스프레이/로션
STD_003490,패치,STD_003487,5,생활용품 > 방향/탈취/제습/살충 > 방충제 > 해충기피용품 > 패치
STD_003492,방향제,STD_003484,3,생활용품 > 방향/탈취/제습/살충 > 방향제
STD_003491,실내용 방향제,STD_003492,4,생활용품 > 방향/탈취/제습/살충 > 방향제 > 실내용 방향제
STD_003493,옷장방향제/종이사쉐,STD_003492,4,생활용품 > 방향/탈취/제습/살충 > 방향제 > 옷장방향제/종이사쉐
STD_003494,차량용 방향제,STD_003492,4,생활용품 > 방향/탈취/제습/살충 > 방향제 > 차량용 방향제
STD_003495,화장실용 방향제,STD_003492,4,생활용품 > 방향/탈취/제습/살충 > 방향제 > 화장실용 방향제
STD_003496,살균제/소독제,STD_003484,3,생활용품 > 방향/탈취/제습/살충 > 살균제/소독제
STD_003498,살충제/벌레약,STD_003484,3,생활용품 > 방향/탈취/제습/살충 > 살충제/벌레약
STD_003497,기타 살충제,STD_003498,4,생활용품 > 방향/탈취/제습/살충 > 살충제/벌레약 > 기타 살충제
STD_003499,모기/파리,STD_003498,4,생활용품 > 방향/탈취/제습/살충 > 살충제/벌레약 > 모기/파리
STD_003500,바퀴벌레/개미,STD_003498,4,생활용품 > 방향/탈취/제습/살충 > 살충제/벌레약 > 바퀴벌레/개미
STD_003501,쥐덫/쥐약,STD_003498,4,생활용품 > 방향/탈취/제습/살충 > 살충제/벌레약 > 쥐덫/쥐약
STD_003502,진드기,STD_003498,4,생활용품 > 방향/탈취/제습/살충 > 살충제/벌레약 > 진드기
STD_003503,새집증후군제거제,STD_003484,3,생활용품 > 방향/탈취/제습/살충 > 새집증후군제거제
STD_003505,유아위생/건강/세제,STD_003484,3,생활용품 > 방향/탈취/제습/살충 > 유아위생/건강/세제
STD_003504,제균스프레이,STD_003505,4,생활용품 > 방향/탈취/제습/살충 > 유아위생/건강/세제 > 제균스프레이
STD_003507,제습제,STD_003484,3,생활용품 > 방향/탈취/제습/살충 > 제습제
STD_003506,실리카겔,STD_003507,4,생활용품 > 방향/탈취/제습/살충 > 제습제 > 실리카겔
STD_003508,염화칼슘,STD_003507,4,생활용품 > 방향/탈취/제습/살충 > 제습제 > 염화칼슘
STD_003509,일반제습제,STD_003507,4,생활용품 > 방향/탈취/제습/살충 > 제습제 > 일반제습제
STD_003511,탈취제,STD_003484,3,생활용품 > 방향/탈취/제습/살충 > 탈취제
STD_003510,냉장고 탈취제,STD_003511,4,생활용품 > 방향/탈취/제습/살충 > 탈취제 > 냉장고 탈취제
STD_003512,드레스퍼퓸,STD_003511,4,생활용품 > 방향/탈취/제습/살충 > 탈취제 > 드레스퍼퓸
STD_003513,드레스퍼퓸세트,STD_003511,4,생활용품 > 방향/탈취/제습/살충 > 탈취제 > 드레스퍼퓸세트
STD_003514,섬유 탈취제,STD_003511,4,생활용품 > 방향/탈취/제습/살충 > 탈취제 > 섬유 탈취제
STD_003515,신발탈취제,STD_003511,4,생활용품 > 방향/탈취/제습/살충 > 탈취제 > 신발탈취제
STD_003516,실내 탈취제,STD_003511,4,생활용품 > 방향/탈취/제습/살충 > 탈취제 > 실내 탈취제
STD_003517,옷장/서랍/신발장탈취제,STD_003511,4,생활용품 > 방향/탈취/제습/살충 > 탈취제 > 옷장/서랍/신발장탈취제
STD_003518,차량탈취제,STD_003511,4,생활용품 > 방향/탈취/제습/살충 > 탈취제 > 차량탈취제
STD_003519,화장실탈취제,STD_003511,4,생활용품 > 방향/탈취/제습/살충 > 탈취제 > 화장실탈취제
STD_003520,피톤치드,STD_003484,3,생활용품 > 방향/탈취/제습/살충 > 피톤치드
STD_003523,배관/건축자재,STD_003216,2,생활용품 > 배관/건축자재
STD_003522,DIY자재,STD_003523,3,생활용품 > 배관/건축자재 > DIY자재
STD_003521,몰딩/걸레받이,STD_003522,4,생활용품 > 배관/건축자재 > DIY자재 > 몰딩/걸레받이
STD_003525,바닥재,STD_003522,4,생활용품 > 배관/건축자재 > DIY자재 > 바닥재
STD_003524,기타 바닥재,STD_003525,5,생활용품 > 배관/건축자재 > DIY자재 > 바닥재 > 기타 바닥재
STD_003526,데코타일,STD_003525,5,생활용품 > 배관/건축자재 > DIY자재 > 바닥재 > 데코타일
STD_003527,마루,STD_003525,5,생활용품 > 배관/건축자재 > DIY자재 > 바닥재 > 마루
STD_003528,장판,STD_003525,5,생활용품 > 배관/건축자재 > DIY자재 > 바닥재 > 장판
STD_003529,벽/바닥타일,STD_003522,4,생활용품 > 배관/건축자재 > DIY자재 > 벽/바닥타일
STD_003530,벽돌,STD_003522,4,생활용품 > 배관/건축자재 > DIY자재 > 벽돌
STD_003531,가스밸브/가스차단기,STD_003523,3,생활용품 > 배관/건축자재 > 가스밸브/가스차단기
STD_003532,건설자재,STD_003523,3,생활용품 > 배관/건축자재 > 건설자재
STD_003533,계량기/검침기,STD_003523,3,생활용품 > 배관/건축자재 > 계량기/검침기
STD_003534,기타배관용품,STD_003523,3,생활용품 > 배관/건축자재 > 기타배관용품
STD_003535,배관밀봉제,STD_003523,3,생활용품 > 배관/건축자재 > 배관밀봉제
STD_003536,배관보온재,STD_003523,3,생활용품 > 배관/건축자재 > 배관보온재
STD_003537,배선용 차단기,STD_003523,3,생활용품 > 배관/건축자재 > 배선용 차단기
STD_003538,배수구/역류방지트랩,STD_003523,3,생활용품 > 배관/건축자재 > 배수구/역류방지트랩
STD_003539,밸브,STD_003523,3,생활용품 > 배관/건축자재 > 밸브
STD_003540,보일러설비,STD_003523,3,생활용품 > 배관/건축자재 > 보일러설비
STD_003541,소방설비,STD_003523,3,생활용품 > 배관/건축자재 > 소방설비
STD_003543,손잡이/문고리,STD_003523,3,생활용품 > 배관/건축자재 > 손잡이/문고리
STD_003542,가구손잡이,STD_003543,4,생활용품 > 배관/건축자재 > 손잡이/문고리 > 가구손잡이
STD_003544,기타 손잡이,STD_003543,4,생활용품 > 배관/건축자재 > 손잡이/문고리 > 기타 손잡이
STD_003545,문고리/방문손잡이,STD_003543,4,생활용품 > 배관/건축자재 > 손잡이/문고리 > 문고리/방문손잡이
STD_003546,시멘트/백색시멘트,STD_003523,3,생활용품 > 배관/건축자재 > 시멘트/백색시멘트
STD_003548,실내도어/샷시,STD_003523,3,생활용품 > 배관/건축자재 > 실내도어/샷시
STD_003547,방문/실내도어,STD_003548,4,생활용품 > 배관/건축자재 > 실내도어/샷시 > 방문/실내도어
STD_003549,중문/샤시,STD_003548,4,생활용품 > 배관/건축자재 > 실내도어/샷시 > 중문/샤시
STD_003550,현관문/대문,STD_003548,4,생활용품 > 배관/건축자재 > 실내도어/샷시 > 현관문/대문
STD_003551,아스콘/도로포장자재,STD_003523,3,생활용품 > 배관/건축자재 > 아스콘/도로포장자재
STD_003553,야외데크/목재,STD_003523,3,생활용품 > 배관/건축자재 > 야외데크/목재
STD_003552,목재,STD_003553,4,생활용품 > 배관/건축자재 > 야외데크/목재 > 목재
STD_003554,패널,STD_003553,4,생활용품 > 배관/건축자재 > 야외데크/목재 > 패널
STD_003555,유리/강화유리,STD_003523,3,생활용품 > 배관/건축자재 > 유리/강화유리
STD_003556,점검구/배전박스,STD_003523,3,생활용품 > 배관/건축자재 > 점검구/배전박스
STD_003557,창호/샷시자재,STD_003523,3,생활용품 > 배관/건축자재 > 창호/샷시자재
STD_003558,파이프/배관,STD_003523,3,생활용품 > 배관/건축자재 > 파이프/배관
STD_003559,호스/튜브,STD_003523,3,생활용품 > 배관/건축자재 > 호스/튜브
STD_003561,환기구/덕트,STD_003523,3,생활용품 > 배관/건축자재 > 환기구/덕트
STD_003560,덕트/부자재,STD_003561,4,생활용품 > 배관/건축자재 > 환기구/덕트 > 덕트/부자재
STD_003562,산업용 환풍기,STD_003561,4,생활용품 > 배관/건축자재 > 환기구/덕트 > 산업용 환풍기
STD_003563,연통,STD_003561,4,생활용품 > 배관/건축자재 > 환기구/덕트 > 연통
STD_003566,보수용품,STD_003216,2,생활용품 > 보수용품
STD_003565,광택제/왁스,STD_003566,3,생활용품 > 보수용품 > 광택제/왁스
STD_003564,가구광택제,STD_003565,4,생활용품 > 보수용품 > 광택제/왁스 > 가구광택제
STD_003567,광택왁스,STD_003565,4,생활용품 > 보수용품 > 광택제/왁스 > 광택왁스
STD_003568,다목적광택제,STD_003565,4,생활용품 > 보수용품 > 광택제/왁스 > 다목적광택제
STD_003569,기타 보수용품,STD_003566,3,생활용품 > 보수용품 > 기타 보수용품
STD_003570,기타 보수제,STD_003566,3,생활용품 > 보수용품 > 기타 보수제
STD_003571,녹방지/윤활제,STD_003566,3,생활용품 > 보수용품 > 녹방지/윤활제
STD_003572,단열에어캡,STD_003566,3,생활용품 > 보수용품 > 단열에어캡
STD_003573,단열필름,STD_003566,3,생활용품 > 보수용품 > 단열필름
STD_003574,문풍지,STD_003566,3,생활용품 > 보수용품 > 문풍지
STD_003576,방수/결로방지,STD_003566,3,생활용품 > 보수용품 > 방수/결로방지
STD_003575,곰팡이방지첨가제,STD_003576,4,생활용품 > 보수용품 > 방수/결로방지 > 곰팡이방지첨가제
STD_003577,방수페인트,STD_003576,4,생활용품 > 보수용품 > 방수/결로방지 > 방수페인트
STD_003578,항곰팡이페인트,STD_003576,4,생활용품 > 보수용품 > 방수/결로방지 > 항곰팡이페인트
STD_003579,방수/코팅제,STD_003566,3,생활용품 > 보수용품 > 방수/코팅제
STD_003580,방음재/흡음재,STD_003566,3,생활용품 > 보수용품 > 방음재/흡음재
STD_003581,방충테이프,STD_003566,3,생활용품 > 보수용품 > 방충테이프
STD_003582,방풍비닐/방풍커튼,STD_003566,3,생활용품 > 보수용품 > 방풍비닐/방풍커튼
STD_003584,실리콘/도구,STD_003566,3,생활용품 > 보수용품 > 실리콘/도구
STD_003583,실리콘 헤라/제거기,STD_003584,4,생활용품 > 보수용품 > 실리콘/도구 > 실리콘 헤라/제거기
STD_003585,실리콘/실란트,STD_003584,4,생활용품 > 보수용품 > 실리콘/도구 > 실리콘/실란트
STD_003586,실리콘건/도구세트,STD_003584,4,생활용품 > 보수용품 > 실리콘/도구 > 실리콘건/도구세트
STD_003587,우드스틱,STD_003566,3,생활용품 > 보수용품 > 우드스틱
STD_003588,우드필러,STD_003566,3,생활용품 > 보수용품 > 우드필러
STD_003589,우레탄폼,STD_003566,3,생활용품 > 보수용품 > 우레탄폼
STD_003590,타일 줄눈 보수제,STD_003566,3,생활용품 > 보수용품 > 타일 줄눈 보수제
STD_003591,틈막이/도어패킹,STD_003566,3,생활용품 > 보수용품 > 틈막이/도어패킹
STD_003592,틈새메꿈 충진제,STD_003566,3,생활용품 > 보수용품 > 틈새메꿈 충진제
STD_003594,살충제/방충제,STD_003216,2,생활용품 > 살충제/방충제
STD_003593,방충제,STD_003594,3,생활용품 > 살충제/방충제 > 방충제
STD_003595,살충제,STD_003594,3,생활용품 > 살충제/방충제 > 살충제
STD_003596,해충기피제,STD_003594,3,생활용품 > 살충제/방충제 > 해충기피제
STD_003598,생리대/성인기저귀,STD_003216,2,생활용품 > 생리대/성인기저귀
STD_003597,면 생리대,STD_003598,3,생활용품 > 생리대/성인기저귀 > 면 생리대
STD_003599,산모패드,STD_003598,3,생활용품 > 생리대/성인기저귀 > 산모패드
STD_003600,생리컵,STD_003598,3,생활용품 > 생리대/성인기저귀 > 생리컵
STD_003602,성인기저귀/패드,STD_003598,3,생활용품 > 생리대/성인기저귀 > 성인기저귀/패드
STD_003601,깔개매트,STD_003602,4,생활용품 > 생리대/성인기저귀 > 성인기저귀/패드 > 깔개매트
STD_003603,패드형 성인기저귀,STD_003602,4,생활용품 > 생리대/성인기저귀 > 성인기저귀/패드 > 패드형 성인기저귀
STD_003604,팬티형 성인기저귀,STD_003602,4,생활용품 > 생리대/성인기저귀 > 성인기저귀/패드 > 팬티형 성인기저귀
STD_003605,오버나이트,STD_003598,3,생활용품 > 생리대/성인기저귀 > 오버나이트
STD_003606,입는 오버나이트,STD_003598,3,생활용품 > 생리대/성인기저귀 > 입는 오버나이트
STD_003607,체내형생리대/탐폰,STD_003598,3,생활용품 > 생리대/성인기저귀 > 체내형생리대/탐폰
STD_003609,패드형 생리대,STD_003598,3,생활용품 > 생리대/성인기저귀 > 패드형 생리대
STD_003608,날개형생리대,STD_003609,4,생활용품 > 생리대/성인기저귀 > 패드형 생리대 > 날개형생리대
STD_003610,일자형생리대,STD_003609,4,생활용품 > 생리대/성인기저귀 > 패드형 생리대 > 일자형생리대
STD_003611,팬티라이너,STD_003598,3,생활용품 > 생리대/성인기저귀 > 팬티라이너
STD_003613,생활서비스,STD_003216,2,생활용품 > 생활서비스
STD_003612,기타생활서비스,STD_003613,3,생활용품 > 생활서비스 > 기타생활서비스
STD_003614,시공/설치서비스,STD_003613,3,생활용품 > 생활서비스 > 시공/설치서비스
STD_003615,이사서비스,STD_003613,3,생활용품 > 생활서비스 > 이사서비스
STD_003616,클리닝서비스,STD_003613,3,생활용품 > 생활서비스 > 클리닝서비스
STD_003618,생활선물세트,STD_003216,2,생활용품 > 생활선물세트
STD_003617,생활선물세트,STD_003618,3,생활용품 > 생활선물세트 > 생활선물세트
STD_003620,생활소품,STD_003216,2,생활용품 > 생활소품
STD_003619,부채,STD_003620,3,생활용품 > 생활소품 > 부채
STD_003621,열쇠고리/키홀더,STD_003620,3,생활용품 > 생활소품 > 열쇠고리/키홀더
STD_003622,열쇠보관함/키박스,STD_003620,3,생활용품 > 생활소품 > 열쇠보관함/키박스
STD_003623,우체통,STD_003620,3,생활용품 > 생활소품 > 우체통
STD_003624,저금통,STD_003620,3,생활용품 > 생활소품 > 저금통
STD_003625,죽비,STD_003620,3,생활용품 > 생활소품 > 죽비
STD_003626,효자손,STD_003620,3,생활용품 > 생활소품 > 효자손
STD_003628,생활안전용품,STD_003216,2,생활용품 > 생활안전용품
STD_003627,기타생활안전용품,STD_003628,3,생활용품 > 생활안전용품 > 기타생활안전용품
STD_003629,도어경보기,STD_003628,3,생활용품 > 생활안전용품 > 도어경보기
STD_003630,도어클로저/스토퍼,STD_003628,3,생활용품 > 생활안전용품 > 도어클로저/스토퍼
STD_003631,디지털도어락,STD_003628,3,생활용품 > 생활안전용품 > 디지털도어락
STD_003632,방범창/방범용품,STD_003628,3,생활용품 > 생활안전용품 > 방범창/방범용품
STD_003633,열쇠/자물쇠,STD_003628,3,생활용품 > 생활안전용품 > 열쇠/자물쇠
STD_003634,초인종/차임벨,STD_003628,3,생활용품 > 생활안전용품 > 초인종/차임벨
STD_003635,현관잠금장치,STD_003628,3,생활용품 > 생활안전용품 > 현관잠금장치
STD_003636,호신용품,STD_003628,3,생활용품 > 생활안전용품 > 호신용품
STD_003639,생활잡화,STD_003216,2,생활용품 > 생활잡화
STD_003638,광고/진열소품,STD_003639,3,생활용품 > 생활잡화 > 광고/진열소품
STD_003637,광고/카달로그스탠드,STD_003638,4,생활용품 > 생활잡화 > 광고/진열소품 > 광고/카달로그스탠드
STD_003640,기타매장/진열용품,STD_003638,4,생활용품 > 생활잡화 > 광고/진열소품 > 기타매장/진열용품
STD_003641,아크릴꽂이/명함꽂이,STD_003638,4,생활용품 > 생활잡화 > 광고/진열소품 > 아크릴꽂이/명함꽂이
STD_003642,아트사인/아크릴사인,STD_003638,4,생활용품 > 생활잡화 > 광고/진열소품 > 아트사인/아크릴사인
STD_003643,클립집게/쇼클립,STD_003638,4,생활용품 > 생활잡화 > 광고/진열소품 > 클립집게/쇼클립
STD_003645,금연/흡연용품,STD_003639,3,생활용품 > 생활잡화 > 금연/흡연용품
STD_003644,가스라이터(19),STD_003645,4,생활용품 > 생활잡화 > 금연/흡연용품 > 가스라이터(19)
STD_003646,재떨이,STD_003645,4,생활용품 > 생활잡화 > 금연/흡연용품 > 재떨이
STD_003647,전기라이터,STD_003645,4,생활용품 > 생활잡화 > 금연/흡연용품 > 전기라이터
STD_003649,기타생활용품,STD_003639,3,생활용품 > 생활잡화 > 기타생활용품
STD_003648,국기/깃발/깃봉,STD_003649,4,생활용품 > 생활잡화 > 기타생활용품 > 국기/깃발/깃봉
STD_003650,기타잡화,STD_003649,4,생활용품 > 생활잡화 > 기타생활용품 > 기타잡화
STD_003651,몰드,STD_003649,4,생활용품 > 생활잡화 > 기타생활용품 > 몰드
STD_003652,병따개/오프너,STD_003649,4,생활용품 > 생활잡화 > 기타생활용품 > 병따개/오프너
STD_003653,의자캡/소음방지패드,STD_003649,4,생활용품 > 생활잡화 > 기타생활용품 > 의자캡/소음방지패드
STD_003654,일회용우비,STD_003649,4,생활용품 > 생활잡화 > 기타생활용품 > 일회용우비
STD_003655,키재기용품,STD_003649,4,생활용품 > 생활잡화 > 기타생활용품 > 키재기용품
STD_003656,확대경,STD_003649,4,생활용품 > 생활잡화 > 기타생활용품 > 확대경
STD_003657,기타생활잡화,STD_003639,3,생활용품 > 생활잡화 > 기타생활잡화
STD_003659,기타잡화케이스,STD_003639,3,생활용품 > 생활잡화 > 기타잡화케이스
STD_003658,기타케이스,STD_003659,4,생활용품 > 생활잡화 > 기타잡화케이스 > 기타케이스
STD_003660,담배케이스,STD_003659,4,생활용품 > 생활잡화 > 기타잡화케이스 > 담배케이스
STD_003661,도장케이스,STD_003659,4,생활용품 > 생활잡화 > 기타잡화케이스 > 도장케이스
STD_003662,명함케이스,STD_003659,4,생활용품 > 생활잡화 > 기타잡화케이스 > 명함케이스
STD_003663,이쑤시개케이스,STD_003659,4,생활용품 > 생활잡화 > 기타잡화케이스 > 이쑤시개케이스
STD_003664,휴지/티슈케이스,STD_003659,4,생활용품 > 생활잡화 > 기타잡화케이스 > 휴지/티슈케이스
STD_003666,발판/신발용품,STD_003639,3,생활용품 > 생활잡화 > 발판/신발용품
STD_003665,거실화거치대,STD_003666,4,생활용품 > 생활잡화 > 발판/신발용품 > 거실화거치대
STD_003667,구두약/구두솔,STD_003666,4,생활용품 > 생활잡화 > 발판/신발용품 > 구두약/구두솔
STD_003668,구두주걱,STD_003666,4,생활용품 > 생활잡화 > 발판/신발용품 > 구두주걱
STD_003669,기타용품,STD_003666,4,생활용품 > 생활잡화 > 발판/신발용품 > 기타용품
STD_003670,깔창,STD_003666,4,생활용품 > 생활잡화 > 발판/신발용품 > 깔창
STD_003671,만능긴팔집게/신발집게,STD_003666,4,생활용품 > 생활잡화 > 발판/신발용품 > 만능긴팔집게/신발집게
STD_003672,발해먹,STD_003666,4,생활용품 > 생활잡화 > 발판/신발용품 > 발해먹
STD_003673,부츠키퍼,STD_003666,4,생활용품 > 생활잡화 > 발판/신발용품 > 부츠키퍼
STD_003674,부채,STD_003639,3,생활용품 > 생활잡화 > 부채
STD_003676,비닐/포장용품,STD_003639,3,생활용품 > 생활잡화 > 비닐/포장용품
STD_003675,기타포장용품,STD_003676,4,생활용품 > 생활잡화 > 비닐/포장용품 > 기타포장용품
STD_003678,노끈/포장끈,STD_003676,4,생활용품 > 생활잡화 > 비닐/포장용품 > 노끈/포장끈
STD_003677,기타끈,STD_003678,5,생활용품 > 생활잡화 > 비닐/포장용품 > 노끈/포장끈 > 기타끈
STD_003679,마끈/노끈/종이끈,STD_003678,5,생활용품 > 생활잡화 > 비닐/포장용품 > 노끈/포장끈 > 마끈/노끈/종이끈
STD_003680,빵끈,STD_003678,5,생활용품 > 생활잡화 > 비닐/포장용품 > 노끈/포장끈 > 빵끈
STD_003681,적끈/볼끈/바인더끈,STD_003678,5,생활용품 > 생활잡화 > 비닐/포장용품 > 노끈/포장끈 > 적끈/볼끈/바인더끈
STD_003682,칼라타이/전선끈,STD_003678,5,생활용품 > 생활잡화 > 비닐/포장용품 > 노끈/포장끈 > 칼라타이/전선끈
STD_003683,보자기,STD_003676,4,생활용품 > 생활잡화 > 비닐/포장용품 > 보자기
STD_003684,선물포장박스,STD_003676,4,생활용품 > 생활잡화 > 비닐/포장용품 > 선물포장박스
STD_003685,쇼핑백,STD_003676,4,생활용품 > 생활잡화 > 비닐/포장용품 > 쇼핑백
STD_003686,일반비닐봉지,STD_003676,4,생활용품 > 생활잡화 > 비닐/포장용품 > 일반비닐봉지
STD_003687,택배박스/종이이사박스,STD_003676,4,생활용품 > 생활잡화 > 비닐/포장용품 > 택배박스/종이이사박스
STD_003689,포장기,STD_003676,4,생활용품 > 생활잡화 > 비닐/포장용품 > 포장기
STD_003688,기타포장기,STD_003689,5,생활용품 > 생활잡화 > 비닐/포장용품 > 포장기 > 기타포장기
STD_003690,우산포장기/세트,STD_003689,5,생활용품 > 생활잡화 > 비닐/포장용품 > 포장기 > 우산포장기/세트
STD_003691,일회용우산포장비닐,STD_003689,5,생활용품 > 생활잡화 > 비닐/포장용품 > 포장기 > 일회용우산포장비닐
STD_003692,포장용 에어캡,STD_003676,4,생활용품 > 생활잡화 > 비닐/포장용품 > 포장용 에어캡
STD_003694,생활측정도구,STD_003639,3,생활용품 > 생활잡화 > 생활측정도구
STD_003693,나침반,STD_003694,4,생활용품 > 생활잡화 > 생활측정도구 > 나침반
STD_003695,다기능/기타측정도구,STD_003694,4,생활용품 > 생활잡화 > 생활측정도구 > 다기능/기타측정도구
STD_003696,미세먼지측정기,STD_003694,4,생활용품 > 생활잡화 > 생활측정도구 > 미세먼지측정기
STD_003697,습도계,STD_003694,4,생활용품 > 생활잡화 > 생활측정도구 > 습도계
STD_003698,온도계,STD_003694,4,생활용품 > 생활잡화 > 생활측정도구 > 온도계
STD_003700,생활테이프,STD_003639,3,생활용품 > 생활잡화 > 생활테이프
STD_003699,물기흡수테이프,STD_003700,4,생활용품 > 생활잡화 > 생활테이프 > 물기흡수테이프
STD_003701,벨크로테이프,STD_003700,4,생활용품 > 생활잡화 > 생활테이프 > 벨크로테이프
STD_003702,양면폼테이프,STD_003700,4,생활용품 > 생활잡화 > 생활테이프 > 양면폼테이프
STD_003703,소음방지용품,STD_003639,3,생활용품 > 생활잡화 > 소음방지용품
STD_003704,쇼핑카트/핸드카트,STD_003639,3,생활용품 > 생활잡화 > 쇼핑카트/핸드카트
STD_003706,실내보온용품,STD_003639,3,생활용품 > 생활잡화 > 실내보온용품
STD_003705,기타방풍/열차단용품,STD_003706,4,생활용품 > 생활잡화 > 실내보온용품 > 기타방풍/열차단용품
STD_003708,야외매트,STD_003639,3,생활용품 > 생활잡화 > 야외매트
STD_003707,업소용현관매트,STD_003708,4,생활용품 > 생활잡화 > 야외매트 > 업소용현관매트
STD_003710,코일매트/롤매트,STD_003708,4,생활용품 > 생활잡화 > 야외매트 > 코일매트/롤매트
STD_003709,매트부자재,STD_003710,5,생활용품 > 생활잡화 > 야외매트 > 코일매트/롤매트 > 매트부자재
STD_003711,미끄럼방지/코일매트,STD_003710,5,생활용품 > 생활잡화 > 야외매트 > 코일매트/롤매트 > 미끄럼방지/코일매트
STD_003712,발코니매트,STD_003710,5,생활용품 > 생활잡화 > 야외매트 > 코일매트/롤매트 > 발코니매트
STD_003713,우산꽂이,STD_003639,3,생활용품 > 생활잡화 > 우산꽂이
STD_003715,이미용소품,STD_003639,3,생활용품 > 생활잡화 > 이미용소품
STD_003714,기타빗/빗세트,STD_003715,4,생활용품 > 생활잡화 > 이미용소품 > 기타빗/빗세트
STD_003716,기타이미용소품,STD_003715,4,생활용품 > 생활잡화 > 이미용소품 > 기타이미용소품
STD_003717,장바구니,STD_003639,3,생활용품 > 생활잡화 > 장바구니
STD_003719,장바구니/카트,STD_003639,3,생활용품 > 생활잡화 > 장바구니/카트
STD_003718,쇼핑카트,STD_003719,4,생활용품 > 생활잡화 > 장바구니/카트 > 쇼핑카트
STD_003720,장바구니,STD_003719,4,생활용품 > 생활잡화 > 장바구니/카트 > 장바구니
STD_003721,핸드카트,STD_003719,4,생활용품 > 생활잡화 > 장바구니/카트 > 핸드카트
STD_003722,재떨이/라이터,STD_003639,3,생활용품 > 생활잡화 > 재떨이/라이터
STD_003724,정리소품,STD_003639,3,생활용품 > 생활잡화 > 정리소품
STD_003723,고무줄/고무밴드,STD_003724,4,생활용품 > 생활잡화 > 정리소품 > 고무줄/고무밴드
STD_003725,기타집게,STD_003724,4,생활용품 > 생활잡화 > 정리소품 > 기타집게
STD_003726,마개/기타캡,STD_003724,4,생활용품 > 생활잡화 > 정리소품 > 마개/기타캡
STD_003727,봉지집게,STD_003724,4,생활용품 > 생활잡화 > 정리소품 > 봉지집게
STD_003729,전선정리소품,STD_003724,4,생활용품 > 생활잡화 > 정리소품 > 전선정리소품
STD_003728,케이블 정리박스,STD_003729,5,생활용품 > 생활잡화 > 정리소품 > 전선정리소품 > 케이블 정리박스
STD_003730,케이블 정리소품,STD_003729,5,생활용품 > 생활잡화 > 정리소품 > 전선정리소품 > 케이블 정리소품
STD_003731,케이블타이,STD_003729,5,생활용품 > 생활잡화 > 정리소품 > 전선정리소품 > 케이블타이
STD_003732,청소집게,STD_003724,4,생활용품 > 생활잡화 > 정리소품 > 청소집게
STD_003733,휴대용 가방걸이,STD_003724,4,생활용품 > 생활잡화 > 정리소품 > 휴대용 가방걸이
STD_003735,칠판/게시판,STD_003639,3,생활용품 > 생활잡화 > 칠판/게시판
STD_003734,게시판/메모보드,STD_003735,4,생활용품 > 생활잡화 > 칠판/게시판 > 게시판/메모보드
STD_003736,칠판/블랙보드,STD_003735,4,생활용품 > 생활잡화 > 칠판/게시판 > 칠판/블랙보드
STD_003737,화이트보드,STD_003735,4,생활용품 > 생활잡화 > 칠판/게시판 > 화이트보드
STD_003738,태극기/깃발,STD_003639,3,생활용품 > 생활잡화 > 태극기/깃발
STD_003740,핫팩/아이스팩,STD_003639,3,생활용품 > 생활잡화 > 핫팩/아이스팩
STD_003739,손난로/핫팩,STD_003740,4,생활용품 > 생활잡화 > 핫팩/아이스팩 > 손난로/핫팩
STD_003741,아이스팩,STD_003740,4,생활용품 > 생활잡화 > 핫팩/아이스팩 > 아이스팩
STD_003742,얼음주머니,STD_003740,4,생활용품 > 생활잡화 > 핫팩/아이스팩 > 얼음주머니
STD_003744,샤워기/수전용품,STD_003216,2,생활용품 > 샤워기/수전용품
STD_003743,기타샤워기/수전용품,STD_003744,3,생활용품 > 샤워기/수전용품 > 기타샤워기/수전용품
STD_003745,샤워기,STD_003744,3,생활용품 > 샤워기/수전용품 > 샤워기
STD_003746,샤워기호스,STD_003744,3,생활용품 > 샤워기/수전용품 > 샤워기호스
STD_003747,샤워기홀더,STD_003744,3,생활용품 > 샤워기/수전용품 > 샤워기홀더
STD_003748,세면수전,STD_003744,3,생활용품 > 샤워기/수전용품 > 세면수전
STD_003749,수도꼭지,STD_003744,3,생활용품 > 샤워기/수전용품 > 수도꼭지
STD_003750,욕실수전,STD_003744,3,생활용품 > 샤워기/수전용품 > 욕실수전
STD_003751,주방수전,STD_003744,3,생활용품 > 샤워기/수전용품 > 주방수전
STD_003753,선반/행거/진열대,STD_003216,2,생활용품 > 선반/행거/진열대
STD_003752,벽걸이선반/진열대,STD_003753,3,생활용품 > 선반/행거/진열대 > 벽걸이선반/진열대
STD_003754,선반/행거/진열대용품,STD_003753,3,생활용품 > 선반/행거/진열대 > 선반/행거/진열대용품
STD_003755,스탠드선반/진열대,STD_003753,3,생활용품 > 선반/행거/진열대 > 스탠드선반/진열대
STD_003756,압축봉,STD_003753,3,생활용품 > 선반/행거/진열대 > 압축봉
STD_003757,압축선반,STD_003753,3,생활용품 > 선반/행거/진열대 > 압축선반
STD_003758,이동식선반/진열대,STD_003753,3,생활용품 > 선반/행거/진열대 > 이동식선반/진열대
STD_003759,행거,STD_003753,3,생활용품 > 선반/행거/진열대 > 행거
STD_003762,성인용품(19),STD_003216,2,생활용품 > 성인용품(19)
STD_003761,SM용품(19),STD_003762,3,생활용품 > 성인용품(19) > SM용품(19)
STD_003760,기타 SM용품(19),STD_003761,4,생활용품 > 성인용품(19) > SM용품(19) > 기타 SM용품(19)
STD_003763,바디 구속용품(19),STD_003761,4,생활용품 > 성인용품(19) > SM용품(19) > 바디 구속용품(19)
STD_003764,채찍/처벌 용품(19),STD_003761,4,생활용품 > 성인용품(19) > SM용품(19) > 채찍/처벌 용품(19)
STD_003765,페이스 구속용품(19),STD_003761,4,생활용품 > 성인용품(19) > SM용품(19) > 페이스 구속용품(19)
STD_003766,러브젤,STD_003762,3,생활용품 > 성인용품(19) > 러브젤
STD_003767,마사지젤/오일,STD_003762,3,생활용품 > 성인용품(19) > 마사지젤/오일
STD_003769,성인 가구(19),STD_003762,3,생활용품 > 성인용품(19) > 성인 가구(19)
STD_003768,성인 가구/침구(19),STD_003769,4,생활용품 > 성인용품(19) > 성인 가구(19) > 성인 가구/침구(19)
STD_003770,성인 그네(19),STD_003769,4,생활용품 > 성인용품(19) > 성인 가구(19) > 성인 그네(19)
STD_003772,성인 완구/게임(19),STD_003762,3,생활용품 > 성인용품(19) > 성인 완구/게임(19)
STD_003771,성인게임(19),STD_003772,4,생활용품 > 성인용품(19) > 성인 완구/게임(19) > 성인게임(19)
STD_003774,성인완구(19),STD_003772,4,생활용품 > 성인용품(19) > 성인 완구/게임(19) > 성인완구(19)
STD_003773,남성 성기 링(19),STD_003774,5,생활용품 > 성인용품(19) > 성인 완구/게임(19) > 성인완구(19) > 남성 성기 링(19)
STD_003775,남성 자위기구/인형(19),STD_003774,5,생활용품 > 성인용품(19) > 성인 완구/게임(19) > 성인완구(19) > 남성 자위기구/인형(19)
STD_003776,딜도(19),STD_003774,5,생활용품 > 성인용품(19) > 성인 완구/게임(19) > 성인완구(19) > 딜도(19)
STD_003777,보관용품(19),STD_003774,5,생활용품 > 성인용품(19) > 성인 완구/게임(19) > 성인완구(19) > 보관용품(19)
STD_003778,애널용품(19),STD_003774,5,생활용품 > 성인용품(19) > 성인 완구/게임(19) > 성인완구(19) > 애널용품(19)
STD_003779,진동기(19),STD_003774,5,생활용품 > 성인용품(19) > 성인 완구/게임(19) > 성인완구(19) > 진동기(19)
STD_003780,케어/기타용품(19),STD_003774,5,생활용품 > 성인용품(19) > 성인 완구/게임(19) > 성인완구(19) > 케어/기타용품(19)
STD_003781,펌프/확대기(19),STD_003774,5,생활용품 > 성인용품(19) > 성인 완구/게임(19) > 성인완구(19) > 펌프/확대기(19)
STD_003782,술자리게임(19),STD_003772,4,생활용품 > 성인용품(19) > 성인 완구/게임(19) > 술자리게임(19)
STD_003783,성인용품세트(19),STD_003762,3,생활용품 > 성인용품(19) > 성인용품세트(19)
STD_003785,콘돔,STD_003762,3,생활용품 > 성인용품(19) > 콘돔
STD_003784,기능/특수형 콘돔(19),STD_003785,4,생활용품 > 성인용품(19) > 콘돔 > 기능/특수형 콘돔(19)
STD_003786,일반형 콘돔,STD_003785,4,생활용품 > 성인용품(19) > 콘돔 > 일반형 콘돔
STD_003788,흡연용품(19),STD_003762,3,생활용품 > 성인용품(19) > 흡연용품(19)
STD_003787,담배파이프,STD_003788,4,생활용품 > 성인용품(19) > 흡연용품(19) > 담배파이프
STD_003789,담배필터,STD_003788,4,생활용품 > 성인용품(19) > 흡연용품(19) > 담배필터
STD_003791,전자담배,STD_003788,4,생활용품 > 성인용품(19) > 흡연용품(19) > 전자담배
STD_003790,액상형,STD_003791,5,생활용품 > 성인용품(19) > 흡연용품(19) > 전자담배 > 액상형
STD_003792,카트리지형,STD_003791,5,생활용품 > 성인용품(19) > 흡연용품(19) > 전자담배 > 카트리지형
STD_003794,코일/액세서리,STD_003788,4,생활용품 > 성인용품(19) > 흡연용품(19) > 코일/액세서리
STD_003793,무니코틴 액상,STD_003794,5,생활용품 > 성인용품(19) > 흡연용품(19) > 코일/액세서리 > 무니코틴 액상
STD_003795,배터리,STD_003794,5,생활용품 > 성인용품(19) > 흡연용품(19) > 코일/액세서리 > 배터리
STD_003796,카토마이저,STD_003794,5,생활용품 > 성인용품(19) > 흡연용품(19) > 코일/액세서리 > 카토마이저
STD_003797,코일,STD_003794,5,생활용품 > 성인용품(19) > 흡연용품(19) > 코일/액세서리 > 코일
STD_003800,세제,STD_003216,2,생활용품 > 세제
STD_003799,섬유유연제,STD_003800,3,생활용품 > 세제 > 섬유유연제
STD_003798,시트 섬유유연제,STD_003799,4,생활용품 > 세제 > 섬유유연제 > 시트 섬유유연제
STD_003801,일반 섬유유연제,STD_003799,4,생활용품 > 세제 > 섬유유연제 > 일반 섬유유연제
STD_003802,세제선물세트,STD_003800,3,생활용품 > 세제 > 세제선물세트
STD_003803,세제혼합구성,STD_003800,3,생활용품 > 세제 > 세제혼합구성
STD_003805,세탁세제,STD_003800,3,생활용품 > 세제 > 세탁세제
STD_003804,가죽크리너,STD_003805,4,생활용품 > 세제 > 세탁세제 > 가죽크리너
STD_003807,드럼전용세제,STD_003805,4,생활용품 > 세제 > 세탁세제 > 드럼전용세제
STD_003806,분말세제,STD_003807,5,생활용품 > 세제 > 세탁세제 > 드럼전용세제 > 분말세제
STD_003808,액상세제,STD_003807,5,생활용품 > 세제 > 세탁세제 > 드럼전용세제 > 액상세제
STD_003809,젤형,STD_003807,5,생활용품 > 세제 > 세탁세제 > 드럼전용세제 > 젤형
STD_003810,섬유항균제,STD_003805,4,생활용품 > 세제 > 세탁세제 > 섬유항균제
STD_003811,세탁비누,STD_003805,4,생활용품 > 세제 > 세탁세제 > 세탁비누
STD_003812,얼룩/찌든때 제거제,STD_003805,4,생활용품 > 세제 > 세탁세제 > 얼룩/찌든때 제거제
STD_003813,운동화크리너/세제,STD_003805,4,생활용품 > 세제 > 세탁세제 > 운동화크리너/세제
STD_003815,울세제/홈드라이,STD_003805,4,생활용품 > 세제 > 세탁세제 > 울세제/홈드라이
STD_003814,울세제,STD_003815,5,생활용품 > 세제 > 세탁세제 > 울세제/홈드라이 > 울세제
STD_003816,홈드라이세제,STD_003815,5,생활용품 > 세제 > 세탁세제 > 울세제/홈드라이 > 홈드라이세제
STD_003818,일반/겸용세제,STD_003805,4,생활용품 > 세제 > 세탁세제 > 일반/겸용세제
STD_003817,분말세제,STD_003818,5,생활용품 > 세제 > 세탁세제 > 일반/겸용세제 > 분말세제
STD_003819,액상세제,STD_003818,5,생활용품 > 세제 > 세탁세제 > 일반/겸용세제 > 액상세제
STD_003821,캡슐/시트세제,STD_003805,4,생활용품 > 세제 > 세탁세제 > 캡슐/시트세제
STD_003820,시트세제,STD_003821,5,생활용품 > 세제 > 세탁세제 > 캡슐/시트세제 > 시트세제
STD_003822,캡슐세제,STD_003821,5,생활용품 > 세제 > 세탁세제 > 캡슐/시트세제 > 캡슐세제
STD_003824,표백제,STD_003805,4,생활용품 > 세제 > 세탁세제 > 표백제
STD_003823,분말형,STD_003824,5,생활용품 > 세제 > 세탁세제 > 표백제 > 분말형
STD_003825,액상형,STD_003824,5,생활용품 > 세제 > 세탁세제 > 표백제 > 액상형
STD_003826,젤형,STD_003824,5,생활용품 > 세제 > 세탁세제 > 표백제 > 젤형
STD_003827,향기지속제,STD_003805,4,생활용품 > 세제 > 세탁세제 > 향기지속제
STD_003829,주방세제,STD_003800,3,생활용품 > 세제 > 주방세제
STD_003828,식기세척기용세제,STD_003829,4,생활용품 > 세제 > 주방세제 > 식기세척기용세제
STD_003830,야채/과일세정제,STD_003829,4,생활용품 > 세제 > 주방세제 > 야채/과일세정제
STD_003831,일반주방세제,STD_003829,4,생활용품 > 세제 > 주방세제 > 일반주방세제
STD_003833,천연세제류,STD_003829,4,생활용품 > 세제 > 주방세제 > 천연세제류
STD_003832,EM원액,STD_003833,5,생활용품 > 세제 > 주방세제 > 천연세제류 > EM원액
STD_003834,과탄산소다/산소계표백제,STD_003833,5,생활용품 > 세제 > 주방세제 > 천연세제류 > 과탄산소다/산소계표백제
STD_003835,구연산,STD_003833,5,생활용품 > 세제 > 주방세제 > 천연세제류 > 구연산
STD_003836,베이킹소다,STD_003833,5,생활용품 > 세제 > 주방세제 > 천연세제류 > 베이킹소다
STD_003837,천연성분포함세제,STD_003833,5,생활용품 > 세제 > 주방세제 > 천연세제류 > 천연성분포함세제
STD_003838,천연세제세트,STD_003833,5,생활용품 > 세제 > 주방세제 > 천연세제류 > 천연세제세트
STD_003839,텀블러클리너,STD_003829,4,생활용품 > 세제 > 주방세제 > 텀블러클리너
STD_003840,행주/도마관리세제,STD_003829,4,생활용품 > 세제 > 주방세제 > 행주/도마관리세제
STD_003842,청소세제,STD_003800,3,생활용품 > 세제 > 청소세제
STD_003841,곰팡이세정제,STD_003842,4,생활용품 > 세제 > 청소세제 > 곰팡이세정제
STD_003843,광택크리너,STD_003842,4,생활용품 > 세제 > 청소세제 > 광택크리너
STD_003844,다목적세제,STD_003842,4,생활용품 > 세제 > 청소세제 > 다목적세제
STD_003845,락스/살균소독제,STD_003842,4,생활용품 > 세제 > 청소세제 > 락스/살균소독제
STD_003846,배수구세정제,STD_003842,4,생활용품 > 세제 > 청소세제 > 배수구세정제
STD_003847,변기세정제,STD_003842,4,생활용품 > 세제 > 청소세제 > 변기세정제
STD_003848,세정티슈,STD_003842,4,생활용품 > 세제 > 청소세제 > 세정티슈
STD_003849,세탁조세정제,STD_003842,4,생활용품 > 세제 > 청소세제 > 세탁조세정제
STD_003850,씽크세정제,STD_003842,4,생활용품 > 세제 > 청소세제 > 씽크세정제
STD_003851,에어컨세정제,STD_003842,4,생활용품 > 세제 > 청소세제 > 에어컨세정제
STD_003852,욕실세정제,STD_003842,4,생활용품 > 세제 > 청소세제 > 욕실세정제
STD_003853,유리용세정제,STD_003842,4,생활용품 > 세제 > 청소세제 > 유리용세정제
STD_003854,주방/기름때세정제,STD_003842,4,생활용품 > 세제 > 청소세제 > 주방/기름때세정제
STD_003856,세제/세정제,STD_003216,2,생활용품 > 세제/세정제
STD_003855,건조기시트,STD_003856,3,생활용품 > 세제/세정제 > 건조기시트
STD_003857,곰팡이세정제,STD_003856,3,생활용품 > 세제/세정제 > 곰팡이세정제
STD_003858,기타세정제,STD_003856,3,생활용품 > 세제/세정제 > 기타세정제
STD_003859,다목적세정제,STD_003856,3,생활용품 > 세제/세정제 > 다목적세정제
STD_003860,드라이/울세제,STD_003856,3,생활용품 > 세제/세정제 > 드라이/울세제
STD_003861,배수구세정제,STD_003856,3,생활용품 > 세제/세정제 > 배수구세정제
STD_003862,베이킹소다/구연산,STD_003856,3,생활용품 > 세제/세정제 > 베이킹소다/구연산
STD_003863,살균소독제,STD_003856,3,생활용품 > 세제/세정제 > 살균소독제
STD_003864,섬유유연제,STD_003856,3,생활용품 > 세제/세정제 > 섬유유연제
STD_003865,세탁비누,STD_003856,3,생활용품 > 세제/세정제 > 세탁비누
STD_003866,세탁세제,STD_003856,3,생활용품 > 세제/세정제 > 세탁세제
STD_003867,세탁조세정제,STD_003856,3,생활용품 > 세제/세정제 > 세탁조세정제
STD_003868,식기세척기세제,STD_003856,3,생활용품 > 세제/세정제 > 식기세척기세제
STD_003869,신발/가죽클리너,STD_003856,3,생활용품 > 세제/세정제 > 신발/가죽클리너
STD_003870,에어컨세정제,STD_003856,3,생활용품 > 세제/세정제 > 에어컨세정제
STD_003871,욕실/변기세정제,STD_003856,3,생활용품 > 세제/세정제 > 욕실/변기세정제
STD_003872,유리세정제,STD_003856,3,생활용품 > 세제/세정제 > 유리세정제
STD_003873,주방세제,STD_003856,3,생활용품 > 세제/세정제 > 주방세제
STD_003874,표백제,STD_003856,3,생활용품 > 세제/세정제 > 표백제
STD_003876,세탁용품,STD_003216,2,생활용품 > 세탁용품
STD_003875,기타세탁용품,STD_003876,3,생활용품 > 세탁용품 > 기타세탁용품
STD_003877,다리미판,STD_003876,3,생활용품 > 세탁용품 > 다리미판
STD_003878,다림용품,STD_003876,3,생활용품 > 세탁용품 > 다림용품
STD_003879,분무기,STD_003876,3,생활용품 > 세탁용품 > 분무기
STD_003880,빨래건조대,STD_003876,3,생활용품 > 세탁용품 > 빨래건조대
STD_003881,빨래바구니,STD_003876,3,생활용품 > 세탁용품 > 빨래바구니
STD_003882,빨래삶통,STD_003876,3,생활용품 > 세탁용품 > 빨래삶통
STD_003883,빨래줄,STD_003876,3,생활용품 > 세탁용품 > 빨래줄
STD_003884,빨래줄/빨래집게,STD_003876,3,생활용품 > 세탁용품 > 빨래줄/빨래집게
STD_003885,빨래집게,STD_003876,3,생활용품 > 세탁용품 > 빨래집게
STD_003886,빨래판,STD_003876,3,생활용품 > 세탁용품 > 빨래판
STD_003887,세제케이스,STD_003876,3,생활용품 > 세탁용품 > 세제케이스
STD_003888,세탁기 거름망/필터,STD_003876,3,생활용품 > 세탁용품 > 세탁기 거름망/필터
STD_003889,세탁기거름망,STD_003876,3,생활용품 > 세탁용품 > 세탁기거름망
STD_003890,세탁망,STD_003876,3,생활용품 > 세탁용품 > 세탁망
STD_003891,세탁망/세탁볼,STD_003876,3,생활용품 > 세탁용품 > 세탁망/세탁볼
STD_003892,세탁볼,STD_003876,3,생활용품 > 세탁용품 > 세탁볼
STD_003893,세탁솔,STD_003876,3,생활용품 > 세탁용품 > 세탁솔
STD_003894,세탁용시트,STD_003876,3,생활용품 > 세탁용품 > 세탁용시트
STD_003895,천장건조대,STD_003876,3,생활용품 > 세탁용품 > 천장건조대
STD_003898,수납/정리,STD_003216,2,생활용품 > 수납/정리
STD_003897,공간박스/선반,STD_003898,3,생활용품 > 수납/정리 > 공간박스/선반
STD_003896,기타선반/진열대,STD_003897,4,생활용품 > 수납/정리 > 공간박스/선반 > 기타선반/진열대
STD_003899,벽걸이/코너선반,STD_003897,4,생활용품 > 수납/정리 > 공간박스/선반 > 벽걸이/코너선반
STD_003900,선반대/받침/부속품,STD_003897,4,생활용품 > 수납/정리 > 공간박스/선반 > 선반대/받침/부속품
STD_003901,스탠드선반,STD_003897,4,생활용품 > 수납/정리 > 공간박스/선반 > 스탠드선반
STD_003902,신발정리대,STD_003897,4,생활용품 > 수납/정리 > 공간박스/선반 > 신발정리대
STD_003904,기타수납/정리용품,STD_003898,3,생활용품 > 수납/정리 > 기타수납/정리용품
STD_003903,기타수납정리용품,STD_003904,4,생활용품 > 수납/정리 > 기타수납/정리용품 > 기타수납정리용품
STD_003905,보석진열대,STD_003904,4,생활용품 > 수납/정리 > 기타수납/정리용품 > 보석진열대
STD_003906,빗물제거기,STD_003904,4,생활용품 > 수납/정리 > 기타수납/정리용품 > 빗물제거기
STD_003907,서랍칸막이/속옷정리,STD_003904,4,생활용품 > 수납/정리 > 기타수납/정리용품 > 서랍칸막이/속옷정리
STD_003908,슈즈렉,STD_003904,4,생활용품 > 수납/정리 > 기타수납/정리용품 > 슈즈렉
STD_003909,우산꽂이,STD_003904,4,생활용품 > 수납/정리 > 기타수납/정리용품 > 우산꽂이
STD_003910,화장품정리대,STD_003904,4,생활용품 > 수납/정리 > 기타수납/정리용품 > 화장품정리대
STD_003912,리빙박스/압축/커버,STD_003898,3,생활용품 > 수납/정리 > 리빙박스/압축/커버
STD_003911,기타수납박스,STD_003912,4,생활용품 > 수납/정리 > 리빙박스/압축/커버 > 기타수납박스
STD_003913,소품커버,STD_003912,4,생활용품 > 수납/정리 > 리빙박스/압축/커버 > 소품커버
STD_003915,압축팩/지퍼백,STD_003912,4,생활용품 > 수납/정리 > 리빙박스/압축/커버 > 압축팩/지퍼백
STD_003914,여행용 압축팩(롤업),STD_003915,5,생활용품 > 수납/정리 > 리빙박스/압축/커버 > 압축팩/지퍼백 > 여행용 압축팩(롤업)
STD_003916,의류용 압축팩,STD_003915,5,생활용품 > 수납/정리 > 리빙박스/압축/커버 > 압축팩/지퍼백 > 의류용 압축팩
STD_003917,이불용 압축팩,STD_003915,5,생활용품 > 수납/정리 > 리빙박스/압축/커버 > 압축팩/지퍼백 > 이불용 압축팩
STD_003918,지퍼백,STD_003915,5,생활용품 > 수납/정리 > 리빙박스/압축/커버 > 압축팩/지퍼백 > 지퍼백
STD_003919,의류커버,STD_003912,4,생활용품 > 수납/정리 > 리빙박스/압축/커버 > 의류커버
STD_003920,종이리빙박스,STD_003912,4,생활용품 > 수납/정리 > 리빙박스/압축/커버 > 종이리빙박스
STD_003921,패브릭리빙박스,STD_003912,4,생활용품 > 수납/정리 > 리빙박스/압축/커버 > 패브릭리빙박스
STD_003922,폴딩박스,STD_003912,4,생활용품 > 수납/정리 > 리빙박스/압축/커버 > 폴딩박스
STD_003923,플라스틱 리빙박스,STD_003912,4,생활용품 > 수납/정리 > 리빙박스/압축/커버 > 플라스틱 리빙박스
STD_003924,행거커버,STD_003912,4,생활용품 > 수납/정리 > 리빙박스/압축/커버 > 행거커버
STD_003926,바구니/이사박스,STD_003898,3,생활용품 > 수납/정리 > 바구니/이사박스
STD_003925,라탄바구니,STD_003926,4,생활용품 > 수납/정리 > 바구니/이사박스 > 라탄바구니
STD_003927,바구니,STD_003926,4,생활용품 > 수납/정리 > 바구니/이사박스 > 바구니
STD_003928,이사박스,STD_003926,4,생활용품 > 수납/정리 > 바구니/이사박스 > 이사박스
STD_003930,수납장/서랍장(플라스틱),STD_003898,3,생활용품 > 수납/정리 > 수납장/서랍장(플라스틱)
STD_003929,틈새/슬림수납장(플라스틱),STD_003930,4,생활용품 > 수납/정리 > 수납장/서랍장(플라스틱) > 틈새/슬림수납장(플라스틱)
STD_003932,옷걸이/다용도걸이,STD_003898,3,생활용품 > 수납/정리 > 옷걸이/다용도걸이
STD_003931,벽지핀,STD_003932,4,생활용품 > 수납/정리 > 옷걸이/다용도걸이 > 벽지핀
STD_003933,상의/셔츠 옷걸이,STD_003932,4,생활용품 > 수납/정리 > 옷걸이/다용도걸이 > 상의/셔츠 옷걸이
STD_003934,아동옷걸이,STD_003932,4,생활용품 > 수납/정리 > 옷걸이/다용도걸이 > 아동옷걸이
STD_003935,압축봉/행거부속품,STD_003932,4,생활용품 > 수납/정리 > 옷걸이/다용도걸이 > 압축봉/행거부속품
STD_003936,잡화걸이,STD_003932,4,생활용품 > 수납/정리 > 옷걸이/다용도걸이 > 잡화걸이
STD_003937,정장/코트 옷걸이,STD_003932,4,생활용품 > 수납/정리 > 옷걸이/다용도걸이 > 정장/코트 옷걸이
STD_003938,치마/바지걸이,STD_003932,4,생활용품 > 수납/정리 > 옷걸이/다용도걸이 > 치마/바지걸이
STD_003939,코트랙(벽부착형옷걸이),STD_003932,4,생활용품 > 수납/정리 > 옷걸이/다용도걸이 > 코트랙(벽부착형옷걸이)
STD_003940,후크/기타걸이,STD_003932,4,생활용품 > 수납/정리 > 옷걸이/다용도걸이 > 후크/기타걸이
STD_003942,행거,STD_003898,3,생활용품 > 수납/정리 > 행거
STD_003941,선반형행거,STD_003942,4,생활용품 > 수납/정리 > 행거 > 선반형행거
STD_003943,이동식행거,STD_003942,4,생활용품 > 수납/정리 > 행거 > 이동식행거
STD_003944,일반형행거,STD_003942,4,생활용품 > 수납/정리 > 행거 > 일반형행거
STD_003945,커튼형행거,STD_003942,4,생활용품 > 수납/정리 > 행거 > 커튼형행거
STD_003947,수납/정리용품,STD_003216,2,생활용품 > 수납/정리용품
STD_003946,기타수납/정리용품,STD_003947,3,생활용품 > 수납/정리용품 > 기타수납/정리용품
STD_003948,마네킹,STD_003947,3,생활용품 > 수납/정리용품 > 마네킹
STD_003949,바구니/바스켓,STD_003947,3,생활용품 > 수납/정리용품 > 바구니/바스켓
STD_003950,비키니옷장,STD_003947,3,생활용품 > 수납/정리용품 > 비키니옷장
STD_003951,소품걸이,STD_003947,3,생활용품 > 수납/정리용품 > 소품걸이
STD_003952,수납정리함,STD_003947,3,생활용품 > 수납/정리용품 > 수납정리함
STD_003953,압축팩,STD_003947,3,생활용품 > 수납/정리용품 > 압축팩
STD_003954,옷걸이,STD_003947,3,생활용품 > 수납/정리용품 > 옷걸이
STD_003955,옷커버,STD_003947,3,생활용품 > 수납/정리용품 > 옷커버
STD_003956,후크/걸이용품,STD_003947,3,생활용품 > 수납/정리용품 > 후크/걸이용품
STD_003958,시즌용품,STD_003216,2,생활용품 > 시즌용품
STD_003957,기타시즌용품,STD_003958,3,생활용품 > 시즌용품 > 기타시즌용품
STD_003959,난방텐트,STD_003958,3,생활용품 > 시즌용품 > 난방텐트
STD_003960,단열시트,STD_003958,3,생활용품 > 시즌용품 > 단열시트
STD_003961,단열필름,STD_003958,3,생활용품 > 시즌용품 > 단열필름
STD_003962,문풍지,STD_003958,3,생활용품 > 시즌용품 > 문풍지
STD_003963,방풍비닐/방풍막,STD_003958,3,생활용품 > 시즌용품 > 방풍비닐/방풍막
STD_003966,안전용품,STD_003216,2,생활용품 > 안전용품
STD_003965,가정/생활안전용품,STD_003966,3,생활용품 > 안전용품 > 가정/생활안전용품
STD_003964,기타생활안전용품,STD_003965,4,생활용품 > 안전용품 > 가정/생활안전용품 > 기타생활안전용품
STD_003967,슬로프/문턱받침,STD_003965,4,생활용품 > 안전용품 > 가정/생활안전용품 > 슬로프/문턱받침
STD_003969,안전가드/안전테이프,STD_003965,4,생활용품 > 안전용품 > 가정/생활안전용품 > 안전가드/안전테이프
STD_003968,모서리보호 가드,STD_003969,5,생활용품 > 안전용품 > 가정/생활안전용품 > 안전가드/안전테이프 > 모서리보호 가드
STD_003970,모서리보호 쿠션테이프,STD_003969,5,생활용품 > 안전용품 > 가정/생활안전용품 > 안전가드/안전테이프 > 모서리보호 쿠션테이프
STD_003971,미끄럼방지스티커,STD_003969,5,생활용품 > 안전용품 > 가정/생활안전용품 > 안전가드/안전테이프 > 미끄럼방지스티커
STD_003972,안전/반사테이프,STD_003969,5,생활용품 > 안전용품 > 가정/생활안전용품 > 안전가드/안전테이프 > 안전/반사테이프
STD_003973,안전문/펜스,STD_003969,5,생활용품 > 안전용품 > 가정/생활안전용품 > 안전가드/안전테이프 > 안전문/펜스
STD_003974,콘센트안전커버/안전망,STD_003969,5,생활용품 > 안전용품 > 가정/생활안전용품 > 안전가드/안전테이프 > 콘센트안전커버/안전망
STD_003976,안전펜스/안전바/점자,STD_003965,4,생활용품 > 안전용품 > 가정/생활안전용품 > 안전펜스/안전바/점자
STD_003975,경광봉/경광등,STD_003976,5,생활용품 > 안전용품 > 가정/생활안전용품 > 안전펜스/안전바/점자 > 경광봉/경광등
STD_003977,안전삼각대,STD_003976,5,생활용품 > 안전용품 > 가정/생활안전용품 > 안전펜스/안전바/점자 > 안전삼각대
STD_003978,장애인안전바/보조대,STD_003976,5,생활용품 > 안전용품 > 가정/생활안전용품 > 안전펜스/안전바/점자 > 장애인안전바/보조대
STD_003979,점자블럭,STD_003976,5,생활용품 > 안전용품 > 가정/생활안전용품 > 안전펜스/안전바/점자 > 점자블럭
STD_003980,주차금지/안전표지판,STD_003976,5,생활용품 > 안전용품 > 가정/생활안전용품 > 안전펜스/안전바/점자 > 주차금지/안전표지판
STD_003981,차선 규제봉,STD_003976,5,생활용품 > 안전용품 > 가정/생활안전용품 > 안전펜스/안전바/점자 > 차선 규제봉
STD_003983,잠금고정/방범용품,STD_003965,4,생활용품 > 안전용품 > 가정/생활안전용품 > 잠금고정/방범용품
STD_003982,경보기/호출벨/차임벨,STD_003983,5,생활용품 > 안전용품 > 가정/생활안전용품 > 잠금고정/방범용품 > 경보기/호출벨/차임벨
STD_003984,다용도/기타잠금장치,STD_003983,5,생활용품 > 안전용품 > 가정/생활안전용품 > 잠금고정/방범용품 > 다용도/기타잠금장치
STD_003985,도어스토퍼/문고정,STD_003983,5,생활용품 > 안전용품 > 가정/생활안전용품 > 잠금고정/방범용품 > 도어스토퍼/문고정
STD_003986,우유투입구마개,STD_003983,5,생활용품 > 안전용품 > 가정/생활안전용품 > 잠금고정/방범용품 > 우유투입구마개
STD_003987,창문잠금장치,STD_003983,5,생활용품 > 안전용품 > 가정/생활안전용품 > 잠금고정/방범용품 > 창문잠금장치
STD_003988,현관잠금장치/걸쇠,STD_003983,5,생활용품 > 안전용품 > 가정/생활안전용품 > 잠금고정/방범용품 > 현관잠금장치/걸쇠
STD_003990,산업안전용품/장갑,STD_003966,3,생활용품 > 안전용품 > 산업안전용품/장갑
STD_003989,기타산업안전용품,STD_003990,4,생활용품 > 안전용품 > 산업안전용품/장갑 > 기타산업안전용품
STD_003991,면장갑/목장갑,STD_003990,4,생활용품 > 안전용품 > 산업안전용품/장갑 > 면장갑/목장갑
STD_003992,방독면/필터,STD_003990,4,생활용품 > 안전용품 > 산업안전용품/장갑 > 방독면/필터
STD_003993,방진마스크,STD_003990,4,생활용품 > 안전용품 > 산업안전용품/장갑 > 방진마스크
STD_003994,보안경/고글,STD_003990,4,생활용품 > 안전용품 > 산업안전용품/장갑 > 보안경/고글
STD_003995,보호대/안전대,STD_003990,4,생활용품 > 안전용품 > 산업안전용품/장갑 > 보호대/안전대
STD_003996,보호복/작업복,STD_003990,4,생활용품 > 안전용품 > 산업안전용품/장갑 > 보호복/작업복
STD_003997,설치용 안전띠/경고띠,STD_003990,4,생활용품 > 안전용품 > 산업안전용품/장갑 > 설치용 안전띠/경고띠
STD_003998,안전각반/안전밴드,STD_003990,4,생활용품 > 안전용품 > 산업안전용품/장갑 > 안전각반/안전밴드
STD_003999,안전모,STD_003990,4,생활용품 > 안전용품 > 산업안전용품/장갑 > 안전모
STD_004000,안전조끼,STD_003990,4,생활용품 > 안전용품 > 산업안전용품/장갑 > 안전조끼
STD_004001,작업화,STD_003990,4,생활용품 > 안전용품 > 산업안전용품/장갑 > 작업화
STD_004002,절연장갑/안전장갑,STD_003990,4,생활용품 > 안전용품 > 산업안전용품/장갑 > 절연장갑/안전장갑
STD_004003,코팅작업장갑,STD_003990,4,생활용품 > 안전용품 > 산업안전용품/장갑 > 코팅작업장갑
STD_004005,소화기/재난용품,STD_003966,3,생활용품 > 안전용품 > 소화기/재난용품
STD_004004,비상탈출용 망치,STD_004005,4,생활용품 > 안전용품 > 소화기/재난용품 > 비상탈출용 망치
STD_004006,소방벨/소방경보기,STD_004005,4,생활용품 > 안전용품 > 소화기/재난용품 > 소방벨/소방경보기
STD_004007,소화기,STD_004005,4,생활용품 > 안전용품 > 소화기/재난용품 > 소화기
STD_004008,소화기거치대,STD_004005,4,생활용품 > 안전용품 > 소화기/재난용품 > 소화기거치대
STD_004009,유도등,STD_004005,4,생활용품 > 안전용품 > 소화기/재난용품 > 유도등
STD_004010,휴대용 비상조명등,STD_004005,4,생활용품 > 안전용품 > 소화기/재난용품 > 휴대용 비상조명등
STD_004012,재난/방역용품,STD_003966,3,생활용품 > 안전용품 > 재난/방역용품
STD_004011,눈삽/넉가래,STD_004012,4,생활용품 > 안전용품 > 재난/방역용품 > 눈삽/넉가래
STD_004013,수중펌프,STD_004012,4,생활용품 > 안전용품 > 재난/방역용품 > 수중펌프
STD_004014,안전우의,STD_004012,4,생활용품 > 안전용품 > 재난/방역용품 > 안전우의
STD_004015,제설용 염화칼슘,STD_004012,4,생활용품 > 안전용품 > 재난/방역용품 > 제설용 염화칼슘
STD_004016,제설함/모래함,STD_004012,4,생활용품 > 안전용품 > 재난/방역용품 > 제설함/모래함
STD_004017,차수막/수방용 마대,STD_004012,4,생활용품 > 안전용품 > 재난/방역용품 > 차수막/수방용 마대
STD_004018,항균/구리필름,STD_004012,4,생활용품 > 안전용품 > 재난/방역용품 > 항균/구리필름
STD_004020,호신용품,STD_003966,3,생활용품 > 안전용품 > 호신용품
STD_004019,기타호신용품,STD_004020,4,생활용품 > 안전용품 > 호신용품 > 기타호신용품
STD_004021,전기충격기,STD_004020,4,생활용품 > 안전용품 > 호신용품 > 전기충격기
STD_004022,호루라기,STD_004020,4,생활용품 > 안전용품 > 호신용품 > 호루라기
STD_004023,호신경보기,STD_004020,4,생활용품 > 안전용품 > 호신용품 > 호신경보기
STD_004024,호신봉,STD_004020,4,생활용품 > 안전용품 > 호신용품 > 호신봉
STD_004025,호신용가스총,STD_004020,4,생활용품 > 안전용품 > 호신용품 > 호신용가스총
STD_004026,호신용스프레이,STD_004020,4,생활용품 > 안전용품 > 호신용품 > 호신용스프레이
STD_004028,욕실보수용품,STD_003216,2,생활용품 > 욕실보수용품
STD_004027,기타욕실보수용품,STD_004028,3,생활용품 > 욕실보수용품 > 기타욕실보수용품
STD_004029,녹물제거필터,STD_004028,3,생활용품 > 욕실보수용품 > 녹물제거필터
STD_004030,바닥유가/하수구트랩,STD_004028,3,생활용품 > 욕실보수용품 > 바닥유가/하수구트랩
STD_004031,세면기부속품,STD_004028,3,생활용품 > 욕실보수용품 > 세면기부속품
STD_004032,싱크대배관용품,STD_004028,3,생활용품 > 욕실보수용품 > 싱크대배관용품
STD_004033,양변기부속품,STD_004028,3,생활용품 > 욕실보수용품 > 양변기부속품
STD_004034,줄눈보수제,STD_004028,3,생활용품 > 욕실보수용품 > 줄눈보수제
STD_004036,욕실용품,STD_003216,2,생활용품 > 욕실용품
STD_004035,기타욕실용품,STD_004036,3,생활용품 > 욕실용품 > 기타욕실용품
STD_004037,때타월/샤워볼,STD_004036,3,생활용품 > 욕실용품 > 때타월/샤워볼
STD_004038,바디브러시,STD_004036,3,생활용품 > 욕실용품 > 바디브러시
STD_004039,변기막힘압축기,STD_004036,3,생활용품 > 욕실용품 > 변기막힘압축기
STD_004040,변기세척솔,STD_004036,3,생활용품 > 욕실용품 > 변기세척솔
STD_004042,변기용품,STD_004036,3,생활용품 > 욕실용품 > 변기용품
STD_004041,기타변기용품,STD_004042,4,생활용품 > 욕실용품 > 변기용품 > 기타변기용품
STD_004043,뚫어뻥,STD_004042,4,생활용품 > 욕실용품 > 변기용품 > 뚫어뻥
STD_004044,변기시트,STD_004042,4,생활용품 > 욕실용품 > 변기용품 > 변기시트
STD_004045,변기커버 손잡이,STD_004042,4,생활용품 > 욕실용품 > 변기용품 > 변기커버 손잡이
STD_004046,변기커버/뚜껑,STD_004042,4,생활용품 > 욕실용품 > 변기용품 > 변기커버/뚜껑
STD_004047,소변감지기/부속품,STD_004042,4,생활용품 > 욕실용품 > 변기용품 > 소변감지기/부속품
STD_004048,양변기,STD_004042,4,생활용품 > 욕실용품 > 변기용품 > 양변기
STD_004049,양변기부속품,STD_004042,4,생활용품 > 욕실용품 > 변기용품 > 양변기부속품
STD_004050,에티켓벨,STD_004042,4,생활용품 > 욕실용품 > 변기용품 > 에티켓벨
STD_004051,변기커버,STD_004036,3,생활용품 > 욕실용품 > 변기커버
STD_004052,비누받침/홀더,STD_004036,3,생활용품 > 욕실용품 > 비누받침/홀더
STD_004054,샤워/세면대/수전,STD_004036,3,생활용품 > 욕실용품 > 샤워/세면대/수전
STD_004053,배수구 용품,STD_004054,4,생활용품 > 욕실용품 > 샤워/세면대/수전 > 배수구 용품
STD_004055,부속품,STD_004054,4,생활용품 > 욕실용품 > 샤워/세면대/수전 > 부속품
STD_004056,샤워기홀더/행거,STD_004054,4,생활용품 > 욕실용품 > 샤워/세면대/수전 > 샤워기홀더/행거
STD_004057,샤워바,STD_004054,4,생활용품 > 욕실용품 > 샤워/세면대/수전 > 샤워바
STD_004058,샤워커튼/봉/부속품,STD_004054,4,생활용품 > 욕실용품 > 샤워/세면대/수전 > 샤워커튼/봉/부속품
STD_004059,샤워필터리필/연수기,STD_004054,4,생활용품 > 욕실용품 > 샤워/세면대/수전 > 샤워필터리필/연수기
STD_004060,샤워호스,STD_004054,4,생활용품 > 욕실용품 > 샤워/세면대/수전 > 샤워호스
STD_004061,세면대/세면기,STD_004054,4,생활용품 > 욕실용품 > 샤워/세면대/수전 > 세면대/세면기
STD_004062,세면대부속품,STD_004054,4,생활용품 > 욕실용품 > 샤워/세면대/수전 > 세면대부속품
STD_004063,수도꼭지,STD_004054,4,생활용품 > 욕실용품 > 샤워/세면대/수전 > 수도꼭지
STD_004064,수전세트,STD_004054,4,생활용품 > 욕실용품 > 샤워/세면대/수전 > 수전세트
STD_004065,욕실 환풍기,STD_004054,4,생활용품 > 욕실용품 > 샤워/세면대/수전 > 욕실 환풍기
STD_004066,일반샤워기,STD_004054,4,생활용품 > 욕실용품 > 샤워/세면대/수전 > 일반샤워기
STD_004067,필터샤워기,STD_004054,4,생활용품 > 욕실용품 > 샤워/세면대/수전 > 필터샤워기
STD_004068,해바라기샤워기,STD_004054,4,생활용품 > 욕실용품 > 샤워/세면대/수전 > 해바라기샤워기
STD_004069,샤워가운,STD_004036,3,생활용품 > 욕실용품 > 샤워가운
STD_004070,샤워커튼,STD_004036,3,생활용품 > 욕실용품 > 샤워커튼
STD_004071,세안헤어밴드,STD_004036,3,생활용품 > 욕실용품 > 세안헤어밴드
STD_004072,수건/타월,STD_004036,3,생활용품 > 욕실용품 > 수건/타월
STD_004073,수건걸이,STD_004036,3,생활용품 > 욕실용품 > 수건걸이
STD_004074,양치컵,STD_004036,3,생활용품 > 욕실용품 > 양치컵
STD_004075,욕실디스펜서,STD_004036,3,생활용품 > 욕실용품 > 욕실디스펜서
STD_004076,욕실매트,STD_004036,3,생활용품 > 욕실용품 > 욕실매트
STD_004077,욕실바구니,STD_004036,3,생활용품 > 욕실용품 > 욕실바구니
STD_004078,욕실발판,STD_004036,3,생활용품 > 욕실용품 > 욕실발판
STD_004080,욕실수납/정리,STD_004036,3,생활용품 > 욕실용품 > 욕실수납/정리
STD_004079,드라이기걸이,STD_004080,4,생활용품 > 욕실용품 > 욕실수납/정리 > 드라이기걸이
STD_004081,멀티선반,STD_004080,4,생활용품 > 욕실용품 > 욕실수납/정리 > 멀티선반
STD_004082,비누받침/비누곽,STD_004080,4,생활용품 > 욕실용품 > 욕실수납/정리 > 비누받침/비누곽
STD_004083,양치용품 정리,STD_004080,4,생활용품 > 욕실용품 > 욕실수납/정리 > 양치용품 정리
STD_004084,욕실 디스펜서,STD_004080,4,생활용품 > 욕실용품 > 욕실수납/정리 > 욕실 디스펜서
STD_004085,욕실걸이/홀더/휴지걸이,STD_004080,4,생활용품 > 욕실용품 > 욕실수납/정리 > 욕실걸이/홀더/휴지걸이
STD_004086,욕실선반,STD_004080,4,생활용품 > 욕실용품 > 욕실수납/정리 > 욕실선반
STD_004087,욕실수납장,STD_004080,4,생활용품 > 욕실용품 > 욕실수납/정리 > 욕실수납장
STD_004089,욕실용품/잡화,STD_004036,3,생활용품 > 욕실용품 > 욕실용품/잡화
STD_004088,기타 욕실소품,STD_004089,4,생활용품 > 욕실용품 > 욕실용품/잡화 > 기타 욕실소품
STD_004091,수건/타월/가운,STD_004089,4,생활용품 > 욕실용품 > 욕실용품/잡화 > 수건/타월/가운
STD_004090,때수건/샤워타월,STD_004091,5,생활용품 > 욕실용품 > 욕실용품/잡화 > 수건/타월/가운 > 때수건/샤워타월
STD_004092,바스타월,STD_004091,5,생활용품 > 욕실용품 > 욕실용품/잡화 > 수건/타월/가운 > 바스타월
STD_004093,비치타월,STD_004091,5,생활용품 > 욕실용품 > 욕실용품/잡화 > 수건/타월/가운 > 비치타월
STD_004094,샤워가운,STD_004091,5,생활용품 > 욕실용품 > 욕실용품/잡화 > 수건/타월/가운 > 샤워가운
STD_004095,수건,STD_004091,5,생활용품 > 욕실용품 > 욕실용품/잡화 > 수건/타월/가운 > 수건
STD_004096,수건선물세트,STD_004091,5,생활용품 > 욕실용품 > 욕실용품/잡화 > 수건/타월/가운 > 수건선물세트
STD_004097,스포츠타월,STD_004091,5,생활용품 > 욕실용품 > 욕실용품/잡화 > 수건/타월/가운 > 스포츠타월
STD_004098,핸드타월/세수타월,STD_004091,5,생활용품 > 욕실용품 > 욕실용품/잡화 > 수건/타월/가운 > 핸드타월/세수타월
STD_004099,헤어타월/헤어터번,STD_004091,5,생활용품 > 욕실용품 > 욕실용품/잡화 > 수건/타월/가운 > 헤어타월/헤어터번
STD_004101,욕실잡화,STD_004089,4,생활용품 > 욕실용품 > 욕실용품/잡화 > 욕실잡화
STD_004100,대야/바가지/양동이,STD_004101,5,생활용품 > 욕실용품 > 욕실용품/잡화 > 욕실잡화 > 대야/바가지/양동이
STD_004102,목욕가방,STD_004101,5,생활용품 > 욕실용품 > 욕실용품/잡화 > 욕실잡화 > 목욕가방
STD_004103,목욕바구니,STD_004101,5,생활용품 > 욕실용품 > 욕실용품/잡화 > 욕실잡화 > 목욕바구니
STD_004104,목욕베개,STD_004101,5,생활용품 > 욕실용품 > 욕실용품/잡화 > 욕실잡화 > 목욕베개
STD_004105,미끄럼방지매트,STD_004101,5,생활용품 > 욕실용품 > 욕실용품/잡화 > 욕실잡화 > 미끄럼방지매트
STD_004106,바디브러쉬,STD_004101,5,생활용품 > 욕실용품 > 욕실용품/잡화 > 욕실잡화 > 바디브러쉬
STD_004107,온습도계,STD_004101,5,생활용품 > 욕실용품 > 욕실용품/잡화 > 욕실잡화 > 온습도계
STD_004108,욕실디딤대/스탭퍼,STD_004101,5,생활용품 > 욕실용품 > 욕실용품/잡화 > 욕실잡화 > 욕실디딤대/스탭퍼
STD_004109,욕실발판,STD_004101,5,생활용품 > 욕실용품 > 욕실용품/잡화 > 욕실잡화 > 욕실발판
STD_004110,욕실용시계,STD_004101,5,생활용품 > 욕실용품 > 욕실용품/잡화 > 욕실잡화 > 욕실용시계
STD_004111,욕실의자,STD_004101,5,생활용품 > 욕실용품 > 욕실용품/잡화 > 욕실잡화 > 욕실의자
STD_004112,욕실화,STD_004101,5,생활용품 > 욕실용품 > 욕실용품/잡화 > 욕실잡화 > 욕실화
STD_004113,욕조매트,STD_004101,5,생활용품 > 욕실용품 > 욕실용품/잡화 > 욕실잡화 > 욕조매트
STD_004114,욕실의자,STD_004036,3,생활용품 > 욕실용품 > 욕실의자
STD_004115,욕실화,STD_004036,3,생활용품 > 욕실용품 > 욕실화
STD_004117,욕조/좌욕/족욕기,STD_004036,3,생활용품 > 욕실용품 > 욕조/좌욕/족욕기
STD_004116,욕조/반신욕조,STD_004117,4,생활용품 > 욕실용품 > 욕조/좌욕/족욕기 > 욕조/반신욕조
STD_004118,욕조거름망/마개,STD_004117,4,생활용품 > 욕실용품 > 욕조/좌욕/족욕기 > 욕조거름망/마개
STD_004119,욕조덮개/커버,STD_004117,4,생활용품 > 욕실용품 > 욕조/좌욕/족욕기 > 욕조덮개/커버
STD_004120,족욕기,STD_004117,4,생활용품 > 욕실용품 > 욕조/좌욕/족욕기 > 족욕기
STD_004121,좌욕기,STD_004117,4,생활용품 > 욕실용품 > 욕조/좌욕/족욕기 > 좌욕기
STD_004122,칫솔걸이,STD_004036,3,생활용품 > 욕실용품 > 칫솔걸이
STD_004123,휴지걸이,STD_004036,3,생활용품 > 욕실용품 > 휴지걸이
STD_004125,욕실인테리어,STD_003216,2,생활용품 > 욕실인테리어
STD_004124,샤워부스,STD_004125,3,생활용품 > 욕실인테리어 > 샤워부스
STD_004126,세면기,STD_004125,3,생활용품 > 욕실인테리어 > 세면기
STD_004127,양변기,STD_004125,3,생활용품 > 욕실인테리어 > 양변기
STD_004128,욕실거울,STD_004125,3,생활용품 > 욕실인테리어 > 욕실거울
STD_004129,욕실리모델링/시공,STD_004125,3,생활용품 > 욕실인테리어 > 욕실리모델링/시공
STD_004130,욕실선반,STD_004125,3,생활용품 > 욕실인테리어 > 욕실선반
STD_004131,욕실수납장,STD_004125,3,생활용품 > 욕실인테리어 > 욕실수납장
STD_004132,욕조,STD_004125,3,생활용품 > 욕실인테리어 > 욕조
STD_004133,욕조덮개,STD_004125,3,생활용품 > 욕실인테리어 > 욕조덮개
STD_004136,의료/간호용품,STD_003216,2,생활용품 > 의료/간호용품
STD_004135,가정의료용품,STD_004136,3,생활용품 > 의료/간호용품 > 가정의료용품
STD_004134,가위/핀셋,STD_004135,4,생활용품 > 의료/간호용품 > 가정의료용품 > 가위/핀셋
STD_004137,귀이개 세트,STD_004135,4,생활용품 > 의료/간호용품 > 가정의료용품 > 귀이개 세트
STD_004138,기타가정의료용품,STD_004135,4,생활용품 > 의료/간호용품 > 가정의료용품 > 기타가정의료용품
STD_004139,멸균면봉/귀이개,STD_004135,4,생활용품 > 의료/간호용품 > 가정의료용품 > 멸균면봉/귀이개
STD_004140,반창고/밴드,STD_004135,4,생활용품 > 의료/간호용품 > 가정의료용품 > 반창고/밴드
STD_004141,상처소독/연고,STD_004135,4,생활용품 > 의료/간호용품 > 가정의료용품 > 상처소독/연고
STD_004142,알콜솜/거즈/붕대,STD_004135,4,생활용품 > 의료/간호용품 > 가정의료용품 > 알콜솜/거즈/붕대
STD_004143,약통/구급함,STD_004135,4,생활용품 > 의료/간호용품 > 가정의료용품 > 약통/구급함
STD_004144,재생밴드,STD_004135,4,생활용품 > 의료/간호용품 > 가정의료용품 > 재생밴드
STD_004145,파스/스프레이파스,STD_004135,4,생활용품 > 의료/간호용품 > 가정의료용품 > 파스/스프레이파스
STD_004147,병원/의료용품,STD_004136,3,생활용품 > 의료/간호용품 > 병원/의료용품
STD_004146,건강검진용품,STD_004147,4,생활용품 > 의료/간호용품 > 병원/의료용품 > 건강검진용품
STD_004148,기타병원용품,STD_004147,4,생활용품 > 의료/간호용품 > 병원/의료용품 > 기타병원용품
STD_004149,기타의료기기,STD_004147,4,생활용품 > 의료/간호용품 > 병원/의료용품 > 기타의료기기
STD_004150,병원/환자침대,STD_004147,4,생활용품 > 의료/간호용품 > 병원/의료용품 > 병원/환자침대
STD_004151,보청기,STD_004147,4,생활용품 > 의료/간호용품 > 병원/의료용품 > 보청기
STD_004152,유린백/소변백,STD_004147,4,생활용품 > 의료/간호용품 > 병원/의료용품 > 유린백/소변백
STD_004153,응급구조용품,STD_004147,4,생활용품 > 의료/간호용품 > 병원/의료용품 > 응급구조용품
STD_004154,저주파치료기,STD_004147,4,생활용품 > 의료/간호용품 > 병원/의료용품 > 저주파치료기
STD_004155,적외선치료기,STD_004147,4,생활용품 > 의료/간호용품 > 병원/의료용품 > 적외선치료기
STD_004156,청진기,STD_004147,4,생활용품 > 의료/간호용품 > 병원/의료용품 > 청진기
STD_004158,환자보조용품,STD_004136,3,생활용품 > 의료/간호용품 > 환자보조용품
STD_004157,기브스방수커버,STD_004158,4,생활용품 > 의료/간호용품 > 환자보조용품 > 기브스방수커버
STD_004159,세발기,STD_004158,4,생활용품 > 의료/간호용품 > 환자보조용품 > 세발기
STD_004160,요강/소변통,STD_004158,4,생활용품 > 의료/간호용품 > 환자보조용품 > 요강/소변통
STD_004161,재활운동용품,STD_004158,4,생활용품 > 의료/간호용품 > 환자보조용품 > 재활운동용품
STD_004162,환자턱받이/앞치마,STD_004158,4,생활용품 > 의료/간호용품 > 환자보조용품 > 환자턱받이/앞치마
STD_004163,휴대용변기,STD_004158,4,생활용품 > 의료/간호용품 > 환자보조용품 > 휴대용변기
STD_004165,접착용품,STD_003216,2,생활용품 > 접착용품
STD_004164,글루건/심,STD_004165,3,생활용품 > 접착용품 > 글루건/심
STD_004166,기타특수접착제,STD_004165,3,생활용품 > 접착용품 > 기타특수접착제
STD_004167,다용도본드,STD_004165,3,생활용품 > 접착용품 > 다용도본드
STD_004168,목공용본드,STD_004165,3,생활용품 > 접착용품 > 목공용본드
STD_004169,순간접착제,STD_004165,3,생활용품 > 접착용품 > 순간접착제
STD_004170,스프레이접착제,STD_004165,3,생활용품 > 접착용품 > 스프레이접착제
STD_004171,에폭시/수지경화제,STD_004165,3,생활용품 > 접착용품 > 에폭시/수지경화제
STD_004172,접착제제거제,STD_004165,3,생활용품 > 접착용품 > 접착제제거제
STD_004174,테이프,STD_004165,3,생활용품 > 접착용품 > 테이프
STD_004173,기타용도 테이프,STD_004174,4,생활용품 > 접착용품 > 테이프 > 기타용도 테이프
STD_004175,마스킹테이프,STD_004174,4,생활용품 > 접착용품 > 테이프 > 마스킹테이프
STD_004176,미끄럼방지 테이프,STD_004174,4,생활용품 > 접착용품 > 테이프 > 미끄럼방지 테이프
STD_004177,박스테이프,STD_004174,4,생활용품 > 접착용품 > 테이프 > 박스테이프
STD_004178,사무용테이프,STD_004174,4,생활용품 > 접착용품 > 테이프 > 사무용테이프
STD_004179,알루미늄테이프,STD_004174,4,생활용품 > 접착용품 > 테이프 > 알루미늄테이프
STD_004180,양면테이프,STD_004174,4,생활용품 > 접착용품 > 테이프 > 양면테이프
STD_004181,절연테이프,STD_004174,4,생활용품 > 접착용품 > 테이프 > 절연테이프
STD_004182,청테이프/덕트테이프,STD_004174,4,생활용품 > 접착용품 > 테이프 > 청테이프/덕트테이프
STD_004183,테이프커터/디스펜서,STD_004174,4,생활용품 > 접착용품 > 테이프 > 테이프커터/디스펜서
STD_004184,테프론테이프,STD_004174,4,생활용품 > 접착용품 > 테이프 > 테프론테이프
STD_004187,조명/전기용품,STD_003216,2,생활용품 > 조명/전기용품
STD_004186,건전지,STD_004187,3,생활용품 > 조명/전기용품 > 건전지
STD_004185,AAA건전지,STD_004186,4,생활용품 > 조명/전기용품 > 건전지 > AAA건전지
STD_004188,AA건전지,STD_004186,4,생활용품 > 조명/전기용품 > 건전지 > AA건전지
STD_004189,건전지충전기,STD_004186,4,생활용품 > 조명/전기용품 > 건전지 > 건전지충전기
STD_004190,멀티배터리/대형배터리,STD_004186,4,생활용품 > 조명/전기용품 > 건전지 > 멀티배터리/대형배터리
STD_004191,차량용배터리,STD_004186,4,생활용품 > 조명/전기용품 > 건전지 > 차량용배터리
STD_004192,충전지,STD_004186,4,생활용품 > 조명/전기용품 > 건전지 > 충전지
STD_004193,코인건전지,STD_004186,4,생활용품 > 조명/전기용품 > 건전지 > 코인건전지
STD_004194,"특수건전지(C,D,V형)",STD_004186,4,"생활용품 > 조명/전기용품 > 건전지 > 특수건전지(C,D,V형)"
STD_004196,멀티탭/연장선,STD_004187,3,생활용품 > 조명/전기용품 > 멀티탭/연장선
STD_004195,멀티탭 T자,STD_004196,4,생활용품 > 조명/전기용품 > 멀티탭/연장선 > 멀티탭 T자
STD_004197,멀티탭 전선형,STD_004196,4,생활용품 > 조명/전기용품 > 멀티탭/연장선 > 멀티탭 전선형
STD_004198,전기연장선/릴선,STD_004196,4,생활용품 > 조명/전기용품 > 멀티탭/연장선 > 전기연장선/릴선
STD_004199,손전등/랜턴,STD_004187,3,생활용품 > 조명/전기용품 > 손전등/랜턴
STD_004201,전구/형광등,STD_004187,3,생활용품 > 조명/전기용품 > 전구/형광등
STD_004200,LED전구,STD_004201,4,생활용품 > 조명/전기용품 > 전구/형광등 > LED전구
STD_004202,백열등/백열전구,STD_004201,4,생활용품 > 조명/전기용품 > 전구/형광등 > 백열등/백열전구
STD_004203,삼파장전구,STD_004201,4,생활용품 > 조명/전기용품 > 전구/형광등 > 삼파장전구
STD_004204,인테리어전구/에디슨전구,STD_004201,4,생활용품 > 조명/전기용품 > 전구/형광등 > 인테리어전구/에디슨전구
STD_004205,컬러/야광전구/특수램프,STD_004201,4,생활용품 > 조명/전기용품 > 전구/형광등 > 컬러/야광전구/특수램프
STD_004206,할로겐램프,STD_004201,4,생활용품 > 조명/전기용품 > 전구/형광등 > 할로겐램프
STD_004207,형광등,STD_004201,4,생활용품 > 조명/전기용품 > 전구/형광등 > 형광등
STD_004209,전기설비자재,STD_004187,3,생활용품 > 조명/전기용품 > 전기설비자재
STD_004208,기타 브라켓/거치대,STD_004209,4,생활용품 > 조명/전기용품 > 전기설비자재 > 기타 브라켓/거치대
STD_004210,기타 전기설비부자재,STD_004209,4,생활용품 > 조명/전기용품 > 전기설비자재 > 기타 전기설비부자재
STD_004211,스위치,STD_004209,4,생활용품 > 조명/전기용품 > 전기설비자재 > 스위치
STD_004212,스위치부속품,STD_004209,4,생활용품 > 조명/전기용품 > 전기설비자재 > 스위치부속품
STD_004213,전기차단기/두꺼비집,STD_004209,4,생활용품 > 조명/전기용품 > 전기설비자재 > 전기차단기/두꺼비집
STD_004214,전선 (플러그없음),STD_004209,4,생활용품 > 조명/전기용품 > 전기설비자재 > 전선 (플러그없음)
STD_004215,콘센트(설치용),STD_004209,4,생활용품 > 조명/전기용품 > 전기설비자재 > 콘센트(설치용)
STD_004216,콘센트덮개/커버,STD_004209,4,생활용품 > 조명/전기용품 > 전기설비자재 > 콘센트덮개/커버
STD_004217,콘센트설치부속품,STD_004209,4,생활용품 > 조명/전기용품 > 전기설비자재 > 콘센트설치부속품
STD_004219,조명부자재,STD_004187,3,생활용품 > 조명/전기용품 > 조명부자재
STD_004218,LED모듈/조명모듈,STD_004219,4,생활용품 > 조명/전기용품 > 조명부자재 > LED모듈/조명모듈
STD_004220,LED전광판,STD_004219,4,생활용품 > 조명/전기용품 > 조명부자재 > LED전광판
STD_004221,등기구/투광기/실링팬,STD_004219,4,생활용품 > 조명/전기용품 > 조명부자재 > 등기구/투광기/실링팬
STD_004222,레일지지대/레일플러그,STD_004219,4,생활용품 > 조명/전기용품 > 조명부자재 > 레일지지대/레일플러그
STD_004223,센서등/매입등,STD_004219,4,생활용품 > 조명/전기용품 > 조명부자재 > 센서등/매입등
STD_004224,소켓/연장소켓,STD_004219,4,생활용품 > 조명/전기용품 > 조명부자재 > 소켓/연장소켓
STD_004225,스타터(초크다마),STD_004219,4,생활용품 > 조명/전기용품 > 조명부자재 > 스타터(초크다마)
STD_004226,조명 설치부자재,STD_004219,4,생활용품 > 조명/전기용품 > 조명부자재 > 조명 설치부자재
STD_004227,조명용 레일,STD_004219,4,생활용품 > 조명/전기용품 > 조명부자재 > 조명용 레일
STD_004228,컨버터/조명안정기,STD_004219,4,생활용품 > 조명/전기용품 > 조명부자재 > 컨버터/조명안정기
STD_004230,플러그/어댑터,STD_004187,3,생활용품 > 조명/전기용품 > 플러그/어댑터
STD_004229,어댑터/여행용어댑터,STD_004230,4,생활용품 > 조명/전기용품 > 플러그/어댑터 > 어댑터/여행용어댑터
STD_004231,플러그,STD_004230,4,생활용품 > 조명/전기용품 > 플러그/어댑터 > 플러그
STD_004233,철물,STD_003216,2,생활용품 > 철물
STD_004232,경첩/꺽쇠,STD_004233,3,생활용품 > 철물 > 경첩/꺽쇠
STD_004234,기타철물,STD_004233,3,생활용품 > 철물 > 기타철물
STD_004235,기타체결도구,STD_004233,3,생활용품 > 철물 > 기타체결도구
STD_004236,나사/못 세트,STD_004233,3,생활용품 > 철물 > 나사/못 세트
STD_004237,나사/앙카,STD_004233,3,생활용품 > 철물 > 나사/앙카
STD_004238,노끈,STD_004233,3,생활용품 > 철물 > 노끈
STD_004239,다이스,STD_004233,3,생활용품 > 철물 > 다이스
STD_004240,못/콘크리트못,STD_004233,3,생활용품 > 철물 > 못/콘크리트못
STD_004241,볼트/너트,STD_004233,3,생활용품 > 철물 > 볼트/너트
STD_004242,사포/샌딩스펀지,STD_004233,3,생활용품 > 철물 > 사포/샌딩스펀지
STD_004243,쇠사슬/체인,STD_004233,3,생활용품 > 철물 > 쇠사슬/체인
STD_004244,스프링/용수철,STD_004233,3,생활용품 > 철물 > 스프링/용수철
STD_004246,자물쇠,STD_004233,3,생활용품 > 철물 > 자물쇠
STD_004245,기타자물쇠,STD_004246,4,생활용품 > 철물 > 자물쇠 > 기타자물쇠
STD_004247,다이얼자물쇠,STD_004246,4,생활용품 > 철물 > 자물쇠 > 다이얼자물쇠
STD_004248,열쇠자물쇠,STD_004246,4,생활용품 > 철물 > 자물쇠 > 열쇠자물쇠
STD_004249,철사,STD_004233,3,생활용품 > 철물 > 철사
STD_004251,청소용품,STD_003216,2,생활용품 > 청소용품
STD_004250,걸레,STD_004251,3,생활용품 > 청소용품 > 걸레
STD_004253,걸레/밀대/청소포,STD_004251,3,생활용품 > 청소용품 > 걸레/밀대/청소포
STD_004252,마대/대걸레,STD_004253,4,생활용품 > 청소용품 > 걸레/밀대/청소포 > 마대/대걸레
STD_004254,밀대/청소포,STD_004253,4,생활용품 > 청소용품 > 걸레/밀대/청소포 > 밀대/청소포
STD_004255,손걸레/청소봉,STD_004253,4,생활용품 > 청소용품 > 걸레/밀대/청소포 > 손걸레/청소봉
STD_004256,일회용청소포,STD_004253,4,생활용품 > 청소용품 > 걸레/밀대/청소포 > 일회용청소포
STD_004257,짤순이/탈수기,STD_004253,4,생활용품 > 청소용품 > 걸레/밀대/청소포 > 짤순이/탈수기
STD_004258,청소슬리퍼,STD_004253,4,생활용품 > 청소용품 > 걸레/밀대/청소포 > 청소슬리퍼
STD_004259,청소장갑,STD_004253,4,생활용품 > 청소용품 > 걸레/밀대/청소포 > 청소장갑
STD_004260,회전밀대/회전탈수,STD_004253,4,생활용품 > 청소용품 > 걸레/밀대/청소포 > 회전밀대/회전탈수
STD_004261,기타청소용품,STD_004251,3,생활용품 > 청소용품 > 기타청소용품
STD_004262,매직블럭,STD_004251,3,생활용품 > 청소용품 > 매직블럭
STD_004263,먼지떨이/먼지제거기,STD_004251,3,생활용품 > 청소용품 > 먼지떨이/먼지제거기
STD_004265,먼지제거/클리너,STD_004251,3,생활용품 > 청소용품 > 먼지제거/클리너
STD_004264,먼지제거브러쉬,STD_004265,4,생활용품 > 청소용품 > 먼지제거/클리너 > 먼지제거브러쉬
STD_004266,먼지제거젤,STD_004265,4,생활용품 > 청소용품 > 먼지제거/클리너 > 먼지제거젤
STD_004267,먼지털이,STD_004265,4,생활용품 > 청소용품 > 먼지제거/클리너 > 먼지털이
STD_004268,스펀지클리너,STD_004265,4,생활용품 > 청소용품 > 먼지제거/클리너 > 스펀지클리너
STD_004269,테이프클리너,STD_004265,4,생활용품 > 청소용품 > 먼지제거/클리너 > 테이프클리너
STD_004270,물호스/릴호스/분사기,STD_004251,3,생활용품 > 청소용품 > 물호스/릴호스/분사기
STD_004271,밀대,STD_004251,3,생활용품 > 청소용품 > 밀대
STD_004272,분리수거함,STD_004251,3,생활용품 > 청소용품 > 분리수거함
STD_004273,빗자루/쓰레받기,STD_004251,3,생활용품 > 청소용품 > 빗자루/쓰레받기
STD_004274,도로비/개량비,STD_004273,4,생활용품 > 청소용품 > 빗자루/쓰레받기 > 도로비/개량비
STD_004275,빗자루,STD_004273,4,생활용품 > 청소용품 > 빗자루/쓰레받기 > 빗자루
STD_004276,빗자루쓰레받기세트,STD_004273,4,생활용품 > 청소용품 > 빗자루/쓰레받기 > 빗자루쓰레받기세트
STD_004277,쓰레받기,STD_004273,4,생활용품 > 청소용품 > 빗자루/쓰레받기 > 쓰레받기
STD_004278,유리 청소용품,STD_004251,3,생활용품 > 청소용품 > 유리 청소용품
STD_004279,유리닦이용품,STD_004251,3,생활용품 > 청소용품 > 유리닦이용품
STD_004280,음식물쓰레기통,STD_004251,3,생활용품 > 청소용품 > 음식물쓰레기통
STD_004281,청소 바퀴의자,STD_004251,3,생활용품 > 청소용품 > 청소 바퀴의자
STD_004282,청소솔,STD_004251,3,생활용품 > 청소용품 > 청소솔
STD_004283,청소솔/스틱,STD_004251,3,생활용품 > 청소용품 > 청소솔/스틱
STD_004284,청소포/패드,STD_004251,3,생활용품 > 청소용품 > 청소포/패드
STD_004285,테이프클리너,STD_004251,3,생활용품 > 청소용품 > 테이프클리너
STD_004286,휴지통,STD_004251,3,생활용품 > 청소용품 > 휴지통
STD_004288,휴지통/분리수거함,STD_004251,3,생활용품 > 청소용품 > 휴지통/분리수거함
STD_004287,분리수거함,STD_004288,4,생활용품 > 청소용품 > 휴지통/분리수거함 > 분리수거함
STD_004289,휴지통,STD_004288,4,생활용품 > 청소용품 > 휴지통/분리수거함 > 휴지통
STD_004291,탈취/방향/제습제,STD_003216,2,생활용품 > 탈취/방향/제습제
STD_004290,공기정화용숯,STD_004291,3,생활용품 > 탈취/방향/제습제 > 공기정화용숯
STD_004292,냉장고탈취제,STD_004291,3,생활용품 > 탈취/방향/제습제 > 냉장고탈취제
STD_004293,새집증후군제거제,STD_004291,3,생활용품 > 탈취/방향/제습제 > 새집증후군제거제
STD_004294,섬유탈취제,STD_004291,3,생활용품 > 탈취/방향/제습제 > 섬유탈취제
STD_004295,신발탈취제,STD_004291,3,생활용품 > 탈취/방향/제습제 > 신발탈취제
STD_004296,실내용방향제,STD_004291,3,생활용품 > 탈취/방향/제습제 > 실내용방향제
STD_004297,실내용탈취제,STD_004291,3,생활용품 > 탈취/방향/제습제 > 실내용탈취제
STD_004298,옷장탈취제,STD_004291,3,생활용품 > 탈취/방향/제습제 > 옷장탈취제
STD_004299,제습제,STD_004291,3,생활용품 > 탈취/방향/제습제 > 제습제
STD_004301,해충퇴치용품,STD_003216,2,생활용품 > 해충퇴치용품
STD_004300,기타해충퇴치용품,STD_004301,3,생활용품 > 해충퇴치용품 > 기타해충퇴치용품
STD_004302,모기장,STD_004301,3,생활용품 > 해충퇴치용품 > 모기장
STD_004303,방충망,STD_004301,3,생활용품 > 해충퇴치용품 > 방충망
STD_004304,전기모기채,STD_004301,3,생활용품 > 해충퇴치용품 > 전기모기채
STD_004306,화장지/물티슈,STD_003216,2,생활용품 > 화장지/물티슈
STD_004305,화장지/제지세트,STD_004306,3,생활용품 > 화장지/물티슈 > 화장지/제지세트
STD_004308,화장지/티슈,STD_004306,3,생활용품 > 화장지/물티슈 > 화장지/티슈
STD_004307,각티슈/미용티슈,STD_004308,4,생활용품 > 화장지/물티슈 > 화장지/티슈 > 각티슈/미용티슈
STD_004309,고급롤화장지(3겹이상),STD_004308,4,생활용품 > 화장지/물티슈 > 화장지/티슈 > 고급롤화장지(3겹이상)
STD_004310,물티슈,STD_004308,4,생활용품 > 화장지/물티슈 > 화장지/티슈 > 물티슈
STD_004311,비데티슈,STD_004308,4,생활용품 > 화장지/물티슈 > 화장지/티슈 > 비데티슈
STD_004312,손소독티슈,STD_004308,4,생활용품 > 화장지/물티슈 > 화장지/티슈 > 손소독티슈
STD_004313,여행용/포켓티슈,STD_004308,4,생활용품 > 화장지/물티슈 > 화장지/티슈 > 여행용/포켓티슈
STD_004314,일반롤화장지(2겹),STD_004308,4,생활용품 > 화장지/물티슈 > 화장지/티슈 > 일반롤화장지(2겹)
STD_004315,일회용핸드타올,STD_004308,4,생활용품 > 화장지/물티슈 > 화장지/티슈 > 일회용핸드타올
STD_004316,점보롤,STD_004308,4,생활용품 > 화장지/물티슈 > 화장지/티슈 > 점보롤
STD_004318,키친타올,STD_004308,4,생활용품 > 화장지/물티슈 > 화장지/티슈 > 키친타올
STD_004317,각키친타올,STD_004318,5,생활용품 > 화장지/물티슈 > 화장지/티슈 > 키친타올 > 각키친타올
STD_004319,롤키친타올,STD_004318,5,생활용품 > 화장지/물티슈 > 화장지/티슈 > 키친타올 > 롤키친타올
STD_004320,빨아쓰는/행주용타올,STD_004318,5,생활용품 > 화장지/물티슈 > 화장지/티슈 > 키친타올 > 빨아쓰는/행주용타올
STD_004323,수납/생활잡화,ROOT,1,수납/생활잡화
STD_004322,방풍/방음/방충용품,STD_004323,2,수납/생활잡화 > 방풍/방음/방충용품
STD_004321,단열시트,STD_004322,3,수납/생활잡화 > 방풍/방음/방충용품 > 단열시트
STD_004324,모기장/방충망,STD_004322,3,수납/생활잡화 > 방풍/방음/방충용품 > 모기장/방충망
STD_004325,방음재,STD_004322,3,수납/생활잡화 > 방풍/방음/방충용품 > 방음재
STD_004326,방풍비닐,STD_004322,3,수납/생활잡화 > 방풍/방음/방충용품 > 방풍비닐
STD_004327,보온/난방텐트,STD_004322,3,수납/생활잡화 > 방풍/방음/방충용품 > 보온/난방텐트
STD_004328,전기모기채,STD_004322,3,수납/생활잡화 > 방풍/방음/방충용품 > 전기모기채
STD_004329,틈막이,STD_004322,3,수납/생활잡화 > 방풍/방음/방충용품 > 틈막이
STD_004331,생활잡화,STD_004323,2,수납/생활잡화 > 생활잡화
STD_004330,기타생활잡화,STD_004331,3,수납/생활잡화 > 생활잡화 > 기타생활잡화
STD_004332,돗자리/피크닉매트,STD_004331,3,수납/생활잡화 > 생활잡화 > 돗자리/피크닉매트
STD_004333,부채,STD_004331,3,수납/생활잡화 > 생활잡화 > 부채
STD_004334,분무기,STD_004331,3,수납/생활잡화 > 생활잡화 > 분무기
STD_004335,소음방지용품,STD_004331,3,수납/생활잡화 > 생활잡화 > 소음방지용품
STD_004336,업소용현관매트,STD_004331,3,수납/생활잡화 > 생활잡화 > 업소용현관매트
STD_004337,우비,STD_004331,3,수납/생활잡화 > 생활잡화 > 우비
STD_004338,장바구니/핸드카트,STD_004331,3,수납/생활잡화 > 생활잡화 > 장바구니/핸드카트
STD_004339,태극기/깃발,STD_004331,3,수납/생활잡화 > 생활잡화 > 태극기/깃발
STD_004341,핫팩/아이스팩,STD_004331,3,수납/생활잡화 > 생활잡화 > 핫팩/아이스팩
STD_004340,손난로/핫팩,STD_004341,4,수납/생활잡화 > 생활잡화 > 핫팩/아이스팩 > 손난로/핫팩
STD_004342,아이스팩,STD_004341,4,수납/생활잡화 > 생활잡화 > 핫팩/아이스팩 > 아이스팩
STD_004343,얼음주머니,STD_004341,4,수납/생활잡화 > 생활잡화 > 핫팩/아이스팩 > 얼음주머니
STD_004344,확대경,STD_004331,3,수납/생활잡화 > 생활잡화 > 확대경
STD_004346,수납/정리용품,STD_004323,2,수납/생활잡화 > 수납/정리용품
STD_004345,리빙박스,STD_004346,3,수납/생활잡화 > 수납/정리용품 > 리빙박스
STD_004347,바구니/바스켓,STD_004346,3,수납/생활잡화 > 수납/정리용품 > 바구니/바스켓
STD_004348,벽선반/코너선반,STD_004346,3,수납/생활잡화 > 수납/정리용품 > 벽선반/코너선반
STD_004349,선반/진열대,STD_004346,3,수납/생활잡화 > 수납/정리용품 > 선반/진열대
STD_004350,속옷정리함,STD_004346,3,수납/생활잡화 > 수납/정리용품 > 속옷정리함
STD_004351,신발장/거치대,STD_004346,3,수납/생활잡화 > 수납/정리용품 > 신발장/거치대
STD_004352,압축팩,STD_004346,3,수납/생활잡화 > 수납/정리용품 > 압축팩
STD_004353,우산꽂이,STD_004346,3,수납/생활잡화 > 수납/정리용품 > 우산꽂이
STD_004354,의류/행거커버,STD_004346,3,수납/생활잡화 > 수납/정리용품 > 의류/행거커버
STD_004355,트롤리,STD_004346,3,수납/생활잡화 > 수납/정리용품 > 트롤리
STD_004356,플라스틱서랍장,STD_004346,3,수납/생활잡화 > 수납/정리용품 > 플라스틱서랍장
STD_004358,포장용품,STD_004323,2,수납/생활잡화 > 포장용품
STD_004357,고무줄/포장끈,STD_004358,3,수납/생활잡화 > 포장용품 > 고무줄/포장끈
STD_004359,박스테이프,STD_004358,3,수납/생활잡화 > 포장용품 > 박스테이프
STD_004360,비닐봉투,STD_004358,3,수납/생활잡화 > 포장용품 > 비닐봉투
STD_004361,쇼핑백/종이봉투,STD_004358,3,수납/생활잡화 > 포장용품 > 쇼핑백/종이봉투
STD_004362,에어캡/완충재,STD_004358,3,수납/생활잡화 > 포장용품 > 에어캡/완충재
STD_004363,우산포장기,STD_004358,3,수납/생활잡화 > 포장용품 > 우산포장기
STD_004364,택배/이사박스,STD_004358,3,수납/생활잡화 > 포장용품 > 택배/이사박스
STD_004365,테이프커터,STD_004358,3,수납/생활잡화 > 포장용품 > 테이프커터
STD_004367,행거/소품걸이,STD_004323,2,수납/생활잡화 > 행거/소품걸이
STD_004366,고정식행거,STD_004367,3,수납/생활잡화 > 행거/소품걸이 > 고정식행거
STD_004368,긴팔집게/신발집게,STD_004367,3,수납/생활잡화 > 행거/소품걸이 > 긴팔집게/신발집게
STD_004369,도어행거,STD_004367,3,수납/생활잡화 > 행거/소품걸이 > 도어행거
STD_004370,스탠드행거,STD_004367,3,수납/생활잡화 > 행거/소품걸이 > 스탠드행거
STD_004371,압축봉/행거부속품,STD_004367,3,수납/생활잡화 > 행거/소품걸이 > 압축봉/행거부속품
STD_004372,옷걸이,STD_004367,3,수납/생활잡화 > 행거/소품걸이 > 옷걸이
STD_004373,이동식행거,STD_004367,3,수납/생활잡화 > 행거/소품걸이 > 이동식행거
STD_004374,치마/바지걸이,STD_004367,3,수납/생활잡화 > 행거/소품걸이 > 치마/바지걸이
STD_004375,후크/잡화걸이,STD_004367,3,수납/생활잡화 > 행거/소품걸이 > 후크/잡화걸이
STD_004378,수입 명품,ROOT,1,수입 명품
STD_004377,리퍼브/중고명품,STD_004378,2,수입 명품 > 리퍼브/중고명품
STD_004376,명품맨즈백/백팩,STD_004377,3,수입 명품 > 리퍼브/중고명품 > 명품맨즈백/백팩
STD_004379,명품슈즈,STD_004377,3,수입 명품 > 리퍼브/중고명품 > 명품슈즈
STD_004380,명품시계/쥬얼리,STD_004377,3,수입 명품 > 리퍼브/중고명품 > 명품시계/쥬얼리
STD_004381,명품의류/잡화,STD_004377,3,수입 명품 > 리퍼브/중고명품 > 명품의류/잡화
STD_004382,명품핸드백/지갑,STD_004377,3,수입 명품 > 리퍼브/중고명품 > 명품핸드백/지갑
STD_004384,명품 남성가방,STD_004378,2,수입 명품 > 명품 남성가방
STD_004383,백팩,STD_004384,3,수입 명품 > 명품 남성가방 > 백팩
STD_004385,크로스백,STD_004384,3,수입 명품 > 명품 남성가방 > 크로스백
STD_004386,토트백,STD_004384,3,수입 명품 > 명품 남성가방 > 토트백
STD_004387,명품 벨트,STD_004378,2,수입 명품 > 명품 벨트
STD_004389,명품 슈즈,STD_004378,2,수입 명품 > 명품 슈즈
STD_004388,남성 구두/부츠,STD_004389,3,수입 명품 > 명품 슈즈 > 남성 구두/부츠
STD_004390,남성 샌들,STD_004389,3,수입 명품 > 명품 슈즈 > 남성 샌들
STD_004391,남성 스니커즈,STD_004389,3,수입 명품 > 명품 슈즈 > 남성 스니커즈
STD_004392,남성 슬립온,STD_004389,3,수입 명품 > 명품 슈즈 > 남성 슬립온
STD_004393,여성 구두/부츠,STD_004389,3,수입 명품 > 명품 슈즈 > 여성 구두/부츠
STD_004394,여성 샌들,STD_004389,3,수입 명품 > 명품 슈즈 > 여성 샌들
STD_004395,여성 스니커즈,STD_004389,3,수입 명품 > 명품 슈즈 > 여성 스니커즈
STD_004396,여성 슬립온,STD_004389,3,수입 명품 > 명품 슈즈 > 여성 슬립온
STD_004398,명품 시계,STD_004378,2,수입 명품 > 명품 시계
STD_004397,남녀공용 시계,STD_004398,3,수입 명품 > 명품 시계 > 남녀공용 시계
STD_004399,남성 시계,STD_004398,3,수입 명품 > 명품 시계 > 남성 시계
STD_004400,여성 시계,STD_004398,3,수입 명품 > 명품 시계 > 여성 시계
STD_004402,명품 여성가방,STD_004378,2,수입 명품 > 명품 여성가방
STD_004401,백팩,STD_004402,3,수입 명품 > 명품 여성가방 > 백팩
STD_004403,보스톤백,STD_004402,3,수입 명품 > 명품 여성가방 > 보스톤백
STD_004404,숄더백,STD_004402,3,수입 명품 > 명품 여성가방 > 숄더백
STD_004405,크로스백,STD_004402,3,수입 명품 > 명품 여성가방 > 크로스백
STD_004406,클러치/미니백,STD_004402,3,수입 명품 > 명품 여성가방 > 클러치/미니백
STD_004407,토트/핸드백,STD_004402,3,수입 명품 > 명품 여성가방 > 토트/핸드백
STD_004408,파우치백,STD_004402,3,수입 명품 > 명품 여성가방 > 파우치백
STD_004410,명품 의류,STD_004378,2,수입 명품 > 명품 의류
STD_004409,남성 상의,STD_004410,3,수입 명품 > 명품 의류 > 남성 상의
STD_004411,남성 아우터,STD_004410,3,수입 명품 > 명품 의류 > 남성 아우터
STD_004412,남성 하의,STD_004410,3,수입 명품 > 명품 의류 > 남성 하의
STD_004413,여성 상의,STD_004410,3,수입 명품 > 명품 의류 > 여성 상의
STD_004414,여성 아우터,STD_004410,3,수입 명품 > 명품 의류 > 여성 아우터
STD_004415,여성 원피스,STD_004410,3,수입 명품 > 명품 의류 > 여성 원피스
STD_004416,여성 하의,STD_004410,3,수입 명품 > 명품 의류 > 여성 하의
STD_004418,명품 잡화,STD_004378,2,수입 명품 > 명품 잡화
STD_004417,넥타이/타이핀,STD_004418,3,수입 명품 > 명품 잡화 > 넥타이/타이핀
STD_004419,머플러/손수건,STD_004418,3,수입 명품 > 명품 잡화 > 머플러/손수건
STD_004420,명품 소품,STD_004418,3,수입 명품 > 명품 잡화 > 명품 소품
STD_004421,모자/장갑,STD_004418,3,수입 명품 > 명품 잡화 > 모자/장갑
STD_004422,양말/스타킹,STD_004418,3,수입 명품 > 명품 잡화 > 양말/스타킹
STD_004423,헤어악세사리,STD_004418,3,수입 명품 > 명품 잡화 > 헤어악세사리
STD_004425,명품 지갑/벨트,STD_004378,2,수입 명품 > 명품 지갑/벨트
STD_004424,남성 벨트,STD_004425,3,수입 명품 > 명품 지갑/벨트 > 남성 벨트
STD_004426,남성 지갑,STD_004425,3,수입 명품 > 명품 지갑/벨트 > 남성 지갑
STD_004427,머니클립,STD_004425,3,수입 명품 > 명품 지갑/벨트 > 머니클립
STD_004428,여성 벨트,STD_004425,3,수입 명품 > 명품 지갑/벨트 > 여성 벨트
STD_004429,여성 지갑,STD_004425,3,수입 명품 > 명품 지갑/벨트 > 여성 지갑
STD_004430,카드/명함지갑,STD_004425,3,수입 명품 > 명품 지갑/벨트 > 카드/명함지갑
STD_004431,키홀더,STD_004425,3,수입 명품 > 명품 지갑/벨트 > 키홀더
STD_004434,수입명품,ROOT,1,수입명품
STD_004433,명품 남성가방,STD_004434,2,수입명품 > 명품 남성가방
STD_004432,백팩,STD_004433,3,수입명품 > 명품 남성가방 > 백팩
STD_004435,숄더/크로스백,STD_004433,3,수입명품 > 명품 남성가방 > 숄더/크로스백
STD_004436,여행가방,STD_004433,3,수입명품 > 명품 남성가방 > 여행가방
STD_004437,토트백,STD_004433,3,수입명품 > 명품 남성가방 > 토트백
STD_004439,명품 시계,STD_004434,2,수입명품 > 명품 시계
STD_004438,남성용,STD_004439,3,수입명품 > 명품 시계 > 남성용
STD_004440,남여공용,STD_004439,3,수입명품 > 명품 시계 > 남여공용
STD_004441,여성용,STD_004439,3,수입명품 > 명품 시계 > 여성용
STD_004443,명품 신발,STD_004434,2,수입명품 > 명품 신발
STD_004442,남성화,STD_004443,3,수입명품 > 명품 신발 > 남성화
STD_004444,스니커즈/운동화,STD_004443,3,수입명품 > 명품 신발 > 스니커즈/운동화
STD_004445,여성화,STD_004443,3,수입명품 > 명품 신발 > 여성화
STD_004447,명품 여성가방,STD_004434,2,수입명품 > 명품 여성가방
STD_004446,백팩,STD_004447,3,수입명품 > 명품 여성가방 > 백팩
STD_004448,숄더백,STD_004447,3,수입명품 > 명품 여성가방 > 숄더백
STD_004449,크로스백,STD_004447,3,수입명품 > 명품 여성가방 > 크로스백
STD_004450,클러치/미니백/파우치,STD_004447,3,수입명품 > 명품 여성가방 > 클러치/미니백/파우치
STD_004451,토트백,STD_004447,3,수입명품 > 명품 여성가방 > 토트백
STD_004453,명품 의류,STD_004434,2,수입명품 > 명품 의류
STD_004452,남성상의,STD_004453,3,수입명품 > 명품 의류 > 남성상의
STD_004454,남성하의,STD_004453,3,수입명품 > 명품 의류 > 남성하의
STD_004455,아우터,STD_004453,3,수입명품 > 명품 의류 > 아우터
STD_004456,여성상의,STD_004453,3,수입명품 > 명품 의류 > 여성상의
STD_004457,여성원피스,STD_004453,3,수입명품 > 명품 의류 > 여성원피스
STD_004458,여성하의,STD_004453,3,수입명품 > 명품 의류 > 여성하의
STD_004460,명품 지갑/벨트,STD_004434,2,수입명품 > 명품 지갑/벨트
STD_004459,남성지갑,STD_004460,3,수입명품 > 명품 지갑/벨트 > 남성지갑
STD_004461,벨트,STD_004460,3,수입명품 > 명품 지갑/벨트 > 벨트
STD_004462,여성지갑,STD_004460,3,수입명품 > 명품 지갑/벨트 > 여성지갑
STD_004464,명품 패션소품,STD_004434,2,수입명품 > 명품 패션소품
STD_004463,넥타이/커프스,STD_004464,3,수입명품 > 명품 패션소품 > 넥타이/커프스
STD_004465,모자,STD_004464,3,수입명품 > 명품 패션소품 > 모자
STD_004466,스카프/머플러/손수건,STD_004464,3,수입명품 > 명품 패션소품 > 스카프/머플러/손수건
STD_004467,우산/양산,STD_004464,3,수입명품 > 명품 패션소품 > 우산/양산
STD_004468,장갑,STD_004464,3,수입명품 > 명품 패션소품 > 장갑
STD_004469,키홀더/키링/참,STD_004464,3,수입명품 > 명품 패션소품 > 키홀더/키링/참
STD_004471,중고명품,STD_004434,2,수입명품 > 중고명품
STD_004470,남성가방,STD_004471,3,수입명품 > 중고명품 > 남성가방
STD_004472,소품/기타,STD_004471,3,수입명품 > 중고명품 > 소품/기타
STD_004473,여성가방,STD_004471,3,수입명품 > 중고명품 > 여성가방
STD_004474,지갑/벨트,STD_004471,3,수입명품 > 중고명품 > 지갑/벨트
STD_004477,스마일클럽,ROOT,1,스마일클럽
STD_004476,스마일클럽,STD_004477,2,스마일클럽 > 스마일클럽
STD_004475,스마일클럽,STD_004476,3,스마일클럽 > 스마일클럽 > 스마일클럽
STD_004478,스마일클럽 테스트3,STD_004476,3,스마일클럽 > 스마일클럽 > 스마일클럽 테스트3
STD_004479,스마일클럽(test ver),STD_004476,3,스마일클럽 > 스마일클럽 > 스마일클럽(test ver)
STD_004482,스마트기기,ROOT,1,스마트기기
STD_004481,AI/로봇,STD_004482,2,스마트기기 > AI/로봇
STD_004480,AI/로봇,STD_004481,3,스마트기기 > AI/로봇 > AI/로봇
STD_004484,IOT/스마트홈,STD_004482,2,스마트기기 > IOT/스마트홈
STD_004483,IOT/스마트홈,STD_004484,3,스마트기기 > IOT/스마트홈 > IOT/스마트홈
STD_004485,스마트기기 기타,STD_004482,2,스마트기기 > 스마트기기 기타
STD_004487,스마트밴드,STD_004482,2,스마트기기 > 스마트밴드
STD_004486,스마트밴드,STD_004487,3,스마트기기 > 스마트밴드 > 스마트밴드
STD_004489,스마트액세서리,STD_004482,2,스마트기기 > 스마트액세서리
STD_004488,스마트액세서리,STD_004489,3,스마트기기 > 스마트액세서리 > 스마트액세서리
STD_004490,스마트워치/웨어러블,STD_004482,2,스마트기기 > 스마트워치/웨어러블
STD_004491,액세서리,STD_004482,2,스마트기기 > 액세서리
STD_004493,웨어러블,STD_004482,2,스마트기기 > 웨어러블
STD_004492,기타웨어러블,STD_004493,3,스마트기기 > 웨어러블 > 기타웨어러블
STD_004494,웨어러블디바이스,STD_004493,3,스마트기기 > 웨어러블 > 웨어러블디바이스
STD_004495,웨어러블액세서리,STD_004493,3,스마트기기 > 웨어러블 > 웨어러블액세서리
STD_004496,태블릿/게임,STD_004482,2,스마트기기 > 태블릿/게임
STD_004497,휴대폰,STD_004482,2,스마트기기 > 휴대폰
STD_004500,스포츠/레저,ROOT,1,스포츠/레저
STD_004499,검도,STD_004500,2,스포츠/레저 > 검도
STD_004498,검도보호용품,STD_004499,3,스포츠/레저 > 검도 > 검도보호용품
STD_004501,기타검도용품,STD_004499,3,스포츠/레저 > 검도 > 기타검도용품
STD_004502,도복,STD_004499,3,스포츠/레저 > 검도 > 도복
STD_004503,죽도,STD_004499,3,스포츠/레저 > 검도 > 죽도
STD_004504,죽도집/부속품,STD_004499,3,스포츠/레저 > 검도 > 죽도집/부속품
STD_004505,타격대,STD_004499,3,스포츠/레저 > 검도 > 타격대
STD_004507,골프,STD_004500,2,스포츠/레저 > 골프
STD_004506,골프공,STD_004507,3,스포츠/레저 > 골프 > 골프공
STD_004509,골프백,STD_004507,3,스포츠/레저 > 골프 > 골프백
STD_004508,골프백세트,STD_004509,4,스포츠/레저 > 골프 > 골프백 > 골프백세트
STD_004510,골프파우치,STD_004509,4,스포츠/레저 > 골프 > 골프백 > 골프파우치
STD_004511,보스턴백,STD_004509,4,스포츠/레저 > 골프 > 골프백 > 보스턴백
STD_004512,캐디백,STD_004509,4,스포츠/레저 > 골프 > 골프백 > 캐디백
STD_004513,하프백,STD_004509,4,스포츠/레저 > 골프 > 골프백 > 하프백
STD_004514,항공커버,STD_004509,4,스포츠/레저 > 골프 > 골프백 > 항공커버
STD_004516,골프연습용품,STD_004507,3,스포츠/레저 > 골프 > 골프연습용품
STD_004515,스윙용품,STD_004516,4,스포츠/레저 > 골프 > 골프연습용품 > 스윙용품
STD_004517,실외용품,STD_004516,4,스포츠/레저 > 골프 > 골프연습용품 > 실외용품
STD_004518,퍼팅용품,STD_004516,4,스포츠/레저 > 골프 > 골프연습용품 > 퍼팅용품
STD_004520,골프의류,STD_004507,3,스포츠/레저 > 골프 > 골프의류
STD_004519,니트,STD_004520,4,스포츠/레저 > 골프 > 골프의류 > 니트
STD_004521,바지,STD_004520,4,스포츠/레저 > 골프 > 골프의류 > 바지
STD_004522,스커트,STD_004520,4,스포츠/레저 > 골프 > 골프의류 > 스커트
STD_004523,원피스,STD_004520,4,스포츠/레저 > 골프 > 골프의류 > 원피스
STD_004524,재킷,STD_004520,4,스포츠/레저 > 골프 > 골프의류 > 재킷
STD_004525,점퍼,STD_004520,4,스포츠/레저 > 골프 > 골프의류 > 점퍼
STD_004526,조끼,STD_004520,4,스포츠/레저 > 골프 > 골프의류 > 조끼
STD_004527,티셔츠,STD_004520,4,스포츠/레저 > 골프 > 골프의류 > 티셔츠
STD_004529,골프잡화,STD_004507,3,스포츠/레저 > 골프 > 골프잡화
STD_004528,골프패치,STD_004529,4,스포츠/레저 > 골프 > 골프잡화 > 골프패치
STD_004530,모자,STD_004529,4,스포츠/레저 > 골프 > 골프잡화 > 모자
STD_004531,벨트,STD_004529,4,스포츠/레저 > 골프 > 골프잡화 > 벨트
STD_004532,슈즈백,STD_004529,4,스포츠/레저 > 골프 > 골프잡화 > 슈즈백
STD_004533,스타킹/레깅스,STD_004529,4,스포츠/레저 > 골프 > 골프잡화 > 스타킹/레깅스
STD_004534,스파이크,STD_004529,4,스포츠/레저 > 골프 > 골프잡화 > 스파이크
STD_004535,양말,STD_004529,4,스포츠/레저 > 골프 > 골프잡화 > 양말
STD_004536,장갑,STD_004529,4,스포츠/레저 > 골프 > 골프잡화 > 장갑
STD_004538,골프클럽,STD_004507,3,스포츠/레저 > 골프 > 골프클럽
STD_004537,드라이버,STD_004538,4,스포츠/레저 > 골프 > 골프클럽 > 드라이버
STD_004539,아이언,STD_004538,4,스포츠/레저 > 골프 > 골프클럽 > 아이언
STD_004540,연습용클럽,STD_004538,4,스포츠/레저 > 골프 > 골프클럽 > 연습용클럽
STD_004541,웨지,STD_004538,4,스포츠/레저 > 골프 > 골프클럽 > 웨지
STD_004542,주니어용클럽,STD_004538,4,스포츠/레저 > 골프 > 골프클럽 > 주니어용클럽
STD_004543,치퍼,STD_004538,4,스포츠/레저 > 골프 > 골프클럽 > 치퍼
STD_004544,퍼터,STD_004538,4,스포츠/레저 > 골프 > 골프클럽 > 퍼터
STD_004545,페어웨이우드,STD_004538,4,스포츠/레저 > 골프 > 골프클럽 > 페어웨이우드
STD_004546,풀세트,STD_004538,4,스포츠/레저 > 골프 > 골프클럽 > 풀세트
STD_004547,피팅헤드/샤프트,STD_004538,4,스포츠/레저 > 골프 > 골프클럽 > 피팅헤드/샤프트
STD_004548,하이브리드/유틸리티,STD_004538,4,스포츠/레저 > 골프 > 골프클럽 > 하이브리드/유틸리티
STD_004550,골프필드용품,STD_004507,3,스포츠/레저 > 골프 > 골프필드용품
STD_004549,거리측정기,STD_004550,4,스포츠/레저 > 골프 > 골프필드용품 > 거리측정기
STD_004551,골프티/볼마커,STD_004550,4,스포츠/레저 > 골프 > 골프필드용품 > 골프티/볼마커
STD_004552,그립,STD_004550,4,스포츠/레저 > 골프 > 골프필드용품 > 그립
STD_004553,기타필드용품,STD_004550,4,스포츠/레저 > 골프 > 골프필드용품 > 기타필드용품
STD_004554,레인코트,STD_004550,4,스포츠/레저 > 골프 > 골프필드용품 > 레인코트
STD_004555,우산,STD_004550,4,스포츠/레저 > 골프 > 골프필드용품 > 우산
STD_004556,헤드커버,STD_004550,4,스포츠/레저 > 골프 > 골프필드용품 > 헤드커버
STD_004557,골프화,STD_004507,3,스포츠/레저 > 골프 > 골프화
STD_004558,로스트볼,STD_004507,3,스포츠/레저 > 골프 > 로스트볼
STD_004560,파크골프/그라운드골프,STD_004507,3,스포츠/레저 > 골프 > 파크골프/그라운드골프
STD_004559,그라운드골프공,STD_004560,4,스포츠/레저 > 골프 > 파크골프/그라운드골프 > 그라운드골프공
STD_004561,그라운드골프용품,STD_004560,4,스포츠/레저 > 골프 > 파크골프/그라운드골프 > 그라운드골프용품
STD_004562,그라운드골프클럽,STD_004560,4,스포츠/레저 > 골프 > 파크골프/그라운드골프 > 그라운드골프클럽
STD_004563,파크골프공,STD_004560,4,스포츠/레저 > 골프 > 파크골프/그라운드골프 > 파크골프공
STD_004564,파크골프용품,STD_004560,4,스포츠/레저 > 골프 > 파크골프/그라운드골프 > 파크골프용품
STD_004565,파크골프클럽,STD_004560,4,스포츠/레저 > 골프 > 파크골프/그라운드골프 > 파크골프클럽
STD_004567,골프용품,STD_004500,2,스포츠/레저 > 골프용품
STD_004566,골프가방,STD_004567,3,스포츠/레저 > 골프용품 > 골프가방
STD_004568,골프공/기타용품,STD_004567,3,스포츠/레저 > 골프용품 > 골프공/기타용품
STD_004570,골프웨어&잡화,STD_004500,2,스포츠/레저 > 골프웨어&잡화
STD_004569,골프모자,STD_004570,3,스포츠/레저 > 골프웨어&잡화 > 골프모자
STD_004571,골프웨어,STD_004570,3,스포츠/레저 > 골프웨어&잡화 > 골프웨어
STD_004572,골프화,STD_004570,3,스포츠/레저 > 골프웨어&잡화 > 골프화
STD_004574,골프클럽,STD_004500,2,스포츠/레저 > 골프클럽
STD_004573,드라이버,STD_004574,3,스포츠/레저 > 골프클럽 > 드라이버
STD_004575,아이언/웨지,STD_004574,3,스포츠/레저 > 골프클럽 > 아이언/웨지
STD_004576,퍼터,STD_004574,3,스포츠/레저 > 골프클럽 > 퍼터
STD_004578,구기용품,STD_004500,2,스포츠/레저 > 구기용품
STD_004577,구기용품기타,STD_004578,3,스포츠/레저 > 구기용품 > 구기용품기타
STD_004579,농구,STD_004578,3,스포츠/레저 > 구기용품 > 농구
STD_004580,배구,STD_004578,3,스포츠/레저 > 구기용품 > 배구
STD_004581,볼링,STD_004578,3,스포츠/레저 > 구기용품 > 볼링
STD_004583,권투,STD_004500,2,스포츠/레저 > 권투
STD_004582,글러브,STD_004583,3,스포츠/레저 > 권투 > 글러브
STD_004584,미트,STD_004583,3,스포츠/레저 > 권투 > 미트
STD_004585,샌드백,STD_004583,3,스포츠/레저 > 권투 > 샌드백
STD_004586,핸드랩,STD_004583,3,스포츠/레저 > 권투 > 핸드랩
STD_004587,기타스포츠용품,STD_004500,2,스포츠/레저 > 기타스포츠용품
STD_004589,낚시,STD_004500,2,스포츠/레저 > 낚시
STD_004588,기타잡화,STD_004589,3,스포츠/레저 > 낚시 > 기타잡화
STD_004591,낚시릴,STD_004589,3,스포츠/레저 > 낚시 > 낚시릴
STD_004590,베이트릴,STD_004591,4,스포츠/레저 > 낚시 > 낚시릴 > 베이트릴
STD_004592,스피닝릴,STD_004591,4,스포츠/레저 > 낚시 > 낚시릴 > 스피닝릴
STD_004593,전동릴,STD_004591,4,스포츠/레저 > 낚시 > 낚시릴 > 전동릴
STD_004594,플라이릴,STD_004591,4,스포츠/레저 > 낚시 > 낚시릴 > 플라이릴
STD_004596,낚시용품,STD_004589,3,스포츠/레저 > 낚시 > 낚시용품
STD_004595,가위/라인커터/핀온릴,STD_004596,4,스포츠/레저 > 낚시 > 낚시용품 > 가위/라인커터/핀온릴
STD_004597,가프,STD_004596,4,스포츠/레저 > 낚시 > 낚시용품 > 가프
STD_004598,고기집게,STD_004596,4,스포츠/레저 > 낚시 > 낚시용품 > 고기집게
STD_004599,기타낚시용품,STD_004596,4,스포츠/레저 > 낚시 > 낚시용품 > 기타낚시용품
STD_004600,기포기,STD_004596,4,스포츠/레저 > 낚시 > 낚시용품 > 기포기
STD_004601,낚시의자,STD_004596,4,스포츠/레저 > 낚시 > 낚시용품 > 낚시의자
STD_004602,낚시칼,STD_004596,4,스포츠/레저 > 낚시 > 낚시용품 > 낚시칼
STD_004603,낚시텐트,STD_004596,4,스포츠/레저 > 낚시 > 낚시용품 > 낚시텐트
STD_004604,도래,STD_004596,4,스포츠/레저 > 낚시 > 낚시용품 > 도래
STD_004605,두레박,STD_004596,4,스포츠/레저 > 낚시 > 낚시용품 > 두레박
STD_004606,뜰채/뜰망,STD_004596,4,스포츠/레저 > 낚시 > 낚시용품 > 뜰채/뜰망
STD_004607,밑밥주걱,STD_004596,4,스포츠/레저 > 낚시 > 낚시용품 > 밑밥주걱
STD_004608,밑밥통/살림통,STD_004596,4,스포츠/레저 > 낚시 > 낚시용품 > 밑밥통/살림통
STD_004609,바늘결속기,STD_004596,4,스포츠/레저 > 낚시 > 낚시용품 > 바늘결속기
STD_004610,받침대/받침틀/뒤꽂이,STD_004596,4,스포츠/레저 > 낚시 > 낚시용품 > 받침대/받침틀/뒤꽂이
STD_004611,봉돌/싱커,STD_004596,4,스포츠/레저 > 낚시 > 낚시용품 > 봉돌/싱커
STD_004612,살림망/꿰미,STD_004596,4,스포츠/레저 > 낚시 > 낚시용품 > 살림망/꿰미
STD_004613,어군탐지기,STD_004596,4,스포츠/레저 > 낚시 > 낚시용품 > 어군탐지기
STD_004614,케미/집어등,STD_004596,4,스포츠/레저 > 낚시 > 낚시용품 > 케미/집어등
STD_004615,쿨백,STD_004596,4,스포츠/레저 > 낚시 > 낚시용품 > 쿨백
STD_004616,태클박스,STD_004596,4,스포츠/레저 > 낚시 > 낚시용품 > 태클박스
STD_004617,통발/그물,STD_004596,4,스포츠/레저 > 낚시 > 낚시용품 > 통발/그물
STD_004618,포셉,STD_004596,4,스포츠/레저 > 낚시 > 낚시용품 > 포셉
STD_004619,플라이어,STD_004596,4,스포츠/레저 > 낚시 > 낚시용품 > 플라이어
STD_004620,낚시의류,STD_004589,3,스포츠/레저 > 낚시 > 낚시의류
STD_004622,낚시의류/잡화,STD_004589,3,스포츠/레저 > 낚시 > 낚시의류/잡화
STD_004621,낚시모자,STD_004622,4,스포츠/레저 > 낚시 > 낚시의류/잡화 > 낚시모자
STD_004623,낚시복,STD_004622,4,스포츠/레저 > 낚시 > 낚시의류/잡화 > 낚시복
STD_004624,낚시신발,STD_004622,4,스포츠/레저 > 낚시 > 낚시의류/잡화 > 낚시신발
STD_004625,낚시장갑,STD_004622,4,스포츠/레저 > 낚시 > 낚시의류/잡화 > 낚시장갑
STD_004626,낚시장화,STD_004622,4,스포츠/레저 > 낚시 > 낚시의류/잡화 > 낚시장화
STD_004627,낚시조끼,STD_004622,4,스포츠/레저 > 낚시 > 낚시의류/잡화 > 낚시조끼
STD_004628,힙커버/힙가드,STD_004622,4,스포츠/레저 > 낚시 > 낚시의류/잡화 > 힙커버/힙가드
STD_004630,낚싯대,STD_004589,3,스포츠/레저 > 낚시 > 낚싯대
STD_004629,민물낚싯대,STD_004630,4,스포츠/레저 > 낚시 > 낚싯대 > 민물낚싯대
STD_004631,민물루어낚싯대,STD_004630,4,스포츠/레저 > 낚시 > 낚싯대 > 민물루어낚싯대
STD_004632,바다루어낚싯대,STD_004630,4,스포츠/레저 > 낚시 > 낚싯대 > 바다루어낚싯대
STD_004633,바다민장대,STD_004630,4,스포츠/레저 > 낚시 > 낚싯대 > 바다민장대
STD_004634,바다선상낚싯대,STD_004630,4,스포츠/레저 > 낚시 > 낚싯대 > 바다선상낚싯대
STD_004635,바다원투낚싯대,STD_004630,4,스포츠/레저 > 낚시 > 낚싯대 > 바다원투낚싯대
STD_004636,바다찌낚싯대,STD_004630,4,스포츠/레저 > 낚시 > 낚싯대 > 바다찌낚싯대
STD_004637,플라이낚싯대,STD_004630,4,스포츠/레저 > 낚시 > 낚싯대 > 플라이낚싯대
STD_004638,낚싯대/릴,STD_004589,3,스포츠/레저 > 낚시 > 낚싯대/릴
STD_004640,낚싯줄,STD_004589,3,스포츠/레저 > 낚시 > 낚싯줄
STD_004639,모노라인,STD_004640,4,스포츠/레저 > 낚시 > 낚싯줄 > 모노라인
STD_004641,카본라인,STD_004640,4,스포츠/레저 > 낚시 > 낚싯줄 > 카본라인
STD_004642,플라이라인,STD_004640,4,스포츠/레저 > 낚시 > 낚싯줄 > 플라이라인
STD_004643,합사라인,STD_004640,4,스포츠/레저 > 낚시 > 낚싯줄 > 합사라인
STD_004645,루어낚시,STD_004589,3,스포츠/레저 > 낚시 > 루어낚시
STD_004644,기타 루어,STD_004645,4,스포츠/레저 > 낚시 > 루어낚시 > 기타 루어
STD_004646,루어가방,STD_004645,4,스포츠/레저 > 낚시 > 루어낚시 > 루어가방
STD_004647,루어낚시세트,STD_004645,4,스포츠/레저 > 낚시 > 루어낚시 > 루어낚시세트
STD_004648,루어로드케이스,STD_004645,4,스포츠/레저 > 낚시 > 루어낚시 > 루어로드케이스
STD_004649,메탈지그,STD_004645,4,스포츠/레저 > 낚시 > 루어낚시 > 메탈지그
STD_004650,미노우,STD_004645,4,스포츠/레저 > 낚시 > 루어낚시 > 미노우
STD_004651,바늘,STD_004645,4,스포츠/레저 > 낚시 > 루어낚시 > 바늘
STD_004652,소프트베이트,STD_004645,4,스포츠/레저 > 낚시 > 루어낚시 > 소프트베이트
STD_004653,에기,STD_004645,4,스포츠/레저 > 낚시 > 루어낚시 > 에기
STD_004654,웜,STD_004645,4,스포츠/레저 > 낚시 > 루어낚시 > 웜
STD_004655,타이라바,STD_004645,4,스포츠/레저 > 낚시 > 루어낚시 > 타이라바
STD_004657,민물낚시,STD_004589,3,스포츠/레저 > 낚시 > 민물낚시
STD_004656,떡밥,STD_004657,4,스포츠/레저 > 낚시 > 민물낚시 > 떡밥
STD_004658,민물낚시가방,STD_004657,4,스포츠/레저 > 낚시 > 민물낚시 > 민물낚시가방
STD_004659,민물낚시세트,STD_004657,4,스포츠/레저 > 낚시 > 민물낚시 > 민물낚시세트
STD_004660,민물낚싯바늘,STD_004657,4,스포츠/레저 > 낚시 > 민물낚시 > 민물낚싯바늘
STD_004661,얼음낚시,STD_004657,4,스포츠/레저 > 낚시 > 민물낚시 > 얼음낚시
STD_004662,찌,STD_004657,4,스포츠/레저 > 낚시 > 민물낚시 > 찌
STD_004663,찌케이스,STD_004657,4,스포츠/레저 > 낚시 > 민물낚시 > 찌케이스
STD_004665,바다낚시,STD_004589,3,스포츠/레저 > 낚시 > 바다낚시
STD_004664,밑밥,STD_004665,4,스포츠/레저 > 낚시 > 바다낚시 > 밑밥
STD_004666,바다낚시가방,STD_004665,4,스포츠/레저 > 낚시 > 바다낚시 > 바다낚시가방
STD_004667,바다낚시세트,STD_004665,4,스포츠/레저 > 낚시 > 바다낚시 > 바다낚시세트
STD_004668,바다낚싯바늘,STD_004665,4,스포츠/레저 > 낚시 > 바다낚시 > 바다낚싯바늘
STD_004669,찌,STD_004665,4,스포츠/레저 > 낚시 > 바다낚시 > 찌
STD_004670,찌케이스,STD_004665,4,스포츠/레저 > 낚시 > 바다낚시 > 찌케이스
STD_004672,보트,STD_004589,3,스포츠/레저 > 낚시 > 보트
STD_004671,낚시보트/레저보트,STD_004672,4,스포츠/레저 > 낚시 > 보트 > 낚시보트/레저보트
STD_004673,보트용품,STD_004672,4,스포츠/레저 > 낚시 > 보트 > 보트용품
STD_004674,선외기/가이드모터,STD_004672,4,스포츠/레저 > 낚시 > 보트 > 선외기/가이드모터
STD_004675,어탐기/GPS/항해장비,STD_004672,4,스포츠/레저 > 낚시 > 보트 > 어탐기/GPS/항해장비
STD_004677,농구,STD_004500,2,스포츠/레저 > 농구
STD_004676,기타농구용품,STD_004677,3,스포츠/레저 > 농구 > 기타농구용품
STD_004678,농구공,STD_004677,3,스포츠/레저 > 농구 > 농구공
STD_004679,농구공가방,STD_004677,3,스포츠/레저 > 농구 > 농구공가방
STD_004680,농구대,STD_004677,3,스포츠/레저 > 농구 > 농구대
STD_004681,농구의류,STD_004677,3,스포츠/레저 > 농구 > 농구의류
STD_004682,농구화,STD_004677,3,스포츠/레저 > 농구 > 농구화
STD_004683,당구용품,STD_004500,2,스포츠/레저 > 당구용품
STD_004685,댄스,STD_004500,2,스포츠/레저 > 댄스
STD_004684,댄스복,STD_004685,3,스포츠/레저 > 댄스 > 댄스복
STD_004686,댄스소품,STD_004685,3,스포츠/레저 > 댄스 > 댄스소품
STD_004688,등산,STD_004500,2,스포츠/레저 > 등산
STD_004687,기타등산장비,STD_004688,3,스포츠/레저 > 등산 > 기타등산장비
STD_004689,등산가방,STD_004688,3,스포츠/레저 > 등산 > 등산가방
STD_004691,등산의류,STD_004688,3,스포츠/레저 > 등산 > 등산의류
STD_004690,기능성언더웨어,STD_004691,4,스포츠/레저 > 등산 > 등산의류 > 기능성언더웨어
STD_004692,긴팔티셔츠,STD_004691,4,스포츠/레저 > 등산 > 등산의류 > 긴팔티셔츠
STD_004693,바지,STD_004691,4,스포츠/레저 > 등산 > 등산의류 > 바지
STD_004694,반팔티셔츠,STD_004691,4,스포츠/레저 > 등산 > 등산의류 > 반팔티셔츠
STD_004695,세트,STD_004691,4,스포츠/레저 > 등산 > 등산의류 > 세트
STD_004696,재킷,STD_004691,4,스포츠/레저 > 등산 > 등산의류 > 재킷
STD_004697,점퍼,STD_004691,4,스포츠/레저 > 등산 > 등산의류 > 점퍼
STD_004698,조끼,STD_004691,4,스포츠/레저 > 등산 > 등산의류 > 조끼
STD_004700,등산잡화,STD_004688,3,스포츠/레저 > 등산 > 등산잡화
STD_004699,모자,STD_004700,4,스포츠/레저 > 등산 > 등산잡화 > 모자
STD_004701,양말,STD_004700,4,스포츠/레저 > 등산 > 등산잡화 > 양말
STD_004702,장갑,STD_004700,4,스포츠/레저 > 등산 > 등산잡화 > 장갑
STD_004704,등산장비,STD_004688,3,스포츠/레저 > 등산 > 등산장비
STD_004703,나침반/고도계,STD_004704,4,스포츠/레저 > 등산 > 등산장비 > 나침반/고도계
STD_004705,로프,STD_004704,4,스포츠/레저 > 등산 > 등산장비 > 로프
STD_004706,손난로,STD_004704,4,스포츠/레저 > 등산 > 등산장비 > 손난로
STD_004707,스틱,STD_004704,4,스포츠/레저 > 등산 > 등산장비 > 스틱
STD_004708,스패츠,STD_004704,4,스포츠/레저 > 등산 > 등산장비 > 스패츠
STD_004709,아이젠,STD_004704,4,스포츠/레저 > 등산 > 등산장비 > 아이젠
STD_004710,카라비너,STD_004704,4,스포츠/레저 > 등산 > 등산장비 > 카라비너
STD_004711,핫팩,STD_004704,4,스포츠/레저 > 등산 > 등산장비 > 핫팩
STD_004712,등산화,STD_004688,3,스포츠/레저 > 등산 > 등산화
STD_004714,등산/아웃도어/캠핑,STD_004500,2,스포츠/레저 > 등산/아웃도어/캠핑
STD_004713,등산/아웃도어 용품,STD_004714,3,스포츠/레저 > 등산/아웃도어/캠핑 > 등산/아웃도어 용품
STD_004715,등산/아웃도어 의류,STD_004714,3,스포츠/레저 > 등산/아웃도어/캠핑 > 등산/아웃도어 의류
STD_004716,캠핑용품,STD_004714,3,스포츠/레저 > 등산/아웃도어/캠핑 > 캠핑용품
STD_004718,라켓스포츠,STD_004500,2,스포츠/레저 > 라켓스포츠
STD_004717,스쿼시/탁구용품,STD_004718,3,스포츠/레저 > 라켓스포츠 > 스쿼시/탁구용품
STD_004719,테니스/배드민턴용품,STD_004718,3,스포츠/레저 > 라켓스포츠 > 테니스/배드민턴용품
STD_004721,러닝용품,STD_004500,2,스포츠/레저 > 러닝용품
STD_004720,기타러닝용품,STD_004721,3,스포츠/레저 > 러닝용품 > 기타러닝용품
STD_004722,러닝벨트,STD_004721,3,스포츠/레저 > 러닝용품 > 러닝벨트
STD_004723,러닝장갑,STD_004721,3,스포츠/레저 > 러닝용품 > 러닝장갑
STD_004725,무술용품,STD_004500,2,스포츠/레저 > 무술용품
STD_004724,기타무술용품,STD_004725,3,스포츠/레저 > 무술용품 > 기타무술용품
STD_004726,목검/가검,STD_004725,3,스포츠/레저 > 무술용품 > 목검/가검
STD_004727,봉/곤/창,STD_004725,3,스포츠/레저 > 무술용품 > 봉/곤/창
STD_004729,배구,STD_004500,2,스포츠/레저 > 배구
STD_004728,기타배구용품,STD_004729,3,스포츠/레저 > 배구 > 기타배구용품
STD_004730,배구공,STD_004729,3,스포츠/레저 > 배구 > 배구공
STD_004731,배구네트,STD_004729,3,스포츠/레저 > 배구 > 배구네트
STD_004732,배구의류,STD_004729,3,스포츠/레저 > 배구 > 배구의류
STD_004733,배구화,STD_004729,3,스포츠/레저 > 배구 > 배구화
STD_004735,배드민턴,STD_004500,2,스포츠/레저 > 배드민턴
STD_004734,그립,STD_004735,3,스포츠/레저 > 배드민턴 > 그립
STD_004736,기타배드민턴용품,STD_004735,3,스포츠/레저 > 배드민턴 > 기타배드민턴용품
STD_004737,배드민턴가방,STD_004735,3,스포츠/레저 > 배드민턴 > 배드민턴가방
STD_004738,배드민턴네트,STD_004735,3,스포츠/레저 > 배드민턴 > 배드민턴네트
STD_004739,배드민턴라켓,STD_004735,3,스포츠/레저 > 배드민턴 > 배드민턴라켓
STD_004740,배드민턴의류,STD_004735,3,스포츠/레저 > 배드민턴 > 배드민턴의류
STD_004741,배드민턴화,STD_004735,3,스포츠/레저 > 배드민턴 > 배드민턴화
STD_004742,셔틀콕,STD_004735,3,스포츠/레저 > 배드민턴 > 셔틀콕
STD_004743,스트링,STD_004735,3,스포츠/레저 > 배드민턴 > 스트링
STD_004744,연습용품,STD_004735,3,스포츠/레저 > 배드민턴 > 연습용품
STD_004746,보호용품,STD_004500,2,스포츠/레저 > 보호용품
STD_004745,급소보호대,STD_004746,3,스포츠/레저 > 보호용품 > 급소보호대
STD_004747,다리보호대,STD_004746,3,스포츠/레저 > 보호용품 > 다리보호대
STD_004748,마우스피스,STD_004746,3,스포츠/레저 > 보호용품 > 마우스피스
STD_004749,머리보호대,STD_004746,3,스포츠/레저 > 보호용품 > 머리보호대
STD_004750,몸통보호대,STD_004746,3,스포츠/레저 > 보호용품 > 몸통보호대
STD_004751,무릎보호대,STD_004746,3,스포츠/레저 > 보호용품 > 무릎보호대
STD_004752,발목보호대,STD_004746,3,스포츠/레저 > 보호용품 > 발목보호대
STD_004753,배보호대,STD_004746,3,스포츠/레저 > 보호용품 > 배보호대
STD_004754,손목보호대,STD_004746,3,스포츠/레저 > 보호용품 > 손목보호대
STD_004755,어깨보호대,STD_004746,3,스포츠/레저 > 보호용품 > 어깨보호대
STD_004756,테이핑요법,STD_004746,3,스포츠/레저 > 보호용품 > 테이핑요법
STD_004757,팔보호대,STD_004746,3,스포츠/레저 > 보호용품 > 팔보호대
STD_004758,허리보호대,STD_004746,3,스포츠/레저 > 보호용품 > 허리보호대
STD_004760,볼링,STD_004500,2,스포츠/레저 > 볼링
STD_004759,볼링가방,STD_004760,3,스포츠/레저 > 볼링 > 볼링가방
STD_004761,볼링공,STD_004760,3,스포츠/레저 > 볼링 > 볼링공
STD_004762,볼링용품,STD_004760,3,스포츠/레저 > 볼링 > 볼링용품
STD_004763,볼링의류,STD_004760,3,스포츠/레저 > 볼링 > 볼링의류
STD_004764,볼링화,STD_004760,3,스포츠/레저 > 볼링 > 볼링화
STD_004765,아대,STD_004760,3,스포츠/레저 > 볼링 > 아대
STD_004767,수련용품,STD_004500,2,스포츠/레저 > 수련용품
STD_004766,격파용품,STD_004767,3,스포츠/레저 > 수련용품 > 격파용품
STD_004768,기타수련용품,STD_004767,3,스포츠/레저 > 수련용품 > 기타수련용품
STD_004769,띠/벨트,STD_004767,3,스포츠/레저 > 수련용품 > 띠/벨트
STD_004770,무도복,STD_004767,3,스포츠/레저 > 수련용품 > 무도복
STD_004771,수련화,STD_004767,3,스포츠/레저 > 수련용품 > 수련화
STD_004774,수영,STD_004500,2,스포츠/레저 > 수영
STD_004773,남성수영복,STD_004774,3,스포츠/레저 > 수영 > 남성수영복
STD_004772,남성사각,STD_004773,4,스포츠/레저 > 수영 > 남성수영복 > 남성사각
STD_004775,남성삼각,STD_004773,4,스포츠/레저 > 수영 > 남성수영복 > 남성삼각
STD_004776,반신수영복,STD_004773,4,스포츠/레저 > 수영 > 남성수영복 > 반신수영복
STD_004777,전신수영복,STD_004773,4,스포츠/레저 > 수영 > 남성수영복 > 전신수영복
STD_004779,비치웨어,STD_004774,3,스포츠/레저 > 수영 > 비치웨어
STD_004778,상의,STD_004779,4,스포츠/레저 > 수영 > 비치웨어 > 상의
STD_004780,상하세트,STD_004779,4,스포츠/레저 > 수영 > 비치웨어 > 상하세트
STD_004781,스커트,STD_004779,4,스포츠/레저 > 수영 > 비치웨어 > 스커트
STD_004782,원피스,STD_004779,4,스포츠/레저 > 수영 > 비치웨어 > 원피스
STD_004783,커플비치웨어,STD_004779,4,스포츠/레저 > 수영 > 비치웨어 > 커플비치웨어
STD_004784,팬츠,STD_004779,4,스포츠/레저 > 수영 > 비치웨어 > 팬츠
STD_004786,수영용품,STD_004774,3,스포츠/레저 > 수영 > 수영용품
STD_004785,구명조끼,STD_004786,4,스포츠/레저 > 수영 > 수영용품 > 구명조끼
STD_004787,귀마개,STD_004786,4,스포츠/레저 > 수영 > 수영용품 > 귀마개
STD_004788,기타수영용품,STD_004786,4,스포츠/레저 > 수영 > 수영용품 > 기타수영용품
STD_004789,방수팩,STD_004786,4,스포츠/레저 > 수영 > 수영용품 > 방수팩
STD_004790,보트,STD_004786,4,스포츠/레저 > 수영 > 수영용품 > 보트
STD_004791,수경,STD_004786,4,스포츠/레저 > 수영 > 수영용품 > 수경
STD_004792,수영가방,STD_004786,4,스포츠/레저 > 수영 > 수영용품 > 수영가방
STD_004793,수영모,STD_004786,4,스포츠/레저 > 수영 > 수영용품 > 수영모
STD_004794,스노클/마스크,STD_004786,4,스포츠/레저 > 수영 > 수영용품 > 스노클/마스크
STD_004795,오리발,STD_004786,4,스포츠/레저 > 수영 > 수영용품 > 오리발
STD_004796,조립식수영장,STD_004786,4,스포츠/레저 > 수영 > 수영용품 > 조립식수영장
STD_004797,튜브,STD_004786,4,스포츠/레저 > 수영 > 수영용품 > 튜브
STD_004799,여성수영복,STD_004774,3,스포츠/레저 > 수영 > 여성수영복
STD_004798,모노키니,STD_004799,4,스포츠/레저 > 수영 > 여성수영복 > 모노키니
STD_004800,반신수영복,STD_004799,4,스포츠/레저 > 수영 > 여성수영복 > 반신수영복
STD_004801,비키니,STD_004799,4,스포츠/레저 > 수영 > 여성수영복 > 비키니
STD_004802,원피스수영복,STD_004799,4,스포츠/레저 > 수영 > 여성수영복 > 원피스수영복
STD_004803,전신수영복,STD_004799,4,스포츠/레저 > 수영 > 여성수영복 > 전신수영복
STD_004805,수영/수상스포츠,STD_004500,2,스포츠/레저 > 수영/수상스포츠
STD_004804,남성수영복,STD_004805,3,스포츠/레저 > 수영/수상스포츠 > 남성수영복
STD_004806,물놀이/구명조끼,STD_004805,3,스포츠/레저 > 수영/수상스포츠 > 물놀이/구명조끼
STD_004807,수영/수상스포츠용품,STD_004805,3,스포츠/레저 > 수영/수상스포츠 > 수영/수상스포츠용품
STD_004808,여성수영복,STD_004805,3,스포츠/레저 > 수영/수상스포츠 > 여성수영복
STD_004810,스노보드/스키,STD_004500,2,스포츠/레저 > 스노보드/스키
STD_004809,고글/기타용품,STD_004810,3,스포츠/레저 > 스노보드/스키 > 고글/기타용품
STD_004811,스키/보드복,STD_004810,3,스포츠/레저 > 스노보드/스키 > 스키/보드복
STD_004812,스키/보드용품,STD_004810,3,스포츠/레저 > 스노보드/스키 > 스키/보드용품
STD_004814,스케이트/보드/롤러,STD_004500,2,스포츠/레저 > 스케이트/보드/롤러
STD_004813,롤러슈즈,STD_004814,3,스포츠/레저 > 스케이트/보드/롤러 > 롤러슈즈
STD_004815,스케이트보드,STD_004814,3,스포츠/레저 > 스케이트/보드/롤러 > 스케이트보드
STD_004816,스케이트보드용품,STD_004814,3,스포츠/레저 > 스케이트/보드/롤러 > 스케이트보드용품
STD_004817,아이스스케이트,STD_004814,3,스포츠/레저 > 스케이트/보드/롤러 > 아이스스케이트
STD_004818,인라인스케이트,STD_004814,3,스포츠/레저 > 스케이트/보드/롤러 > 인라인스케이트
STD_004819,인라인용품,STD_004814,3,스포츠/레저 > 스케이트/보드/롤러 > 인라인용품
STD_004820,킥보드,STD_004814,3,스포츠/레저 > 스케이트/보드/롤러 > 킥보드
STD_004821,핑거보드,STD_004814,3,스포츠/레저 > 스케이트/보드/롤러 > 핑거보드
STD_004823,스쿼시,STD_004500,2,스포츠/레저 > 스쿼시
STD_004822,기타스쿼시용품,STD_004823,3,스포츠/레저 > 스쿼시 > 기타스쿼시용품
STD_004824,스쿼시공,STD_004823,3,스포츠/레저 > 스쿼시 > 스쿼시공
STD_004825,스쿼시라켓,STD_004823,3,스포츠/레저 > 스쿼시 > 스쿼시라켓
STD_004828,스키/보드,STD_004500,2,스포츠/레저 > 스키/보드
STD_004827,보드복,STD_004828,3,스포츠/레저 > 스키/보드 > 보드복
STD_004826,상하세트,STD_004827,4,스포츠/레저 > 스키/보드 > 보드복 > 상하세트
STD_004829,재킷,STD_004827,4,스포츠/레저 > 스키/보드 > 보드복 > 재킷
STD_004830,조끼,STD_004827,4,스포츠/레저 > 스키/보드 > 보드복 > 조끼
STD_004831,티셔츠,STD_004827,4,스포츠/레저 > 스키/보드 > 보드복 > 티셔츠
STD_004832,하의,STD_004827,4,스포츠/레저 > 스키/보드 > 보드복 > 하의
STD_004833,후드티,STD_004827,4,스포츠/레저 > 스키/보드 > 보드복 > 후드티
STD_004835,스노보드장비,STD_004828,3,스포츠/레저 > 스키/보드 > 스노보드장비
STD_004834,데크,STD_004835,4,스포츠/레저 > 스키/보드 > 스노보드장비 > 데크
STD_004836,바인딩,STD_004835,4,스포츠/레저 > 스키/보드 > 스노보드장비 > 바인딩
STD_004837,부츠,STD_004835,4,스포츠/레저 > 스키/보드 > 스노보드장비 > 부츠
STD_004838,스노보드세트,STD_004835,4,스포츠/레저 > 스키/보드 > 스노보드장비 > 스노보드세트
STD_004840,스키/보드방한용품,STD_004828,3,스포츠/레저 > 스키/보드 > 스키/보드방한용품
STD_004839,귀마개,STD_004840,4,스포츠/레저 > 스키/보드 > 스키/보드방한용품 > 귀마개
STD_004841,반다나,STD_004840,4,스포츠/레저 > 스키/보드 > 스키/보드방한용품 > 반다나
STD_004842,비니,STD_004840,4,스포츠/레저 > 스키/보드 > 스키/보드방한용품 > 비니
STD_004843,양말,STD_004840,4,스포츠/레저 > 스키/보드 > 스키/보드방한용품 > 양말
STD_004844,장갑,STD_004840,4,스포츠/레저 > 스키/보드 > 스키/보드방한용품 > 장갑
STD_004846,스키/보드용품,STD_004828,3,스포츠/레저 > 스키/보드 > 스키/보드용품
STD_004845,고글,STD_004846,4,스포츠/레저 > 스키/보드 > 스키/보드용품 > 고글
STD_004847,기타용품,STD_004846,4,스포츠/레저 > 스키/보드 > 스키/보드용품 > 기타용품
STD_004848,보드가방,STD_004846,4,스포츠/레저 > 스키/보드 > 스키/보드용품 > 보드가방
STD_004849,보수장비,STD_004846,4,스포츠/레저 > 스키/보드 > 스키/보드용품 > 보수장비
STD_004850,보호대,STD_004846,4,스포츠/레저 > 스키/보드 > 스키/보드용품 > 보호대
STD_004851,헬멧,STD_004846,4,스포츠/레저 > 스키/보드 > 스키/보드용품 > 헬멧
STD_004853,스키복,STD_004828,3,스포츠/레저 > 스키/보드 > 스키복
STD_004852,상의,STD_004853,4,스포츠/레저 > 스키/보드 > 스키복 > 상의
STD_004854,상하세트,STD_004853,4,스포츠/레저 > 스키/보드 > 스키복 > 상하세트
STD_004855,하의,STD_004853,4,스포츠/레저 > 스키/보드 > 스키복 > 하의
STD_004857,스키장비,STD_004828,3,스포츠/레저 > 스키/보드 > 스키장비
STD_004856,부츠,STD_004857,4,스포츠/레저 > 스키/보드 > 스키장비 > 부츠
STD_004858,스키세트,STD_004857,4,스포츠/레저 > 스키/보드 > 스키장비 > 스키세트
STD_004859,폴,STD_004857,4,스포츠/레저 > 스키/보드 > 스키장비 > 폴
STD_004860,플레이트,STD_004857,4,스포츠/레저 > 스키/보드 > 스키장비 > 플레이트
STD_004862,스킨스쿠버,STD_004500,2,스포츠/레저 > 스킨스쿠버
STD_004861,게이지,STD_004862,3,스포츠/레저 > 스킨스쿠버 > 게이지
STD_004863,글러브,STD_004862,3,스포츠/레저 > 스킨스쿠버 > 글러브
STD_004864,기어백,STD_004862,3,스포츠/레저 > 스킨스쿠버 > 기어백
STD_004865,기타스킨스쿠버용품,STD_004862,3,스포츠/레저 > 스킨스쿠버 > 기타스킨스쿠버용품
STD_004866,납,STD_004862,3,스포츠/레저 > 스킨스쿠버 > 납
STD_004867,다이빙슈트,STD_004862,3,스포츠/레저 > 스킨스쿠버 > 다이빙슈트
STD_004868,다이빙칼,STD_004862,3,스포츠/레저 > 스킨스쿠버 > 다이빙칼
STD_004869,레귤레이터,STD_004862,3,스포츠/레저 > 스킨스쿠버 > 레귤레이터
STD_004870,리트렉터,STD_004862,3,스포츠/레저 > 스킨스쿠버 > 리트렉터
STD_004871,부력재킷,STD_004862,3,스포츠/레저 > 스킨스쿠버 > 부력재킷
STD_004872,부츠,STD_004862,3,스포츠/레저 > 스킨스쿠버 > 부츠
STD_004873,수중전등,STD_004862,3,스포츠/레저 > 스킨스쿠버 > 수중전등
STD_004874,수중총/작살,STD_004862,3,스포츠/레저 > 스킨스쿠버 > 수중총/작살
STD_004875,호스,STD_004862,3,스포츠/레저 > 스킨스쿠버 > 호스
STD_004877,스포츠남성패션,STD_004500,2,스포츠/레저 > 스포츠남성패션
STD_004876,기능성운동복/저지,STD_004877,3,스포츠/레저 > 스포츠남성패션 > 기능성운동복/저지
STD_004878,바람막이/플리스/트랙재킷,STD_004877,3,스포츠/레저 > 스포츠남성패션 > 바람막이/플리스/트랙재킷
STD_004879,반바지/긴바지,STD_004877,3,스포츠/레저 > 스포츠남성패션 > 반바지/긴바지
STD_004880,반팔/긴팔,STD_004877,3,스포츠/레저 > 스포츠남성패션 > 반팔/긴팔
STD_004881,스포츠 모자,STD_004877,3,스포츠/레저 > 스포츠남성패션 > 스포츠 모자
STD_004882,스포츠 선글라스,STD_004877,3,스포츠/레저 > 스포츠남성패션 > 스포츠 선글라스
STD_004883,스포츠 시계,STD_004877,3,스포츠/레저 > 스포츠남성패션 > 스포츠 시계
STD_004884,스포츠 액세서리,STD_004877,3,스포츠/레저 > 스포츠남성패션 > 스포츠 액세서리
STD_004885,스포츠가방,STD_004877,3,스포츠/레저 > 스포츠남성패션 > 스포츠가방
STD_004886,패딩/다운 점퍼,STD_004877,3,스포츠/레저 > 스포츠남성패션 > 패딩/다운 점퍼
STD_004887,후디/집업,STD_004877,3,스포츠/레저 > 스포츠남성패션 > 후디/집업
STD_004889,스포츠액세서리,STD_004500,2,스포츠/레저 > 스포츠액세서리
STD_004888,볼캐리어,STD_004889,3,스포츠/레저 > 스포츠액세서리 > 볼캐리어
STD_004890,스코어보드/작전판,STD_004889,3,스포츠/레저 > 스포츠액세서리 > 스코어보드/작전판
STD_004891,스포츠넥워머,STD_004889,3,스포츠/레저 > 스포츠액세서리 > 스포츠넥워머
STD_004892,스포츠마스크,STD_004889,3,스포츠/레저 > 스포츠액세서리 > 스포츠마스크
STD_004893,스포츠선글라스,STD_004889,3,스포츠/레저 > 스포츠액세서리 > 스포츠선글라스
STD_004894,스포츠토시,STD_004889,3,스포츠/레저 > 스포츠액세서리 > 스포츠토시
STD_004895,스포츠헤어밴드,STD_004889,3,스포츠/레저 > 스포츠액세서리 > 스포츠헤어밴드
STD_004896,아이스머플러/스카프,STD_004889,3,스포츠/레저 > 스포츠액세서리 > 아이스머플러/스카프
STD_004897,호각/호루라기,STD_004889,3,스포츠/레저 > 스포츠액세서리 > 호각/호루라기
STD_004899,스포츠여성패션,STD_004500,2,스포츠/레저 > 스포츠여성패션
STD_004898,기능성운동복/저지,STD_004899,3,스포츠/레저 > 스포츠여성패션 > 기능성운동복/저지
STD_004900,바람막이/플리스/트랙재킷,STD_004899,3,스포츠/레저 > 스포츠여성패션 > 바람막이/플리스/트랙재킷
STD_004901,반바지/긴바지,STD_004899,3,스포츠/레저 > 스포츠여성패션 > 반바지/긴바지
STD_004902,반팔/긴팔,STD_004899,3,스포츠/레저 > 스포츠여성패션 > 반팔/긴팔
STD_004903,패딩/다운 점퍼,STD_004899,3,스포츠/레저 > 스포츠여성패션 > 패딩/다운 점퍼
STD_004904,후디/집업,STD_004899,3,스포츠/레저 > 스포츠여성패션 > 후디/집업
STD_004906,야구,STD_004500,2,스포츠/레저 > 야구
STD_004905,글러브,STD_004906,3,스포츠/레저 > 야구 > 글러브
STD_004907,기타야구용품,STD_004906,3,스포츠/레저 > 야구 > 기타야구용품
STD_004908,야구가방,STD_004906,3,스포츠/레저 > 야구 > 야구가방
STD_004909,야구공,STD_004906,3,스포츠/레저 > 야구 > 야구공
STD_004910,야구배트,STD_004906,3,스포츠/레저 > 야구 > 야구배트
STD_004911,야구보호대,STD_004906,3,스포츠/레저 > 야구 > 야구보호대
STD_004912,야구복/유니폼,STD_004906,3,스포츠/레저 > 야구 > 야구복/유니폼
STD_004913,야구양말,STD_004906,3,스포츠/레저 > 야구 > 야구양말
STD_004915,야구의류,STD_004906,3,스포츠/레저 > 야구 > 야구의류
STD_004914,기타야구의류,STD_004915,4,스포츠/레저 > 야구 > 야구의류 > 기타야구의류
STD_004916,야구유니폼,STD_004915,4,스포츠/레저 > 야구 > 야구의류 > 야구유니폼
STD_004917,야구장갑,STD_004906,3,스포츠/레저 > 야구 > 야구장갑
STD_004918,야구화,STD_004906,3,스포츠/레저 > 야구 > 야구화
STD_004919,야구화/야구용품,STD_004906,3,스포츠/레저 > 야구 > 야구화/야구용품
STD_004920,포수장비,STD_004906,3,스포츠/레저 > 야구 > 포수장비
STD_004921,헬멧,STD_004906,3,스포츠/레저 > 야구 > 헬멧
STD_004923,오토바이/스쿠터,STD_004500,2,스포츠/레저 > 오토바이/스쿠터
STD_004922,스쿠터,STD_004923,3,스포츠/레저 > 오토바이/스쿠터 > 스쿠터
STD_004924,오토바이,STD_004923,3,스포츠/레저 > 오토바이/스쿠터 > 오토바이
STD_004926,오토바이부품,STD_004923,3,스포츠/레저 > 오토바이/스쿠터 > 오토바이부품
STD_004925,기타오토바이부품,STD_004926,4,스포츠/레저 > 오토바이/스쿠터 > 오토바이부품 > 기타오토바이부품
STD_004927,오일,STD_004926,4,스포츠/레저 > 오토바이/스쿠터 > 오토바이부품 > 오일
STD_004928,잠금장치,STD_004926,4,스포츠/레저 > 오토바이/스쿠터 > 오토바이부품 > 잠금장치
STD_004929,튜닝용품,STD_004926,4,스포츠/레저 > 오토바이/스쿠터 > 오토바이부품 > 튜닝용품
STD_004931,오토바이용품,STD_004923,3,스포츠/레저 > 오토바이/스쿠터 > 오토바이용품
STD_004930,기타오토바이용품,STD_004931,4,스포츠/레저 > 오토바이/스쿠터 > 오토바이용품 > 기타오토바이용품
STD_004932,보호대,STD_004931,4,스포츠/레저 > 오토바이/스쿠터 > 오토바이용품 > 보호대
STD_004933,탑박스,STD_004931,4,스포츠/레저 > 오토바이/스쿠터 > 오토바이용품 > 탑박스
STD_004934,헬멧,STD_004931,4,스포츠/레저 > 오토바이/스쿠터 > 오토바이용품 > 헬멧
STD_004936,오토바이의류/잡화,STD_004923,3,스포츠/레저 > 오토바이/스쿠터 > 오토바이의류/잡화
STD_004935,바이크장갑,STD_004936,4,스포츠/레저 > 오토바이/스쿠터 > 오토바이의류/잡화 > 바이크장갑
STD_004937,상의,STD_004936,4,스포츠/레저 > 오토바이/스쿠터 > 오토바이의류/잡화 > 상의
STD_004938,상하세트,STD_004936,4,스포츠/레저 > 오토바이/스쿠터 > 오토바이의류/잡화 > 상하세트
STD_004939,하의,STD_004936,4,스포츠/레저 > 오토바이/스쿠터 > 오토바이의류/잡화 > 하의
STD_004940,전동휠,STD_004923,3,스포츠/레저 > 오토바이/스쿠터 > 전동휠
STD_004942,요가/필라테스,STD_004500,2,스포츠/레저 > 요가/필라테스
STD_004941,기타요가용품,STD_004942,3,스포츠/레저 > 요가/필라테스 > 기타요가용품
STD_004943,요가링/필라테스링,STD_004942,3,스포츠/레저 > 요가/필라테스 > 요가링/필라테스링
STD_004944,요가매트,STD_004942,3,스포츠/레저 > 요가/필라테스 > 요가매트
STD_004946,요가복,STD_004942,3,스포츠/레저 > 요가/필라테스 > 요가복
STD_004945,상의,STD_004946,4,스포츠/레저 > 요가/필라테스 > 요가복 > 상의
STD_004947,상하세트,STD_004946,4,스포츠/레저 > 요가/필라테스 > 요가복 > 상하세트
STD_004948,하의,STD_004946,4,스포츠/레저 > 요가/필라테스 > 요가복 > 하의
STD_004949,필라테스,STD_004942,3,스포츠/레저 > 요가/필라테스 > 필라테스
STD_004951,운동화/스니커즈,STD_004500,2,스포츠/레저 > 운동화/스니커즈
STD_004950,기능성운동화,STD_004951,3,스포츠/레저 > 운동화/스니커즈 > 기능성운동화
STD_004952,러닝/조깅화,STD_004951,3,스포츠/레저 > 운동화/스니커즈 > 러닝/조깅화
STD_004953,로우탑운동화,STD_004951,3,스포츠/레저 > 운동화/스니커즈 > 로우탑운동화
STD_004954,볼링화/배구화,STD_004951,3,스포츠/레저 > 운동화/스니커즈 > 볼링화/배구화
STD_004955,슬리퍼/샌들,STD_004951,3,스포츠/레저 > 운동화/스니커즈 > 슬리퍼/샌들
STD_004956,테니스화/농구화,STD_004951,3,스포츠/레저 > 운동화/스니커즈 > 테니스화/농구화
STD_004957,하이탑 운동화,STD_004951,3,스포츠/레저 > 운동화/스니커즈 > 하이탑 운동화
STD_004959,자동차용품,STD_004500,2,스포츠/레저 > 자동차용품
STD_004958,기타자동차용품,STD_004959,3,스포츠/레저 > 자동차용품 > 기타자동차용품
STD_004960,엔진용품,STD_004959,3,스포츠/레저 > 자동차용품 > 엔진용품
STD_004961,인/익스테리어,STD_004959,3,스포츠/레저 > 자동차용품 > 인/익스테리어
STD_004962,튜닝용품,STD_004959,3,스포츠/레저 > 자동차용품 > 튜닝용품
STD_004965,자전거,STD_004500,2,스포츠/레저 > 자전거
STD_004964,자전거/MTB,STD_004965,3,스포츠/레저 > 자전거 > 자전거/MTB
STD_004963,MTB,STD_004964,4,스포츠/레저 > 자전거 > 자전거/MTB > MTB
STD_004966,미니벨로,STD_004964,4,스포츠/레저 > 자전거 > 자전거/MTB > 미니벨로
STD_004967,사이클,STD_004964,4,스포츠/레저 > 자전거 > 자전거/MTB > 사이클
STD_004968,일반자전거,STD_004964,4,스포츠/레저 > 자전거 > 자전거/MTB > 일반자전거
STD_004969,전기자전거,STD_004964,4,스포츠/레저 > 자전거 > 자전거/MTB > 전기자전거
STD_004970,특수자전거,STD_004964,4,스포츠/레저 > 자전거 > 자전거/MTB > 특수자전거
STD_004971,하이브리드,STD_004964,4,스포츠/레저 > 자전거 > 자전거/MTB > 하이브리드
STD_004973,자전거부품,STD_004965,3,스포츠/레저 > 자전거 > 자전거부품
STD_004972,기타자전거부품,STD_004973,4,스포츠/레저 > 자전거 > 자전거부품 > 기타자전거부품
STD_004974,바엔드/그립,STD_004973,4,스포츠/레저 > 자전거 > 자전거부품 > 바엔드/그립
STD_004975,변속기,STD_004973,4,스포츠/레저 > 자전거 > 자전거부품 > 변속기
STD_004976,브레이크,STD_004973,4,스포츠/레저 > 자전거 > 자전거부품 > 브레이크
STD_004977,스탠드,STD_004973,4,스포츠/레저 > 자전거 > 자전거부품 > 스탠드
STD_004978,시트포스트,STD_004973,4,스포츠/레저 > 자전거 > 자전거부품 > 시트포스트
STD_004979,안장,STD_004973,4,스포츠/레저 > 자전거 > 자전거부품 > 안장
STD_004980,체인,STD_004973,4,스포츠/레저 > 자전거 > 자전거부품 > 체인
STD_004981,클릿/페달,STD_004973,4,스포츠/레저 > 자전거 > 자전거부품 > 클릿/페달
STD_004982,타이어/튜브/보조바퀴,STD_004973,4,스포츠/레저 > 자전거 > 자전거부품 > 타이어/튜브/보조바퀴
STD_004983,프레임/포크,STD_004973,4,스포츠/레저 > 자전거 > 자전거부품 > 프레임/포크
STD_004984,핸들바,STD_004973,4,스포츠/레저 > 자전거 > 자전거부품 > 핸들바
STD_004985,휠셋/림/스프라켓,STD_004973,4,스포츠/레저 > 자전거 > 자전거부품 > 휠셋/림/스프라켓
STD_004987,자전거용품,STD_004965,3,스포츠/레저 > 자전거 > 자전거용품
STD_004986,공구,STD_004987,4,스포츠/레저 > 자전거 > 자전거용품 > 공구
STD_004988,기타자전거용품,STD_004987,4,스포츠/레저 > 자전거 > 자전거용품 > 기타자전거용품
STD_004989,물통,STD_004987,4,스포츠/레저 > 자전거 > 자전거용품 > 물통
STD_004990,바테이프,STD_004987,4,스포츠/레저 > 자전거 > 자전거용품 > 바테이프
STD_004991,백미러,STD_004987,4,스포츠/레저 > 자전거 > 자전거용품 > 백미러
STD_004992,벨,STD_004987,4,스포츠/레저 > 자전거 > 자전거용품 > 벨
STD_004993,보호대,STD_004987,4,스포츠/레저 > 자전거 > 자전거용품 > 보호대
STD_004994,세척제,STD_004987,4,스포츠/레저 > 자전거 > 자전거용품 > 세척제
STD_004995,속도계,STD_004987,4,스포츠/레저 > 자전거 > 자전거용품 > 속도계
STD_004996,액세서리거치대,STD_004987,4,스포츠/레저 > 자전거 > 자전거용품 > 액세서리거치대
STD_004997,오일,STD_004987,4,스포츠/레저 > 자전거 > 자전거용품 > 오일
STD_004998,자물쇠,STD_004987,4,스포츠/레저 > 자전거 > 자전거용품 > 자물쇠
STD_004999,자전거가방,STD_004987,4,스포츠/레저 > 자전거 > 자전거용품 > 자전거가방
STD_005000,자전거라이트,STD_004987,4,스포츠/레저 > 자전거 > 자전거용품 > 자전거라이트
STD_005001,짐받이,STD_004987,4,스포츠/레저 > 자전거 > 자전거용품 > 짐받이
STD_005002,케이지,STD_004987,4,스포츠/레저 > 자전거 > 자전거용품 > 케이지
STD_005003,트레이너,STD_004987,4,스포츠/레저 > 자전거 > 자전거용품 > 트레이너
STD_005004,펌프,STD_004987,4,스포츠/레저 > 자전거 > 자전거용품 > 펌프
STD_005005,헬멧,STD_004987,4,스포츠/레저 > 자전거 > 자전거용품 > 헬멧
STD_005006,흙받이,STD_004987,4,스포츠/레저 > 자전거 > 자전거용품 > 흙받이
STD_005008,자전거의류/잡화,STD_004965,3,스포츠/레저 > 자전거 > 자전거의류/잡화
STD_005007,두건/밴드,STD_005008,4,스포츠/레저 > 자전거 > 자전거의류/잡화 > 두건/밴드
STD_005009,배낭,STD_005008,4,스포츠/레저 > 자전거 > 자전거의류/잡화 > 배낭
STD_005010,상의,STD_005008,4,스포츠/레저 > 자전거 > 자전거의류/잡화 > 상의
STD_005011,상하세트,STD_005008,4,스포츠/레저 > 자전거 > 자전거의류/잡화 > 상하세트
STD_005012,신발,STD_005008,4,스포츠/레저 > 자전거 > 자전거의류/잡화 > 신발
STD_005013,장갑,STD_005008,4,스포츠/레저 > 자전거 > 자전거의류/잡화 > 장갑
STD_005014,하의,STD_005008,4,스포츠/레저 > 자전거 > 자전거의류/잡화 > 하의
STD_005016,자전거/바이크,STD_004500,2,스포츠/레저 > 자전거/바이크
STD_005015,자전거/바이크,STD_005016,3,스포츠/레저 > 자전거/바이크 > 자전거/바이크
STD_005017,자전거부품/용품,STD_005016,3,스포츠/레저 > 자전거/바이크 > 자전거부품/용품
STD_005018,자전거의류/잡화,STD_005016,3,스포츠/레저 > 자전거/바이크 > 자전거의류/잡화
STD_005020,족구,STD_004500,2,스포츠/레저 > 족구
STD_005019,기타족구용품,STD_005020,3,스포츠/레저 > 족구 > 기타족구용품
STD_005021,족구공,STD_005020,3,스포츠/레저 > 족구 > 족구공
STD_005022,족구네트,STD_005020,3,스포츠/레저 > 족구 > 족구네트
STD_005023,족구의류,STD_005020,3,스포츠/레저 > 족구 > 족구의류
STD_005024,족구화,STD_005020,3,스포츠/레저 > 족구 > 족구화
STD_005026,축구,STD_004500,2,스포츠/레저 > 축구
STD_005025,기타축구용품,STD_005026,3,스포츠/레저 > 축구 > 기타축구용품
STD_005028,축구가방,STD_005026,3,스포츠/레저 > 축구 > 축구가방
STD_005027,슈즈백,STD_005028,4,스포츠/레저 > 축구 > 축구가방 > 슈즈백
STD_005029,필드용,STD_005028,4,스포츠/레저 > 축구 > 축구가방 > 필드용
STD_005030,축구공,STD_005026,3,스포츠/레저 > 축구 > 축구공
STD_005031,축구보호대,STD_005026,3,스포츠/레저 > 축구 > 축구보호대
STD_005032,축구복/유니폼,STD_005026,3,스포츠/레저 > 축구 > 축구복/유니폼
STD_005033,축구양말,STD_005026,3,스포츠/레저 > 축구 > 축구양말
STD_005034,축구연습용품,STD_005026,3,스포츠/레저 > 축구 > 축구연습용품
STD_005036,축구의류,STD_005026,3,스포츠/레저 > 축구 > 축구의류
STD_005035,기타축구의류,STD_005036,4,스포츠/레저 > 축구 > 축구의류 > 기타축구의류
STD_005037,축구유니폼,STD_005036,4,스포츠/레저 > 축구 > 축구의류 > 축구유니폼
STD_005038,축구장갑,STD_005026,3,스포츠/레저 > 축구 > 축구장갑
STD_005039,축구화,STD_005026,3,스포츠/레저 > 축구 > 축구화
STD_005040,축구화/축구용품,STD_005026,3,스포츠/레저 > 축구 > 축구화/축구용품
STD_005041,풋살화,STD_005026,3,스포츠/레저 > 축구 > 풋살화
STD_005043,캠핑,STD_004500,2,스포츠/레저 > 캠핑
STD_005042,기타캠핑용품,STD_005043,3,스포츠/레저 > 캠핑 > 기타캠핑용품
STD_005045,랜턴,STD_005043,3,스포츠/레저 > 캠핑 > 랜턴
STD_005044,랜턴걸이/스탠드,STD_005045,4,스포츠/레저 > 캠핑 > 랜턴 > 랜턴걸이/스탠드
STD_005046,손전등,STD_005045,4,스포츠/레저 > 캠핑 > 랜턴 > 손전등
STD_005047,실내/실외등,STD_005045,4,스포츠/레저 > 캠핑 > 랜턴 > 실내/실외등
STD_005048,헤드랜턴,STD_005045,4,스포츠/레저 > 캠핑 > 랜턴 > 헤드랜턴
STD_005049,아이스박스,STD_005043,3,스포츠/레저 > 캠핑 > 아이스박스
STD_005050,워터저그,STD_005043,3,스포츠/레저 > 캠핑 > 워터저그
STD_005051,천막,STD_005043,3,스포츠/레저 > 캠핑 > 천막
STD_005053,취사용품,STD_005043,3,스포츠/레저 > 캠핑 > 취사용품
STD_005052,기타취사용품,STD_005053,4,스포츠/레저 > 캠핑 > 취사용품 > 기타취사용품
STD_005054,다용도칼/멀티툴,STD_005053,4,스포츠/레저 > 캠핑 > 취사용품 > 다용도칼/멀티툴
STD_005055,더치오븐,STD_005053,4,스포츠/레저 > 캠핑 > 취사용품 > 더치오븐
STD_005056,바비큐그릴/화로대,STD_005053,4,스포츠/레저 > 캠핑 > 취사용품 > 바비큐그릴/화로대
STD_005057,버너/휴대용가스레인지,STD_005053,4,스포츠/레저 > 캠핑 > 취사용품 > 버너/휴대용가스레인지
STD_005058,부탄가스,STD_005053,4,스포츠/레저 > 캠핑 > 취사용품 > 부탄가스
STD_005059,설거지용품,STD_005053,4,스포츠/레저 > 캠핑 > 취사용품 > 설거지용품
STD_005060,수저/커트러리,STD_005053,4,스포츠/레저 > 캠핑 > 취사용품 > 수저/커트러리
STD_005061,연료,STD_005053,4,스포츠/레저 > 캠핑 > 취사용품 > 연료
STD_005062,캠핑주전자,STD_005053,4,스포츠/레저 > 캠핑 > 취사용품 > 캠핑주전자
STD_005063,캠핑컵,STD_005053,4,스포츠/레저 > 캠핑 > 취사용품 > 캠핑컵
STD_005064,코펠,STD_005053,4,스포츠/레저 > 캠핑 > 취사용품 > 코펠
STD_005065,토치,STD_005053,4,스포츠/레저 > 캠핑 > 취사용품 > 토치
STD_005066,침낭,STD_005043,3,스포츠/레저 > 캠핑 > 침낭
STD_005068,캠핑가구,STD_005043,3,스포츠/레저 > 캠핑 > 캠핑가구
STD_005067,야전침대,STD_005068,4,스포츠/레저 > 캠핑 > 캠핑가구 > 야전침대
STD_005069,캠핑박스,STD_005068,4,스포츠/레저 > 캠핑 > 캠핑가구 > 캠핑박스
STD_005070,캠핑의자,STD_005068,4,스포츠/레저 > 캠핑 > 캠핑가구 > 캠핑의자
STD_005071,캠핑테이블,STD_005068,4,스포츠/레저 > 캠핑 > 캠핑가구 > 캠핑테이블
STD_005072,테이블세트,STD_005068,4,스포츠/레저 > 캠핑 > 캠핑가구 > 테이블세트
STD_005073,해먹,STD_005068,4,스포츠/레저 > 캠핑 > 캠핑가구 > 해먹
STD_005075,캠핑매트,STD_005043,3,스포츠/레저 > 캠핑 > 캠핑매트
STD_005074,발포매트,STD_005075,4,스포츠/레저 > 캠핑 > 캠핑매트 > 발포매트
STD_005076,에어/자충매트,STD_005075,4,스포츠/레저 > 캠핑 > 캠핑매트 > 에어/자충매트
STD_005077,캠핑왜건,STD_005043,3,스포츠/레저 > 캠핑 > 캠핑왜건
STD_005078,타프,STD_005043,3,스포츠/레저 > 캠핑 > 타프
STD_005080,텐트,STD_005043,3,스포츠/레저 > 캠핑 > 텐트
STD_005079,1-2인용,STD_005080,4,스포츠/레저 > 캠핑 > 텐트 > 1-2인용
STD_005081,2-3인용,STD_005080,4,스포츠/레저 > 캠핑 > 텐트 > 2-3인용
STD_005082,3-4인용,STD_005080,4,스포츠/레저 > 캠핑 > 텐트 > 3-4인용
STD_005083,4-5인용,STD_005080,4,스포츠/레저 > 캠핑 > 텐트 > 4-5인용
STD_005084,5-6인용,STD_005080,4,스포츠/레저 > 캠핑 > 텐트 > 5-6인용
STD_005085,6-7인용,STD_005080,4,스포츠/레저 > 캠핑 > 텐트 > 6-7인용
STD_005086,7-8인용,STD_005080,4,스포츠/레저 > 캠핑 > 텐트 > 7-8인용
STD_005087,9인용 이상,STD_005080,4,스포츠/레저 > 캠핑 > 텐트 > 9인용 이상
STD_005088,차박텐트,STD_005080,4,스포츠/레저 > 캠핑 > 텐트 > 차박텐트
STD_005090,텐트/타프용품,STD_005043,3,스포츠/레저 > 캠핑 > 텐트/타프용품
STD_005089,기타텐트/타프용품,STD_005090,4,스포츠/레저 > 캠핑 > 텐트/타프용품 > 기타텐트/타프용품
STD_005091,방수포/그라운드시트,STD_005090,4,스포츠/레저 > 캠핑 > 텐트/타프용품 > 방수포/그라운드시트
STD_005092,스트링/로프,STD_005090,4,스포츠/레저 > 캠핑 > 텐트/타프용품 > 스트링/로프
STD_005093,폴대,STD_005090,4,스포츠/레저 > 캠핑 > 텐트/타프용품 > 폴대
STD_005094,파라솔,STD_005043,3,스포츠/레저 > 캠핑 > 파라솔
STD_005095,파워뱅크,STD_005043,3,스포츠/레저 > 캠핑 > 파워뱅크
STD_005097,탁구,STD_004500,2,스포츠/레저 > 탁구
STD_005096,기타탁구용품,STD_005097,3,스포츠/레저 > 탁구 > 기타탁구용품
STD_005098,탁구공,STD_005097,3,스포츠/레저 > 탁구 > 탁구공
STD_005099,탁구대,STD_005097,3,스포츠/레저 > 탁구 > 탁구대
STD_005100,탁구라켓,STD_005097,3,스포츠/레저 > 탁구 > 탁구라켓
STD_005101,탁구러버,STD_005097,3,스포츠/레저 > 탁구 > 탁구러버
STD_005102,탁구의류,STD_005097,3,스포츠/레저 > 탁구 > 탁구의류
STD_005103,탁구화,STD_005097,3,스포츠/레저 > 탁구 > 탁구화
STD_005105,테니스,STD_004500,2,스포츠/레저 > 테니스
STD_005104,그립,STD_005105,3,스포츠/레저 > 테니스 > 그립
STD_005106,기타테니스용품,STD_005105,3,스포츠/레저 > 테니스 > 기타테니스용품
STD_005107,스트링,STD_005105,3,스포츠/레저 > 테니스 > 스트링
STD_005108,테니스가방,STD_005105,3,스포츠/레저 > 테니스 > 테니스가방
STD_005109,테니스공,STD_005105,3,스포츠/레저 > 테니스 > 테니스공
STD_005110,테니스라켓,STD_005105,3,스포츠/레저 > 테니스 > 테니스라켓
STD_005111,테니스의류,STD_005105,3,스포츠/레저 > 테니스 > 테니스의류
STD_005112,테니스화,STD_005105,3,스포츠/레저 > 테니스 > 테니스화
STD_005114,피트니스,STD_004500,2,스포츠/레저 > 피트니스
STD_005113,기타,STD_005114,3,스포츠/레저 > 피트니스 > 기타
STD_005115,복싱/태보,STD_005114,3,스포츠/레저 > 피트니스 > 복싱/태보
STD_005116,요가/필라테스,STD_005114,3,스포츠/레저 > 피트니스 > 요가/필라테스
STD_005117,웨이트 트레이닝,STD_005114,3,스포츠/레저 > 피트니스 > 웨이트 트레이닝
STD_005118,전신운동기구,STD_005114,3,스포츠/레저 > 피트니스 > 전신운동기구
STD_005120,헬스,STD_004500,2,스포츠/레저 > 헬스
STD_005119,거꾸리,STD_005120,3,스포츠/레저 > 헬스 > 거꾸리
STD_005121,러닝머신,STD_005120,3,스포츠/레저 > 헬스 > 러닝머신
STD_005122,로잉머신,STD_005120,3,스포츠/레저 > 헬스 > 로잉머신
STD_005123,벨트마사지,STD_005120,3,스포츠/레저 > 헬스 > 벨트마사지
STD_005124,복근운동기구,STD_005120,3,스포츠/레저 > 헬스 > 복근운동기구
STD_005125,스텝퍼,STD_005120,3,스포츠/레저 > 헬스 > 스텝퍼
STD_005126,승마운동기,STD_005120,3,스포츠/레저 > 헬스 > 승마운동기
STD_005127,아령,STD_005120,3,스포츠/레저 > 헬스 > 아령
STD_005129,웨이트기구,STD_005120,3,스포츠/레저 > 헬스 > 웨이트기구
STD_005128,바벨,STD_005129,4,스포츠/레저 > 헬스 > 웨이트기구 > 바벨
STD_005130,벤치프레스,STD_005129,4,스포츠/레저 > 헬스 > 웨이트기구 > 벤치프레스
STD_005131,복합헬스머신,STD_005129,4,스포츠/레저 > 헬스 > 웨이트기구 > 복합헬스머신
STD_005132,봉/바,STD_005129,4,스포츠/레저 > 헬스 > 웨이트기구 > 봉/바
STD_005133,스쿼트머신,STD_005129,4,스포츠/레저 > 헬스 > 웨이트기구 > 스쿼트머신
STD_005134,싯업벤치,STD_005129,4,스포츠/레저 > 헬스 > 웨이트기구 > 싯업벤치
STD_005135,웨이트용품,STD_005129,4,스포츠/레저 > 헬스 > 웨이트기구 > 웨이트용품
STD_005136,일립티컬,STD_005120,3,스포츠/레저 > 헬스 > 일립티컬
STD_005137,줄넘기,STD_005120,3,스포츠/레저 > 헬스 > 줄넘기
STD_005138,진동운동기,STD_005120,3,스포츠/레저 > 헬스 > 진동운동기
STD_005139,케틀벨,STD_005120,3,스포츠/레저 > 헬스 > 케틀벨
STD_005140,트램펄린,STD_005120,3,스포츠/레저 > 헬스 > 트램펄린
STD_005141,트위스트,STD_005120,3,스포츠/레저 > 헬스 > 트위스트
STD_005142,헬스사이클,STD_005120,3,스포츠/레저 > 헬스 > 헬스사이클
STD_005144,헬스소품,STD_005120,3,스포츠/레저 > 헬스 > 헬스소품
STD_005143,기타헬스소품,STD_005144,4,스포츠/레저 > 헬스 > 헬스소품 > 기타헬스소품
STD_005145,마사지볼,STD_005144,4,스포츠/레저 > 헬스 > 헬스소품 > 마사지볼
STD_005146,모래주머니,STD_005144,4,스포츠/레저 > 헬스 > 헬스소품 > 모래주머니
STD_005147,손목근력기,STD_005144,4,스포츠/레저 > 헬스 > 헬스소품 > 손목근력기
STD_005148,스텝박스,STD_005144,4,스포츠/레저 > 헬스 > 헬스소품 > 스텝박스
STD_005149,악력기,STD_005144,4,스포츠/레저 > 헬스 > 헬스소품 > 악력기
STD_005150,완력기,STD_005144,4,스포츠/레저 > 헬스 > 헬스소품 > 완력기
STD_005151,운동밴드,STD_005144,4,스포츠/레저 > 헬스 > 헬스소품 > 운동밴드
STD_005152,짐볼/돔볼,STD_005144,4,스포츠/레저 > 헬스 > 헬스소품 > 짐볼/돔볼
STD_005153,폼롤러,STD_005144,4,스포츠/레저 > 헬스 > 헬스소품 > 폼롤러
STD_005154,푸시업바,STD_005144,4,스포츠/레저 > 헬스 > 헬스소품 > 푸시업바
STD_005155,헬스장갑,STD_005144,4,스포츠/레저 > 헬스 > 헬스소품 > 헬스장갑
STD_005156,훌라후프,STD_005120,3,스포츠/레저 > 헬스 > 훌라후프
STD_005160,스포츠/레져,ROOT,1,스포츠/레져
STD_005159,검도/격투/무술,STD_005160,2,스포츠/레져 > 검도/격투/무술
STD_005158,검도,STD_005159,3,스포츠/레져 > 검도/격투/무술 > 검도
STD_005157,검도 호구/보호대,STD_005158,4,스포츠/레져 > 검도/격투/무술 > 검도 > 검도 호구/보호대
STD_005161,검도복,STD_005158,4,스포츠/레져 > 검도/격투/무술 > 검도 > 검도복
STD_005162,기타 검도용품,STD_005158,4,스포츠/레져 > 검도/격투/무술 > 검도 > 기타 검도용품
STD_005163,죽도/가검/목검,STD_005158,4,스포츠/레져 > 검도/격투/무술 > 검도 > 죽도/가검/목검
STD_005164,죽도/호구가방,STD_005158,4,스포츠/레져 > 검도/격투/무술 > 검도 > 죽도/호구가방
STD_005165,타격대/훈련용품,STD_005158,4,스포츠/레져 > 검도/격투/무술 > 검도 > 타격대/훈련용품
STD_005167,권투/격투기,STD_005159,3,스포츠/레져 > 검도/격투/무술 > 권투/격투기
STD_005166,격투 보호대,STD_005167,4,스포츠/레져 > 검도/격투/무술 > 권투/격투기 > 격투 보호대
STD_005168,격투 헤드기어,STD_005167,4,스포츠/레져 > 검도/격투/무술 > 권투/격투기 > 격투 헤드기어
STD_005169,마우스피스,STD_005167,4,스포츠/레져 > 검도/격투/무술 > 권투/격투기 > 마우스피스
STD_005170,미트,STD_005167,4,스포츠/레져 > 검도/격투/무술 > 권투/격투기 > 미트
STD_005171,복싱글러브,STD_005167,4,스포츠/레져 > 검도/격투/무술 > 권투/격투기 > 복싱글러브
STD_005172,복싱복/복싱 팬츠,STD_005167,4,스포츠/레져 > 검도/격투/무술 > 권투/격투기 > 복싱복/복싱 팬츠
STD_005173,복싱화/격투화,STD_005167,4,스포츠/레져 > 검도/격투/무술 > 권투/격투기 > 복싱화/격투화
STD_005174,샌드백,STD_005167,4,스포츠/레져 > 검도/격투/무술 > 권투/격투기 > 샌드백
STD_005175,샌드백 설치용품,STD_005167,4,스포츠/레져 > 검도/격투/무술 > 권투/격투기 > 샌드백 설치용품
STD_005176,핸드랩,STD_005167,4,스포츠/레져 > 검도/격투/무술 > 권투/격투기 > 핸드랩
STD_005178,쌍절곤/기타무술,STD_005159,3,스포츠/레져 > 검도/격투/무술 > 쌍절곤/기타무술
STD_005177,기타무술용품,STD_005178,4,스포츠/레져 > 검도/격투/무술 > 쌍절곤/기타무술 > 기타무술용품
STD_005179,쌍절곤,STD_005178,4,스포츠/레져 > 검도/격투/무술 > 쌍절곤/기타무술 > 쌍절곤
STD_005180,씨름용품,STD_005178,4,스포츠/레져 > 검도/격투/무술 > 쌍절곤/기타무술 > 씨름용품
STD_005182,주짓수/유도,STD_005159,3,스포츠/레져 > 검도/격투/무술 > 주짓수/유도
STD_005181,주짓수/유도복,STD_005182,4,스포츠/레져 > 검도/격투/무술 > 주짓수/유도 > 주짓수/유도복
STD_005184,태권도,STD_005159,3,스포츠/레져 > 검도/격투/무술 > 태권도
STD_005183,기타 태권도용품,STD_005184,4,스포츠/레져 > 검도/격투/무술 > 태권도 > 기타 태권도용품
STD_005185,태권도 격파용품,STD_005184,4,스포츠/레져 > 검도/격투/무술 > 태권도 > 태권도 격파용품
STD_005186,태권도 호구/보호대,STD_005184,4,스포츠/레져 > 검도/격투/무술 > 태권도 > 태권도 호구/보호대
STD_005187,태권도도복,STD_005184,4,스포츠/레져 > 검도/격투/무술 > 태권도 > 태권도도복
STD_005188,태권도품띠/태권도띠/벨트,STD_005184,4,스포츠/레져 > 검도/격투/무술 > 태권도 > 태권도품띠/태권도띠/벨트
STD_005189,태권도화,STD_005184,4,스포츠/레져 > 검도/격투/무술 > 태권도 > 태권도화
STD_005190,호구가방,STD_005184,4,스포츠/레져 > 검도/격투/무술 > 태권도 > 호구가방
STD_005192,골프,STD_005160,2,스포츠/레져 > 골프
STD_005191,골프공,STD_005192,3,스포츠/레져 > 골프 > 골프공
STD_005194,골프백,STD_005192,3,스포츠/레져 > 골프 > 골프백
STD_005193,골프 보스턴백,STD_005194,4,스포츠/레져 > 골프 > 골프백 > 골프 보스턴백
STD_005195,골프 스탠드백,STD_005194,4,스포츠/레져 > 골프 > 골프백 > 골프 스탠드백
STD_005196,골프 캐디백/카트백,STD_005194,4,스포츠/레져 > 골프 > 골프백 > 골프 캐디백/카트백
STD_005197,골프 파우치 백,STD_005194,4,스포츠/레져 > 골프 > 골프백 > 골프 파우치 백
STD_005198,골프 하프백,STD_005194,4,스포츠/레져 > 골프 > 골프백 > 골프 하프백
STD_005199,골프 항공커버,STD_005194,4,스포츠/레져 > 골프 > 골프백 > 골프 항공커버
STD_005200,골프백세트,STD_005194,4,스포츠/레져 > 골프 > 골프백 > 골프백세트
STD_005201,골프카트캐리어,STD_005194,4,스포츠/레져 > 골프 > 골프백 > 골프카트캐리어
STD_005204,골프신발,STD_005192,3,스포츠/레져 > 골프 > 골프신발
STD_005203,남녀공용,STD_005204,4,스포츠/레져 > 골프 > 골프신발 > 남녀공용
STD_005202,골프화,STD_005203,5,스포츠/레져 > 골프 > 골프신발 > 남녀공용 > 골프화
STD_005206,남성용,STD_005204,4,스포츠/레져 > 골프 > 골프신발 > 남성용
STD_005205,골프화,STD_005206,5,스포츠/레져 > 골프 > 골프신발 > 남성용 > 골프화
STD_005208,여성용,STD_005204,4,스포츠/레져 > 골프 > 골프신발 > 여성용
STD_005207,골프화,STD_005208,5,스포츠/레져 > 골프 > 골프신발 > 여성용 > 골프화
STD_005210,주니어용,STD_005204,4,스포츠/레져 > 골프 > 골프신발 > 주니어용
STD_005209,골프화,STD_005210,5,스포츠/레져 > 골프 > 골프신발 > 주니어용 > 골프화
STD_005213,골프의류,STD_005192,3,스포츠/레져 > 골프 > 골프의류
STD_005212,남녀공용,STD_005213,4,스포츠/레져 > 골프 > 골프의류 > 남녀공용
STD_005211,골프 우의/레인자켓,STD_005212,5,스포츠/레져 > 골프 > 골프의류 > 남녀공용 > 골프 우의/레인자켓
STD_005215,남성용,STD_005213,4,스포츠/레져 > 골프 > 골프의류 > 남성용
STD_005214,골프 우의/레인자켓,STD_005215,5,스포츠/레져 > 골프 > 골프의류 > 남성용 > 골프 우의/레인자켓
STD_005217,여성용,STD_005213,4,스포츠/레져 > 골프 > 골프의류 > 여성용
STD_005216,골프 우의/레인자켓,STD_005217,5,스포츠/레져 > 골프 > 골프의류 > 여성용 > 골프 우의/레인자켓
STD_005219,골프잡화,STD_005192,3,스포츠/레져 > 골프 > 골프잡화
STD_005218,골프 마스크,STD_005219,4,스포츠/레져 > 골프 > 골프잡화 > 골프 마스크
STD_005220,골프 방한용품/워머/귀마개,STD_005219,4,스포츠/레져 > 골프 > 골프잡화 > 골프 방한용품/워머/귀마개
STD_005221,골프공 스탬프/스티커,STD_005219,4,스포츠/레져 > 골프 > 골프잡화 > 골프공 스탬프/스티커
STD_005222,골프모자,STD_005219,4,스포츠/레져 > 골프 > 골프잡화 > 골프모자
STD_005223,골프벨트,STD_005219,4,스포츠/레져 > 골프 > 골프잡화 > 골프벨트
STD_005224,골프선물세트/골프용품세트,STD_005219,4,스포츠/레져 > 골프 > 골프잡화 > 골프선물세트/골프용품세트
STD_005225,골프양말,STD_005219,4,스포츠/레져 > 골프 > 골프잡화 > 골프양말
STD_005226,골프우산,STD_005219,4,스포츠/레져 > 골프 > 골프잡화 > 골프우산
STD_005227,골프장갑,STD_005219,4,스포츠/레져 > 골프 > 골프잡화 > 골프장갑
STD_005228,골프채걸이,STD_005219,4,스포츠/레져 > 골프 > 골프잡화 > 골프채걸이
STD_005229,골프화 가방,STD_005219,4,스포츠/레져 > 골프 > 골프잡화 > 골프화 가방
STD_005230,팔토시/쿨토시/손등토시,STD_005219,4,스포츠/레져 > 골프 > 골프잡화 > 팔토시/쿨토시/손등토시
STD_005231,핑거밴드,STD_005219,4,스포츠/레져 > 골프 > 골프잡화 > 핑거밴드
STD_005233,골프클럽,STD_005192,3,스포츠/레져 > 골프 > 골프클럽
STD_005232,골프클럽 풀세트,STD_005233,4,스포츠/레져 > 골프 > 골프클럽 > 골프클럽 풀세트
STD_005234,드라이버,STD_005233,4,스포츠/레져 > 골프 > 골프클럽 > 드라이버
STD_005235,아이언,STD_005233,4,스포츠/레져 > 골프 > 골프클럽 > 아이언
STD_005236,웨지,STD_005233,4,스포츠/레져 > 골프 > 골프클럽 > 웨지
STD_005237,유틸리티/하이브리드우드,STD_005233,4,스포츠/레져 > 골프 > 골프클럽 > 유틸리티/하이브리드우드
STD_005238,치퍼,STD_005233,4,스포츠/레져 > 골프 > 골프클럽 > 치퍼
STD_005239,퍼터,STD_005233,4,스포츠/레져 > 골프 > 골프클럽 > 퍼터
STD_005240,페어웨이우드,STD_005233,4,스포츠/레져 > 골프 > 골프클럽 > 페어웨이우드
STD_005242,골프클럽 부품,STD_005192,3,스포츠/레져 > 골프 > 골프클럽 부품
STD_005241,골프그립,STD_005242,4,스포츠/레져 > 골프 > 골프클럽 부품 > 골프그립
STD_005243,골프클럽 관리용품,STD_005242,4,스포츠/레져 > 골프 > 골프클럽 부품 > 골프클럽 관리용품
STD_005244,샤프트,STD_005242,4,스포츠/레져 > 골프 > 골프클럽 부품 > 샤프트
STD_005245,헤드,STD_005242,4,스포츠/레져 > 골프 > 골프클럽 부품 > 헤드
STD_005246,헤드커버,STD_005242,4,스포츠/레져 > 골프 > 골프클럽 부품 > 헤드커버
STD_005248,연습용품,STD_005192,3,스포츠/레져 > 골프 > 연습용품
STD_005247,스윙네트/골프망,STD_005248,4,스포츠/레져 > 골프 > 연습용품 > 스윙네트/골프망
STD_005249,스윙매트/골프매트,STD_005248,4,스포츠/레져 > 골프 > 연습용품 > 스윙매트/골프매트
STD_005250,스윙연습기/분석기,STD_005248,4,스포츠/레져 > 골프 > 연습용품 > 스윙연습기/분석기
STD_005251,스윙타겟,STD_005248,4,스포츠/레져 > 골프 > 연습용품 > 스윙타겟
STD_005252,자세교정기,STD_005248,4,스포츠/레져 > 골프 > 연습용품 > 자세교정기
STD_005253,퍼팅매트,STD_005248,4,스포츠/레져 > 골프 > 연습용품 > 퍼팅매트
STD_005254,퍼팅연습기,STD_005248,4,스포츠/레져 > 골프 > 연습용품 > 퍼팅연습기
STD_005256,필드용품,STD_005192,3,스포츠/레져 > 골프 > 필드용품
STD_005255,골프 거리측정기/GPS,STD_005256,4,스포츠/레져 > 골프 > 필드용품 > 골프 거리측정기/GPS
STD_005257,골프공 바구니,STD_005256,4,스포츠/레져 > 골프 > 필드용품 > 골프공 바구니
STD_005258,골프공 세척/관리용품,STD_005256,4,스포츠/레져 > 골프 > 필드용품 > 골프공 세척/관리용품
STD_005259,골프공 회수기,STD_005256,4,스포츠/레져 > 골프 > 필드용품 > 골프공 회수기
STD_005260,골프볼라이너,STD_005256,4,스포츠/레져 > 골프 > 필드용품 > 골프볼라이너
STD_005261,골프트로피/상패,STD_005256,4,스포츠/레져 > 골프 > 필드용품 > 골프트로피/상패
STD_005262,골프티,STD_005256,4,스포츠/레져 > 골프 > 필드용품 > 골프티
STD_005263,그린보수기,STD_005256,4,스포츠/레져 > 골프 > 필드용품 > 그린보수기
STD_005264,볼 공급기,STD_005256,4,스포츠/레져 > 골프 > 필드용품 > 볼 공급기
STD_005265,볼마커,STD_005256,4,스포츠/레져 > 골프 > 필드용품 > 볼마커
STD_005266,볼주머니/볼파우치,STD_005256,4,스포츠/레져 > 골프 > 필드용품 > 볼주머니/볼파우치
STD_005267,스파이크징/렌치,STD_005256,4,스포츠/레져 > 골프 > 필드용품 > 스파이크징/렌치
STD_005268,연습용 골프공,STD_005256,4,스포츠/레져 > 골프 > 필드용품 > 연습용 골프공
STD_005270,구기스포츠,STD_005160,2,스포츠/레져 > 구기스포츠
STD_005269,공 정리/보관용품,STD_005270,3,스포츠/레져 > 구기스포츠 > 공 정리/보관용품
STD_005271,넷볼/츄크볼/기타구기용품,STD_005270,3,스포츠/레져 > 구기스포츠 > 넷볼/츄크볼/기타구기용품
STD_005273,농구,STD_005270,3,스포츠/레져 > 구기스포츠 > 농구
STD_005272,농구공,STD_005273,4,스포츠/레져 > 구기스포츠 > 농구 > 농구공
STD_005274,농구공가방,STD_005273,4,스포츠/레져 > 구기스포츠 > 농구 > 농구공가방
STD_005275,농구대/농구골대,STD_005273,4,스포츠/레져 > 구기스포츠 > 농구 > 농구대/농구골대
STD_005276,농구복 상의,STD_005273,4,스포츠/레져 > 구기스포츠 > 농구 > 농구복 상의
STD_005277,농구복 세트,STD_005273,4,스포츠/레져 > 구기스포츠 > 농구 > 농구복 세트
STD_005278,농구복 하의,STD_005273,4,스포츠/레져 > 구기스포츠 > 농구 > 농구복 하의
STD_005279,농구화,STD_005273,4,스포츠/레져 > 구기스포츠 > 농구 > 농구화
STD_005281,당구/포켓볼,STD_005270,3,스포츠/레져 > 구기스포츠 > 당구/포켓볼
STD_005280,당구 그립/포켓볼그립,STD_005281,4,스포츠/레져 > 구기스포츠 > 당구/포켓볼 > 당구 그립/포켓볼그립
STD_005282,당구 브릿지/레스트,STD_005281,4,스포츠/레져 > 구기스포츠 > 당구/포켓볼 > 당구 브릿지/레스트
STD_005283,당구 장갑/포켓볼 장갑,STD_005281,4,스포츠/레져 > 구기스포츠 > 당구/포켓볼 > 당구 장갑/포켓볼 장갑
STD_005284,당구 초크/포켓볼 초크,STD_005281,4,스포츠/레져 > 구기스포츠 > 당구/포켓볼 > 당구 초크/포켓볼 초크
STD_005285,당구/포켓볼 관리용품,STD_005281,4,스포츠/레져 > 구기스포츠 > 당구/포켓볼 > 당구/포켓볼 관리용품
STD_005286,당구공/포켓볼공,STD_005281,4,스포츠/레져 > 구기스포츠 > 당구/포켓볼 > 당구공/포켓볼공
STD_005287,당구대/포켓볼대,STD_005281,4,스포츠/레져 > 구기스포츠 > 당구/포켓볼 > 당구대/포켓볼대
STD_005288,당구큐대/포켓볼큐대,STD_005281,4,스포츠/레져 > 구기스포츠 > 당구/포켓볼 > 당구큐대/포켓볼큐대
STD_005289,큐가방,STD_005281,4,스포츠/레져 > 구기스포츠 > 당구/포켓볼 > 큐가방
STD_005291,미식축구/럭비,STD_005270,3,스포츠/레져 > 구기스포츠 > 미식축구/럭비
STD_005290,미식축구/럭비공,STD_005291,4,스포츠/레져 > 구기스포츠 > 미식축구/럭비 > 미식축구/럭비공
STD_005292,미식축구/럭비용품,STD_005291,4,스포츠/레져 > 구기스포츠 > 미식축구/럭비 > 미식축구/럭비용품
STD_005294,배구/피구/족구,STD_005270,3,스포츠/레져 > 구기스포츠 > 배구/피구/족구
STD_005293,배구 네트/지주,STD_005294,4,스포츠/레져 > 구기스포츠 > 배구/피구/족구 > 배구 네트/지주
STD_005295,배구공,STD_005294,4,스포츠/레져 > 구기스포츠 > 배구/피구/족구 > 배구공
STD_005296,배구복 상의,STD_005294,4,스포츠/레져 > 구기스포츠 > 배구/피구/족구 > 배구복 상의
STD_005297,배구복 세트,STD_005294,4,스포츠/레져 > 구기스포츠 > 배구/피구/족구 > 배구복 세트
STD_005298,배구복 하의,STD_005294,4,스포츠/레져 > 구기스포츠 > 배구/피구/족구 > 배구복 하의
STD_005299,배구화,STD_005294,4,스포츠/레져 > 구기스포츠 > 배구/피구/족구 > 배구화
STD_005300,족구 네트/지주,STD_005294,4,스포츠/레져 > 구기스포츠 > 배구/피구/족구 > 족구 네트/지주
STD_005301,족구공,STD_005294,4,스포츠/레져 > 구기스포츠 > 배구/피구/족구 > 족구공
STD_005302,족구의류,STD_005294,4,스포츠/레져 > 구기스포츠 > 배구/피구/족구 > 족구의류
STD_005303,족구화,STD_005294,4,스포츠/레져 > 구기스포츠 > 배구/피구/족구 > 족구화
STD_005304,피구공,STD_005294,4,스포츠/레져 > 구기스포츠 > 배구/피구/족구 > 피구공
STD_005306,볼링,STD_005270,3,스포츠/레져 > 구기스포츠 > 볼링
STD_005305,볼링 가방,STD_005306,4,스포츠/레져 > 구기스포츠 > 볼링 > 볼링 가방
STD_005307,볼링 볼클리너/타올,STD_005306,4,스포츠/레져 > 구기스포츠 > 볼링 > 볼링 볼클리너/타올
STD_005308,볼링 소품,STD_005306,4,스포츠/레져 > 구기스포츠 > 볼링 > 볼링 소품
STD_005309,볼링 아대,STD_005306,4,스포츠/레져 > 구기스포츠 > 볼링 > 볼링 아대
STD_005310,볼링 테이프,STD_005306,4,스포츠/레져 > 구기스포츠 > 볼링 > 볼링 테이프
STD_005311,볼링공,STD_005306,4,스포츠/레져 > 구기스포츠 > 볼링 > 볼링공
STD_005312,볼링복 상의,STD_005306,4,스포츠/레져 > 구기스포츠 > 볼링 > 볼링복 상의
STD_005313,볼링복 세트,STD_005306,4,스포츠/레져 > 구기스포츠 > 볼링 > 볼링복 세트
STD_005314,볼링복 하의,STD_005306,4,스포츠/레져 > 구기스포츠 > 볼링 > 볼링복 하의
STD_005315,볼링핀,STD_005306,4,스포츠/레져 > 구기스포츠 > 볼링 > 볼링핀
STD_005316,볼링화,STD_005306,4,스포츠/레져 > 구기스포츠 > 볼링 > 볼링화
STD_005317,볼링화 부품,STD_005306,4,스포츠/레져 > 구기스포츠 > 볼링 > 볼링화 부품
STD_005318,볼펌프/에어펌프,STD_005270,3,스포츠/레져 > 구기스포츠 > 볼펌프/에어펌프
STD_005320,야구,STD_005270,3,스포츠/레져 > 구기스포츠 > 야구
STD_005319,로진백,STD_005320,4,스포츠/레져 > 구기스포츠 > 야구 > 로진백
STD_005322,성인용,STD_005320,4,스포츠/레져 > 구기스포츠 > 야구 > 성인용
STD_005321,야구 프로팀 유니폼,STD_005322,5,스포츠/레져 > 구기스포츠 > 야구 > 성인용 > 야구 프로팀 유니폼
STD_005323,야구복 상의/티셔츠/맨투맨,STD_005322,5,스포츠/레져 > 구기스포츠 > 야구 > 성인용 > 야구복 상의/티셔츠/맨투맨
STD_005324,야구복 상하의 세트,STD_005322,5,스포츠/레져 > 구기스포츠 > 야구 > 성인용 > 야구복 상하의 세트
STD_005325,야구복 하의/바지,STD_005322,5,스포츠/레져 > 구기스포츠 > 야구 > 성인용 > 야구복 하의/바지
STD_005326,야구가방,STD_005320,4,스포츠/레져 > 구기스포츠 > 야구 > 야구가방
STD_005327,야구경기/필드용품,STD_005320,4,스포츠/레져 > 구기스포츠 > 야구 > 야구경기/필드용품
STD_005328,야구공,STD_005320,4,스포츠/레져 > 구기스포츠 > 야구 > 야구공
STD_005329,야구글러브,STD_005320,4,스포츠/레져 > 구기스포츠 > 야구 > 야구글러브
STD_005330,야구글러브관리용품,STD_005320,4,스포츠/레져 > 구기스포츠 > 야구 > 야구글러브관리용품
STD_005331,야구모자,STD_005320,4,스포츠/레져 > 구기스포츠 > 야구 > 야구모자
STD_005332,야구목걸이,STD_005320,4,스포츠/레져 > 구기스포츠 > 야구 > 야구목걸이
STD_005333,야구배트,STD_005320,4,스포츠/레져 > 구기스포츠 > 야구 > 야구배트
STD_005334,야구배팅연습용품,STD_005320,4,스포츠/레져 > 구기스포츠 > 야구 > 야구배팅연습용품
STD_005335,야구베이스,STD_005320,4,스포츠/레져 > 구기스포츠 > 야구 > 야구베이스
STD_005336,야구벨트,STD_005320,4,스포츠/레져 > 구기스포츠 > 야구 > 야구벨트
STD_005337,야구보호대,STD_005320,4,스포츠/레져 > 구기스포츠 > 야구 > 야구보호대
STD_005338,야구안면보호마스크,STD_005320,4,스포츠/레져 > 구기스포츠 > 야구 > 야구안면보호마스크
STD_005339,야구양말,STD_005320,4,스포츠/레져 > 구기스포츠 > 야구 > 야구양말
STD_005340,야구연습용네트,STD_005320,4,스포츠/레져 > 구기스포츠 > 야구 > 야구연습용네트
STD_005341,야구장갑,STD_005320,4,스포츠/레져 > 구기스포츠 > 야구 > 야구장갑
STD_005342,야구헬멧,STD_005320,4,스포츠/레져 > 구기스포츠 > 야구 > 야구헬멧
STD_005343,야구화,STD_005320,4,스포츠/레져 > 구기스포츠 > 야구 > 야구화
STD_005345,유아동/주니어용,STD_005320,4,스포츠/레져 > 구기스포츠 > 야구 > 유아동/주니어용
STD_005344,야구 프로팀 유니폼,STD_005345,5,스포츠/레져 > 구기스포츠 > 야구 > 유아동/주니어용 > 야구 프로팀 유니폼
STD_005346,야구복 상의/티셔츠/맨투맨,STD_005345,5,스포츠/레져 > 구기스포츠 > 야구 > 유아동/주니어용 > 야구복 상의/티셔츠/맨투맨
STD_005347,야구복 상하의 세트,STD_005345,5,스포츠/레져 > 구기스포츠 > 야구 > 유아동/주니어용 > 야구복 상하의 세트
STD_005348,야구복 하의/바지,STD_005345,5,스포츠/레져 > 구기스포츠 > 야구 > 유아동/주니어용 > 야구복 하의/바지
STD_005350,응원용품,STD_005270,3,스포츠/레져 > 구기스포츠 > 응원용품
STD_005349,스포츠 응원용품,STD_005350,4,스포츠/레져 > 구기스포츠 > 응원용품 > 스포츠 응원용품
STD_005351,야구 응원용품,STD_005350,4,스포츠/레져 > 구기스포츠 > 응원용품 > 야구 응원용품
STD_005353,축구,STD_005270,3,스포츠/레져 > 구기스포츠 > 축구
STD_005352,기타축구소품/완장,STD_005353,4,스포츠/레져 > 구기스포츠 > 축구 > 기타축구소품/완장
STD_005355,성인용,STD_005353,4,스포츠/레져 > 구기스포츠 > 축구 > 성인용
STD_005354,축구 프로팀 유니폼,STD_005355,5,스포츠/레져 > 구기스포츠 > 축구 > 성인용 > 축구 프로팀 유니폼
STD_005356,축구복 바지/하의,STD_005355,5,스포츠/레져 > 구기스포츠 > 축구 > 성인용 > 축구복 바지/하의
STD_005357,축구복 상하의 세트,STD_005355,5,스포츠/레져 > 구기스포츠 > 축구 > 성인용 > 축구복 상하의 세트
STD_005358,축구복 티셔츠/상의,STD_005355,5,스포츠/레져 > 구기스포츠 > 축구 > 성인용 > 축구복 티셔츠/상의
STD_005360,유아동/주니어용,STD_005353,4,스포츠/레져 > 구기스포츠 > 축구 > 유아동/주니어용
STD_005359,축구 프로팀 유니폼,STD_005360,5,스포츠/레져 > 구기스포츠 > 축구 > 유아동/주니어용 > 축구 프로팀 유니폼
STD_005361,축구복 바지/하의,STD_005360,5,스포츠/레져 > 구기스포츠 > 축구 > 유아동/주니어용 > 축구복 바지/하의
STD_005362,축구복 상하의 세트,STD_005360,5,스포츠/레져 > 구기스포츠 > 축구 > 유아동/주니어용 > 축구복 상하의 세트
STD_005363,축구복 티셔츠/상의,STD_005360,5,스포츠/레져 > 구기스포츠 > 축구 > 유아동/주니어용 > 축구복 티셔츠/상의
STD_005364,축구골대/축구네트,STD_005353,4,스포츠/레져 > 구기스포츠 > 축구 > 축구골대/축구네트
STD_005365,축구공,STD_005353,4,스포츠/레져 > 구기스포츠 > 축구 > 축구공
STD_005366,축구공가방,STD_005353,4,스포츠/레져 > 구기스포츠 > 축구 > 축구공가방
STD_005367,축구보호대/정강이보호대,STD_005353,4,스포츠/레져 > 구기스포츠 > 축구 > 축구보호대/정강이보호대
STD_005368,축구양말,STD_005353,4,스포츠/레져 > 구기스포츠 > 축구 > 축구양말
STD_005369,축구연습용품,STD_005353,4,스포츠/레져 > 구기스포츠 > 축구 > 축구연습용품
STD_005370,축구장갑/골키퍼장갑,STD_005353,4,스포츠/레져 > 구기스포츠 > 축구 > 축구장갑/골키퍼장갑
STD_005371,축구화,STD_005353,4,스포츠/레져 > 구기스포츠 > 축구 > 축구화
STD_005372,풋살공/스킬볼,STD_005353,4,스포츠/레져 > 구기스포츠 > 축구 > 풋살공/스킬볼
STD_005373,티볼/소프트볼용품,STD_005270,3,스포츠/레져 > 구기스포츠 > 티볼/소프트볼용품
STD_005374,플로어볼/게이트볼용품,STD_005270,3,스포츠/레져 > 구기스포츠 > 플로어볼/게이트볼용품
STD_005376,하키,STD_005270,3,스포츠/레져 > 구기스포츠 > 하키
STD_005375,하키골대/하키네트,STD_005376,4,스포츠/레져 > 구기스포츠 > 하키 > 하키골대/하키네트
STD_005377,하키공,STD_005376,4,스포츠/레져 > 구기스포츠 > 하키 > 하키공
STD_005378,하키보호장비,STD_005376,4,스포츠/레져 > 구기스포츠 > 하키 > 하키보호장비
STD_005379,하키복,STD_005376,4,스포츠/레져 > 구기스포츠 > 하키 > 하키복
STD_005380,하키세트/용품,STD_005376,4,스포츠/레져 > 구기스포츠 > 하키 > 하키세트/용품
STD_005381,하키스틱,STD_005376,4,스포츠/레져 > 구기스포츠 > 하키 > 하키스틱
STD_005383,핸드볼,STD_005270,3,스포츠/레져 > 구기스포츠 > 핸드볼
STD_005382,핸드볼 공,STD_005383,4,스포츠/레져 > 구기스포츠 > 핸드볼 > 핸드볼 공
STD_005384,핸드볼 용품,STD_005383,4,스포츠/레져 > 구기스포츠 > 핸드볼 > 핸드볼 용품
STD_005386,훈련/연습용품,STD_005270,3,스포츠/레져 > 구기스포츠 > 훈련/연습용품
STD_005385,낙하산훈련용품,STD_005386,4,스포츠/레져 > 구기스포츠 > 훈련/연습용품 > 낙하산훈련용품
STD_005387,스피드사다리/스피드훈련,STD_005386,4,스포츠/레져 > 구기스포츠 > 훈련/연습용품 > 스피드사다리/스피드훈련
STD_005388,접시콘/칼라콘,STD_005386,4,스포츠/레져 > 구기스포츠 > 훈련/연습용품 > 접시콘/칼라콘
STD_005390,기타스포츠,STD_005160,2,스포츠/레져 > 기타스포츠
STD_005389,기타스포츠화,STD_005390,3,스포츠/레져 > 기타스포츠 > 기타스포츠화
STD_005392,다트/레저,STD_005390,3,스포츠/레져 > 기타스포츠 > 다트/레저
STD_005391,기타레저스포츠,STD_005392,4,스포츠/레져 > 기타스포츠 > 다트/레저 > 기타레저스포츠
STD_005393,다트보드,STD_005392,4,스포츠/레져 > 기타스포츠 > 다트/레저 > 다트보드
STD_005394,다트샤프트,STD_005392,4,스포츠/레져 > 기타스포츠 > 다트/레저 > 다트샤프트
STD_005395,다트케이스,STD_005392,4,스포츠/레져 > 기타스포츠 > 다트/레저 > 다트케이스
STD_005396,다트플라이트,STD_005392,4,스포츠/레져 > 기타스포츠 > 다트/레저 > 다트플라이트
STD_005397,다트핀,STD_005392,4,스포츠/레져 > 기타스포츠 > 다트/레저 > 다트핀
STD_005398,원반,STD_005392,4,스포츠/레져 > 기타스포츠 > 다트/레저 > 원반
STD_005400,마라톤,STD_005390,3,스포츠/레져 > 기타스포츠 > 마라톤
STD_005399,마라톤화/육상화,STD_005400,4,스포츠/레져 > 기타스포츠 > 마라톤 > 마라톤화/육상화
STD_005402,서바이벌게임용품,STD_005390,3,스포츠/레져 > 기타스포츠 > 서바이벌게임용품
STD_005401,밀리터리용품,STD_005402,4,스포츠/레져 > 기타스포츠 > 서바이벌게임용품 > 밀리터리용품
STD_005403,전동건/가스건,STD_005402,4,스포츠/레져 > 기타스포츠 > 서바이벌게임용품 > 전동건/가스건
STD_005404,전동건/가스건 (19세 이상),STD_005402,4,스포츠/레져 > 기타스포츠 > 서바이벌게임용품 > 전동건/가스건 (19세 이상)
STD_005405,전동건/가스건부품,STD_005402,4,스포츠/레져 > 기타스포츠 > 서바이벌게임용품 > 전동건/가스건부품
STD_005406,전투복,STD_005402,4,스포츠/레져 > 기타스포츠 > 서바이벌게임용품 > 전투복
STD_005407,전투화/군화,STD_005402,4,스포츠/레져 > 기타스포츠 > 서바이벌게임용품 > 전투화/군화
STD_005409,양궁/사격/승마,STD_005390,3,스포츠/레져 > 기타스포츠 > 양궁/사격/승마
STD_005408,사격/사냥용품,STD_005409,4,스포츠/레져 > 기타스포츠 > 양궁/사격/승마 > 사격/사냥용품
STD_005410,승마용품,STD_005409,4,스포츠/레져 > 기타스포츠 > 양궁/사격/승마 > 승마용품
STD_005411,양궁용품,STD_005409,4,스포츠/레져 > 기타스포츠 > 양궁/사격/승마 > 양궁용품
STD_005413,육상/체조,STD_005390,3,스포츠/레져 > 기타스포츠 > 육상/체조
STD_005412,경기장 라인기/롤러,STD_005413,4,스포츠/레져 > 기타스포츠 > 육상/체조 > 경기장 라인기/롤러
STD_005414,높이뛰기용품,STD_005413,4,스포츠/레져 > 기타스포츠 > 육상/체조 > 높이뛰기용품
STD_005415,릴레이봉/바톤,STD_005413,4,스포츠/레져 > 기타스포츠 > 육상/체조 > 릴레이봉/바톤
STD_005416,마라톤가방,STD_005413,4,스포츠/레져 > 기타스포츠 > 육상/체조 > 마라톤가방
STD_005417,마라톤복,STD_005413,4,스포츠/레져 > 기타스포츠 > 육상/체조 > 마라톤복
STD_005418,마라톤양말,STD_005413,4,스포츠/레져 > 기타스포츠 > 육상/체조 > 마라톤양말
STD_005419,스타팅블록/신호탄,STD_005413,4,스포츠/레져 > 기타스포츠 > 육상/체조 > 스타팅블록/신호탄
STD_005420,육상줄자,STD_005413,4,스포츠/레져 > 기타스포츠 > 육상/체조 > 육상줄자
STD_005421,창/포환,STD_005413,4,스포츠/레져 > 기타스포츠 > 육상/체조 > 창/포환
STD_005422,체육관매트/바닥재,STD_005413,4,스포츠/레져 > 기타스포츠 > 육상/체조 > 체육관매트/바닥재
STD_005423,체조기구,STD_005413,4,스포츠/레져 > 기타스포츠 > 육상/체조 > 체조기구
STD_005424,허들/림보,STD_005413,4,스포츠/레져 > 기타스포츠 > 육상/체조 > 허들/림보
STD_005427,팀 유니폼,STD_005390,3,스포츠/레져 > 기타스포츠 > 팀 유니폼
STD_005426,성인용,STD_005427,4,스포츠/레져 > 기타스포츠 > 팀 유니폼 > 성인용
STD_005425,기타 스포츠 팀유니폼 상의,STD_005426,5,스포츠/레져 > 기타스포츠 > 팀 유니폼 > 성인용 > 기타 스포츠 팀유니폼 상의
STD_005428,기타 스포츠 팀유니폼 상하의 세트,STD_005426,5,스포츠/레져 > 기타스포츠 > 팀 유니폼 > 성인용 > 기타 스포츠 팀유니폼 상하의 세트
STD_005429,기타 스포츠 팀유니폼 하의,STD_005426,5,스포츠/레져 > 기타스포츠 > 팀 유니폼 > 성인용 > 기타 스포츠 팀유니폼 하의
STD_005430,성인용 팀조끼,STD_005426,5,스포츠/레져 > 기타스포츠 > 팀 유니폼 > 성인용 > 성인용 팀조끼
STD_005432,유아동/주니어용,STD_005427,4,스포츠/레져 > 기타스포츠 > 팀 유니폼 > 유아동/주니어용
STD_005431,기타 스포츠 팀유니폼 상의,STD_005432,5,스포츠/레져 > 기타스포츠 > 팀 유니폼 > 유아동/주니어용 > 기타 스포츠 팀유니폼 상의
STD_005433,기타 스포츠 팀유니폼 상하의 세트,STD_005432,5,스포츠/레져 > 기타스포츠 > 팀 유니폼 > 유아동/주니어용 > 기타 스포츠 팀유니폼 상하의 세트
STD_005434,기타 스포츠 팀유니폼 하의,STD_005432,5,스포츠/레져 > 기타스포츠 > 팀 유니폼 > 유아동/주니어용 > 기타 스포츠 팀유니폼 하의
STD_005435,유아동/주니어용 팀조끼,STD_005432,5,스포츠/레져 > 기타스포츠 > 팀 유니폼 > 유아동/주니어용 > 유아동/주니어용 팀조끼
STD_005439,낚시,STD_005160,2,스포츠/레져 > 낚시
STD_005438,낚시가방/잡화,STD_005439,3,스포츠/레져 > 낚시 > 낚시가방/잡화
STD_005437,낚시 공용,STD_005438,4,스포츠/레져 > 낚시 > 낚시가방/잡화 > 낚시 공용
STD_005436,낚시가방/낚싯대가방/로드케이스,STD_005437,5,스포츠/레져 > 낚시 > 낚시가방/잡화 > 낚시 공용 > 낚시가방/낚싯대가방/로드케이스
STD_005440,낚시가방/보조가방,STD_005437,5,스포츠/레져 > 낚시 > 낚시가방/잡화 > 낚시 공용 > 낚시가방/보조가방
STD_005441,낚시모자/정글모자,STD_005438,4,스포츠/레져 > 낚시 > 낚시가방/잡화 > 낚시모자/정글모자
STD_005442,낚시용 아이스박스,STD_005438,4,스포츠/레져 > 낚시 > 낚시가방/잡화 > 낚시용 아이스박스
STD_005443,낚시장갑,STD_005438,4,스포츠/레져 > 낚시 > 낚시가방/잡화 > 낚시장갑
STD_005444,낚싯대 벨트,STD_005438,4,스포츠/레져 > 낚시 > 낚시가방/잡화 > 낚싯대 벨트
STD_005446,민물낚시,STD_005438,4,스포츠/레져 > 낚시 > 낚시가방/잡화 > 민물낚시
STD_005445,민물낚시가방/낚싯대가방/로드케이스,STD_005446,5,스포츠/레져 > 낚시 > 낚시가방/잡화 > 민물낚시 > 민물낚시가방/낚싯대가방/로드케이스
STD_005448,바다낚시,STD_005438,4,스포츠/레져 > 낚시 > 낚시가방/잡화 > 바다낚시
STD_005447,바다낚시가방/낚싯대가방/로드케이스,STD_005448,5,스포츠/레져 > 낚시 > 낚시가방/잡화 > 바다낚시 > 바다낚시가방/낚싯대가방/로드케이스
STD_005449,찌/채비 케이스,STD_005438,4,스포츠/레져 > 낚시 > 낚시가방/잡화 > 찌/채비 케이스
STD_005450,태클박스,STD_005438,4,스포츠/레져 > 낚시 > 낚시가방/잡화 > 태클박스
STD_005452,낚시공구/소품,STD_005439,3,스포츠/레져 > 낚시 > 낚시공구/소품
STD_005451,꿰미,STD_005452,4,스포츠/레져 > 낚시 > 낚시공구/소품 > 꿰미
STD_005453,낚시 소품,STD_005452,4,스포츠/레져 > 낚시 > 낚시공구/소품 > 낚시 소품
STD_005454,낚시로프,STD_005452,4,스포츠/레져 > 낚시 > 낚시공구/소품 > 낚시로프
STD_005455,낚시작살,STD_005452,4,스포츠/레져 > 낚시 > 낚시공구/소품 > 낚시작살
STD_005456,낚시줄감개,STD_005452,4,스포츠/레져 > 낚시 > 낚시공구/소품 > 낚시줄감개
STD_005457,물고기집게/포셉,STD_005452,4,스포츠/레져 > 낚시 > 낚시공구/소품 > 물고기집게/포셉
STD_005458,바늘 빼기,STD_005452,4,스포츠/레져 > 낚시 > 낚시공구/소품 > 바늘 빼기
STD_005459,바늘결속기,STD_005452,4,스포츠/레져 > 낚시 > 낚시공구/소품 > 바늘결속기
STD_005460,수초제거기/갈고리,STD_005452,4,스포츠/레져 > 낚시 > 낚시공구/소품 > 수초제거기/갈고리
STD_005461,얼음낚시끌,STD_005452,4,스포츠/레져 > 낚시 > 낚시공구/소품 > 얼음낚시끌
STD_005462,찌 회수기,STD_005452,4,스포츠/레져 > 낚시 > 낚시공구/소품 > 찌 회수기
STD_005463,펜치/니퍼/플라이어,STD_005452,4,스포츠/레져 > 낚시 > 낚시공구/소품 > 펜치/니퍼/플라이어
STD_005464,핀온릴/라인커터,STD_005452,4,스포츠/레져 > 낚시 > 낚시공구/소품 > 핀온릴/라인커터
STD_005467,낚시릴,STD_005439,3,스포츠/레져 > 낚시 > 낚시릴
STD_005466,릴 부품/소품,STD_005467,4,스포츠/레져 > 낚시 > 낚시릴 > 릴 부품/소품
STD_005465,릴 손잡이/부품,STD_005466,5,스포츠/레져 > 낚시 > 낚시릴 > 릴 부품/소품 > 릴 손잡이/부품
STD_005468,릴 오일/염분제거제,STD_005466,5,스포츠/레져 > 낚시 > 낚시릴 > 릴 부품/소품 > 릴 오일/염분제거제
STD_005469,릴 케이스,STD_005466,5,스포츠/레져 > 낚시 > 낚시릴 > 릴 부품/소품 > 릴 케이스
STD_005470,전동릴 배터리,STD_005466,5,스포츠/레져 > 낚시 > 낚시릴 > 릴 부품/소품 > 전동릴 배터리
STD_005471,베이트릴,STD_005467,4,스포츠/레져 > 낚시 > 낚시릴 > 베이트릴
STD_005472,스피닝릴,STD_005467,4,스포츠/레져 > 낚시 > 낚시릴 > 스피닝릴
STD_005473,전동릴,STD_005467,4,스포츠/레져 > 낚시 > 낚시릴 > 전동릴
STD_005474,플라이릴,STD_005467,4,스포츠/레져 > 낚시 > 낚시릴 > 플라이릴
STD_005476,낚시신발,STD_005439,3,스포츠/레져 > 낚시 > 낚시신발
STD_005475,낚시화/낚시장화,STD_005476,4,스포츠/레져 > 낚시 > 낚시신발 > 낚시화/낚시장화
STD_005478,낚시의류,STD_005439,3,스포츠/레져 > 낚시 > 낚시의류
STD_005477,낚시힙커버/힙가드,STD_005478,4,스포츠/레져 > 낚시 > 낚시의류 > 낚시힙커버/힙가드
STD_005480,낚시장비,STD_005439,3,스포츠/레져 > 낚시 > 낚시장비
STD_005479,그물/족대,STD_005480,4,스포츠/레져 > 낚시 > 낚시장비 > 그물/족대
STD_005481,낚시보트,STD_005480,4,스포츠/레져 > 낚시 > 낚시장비 > 낚시보트
STD_005482,낚시용 기포발생기,STD_005480,4,스포츠/레져 > 낚시 > 낚시장비 > 낚시용 기포발생기
STD_005483,뜰채,STD_005480,4,스포츠/레져 > 낚시 > 낚시장비 > 뜰채
STD_005484,살림통/두레박,STD_005480,4,스포츠/레져 > 낚시 > 낚시장비 > 살림통/두레박
STD_005485,어군탐지기,STD_005480,4,스포츠/레져 > 낚시 > 낚시장비 > 어군탐지기
STD_005486,집어등,STD_005480,4,스포츠/레져 > 낚시 > 낚시장비 > 집어등
STD_005487,통발/어포기,STD_005480,4,스포츠/레져 > 낚시 > 낚시장비 > 통발/어포기
STD_005488,플라이낚시 소품,STD_005480,4,스포츠/레져 > 낚시 > 낚시장비 > 플라이낚시 소품
STD_005490,낚싯대,STD_005439,3,스포츠/레져 > 낚시 > 낚싯대
STD_005489,낚싯대 거치대/진열대,STD_005490,4,스포츠/레져 > 낚시 > 낚싯대 > 낚싯대 거치대/진열대
STD_005491,낚싯대 받침대,STD_005490,4,스포츠/레져 > 낚시 > 낚싯대 > 낚싯대 받침대
STD_005492,민물 낚싯대,STD_005490,4,스포츠/레져 > 낚시 > 낚싯대 > 민물 낚싯대
STD_005493,바다 낚싯대,STD_005490,4,스포츠/레져 > 낚시 > 낚싯대 > 바다 낚싯대
STD_005494,바다/민물겸용 낚싯대,STD_005490,4,스포츠/레져 > 낚시 > 낚싯대 > 바다/민물겸용 낚싯대
STD_005495,얼음/미니 낚싯대,STD_005490,4,스포츠/레져 > 낚시 > 낚싯대 > 얼음/미니 낚싯대
STD_005497,미끼/떡밥/루어,STD_005439,3,스포츠/레져 > 낚시 > 미끼/떡밥/루어
STD_005496,떡밥 그릇,STD_005497,4,스포츠/레져 > 낚시 > 미끼/떡밥/루어 > 떡밥 그릇
STD_005498,떡밥 주걱,STD_005497,4,스포츠/레져 > 낚시 > 미끼/떡밥/루어 > 떡밥 주걱
STD_005499,떡밥/집어제,STD_005497,4,스포츠/레져 > 낚시 > 미끼/떡밥/루어 > 떡밥/집어제
STD_005500,루어 부품,STD_005497,4,스포츠/레져 > 낚시 > 미끼/떡밥/루어 > 루어 부품
STD_005501,루어/플라이훅,STD_005497,4,스포츠/레져 > 낚시 > 미끼/떡밥/루어 > 루어/플라이훅
STD_005502,미끼용 지렁이/먹이,STD_005497,4,스포츠/레져 > 낚시 > 미끼/떡밥/루어 > 미끼용 지렁이/먹이
STD_005503,미끼통,STD_005497,4,스포츠/레져 > 낚시 > 미끼/떡밥/루어 > 미끼통
STD_005505,좌대/야외용품,STD_005439,3,스포츠/레져 > 낚시 > 좌대/야외용품
STD_005504,좌대/발판,STD_005505,4,스포츠/레져 > 낚시 > 좌대/야외용품 > 좌대/발판
STD_005506,좌대/발판 부품,STD_005505,4,스포츠/레져 > 낚시 > 좌대/야외용품 > 좌대/발판 부품
STD_005508,줄/바늘/미끼/채비,STD_005439,3,스포츠/레져 > 낚시 > 줄/바늘/미끼/채비
STD_005507,낚시찌,STD_005508,4,스포츠/레져 > 낚시 > 줄/바늘/미끼/채비 > 낚시찌
STD_005509,낚시찌부품,STD_005508,4,스포츠/레져 > 낚시 > 줄/바늘/미끼/채비 > 낚시찌부품
STD_005510,낚싯바늘,STD_005508,4,스포츠/레져 > 낚시 > 줄/바늘/미끼/채비 > 낚싯바늘
STD_005511,낚싯줄,STD_005508,4,스포츠/레져 > 낚시 > 줄/바늘/미끼/채비 > 낚싯줄
STD_005512,도래,STD_005508,4,스포츠/레져 > 낚시 > 줄/바늘/미끼/채비 > 도래
STD_005513,봉돌/추,STD_005508,4,스포츠/레져 > 낚시 > 줄/바늘/미끼/채비 > 봉돌/추
STD_005514,지그헤드,STD_005508,4,스포츠/레져 > 낚시 > 줄/바늘/미끼/채비 > 지그헤드
STD_005515,찌 멈춤고무/스토퍼,STD_005508,4,스포츠/레져 > 낚시 > 줄/바늘/미끼/채비 > 찌 멈춤고무/스토퍼
STD_005516,케미/케미부품,STD_005508,4,스포츠/레져 > 낚시 > 줄/바늘/미끼/채비 > 케미/케미부품
STD_005519,등산,STD_005160,2,스포츠/레져 > 등산
STD_005518,등반용 장비,STD_005519,3,스포츠/레져 > 등산 > 등반용 장비
STD_005517,기어 부품,STD_005518,4,스포츠/레져 > 등산 > 등반용 장비 > 기어 부품
STD_005520,기어랙/장비걸이,STD_005518,4,스포츠/레져 > 등산 > 등반용 장비 > 기어랙/장비걸이
STD_005521,기어세트,STD_005518,4,스포츠/레져 > 등산 > 등반용 장비 > 기어세트
STD_005522,도르래,STD_005518,4,스포츠/레져 > 등산 > 등반용 장비 > 도르래
STD_005523,등강기,STD_005518,4,스포츠/레져 > 등산 > 등반용 장비 > 등강기
STD_005524,포타렛지,STD_005518,4,스포츠/레져 > 등산 > 등반용 장비 > 포타렛지
STD_005525,하강기,STD_005518,4,스포츠/레져 > 등산 > 등반용 장비 > 하강기
STD_005526,확보물,STD_005518,4,스포츠/레져 > 등산 > 등반용 장비 > 확보물
STD_005529,등산/아웃도어 신발,STD_005519,3,스포츠/레져 > 등산 > 등산/아웃도어 신발
STD_005528,남녀공용,STD_005529,4,스포츠/레져 > 등산 > 등산/아웃도어 신발 > 남녀공용
STD_005527,등산화,STD_005528,5,스포츠/레져 > 등산 > 등산/아웃도어 신발 > 남녀공용 > 등산화
STD_005530,릿지화(릿지겸용화),STD_005528,5,스포츠/레져 > 등산 > 등산/아웃도어 신발 > 남녀공용 > 릿지화(릿지겸용화)
STD_005531,빙벽화,STD_005528,5,스포츠/레져 > 등산 > 등산/아웃도어 신발 > 남녀공용 > 빙벽화
STD_005532,암벽화,STD_005528,5,스포츠/레져 > 등산 > 등산/아웃도어 신발 > 남녀공용 > 암벽화
STD_005533,트레킹화,STD_005528,5,스포츠/레져 > 등산 > 등산/아웃도어 신발 > 남녀공용 > 트레킹화
STD_005535,남성용,STD_005529,4,스포츠/레져 > 등산 > 등산/아웃도어 신발 > 남성용
STD_005534,등산화,STD_005535,5,스포츠/레져 > 등산 > 등산/아웃도어 신발 > 남성용 > 등산화
STD_005536,릿지화(릿지겸용화),STD_005535,5,스포츠/레져 > 등산 > 등산/아웃도어 신발 > 남성용 > 릿지화(릿지겸용화)
STD_005537,빙벽화,STD_005535,5,스포츠/레져 > 등산 > 등산/아웃도어 신발 > 남성용 > 빙벽화
STD_005538,암벽화,STD_005535,5,스포츠/레져 > 등산 > 등산/아웃도어 신발 > 남성용 > 암벽화
STD_005539,트레킹화,STD_005535,5,스포츠/레져 > 등산 > 등산/아웃도어 신발 > 남성용 > 트레킹화
STD_005541,여성용,STD_005529,4,스포츠/레져 > 등산 > 등산/아웃도어 신발 > 여성용
STD_005540,등산화,STD_005541,5,스포츠/레져 > 등산 > 등산/아웃도어 신발 > 여성용 > 등산화
STD_005542,릿지화(릿지겸용화),STD_005541,5,스포츠/레져 > 등산 > 등산/아웃도어 신발 > 여성용 > 릿지화(릿지겸용화)
STD_005543,빙벽화,STD_005541,5,스포츠/레져 > 등산 > 등산/아웃도어 신발 > 여성용 > 빙벽화
STD_005544,암벽화,STD_005541,5,스포츠/레져 > 등산 > 등산/아웃도어 신발 > 여성용 > 암벽화
STD_005545,트레킹화,STD_005541,5,스포츠/레져 > 등산 > 등산/아웃도어 신발 > 여성용 > 트레킹화
STD_005548,등산/아웃도어 잡화,STD_005519,3,스포츠/레져 > 등산 > 등산/아웃도어 잡화
STD_005547,등산모자,STD_005548,4,스포츠/레져 > 등산 > 등산/아웃도어 잡화 > 등산모자
STD_005546,등산모자(귀달이모자/고소모),STD_005547,5,스포츠/레져 > 등산 > 등산/아웃도어 잡화 > 등산모자 > 등산모자(귀달이모자/고소모)
STD_005549,등산모자(두건/반다나),STD_005547,5,스포츠/레져 > 등산 > 등산/아웃도어 잡화 > 등산모자 > 등산모자(두건/반다나)
STD_005550,등산모자(바이져),STD_005547,5,스포츠/레져 > 등산 > 등산/아웃도어 잡화 > 등산모자 > 등산모자(바이져)
STD_005551,등산모자(비니),STD_005547,5,스포츠/레져 > 등산 > 등산/아웃도어 잡화 > 등산모자 > 등산모자(비니)
STD_005552,등산모자(사파리모자),STD_005547,5,스포츠/레져 > 등산 > 등산/아웃도어 잡화 > 등산모자 > 등산모자(사파리모자)
STD_005553,등산모자(캡모자),STD_005547,5,스포츠/레져 > 등산 > 등산/아웃도어 잡화 > 등산모자 > 등산모자(캡모자)
STD_005554,등산양말/아웃도어양말,STD_005548,4,스포츠/레져 > 등산 > 등산/아웃도어 잡화 > 등산양말/아웃도어양말
STD_005555,등산우의/아웃도어우의/우비,STD_005548,4,스포츠/레져 > 등산 > 등산/아웃도어 잡화 > 등산우의/아웃도어우의/우비
STD_005557,등산/아웃도어 지갑/케이스,STD_005519,3,스포츠/레져 > 등산 > 등산/아웃도어 지갑/케이스
STD_005556,등산 다용도 케이스,STD_005557,4,스포츠/레져 > 등산 > 등산/아웃도어 지갑/케이스 > 등산 다용도 케이스
STD_005558,등산 지갑,STD_005557,4,스포츠/레져 > 등산 > 등산/아웃도어 지갑/케이스 > 등산 지갑
STD_005559,등산 팩/파우치,STD_005557,4,스포츠/레져 > 등산 > 등산/아웃도어 지갑/케이스 > 등산 팩/파우치
STD_005561,등산배낭 소품,STD_005519,3,스포츠/레져 > 등산 > 등산배낭 소품
STD_005560,등산배낭 스트랩,STD_005561,4,스포츠/레져 > 등산 > 등산배낭 소품 > 등산배낭 스트랩
STD_005562,등산배낭 어댑터,STD_005561,4,스포츠/레져 > 등산 > 등산배낭 소품 > 등산배낭 어댑터
STD_005563,등산배낭 자물쇠/잠금장치,STD_005561,4,스포츠/레져 > 등산 > 등산배낭 소품 > 등산배낭 자물쇠/잠금장치
STD_005564,등산배낭 헤드,STD_005561,4,스포츠/레져 > 등산 > 등산배낭 소품 > 등산배낭 헤드
STD_005565,등산배낭소품 세트,STD_005561,4,스포츠/레져 > 등산 > 등산배낭 소품 > 등산배낭소품 세트
STD_005566,등산배낭택,STD_005561,4,스포츠/레져 > 등산 > 등산배낭 소품 > 등산배낭택
STD_005567,등산배낭 커버,STD_005519,3,스포츠/레져 > 등산 > 등산배낭 커버
STD_005569,등산배낭/등산가방,STD_005519,3,스포츠/레져 > 등산 > 등산배낭/등산가방
STD_005568,등산 숄더백,STD_005569,4,스포츠/레져 > 등산 > 등산배낭/등산가방 > 등산 숄더백
STD_005570,등산 슬링백,STD_005569,4,스포츠/레져 > 등산 > 등산배낭/등산가방 > 등산 슬링백
STD_005571,등산 크로스백,STD_005569,4,스포츠/레져 > 등산 > 등산배낭/등산가방 > 등산 크로스백
STD_005572,등산 힙색/벨트색,STD_005569,4,스포츠/레져 > 등산 > 등산배낭/등산가방 > 등산 힙색/벨트색
STD_005573,등산배낭(대형배낭/50L이상),STD_005569,4,스포츠/레져 > 등산 > 등산배낭/등산가방 > 등산배낭(대형배낭/50L이상)
STD_005574,등산배낭(소형배낭/30L이하),STD_005569,4,스포츠/레져 > 등산 > 등산배낭/등산가방 > 등산배낭(소형배낭/30L이하)
STD_005575,등산배낭(중형배낭/30L초과),STD_005569,4,스포츠/레져 > 등산 > 등산배낭/등산가방 > 등산배낭(중형배낭/30L초과)
STD_005576,등산배낭/캠핑배낭세트,STD_005569,4,스포츠/레져 > 등산 > 등산배낭/등산가방 > 등산배낭/캠핑배낭세트
STD_005577,등산스틱,STD_005519,3,스포츠/레져 > 등산 > 등산스틱
STD_005579,로프/줄,STD_005519,3,스포츠/레져 > 등산 > 로프/줄
STD_005578,등반용 로프,STD_005579,4,스포츠/레져 > 등산 > 로프/줄 > 등반용 로프
STD_005580,로프 가방,STD_005579,4,스포츠/레져 > 등산 > 로프/줄 > 로프 가방
STD_005581,슬링,STD_005579,4,스포츠/레져 > 등산 > 로프/줄 > 슬링
STD_005582,확보줄,STD_005579,4,스포츠/레져 > 등산 > 로프/줄 > 확보줄
STD_005584,보호장비,STD_005519,3,스포츠/레져 > 등산 > 보호장비
STD_005583,등산장갑,STD_005584,4,스포츠/레져 > 등산 > 보호장비 > 등산장갑
STD_005585,크러쉬패드,STD_005584,4,스포츠/레져 > 등산 > 보호장비 > 크러쉬패드
STD_005586,하네스/안전벨트,STD_005584,4,스포츠/레져 > 등산 > 보호장비 > 하네스/안전벨트
STD_005587,헬멧,STD_005584,4,스포츠/레져 > 등산 > 보호장비 > 헬멧
STD_005589,얼음장비,STD_005519,3,스포츠/레져 > 등산 > 얼음장비
STD_005588,스크류/확보물,STD_005589,4,스포츠/레져 > 등산 > 얼음장비 > 스크류/확보물
STD_005590,스패츠,STD_005589,4,스포츠/레져 > 등산 > 얼음장비 > 스패츠
STD_005591,아이젠,STD_005589,4,스포츠/레져 > 등산 > 얼음장비 > 아이젠
STD_005592,피켈/바일/얼음망치,STD_005589,4,스포츠/레져 > 등산 > 얼음장비 > 피켈/바일/얼음망치
STD_005594,응급/안전용품,STD_005519,3,스포츠/레져 > 등산 > 응급/안전용품
STD_005593,비상담요,STD_005594,4,스포츠/레져 > 등산 > 응급/안전용품 > 비상담요
STD_005595,생존팔찌/파라코드,STD_005594,4,스포츠/레져 > 등산 > 응급/안전용품 > 생존팔찌/파라코드
STD_005596,서바이벌키트,STD_005594,4,스포츠/레져 > 등산 > 응급/안전용품 > 서바이벌키트
STD_005597,조난신호용품,STD_005594,4,스포츠/레져 > 등산 > 응급/안전용품 > 조난신호용품
STD_005598,파이어스타터,STD_005594,4,스포츠/레져 > 등산 > 응급/안전용품 > 파이어스타터
STD_005600,초크/초크백,STD_005519,3,스포츠/레져 > 등산 > 초크/초크백
STD_005599,초크,STD_005600,4,스포츠/레져 > 등산 > 초크/초크백 > 초크
STD_005601,초크백,STD_005600,4,스포츠/레져 > 등산 > 초크/초크백 > 초크백
STD_005603,측정장비,STD_005519,3,스포츠/레져 > 등산 > 측정장비
STD_005602,나침반,STD_005603,4,스포츠/레져 > 등산 > 측정장비 > 나침반
STD_005604,등산시계,STD_005603,4,스포츠/레져 > 등산 > 측정장비 > 등산시계
STD_005605,망원경,STD_005603,4,스포츠/레져 > 등산 > 측정장비 > 망원경
STD_005607,카라비너/퀵드로,STD_005519,3,스포츠/레져 > 등산 > 카라비너/퀵드로
STD_005606,카라비너,STD_005607,4,스포츠/레져 > 등산 > 카라비너/퀵드로 > 카라비너
STD_005608,퀵드로,STD_005607,4,스포츠/레져 > 등산 > 카라비너/퀵드로 > 퀵드로
STD_005610,훈련용품,STD_005519,3,스포츠/레져 > 등산 > 훈련용품
STD_005609,슬랙라인,STD_005610,4,스포츠/레져 > 등산 > 훈련용품 > 슬랙라인
STD_005611,클라이밍홀드/볼더링도구,STD_005610,4,스포츠/레져 > 등산 > 훈련용품 > 클라이밍홀드/볼더링도구
STD_005613,라켓스포츠,STD_005160,2,스포츠/레져 > 라켓스포츠
STD_005612,기타 라켓용품,STD_005613,3,스포츠/레져 > 라켓스포츠 > 기타 라켓용품
STD_005616,배드민턴,STD_005613,3,스포츠/레져 > 라켓스포츠 > 배드민턴
STD_005615,남녀공용,STD_005616,4,스포츠/레져 > 라켓스포츠 > 배드민턴 > 남녀공용
STD_005614,배드민턴복 바지,STD_005615,5,스포츠/레져 > 라켓스포츠 > 배드민턴 > 남녀공용 > 배드민턴복 바지
STD_005617,배드민턴복 상하의 세트,STD_005615,5,스포츠/레져 > 라켓스포츠 > 배드민턴 > 남녀공용 > 배드민턴복 상하의 세트
STD_005618,배드민턴복 티셔츠,STD_005615,5,스포츠/레져 > 라켓스포츠 > 배드민턴 > 남녀공용 > 배드민턴복 티셔츠
STD_005620,남성용,STD_005616,4,스포츠/레져 > 라켓스포츠 > 배드민턴 > 남성용
STD_005619,배드민턴복 바지,STD_005620,5,스포츠/레져 > 라켓스포츠 > 배드민턴 > 남성용 > 배드민턴복 바지
STD_005621,배드민턴복 상하의 세트,STD_005620,5,스포츠/레져 > 라켓스포츠 > 배드민턴 > 남성용 > 배드민턴복 상하의 세트
STD_005622,배드민턴복 티셔츠,STD_005620,5,스포츠/레져 > 라켓스포츠 > 배드민턴 > 남성용 > 배드민턴복 티셔츠
STD_005623,배드민턴 거트/스트링,STD_005616,4,스포츠/레져 > 라켓스포츠 > 배드민턴 > 배드민턴 거트/스트링
STD_005624,배드민턴 그립,STD_005616,4,스포츠/레져 > 라켓스포츠 > 배드민턴 > 배드민턴 그립
STD_005625,배드민턴 네트/지주,STD_005616,4,스포츠/레져 > 라켓스포츠 > 배드민턴 > 배드민턴 네트/지주
STD_005626,배드민턴 라켓,STD_005616,4,스포츠/레져 > 라켓스포츠 > 배드민턴 > 배드민턴 라켓
STD_005627,배드민턴 셔틀콕,STD_005616,4,스포츠/레져 > 라켓스포츠 > 배드민턴 > 배드민턴 셔틀콕
STD_005628,배드민턴가방,STD_005616,4,스포츠/레져 > 라켓스포츠 > 배드민턴 > 배드민턴가방
STD_005629,배드민턴화,STD_005616,4,스포츠/레져 > 라켓스포츠 > 배드민턴 > 배드민턴화
STD_005631,여성용,STD_005616,4,스포츠/레져 > 라켓스포츠 > 배드민턴 > 여성용
STD_005630,배드민턴복 바지,STD_005631,5,스포츠/레져 > 라켓스포츠 > 배드민턴 > 여성용 > 배드민턴복 바지
STD_005632,배드민턴복 상하의 세트,STD_005631,5,스포츠/레져 > 라켓스포츠 > 배드민턴 > 여성용 > 배드민턴복 상하의 세트
STD_005633,배드민턴복 스커트/원피스,STD_005631,5,스포츠/레져 > 라켓스포츠 > 배드민턴 > 여성용 > 배드민턴복 스커트/원피스
STD_005634,배드민턴복 티셔츠,STD_005631,5,스포츠/레져 > 라켓스포츠 > 배드민턴 > 여성용 > 배드민턴복 티셔츠
STD_005636,배드민턴/탁구/테니스 공용,STD_005613,3,스포츠/레져 > 라켓스포츠 > 배드민턴/탁구/테니스 공용
STD_005635,공용 배드민턴화/탁구화/테니스화,STD_005636,4,스포츠/레져 > 라켓스포츠 > 배드민턴/탁구/테니스 공용 > 공용 배드민턴화/탁구화/테니스화
STD_005638,남녀공용,STD_005636,4,스포츠/레져 > 라켓스포츠 > 배드민턴/탁구/테니스 공용 > 남녀공용
STD_005637,배드민턴복/탁구복/테니스복 공용 바지,STD_005638,5,스포츠/레져 > 라켓스포츠 > 배드민턴/탁구/테니스 공용 > 남녀공용 > 배드민턴복/탁구복/테니스복 공용 바지
STD_005639,배드민턴복/탁구복/테니스복 공용 상하의 세트,STD_005638,5,스포츠/레져 > 라켓스포츠 > 배드민턴/탁구/테니스 공용 > 남녀공용 > 배드민턴복/탁구복/테니스복 공용 상하의 세트
STD_005640,배드민턴복/탁구복/테니스복 공용 티셔츠,STD_005638,5,스포츠/레져 > 라켓스포츠 > 배드민턴/탁구/테니스 공용 > 남녀공용 > 배드민턴복/탁구복/테니스복 공용 티셔츠
STD_005642,남성용,STD_005636,4,스포츠/레져 > 라켓스포츠 > 배드민턴/탁구/테니스 공용 > 남성용
STD_005641,배드민턴복/탁구복/테니스복 공용 바지,STD_005642,5,스포츠/레져 > 라켓스포츠 > 배드민턴/탁구/테니스 공용 > 남성용 > 배드민턴복/탁구복/테니스복 공용 바지
STD_005643,배드민턴복/탁구복/테니스복 공용 상하의 세트,STD_005642,5,스포츠/레져 > 라켓스포츠 > 배드민턴/탁구/테니스 공용 > 남성용 > 배드민턴복/탁구복/테니스복 공용 상하의 세트
STD_005644,배드민턴복/탁구복/테니스복 공용 티셔츠,STD_005642,5,스포츠/레져 > 라켓스포츠 > 배드민턴/탁구/테니스 공용 > 남성용 > 배드민턴복/탁구복/테니스복 공용 티셔츠
STD_005646,여성용,STD_005636,4,스포츠/레져 > 라켓스포츠 > 배드민턴/탁구/테니스 공용 > 여성용
STD_005645,배드민턴복/탁구복/테니스복 공용 바지,STD_005646,5,스포츠/레져 > 라켓스포츠 > 배드민턴/탁구/테니스 공용 > 여성용 > 배드민턴복/탁구복/테니스복 공용 바지
STD_005647,배드민턴복/탁구복/테니스복 공용 상하의 세트,STD_005646,5,스포츠/레져 > 라켓스포츠 > 배드민턴/탁구/테니스 공용 > 여성용 > 배드민턴복/탁구복/테니스복 공용 상하의 세트
STD_005648,배드민턴복/탁구복/테니스복 공용 스커트/원피스,STD_005646,5,스포츠/레져 > 라켓스포츠 > 배드민턴/탁구/테니스 공용 > 여성용 > 배드민턴복/탁구복/테니스복 공용 스커트/원피스
STD_005649,배드민턴복/탁구복/테니스복 공용 티셔츠,STD_005646,5,스포츠/레져 > 라켓스포츠 > 배드민턴/탁구/테니스 공용 > 여성용 > 배드민턴복/탁구복/테니스복 공용 티셔츠
STD_005651,스쿼시,STD_005613,3,스포츠/레져 > 라켓스포츠 > 스쿼시
STD_005650,스쿼시 거트/스트링,STD_005651,4,스포츠/레져 > 라켓스포츠 > 스쿼시 > 스쿼시 거트/스트링
STD_005652,스쿼시 그립,STD_005651,4,스포츠/레져 > 라켓스포츠 > 스쿼시 > 스쿼시 그립
STD_005653,스쿼시 보호안경/고글,STD_005651,4,스포츠/레져 > 라켓스포츠 > 스쿼시 > 스쿼시 보호안경/고글
STD_005654,스쿼시공,STD_005651,4,스포츠/레져 > 라켓스포츠 > 스쿼시 > 스쿼시공
STD_005655,스쿼시라켓,STD_005651,4,스포츠/레져 > 라켓스포츠 > 스쿼시 > 스쿼시라켓
STD_005658,탁구,STD_005613,3,스포츠/레져 > 라켓스포츠 > 탁구
STD_005657,남녀공용,STD_005658,4,스포츠/레져 > 라켓스포츠 > 탁구 > 남녀공용
STD_005656,탁구복 바지,STD_005657,5,스포츠/레져 > 라켓스포츠 > 탁구 > 남녀공용 > 탁구복 바지
STD_005659,탁구복 상하의 세트,STD_005657,5,스포츠/레져 > 라켓스포츠 > 탁구 > 남녀공용 > 탁구복 상하의 세트
STD_005660,탁구복 티셔츠,STD_005657,5,스포츠/레져 > 라켓스포츠 > 탁구 > 남녀공용 > 탁구복 티셔츠
STD_005662,남성용,STD_005658,4,스포츠/레져 > 라켓스포츠 > 탁구 > 남성용
STD_005661,탁구복 바지,STD_005662,5,스포츠/레져 > 라켓스포츠 > 탁구 > 남성용 > 탁구복 바지
STD_005663,탁구복 상하의 세트,STD_005662,5,스포츠/레져 > 라켓스포츠 > 탁구 > 남성용 > 탁구복 상하의 세트
STD_005664,탁구복 티셔츠,STD_005662,5,스포츠/레져 > 라켓스포츠 > 탁구 > 남성용 > 탁구복 티셔츠
STD_005666,여성용,STD_005658,4,스포츠/레져 > 라켓스포츠 > 탁구 > 여성용
STD_005665,탁구복 바지,STD_005666,5,스포츠/레져 > 라켓스포츠 > 탁구 > 여성용 > 탁구복 바지
STD_005667,탁구복 상하의 세트,STD_005666,5,스포츠/레져 > 라켓스포츠 > 탁구 > 여성용 > 탁구복 상하의 세트
STD_005668,탁구복 스커트/원피스,STD_005666,5,스포츠/레져 > 라켓스포츠 > 탁구 > 여성용 > 탁구복 스커트/원피스
STD_005669,탁구복 티셔츠,STD_005666,5,스포츠/레져 > 라켓스포츠 > 탁구 > 여성용 > 탁구복 티셔츠
STD_005670,탁구 그립/탁구 라켓부품,STD_005658,4,스포츠/레져 > 라켓스포츠 > 탁구 > 탁구 그립/탁구 라켓부품
STD_005671,탁구 네트/지주,STD_005658,4,스포츠/레져 > 라켓스포츠 > 탁구 > 탁구 네트/지주
STD_005672,탁구 라켓,STD_005658,4,스포츠/레져 > 라켓스포츠 > 탁구 > 탁구 라켓
STD_005673,탁구 러버,STD_005658,4,스포츠/레져 > 라켓스포츠 > 탁구 > 탁구 러버
STD_005674,탁구 러버 접착제,STD_005658,4,스포츠/레져 > 라켓스포츠 > 탁구 > 탁구 러버 접착제
STD_005675,탁구 러버 클리너,STD_005658,4,스포츠/레져 > 라켓스포츠 > 탁구 > 탁구 러버 클리너
STD_005676,탁구 연습용품,STD_005658,4,스포츠/레져 > 라켓스포츠 > 탁구 > 탁구 연습용품
STD_005677,탁구가방/탁구케이스,STD_005658,4,스포츠/레져 > 라켓스포츠 > 탁구 > 탁구가방/탁구케이스
STD_005678,탁구공,STD_005658,4,스포츠/레져 > 라켓스포츠 > 탁구 > 탁구공
STD_005679,탁구대,STD_005658,4,스포츠/레져 > 라켓스포츠 > 탁구 > 탁구대
STD_005680,탁구화,STD_005658,4,스포츠/레져 > 라켓스포츠 > 탁구 > 탁구화
STD_005683,테니스,STD_005613,3,스포츠/레져 > 라켓스포츠 > 테니스
STD_005682,남녀공용,STD_005683,4,스포츠/레져 > 라켓스포츠 > 테니스 > 남녀공용
STD_005681,테니스 바지,STD_005682,5,스포츠/레져 > 라켓스포츠 > 테니스 > 남녀공용 > 테니스 바지
STD_005684,테니스 상하 세트,STD_005682,5,스포츠/레져 > 라켓스포츠 > 테니스 > 남녀공용 > 테니스 상하 세트
STD_005685,테니스 티셔츠,STD_005682,5,스포츠/레져 > 라켓스포츠 > 테니스 > 남녀공용 > 테니스 티셔츠
STD_005687,남성용,STD_005683,4,스포츠/레져 > 라켓스포츠 > 테니스 > 남성용
STD_005686,테니스 바지,STD_005687,5,스포츠/레져 > 라켓스포츠 > 테니스 > 남성용 > 테니스 바지
STD_005688,테니스 상하 세트,STD_005687,5,스포츠/레져 > 라켓스포츠 > 테니스 > 남성용 > 테니스 상하 세트
STD_005689,테니스 티셔츠,STD_005687,5,스포츠/레져 > 라켓스포츠 > 테니스 > 남성용 > 테니스 티셔츠
STD_005691,여성용,STD_005683,4,스포츠/레져 > 라켓스포츠 > 테니스 > 여성용
STD_005690,테니스 바지,STD_005691,5,스포츠/레져 > 라켓스포츠 > 테니스 > 여성용 > 테니스 바지
STD_005692,테니스 상하 세트,STD_005691,5,스포츠/레져 > 라켓스포츠 > 테니스 > 여성용 > 테니스 상하 세트
STD_005693,테니스 스커트/원피스,STD_005691,5,스포츠/레져 > 라켓스포츠 > 테니스 > 여성용 > 테니스 스커트/원피스
STD_005694,테니스 티셔츠,STD_005691,5,스포츠/레져 > 라켓스포츠 > 테니스 > 여성용 > 테니스 티셔츠
STD_005695,테니스 거트/스트링,STD_005683,4,스포츠/레져 > 라켓스포츠 > 테니스 > 테니스 거트/스트링
STD_005696,테니스 공 보관함,STD_005683,4,스포츠/레져 > 라켓스포츠 > 테니스 > 테니스 공 보관함
STD_005697,테니스 그립,STD_005683,4,스포츠/레져 > 라켓스포츠 > 테니스 > 테니스 그립
STD_005698,테니스 네트/지주,STD_005683,4,스포츠/레져 > 라켓스포츠 > 테니스 > 테니스 네트/지주
STD_005699,테니스 소품,STD_005683,4,스포츠/레져 > 라켓스포츠 > 테니스 > 테니스 소품
STD_005700,테니스 스트링머신/줄감개,STD_005683,4,스포츠/레져 > 라켓스포츠 > 테니스 > 테니스 스트링머신/줄감개
STD_005701,테니스 엘보링/댐프너/진동방지,STD_005683,4,스포츠/레져 > 라켓스포츠 > 테니스 > 테니스 엘보링/댐프너/진동방지
STD_005702,테니스 훈련용품,STD_005683,4,스포츠/레져 > 라켓스포츠 > 테니스 > 테니스 훈련용품
STD_005703,테니스가방/스쿼시가방 공용,STD_005683,4,스포츠/레져 > 라켓스포츠 > 테니스 > 테니스가방/스쿼시가방 공용
STD_005704,테니스공,STD_005683,4,스포츠/레져 > 라켓스포츠 > 테니스 > 테니스공
STD_005705,테니스라켓,STD_005683,4,스포츠/레져 > 라켓스포츠 > 테니스 > 테니스라켓
STD_005706,테니스화/스쿼시화,STD_005683,4,스포츠/레져 > 라켓스포츠 > 테니스 > 테니스화/스쿼시화
STD_005710,발레/댄스/에어로빅,STD_005160,2,스포츠/레져 > 발레/댄스/에어로빅
STD_005709,발레/댄스화,STD_005710,3,스포츠/레져 > 발레/댄스/에어로빅 > 발레/댄스화
STD_005708,성인용,STD_005709,4,스포츠/레져 > 발레/댄스/에어로빅 > 발레/댄스화 > 성인용
STD_005707,발레잡화/타이즈,STD_005708,5,스포츠/레져 > 발레/댄스/에어로빅 > 발레/댄스화 > 성인용 > 발레잡화/타이즈
STD_005711,에어로빅스타킹/타이즈,STD_005710,3,스포츠/레져 > 발레/댄스/에어로빅 > 에어로빅스타킹/타이즈
STD_005715,수영/수상스포츠,STD_005160,2,스포츠/레져 > 수영/수상스포츠
STD_005714,래쉬가드,STD_005715,3,스포츠/레져 > 수영/수상스포츠 > 래쉬가드
STD_005713,남녀공용,STD_005714,4,스포츠/레져 > 수영/수상스포츠 > 래쉬가드 > 남녀공용
STD_005712,래쉬가드 세트,STD_005713,5,스포츠/레져 > 수영/수상스포츠 > 래쉬가드 > 남녀공용 > 래쉬가드 세트
STD_005716,래쉬가드(상의),STD_005713,5,스포츠/레져 > 수영/수상스포츠 > 래쉬가드 > 남녀공용 > 래쉬가드(상의)
STD_005717,보드숏(비치 반바지),STD_005713,5,스포츠/레져 > 수영/수상스포츠 > 래쉬가드 > 남녀공용 > 보드숏(비치 반바지)
STD_005718,워터레깅스(긴바지),STD_005713,5,스포츠/레져 > 수영/수상스포츠 > 래쉬가드 > 남녀공용 > 워터레깅스(긴바지)
STD_005720,남성용,STD_005714,4,스포츠/레져 > 수영/수상스포츠 > 래쉬가드 > 남성용
STD_005719,래쉬가드 세트,STD_005720,5,스포츠/레져 > 수영/수상스포츠 > 래쉬가드 > 남성용 > 래쉬가드 세트
STD_005721,래쉬가드(상의),STD_005720,5,스포츠/레져 > 수영/수상스포츠 > 래쉬가드 > 남성용 > 래쉬가드(상의)
STD_005722,보드숏(비치 반바지),STD_005720,5,스포츠/레져 > 수영/수상스포츠 > 래쉬가드 > 남성용 > 보드숏(비치 반바지)
STD_005723,워터레깅스(긴바지),STD_005720,5,스포츠/레져 > 수영/수상스포츠 > 래쉬가드 > 남성용 > 워터레깅스(긴바지)
STD_005725,여성용,STD_005714,4,스포츠/레져 > 수영/수상스포츠 > 래쉬가드 > 여성용
STD_005724,래쉬가드 세트,STD_005725,5,스포츠/레져 > 수영/수상스포츠 > 래쉬가드 > 여성용 > 래쉬가드 세트
STD_005726,래쉬가드 이너,STD_005725,5,스포츠/레져 > 수영/수상스포츠 > 래쉬가드 > 여성용 > 래쉬가드 이너
STD_005727,래쉬가드(상의),STD_005725,5,스포츠/레져 > 수영/수상스포츠 > 래쉬가드 > 여성용 > 래쉬가드(상의)
STD_005728,보드숏(비치 반바지),STD_005725,5,스포츠/레져 > 수영/수상스포츠 > 래쉬가드 > 여성용 > 보드숏(비치 반바지)
STD_005729,워터레깅스(긴바지),STD_005725,5,스포츠/레져 > 수영/수상스포츠 > 래쉬가드 > 여성용 > 워터레깅스(긴바지)
STD_005731,주니어용(9~17세),STD_005714,4,스포츠/레져 > 수영/수상스포츠 > 래쉬가드 > 주니어용(9~17세)
STD_005730,남아 래쉬가드,STD_005731,5,스포츠/레져 > 수영/수상스포츠 > 래쉬가드 > 주니어용(9~17세) > 남아 래쉬가드
STD_005732,남아 워터레깅스,STD_005731,5,스포츠/레져 > 수영/수상스포츠 > 래쉬가드 > 주니어용(9~17세) > 남아 워터레깅스
STD_005733,여아 래쉬가드,STD_005731,5,스포츠/레져 > 수영/수상스포츠 > 래쉬가드 > 주니어용(9~17세) > 여아 래쉬가드
STD_005734,여아 워터레깅스/수영복반바지,STD_005731,5,스포츠/레져 > 수영/수상스포츠 > 래쉬가드 > 주니어용(9~17세) > 여아 워터레깅스/수영복반바지
STD_005736,서핑/수상보드,STD_005715,3,스포츠/레져 > 수영/수상스포츠 > 서핑/수상보드
STD_005735,리쉬코드,STD_005736,4,스포츠/레져 > 수영/수상스포츠 > 서핑/수상보드 > 리쉬코드
STD_005737,서핑모자,STD_005736,4,스포츠/레져 > 수영/수상스포츠 > 서핑/수상보드 > 서핑모자
STD_005738,서핑보드,STD_005736,4,스포츠/레져 > 수영/수상스포츠 > 서핑/수상보드 > 서핑보드
STD_005739,서핑보드/수상보드 부품,STD_005736,4,스포츠/레져 > 수영/수상스포츠 > 서핑/수상보드 > 서핑보드/수상보드 부품
STD_005740,서핑보드백,STD_005736,4,스포츠/레져 > 수영/수상스포츠 > 서핑/수상보드 > 서핑보드백
STD_005741,서핑슈트,STD_005736,4,스포츠/레져 > 수영/수상스포츠 > 서핑/수상보드 > 서핑슈트
STD_005742,서핑왁스,STD_005736,4,스포츠/레져 > 수영/수상스포츠 > 서핑/수상보드 > 서핑왁스
STD_005743,서핑장갑/보드장갑,STD_005736,4,스포츠/레져 > 수영/수상스포츠 > 서핑/수상보드 > 서핑장갑/보드장갑
STD_005744,서핑핀/웨이크핀,STD_005736,4,스포츠/레져 > 수영/수상스포츠 > 서핑/수상보드 > 서핑핀/웨이크핀
STD_005745,서핑헬멧/보드헬멧,STD_005736,4,스포츠/레져 > 수영/수상스포츠 > 서핑/수상보드 > 서핑헬멧/보드헬멧
STD_005746,수상보드 거치대,STD_005736,4,스포츠/레져 > 수영/수상스포츠 > 서핑/수상보드 > 수상보드 거치대
STD_005747,수상보드 바인딩,STD_005736,4,스포츠/레져 > 수영/수상스포츠 > 서핑/수상보드 > 수상보드 바인딩
STD_005748,웨이크보드/수상보드,STD_005736,4,스포츠/레져 > 수영/수상스포츠 > 서핑/수상보드 > 웨이크보드/수상보드
STD_005749,웨이크보드부츠,STD_005736,4,스포츠/레져 > 수영/수상스포츠 > 서핑/수상보드 > 웨이크보드부츠
STD_005750,패들보드,STD_005736,4,스포츠/레져 > 수영/수상스포츠 > 서핑/수상보드 > 패들보드
STD_005752,수상스키,STD_005715,3,스포츠/레져 > 수영/수상스포츠 > 수상스키
STD_005751,수상스키,STD_005752,4,스포츠/레져 > 수영/수상스포츠 > 수상스키 > 수상스키
STD_005753,수상스키 로프,STD_005752,4,스포츠/레져 > 수영/수상스포츠 > 수상스키 > 수상스키 로프
STD_005754,수상스키 바인딩,STD_005752,4,스포츠/레져 > 수영/수상스포츠 > 수상스키 > 수상스키 바인딩
STD_005756,수영/물놀이용품,STD_005715,3,스포츠/레져 > 수영/수상스포츠 > 수영/물놀이용품
STD_005755,구명조끼/착용형 보조용품,STD_005756,4,스포츠/레져 > 수영/수상스포츠 > 수영/물놀이용품 > 구명조끼/착용형 보조용품
STD_005757,귀마개/코마개,STD_005756,4,스포츠/레져 > 수영/수상스포츠 > 수영/물놀이용품 > 귀마개/코마개
STD_005758,물놀이 악세서리,STD_005756,4,스포츠/레져 > 수영/수상스포츠 > 수영/물놀이용품 > 물놀이 악세서리
STD_005759,부표/수상안전용품,STD_005756,4,스포츠/레져 > 수영/수상스포츠 > 수영/물놀이용품 > 부표/수상안전용품
STD_005760,수영훈련용품,STD_005756,4,스포츠/레져 > 수영/수상스포츠 > 수영/물놀이용품 > 수영훈련용품
STD_005761,안티포그용품,STD_005756,4,스포츠/레져 > 수영/수상스포츠 > 수영/물놀이용품 > 안티포그용품
STD_005762,오리손/물갈퀴,STD_005756,4,스포츠/레져 > 수영/수상스포츠 > 수영/물놀이용품 > 오리손/물갈퀴
STD_005763,킥판/킥보드,STD_005756,4,스포츠/레져 > 수영/수상스포츠 > 수영/물놀이용품 > 킥판/킥보드
STD_005766,수영복,STD_005715,3,스포츠/레져 > 수영/수상스포츠 > 수영복
STD_005765,남성용,STD_005766,4,스포츠/레져 > 수영/수상스포츠 > 수영복 > 남성용
STD_005764,남자 9부/남자 전신 수영복,STD_005765,5,스포츠/레져 > 수영/수상스포츠 > 수영복 > 남성용 > 남자 9부/남자 전신 수영복
STD_005767,남자 사각 수영복,STD_005765,5,스포츠/레져 > 수영/수상스포츠 > 수영복 > 남성용 > 남자 사각 수영복
STD_005768,남자 삼각 수영복,STD_005765,5,스포츠/레져 > 수영/수상스포츠 > 수영복 > 남성용 > 남자 삼각 수영복
STD_005770,여성용,STD_005766,4,스포츠/레져 > 수영/수상스포츠 > 수영복 > 여성용
STD_005769,2~9부/반전신수영복,STD_005770,5,스포츠/레져 > 수영/수상스포츠 > 수영복 > 여성용 > 2~9부/반전신수영복
STD_005771,레포츠용 비키니,STD_005770,5,스포츠/레져 > 수영/수상스포츠 > 수영복 > 여성용 > 레포츠용 비키니
STD_005772,수영복 브라캡,STD_005770,5,스포츠/레져 > 수영/수상스포츠 > 수영복 > 여성용 > 수영복 브라캡
STD_005773,실내 원피스 수영복,STD_005770,5,스포츠/레져 > 수영/수상스포츠 > 수영복 > 여성용 > 실내 원피스 수영복
STD_005774,커버업/비치웨어,STD_005770,5,스포츠/레져 > 수영/수상스포츠 > 수영복 > 여성용 > 커버업/비치웨어
STD_005776,주니어용(9~17세),STD_005766,4,스포츠/레져 > 수영/수상스포츠 > 수영복 > 주니어용(9~17세)
STD_005775,남아 수영복,STD_005776,5,스포츠/레져 > 수영/수상스포츠 > 수영복 > 주니어용(9~17세) > 남아 수영복
STD_005777,여아 수영복,STD_005776,5,스포츠/레져 > 수영/수상스포츠 > 수영복 > 주니어용(9~17세) > 여아 수영복
STD_005780,수영잡화,STD_005715,3,스포츠/레져 > 수영/수상스포츠 > 수영잡화
STD_005779,성인용,STD_005780,4,스포츠/레져 > 수영/수상스포츠 > 수영잡화 > 성인용
STD_005778,교체용 수경끈,STD_005779,5,스포츠/레져 > 수영/수상스포츠 > 수영잡화 > 성인용 > 교체용 수경끈
STD_005781,수경/물안경,STD_005779,5,스포츠/레져 > 수영/수상스포츠 > 수영잡화 > 성인용 > 수경/물안경
STD_005782,수영가방,STD_005779,5,스포츠/레져 > 수영/수상스포츠 > 수영잡화 > 성인용 > 수영가방
STD_005783,수영모,STD_005779,5,스포츠/레져 > 수영/수상스포츠 > 수영잡화 > 성인용 > 수영모
STD_005784,수영스포츠타월,STD_005780,4,스포츠/레져 > 수영/수상스포츠 > 수영잡화 > 수영스포츠타월
STD_005786,유아동/주니어용,STD_005780,4,스포츠/레져 > 수영/수상스포츠 > 수영잡화 > 유아동/주니어용
STD_005785,교체용 수경끈,STD_005786,5,스포츠/레져 > 수영/수상스포츠 > 수영잡화 > 유아동/주니어용 > 교체용 수경끈
STD_005787,수경/물안경,STD_005786,5,스포츠/레져 > 수영/수상스포츠 > 수영잡화 > 유아동/주니어용 > 수경/물안경
STD_005788,수영모,STD_005786,5,스포츠/레져 > 수영/수상스포츠 > 수영잡화 > 유아동/주니어용 > 수영모
STD_005790,스노클링/다이빙,STD_005715,3,스포츠/레져 > 수영/수상스포츠 > 스노클링/다이빙
STD_005789,다이빙 소품,STD_005790,4,스포츠/레져 > 수영/수상스포츠 > 스노클링/다이빙 > 다이빙 소품
STD_005791,다이빙 웻슈트/드라이슈트,STD_005790,4,스포츠/레져 > 수영/수상스포츠 > 스노클링/다이빙 > 다이빙 웻슈트/드라이슈트
STD_005792,다이빙 후드/다이빙모자,STD_005790,4,스포츠/레져 > 수영/수상스포츠 > 스노클링/다이빙 > 다이빙 후드/다이빙모자
STD_005793,다이빙나이프/공구,STD_005790,4,스포츠/레져 > 수영/수상스포츠 > 스노클링/다이빙 > 다이빙나이프/공구
STD_005794,다이빙릴,STD_005790,4,스포츠/레져 > 수영/수상스포츠 > 스노클링/다이빙 > 다이빙릴
STD_005795,다이빙부츠,STD_005790,4,스포츠/레져 > 수영/수상스포츠 > 스노클링/다이빙 > 다이빙부츠
STD_005796,다이빙웨이트/벨트,STD_005790,4,스포츠/레져 > 수영/수상스포츠 > 스노클링/다이빙 > 다이빙웨이트/벨트
STD_005797,다이빙장갑,STD_005790,4,스포츠/레져 > 수영/수상스포츠 > 스노클링/다이빙 > 다이빙장갑
STD_005798,다이빙컴퓨터/게이지,STD_005790,4,스포츠/레져 > 수영/수상스포츠 > 스노클링/다이빙 > 다이빙컴퓨터/게이지
STD_005799,레귤레이터/옥토퍼스/호흡기,STD_005790,4,스포츠/레져 > 수영/수상스포츠 > 스노클링/다이빙 > 레귤레이터/옥토퍼스/호흡기
STD_005800,리트렉터/장비걸이,STD_005790,4,스포츠/레져 > 수영/수상스포츠 > 스노클링/다이빙 > 리트렉터/장비걸이
STD_005801,마스크/잠수경(성인용),STD_005790,4,스포츠/레져 > 수영/수상스포츠 > 스노클링/다이빙 > 마스크/잠수경(성인용)
STD_005802,마스크/잠수경(아동용/아동성인공용),STD_005790,4,스포츠/레져 > 수영/수상스포츠 > 스노클링/다이빙 > 마스크/잠수경(아동용/아동성인공용)
STD_005803,부력조절기,STD_005790,4,스포츠/레져 > 수영/수상스포츠 > 스노클링/다이빙 > 부력조절기
STD_005804,산소통,STD_005790,4,스포츠/레져 > 수영/수상스포츠 > 스노클링/다이빙 > 산소통
STD_005805,수중랜턴,STD_005790,4,스포츠/레져 > 수영/수상스포츠 > 스노클링/다이빙 > 수중랜턴
STD_005806,수중총/작살,STD_005790,4,스포츠/레져 > 수영/수상스포츠 > 스노클링/다이빙 > 수중총/작살
STD_005807,스노클/호흡기,STD_005790,4,스포츠/레져 > 수영/수상스포츠 > 스노클링/다이빙 > 스노클/호흡기
STD_005808,스노클링/다이빙세트(성인용),STD_005790,4,스포츠/레져 > 수영/수상스포츠 > 스노클링/다이빙 > 스노클링/다이빙세트(성인용)
STD_005809,스노클링/다이빙세트(아동용/아동성인공용),STD_005790,4,스포츠/레져 > 수영/수상스포츠 > 스노클링/다이빙 > 스노클링/다이빙세트(아동용/아동성인공용)
STD_005810,오리발,STD_005790,4,스포츠/레져 > 수영/수상스포츠 > 스노클링/다이빙 > 오리발
STD_005811,핀서포트,STD_005790,4,스포츠/레져 > 수영/수상스포츠 > 스노클링/다이빙 > 핀서포트
STD_005813,제트스키,STD_005715,3,스포츠/레져 > 수영/수상스포츠 > 제트스키
STD_005812,제트스키 고글/가방,STD_005813,4,스포츠/레져 > 수영/수상스포츠 > 제트스키 > 제트스키 고글/가방
STD_005815,카누/카약/보트,STD_005715,3,스포츠/레져 > 수영/수상스포츠 > 카누/카약/보트
STD_005814,고무보트,STD_005815,4,스포츠/레져 > 수영/수상스포츠 > 카누/카약/보트 > 고무보트
STD_005816,보트 부품,STD_005815,4,스포츠/레져 > 수영/수상스포츠 > 카누/카약/보트 > 보트 부품
STD_005817,수상보트/제트스키,STD_005815,4,스포츠/레져 > 수영/수상스포츠 > 카누/카약/보트 > 수상보트/제트스키
STD_005818,카누/카약 거치대,STD_005815,4,스포츠/레져 > 수영/수상스포츠 > 카누/카약/보트 > 카누/카약 거치대
STD_005819,카누/카약 부품,STD_005815,4,스포츠/레져 > 수영/수상스포츠 > 카누/카약/보트 > 카누/카약 부품
STD_005820,카누/카약보트,STD_005815,4,스포츠/레져 > 수영/수상스포츠 > 카누/카약/보트 > 카누/카약보트
STD_005821,카누패들,STD_005815,4,스포츠/레져 > 수영/수상스포츠 > 카누/카약/보트 > 카누패들
STD_005822,카약패들,STD_005815,4,스포츠/레져 > 수영/수상스포츠 > 카누/카약/보트 > 카약패들
STD_005825,스키/겨울스포츠,STD_005160,2,스포츠/레져 > 스키/겨울스포츠
STD_005824,빙상스포츠,STD_005825,3,스포츠/레져 > 스키/겨울스포츠 > 빙상스포츠
STD_005823,스케이트 날집,STD_005824,4,스포츠/레져 > 스키/겨울스포츠 > 빙상스포츠 > 스케이트 날집
STD_005826,스케이트 부품,STD_005824,4,스포츠/레져 > 스키/겨울스포츠 > 빙상스포츠 > 스케이트 부품
STD_005827,스케이트 헬멧,STD_005824,4,스포츠/레져 > 스키/겨울스포츠 > 빙상스포츠 > 스케이트 헬멧
STD_005828,스케이트복/스케이트의류,STD_005824,4,스포츠/레져 > 스키/겨울스포츠 > 빙상스포츠 > 스케이트복/스케이트의류
STD_005829,스케이트화/스케이트구두,STD_005824,4,스포츠/레져 > 스키/겨울스포츠 > 빙상스포츠 > 스케이트화/스케이트구두
STD_005830,아이스하키/기타빙상용품,STD_005824,4,스포츠/레져 > 스키/겨울스포츠 > 빙상스포츠 > 아이스하키/기타빙상용품
STD_005831,컬링용품,STD_005824,4,스포츠/레져 > 스키/겨울스포츠 > 빙상스포츠 > 컬링용품
STD_005833,스노우보드화,STD_005825,3,스포츠/레져 > 스키/겨울스포츠 > 스노우보드화
STD_005832,보드부츠,STD_005833,4,스포츠/레져 > 스키/겨울스포츠 > 스노우보드화 > 보드부츠
STD_005835,스키/보드 잡화,STD_005825,3,스포츠/레져 > 스키/겨울스포츠 > 스키/보드 잡화
STD_005834,마스크/반다나,STD_005835,4,스포츠/레져 > 스키/겨울스포츠 > 스키/보드 잡화 > 마스크/반다나
STD_005836,보드장비가방,STD_005835,4,스포츠/레져 > 스키/겨울스포츠 > 스키/보드 잡화 > 보드장비가방
STD_005837,스키고글/보드고글,STD_005835,4,스포츠/레져 > 스키/겨울스포츠 > 스키/보드 잡화 > 스키고글/보드고글
STD_005838,스키넥워머/보드넥워머,STD_005835,4,스포츠/레져 > 스키/겨울스포츠 > 스키/보드 잡화 > 스키넥워머/보드넥워머
STD_005839,스키모자/보드모자,STD_005835,4,스포츠/레져 > 스키/겨울스포츠 > 스키/보드 잡화 > 스키모자/보드모자
STD_005840,스키양말/보드양말,STD_005835,4,스포츠/레져 > 스키/겨울스포츠 > 스키/보드 잡화 > 스키양말/보드양말
STD_005841,스키장비가방,STD_005835,4,스포츠/레져 > 스키/겨울스포츠 > 스키/보드 잡화 > 스키장비가방
STD_005843,스키/보드장비,STD_005825,3,스포츠/레져 > 스키/겨울스포츠 > 스키/보드장비
STD_005842,보드데크,STD_005843,4,스포츠/레져 > 스키/겨울스포츠 > 스키/보드장비 > 보드데크
STD_005844,보드바인딩,STD_005843,4,스포츠/레져 > 스키/겨울스포츠 > 스키/보드장비 > 보드바인딩
STD_005845,보드풀세트,STD_005843,4,스포츠/레져 > 스키/겨울스포츠 > 스키/보드장비 > 보드풀세트
STD_005846,스키바인딩,STD_005843,4,스포츠/레져 > 스키/겨울스포츠 > 스키/보드장비 > 스키바인딩
STD_005847,스키보호대/보드보호대,STD_005843,4,스포츠/레져 > 스키/겨울스포츠 > 스키/보드장비 > 스키보호대/보드보호대
STD_005848,스키장갑/보드장갑,STD_005843,4,스포츠/레져 > 스키/겨울스포츠 > 스키/보드장비 > 스키장갑/보드장갑
STD_005849,스키캐리어/보드캐리어,STD_005843,4,스포츠/레져 > 스키/겨울스포츠 > 스키/보드장비 > 스키캐리어/보드캐리어
STD_005850,스키폴/스키스틱,STD_005843,4,스포츠/레져 > 스키/겨울스포츠 > 스키/보드장비 > 스키폴/스키스틱
STD_005851,스키풀세트,STD_005843,4,스포츠/레져 > 스키/겨울스포츠 > 스키/보드장비 > 스키풀세트
STD_005852,스키플레이트,STD_005843,4,스포츠/레져 > 스키/겨울스포츠 > 스키/보드장비 > 스키플레이트
STD_005853,스키헬멧/보드헬멧,STD_005843,4,스포츠/레져 > 스키/겨울스포츠 > 스키/보드장비 > 스키헬멧/보드헬멧
STD_005854,스티커/튜닝용품,STD_005843,4,스포츠/레져 > 스키/겨울스포츠 > 스키/보드장비 > 스티커/튜닝용품
STD_005855,시즌권 케이스,STD_005843,4,스포츠/레져 > 스키/겨울스포츠 > 스키/보드장비 > 시즌권 케이스
STD_005856,왁스/관리용품,STD_005843,4,스포츠/레져 > 스키/겨울스포츠 > 스키/보드장비 > 왁스/관리용품
STD_005857,스키부츠,STD_005825,3,스포츠/레져 > 스키/겨울스포츠 > 스키부츠
STD_005861,스포츠 신발,STD_005160,2,스포츠/레져 > 스포츠 신발
STD_005860,스포츠슬리퍼/쪼리,STD_005861,3,스포츠/레져 > 스포츠 신발 > 스포츠슬리퍼/쪼리
STD_005859,성인용 스포츠슬리퍼/스포츠쪼리,STD_005860,4,스포츠/레져 > 스포츠 신발 > 스포츠슬리퍼/쪼리 > 성인용 스포츠슬리퍼/스포츠쪼리
STD_005858,스포츠슬리퍼/쪼리,STD_005859,5,스포츠/레져 > 스포츠 신발 > 스포츠슬리퍼/쪼리 > 성인용 스포츠슬리퍼/스포츠쪼리 > 스포츠슬리퍼/쪼리
STD_005864,아쿠아/메시슈즈,STD_005861,3,스포츠/레져 > 스포츠 신발 > 아쿠아/메시슈즈
STD_005863,남녀공용,STD_005864,4,스포츠/레져 > 스포츠 신발 > 아쿠아/메시슈즈 > 남녀공용
STD_005862,아쿠아슈즈/메시슈즈,STD_005863,5,스포츠/레져 > 스포츠 신발 > 아쿠아/메시슈즈 > 남녀공용 > 아쿠아슈즈/메시슈즈
STD_005866,남성용,STD_005864,4,스포츠/레져 > 스포츠 신발 > 아쿠아/메시슈즈 > 남성용
STD_005865,아쿠아슈즈/메시슈즈,STD_005866,5,스포츠/레져 > 스포츠 신발 > 아쿠아/메시슈즈 > 남성용 > 아쿠아슈즈/메시슈즈
STD_005868,여성용,STD_005864,4,스포츠/레져 > 스포츠 신발 > 아쿠아/메시슈즈 > 여성용
STD_005867,아쿠아슈즈/메시슈즈,STD_005868,5,스포츠/레져 > 스포츠 신발 > 아쿠아/메시슈즈 > 여성용 > 아쿠아슈즈/메시슈즈
STD_005870,스포츠 잡화,STD_005160,2,스포츠/레져 > 스포츠 잡화
STD_005869,드라이백,STD_005870,3,스포츠/레져 > 스포츠 잡화 > 드라이백
STD_005871,레그워머/발토시,STD_005870,3,스포츠/레져 > 스포츠 잡화 > 레그워머/발토시
STD_005872,바라클라바/후드넥워머,STD_005870,3,스포츠/레져 > 스포츠 잡화 > 바라클라바/후드넥워머
STD_005874,소품,STD_005870,3,스포츠/레져 > 스포츠 잡화 > 소품
STD_005873,안전밴드/안전팔찌,STD_005874,4,스포츠/레져 > 스포츠 잡화 > 소품 > 안전밴드/안전팔찌
STD_005875,스카프/넥워머/아이스머플러,STD_005870,3,스포츠/레져 > 스포츠 잡화 > 스카프/넥워머/아이스머플러
STD_005877,스포츠 가방,STD_005870,3,스포츠/레져 > 스포츠 잡화 > 스포츠 가방
STD_005876,스포츠 공용 슈즈백/신발가방,STD_005877,4,스포츠/레져 > 스포츠 잡화 > 스포츠 가방 > 스포츠 공용 슈즈백/신발가방
STD_005878,스포츠 공용 지갑/파우치/케이스,STD_005877,4,스포츠/레져 > 스포츠 잡화 > 스포츠 가방 > 스포츠 공용 지갑/파우치/케이스
STD_005879,스포츠 백팩,STD_005877,4,스포츠/레져 > 스포츠 잡화 > 스포츠 가방 > 스포츠 백팩
STD_005880,스포츠 크로스백,STD_005877,4,스포츠/레져 > 스포츠 잡화 > 스포츠 가방 > 스포츠 크로스백
STD_005881,스포츠 토트백/숄더백,STD_005877,4,스포츠/레져 > 스포츠 잡화 > 스포츠 가방 > 스포츠 토트백/숄더백
STD_005882,팀백/더플백,STD_005877,4,스포츠/레져 > 스포츠 잡화 > 스포츠 가방 > 팀백/더플백
STD_005883,힙색/허리색,STD_005877,4,스포츠/레져 > 스포츠 잡화 > 스포츠 가방 > 힙색/허리색
STD_005884,스포츠 귀마개,STD_005870,3,스포츠/레져 > 스포츠 잡화 > 스포츠 귀마개
STD_005885,스포츠 마스크,STD_005870,3,스포츠/레져 > 스포츠 잡화 > 스포츠 마스크
STD_005886,스포츠 모자,STD_005870,3,스포츠/레져 > 스포츠 잡화 > 스포츠 모자
STD_005887,스포츠 목걸이/팔찌,STD_005870,3,스포츠/레져 > 스포츠 잡화 > 스포츠 목걸이/팔찌
STD_005888,스포츠 물병,STD_005870,3,스포츠/레져 > 스포츠 잡화 > 스포츠 물병
STD_005889,스포츠 벨트,STD_005870,3,스포츠/레져 > 스포츠 잡화 > 스포츠 벨트
STD_005890,스포츠 선글라스,STD_005870,3,스포츠/레져 > 스포츠 잡화 > 스포츠 선글라스
STD_005891,스포츠 시계,STD_005870,3,스포츠/레져 > 스포츠 잡화 > 스포츠 시계
STD_005892,스포츠 아대/헤어밴드,STD_005870,3,스포츠/레져 > 스포츠 잡화 > 스포츠 아대/헤어밴드
STD_005893,스포츠 양말,STD_005870,3,스포츠/레져 > 스포츠 잡화 > 스포츠 양말
STD_005894,스포츠 장갑,STD_005870,3,스포츠/레져 > 스포츠 잡화 > 스포츠 장갑
STD_005895,팔토시/쿨토시,STD_005870,3,스포츠/레져 > 스포츠 잡화 > 팔토시/쿨토시
STD_005896,핸드/암워머,STD_005870,3,스포츠/레져 > 스포츠 잡화 > 핸드/암워머
STD_005898,심판용품,STD_005160,2,스포츠/레져 > 심판용품
STD_005897,기록지/카드,STD_005898,3,스포츠/레져 > 심판용품 > 기록지/카드
STD_005899,선심기/부심기,STD_005898,3,스포츠/레져 > 심판용품 > 선심기/부심기
STD_005900,심판 보호대,STD_005898,3,스포츠/레져 > 심판용품 > 심판 보호대
STD_005901,심판의류,STD_005898,3,스포츠/레져 > 심판용품 > 심판의류
STD_005903,작전판,STD_005898,3,스포츠/레져 > 심판용품 > 작전판
STD_005902,기타 구기 스포츠 작전판,STD_005903,4,스포츠/레져 > 심판용품 > 작전판 > 기타 구기 스포츠 작전판
STD_005904,농구작전판,STD_005903,4,스포츠/레져 > 심판용품 > 작전판 > 농구작전판
STD_005905,라켓 스포츠 작전판,STD_005903,4,스포츠/레져 > 심판용품 > 작전판 > 라켓 스포츠 작전판
STD_005906,배구/족구/피구 작전판,STD_005903,4,스포츠/레져 > 심판용품 > 작전판 > 배구/족구/피구 작전판
STD_005907,야구작전판,STD_005903,4,스포츠/레져 > 심판용품 > 작전판 > 야구작전판
STD_005908,축구작전판,STD_005903,4,스포츠/레져 > 심판용품 > 작전판 > 축구작전판
STD_005909,점수판/스코어보드,STD_005898,3,스포츠/레져 > 심판용품 > 점수판/스코어보드
STD_005910,호루라기,STD_005898,3,스포츠/레져 > 심판용품 > 호루라기
STD_005912,자전거,STD_005160,2,스포츠/레져 > 자전거
STD_005911,BMX자전거,STD_005912,3,스포츠/레져 > 자전거 > BMX자전거
STD_005913,MTB/산악용,STD_005912,3,스포츠/레져 > 자전거 > MTB/산악용
STD_005915,거치대/트레이너,STD_005912,3,스포츠/레져 > 자전거 > 거치대/트레이너
STD_005914,자전거 보관용 거치대,STD_005915,4,스포츠/레져 > 자전거 > 거치대/트레이너 > 자전거 보관용 거치대
STD_005916,자전거 차량용 거치대,STD_005915,4,스포츠/레져 > 자전거 > 거치대/트레이너 > 자전거 차량용 거치대
STD_005917,킥스탠드/받침대,STD_005915,4,스포츠/레져 > 자전거 > 거치대/트레이너 > 킥스탠드/받침대
STD_005918,트레이너/롤러,STD_005915,4,스포츠/레져 > 자전거 > 거치대/트레이너 > 트레이너/롤러
STD_005919,로드 자전거,STD_005912,3,스포츠/레져 > 자전거 > 로드 자전거
STD_005920,리컴번트 자전거,STD_005912,3,스포츠/레져 > 자전거 > 리컴번트 자전거
STD_005922,보호장비,STD_005912,3,스포츠/레져 > 자전거 > 보호장비
STD_005921,보호대(성인용),STD_005922,4,스포츠/레져 > 자전거 > 보호장비 > 보호대(성인용)
STD_005923,보호대(아동용/아동성인공용),STD_005922,4,스포츠/레져 > 자전거 > 보호장비 > 보호대(아동용/아동성인공용)
STD_005924,헬멧 커버,STD_005922,4,스포츠/레져 > 자전거 > 보호장비 > 헬멧 커버
STD_005925,헬멧(성인용),STD_005922,4,스포츠/레져 > 자전거 > 보호장비 > 헬멧(성인용)
STD_005926,헬멧(아동용/아동성인공용),STD_005922,4,스포츠/레져 > 자전거 > 보호장비 > 헬멧(아동용/아동성인공용)
STD_005928,아동용자전거,STD_005912,3,스포츠/레져 > 자전거 > 아동용자전거
STD_005927,두발 자전거,STD_005928,4,스포츠/레져 > 자전거 > 아동용자전거 > 두발 자전거
STD_005929,밸런스 자전거,STD_005928,4,스포츠/레져 > 자전거 > 아동용자전거 > 밸런스 자전거
STD_005930,보조바퀴 자전거,STD_005928,4,스포츠/레져 > 자전거 > 아동용자전거 > 보조바퀴 자전거
STD_005931,외발 자전거,STD_005912,3,스포츠/레져 > 자전거 > 외발 자전거
STD_005933,자전거 바구니/가방,STD_005912,3,스포츠/레져 > 자전거 > 자전거 바구니/가방
STD_005932,자전거 바구니,STD_005933,4,스포츠/레져 > 자전거 > 자전거 바구니/가방 > 자전거 바구니
STD_005934,자전거 백팩,STD_005933,4,스포츠/레져 > 자전거 > 자전거 바구니/가방 > 자전거 백팩
STD_005935,자전거 안장 가방,STD_005933,4,스포츠/레져 > 자전거 > 자전거 바구니/가방 > 자전거 안장 가방
STD_005936,자전거 캐링백/자전거 파우치,STD_005933,4,스포츠/레져 > 자전거 > 자전거 바구니/가방 > 자전거 캐링백/자전거 파우치
STD_005937,자전거 크로스 가방,STD_005933,4,스포츠/레져 > 자전거 > 자전거 바구니/가방 > 자전거 크로스 가방
STD_005938,자전거 패니어,STD_005933,4,스포츠/레져 > 자전거 > 자전거 바구니/가방 > 자전거 패니어
STD_005939,자전거 프레임가방,STD_005933,4,스포츠/레져 > 자전거 > 자전거 바구니/가방 > 자전거 프레임가방
STD_005940,자전거 핸들가방,STD_005933,4,스포츠/레져 > 자전거 > 자전거 바구니/가방 > 자전거 핸들가방
STD_005941,자전거 힙색,STD_005933,4,스포츠/레져 > 자전거 > 자전거 바구니/가방 > 자전거 힙색
STD_005943,자전거 신발/페달,STD_005912,3,스포츠/레져 > 자전거 > 자전거 신발/페달
STD_005942,MTB용 클릿슈즈,STD_005943,4,스포츠/레져 > 자전거 > 자전거 신발/페달 > MTB용 클릿슈즈
STD_005944,로드용 클릿슈즈,STD_005943,4,스포츠/레져 > 자전거 > 자전거 신발/페달 > 로드용 클릿슈즈
STD_005945,자전거 슈커버,STD_005943,4,스포츠/레져 > 자전거 > 자전거 신발/페달 > 자전거 슈커버
STD_005946,평페달용 신발,STD_005943,4,스포츠/레져 > 자전거 > 자전거 신발/페달 > 평페달용 신발
STD_005948,자전거 악세서리,STD_005912,3,스포츠/레져 > 자전거 > 자전거 악세서리
STD_005947,라이트 거치대,STD_005948,4,스포츠/레져 > 자전거 > 자전거 악세서리 > 라이트 거치대
STD_005949,물병 거치대,STD_005948,4,스포츠/레져 > 자전거 > 자전거 악세서리 > 물병 거치대
STD_005950,반사경/사이드미러,STD_005948,4,스포츠/레져 > 자전거 > 자전거 악세서리 > 반사경/사이드미러
STD_005951,스티커/자전거 데코,STD_005948,4,스포츠/레져 > 자전거 > 자전거 악세서리 > 스티커/자전거 데코
STD_005952,안장커버,STD_005948,4,스포츠/레져 > 자전거 > 자전거 악세서리 > 안장커버
STD_005953,유아 안장,STD_005948,4,스포츠/레져 > 자전거 > 자전거 악세서리 > 유아 안장
STD_005954,자전거 벨,STD_005948,4,스포츠/레져 > 자전거 > 자전거 악세서리 > 자전거 벨
STD_005955,자전거 속도계/GPS,STD_005948,4,스포츠/레져 > 자전거 > 자전거 악세서리 > 자전거 속도계/GPS
STD_005956,자전거 자물쇠,STD_005948,4,스포츠/레져 > 자전거 > 자전거 악세서리 > 자전거 자물쇠
STD_005957,자전거 짐받이,STD_005948,4,스포츠/레져 > 자전거 > 자전거 악세서리 > 자전거 짐받이
STD_005958,자전거 커버,STD_005948,4,스포츠/레져 > 자전거 > 자전거 악세서리 > 자전거 커버
STD_005959,자전거 트레일러,STD_005948,4,스포츠/레져 > 자전거 > 자전거 악세서리 > 자전거 트레일러
STD_005960,자전거 흙받이,STD_005948,4,스포츠/레져 > 자전거 > 자전거 악세서리 > 자전거 흙받이
STD_005961,전조등,STD_005948,4,스포츠/레져 > 자전거 > 자전거 악세서리 > 전조등
STD_005962,전조등/후미등 세트,STD_005948,4,스포츠/레져 > 자전거 > 자전거 악세서리 > 전조등/후미등 세트
STD_005963,짐고정/다용도로프,STD_005948,4,스포츠/레져 > 자전거 > 자전거 악세서리 > 짐고정/다용도로프
STD_005964,후미등,STD_005948,4,스포츠/레져 > 자전거 > 자전거 악세서리 > 후미등
STD_005965,휠라이트,STD_005948,4,스포츠/레져 > 자전거 > 자전거 악세서리 > 휠라이트
STD_005966,휴대폰 거치대,STD_005948,4,스포츠/레져 > 자전거 > 자전거 악세서리 > 휴대폰 거치대
STD_005968,자전거 잡화,STD_005912,3,스포츠/레져 > 자전거 > 자전거 잡화
STD_005967,자전거 양말,STD_005968,4,스포츠/레져 > 자전거 > 자전거 잡화 > 자전거 양말
STD_005969,자전거 장갑,STD_005968,4,스포츠/레져 > 자전거 > 자전거 잡화 > 자전거 장갑
STD_005970,자전거모자/쪽모자/조각모/두건,STD_005968,4,스포츠/레져 > 자전거 > 자전거 잡화 > 자전거모자/쪽모자/조각모/두건
STD_005973,자전거/라이딩복,STD_005912,3,스포츠/레져 > 자전거 > 자전거/라이딩복
STD_005972,남녀공용,STD_005973,4,스포츠/레져 > 자전거 > 자전거/라이딩복 > 남녀공용
STD_005971,자전거 바지/자전거 타이즈,STD_005972,5,스포츠/레져 > 자전거 > 자전거/라이딩복 > 남녀공용 > 자전거 바지/자전거 타이즈
STD_005974,자전거 빕숏,STD_005972,5,스포츠/레져 > 자전거 > 자전거/라이딩복 > 남녀공용 > 자전거 빕숏
STD_005975,자전거 상의/자전거 져지,STD_005972,5,스포츠/레져 > 자전거 > 자전거/라이딩복 > 남녀공용 > 자전거 상의/자전거 져지
STD_005976,자전거 상하의 세트,STD_005972,5,스포츠/레져 > 자전거 > 자전거/라이딩복 > 남녀공용 > 자전거 상하의 세트
STD_005977,자전거 속바지,STD_005972,5,스포츠/레져 > 자전거 > 자전거/라이딩복 > 남녀공용 > 자전거 속바지
STD_005978,자전거 자켓/조끼,STD_005972,5,스포츠/레져 > 자전거 > 자전거/라이딩복 > 남녀공용 > 자전거 자켓/조끼
STD_005980,남성용,STD_005973,4,스포츠/레져 > 자전거 > 자전거/라이딩복 > 남성용
STD_005979,자전거 바지/자전거 타이즈,STD_005980,5,스포츠/레져 > 자전거 > 자전거/라이딩복 > 남성용 > 자전거 바지/자전거 타이즈
STD_005981,자전거 빕숏,STD_005980,5,스포츠/레져 > 자전거 > 자전거/라이딩복 > 남성용 > 자전거 빕숏
STD_005982,자전거 상의/자전거 져지,STD_005980,5,스포츠/레져 > 자전거 > 자전거/라이딩복 > 남성용 > 자전거 상의/자전거 져지
STD_005983,자전거 상하의 세트,STD_005980,5,스포츠/레져 > 자전거 > 자전거/라이딩복 > 남성용 > 자전거 상하의 세트
STD_005984,자전거 속바지,STD_005980,5,스포츠/레져 > 자전거 > 자전거/라이딩복 > 남성용 > 자전거 속바지
STD_005985,자전거 자켓/조끼,STD_005980,5,스포츠/레져 > 자전거 > 자전거/라이딩복 > 남성용 > 자전거 자켓/조끼
STD_005987,여성용,STD_005973,4,스포츠/레져 > 자전거 > 자전거/라이딩복 > 여성용
STD_005986,자전거 바지/자전거 타이즈,STD_005987,5,스포츠/레져 > 자전거 > 자전거/라이딩복 > 여성용 > 자전거 바지/자전거 타이즈
STD_005988,자전거 빕숏,STD_005987,5,스포츠/레져 > 자전거 > 자전거/라이딩복 > 여성용 > 자전거 빕숏
STD_005989,자전거 상의/자전거 져지,STD_005987,5,스포츠/레져 > 자전거 > 자전거/라이딩복 > 여성용 > 자전거 상의/자전거 져지
STD_005990,자전거 상하의 세트,STD_005987,5,스포츠/레져 > 자전거 > 자전거/라이딩복 > 여성용 > 자전거 상하의 세트
STD_005991,자전거 속바지,STD_005987,5,스포츠/레져 > 자전거 > 자전거/라이딩복 > 여성용 > 자전거 속바지
STD_005992,자전거 자켓/조끼,STD_005987,5,스포츠/레져 > 자전거 > 자전거/라이딩복 > 여성용 > 자전거 자켓/조끼
STD_005993,자전거 치마,STD_005987,5,스포츠/레져 > 자전거 > 자전거/라이딩복 > 여성용 > 자전거 치마
STD_005994,우의/우비,STD_005973,4,스포츠/레져 > 자전거 > 자전거/라이딩복 > 우의/우비
STD_005996,자전거부품,STD_005912,3,스포츠/레져 > 자전거 > 자전거부품
STD_005995,림,STD_005996,4,스포츠/레져 > 자전거 > 자전거부품 > 림
STD_005997,림테이프,STD_005996,4,스포츠/레져 > 자전거 > 자전거부품 > 림테이프
STD_005998,바텀브라켓,STD_005996,4,스포츠/레져 > 자전거 > 자전거부품 > 바텀브라켓
STD_005999,밸브캡,STD_005996,4,스포츠/레져 > 자전거 > 자전거부품 > 밸브캡
STD_006000,변속기,STD_005996,4,스포츠/레져 > 자전거 > 자전거부품 > 변속기
STD_006001,보조발판,STD_005996,4,스포츠/레져 > 자전거 > 자전거부품 > 보조발판
STD_006002,브레이크,STD_005996,4,스포츠/레져 > 자전거 > 자전거부품 > 브레이크
STD_006003,브레이크 부품,STD_005996,4,스포츠/레져 > 자전거 > 자전거부품 > 브레이크 부품
STD_006004,브레이크 케이블,STD_005996,4,스포츠/레져 > 자전거 > 자전거부품 > 브레이크 케이블
STD_006005,서스펜션/쇼크,STD_005996,4,스포츠/레져 > 자전거 > 자전거부품 > 서스펜션/쇼크
STD_006006,스템,STD_005996,4,스포츠/레져 > 자전거 > 자전거부품 > 스템
STD_006007,스포크/바퀴 부품,STD_005996,4,스포츠/레져 > 자전거 > 자전거부품 > 스포크/바퀴 부품
STD_006008,안장부품,STD_005996,4,스포츠/레져 > 자전거 > 자전거부품 > 안장부품
STD_006009,자전거 안장,STD_005996,4,스포츠/레져 > 자전거 > 자전거부품 > 자전거 안장
STD_006010,자전거 타이어,STD_005996,4,스포츠/레져 > 자전거 > 자전거부품 > 자전거 타이어
STD_006011,자전거 튜브,STD_005996,4,스포츠/레져 > 자전거 > 자전거부품 > 자전거 튜브
STD_006012,자전거 페달,STD_005996,4,스포츠/레져 > 자전거 > 자전거부품 > 자전거 페달
STD_006013,자전거 포크,STD_005996,4,스포츠/레져 > 자전거 > 자전거부품 > 자전거 포크
STD_006014,자전거 프레임,STD_005996,4,스포츠/레져 > 자전거 > 자전거부품 > 자전거 프레임
STD_006015,전기자전거 배터리,STD_005996,4,스포츠/레져 > 자전거 > 자전거부품 > 전기자전거 배터리
STD_006016,체인,STD_005996,4,스포츠/레져 > 자전거 > 자전거부품 > 체인
STD_006017,체인/변속기 부품,STD_005996,4,스포츠/레져 > 자전거 > 자전거부품 > 체인/변속기 부품
STD_006018,체인링,STD_005996,4,스포츠/레져 > 자전거 > 자전거부품 > 체인링
STD_006019,체인텐셔너,STD_005996,4,스포츠/레져 > 자전거 > 자전거부품 > 체인텐셔너
STD_006020,크랭크암,STD_005996,4,스포츠/레져 > 자전거 > 자전거부품 > 크랭크암
STD_006021,클릿/페달 부속품,STD_005996,4,스포츠/레져 > 자전거 > 자전거부품 > 클릿/페달 부속품
STD_006023,타이어/바퀴,STD_005996,4,스포츠/레져 > 자전거 > 자전거부품 > 타이어/바퀴
STD_006022,보조바퀴,STD_006023,5,스포츠/레져 > 자전거 > 자전거부품 > 타이어/바퀴 > 보조바퀴
STD_006024,프리휠/스프라켓,STD_005996,4,스포츠/레져 > 자전거 > 자전거부품 > 프리휠/스프라켓
STD_006025,핸들 그립,STD_005996,4,스포츠/레져 > 자전거 > 자전거부품 > 핸들 그립
STD_006026,핸들바,STD_005996,4,스포츠/레져 > 자전거 > 자전거부품 > 핸들바
STD_006027,핸들바 테이프,STD_005996,4,스포츠/레져 > 자전거 > 자전거부품 > 핸들바 테이프
STD_006028,전기자전거,STD_005912,3,스포츠/레져 > 자전거 > 전기자전거
STD_006030,정비용품,STD_005912,3,스포츠/레져 > 자전거 > 정비용품
STD_006029,자전거 공구,STD_006030,4,스포츠/레져 > 자전거 > 정비용품 > 자전거 공구
STD_006031,자전거 세척/청소용품,STD_006030,4,스포츠/레져 > 자전거 > 정비용품 > 자전거 세척/청소용품
STD_006032,자전거 오일/윤활유,STD_006030,4,스포츠/레져 > 자전거 > 정비용품 > 자전거 오일/윤활유
STD_006033,자전거 펌프,STD_006030,4,스포츠/레져 > 자전거 > 정비용품 > 자전거 펌프
STD_006034,자전거 펑크패치,STD_006030,4,스포츠/레져 > 자전거 > 정비용품 > 자전거 펑크패치
STD_006035,클래식/미니벨로,STD_005912,3,스포츠/레져 > 자전거 > 클래식/미니벨로
STD_006036,텐덤/2인용 자전거,STD_005912,3,스포츠/레져 > 자전거 > 텐덤/2인용 자전거
STD_006037,펫바이크,STD_005912,3,스포츠/레져 > 자전거 > 펫바이크
STD_006038,픽시 자전거,STD_005912,3,스포츠/레져 > 자전거 > 픽시 자전거
STD_006039,하이브리드자전거,STD_005912,3,스포츠/레져 > 자전거 > 하이브리드자전거
STD_006042,철인3종경기,STD_005160,2,스포츠/레져 > 철인3종경기
STD_006041,경기복,STD_006042,3,스포츠/레져 > 철인3종경기 > 경기복
STD_006040,철인3종슈트/철인3종경기복,STD_006041,4,스포츠/레져 > 철인3종경기 > 경기복 > 철인3종슈트/철인3종경기복
STD_006044,측정용품,STD_005160,2,스포츠/레져 > 측정용품
STD_006043,계수기/카운터,STD_006044,3,스포츠/레져 > 측정용품 > 계수기/카운터
STD_006045,만보기/심박/칼로리측정기,STD_006044,3,스포츠/레져 > 측정용품 > 만보기/심박/칼로리측정기
STD_006046,스톱워치/타이머,STD_006044,3,스포츠/레져 > 측정용품 > 스톱워치/타이머
STD_006049,캠핑,STD_005160,2,스포츠/레져 > 캠핑
STD_006048,랜턴/조명,STD_006049,3,스포츠/레져 > 캠핑 > 랜턴/조명
STD_006047,랜턴,STD_006048,4,스포츠/레져 > 캠핑 > 랜턴/조명 > 랜턴
STD_006050,랜턴거치대/랜턴걸이,STD_006048,4,스포츠/레져 > 캠핑 > 랜턴/조명 > 랜턴거치대/랜턴걸이
STD_006051,랜턴소품,STD_006048,4,스포츠/레져 > 캠핑 > 랜턴/조명 > 랜턴소품
STD_006052,손전등,STD_006048,4,스포츠/레져 > 캠핑 > 랜턴/조명 > 손전등
STD_006053,헤드랜턴,STD_006048,4,스포츠/레져 > 캠핑 > 랜턴/조명 > 헤드랜턴
STD_006055,수납/정리소품,STD_006049,3,스포츠/레져 > 캠핑 > 수납/정리소품
STD_006054,캠핑 가방/케이스,STD_006055,4,스포츠/레져 > 캠핑 > 수납/정리소품 > 캠핑 가방/케이스
STD_006056,캠핑소품,STD_006055,4,스포츠/레져 > 캠핑 > 수납/정리소품 > 캠핑소품
STD_006057,캠핑용 건조대,STD_006055,4,스포츠/레져 > 캠핑 > 수납/정리소품 > 캠핑용 건조대
STD_006058,캠핑용 수납/선반,STD_006055,4,스포츠/레져 > 캠핑 > 수납/정리소품 > 캠핑용 수납/선반
STD_006059,캠핑장식용품,STD_006055,4,스포츠/레져 > 캠핑 > 수납/정리소품 > 캠핑장식용품
STD_006060,캠핑트레일러/캠핑웨건,STD_006055,4,스포츠/레져 > 캠핑 > 수납/정리소품 > 캠핑트레일러/캠핑웨건
STD_006062,의자/테이블,STD_006049,3,스포츠/레져 > 캠핑 > 의자/테이블
STD_006061,그네의자/해먹의자,STD_006062,4,스포츠/레져 > 캠핑 > 의자/테이블 > 그네의자/해먹의자
STD_006063,바베큐 테이블,STD_006062,4,스포츠/레져 > 캠핑 > 의자/테이블 > 바베큐 테이블
STD_006064,의자/테이블 세트,STD_006062,4,스포츠/레져 > 캠핑 > 의자/테이블 > 의자/테이블 세트
STD_006065,캠핑 테이블,STD_006062,4,스포츠/레져 > 캠핑 > 의자/테이블 > 캠핑 테이블
STD_006066,캠핑 테이블보,STD_006062,4,스포츠/레져 > 캠핑 > 의자/테이블 > 캠핑 테이블보
STD_006067,캠핑의자,STD_006062,4,스포츠/레져 > 캠핑 > 의자/테이블 > 캠핑의자
STD_006069,침낭/매트/해먹,STD_006049,3,스포츠/레져 > 캠핑 > 침낭/매트/해먹
STD_006068,돗자리,STD_006069,4,스포츠/레져 > 캠핑 > 침낭/매트/해먹 > 돗자리
STD_006070,베개/담요,STD_006069,4,스포츠/레져 > 캠핑 > 침낭/매트/해먹 > 베개/담요
STD_006071,야전침대,STD_006069,4,스포츠/레져 > 캠핑 > 침낭/매트/해먹 > 야전침대
STD_006072,에어매트/매트리스,STD_006069,4,스포츠/레져 > 캠핑 > 침낭/매트/해먹 > 에어매트/매트리스
STD_006073,이너매트/시트,STD_006069,4,스포츠/레져 > 캠핑 > 침낭/매트/해먹 > 이너매트/시트
STD_006074,침낭,STD_006069,4,스포츠/레져 > 캠핑 > 침낭/매트/해먹 > 침낭
STD_006075,침낭라이너,STD_006069,4,스포츠/레져 > 캠핑 > 침낭/매트/해먹 > 침낭라이너
STD_006076,침낭커버,STD_006069,4,스포츠/레져 > 캠핑 > 침낭/매트/해먹 > 침낭커버
STD_006077,침낭파우치,STD_006069,4,스포츠/레져 > 캠핑 > 침낭/매트/해먹 > 침낭파우치
STD_006078,캠핑매트/매트리스,STD_006069,4,스포츠/레져 > 캠핑 > 침낭/매트/해먹 > 캠핑매트/매트리스
STD_006079,캠핑방석,STD_006069,4,스포츠/레져 > 캠핑 > 침낭/매트/해먹 > 캠핑방석
STD_006080,해먹,STD_006069,4,스포츠/레져 > 캠핑 > 침낭/매트/해먹 > 해먹
STD_006081,해먹/침대 설치소품,STD_006069,4,스포츠/레져 > 캠핑 > 침낭/매트/해먹 > 해먹/침대 설치소품
STD_006083,캠핑공구,STD_006049,3,스포츠/레져 > 캠핑 > 캠핑공구
STD_006082,기타 캠핑 공구,STD_006083,4,스포츠/레져 > 캠핑 > 캠핑공구 > 기타 캠핑 공구
STD_006084,마체테/정글칼,STD_006083,4,스포츠/레져 > 캠핑 > 캠핑공구 > 마체테/정글칼
STD_006085,멀티툴/캠핑공구 세트,STD_006083,4,스포츠/레져 > 캠핑 > 캠핑공구 > 멀티툴/캠핑공구 세트
STD_006086,야전삽,STD_006083,4,스포츠/레져 > 캠핑 > 캠핑공구 > 야전삽
STD_006087,캠핑공구 가방,STD_006083,4,스포츠/레져 > 캠핑 > 캠핑공구 > 캠핑공구 가방
STD_006088,캠핑난방용품,STD_006083,4,스포츠/레져 > 캠핑 > 캠핑공구 > 캠핑난방용품
STD_006089,캠핑용 도끼/톱/망치,STD_006083,4,스포츠/레져 > 캠핑 > 캠핑공구 > 캠핑용 도끼/톱/망치
STD_006090,캠핑용 칼,STD_006083,4,스포츠/레져 > 캠핑 > 캠핑공구 > 캠핑용 칼
STD_006092,캠핑주방용품,STD_006049,3,스포츠/레져 > 캠핑 > 캠핑주방용품
STD_006091,가스/연료,STD_006092,4,스포츠/레져 > 캠핑 > 캠핑주방용품 > 가스/연료
STD_006093,가스그릴,STD_006092,4,스포츠/레져 > 캠핑 > 캠핑주방용품 > 가스그릴
STD_006094,가스토치,STD_006092,4,스포츠/레져 > 캠핑 > 캠핑주방용품 > 가스토치
STD_006095,그릴/오븐 소품,STD_006092,4,스포츠/레져 > 캠핑 > 캠핑주방용품 > 그릴/오븐 소품
STD_006096,그릴스탠드/버너스탠드,STD_006092,4,스포츠/레져 > 캠핑 > 캠핑주방용품 > 그릴스탠드/버너스탠드
STD_006097,냄비/프라이팬,STD_006092,4,스포츠/레져 > 캠핑 > 캠핑주방용품 > 냄비/프라이팬
STD_006098,다용도 보관용기,STD_006092,4,스포츠/레져 > 캠핑 > 캠핑주방용품 > 다용도 보관용기
STD_006099,더치오븐,STD_006092,4,스포츠/레져 > 캠핑 > 캠핑주방용품 > 더치오븐
STD_006100,물통,STD_006092,4,스포츠/레져 > 캠핑 > 캠핑주방용품 > 물통
STD_006101,바베큐 도구,STD_006092,4,스포츠/레져 > 캠핑 > 캠핑주방용품 > 바베큐 도구
STD_006102,반합/도시락통,STD_006092,4,스포츠/레져 > 캠핑 > 캠핑주방용품 > 반합/도시락통
STD_006103,발열제,STD_006092,4,스포츠/레져 > 캠핑 > 캠핑주방용품 > 발열제
STD_006104,버너 바람막이,STD_006092,4,스포츠/레져 > 캠핑 > 캠핑주방용품 > 버너 바람막이
STD_006105,버너 소품,STD_006092,4,스포츠/레져 > 캠핑 > 캠핑주방용품 > 버너 소품
STD_006106,버너/스토브,STD_006092,4,스포츠/레져 > 캠핑 > 캠핑주방용품 > 버너/스토브
STD_006107,볼,STD_006092,4,스포츠/레져 > 캠핑 > 캠핑주방용품 > 볼
STD_006108,설거지통,STD_006092,4,스포츠/레져 > 캠핑 > 캠핑주방용품 > 설거지통
STD_006109,수저/커트러리,STD_006092,4,스포츠/레져 > 캠핑 > 캠핑주방용품 > 수저/커트러리
STD_006110,숯/장작,STD_006092,4,스포츠/레져 > 캠핑 > 캠핑주방용품 > 숯/장작
STD_006111,숯불그릴/화로대,STD_006092,4,스포츠/레져 > 캠핑 > 캠핑주방용품 > 숯불그릴/화로대
STD_006112,스모커,STD_006092,4,스포츠/레져 > 캠핑 > 캠핑주방용품 > 스모커
STD_006113,식기세트,STD_006092,4,스포츠/레져 > 캠핑 > 캠핑주방용품 > 식기세트
STD_006115,아이스박스/쿨러,STD_006092,4,스포츠/레져 > 캠핑 > 캠핑주방용품 > 아이스박스/쿨러
STD_006114,소프트쿨러,STD_006115,5,스포츠/레져 > 캠핑 > 캠핑주방용품 > 아이스박스/쿨러 > 소프트쿨러
STD_006116,하드쿨러/아이스박스,STD_006115,5,스포츠/레져 > 캠핑 > 캠핑주방용품 > 아이스박스/쿨러 > 하드쿨러/아이스박스
STD_006117,양념통,STD_006092,4,스포츠/레져 > 캠핑 > 캠핑주방용품 > 양념통
STD_006118,연료통,STD_006092,4,스포츠/레져 > 캠핑 > 캠핑주방용품 > 연료통
STD_006119,재받침/숯받침대,STD_006092,4,스포츠/레져 > 캠핑 > 캠핑주방용품 > 재받침/숯받침대
STD_006120,조리도구세트,STD_006092,4,스포츠/레져 > 캠핑 > 캠핑주방용품 > 조리도구세트
STD_006121,주전자,STD_006092,4,스포츠/레져 > 캠핑 > 캠핑주방용품 > 주전자
STD_006122,칼/도마,STD_006092,4,스포츠/레져 > 캠핑 > 캠핑주방용품 > 칼/도마
STD_006123,캠핑 정수용품,STD_006092,4,스포츠/레져 > 캠핑 > 캠핑주방용품 > 캠핑 정수용품
STD_006124,커피메이커,STD_006092,4,스포츠/레져 > 캠핑 > 캠핑주방용품 > 커피메이커
STD_006125,컵,STD_006092,4,스포츠/레져 > 캠핑 > 캠핑주방용품 > 컵
STD_006126,코펠세트,STD_006092,4,스포츠/레져 > 캠핑 > 캠핑주방용품 > 코펠세트
STD_006127,플레이트,STD_006092,4,스포츠/레져 > 캠핑 > 캠핑주방용품 > 플레이트
STD_006129,타프/그늘막,STD_006049,3,스포츠/레져 > 캠핑 > 타프/그늘막
STD_006128,베스티블,STD_006129,4,스포츠/레져 > 캠핑 > 타프/그늘막 > 베스티블
STD_006130,어닝/사이드월,STD_006129,4,스포츠/레져 > 캠핑 > 타프/그늘막 > 어닝/사이드월
STD_006131,차광막/루프,STD_006129,4,스포츠/레져 > 캠핑 > 타프/그늘막 > 차광막/루프
STD_006132,천막/캐노피,STD_006129,4,스포츠/레져 > 캠핑 > 타프/그늘막 > 천막/캐노피
STD_006133,타프,STD_006129,4,스포츠/레져 > 캠핑 > 타프/그늘막 > 타프
STD_006134,타프스크린/타프쉘,STD_006129,4,스포츠/레져 > 캠핑 > 타프/그늘막 > 타프스크린/타프쉘
STD_006135,파라솔,STD_006129,4,스포츠/레져 > 캠핑 > 타프/그늘막 > 파라솔
STD_006137,텐트,STD_006049,3,스포츠/레져 > 캠핑 > 텐트
STD_006136,거실형/캐빈 텐트,STD_006137,4,스포츠/레져 > 캠핑 > 텐트 > 거실형/캐빈 텐트
STD_006138,그늘막 텐트,STD_006137,4,스포츠/레져 > 캠핑 > 텐트 > 그늘막 텐트
STD_006139,루프탑텐트,STD_006137,4,스포츠/레져 > 캠핑 > 텐트 > 루프탑텐트
STD_006140,비비색,STD_006137,4,스포츠/레져 > 캠핑 > 텐트 > 비비색
STD_006141,알파인/돔형 텐트,STD_006137,4,스포츠/레져 > 캠핑 > 텐트 > 알파인/돔형 텐트
STD_006142,티피 텐트,STD_006137,4,스포츠/레져 > 캠핑 > 텐트 > 티피 텐트
STD_006144,텐트/타프 부품,STD_006049,3,스포츠/레져 > 캠핑 > 텐트/타프 부품
STD_006143,TPU창/패널,STD_006144,4,스포츠/레져 > 캠핑 > 텐트/타프 부품 > TPU창/패널
STD_006145,기타 텐트 부품,STD_006144,4,스포츠/레져 > 캠핑 > 텐트/타프 부품 > 기타 텐트 부품
STD_006146,수선/수리 용품,STD_006144,4,스포츠/레져 > 캠핑 > 텐트/타프 부품 > 수선/수리 용품
STD_006147,스토퍼,STD_006144,4,스포츠/레져 > 캠핑 > 텐트/타프 부품 > 스토퍼
STD_006148,스트링 가드,STD_006144,4,스포츠/레져 > 캠핑 > 텐트/타프 부품 > 스트링 가드
STD_006149,타프클립,STD_006144,4,스포츠/레져 > 캠핑 > 텐트/타프 부품 > 타프클립
STD_006150,탄성끈/스트레치코드,STD_006144,4,스포츠/레져 > 캠핑 > 텐트/타프 부품 > 탄성끈/스트레치코드
STD_006151,텐트로프/스트링,STD_006144,4,스포츠/레져 > 캠핑 > 텐트/타프 부품 > 텐트로프/스트링
STD_006152,텐트펙,STD_006144,4,스포츠/레져 > 캠핑 > 텐트/타프 부품 > 텐트펙
STD_006153,폴대,STD_006144,4,스포츠/레져 > 캠핑 > 텐트/타프 부품 > 폴대
STD_006154,풋프린트/그라운드시트,STD_006144,4,스포츠/레져 > 캠핑 > 텐트/타프 부품 > 풋프린트/그라운드시트
STD_006156,화장실/샤워용품,STD_006049,3,스포츠/레져 > 캠핑 > 화장실/샤워용품
STD_006155,샤워부스/샤워텐트,STD_006156,4,스포츠/레져 > 캠핑 > 화장실/샤워용품 > 샤워부스/샤워텐트
STD_006157,캠핑 샤워기,STD_006156,4,스포츠/레져 > 캠핑 > 화장실/샤워용품 > 캠핑 샤워기
STD_006158,캠핑 세면기/물 키트,STD_006156,4,스포츠/레져 > 캠핑 > 화장실/샤워용품 > 캠핑 세면기/물 키트
STD_006159,캠핑용 변기/변기커버,STD_006156,4,스포츠/레져 > 캠핑 > 화장실/샤워용품 > 캠핑용 변기/변기커버
STD_006162,킥보드/스케이트,STD_005160,2,스포츠/레져 > 킥보드/스케이트
STD_006161,스케이트보드,STD_006162,3,스포츠/레져 > 킥보드/스케이트 > 스케이트보드
STD_006160,롱보드,STD_006161,4,스포츠/레져 > 킥보드/스케이트 > 스케이트보드 > 롱보드
STD_006163,보드공구/툴,STD_006161,4,스포츠/레져 > 킥보드/스케이트 > 스케이트보드 > 보드공구/툴
STD_006165,보드부품,STD_006161,4,스포츠/레져 > 킥보드/스케이트 > 스케이트보드 > 보드부품
STD_006164,그립테이프,STD_006165,5,스포츠/레져 > 킥보드/스케이트 > 스케이트보드 > 보드부품 > 그립테이프
STD_006166,데크,STD_006165,5,스포츠/레져 > 킥보드/스케이트 > 스케이트보드 > 보드부품 > 데크
STD_006167,베어링,STD_006165,5,스포츠/레져 > 킥보드/스케이트 > 스케이트보드 > 보드부품 > 베어링
STD_006168,트럭/부싱,STD_006165,5,스포츠/레져 > 킥보드/스케이트 > 스케이트보드 > 보드부품 > 트럭/부싱
STD_006169,휠,STD_006165,5,스포츠/레져 > 킥보드/스케이트 > 스케이트보드 > 보드부품 > 휠
STD_006170,스케이트보드,STD_006161,4,스포츠/레져 > 킥보드/스케이트 > 스케이트보드 > 스케이트보드
STD_006171,스케이트보드 가방,STD_006161,4,스포츠/레져 > 킥보드/스케이트 > 스케이트보드 > 스케이트보드 가방
STD_006172,에스보드,STD_006161,4,스포츠/레져 > 킥보드/스케이트 > 스케이트보드 > 에스보드
STD_006173,크루져보드,STD_006161,4,스포츠/레져 > 킥보드/스케이트 > 스케이트보드 > 크루져보드
STD_006175,인라인/롤러스케이트,STD_006162,3,스포츠/레져 > 킥보드/스케이트 > 인라인/롤러스케이트
STD_006174,롤러스케이트(성인용),STD_006175,4,스포츠/레져 > 킥보드/스케이트 > 인라인/롤러스케이트 > 롤러스케이트(성인용)
STD_006176,롤러스케이트(아동용/아동성인공용),STD_006175,4,스포츠/레져 > 킥보드/스케이트 > 인라인/롤러스케이트 > 롤러스케이트(아동용/아동성인공용)
STD_006177,인라인/롤러스케이트 부품,STD_006175,4,스포츠/레져 > 킥보드/스케이트 > 인라인/롤러스케이트 > 인라인/롤러스케이트 부품
STD_006178,인라인/롤러스케이트 정비공구,STD_006175,4,스포츠/레져 > 킥보드/스케이트 > 인라인/롤러스케이트 > 인라인/롤러스케이트 정비공구
STD_006179,인라인스케이트 가방,STD_006175,4,스포츠/레져 > 킥보드/스케이트 > 인라인/롤러스케이트 > 인라인스케이트 가방
STD_006180,인라인스케이트(성인용),STD_006175,4,스포츠/레져 > 킥보드/스케이트 > 인라인/롤러스케이트 > 인라인스케이트(성인용)
STD_006181,인라인스케이트(아동용/아동성인공용),STD_006175,4,스포츠/레져 > 킥보드/스케이트 > 인라인/롤러스케이트 > 인라인스케이트(아동용/아동성인공용)
STD_006182,탈부착형 슈즈롤러,STD_006175,4,스포츠/레져 > 킥보드/스케이트 > 인라인/롤러스케이트 > 탈부착형 슈즈롤러
STD_006184,전동휠/보드,STD_006162,3,스포츠/레져 > 킥보드/스케이트 > 전동휠/보드
STD_006183,배터리/충전기,STD_006184,4,스포츠/레져 > 킥보드/스케이트 > 전동휠/보드 > 배터리/충전기
STD_006185,저속전동스쿠터,STD_006184,4,스포츠/레져 > 킥보드/스케이트 > 전동휠/보드 > 저속전동스쿠터
STD_006186,전동 킥보드(성인용),STD_006184,4,스포츠/레져 > 킥보드/스케이트 > 전동휠/보드 > 전동 킥보드(성인용)
STD_006187,전동 킥보드(아동용/아동성인공용),STD_006184,4,스포츠/레져 > 킥보드/스케이트 > 전동휠/보드 > 전동 킥보드(아동용/아동성인공용)
STD_006188,전동 휠,STD_006184,4,스포츠/레져 > 킥보드/스케이트 > 전동휠/보드 > 전동 휠
STD_006190,킥보드/트라이더,STD_006162,3,스포츠/레져 > 킥보드/스케이트 > 킥보드/트라이더
STD_006189,킥보드 바퀴,STD_006190,4,스포츠/레져 > 킥보드/스케이트 > 킥보드/트라이더 > 킥보드 바퀴
STD_006191,킥보드 부품,STD_006190,4,스포츠/레져 > 킥보드/스케이트 > 킥보드/트라이더 > 킥보드 부품
STD_006192,킥보드(성인용),STD_006190,4,스포츠/레져 > 킥보드/스케이트 > 킥보드/트라이더 > 킥보드(성인용)
STD_006193,킥보드(아동용/아동성인공용),STD_006190,4,스포츠/레져 > 킥보드/스케이트 > 킥보드/트라이더 > 킥보드(아동용/아동성인공용)
STD_006194,트라이더,STD_006190,4,스포츠/레져 > 킥보드/스케이트 > 킥보드/트라이더 > 트라이더
STD_006197,헬스/요가,STD_005160,2,스포츠/레져 > 헬스/요가
STD_006196,요가/필라테스 잡화,STD_006197,3,스포츠/레져 > 헬스/요가 > 요가/필라테스 잡화
STD_006195,요가양말/필라테스양말,STD_006196,4,스포츠/레져 > 헬스/요가 > 요가/필라테스 잡화 > 요가양말/필라테스양말
STD_006198,요가장갑,STD_006196,4,스포츠/레져 > 헬스/요가 > 요가/필라테스 잡화 > 요가장갑
STD_006200,요가/필라테스용품,STD_006197,3,스포츠/레져 > 헬스/요가 > 요가/필라테스용품
STD_006199,마사지볼/라크로스볼,STD_006200,4,스포츠/레져 > 헬스/요가 > 요가/필라테스용품 > 마사지볼/라크로스볼
STD_006201,메디신볼/토닝볼,STD_006200,4,스포츠/레져 > 헬스/요가 > 요가/필라테스용품 > 메디신볼/토닝볼
STD_006202,요가매트,STD_006200,4,스포츠/레져 > 헬스/요가 > 요가/필라테스용품 > 요가매트
STD_006203,요가매트 가방,STD_006200,4,스포츠/레져 > 헬스/요가 > 요가/필라테스용품 > 요가매트 가방
STD_006204,요가밴드,STD_006200,4,스포츠/레져 > 헬스/요가 > 요가/필라테스용품 > 요가밴드
STD_006205,요가블럭,STD_006200,4,스포츠/레져 > 헬스/요가 > 요가/필라테스용품 > 요가블럭
STD_006206,요가스트랩/벨트,STD_006200,4,스포츠/레져 > 헬스/요가 > 요가/필라테스용품 > 요가스트랩/벨트
STD_006207,요가타올,STD_006200,4,스포츠/레져 > 헬스/요가 > 요가/필라테스용품 > 요가타올
STD_006208,요가해먹/고정장치,STD_006200,4,스포츠/레져 > 헬스/요가 > 요가/필라테스용품 > 요가해먹/고정장치
STD_006209,짐볼,STD_006200,4,스포츠/레져 > 헬스/요가 > 요가/필라테스용품 > 짐볼
STD_006210,폼롤러,STD_006200,4,스포츠/레져 > 헬스/요가 > 요가/필라테스용품 > 폼롤러
STD_006211,필라테스 링,STD_006200,4,스포츠/레져 > 헬스/요가 > 요가/필라테스용품 > 필라테스 링
STD_006212,필라테스기구/리포머,STD_006200,4,스포츠/레져 > 헬스/요가 > 요가/필라테스용품 > 필라테스기구/리포머
STD_006213,필라테스의자,STD_006200,4,스포츠/레져 > 헬스/요가 > 요가/필라테스용품 > 필라테스의자
STD_006215,헬스기구/용품,STD_006197,3,스포츠/레져 > 헬스/요가 > 헬스기구/용품
STD_006214,AB휠/슬라이더,STD_006215,4,스포츠/레져 > 헬스/요가 > 헬스기구/용품 > AB휠/슬라이더
STD_006216,EMS 트레이닝,STD_006215,4,스포츠/레져 > 헬스/요가 > 헬스기구/용품 > EMS 트레이닝
STD_006217,거꾸리,STD_006215,4,스포츠/레져 > 헬스/요가 > 헬스기구/용품 > 거꾸리
STD_006218,기타운동기구,STD_006215,4,스포츠/레져 > 헬스/요가 > 헬스기구/용품 > 기타운동기구
STD_006219,기타헬스소품,STD_006215,4,스포츠/레져 > 헬스/요가 > 헬스기구/용품 > 기타헬스소품
STD_006220,다리운동도구,STD_006215,4,스포츠/레져 > 헬스/요가 > 헬스기구/용품 > 다리운동도구
STD_006221,딥바/딥스바,STD_006215,4,스포츠/레져 > 헬스/요가 > 헬스기구/용품 > 딥바/딥스바
STD_006222,랫풀다운,STD_006215,4,스포츠/레져 > 헬스/요가 > 헬스기구/용품 > 랫풀다운
STD_006223,런닝머신,STD_006215,4,스포츠/레져 > 헬스/요가 > 헬스기구/용품 > 런닝머신
STD_006224,런닝머신 오일,STD_006215,4,스포츠/레져 > 헬스/요가 > 헬스기구/용품 > 런닝머신 오일
STD_006225,레그 프레스,STD_006215,4,스포츠/레져 > 헬스/요가 > 헬스기구/용품 > 레그 프레스
STD_006226,레그익스텐션,STD_006215,4,스포츠/레져 > 헬스/요가 > 헬스기구/용품 > 레그익스텐션
STD_006227,레그컬,STD_006215,4,스포츠/레져 > 헬스/요가 > 헬스기구/용품 > 레그컬
STD_006228,로만체어,STD_006215,4,스포츠/레져 > 헬스/요가 > 헬스기구/용품 > 로만체어
STD_006229,로잉머신,STD_006215,4,스포츠/레져 > 헬스/요가 > 헬스기구/용품 > 로잉머신
STD_006230,마구리,STD_006215,4,스포츠/레져 > 헬스/요가 > 헬스기구/용품 > 마구리
STD_006231,멀티힙,STD_006215,4,스포츠/레져 > 헬스/요가 > 헬스기구/용품 > 멀티힙
STD_006232,모래주머니/웨이트벨트,STD_006215,4,스포츠/레져 > 헬스/요가 > 헬스기구/용품 > 모래주머니/웨이트벨트
STD_006233,바/원판/바벨,STD_006215,4,스포츠/레져 > 헬스/요가 > 헬스기구/용품 > 바/원판/바벨
STD_006234,밸런스쿠션/보드,STD_006215,4,스포츠/레져 > 헬스/요가 > 헬스기구/용품 > 밸런스쿠션/보드
STD_006235,벤치/보드,STD_006215,4,스포츠/레져 > 헬스/요가 > 헬스기구/용품 > 벤치/보드
STD_006236,벨트마사지기,STD_006215,4,스포츠/레져 > 헬스/요가 > 헬스기구/용품 > 벨트마사지기
STD_006237,숄더/체스트프레스,STD_006215,4,스포츠/레져 > 헬스/요가 > 헬스기구/용품 > 숄더/체스트프레스
STD_006238,스쿼트랙/머신,STD_006215,4,스포츠/레져 > 헬스/요가 > 헬스기구/용품 > 스쿼트랙/머신
STD_006239,스테퍼,STD_006215,4,스포츠/레져 > 헬스/요가 > 헬스기구/용품 > 스테퍼
STD_006240,스텝박스,STD_006215,4,스포츠/레져 > 헬스/요가 > 헬스기구/용품 > 스텝박스
STD_006241,스트레칭보드/기구,STD_006215,4,스포츠/레져 > 헬스/요가 > 헬스기구/용품 > 스트레칭보드/기구
STD_006242,스트레칭봉,STD_006215,4,스포츠/레져 > 헬스/요가 > 헬스기구/용품 > 스트레칭봉
STD_006243,스포츠테이프,STD_006215,4,스포츠/레져 > 헬스/요가 > 헬스기구/용품 > 스포츠테이프
STD_006244,승마운동기구,STD_006215,4,스포츠/레져 > 헬스/요가 > 헬스기구/용품 > 승마운동기구
STD_006245,아령/덤벨,STD_006215,4,스포츠/레져 > 헬스/요가 > 헬스기구/용품 > 아령/덤벨
STD_006246,악력기/완력기,STD_006215,4,스포츠/레져 > 헬스/요가 > 헬스기구/용품 > 악력기/완력기
STD_006247,이너타이,STD_006215,4,스포츠/레져 > 헬스/요가 > 헬스기구/용품 > 이너타이
STD_006248,일립티컬,STD_006215,4,스포츠/레져 > 헬스/요가 > 헬스기구/용품 > 일립티컬
STD_006249,자동스테퍼,STD_006215,4,스포츠/레져 > 헬스/요가 > 헬스기구/용품 > 자동스테퍼
STD_006250,줄넘기,STD_006215,4,스포츠/레져 > 헬스/요가 > 헬스기구/용품 > 줄넘기
STD_006251,중량조끼,STD_006215,4,스포츠/레져 > 헬스/요가 > 헬스기구/용품 > 중량조끼
STD_006252,진동운동기구,STD_006215,4,스포츠/레져 > 헬스/요가 > 헬스기구/용품 > 진동운동기구
STD_006253,짐로프/밧줄운동,STD_006215,4,스포츠/레져 > 헬스/요가 > 헬스기구/용품 > 짐로프/밧줄운동
STD_006254,철봉,STD_006215,4,스포츠/레져 > 헬스/요가 > 헬스기구/용품 > 철봉
STD_006255,치닝디핑,STD_006215,4,스포츠/레져 > 헬스/요가 > 헬스기구/용품 > 치닝디핑
STD_006256,케틀벨,STD_006215,4,스포츠/레져 > 헬스/요가 > 헬스기구/용품 > 케틀벨
STD_006257,튜빙밴드/근력밴드,STD_006215,4,스포츠/레져 > 헬스/요가 > 헬스기구/용품 > 튜빙밴드/근력밴드
STD_006258,트램펄린,STD_006215,4,스포츠/레져 > 헬스/요가 > 헬스기구/용품 > 트램펄린
STD_006259,트위스트운동기구,STD_006215,4,스포츠/레져 > 헬스/요가 > 헬스기구/용품 > 트위스트운동기구
STD_006260,푸쉬업바,STD_006215,4,스포츠/레져 > 헬스/요가 > 헬스기구/용품 > 푸쉬업바
STD_006261,헬스보호대,STD_006215,4,스포츠/레져 > 헬스/요가 > 헬스기구/용품 > 헬스보호대
STD_006262,헬스사이클,STD_006215,4,스포츠/레져 > 헬스/요가 > 헬스기구/용품 > 헬스사이클
STD_006263,헬스스트랩,STD_006215,4,스포츠/레져 > 헬스/요가 > 헬스기구/용품 > 헬스스트랩
STD_006264,헬스용품 정리대,STD_006215,4,스포츠/레져 > 헬스/요가 > 헬스기구/용품 > 헬스용품 정리대
STD_006265,헬스장갑,STD_006215,4,스포츠/레져 > 헬스/요가 > 헬스기구/용품 > 헬스장갑
STD_006266,홈짐세트,STD_006215,4,스포츠/레져 > 헬스/요가 > 헬스기구/용품 > 홈짐세트
STD_006267,훌라후프,STD_006215,4,스포츠/레져 > 헬스/요가 > 헬스기구/용품 > 훌라후프
STD_006271,스포츠의류/운동화,ROOT,1,스포츠의류/운동화
STD_006270,기능성웨어,STD_006271,2,스포츠의류/운동화 > 기능성웨어
STD_006269,상의,STD_006270,3,스포츠의류/운동화 > 기능성웨어 > 상의
STD_006268,남성용,STD_006269,4,스포츠의류/운동화 > 기능성웨어 > 상의 > 남성용
STD_006272,여성용,STD_006269,4,스포츠의류/운동화 > 기능성웨어 > 상의 > 여성용
STD_006274,세트,STD_006270,3,스포츠의류/운동화 > 기능성웨어 > 세트
STD_006273,남성용,STD_006274,4,스포츠의류/운동화 > 기능성웨어 > 세트 > 남성용
STD_006275,여성용,STD_006274,4,스포츠의류/운동화 > 기능성웨어 > 세트 > 여성용
STD_006277,하의,STD_006270,3,스포츠의류/운동화 > 기능성웨어 > 하의
STD_006276,남성용,STD_006277,4,스포츠의류/운동화 > 기능성웨어 > 하의 > 남성용
STD_006278,여성용,STD_006277,4,스포츠의류/운동화 > 기능성웨어 > 하의 > 여성용
STD_006280,기타,STD_006271,2,스포츠의류/운동화 > 기타
STD_006279,기타,STD_006280,3,스포츠의류/운동화 > 기타 > 기타
STD_006282,남성스포츠신발,STD_006271,2,스포츠의류/운동화 > 남성스포츠신발
STD_006281,런닝화,STD_006282,3,스포츠의류/운동화 > 남성스포츠신발 > 런닝화
STD_006283,방한화,STD_006282,3,스포츠의류/운동화 > 남성스포츠신발 > 방한화
STD_006284,샌들,STD_006282,3,스포츠의류/운동화 > 남성스포츠신발 > 샌들
STD_006285,스니커즈,STD_006282,3,스포츠의류/운동화 > 남성스포츠신발 > 스니커즈
STD_006286,슬리퍼,STD_006282,3,스포츠의류/운동화 > 남성스포츠신발 > 슬리퍼
STD_006287,슬립온,STD_006282,3,스포츠의류/운동화 > 남성스포츠신발 > 슬립온
STD_006288,아쿠아슈즈,STD_006282,3,스포츠의류/운동화 > 남성스포츠신발 > 아쿠아슈즈
STD_006289,운동화,STD_006282,3,스포츠의류/운동화 > 남성스포츠신발 > 운동화
STD_006290,워킹화,STD_006282,3,스포츠의류/운동화 > 남성스포츠신발 > 워킹화
STD_006292,남성스포츠의류,STD_006271,2,스포츠의류/운동화 > 남성스포츠의류
STD_006291,가디건,STD_006292,3,스포츠의류/운동화 > 남성스포츠의류 > 가디건
STD_006293,긴바지,STD_006292,3,스포츠의류/운동화 > 남성스포츠의류 > 긴바지
STD_006294,긴팔티셔츠,STD_006292,3,스포츠의류/운동화 > 남성스포츠의류 > 긴팔티셔츠
STD_006295,니트,STD_006292,3,스포츠의류/운동화 > 남성스포츠의류 > 니트
STD_006296,다운/패딩,STD_006292,3,스포츠의류/운동화 > 남성스포츠의류 > 다운/패딩
STD_006297,레인코트,STD_006292,3,스포츠의류/운동화 > 남성스포츠의류 > 레인코트
STD_006298,맨투맨,STD_006292,3,스포츠의류/운동화 > 남성스포츠의류 > 맨투맨
STD_006299,민소매/탑,STD_006292,3,스포츠의류/운동화 > 남성스포츠의류 > 민소매/탑
STD_006300,바람막이/재킷,STD_006292,3,스포츠의류/운동화 > 남성스포츠의류 > 바람막이/재킷
STD_006301,반바지,STD_006292,3,스포츠의류/운동화 > 남성스포츠의류 > 반바지
STD_006302,반팔티셔츠,STD_006292,3,스포츠의류/운동화 > 남성스포츠의류 > 반팔티셔츠
STD_006303,점퍼,STD_006292,3,스포츠의류/운동화 > 남성스포츠의류 > 점퍼
STD_006304,조끼/베스트,STD_006292,3,스포츠의류/운동화 > 남성스포츠의류 > 조끼/베스트
STD_006305,집업,STD_006292,3,스포츠의류/운동화 > 남성스포츠의류 > 집업
STD_006306,트레이닝복,STD_006292,3,스포츠의류/운동화 > 남성스포츠의류 > 트레이닝복
STD_006307,후드,STD_006292,3,스포츠의류/운동화 > 남성스포츠의류 > 후드
STD_006309,스포츠가방,STD_006271,2,스포츠의류/운동화 > 스포츠가방
STD_006308,기타스포츠가방,STD_006309,3,스포츠의류/운동화 > 스포츠가방 > 기타스포츠가방
STD_006310,더플백,STD_006309,3,스포츠의류/운동화 > 스포츠가방 > 더플백
STD_006311,배럴백,STD_006309,3,스포츠의류/운동화 > 스포츠가방 > 배럴백
STD_006313,백팩,STD_006309,3,스포츠의류/운동화 > 스포츠가방 > 백팩
STD_006312,남성용,STD_006313,4,스포츠의류/운동화 > 스포츠가방 > 백팩 > 남성용
STD_006314,여성용,STD_006313,4,스포츠의류/운동화 > 스포츠가방 > 백팩 > 여성용
STD_006316,숄더백,STD_006309,3,스포츠의류/운동화 > 스포츠가방 > 숄더백
STD_006315,남성용,STD_006316,4,스포츠의류/운동화 > 스포츠가방 > 숄더백 > 남성용
STD_006317,여성용,STD_006316,4,스포츠의류/운동화 > 스포츠가방 > 숄더백 > 여성용
STD_006318,스포츠백팩,STD_006309,3,스포츠의류/운동화 > 스포츠가방 > 스포츠백팩
STD_006319,스포츠숄더백,STD_006309,3,스포츠의류/운동화 > 스포츠가방 > 스포츠숄더백
STD_006320,스포츠크로스백,STD_006309,3,스포츠의류/운동화 > 스포츠가방 > 스포츠크로스백
STD_006321,스포츠힙색/허리색,STD_006309,3,스포츠의류/운동화 > 스포츠가방 > 스포츠힙색/허리색
STD_006322,짐색,STD_006309,3,스포츠의류/운동화 > 스포츠가방 > 짐색
STD_006324,크로스백,STD_006309,3,스포츠의류/운동화 > 스포츠가방 > 크로스백
STD_006323,남성용,STD_006324,4,스포츠의류/운동화 > 스포츠가방 > 크로스백 > 남성용
STD_006325,여성용,STD_006324,4,스포츠의류/운동화 > 스포츠가방 > 크로스백 > 여성용
STD_006327,토트백,STD_006309,3,스포츠의류/운동화 > 스포츠가방 > 토트백
STD_006326,남성용,STD_006327,4,스포츠의류/운동화 > 스포츠가방 > 토트백 > 남성용
STD_006328,여성용,STD_006327,4,스포츠의류/운동화 > 스포츠가방 > 토트백 > 여성용
STD_006330,힙색,STD_006309,3,스포츠의류/운동화 > 스포츠가방 > 힙색
STD_006329,남성용,STD_006330,4,스포츠의류/운동화 > 스포츠가방 > 힙색 > 남성용
STD_006331,여성용,STD_006330,4,스포츠의류/운동화 > 스포츠가방 > 힙색 > 여성용
STD_006333,스포츠기타용품,STD_006271,2,스포츠의류/운동화 > 스포츠기타용품
STD_006332,계수기,STD_006333,3,스포츠의류/운동화 > 스포츠기타용품 > 계수기
STD_006334,기타스포츠용품,STD_006333,3,스포츠의류/운동화 > 스포츠기타용품 > 기타스포츠용품
STD_006335,스톱워치,STD_006333,3,스포츠의류/운동화 > 스포츠기타용품 > 스톱워치
STD_006336,스포츠기록지/카드,STD_006333,3,스포츠의류/운동화 > 스포츠기타용품 > 스포츠기록지/카드
STD_006337,에어펌프,STD_006333,3,스포츠의류/운동화 > 스포츠기타용품 > 에어펌프
STD_006338,점수판/작전판,STD_006333,3,스포츠의류/운동화 > 스포츠기타용품 > 점수판/작전판
STD_006339,호루라기,STD_006333,3,스포츠의류/운동화 > 스포츠기타용품 > 호루라기
STD_006341,스포츠남성의류,STD_006271,2,스포츠의류/운동화 > 스포츠남성의류
STD_006340,남성스포츠레깅스,STD_006341,3,스포츠의류/운동화 > 스포츠남성의류 > 남성스포츠레깅스
STD_006342,남성스포츠바지,STD_006341,3,스포츠의류/운동화 > 스포츠남성의류 > 남성스포츠바지
STD_006343,남성스포츠재킷,STD_006341,3,스포츠의류/운동화 > 스포츠남성의류 > 남성스포츠재킷
STD_006344,남성스포츠점퍼,STD_006341,3,스포츠의류/운동화 > 스포츠남성의류 > 남성스포츠점퍼
STD_006345,남성스포츠조끼,STD_006341,3,스포츠의류/운동화 > 스포츠남성의류 > 남성스포츠조끼
STD_006346,남성스포츠티셔츠,STD_006341,3,스포츠의류/운동화 > 스포츠남성의류 > 남성스포츠티셔츠
STD_006347,남성트레이닝복,STD_006341,3,스포츠의류/운동화 > 스포츠남성의류 > 남성트레이닝복
STD_006349,스포츠모자,STD_006271,2,스포츠의류/운동화 > 스포츠모자
STD_006348,방한모,STD_006349,3,스포츠의류/운동화 > 스포츠모자 > 방한모
STD_006350,비니,STD_006349,3,스포츠의류/운동화 > 스포츠모자 > 비니
STD_006351,스냅백,STD_006349,3,스포츠의류/운동화 > 스포츠모자 > 스냅백
STD_006352,스포츠비니,STD_006349,3,스포츠의류/운동화 > 스포츠모자 > 스포츠비니
STD_006353,스포츠썬바이저,STD_006349,3,스포츠의류/운동화 > 스포츠모자 > 스포츠썬바이저
STD_006354,스포츠캡모자,STD_006349,3,스포츠의류/운동화 > 스포츠모자 > 스포츠캡모자
STD_006355,썬캡/썬바이저,STD_006349,3,스포츠의류/운동화 > 스포츠모자 > 썬캡/썬바이저
STD_006357,스포츠보호용품,STD_006271,2,스포츠의류/운동화 > 스포츠보호용품
STD_006356,기타스포츠보호용품,STD_006357,3,스포츠의류/운동화 > 스포츠보호용품 > 기타스포츠보호용품
STD_006358,무릎보호대,STD_006357,3,스포츠의류/운동화 > 스포츠보호용품 > 무릎보호대
STD_006359,발목보호대,STD_006357,3,스포츠의류/운동화 > 스포츠보호용품 > 발목보호대
STD_006360,손목보호대,STD_006357,3,스포츠의류/운동화 > 스포츠보호용품 > 손목보호대
STD_006361,테이핑,STD_006357,3,스포츠의류/운동화 > 스포츠보호용품 > 테이핑
STD_006362,팔꿈치보호대,STD_006357,3,스포츠의류/운동화 > 스포츠보호용품 > 팔꿈치보호대
STD_006363,허리보호대,STD_006357,3,스포츠의류/운동화 > 스포츠보호용품 > 허리보호대
STD_006365,스포츠여성의류,STD_006271,2,스포츠의류/운동화 > 스포츠여성의류
STD_006364,여성스포츠레깅스,STD_006365,3,스포츠의류/운동화 > 스포츠여성의류 > 여성스포츠레깅스
STD_006366,여성스포츠바지,STD_006365,3,스포츠의류/운동화 > 스포츠여성의류 > 여성스포츠바지
STD_006367,여성스포츠스커트,STD_006365,3,스포츠의류/운동화 > 스포츠여성의류 > 여성스포츠스커트
STD_006368,여성스포츠재킷,STD_006365,3,스포츠의류/운동화 > 스포츠여성의류 > 여성스포츠재킷
STD_006369,여성스포츠점퍼,STD_006365,3,스포츠의류/운동화 > 스포츠여성의류 > 여성스포츠점퍼
STD_006370,여성스포츠조끼,STD_006365,3,스포츠의류/운동화 > 스포츠여성의류 > 여성스포츠조끼
STD_006371,여성스포츠티셔츠,STD_006365,3,스포츠의류/운동화 > 스포츠여성의류 > 여성스포츠티셔츠
STD_006372,여성트레이닝복,STD_006365,3,스포츠의류/운동화 > 스포츠여성의류 > 여성트레이닝복
STD_006374,스포츠이너웨어,STD_006271,2,스포츠의류/운동화 > 스포츠이너웨어
STD_006373,스포츠브라,STD_006374,3,스포츠의류/운동화 > 스포츠이너웨어 > 스포츠브라
STD_006375,스포츠팬티,STD_006374,3,스포츠의류/운동화 > 스포츠이너웨어 > 스포츠팬티
STD_006376,언더레이어,STD_006374,3,스포츠의류/운동화 > 스포츠이너웨어 > 언더레이어
STD_006378,스포츠잡화,STD_006271,2,스포츠의류/운동화 > 스포츠잡화
STD_006377,고글/스포츠선글라스,STD_006378,3,스포츠의류/운동화 > 스포츠잡화 > 고글/스포츠선글라스
STD_006379,기타,STD_006378,3,스포츠의류/운동화 > 스포츠잡화 > 기타
STD_006380,깔창/신발끈,STD_006378,3,스포츠의류/운동화 > 스포츠잡화 > 깔창/신발끈
STD_006381,마스크/버프,STD_006378,3,스포츠의류/운동화 > 스포츠잡화 > 마스크/버프
STD_006382,목걸이,STD_006378,3,스포츠의류/운동화 > 스포츠잡화 > 목걸이
STD_006383,방한용품,STD_006378,3,스포츠의류/운동화 > 스포츠잡화 > 방한용품
STD_006385,벨트,STD_006378,3,스포츠의류/운동화 > 스포츠잡화 > 벨트
STD_006384,남성용,STD_006385,4,스포츠의류/운동화 > 스포츠잡화 > 벨트 > 남성용
STD_006386,여성용,STD_006385,4,스포츠의류/운동화 > 스포츠잡화 > 벨트 > 여성용
STD_006387,선글라스/고글,STD_006378,3,스포츠의류/운동화 > 스포츠잡화 > 선글라스/고글
STD_006388,스카프/넥워머,STD_006378,3,스포츠의류/운동화 > 스포츠잡화 > 스카프/넥워머
STD_006389,스포츠귀마개,STD_006378,3,스포츠의류/운동화 > 스포츠잡화 > 스포츠귀마개
STD_006390,스포츠마스크/바라클라바,STD_006378,3,스포츠의류/운동화 > 스포츠잡화 > 스포츠마스크/바라클라바
STD_006391,스포츠마스크/버프,STD_006378,3,스포츠의류/운동화 > 스포츠잡화 > 스포츠마스크/버프
STD_006392,스포츠목걸이/팔찌,STD_006378,3,스포츠의류/운동화 > 스포츠잡화 > 스포츠목걸이/팔찌
STD_006393,스포츠벨트,STD_006378,3,스포츠의류/운동화 > 스포츠잡화 > 스포츠벨트
STD_006394,스포츠스카프/넥워머,STD_006378,3,스포츠의류/운동화 > 스포츠잡화 > 스포츠스카프/넥워머
STD_006395,스포츠시계,STD_006378,3,스포츠의류/운동화 > 스포츠잡화 > 스포츠시계
STD_006396,스포츠양말,STD_006378,3,스포츠의류/운동화 > 스포츠잡화 > 스포츠양말
STD_006397,스포츠우의/레인코트,STD_006378,3,스포츠의류/운동화 > 스포츠잡화 > 스포츠우의/레인코트
STD_006398,스포츠장갑,STD_006378,3,스포츠의류/운동화 > 스포츠잡화 > 스포츠장갑
STD_006399,스포츠타월,STD_006378,3,스포츠의류/운동화 > 스포츠잡화 > 스포츠타월
STD_006400,스포츠토시,STD_006378,3,스포츠의류/운동화 > 스포츠잡화 > 스포츠토시
STD_006401,스포츠헤어밴드/두건,STD_006378,3,스포츠의류/운동화 > 스포츠잡화 > 스포츠헤어밴드/두건
STD_006402,시계,STD_006378,3,스포츠의류/운동화 > 스포츠잡화 > 시계
STD_006404,양말,STD_006378,3,스포츠의류/운동화 > 스포츠잡화 > 양말
STD_006403,남성용,STD_006404,4,스포츠의류/운동화 > 스포츠잡화 > 양말 > 남성용
STD_006405,여성용,STD_006404,4,스포츠의류/운동화 > 스포츠잡화 > 양말 > 여성용
STD_006407,장갑,STD_006378,3,스포츠의류/운동화 > 스포츠잡화 > 장갑
STD_006406,남성용,STD_006407,4,스포츠의류/운동화 > 스포츠잡화 > 장갑 > 남성용
STD_006408,여성용,STD_006407,4,스포츠의류/운동화 > 스포츠잡화 > 장갑 > 여성용
STD_006409,토시,STD_006378,3,스포츠의류/운동화 > 스포츠잡화 > 토시
STD_006410,팔찌,STD_006378,3,스포츠의류/운동화 > 스포츠잡화 > 팔찌
STD_006412,스포츠화,STD_006271,2,스포츠의류/운동화 > 스포츠화
STD_006411,런닝화,STD_006412,3,스포츠의류/운동화 > 스포츠화 > 런닝화
STD_006413,마라톤화,STD_006412,3,스포츠의류/운동화 > 스포츠화 > 마라톤화
STD_006414,방한운동화,STD_006412,3,스포츠의류/운동화 > 스포츠화 > 방한운동화
STD_006415,스포츠샌들,STD_006412,3,스포츠의류/운동화 > 스포츠화 > 스포츠샌들
STD_006416,스포츠스니커즈,STD_006412,3,스포츠의류/운동화 > 스포츠화 > 스포츠스니커즈
STD_006417,스포츠슬리퍼,STD_006412,3,스포츠의류/운동화 > 스포츠화 > 스포츠슬리퍼
STD_006418,아쿠아슈즈,STD_006412,3,스포츠의류/운동화 > 스포츠화 > 아쿠아슈즈
STD_006419,여성 골프의류/잡화,STD_006271,2,스포츠의류/운동화 > 여성 골프의류/잡화
STD_006421,여성스포츠신발,STD_006271,2,스포츠의류/운동화 > 여성스포츠신발
STD_006420,런닝화,STD_006421,3,스포츠의류/운동화 > 여성스포츠신발 > 런닝화
STD_006422,뮬,STD_006421,3,스포츠의류/운동화 > 여성스포츠신발 > 뮬
STD_006423,방한화,STD_006421,3,스포츠의류/운동화 > 여성스포츠신발 > 방한화
STD_006424,샌들,STD_006421,3,스포츠의류/운동화 > 여성스포츠신발 > 샌들
STD_006425,스니커즈,STD_006421,3,스포츠의류/운동화 > 여성스포츠신발 > 스니커즈
STD_006426,슬리퍼,STD_006421,3,스포츠의류/운동화 > 여성스포츠신발 > 슬리퍼
STD_006427,슬립온,STD_006421,3,스포츠의류/운동화 > 여성스포츠신발 > 슬립온
STD_006428,아쿠아슈즈,STD_006421,3,스포츠의류/운동화 > 여성스포츠신발 > 아쿠아슈즈
STD_006429,운동화,STD_006421,3,스포츠의류/운동화 > 여성스포츠신발 > 운동화
STD_006430,워킹화,STD_006421,3,스포츠의류/운동화 > 여성스포츠신발 > 워킹화
STD_006432,여성스포츠의류,STD_006271,2,스포츠의류/운동화 > 여성스포츠의류
STD_006431,가디건,STD_006432,3,스포츠의류/운동화 > 여성스포츠의류 > 가디건
STD_006433,긴바지,STD_006432,3,스포츠의류/운동화 > 여성스포츠의류 > 긴바지
STD_006434,긴팔티셔츠,STD_006432,3,스포츠의류/운동화 > 여성스포츠의류 > 긴팔티셔츠
STD_006435,니트,STD_006432,3,스포츠의류/운동화 > 여성스포츠의류 > 니트
STD_006436,다운/패딩,STD_006432,3,스포츠의류/운동화 > 여성스포츠의류 > 다운/패딩
STD_006437,레인코트,STD_006432,3,스포츠의류/운동화 > 여성스포츠의류 > 레인코트
STD_006438,맨투맨,STD_006432,3,스포츠의류/운동화 > 여성스포츠의류 > 맨투맨
STD_006439,민소매/탑,STD_006432,3,스포츠의류/운동화 > 여성스포츠의류 > 민소매/탑
STD_006440,바람막이/재킷,STD_006432,3,스포츠의류/운동화 > 여성스포츠의류 > 바람막이/재킷
STD_006441,반바지,STD_006432,3,스포츠의류/운동화 > 여성스포츠의류 > 반바지
STD_006442,반팔티셔츠,STD_006432,3,스포츠의류/운동화 > 여성스포츠의류 > 반팔티셔츠
STD_006443,스커트,STD_006432,3,스포츠의류/운동화 > 여성스포츠의류 > 스커트
STD_006444,원피스,STD_006432,3,스포츠의류/운동화 > 여성스포츠의류 > 원피스
STD_006445,점퍼,STD_006432,3,스포츠의류/운동화 > 여성스포츠의류 > 점퍼
STD_006446,조끼/베스트,STD_006432,3,스포츠의류/운동화 > 여성스포츠의류 > 조끼/베스트
STD_006447,집업,STD_006432,3,스포츠의류/운동화 > 여성스포츠의류 > 집업
STD_006448,트레이닝복,STD_006432,3,스포츠의류/운동화 > 여성스포츠의류 > 트레이닝복
STD_006449,후드,STD_006432,3,스포츠의류/운동화 > 여성스포츠의류 > 후드
STD_006452,이너웨어,STD_006271,2,스포츠의류/운동화 > 이너웨어
STD_006451,세트상품,STD_006452,3,스포츠의류/운동화 > 이너웨어 > 세트상품
STD_006450,남성용,STD_006451,4,스포츠의류/운동화 > 이너웨어 > 세트상품 > 남성용
STD_006453,여성용,STD_006451,4,스포츠의류/운동화 > 이너웨어 > 세트상품 > 여성용
STD_006454,스포츠브라,STD_006452,3,스포츠의류/운동화 > 이너웨어 > 스포츠브라
STD_006456,스포츠팬티,STD_006452,3,스포츠의류/운동화 > 이너웨어 > 스포츠팬티
STD_006455,남성용,STD_006456,4,스포츠의류/운동화 > 이너웨어 > 스포츠팬티 > 남성용
STD_006457,여성용,STD_006456,4,스포츠의류/운동화 > 이너웨어 > 스포츠팬티 > 여성용
STD_006460,시계/주얼리,ROOT,1,시계/주얼리
STD_006459,귀걸이,STD_006460,2,시계/주얼리 > 귀걸이
STD_006458,진주귀걸이,STD_006459,3,시계/주얼리 > 귀걸이 > 진주귀걸이
STD_006461,패션귀걸이,STD_006459,3,시계/주얼리 > 귀걸이 > 패션귀걸이
STD_006462,피어싱,STD_006459,3,시계/주얼리 > 귀걸이 > 피어싱
STD_006464,목걸이,STD_006460,2,시계/주얼리 > 목걸이
STD_006463,은목걸이,STD_006464,3,시계/주얼리 > 목걸이 > 은목걸이
STD_006465,진주목걸이,STD_006464,3,시계/주얼리 > 목걸이 > 진주목걸이
STD_006466,패션목걸이,STD_006464,3,시계/주얼리 > 목걸이 > 패션목걸이
STD_006468,반지,STD_006460,2,시계/주얼리 > 반지
STD_006467,커플링,STD_006468,3,시계/주얼리 > 반지 > 커플링
STD_006469,패션반지,STD_006468,3,시계/주얼리 > 반지 > 패션반지
STD_006471,발찌,STD_006460,2,시계/주얼리 > 발찌
STD_006470,패션발찌,STD_006471,3,시계/주얼리 > 발찌 > 패션발찌
STD_006473,시계,STD_006460,2,시계/주얼리 > 시계
STD_006472,기타남성손목시계,STD_006473,3,시계/주얼리 > 시계 > 기타남성손목시계
STD_006474,기타여성손목시계,STD_006473,3,시계/주얼리 > 시계 > 기타여성손목시계
STD_006475,남성기계식시계,STD_006473,3,시계/주얼리 > 시계 > 남성기계식시계
STD_006476,남성전자시계,STD_006473,3,시계/주얼리 > 시계 > 남성전자시계
STD_006477,남성쿼츠시계,STD_006473,3,시계/주얼리 > 시계 > 남성쿼츠시계
STD_006478,시계소품,STD_006473,3,시계/주얼리 > 시계 > 시계소품
STD_006479,아동시계,STD_006473,3,시계/주얼리 > 시계 > 아동시계
STD_006480,여성기계식시계,STD_006473,3,시계/주얼리 > 시계 > 여성기계식시계
STD_006481,여성전자시계,STD_006473,3,시계/주얼리 > 시계 > 여성전자시계
STD_006482,여성쿼츠시계,STD_006473,3,시계/주얼리 > 시계 > 여성쿼츠시계
STD_006483,커플시계,STD_006473,3,시계/주얼리 > 시계 > 커플시계
STD_006485,주얼리세트,STD_006460,2,시계/주얼리 > 주얼리세트
STD_006484,패션주얼리세트,STD_006485,3,시계/주얼리 > 주얼리세트 > 패션주얼리세트
STD_006487,주얼리소품,STD_006460,2,시계/주얼리 > 주얼리소품
STD_006486,기타주얼리소품,STD_006487,3,시계/주얼리 > 주얼리소품 > 기타주얼리소품
STD_006488,주얼리박스/보관함,STD_006487,3,시계/주얼리 > 주얼리소품 > 주얼리박스/보관함
STD_006489,주얼리진열대,STD_006487,3,시계/주얼리 > 주얼리소품 > 주얼리진열대
STD_006491,팔찌,STD_006460,2,시계/주얼리 > 팔찌
STD_006490,건강팔찌,STD_006491,3,시계/주얼리 > 팔찌 > 건강팔찌
STD_006492,패션팔찌,STD_006491,3,시계/주얼리 > 팔찌 > 패션팔찌
STD_006494,헤어액세서리,STD_006460,2,시계/주얼리 > 헤어액세서리
STD_006493,헤어밴드,STD_006494,3,시계/주얼리 > 헤어액세서리 > 헤어밴드
STD_006495,헤어핀/헤어끈,STD_006494,3,시계/주얼리 > 헤어액세서리 > 헤어핀/헤어끈
STD_006498,식품,ROOT,1,식품
STD_006497,가공식품,STD_006498,2,식품 > 가공식품
STD_006496,기타가공식품,STD_006497,3,식품 > 가공식품 > 기타가공식품
STD_006499,분유/이유식,STD_006497,3,식품 > 가공식품 > 분유/이유식
STD_006500,통조림/즉석식품,STD_006497,3,식품 > 가공식품 > 통조림/즉석식품
STD_006501,파스타/면류,STD_006497,3,식품 > 가공식품 > 파스타/면류
STD_006503,가루/분말류,STD_006498,2,식품 > 가루/분말류
STD_006502,기타분말가루,STD_006503,3,식품 > 가루/분말류 > 기타분말가루
STD_006504,미숫가루,STD_006503,3,식품 > 가루/분말류 > 미숫가루
STD_006505,밀가루,STD_006503,3,식품 > 가루/분말류 > 밀가루
STD_006506,부침가루,STD_006503,3,식품 > 가루/분말류 > 부침가루
STD_006507,빵가루,STD_006503,3,식품 > 가루/분말류 > 빵가루
STD_006508,쌀가루,STD_006503,3,식품 > 가루/분말류 > 쌀가루
STD_006509,아몬드가루,STD_006503,3,식품 > 가루/분말류 > 아몬드가루
STD_006510,오트밀,STD_006503,3,식품 > 가루/분말류 > 오트밀
STD_006511,찹쌀가루,STD_006503,3,식품 > 가루/분말류 > 찹쌀가루
STD_006512,콩가루,STD_006503,3,식품 > 가루/분말류 > 콩가루
STD_006513,튀김가루,STD_006503,3,식품 > 가루/분말류 > 튀김가루
STD_006516,건강식품,STD_006498,2,식품 > 건강식품
STD_006515,건강분말,STD_006516,3,식품 > 건강식품 > 건강분말
STD_006514,강황가루,STD_006515,4,식품 > 건강식품 > 건강분말 > 강황가루
STD_006517,기타건강분말,STD_006515,4,식품 > 건강식품 > 건강분말 > 기타건강분말
STD_006518,맥문동분말,STD_006515,4,식품 > 건강식품 > 건강분말 > 맥문동분말
STD_006519,새싹보리분말,STD_006515,4,식품 > 건강식품 > 건강분말 > 새싹보리분말
STD_006521,건강즙/과일즙,STD_006516,3,식품 > 건강식품 > 건강즙/과일즙
STD_006520,기타건강즙/과일즙,STD_006521,4,식품 > 건강식품 > 건강즙/과일즙 > 기타건강즙/과일즙
STD_006522,배즙,STD_006521,4,식품 > 건강식품 > 건강즙/과일즙 > 배즙
STD_006523,블루베리즙,STD_006521,4,식품 > 건강식품 > 건강즙/과일즙 > 블루베리즙
STD_006524,비트즙,STD_006521,4,식품 > 건강식품 > 건강즙/과일즙 > 비트즙
STD_006525,사과즙,STD_006521,4,식품 > 건강식품 > 건강즙/과일즙 > 사과즙
STD_006526,석류즙,STD_006521,4,식품 > 건강식품 > 건강즙/과일즙 > 석류즙
STD_006527,아로니아즙,STD_006521,4,식품 > 건강식품 > 건강즙/과일즙 > 아로니아즙
STD_006528,양배추즙,STD_006521,4,식품 > 건강식품 > 건강즙/과일즙 > 양배추즙
STD_006529,양파즙,STD_006521,4,식품 > 건강식품 > 건강즙/과일즙 > 양파즙
STD_006530,칡즙,STD_006521,4,식품 > 건강식품 > 건강즙/과일즙 > 칡즙
STD_006531,토마토즙,STD_006521,4,식품 > 건강식품 > 건강즙/과일즙 > 토마토즙
STD_006532,포도즙,STD_006521,4,식품 > 건강식품 > 건강즙/과일즙 > 포도즙
STD_006533,호박즙,STD_006521,4,식품 > 건강식품 > 건강즙/과일즙 > 호박즙
STD_006534,흑염소즙,STD_006521,4,식품 > 건강식품 > 건강즙/과일즙 > 흑염소즙
STD_006535,건강환/정,STD_006516,3,식품 > 건강식품 > 건강환/정
STD_006536,꿀,STD_006516,3,식품 > 건강식품 > 꿀
STD_006537,로얄제리,STD_006516,3,식품 > 건강식품 > 로얄제리
STD_006539,비타민제,STD_006516,3,식품 > 건강식품 > 비타민제
STD_006538,기타비타민,STD_006539,4,식품 > 건강식품 > 비타민제 > 기타비타민
STD_006540,멀티비타민,STD_006539,4,식품 > 건강식품 > 비타민제 > 멀티비타민
STD_006541,비오틴,STD_006539,4,식품 > 건강식품 > 비타민제 > 비오틴
STD_006542,비타민A,STD_006539,4,식품 > 건강식품 > 비타민제 > 비타민A
STD_006543,비타민B,STD_006539,4,식품 > 건강식품 > 비타민제 > 비타민B
STD_006544,비타민C,STD_006539,4,식품 > 건강식품 > 비타민제 > 비타민C
STD_006545,비타민D,STD_006539,4,식품 > 건강식품 > 비타민제 > 비타민D
STD_006546,비타민E,STD_006539,4,식품 > 건강식품 > 비타민제 > 비타민E
STD_006547,비타민K,STD_006539,4,식품 > 건강식품 > 비타민제 > 비타민K
STD_006548,숙취해소제,STD_006516,3,식품 > 건강식품 > 숙취해소제
STD_006550,영양제,STD_006516,3,식품 > 건강식품 > 영양제
STD_006549,MSM,STD_006550,4,식품 > 건강식품 > 영양제 > MSM
STD_006551,감마리놀렌산,STD_006550,4,식품 > 건강식품 > 영양제 > 감마리놀렌산
STD_006552,글루코사민,STD_006550,4,식품 > 건강식품 > 영양제 > 글루코사민
STD_006553,글루타치온,STD_006550,4,식품 > 건강식품 > 영양제 > 글루타치온
STD_006554,기타건강보조식품,STD_006550,4,식품 > 건강식품 > 영양제 > 기타건강보조식품
STD_006555,대마종자유,STD_006550,4,식품 > 건강식품 > 영양제 > 대마종자유
STD_006556,루테인,STD_006550,4,식품 > 건강식품 > 영양제 > 루테인
STD_006557,마그네슘,STD_006550,4,식품 > 건강식품 > 영양제 > 마그네슘
STD_006558,마카,STD_006550,4,식품 > 건강식품 > 영양제 > 마카
STD_006559,매스틱검,STD_006550,4,식품 > 건강식품 > 영양제 > 매스틱검
STD_006560,멜라토닌,STD_006550,4,식품 > 건강식품 > 영양제 > 멜라토닌
STD_006561,밀크씨슬,STD_006550,4,식품 > 건강식품 > 영양제 > 밀크씨슬
STD_006562,바나바잎추출물,STD_006550,4,식품 > 건강식품 > 영양제 > 바나바잎추출물
STD_006563,베르베린,STD_006550,4,식품 > 건강식품 > 영양제 > 베르베린
STD_006564,보스웰리아,STD_006550,4,식품 > 건강식품 > 영양제 > 보스웰리아
STD_006565,셀레늄,STD_006550,4,식품 > 건강식품 > 영양제 > 셀레늄
STD_006566,스피루리나,STD_006550,4,식품 > 건강식품 > 영양제 > 스피루리나
STD_006567,쏘팔메토,STD_006550,4,식품 > 건강식품 > 영양제 > 쏘팔메토
STD_006568,아연,STD_006550,4,식품 > 건강식품 > 영양제 > 아연
STD_006569,알로에정/겔,STD_006550,4,식품 > 건강식품 > 영양제 > 알로에정/겔
STD_006570,엽산,STD_006550,4,식품 > 건강식품 > 영양제 > 엽산
STD_006571,오메가3,STD_006550,4,식품 > 건강식품 > 영양제 > 오메가3
STD_006572,은행잎추출물,STD_006550,4,식품 > 건강식품 > 영양제 > 은행잎추출물
STD_006573,이노시톨,STD_006550,4,식품 > 건강식품 > 영양제 > 이노시톨
STD_006574,철분,STD_006550,4,식품 > 건강식품 > 영양제 > 철분
STD_006575,초록입홍합,STD_006550,4,식품 > 건강식품 > 영양제 > 초록입홍합
STD_006576,칼륨,STD_006550,4,식품 > 건강식품 > 영양제 > 칼륨
STD_006577,칼슘,STD_006550,4,식품 > 건강식품 > 영양제 > 칼슘
STD_006578,커큐민,STD_006550,4,식품 > 건강식품 > 영양제 > 커큐민
STD_006579,코큐텐,STD_006550,4,식품 > 건강식품 > 영양제 > 코큐텐
STD_006580,콘드로이친,STD_006550,4,식품 > 건강식품 > 영양제 > 콘드로이친
STD_006581,크릴오일,STD_006550,4,식품 > 건강식품 > 영양제 > 크릴오일
STD_006582,클로렐라,STD_006550,4,식품 > 건강식품 > 영양제 > 클로렐라
STD_006583,키토산,STD_006550,4,식품 > 건강식품 > 영양제 > 키토산
STD_006584,테아닌,STD_006550,4,식품 > 건강식품 > 영양제 > 테아닌
STD_006585,포스파티딜세린,STD_006550,4,식품 > 건강식품 > 영양제 > 포스파티딜세린
STD_006586,폴리코사놀,STD_006550,4,식품 > 건강식품 > 영양제 > 폴리코사놀
STD_006587,프로바이오틱스,STD_006550,4,식품 > 건강식품 > 영양제 > 프로바이오틱스
STD_006588,프로폴리스,STD_006550,4,식품 > 건강식품 > 영양제 > 프로폴리스
STD_006589,프리바이오틱스,STD_006550,4,식품 > 건강식품 > 영양제 > 프리바이오틱스
STD_006590,인삼,STD_006516,3,식품 > 건강식품 > 인삼
STD_006592,한방재료,STD_006516,3,식품 > 건강식품 > 한방재료
STD_006591,가시오가피,STD_006592,4,식품 > 건강식품 > 한방재료 > 가시오가피
STD_006593,감초,STD_006592,4,식품 > 건강식품 > 한방재료 > 감초
STD_006594,계피,STD_006592,4,식품 > 건강식품 > 한방재료 > 계피
STD_006595,구기자,STD_006592,4,식품 > 건강식품 > 한방재료 > 구기자
STD_006596,기타한방재료,STD_006592,4,식품 > 건강식품 > 한방재료 > 기타한방재료
STD_006597,녹용,STD_006592,4,식품 > 건강식품 > 한방재료 > 녹용
STD_006598,산수유,STD_006592,4,식품 > 건강식품 > 한방재료 > 산수유
STD_006599,오미자,STD_006592,4,식품 > 건강식품 > 한방재료 > 오미자
STD_006600,헛개나무,STD_006592,4,식품 > 건강식품 > 한방재료 > 헛개나무
STD_006601,황기,STD_006592,4,식품 > 건강식품 > 한방재료 > 황기
STD_006603,홍삼,STD_006516,3,식품 > 건강식품 > 홍삼
STD_006602,기타홍삼제품,STD_006603,4,식품 > 건강식품 > 홍삼 > 기타홍삼제품
STD_006604,정과/절편,STD_006603,4,식품 > 건강식품 > 홍삼 > 정과/절편
STD_006605,캡슐/환,STD_006603,4,식품 > 건강식품 > 홍삼 > 캡슐/환
STD_006606,혼합세트,STD_006603,4,식품 > 건강식품 > 홍삼 > 혼합세트
STD_006607,홍삼액,STD_006603,4,식품 > 건강식품 > 홍삼 > 홍삼액
STD_006608,환자식/영양보충식,STD_006516,3,식품 > 건강식품 > 환자식/영양보충식
STD_006609,효모,STD_006516,3,식품 > 건강식품 > 효모
STD_006610,효소,STD_006516,3,식품 > 건강식품 > 효소
STD_006612,과자/간식,STD_006498,2,식품 > 과자/간식
STD_006611,견과류/너트,STD_006612,3,식품 > 과자/간식 > 견과류/너트
STD_006613,과일/야채,STD_006612,3,식품 > 과자/간식 > 과일/야채
STD_006614,베이커리,STD_006612,3,식품 > 과자/간식 > 베이커리
STD_006615,스낵/쿠키,STD_006612,3,식품 > 과자/간식 > 스낵/쿠키
STD_006616,캔디/초콜릿/젤리,STD_006612,3,식품 > 과자/간식 > 캔디/초콜릿/젤리
STD_006618,김치,STD_006498,2,식품 > 김치
STD_006617,갓김치,STD_006618,3,식품 > 김치 > 갓김치
STD_006619,겉절이,STD_006618,3,식품 > 김치 > 겉절이
STD_006620,깍두기,STD_006618,3,식품 > 김치 > 깍두기
STD_006621,나박김치,STD_006618,3,식품 > 김치 > 나박김치
STD_006622,동치미,STD_006618,3,식품 > 김치 > 동치미
STD_006623,묵은지,STD_006618,3,식품 > 김치 > 묵은지
STD_006624,백김치,STD_006618,3,식품 > 김치 > 백김치
STD_006625,별미김치,STD_006618,3,식품 > 김치 > 별미김치
STD_006626,열무김치,STD_006618,3,식품 > 김치 > 열무김치
STD_006627,오이소박이,STD_006618,3,식품 > 김치 > 오이소박이
STD_006628,절임배추,STD_006618,3,식품 > 김치 > 절임배추
STD_006629,총각김치,STD_006618,3,식품 > 김치 > 총각김치
STD_006630,파김치,STD_006618,3,식품 > 김치 > 파김치
STD_006631,포기김치,STD_006618,3,식품 > 김치 > 포기김치
STD_006633,냉동/간편조리식품,STD_006498,2,식품 > 냉동/간편조리식품
STD_006632,기타냉동/간편조리식품,STD_006633,3,식품 > 냉동/간편조리식품 > 기타냉동/간편조리식품
STD_006634,누룽지,STD_006633,3,식품 > 냉동/간편조리식품 > 누룽지
STD_006635,도시락,STD_006633,3,식품 > 냉동/간편조리식품 > 도시락
STD_006636,동그랑땡/완자,STD_006633,3,식품 > 냉동/간편조리식품 > 동그랑땡/완자
STD_006637,떡볶이,STD_006633,3,식품 > 냉동/간편조리식품 > 떡볶이
STD_006638,라이스페이퍼,STD_006633,3,식품 > 냉동/간편조리식품 > 라이스페이퍼
STD_006639,만두/딤섬,STD_006633,3,식품 > 냉동/간편조리식품 > 만두/딤섬
STD_006640,맛살/게살,STD_006633,3,식품 > 냉동/간편조리식품 > 맛살/게살
STD_006641,묵,STD_006633,3,식품 > 냉동/간편조리식품 > 묵
STD_006642,샐러드,STD_006633,3,식품 > 냉동/간편조리식품 > 샐러드
STD_006643,스프,STD_006633,3,식품 > 냉동/간편조리식품 > 스프
STD_006644,어묵,STD_006633,3,식품 > 냉동/간편조리식품 > 어묵
STD_006645,죽,STD_006633,3,식품 > 냉동/간편조리식품 > 죽
STD_006646,카레/짜장,STD_006633,3,식품 > 냉동/간편조리식품 > 카레/짜장
STD_006647,튀김류,STD_006633,3,식품 > 냉동/간편조리식품 > 튀김류
STD_006648,피자,STD_006633,3,식품 > 냉동/간편조리식품 > 피자
STD_006649,함박/미트볼,STD_006633,3,식품 > 냉동/간편조리식품 > 함박/미트볼
STD_006650,핫도그,STD_006633,3,식품 > 냉동/간편조리식품 > 핫도그
STD_006651,햄버거,STD_006633,3,식품 > 냉동/간편조리식품 > 햄버거
STD_006654,농산물,STD_006498,2,식품 > 농산물
STD_006653,건과류,STD_006654,3,식품 > 농산물 > 건과류
STD_006652,감말랭이,STD_006653,4,식품 > 농산물 > 건과류 > 감말랭이
STD_006655,건망고,STD_006653,4,식품 > 농산물 > 건과류 > 건망고
STD_006656,건바나나,STD_006653,4,식품 > 농산물 > 건과류 > 건바나나
STD_006657,건자두,STD_006653,4,식품 > 농산물 > 건과류 > 건자두
STD_006658,건포도,STD_006653,4,식품 > 농산물 > 건과류 > 건포도
STD_006659,곶감,STD_006653,4,식품 > 농산물 > 건과류 > 곶감
STD_006660,기타건과류,STD_006653,4,식품 > 농산물 > 건과류 > 기타건과류
STD_006662,견과류,STD_006654,3,식품 > 농산물 > 견과류
STD_006661,기타견과류,STD_006662,4,식품 > 농산물 > 견과류 > 기타견과류
STD_006663,대추,STD_006662,4,식품 > 농산물 > 견과류 > 대추
STD_006664,땅콩,STD_006662,4,식품 > 농산물 > 견과류 > 땅콩
STD_006665,마카다미아,STD_006662,4,식품 > 농산물 > 견과류 > 마카다미아
STD_006666,밤,STD_006662,4,식품 > 농산물 > 견과류 > 밤
STD_006667,아몬드,STD_006662,4,식품 > 농산물 > 견과류 > 아몬드
STD_006668,은행,STD_006662,4,식품 > 농산물 > 견과류 > 은행
STD_006669,잣,STD_006662,4,식품 > 농산물 > 견과류 > 잣
STD_006670,캐슈너트,STD_006662,4,식품 > 농산물 > 견과류 > 캐슈너트
STD_006671,피스타치오,STD_006662,4,식품 > 농산물 > 견과류 > 피스타치오
STD_006672,피칸,STD_006662,4,식품 > 농산물 > 견과류 > 피칸
STD_006673,해바라기씨,STD_006662,4,식품 > 농산물 > 견과류 > 해바라기씨
STD_006674,호두,STD_006662,4,식품 > 농산물 > 견과류 > 호두
STD_006675,호박씨,STD_006662,4,식품 > 농산물 > 견과류 > 호박씨
STD_006676,혼합견과/견과류세트,STD_006662,4,식품 > 농산물 > 견과류 > 혼합견과/견과류세트
STD_006678,과일,STD_006654,3,식품 > 농산물 > 과일
STD_006677,감,STD_006678,4,식품 > 농산물 > 과일 > 감
STD_006679,감귤,STD_006678,4,식품 > 농산물 > 과일 > 감귤
STD_006680,과일세트,STD_006678,4,식품 > 농산물 > 과일 > 과일세트
STD_006681,기타과일,STD_006678,4,식품 > 농산물 > 과일 > 기타과일
STD_006682,딸기,STD_006678,4,식품 > 농산물 > 과일 > 딸기
STD_006683,레드향,STD_006678,4,식품 > 농산물 > 과일 > 레드향
STD_006684,레몬,STD_006678,4,식품 > 농산물 > 과일 > 레몬
STD_006685,망고,STD_006678,4,식품 > 농산물 > 과일 > 망고
STD_006686,매실,STD_006678,4,식품 > 농산물 > 과일 > 매실
STD_006687,멜론,STD_006678,4,식품 > 농산물 > 과일 > 멜론
STD_006688,무화과,STD_006678,4,식품 > 농산물 > 과일 > 무화과
STD_006689,바나나,STD_006678,4,식품 > 농산물 > 과일 > 바나나
STD_006690,배,STD_006678,4,식품 > 농산물 > 과일 > 배
STD_006691,복분자,STD_006678,4,식품 > 농산물 > 과일 > 복분자
STD_006692,복숭아,STD_006678,4,식품 > 농산물 > 과일 > 복숭아
STD_006693,블루베리,STD_006678,4,식품 > 농산물 > 과일 > 블루베리
STD_006694,사과,STD_006678,4,식품 > 농산물 > 과일 > 사과
STD_006695,석류,STD_006678,4,식품 > 농산물 > 과일 > 석류
STD_006696,수박,STD_006678,4,식품 > 농산물 > 과일 > 수박
STD_006697,아보카도,STD_006678,4,식품 > 농산물 > 과일 > 아보카도
STD_006698,오렌지,STD_006678,4,식품 > 농산물 > 과일 > 오렌지
STD_006699,자두,STD_006678,4,식품 > 농산물 > 과일 > 자두
STD_006700,자몽,STD_006678,4,식품 > 농산물 > 과일 > 자몽
STD_006701,참외,STD_006678,4,식품 > 농산물 > 과일 > 참외
STD_006702,천혜향,STD_006678,4,식품 > 농산물 > 과일 > 천혜향
STD_006703,체리,STD_006678,4,식품 > 농산물 > 과일 > 체리
STD_006704,키위/참다래,STD_006678,4,식품 > 농산물 > 과일 > 키위/참다래
STD_006705,토마토,STD_006678,4,식품 > 농산물 > 과일 > 토마토
STD_006706,파인애플,STD_006678,4,식품 > 농산물 > 과일 > 파인애플
STD_006707,포도,STD_006678,4,식품 > 농산물 > 과일 > 포도
STD_006708,한라봉,STD_006678,4,식품 > 농산물 > 과일 > 한라봉
STD_006710,냉동과일,STD_006654,3,식품 > 농산물 > 냉동과일
STD_006709,기타냉동과일,STD_006710,4,식품 > 농산물 > 냉동과일 > 기타냉동과일
STD_006711,냉동딸기,STD_006710,4,식품 > 농산물 > 냉동과일 > 냉동딸기
STD_006712,냉동망고,STD_006710,4,식품 > 농산물 > 냉동과일 > 냉동망고
STD_006713,냉동블루베리,STD_006710,4,식품 > 농산물 > 냉동과일 > 냉동블루베리
STD_006714,냉동아보카도,STD_006710,4,식품 > 농산물 > 냉동과일 > 냉동아보카도
STD_006716,쌀,STD_006654,3,식품 > 농산물 > 쌀
STD_006715,기능성쌀,STD_006716,4,식품 > 농산물 > 쌀 > 기능성쌀
STD_006717,백미,STD_006716,4,식품 > 농산물 > 쌀 > 백미
STD_006718,찹쌀,STD_006716,4,식품 > 농산물 > 쌀 > 찹쌀
STD_006719,현미,STD_006716,4,식품 > 농산물 > 쌀 > 현미
STD_006720,흑미,STD_006716,4,식품 > 농산물 > 쌀 > 흑미
STD_006722,잡곡/혼합곡,STD_006654,3,식품 > 농산물 > 잡곡/혼합곡
STD_006721,귀리,STD_006722,4,식품 > 농산물 > 잡곡/혼합곡 > 귀리
STD_006723,기장/조,STD_006722,4,식품 > 농산물 > 잡곡/혼합곡 > 기장/조
STD_006724,기타잡곡,STD_006722,4,식품 > 농산물 > 잡곡/혼합곡 > 기타잡곡
STD_006725,녹두,STD_006722,4,식품 > 농산물 > 잡곡/혼합곡 > 녹두
STD_006726,들깨,STD_006722,4,식품 > 농산물 > 잡곡/혼합곡 > 들깨
STD_006727,메밀,STD_006722,4,식품 > 농산물 > 잡곡/혼합곡 > 메밀
STD_006728,보리,STD_006722,4,식품 > 농산물 > 잡곡/혼합곡 > 보리
STD_006729,수수,STD_006722,4,식품 > 농산물 > 잡곡/혼합곡 > 수수
STD_006730,율무,STD_006722,4,식품 > 농산물 > 잡곡/혼합곡 > 율무
STD_006731,참깨,STD_006722,4,식품 > 농산물 > 잡곡/혼합곡 > 참깨
STD_006732,콩,STD_006722,4,식품 > 농산물 > 잡곡/혼합곡 > 콩
STD_006733,팥,STD_006722,4,식품 > 농산물 > 잡곡/혼합곡 > 팥
STD_006734,혼합곡,STD_006722,4,식품 > 농산물 > 잡곡/혼합곡 > 혼합곡
STD_006736,채소,STD_006654,3,식품 > 농산물 > 채소
STD_006735,가지,STD_006736,4,식품 > 농산물 > 채소 > 가지
STD_006737,감자,STD_006736,4,식품 > 농산물 > 채소 > 감자
STD_006738,건나물,STD_006736,4,식품 > 농산물 > 채소 > 건나물
STD_006739,고구마,STD_006736,4,식품 > 농산물 > 채소 > 고구마
STD_006740,고추,STD_006736,4,식품 > 농산물 > 채소 > 고추
STD_006741,기타채소류,STD_006736,4,식품 > 농산물 > 채소 > 기타채소류
STD_006742,깻잎,STD_006736,4,식품 > 농산물 > 채소 > 깻잎
STD_006743,냉이,STD_006736,4,식품 > 농산물 > 채소 > 냉이
STD_006744,단호박/밤호박,STD_006736,4,식품 > 농산물 > 채소 > 단호박/밤호박
STD_006745,당근,STD_006736,4,식품 > 농산물 > 채소 > 당근
STD_006746,대파,STD_006736,4,식품 > 농산물 > 채소 > 대파
STD_006747,더덕,STD_006736,4,식품 > 농산물 > 채소 > 더덕
STD_006748,도라지,STD_006736,4,식품 > 농산물 > 채소 > 도라지
STD_006749,두부,STD_006736,4,식품 > 농산물 > 채소 > 두부
STD_006750,마,STD_006736,4,식품 > 농산물 > 채소 > 마
STD_006751,마늘,STD_006736,4,식품 > 농산물 > 채소 > 마늘
STD_006752,무,STD_006736,4,식품 > 농산물 > 채소 > 무
STD_006753,미나리,STD_006736,4,식품 > 농산물 > 채소 > 미나리
STD_006754,배추,STD_006736,4,식품 > 농산물 > 채소 > 배추
STD_006755,버섯,STD_006736,4,식품 > 농산물 > 채소 > 버섯
STD_006756,부추,STD_006736,4,식품 > 농산물 > 채소 > 부추
STD_006757,브로콜리,STD_006736,4,식품 > 농산물 > 채소 > 브로콜리
STD_006758,비트/레드비트,STD_006736,4,식품 > 농산물 > 채소 > 비트/레드비트
STD_006759,산나물,STD_006736,4,식품 > 농산물 > 채소 > 산나물
STD_006760,삶은나물,STD_006736,4,식품 > 농산물 > 채소 > 삶은나물
STD_006761,상추/양상추,STD_006736,4,식품 > 농산물 > 채소 > 상추/양상추
STD_006762,새싹채소,STD_006736,4,식품 > 농산물 > 채소 > 새싹채소
STD_006763,생강,STD_006736,4,식품 > 농산물 > 채소 > 생강
STD_006764,숙주나물,STD_006736,4,식품 > 농산물 > 채소 > 숙주나물
STD_006765,시금치,STD_006736,4,식품 > 농산물 > 채소 > 시금치
STD_006766,쌈채소,STD_006736,4,식품 > 농산물 > 채소 > 쌈채소
STD_006767,아스파라거스,STD_006736,4,식품 > 농산물 > 채소 > 아스파라거스
STD_006768,알로에,STD_006736,4,식품 > 농산물 > 채소 > 알로에
STD_006769,애호박,STD_006736,4,식품 > 농산물 > 채소 > 애호박
STD_006770,양배추,STD_006736,4,식품 > 농산물 > 채소 > 양배추
STD_006771,양파,STD_006736,4,식품 > 농산물 > 채소 > 양파
STD_006772,연근,STD_006736,4,식품 > 농산물 > 채소 > 연근
STD_006773,열무,STD_006736,4,식품 > 농산물 > 채소 > 열무
STD_006774,오이,STD_006736,4,식품 > 농산물 > 채소 > 오이
STD_006775,옥수수,STD_006736,4,식품 > 농산물 > 채소 > 옥수수
STD_006776,우엉,STD_006736,4,식품 > 농산물 > 채소 > 우엉
STD_006777,쪽파,STD_006736,4,식품 > 농산물 > 채소 > 쪽파
STD_006778,콩나물,STD_006736,4,식품 > 농산물 > 채소 > 콩나물
STD_006779,피망/파프리카,STD_006736,4,식품 > 농산물 > 채소 > 피망/파프리카
STD_006781,다이어트식품,STD_006498,2,식품 > 다이어트식품
STD_006780,CLA,STD_006781,3,식품 > 다이어트식품 > CLA
STD_006782,가르시니아,STD_006781,3,식품 > 다이어트식품 > 가르시니아
STD_006783,기타다이어트식품,STD_006781,3,식품 > 다이어트식품 > 기타다이어트식품
STD_006784,다이어트차,STD_006781,3,식품 > 다이어트식품 > 다이어트차
STD_006786,단백질보충제,STD_006781,3,식품 > 다이어트식품 > 단백질보충제
STD_006785,기타단백질보충제,STD_006786,4,식품 > 다이어트식품 > 단백질보충제 > 기타단백질보충제
STD_006787,단백질음료,STD_006786,4,식품 > 다이어트식품 > 단백질보충제 > 단백질음료
STD_006788,단백질츄어블/정,STD_006786,4,식품 > 다이어트식품 > 단백질보충제 > 단백질츄어블/정
STD_006789,단백질파우더,STD_006786,4,식품 > 다이어트식품 > 단백질보충제 > 단백질파우더
STD_006790,아르기닌,STD_006786,4,식품 > 다이어트식품 > 단백질보충제 > 아르기닌
STD_006791,알부민,STD_006786,4,식품 > 다이어트식품 > 단백질보충제 > 알부민
STD_006792,크레아틴,STD_006786,4,식품 > 다이어트식품 > 단백질보충제 > 크레아틴
STD_006793,락토페린,STD_006781,3,식품 > 다이어트식품 > 락토페린
STD_006794,레몬밤,STD_006781,3,식품 > 다이어트식품 > 레몬밤
STD_006795,시네트롤,STD_006781,3,식품 > 다이어트식품 > 시네트롤
STD_006796,시서스,STD_006781,3,식품 > 다이어트식품 > 시서스
STD_006797,식이섬유,STD_006781,3,식품 > 다이어트식품 > 식이섬유
STD_006798,알파CD,STD_006781,3,식품 > 다이어트식품 > 알파CD
STD_006799,와일드망고,STD_006781,3,식품 > 다이어트식품 > 와일드망고
STD_006800,잔티젠,STD_006781,3,식품 > 다이어트식품 > 잔티젠
STD_006801,카테킨,STD_006781,3,식품 > 다이어트식품 > 카테킨
STD_006802,콜라겐,STD_006781,3,식품 > 다이어트식품 > 콜라겐
STD_006803,히알루론산,STD_006781,3,식품 > 다이어트식품 > 히알루론산
STD_006805,떡류,STD_006498,2,식품 > 떡류
STD_006804,가래떡/떡국떡/절편,STD_006805,3,식품 > 떡류 > 가래떡/떡국떡/절편
STD_006806,기타떡,STD_006805,3,식품 > 떡류 > 기타떡
STD_006807,꿀떡/경단,STD_006805,3,식품 > 떡류 > 꿀떡/경단
STD_006808,떡케이크/세트,STD_006805,3,식품 > 떡류 > 떡케이크/세트
STD_006809,모찌/찹쌀떡,STD_006805,3,식품 > 떡류 > 모찌/찹쌀떡
STD_006810,백설기,STD_006805,3,식품 > 떡류 > 백설기
STD_006811,송편,STD_006805,3,식품 > 떡류 > 송편
STD_006812,오메기떡/두텁떡,STD_006805,3,식품 > 떡류 > 오메기떡/두텁떡
STD_006813,인절미,STD_006805,3,식품 > 떡류 > 인절미
STD_006816,라면/면류,STD_006498,2,식품 > 라면/면류
STD_006815,라면,STD_006816,3,식품 > 라면/면류 > 라면
STD_006814,봉지라면,STD_006815,4,식품 > 라면/면류 > 라면 > 봉지라면
STD_006817,컵라면,STD_006815,4,식품 > 라면/면류 > 라면 > 컵라면
STD_006819,면류,STD_006816,3,식품 > 라면/면류 > 면류
STD_006818,국수면,STD_006819,4,식품 > 라면/면류 > 면류 > 국수면
STD_006820,냉면,STD_006819,4,식품 > 라면/면류 > 면류 > 냉면
STD_006821,당면,STD_006819,4,식품 > 라면/면류 > 면류 > 당면
STD_006822,소면,STD_006819,4,식품 > 라면/면류 > 면류 > 소면
STD_006823,소바,STD_006819,4,식품 > 라면/면류 > 면류 > 소바
STD_006824,스파게티면,STD_006819,4,식품 > 라면/면류 > 면류 > 스파게티면
STD_006825,쌀국수면,STD_006819,4,식품 > 라면/면류 > 면류 > 쌀국수면
STD_006826,우동,STD_006819,4,식품 > 라면/면류 > 면류 > 우동
STD_006827,쫄면,STD_006819,4,식품 > 라면/면류 > 면류 > 쫄면
STD_006828,칼국수면,STD_006819,4,식품 > 라면/면류 > 면류 > 칼국수면
STD_006830,밀키트,STD_006498,2,식품 > 밀키트
STD_006829,간식/디저트,STD_006830,3,식품 > 밀키트 > 간식/디저트
STD_006831,구이,STD_006830,3,식품 > 밀키트 > 구이
STD_006832,면/파스타,STD_006830,3,식품 > 밀키트 > 면/파스타
STD_006833,밥/죽,STD_006830,3,식품 > 밀키트 > 밥/죽
STD_006834,볶음/튀김,STD_006830,3,식품 > 밀키트 > 볶음/튀김
STD_006835,세트요리,STD_006830,3,식품 > 밀키트 > 세트요리
STD_006836,조림/찜,STD_006830,3,식품 > 밀키트 > 조림/찜
STD_006837,찌개/국,STD_006830,3,식품 > 밀키트 > 찌개/국
STD_006839,반려동물식품,STD_006498,2,식품 > 반려동물식품
STD_006838,기타 반려동물식품,STD_006839,3,식품 > 반려동물식품 > 기타 반려동물식품
STD_006840,반려동물간식,STD_006839,3,식품 > 반려동물식품 > 반려동물간식
STD_006841,반려동물사료,STD_006839,3,식품 > 반려동물식품 > 반려동물사료
STD_006843,반찬,STD_006498,2,식품 > 반찬
STD_006842,기타반찬류,STD_006843,3,식품 > 반찬 > 기타반찬류
STD_006844,단무지,STD_006843,3,식품 > 반찬 > 단무지
STD_006845,무침류,STD_006843,3,식품 > 반찬 > 무침류
STD_006846,반찬세트,STD_006843,3,식품 > 반찬 > 반찬세트
STD_006847,볶음류,STD_006843,3,식품 > 반찬 > 볶음류
STD_006848,장아찌,STD_006843,3,식품 > 반찬 > 장아찌
STD_006849,장조림,STD_006843,3,식품 > 반찬 > 장조림
STD_006850,절임류,STD_006843,3,식품 > 반찬 > 절임류
STD_006851,조림류,STD_006843,3,식품 > 반찬 > 조림류
STD_006853,빵/베이커리,STD_006498,2,식품 > 빵/베이커리
STD_006852,도넛,STD_006853,3,식품 > 빵/베이커리 > 도넛
STD_006854,샌드위치,STD_006853,3,식품 > 빵/베이커리 > 샌드위치
STD_006855,생지/냉동반죽,STD_006853,3,식품 > 빵/베이커리 > 생지/냉동반죽
STD_006856,식빵/베이글,STD_006853,3,식품 > 빵/베이커리 > 식빵/베이글
STD_006857,일반빵,STD_006853,3,식품 > 빵/베이커리 > 일반빵
STD_006858,케이크,STD_006853,3,식품 > 빵/베이커리 > 케이크
STD_006859,호빵/찐빵,STD_006853,3,식품 > 빵/베이커리 > 호빵/찐빵
STD_006861,소스/드레싱,STD_006498,2,식품 > 소스/드레싱
STD_006860,굴소스,STD_006861,3,식품 > 소스/드레싱 > 굴소스
STD_006862,기타소스/드레싱,STD_006861,3,식품 > 소스/드레싱 > 기타소스/드레싱
STD_006863,돈가스소스,STD_006861,3,식품 > 소스/드레싱 > 돈가스소스
STD_006864,마요네즈,STD_006861,3,식품 > 소스/드레싱 > 마요네즈
STD_006865,머스타드소스,STD_006861,3,식품 > 소스/드레싱 > 머스타드소스
STD_006866,발사믹드레싱,STD_006861,3,식품 > 소스/드레싱 > 발사믹드레싱
STD_006867,스테이크/바베큐소스,STD_006861,3,식품 > 소스/드레싱 > 스테이크/바베큐소스
STD_006868,스파게티/파스타소스,STD_006861,3,식품 > 소스/드레싱 > 스파게티/파스타소스
STD_006869,오리엔탈드레싱,STD_006861,3,식품 > 소스/드레싱 > 오리엔탈드레싱
STD_006870,쯔유,STD_006861,3,식품 > 소스/드레싱 > 쯔유
STD_006871,칠리/핫소스,STD_006861,3,식품 > 소스/드레싱 > 칠리/핫소스
STD_006872,케첩,STD_006861,3,식품 > 소스/드레싱 > 케첩
STD_006873,피쉬소스,STD_006861,3,식품 > 소스/드레싱 > 피쉬소스
STD_006876,수산물,STD_006498,2,식품 > 수산물
STD_006875,건어물,STD_006876,3,식품 > 수산물 > 건어물
STD_006874,건새우,STD_006875,4,식품 > 수산물 > 건어물 > 건새우
STD_006877,건어물세트,STD_006875,4,식품 > 수산물 > 건어물 > 건어물세트
STD_006878,과메기,STD_006875,4,식품 > 수산물 > 건어물 > 과메기
STD_006879,기타건어물,STD_006875,4,식품 > 수산물 > 건어물 > 기타건어물
STD_006880,노가리,STD_006875,4,식품 > 수산물 > 건어물 > 노가리
STD_006881,멸치,STD_006875,4,식품 > 수산물 > 건어물 > 멸치
STD_006882,문어,STD_006875,4,식품 > 수산물 > 건어물 > 문어
STD_006883,오징어,STD_006875,4,식품 > 수산물 > 건어물 > 오징어
STD_006884,쥐포,STD_006875,4,식품 > 수산물 > 건어물 > 쥐포
STD_006885,진미채,STD_006875,4,식품 > 수산물 > 건어물 > 진미채
STD_006886,한치,STD_006875,4,식품 > 수산물 > 건어물 > 한치
STD_006887,황태/코다리,STD_006875,4,식품 > 수산물 > 건어물 > 황태/코다리
STD_006889,김/해초,STD_006876,3,식품 > 수산물 > 김/해초
STD_006888,감태,STD_006889,4,식품 > 수산물 > 김/해초 > 감태
STD_006890,기타해초,STD_006889,4,식품 > 수산물 > 김/해초 > 기타해초
STD_006891,김,STD_006889,4,식품 > 수산물 > 김/해초 > 김
STD_006892,다시마,STD_006889,4,식품 > 수산물 > 김/해초 > 다시마
STD_006893,매생이,STD_006889,4,식품 > 수산물 > 김/해초 > 매생이
STD_006894,미역,STD_006889,4,식품 > 수산물 > 김/해초 > 미역
STD_006895,해초샐러드,STD_006889,4,식품 > 수산물 > 김/해초 > 해초샐러드
STD_006897,생선,STD_006876,3,식품 > 수산물 > 생선
STD_006896,가자미,STD_006897,4,식품 > 수산물 > 생선 > 가자미
STD_006898,갈치,STD_006897,4,식품 > 수산물 > 생선 > 갈치
STD_006899,고등어,STD_006897,4,식품 > 수산물 > 생선 > 고등어
STD_006900,굴비,STD_006897,4,식품 > 수산물 > 생선 > 굴비
STD_006901,기타생선,STD_006897,4,식품 > 수산물 > 생선 > 기타생선
STD_006902,꽁치,STD_006897,4,식품 > 수산물 > 생선 > 꽁치
STD_006903,대구,STD_006897,4,식품 > 수산물 > 생선 > 대구
STD_006904,동태,STD_006897,4,식품 > 수산물 > 생선 > 동태
STD_006905,삼치,STD_006897,4,식품 > 수산물 > 생선 > 삼치
STD_006906,생선회,STD_006897,4,식품 > 수산물 > 생선 > 생선회
STD_006907,연어/훈제연어,STD_006897,4,식품 > 수산물 > 생선 > 연어/훈제연어
STD_006908,옥돔,STD_006897,4,식품 > 수산물 > 생선 > 옥돔
STD_006909,우럭,STD_006897,4,식품 > 수산물 > 생선 > 우럭
STD_006910,임연수,STD_006897,4,식품 > 수산물 > 생선 > 임연수
STD_006911,장어,STD_006897,4,식품 > 수산물 > 생선 > 장어
STD_006912,조기,STD_006897,4,식품 > 수산물 > 생선 > 조기
STD_006913,참치,STD_006897,4,식품 > 수산물 > 생선 > 참치
STD_006914,초밥재료,STD_006897,4,식품 > 수산물 > 생선 > 초밥재료
STD_006915,홍어,STD_006897,4,식품 > 수산물 > 생선 > 홍어
STD_006917,수산가공식품,STD_006876,3,식품 > 수산물 > 수산가공식품
STD_006916,해물볶음류,STD_006917,4,식품 > 수산물 > 수산가공식품 > 해물볶음류
STD_006918,해물찜류,STD_006917,4,식품 > 수산물 > 수산가공식품 > 해물찜류
STD_006919,해물탕류,STD_006917,4,식품 > 수산물 > 수산가공식품 > 해물탕류
STD_006920,해물튀김류,STD_006917,4,식품 > 수산물 > 수산가공식품 > 해물튀김류
STD_006922,젓갈/장류,STD_006876,3,식품 > 수산물 > 젓갈/장류
STD_006921,게장,STD_006922,4,식품 > 수산물 > 젓갈/장류 > 게장
STD_006923,기타젓갈,STD_006922,4,식품 > 수산물 > 젓갈/장류 > 기타젓갈
STD_006924,낙지젓,STD_006922,4,식품 > 수산물 > 젓갈/장류 > 낙지젓
STD_006925,대하장,STD_006922,4,식품 > 수산물 > 젓갈/장류 > 대하장
STD_006926,명란젓,STD_006922,4,식품 > 수산물 > 젓갈/장류 > 명란젓
STD_006927,새우젓,STD_006922,4,식품 > 수산물 > 젓갈/장류 > 새우젓
STD_006928,연어장,STD_006922,4,식품 > 수산물 > 젓갈/장류 > 연어장
STD_006929,오징어젓,STD_006922,4,식품 > 수산물 > 젓갈/장류 > 오징어젓
STD_006930,젓갈선물세트,STD_006922,4,식품 > 수산물 > 젓갈/장류 > 젓갈선물세트
STD_006931,조개젓,STD_006922,4,식품 > 수산물 > 젓갈/장류 > 조개젓
STD_006932,창난젓,STD_006922,4,식품 > 수산물 > 젓갈/장류 > 창난젓
STD_006933,토하젓,STD_006922,4,식품 > 수산물 > 젓갈/장류 > 토하젓
STD_006935,해산물/어패류,STD_006876,3,식품 > 수산물 > 해산물/어패류
STD_006934,가리비,STD_006935,4,식품 > 수산물 > 해산물/어패류 > 가리비
STD_006936,골뱅이,STD_006935,4,식품 > 수산물 > 해산물/어패류 > 골뱅이
STD_006937,굴,STD_006935,4,식품 > 수산물 > 해산물/어패류 > 굴
STD_006938,기타해산물,STD_006935,4,식품 > 수산물 > 해산물/어패류 > 기타해산물
STD_006939,꼬막,STD_006935,4,식품 > 수산물 > 해산물/어패류 > 꼬막
STD_006940,꽃게,STD_006935,4,식품 > 수산물 > 해산물/어패류 > 꽃게
STD_006941,낙지,STD_006935,4,식품 > 수산물 > 해산물/어패류 > 낙지
STD_006942,날치알,STD_006935,4,식품 > 수산물 > 해산물/어패류 > 날치알
STD_006943,대게/홍게,STD_006935,4,식품 > 수산물 > 해산물/어패류 > 대게/홍게
STD_006944,멍게,STD_006935,4,식품 > 수산물 > 해산물/어패류 > 멍게
STD_006945,문어,STD_006935,4,식품 > 수산물 > 해산물/어패류 > 문어
STD_006946,바닷가재,STD_006935,4,식품 > 수산물 > 해산물/어패류 > 바닷가재
STD_006947,바지락,STD_006935,4,식품 > 수산물 > 해산물/어패류 > 바지락
STD_006948,새우,STD_006935,4,식품 > 수산물 > 해산물/어패류 > 새우
STD_006949,성게알,STD_006935,4,식품 > 수산물 > 해산물/어패류 > 성게알
STD_006950,소라,STD_006935,4,식품 > 수산물 > 해산물/어패류 > 소라
STD_006951,오징어,STD_006935,4,식품 > 수산물 > 해산물/어패류 > 오징어
STD_006952,전복,STD_006935,4,식품 > 수산물 > 해산물/어패류 > 전복
STD_006953,조개,STD_006935,4,식품 > 수산물 > 해산물/어패류 > 조개
STD_006954,주꾸미,STD_006935,4,식품 > 수산물 > 해산물/어패류 > 주꾸미
STD_006955,킹크랩,STD_006935,4,식품 > 수산물 > 해산물/어패류 > 킹크랩
STD_006956,해삼,STD_006935,4,식품 > 수산물 > 해산물/어패류 > 해삼
STD_006957,홍합,STD_006935,4,식품 > 수산물 > 해산물/어패류 > 홍합
STD_006959,스낵/과자,STD_006498,2,식품 > 스낵/과자
STD_006958,가공안주류,STD_006959,3,식품 > 스낵/과자 > 가공안주류
STD_006960,과자/쿠키세트,STD_006959,3,식품 > 스낵/과자 > 과자/쿠키세트
STD_006961,기타과자,STD_006959,3,식품 > 스낵/과자 > 기타과자
STD_006963,시리얼,STD_006959,3,식품 > 스낵/과자 > 시리얼
STD_006962,그래놀라,STD_006963,4,식품 > 스낵/과자 > 시리얼 > 그래놀라
STD_006964,기타시리얼,STD_006963,4,식품 > 스낵/과자 > 시리얼 > 기타시리얼
STD_006965,단백질바,STD_006963,4,식품 > 스낵/과자 > 시리얼 > 단백질바
STD_006966,시리얼바,STD_006963,4,식품 > 스낵/과자 > 시리얼 > 시리얼바
STD_006967,후레이크,STD_006963,4,식품 > 스낵/과자 > 시리얼 > 후레이크
STD_006968,일반스낵,STD_006959,3,식품 > 스낵/과자 > 일반스낵
STD_006969,쿠키/비스킷,STD_006959,3,식품 > 스낵/과자 > 쿠키/비스킷
STD_006970,파이/케익,STD_006959,3,식품 > 스낵/과자 > 파이/케익
STD_006971,팝콘/강냉이류,STD_006959,3,식품 > 스낵/과자 > 팝콘/강냉이류
STD_006973,식료품,STD_006498,2,식품 > 식료품
STD_006972,기타식료품,STD_006973,3,식품 > 식료품 > 기타식료품
STD_006974,벌꿀/감미료,STD_006973,3,식품 > 식료품 > 벌꿀/감미료
STD_006975,베이킹믹스/파우더,STD_006973,3,식품 > 식료품 > 베이킹믹스/파우더
STD_006976,시리얼/아침식사,STD_006973,3,식품 > 식료품 > 시리얼/아침식사
STD_006977,오일/드레싱/소스,STD_006973,3,식품 > 식료품 > 오일/드레싱/소스
STD_006978,조미료/향신료,STD_006973,3,식품 > 식료품 > 조미료/향신료
STD_006979,치즈/버터,STD_006973,3,식품 > 식료품 > 치즈/버터
STD_006981,식용유/오일,STD_006498,2,식품 > 식용유/오일
STD_006980,기타기름,STD_006981,3,식품 > 식용유/오일 > 기타기름
STD_006982,대두유,STD_006981,3,식품 > 식용유/오일 > 대두유
STD_006983,들기름,STD_006981,3,식품 > 식용유/오일 > 들기름
STD_006984,아보카도오일,STD_006981,3,식품 > 식용유/오일 > 아보카도오일
STD_006985,올리브유,STD_006981,3,식품 > 식용유/오일 > 올리브유
STD_006986,참기름,STD_006981,3,식품 > 식용유/오일 > 참기름
STD_006987,카놀라유,STD_006981,3,식품 > 식용유/오일 > 카놀라유
STD_006988,포도씨유,STD_006981,3,식품 > 식용유/오일 > 포도씨유
STD_006989,해바라기씨유,STD_006981,3,식품 > 식용유/오일 > 해바라기씨유
STD_006991,아이스크림/빙수,STD_006498,2,식품 > 아이스크림/빙수
STD_006990,빙수/기타재료,STD_006991,3,식품 > 아이스크림/빙수 > 빙수/기타재료
STD_006992,아이스크림,STD_006991,3,식품 > 아이스크림/빙수 > 아이스크림
STD_006994,유가공품,STD_006498,2,식품 > 유가공품
STD_006993,마가린,STD_006994,3,식품 > 유가공품 > 마가린
STD_006995,버터,STD_006994,3,식품 > 유가공품 > 버터
STD_006996,생크림,STD_006994,3,식품 > 유가공품 > 생크림
STD_006997,연유,STD_006994,3,식품 > 유가공품 > 연유
STD_006999,치즈,STD_006994,3,식품 > 유가공품 > 치즈
STD_006998,기타치즈,STD_006999,4,식품 > 유가공품 > 치즈 > 기타치즈
STD_007000,리코타치즈,STD_006999,4,식품 > 유가공품 > 치즈 > 리코타치즈
STD_007001,스트링치즈,STD_006999,4,식품 > 유가공품 > 치즈 > 스트링치즈
STD_007002,슬라이스치즈,STD_006999,4,식품 > 유가공품 > 치즈 > 슬라이스치즈
STD_007003,크림치즈,STD_006999,4,식품 > 유가공품 > 치즈 > 크림치즈
STD_007004,파마산치즈,STD_006999,4,식품 > 유가공품 > 치즈 > 파마산치즈
STD_007005,피자치즈,STD_006999,4,식품 > 유가공품 > 치즈 > 피자치즈
STD_007006,휘핑크림,STD_006994,3,식품 > 유가공품 > 휘핑크림
STD_007009,음료,STD_006498,2,식품 > 음료
STD_007008,건강/기능성음료,STD_007009,3,식품 > 음료 > 건강/기능성음료
STD_007007,기타건강/기능성음료,STD_007008,4,식품 > 음료 > 건강/기능성음료 > 기타건강/기능성음료
STD_007010,에너지음료,STD_007008,4,식품 > 음료 > 건강/기능성음료 > 에너지음료
STD_007011,두유,STD_007009,3,식품 > 음료 > 두유
STD_007012,생수,STD_007009,3,식품 > 음료 > 생수
STD_007014,우유/요거트,STD_007009,3,식품 > 음료 > 우유/요거트
STD_007013,요거트,STD_007014,4,식품 > 음료 > 우유/요거트 > 요거트
STD_007015,우유,STD_007014,4,식품 > 음료 > 우유/요거트 > 우유
STD_007017,전통/차음료,STD_007009,3,식품 > 음료 > 전통/차음료
STD_007016,곡물음료,STD_007017,4,식품 > 음료 > 전통/차음료 > 곡물음료
STD_007018,기타전통/차음료,STD_007017,4,식품 > 음료 > 전통/차음료 > 기타전통/차음료
STD_007019,녹차/홍차음료,STD_007017,4,식품 > 음료 > 전통/차음료 > 녹차/홍차음료
STD_007020,식혜/수정과,STD_007017,4,식품 > 음료 > 전통/차음료 > 식혜/수정과
STD_007022,주스/과즙음료,STD_007009,3,식품 > 음료 > 주스/과즙음료
STD_007021,감귤주스,STD_007022,4,식품 > 음료 > 주스/과즙음료 > 감귤주스
STD_007023,기타과즙음료,STD_007022,4,식품 > 음료 > 주스/과즙음료 > 기타과즙음료
STD_007024,레몬주스,STD_007022,4,식품 > 음료 > 주스/과즙음료 > 레몬주스
STD_007025,망고주스,STD_007022,4,식품 > 음료 > 주스/과즙음료 > 망고주스
STD_007026,매실주스,STD_007022,4,식품 > 음료 > 주스/과즙음료 > 매실주스
STD_007027,사과주스,STD_007022,4,식품 > 음료 > 주스/과즙음료 > 사과주스
STD_007028,오렌지주스,STD_007022,4,식품 > 음료 > 주스/과즙음료 > 오렌지주스
STD_007029,자몽주스,STD_007022,4,식품 > 음료 > 주스/과즙음료 > 자몽주스
STD_007030,타트체리주스,STD_007022,4,식품 > 음료 > 주스/과즙음료 > 타트체리주스
STD_007031,토마토주스,STD_007022,4,식품 > 음료 > 주스/과즙음료 > 토마토주스
STD_007032,포도주스,STD_007022,4,식품 > 음료 > 주스/과즙음료 > 포도주스
STD_007034,차류,STD_007009,3,식품 > 음료 > 차류
STD_007033,결명자차,STD_007034,4,식품 > 음료 > 차류 > 결명자차
STD_007035,국화차,STD_007034,4,식품 > 음료 > 차류 > 국화차
STD_007036,기타차,STD_007034,4,식품 > 음료 > 차류 > 기타차
STD_007037,꽃차,STD_007034,4,식품 > 음료 > 차류 > 꽃차
STD_007038,녹차,STD_007034,4,식품 > 음료 > 차류 > 녹차
STD_007039,대추차,STD_007034,4,식품 > 음료 > 차류 > 대추차
STD_007040,둥글레차,STD_007034,4,식품 > 음료 > 차류 > 둥글레차
STD_007041,라벤더차,STD_007034,4,식품 > 음료 > 차류 > 라벤더차
STD_007042,루이보스티,STD_007034,4,식품 > 음료 > 차류 > 루이보스티
STD_007043,바나바잎차,STD_007034,4,식품 > 음료 > 차류 > 바나바잎차
STD_007044,보리차,STD_007034,4,식품 > 음료 > 차류 > 보리차
STD_007045,보이차,STD_007034,4,식품 > 음료 > 차류 > 보이차
STD_007046,생강차,STD_007034,4,식품 > 음료 > 차류 > 생강차
STD_007047,쌍화차,STD_007034,4,식품 > 음료 > 차류 > 쌍화차
STD_007048,옥수수차,STD_007034,4,식품 > 음료 > 차류 > 옥수수차
STD_007049,우롱차,STD_007034,4,식품 > 음료 > 차류 > 우롱차
STD_007050,우엉차,STD_007034,4,식품 > 음료 > 차류 > 우엉차
STD_007051,유자차,STD_007034,4,식품 > 음료 > 차류 > 유자차
STD_007052,율무차,STD_007034,4,식품 > 음료 > 차류 > 율무차
STD_007053,자스민차,STD_007034,4,식품 > 음료 > 차류 > 자스민차
STD_007054,작두콩차,STD_007034,4,식품 > 음료 > 차류 > 작두콩차
STD_007055,카모마일차,STD_007034,4,식품 > 음료 > 차류 > 카모마일차
STD_007056,콤부차,STD_007034,4,식품 > 음료 > 차류 > 콤부차
STD_007057,페퍼민트차,STD_007034,4,식품 > 음료 > 차류 > 페퍼민트차
STD_007058,허브차,STD_007034,4,식품 > 음료 > 차류 > 허브차
STD_007059,호박팥차,STD_007034,4,식품 > 음료 > 차류 > 호박팥차
STD_007060,홍차,STD_007034,4,식품 > 음료 > 차류 > 홍차
STD_007061,히비스커스차,STD_007034,4,식품 > 음료 > 차류 > 히비스커스차
STD_007063,청량/탄산음료,STD_007009,3,식품 > 음료 > 청량/탄산음료
STD_007062,과즙탄산음료,STD_007063,4,식품 > 음료 > 청량/탄산음료 > 과즙탄산음료
STD_007064,기타탄산음료,STD_007063,4,식품 > 음료 > 청량/탄산음료 > 기타탄산음료
STD_007065,논알콜/무알콜음료,STD_007063,4,식품 > 음료 > 청량/탄산음료 > 논알콜/무알콜음료
STD_007066,사이다,STD_007063,4,식품 > 음료 > 청량/탄산음료 > 사이다
STD_007067,아이스티음료,STD_007063,4,식품 > 음료 > 청량/탄산음료 > 아이스티음료
STD_007068,에이드음료,STD_007063,4,식품 > 음료 > 청량/탄산음료 > 에이드음료
STD_007069,이온음료,STD_007063,4,식품 > 음료 > 청량/탄산음료 > 이온음료
STD_007070,콜라,STD_007063,4,식품 > 음료 > 청량/탄산음료 > 콜라
STD_007072,커피,STD_007009,3,식품 > 음료 > 커피
STD_007071,더치커피,STD_007072,4,식품 > 음료 > 커피 > 더치커피
STD_007073,드립백/티백,STD_007072,4,식품 > 음료 > 커피 > 드립백/티백
STD_007074,원두/생두,STD_007072,4,식품 > 음료 > 커피 > 원두/생두
STD_007075,캡슐커피,STD_007072,4,식품 > 음료 > 커피 > 캡슐커피
STD_007076,커피믹스/인스턴트커피,STD_007072,4,식품 > 음료 > 커피 > 커피믹스/인스턴트커피
STD_007077,커피음료,STD_007072,4,식품 > 음료 > 커피 > 커피음료
STD_007078,프림,STD_007072,4,식품 > 음료 > 커피 > 프림
STD_007079,코코아,STD_007009,3,식품 > 음료 > 코코아
STD_007080,탄산수,STD_007009,3,식품 > 음료 > 탄산수
STD_007081,파우더/스무디,STD_007009,3,식품 > 음료 > 파우더/스무디
STD_007083,장류,STD_006498,2,식품 > 장류
STD_007082,간장,STD_007083,3,식품 > 장류 > 간장
STD_007084,고추장,STD_007083,3,식품 > 장류 > 고추장
STD_007085,기타장류,STD_007083,3,식품 > 장류 > 기타장류
STD_007086,낫토,STD_007083,3,식품 > 장류 > 낫토
STD_007087,된장,STD_007083,3,식품 > 장류 > 된장
STD_007088,메주,STD_007083,3,식품 > 장류 > 메주
STD_007089,쌈장,STD_007083,3,식품 > 장류 > 쌈장
STD_007091,양념장,STD_007083,3,식품 > 장류 > 양념장
STD_007090,고기양념,STD_007091,4,식품 > 장류 > 양념장 > 고기양념
STD_007092,기타양념장,STD_007091,4,식품 > 장류 > 양념장 > 기타양념장
STD_007093,비빔양념,STD_007091,4,식품 > 장류 > 양념장 > 비빔양념
STD_007094,찌개양념,STD_007091,4,식품 > 장류 > 양념장 > 찌개양념
STD_007095,청국장,STD_007083,3,식품 > 장류 > 청국장
STD_007097,잼/시럽,STD_006498,2,식품 > 잼/시럽
STD_007096,기타잼/시럽,STD_007097,3,식품 > 잼/시럽 > 기타잼/시럽
STD_007098,딸기잼,STD_007097,3,식품 > 잼/시럽 > 딸기잼
STD_007099,땅콩잼,STD_007097,3,식품 > 잼/시럽 > 땅콩잼
STD_007100,메이플시럽,STD_007097,3,식품 > 잼/시럽 > 메이플시럽
STD_007101,사과잼,STD_007097,3,식품 > 잼/시럽 > 사과잼
STD_007102,초코시럽,STD_007097,3,식품 > 잼/시럽 > 초코시럽
STD_007103,초코잼,STD_007097,3,식품 > 잼/시럽 > 초코잼
STD_007104,커피시럽,STD_007097,3,식품 > 잼/시럽 > 커피시럽
STD_007106,전통과자,STD_006498,2,식품 > 전통과자
STD_007105,강정,STD_007106,3,식품 > 전통과자 > 강정
STD_007107,약과,STD_007106,3,식품 > 전통과자 > 약과
STD_007108,엿,STD_007106,3,식품 > 전통과자 > 엿
STD_007109,전병,STD_007106,3,식품 > 전통과자 > 전병
STD_007110,한과,STD_007106,3,식품 > 전통과자 > 한과
STD_007111,화과자,STD_007106,3,식품 > 전통과자 > 화과자
STD_007113,제과/제빵재료,STD_006498,2,식품 > 제과/제빵재료
STD_007112,기타제과/제빵재료,STD_007113,3,식품 > 제과/제빵재료 > 기타제과/제빵재료
STD_007114,베이킹파우더,STD_007113,3,식품 > 제과/제빵재료 > 베이킹파우더
STD_007115,제과/제빵믹스,STD_007113,3,식품 > 제과/제빵재료 > 제과/제빵믹스
STD_007116,호떡믹스,STD_007113,3,식품 > 제과/제빵재료 > 호떡믹스
STD_007118,젤리/사탕/초콜릿,STD_006498,2,식품 > 젤리/사탕/초콜릿
STD_007117,껌,STD_007118,3,식품 > 젤리/사탕/초콜릿 > 껌
STD_007119,마시멜로,STD_007118,3,식품 > 젤리/사탕/초콜릿 > 마시멜로
STD_007120,사탕,STD_007118,3,식품 > 젤리/사탕/초콜릿 > 사탕
STD_007121,양갱,STD_007118,3,식품 > 젤리/사탕/초콜릿 > 양갱
STD_007122,젤리,STD_007118,3,식품 > 젤리/사탕/초콜릿 > 젤리
STD_007123,초콜릿,STD_007118,3,식품 > 젤리/사탕/초콜릿 > 초콜릿
STD_007124,캐러멜,STD_007118,3,식품 > 젤리/사탕/초콜릿 > 캐러멜
STD_007125,푸딩,STD_007118,3,식품 > 젤리/사탕/초콜릿 > 푸딩
STD_007127,조미료,STD_006498,2,식품 > 조미료
STD_007126,겨자,STD_007127,3,식품 > 조미료 > 겨자
STD_007128,고추냉이,STD_007127,3,식품 > 조미료 > 고추냉이
STD_007129,고춧가루,STD_007127,3,식품 > 조미료 > 고춧가루
STD_007130,기타조미료,STD_007127,3,식품 > 조미료 > 기타조미료
STD_007131,맛가루/후리가케,STD_007127,3,식품 > 조미료 > 맛가루/후리가케
STD_007132,물엿/올리고당,STD_007127,3,식품 > 조미료 > 물엿/올리고당
STD_007133,설탕,STD_007127,3,식품 > 조미료 > 설탕
STD_007134,소금,STD_007127,3,식품 > 조미료 > 소금
STD_007135,식초,STD_007127,3,식품 > 조미료 > 식초
STD_007136,액젓,STD_007127,3,식품 > 조미료 > 액젓
STD_007137,천연감미료,STD_007127,3,식품 > 조미료 > 천연감미료
STD_007138,후추,STD_007127,3,식품 > 조미료 > 후추
STD_007140,주류,STD_006498,2,식품 > 주류
STD_007139,맥주,STD_007140,3,식품 > 주류 > 맥주
STD_007141,사케/기타수입주류,STD_007140,3,식품 > 주류 > 사케/기타수입주류
STD_007142,수입와인,STD_007140,3,식품 > 주류 > 수입와인
STD_007143,양주,STD_007140,3,식품 > 주류 > 양주
STD_007145,전통주,STD_007140,3,식품 > 주류 > 전통주
STD_007144,국산와인/과일주,STD_007145,4,식품 > 주류 > 전통주 > 국산와인/과일주
STD_007146,기타전통주,STD_007145,4,식품 > 주류 > 전통주 > 기타전통주
STD_007147,담금주,STD_007145,4,식품 > 주류 > 전통주 > 담금주
STD_007148,리큐르주,STD_007145,4,식품 > 주류 > 전통주 > 리큐르주
STD_007149,막걸리/탁주,STD_007145,4,식품 > 주류 > 전통주 > 막걸리/탁주
STD_007150,복분자주,STD_007145,4,식품 > 주류 > 전통주 > 복분자주
STD_007151,소주,STD_007145,4,식품 > 주류 > 전통주 > 소주
STD_007152,약주,STD_007145,4,식품 > 주류 > 전통주 > 약주
STD_007153,일반증류주,STD_007145,4,식품 > 주류 > 전통주 > 일반증류주
STD_007154,전통주선물세트,STD_007145,4,식품 > 주류 > 전통주 > 전통주선물세트
STD_007156,즉석밥/즉석국,STD_006498,2,식품 > 즉석밥/즉석국
STD_007155,국/탕/찌개,STD_007156,3,식품 > 즉석밥/즉석국 > 국/탕/찌개
STD_007157,볶음밥/컵밥/덮밥,STD_007156,3,식품 > 즉석밥/즉석국 > 볶음밥/컵밥/덮밥
STD_007158,일반즉석밥/잡곡밥,STD_007156,3,식품 > 즉석밥/즉석국 > 일반즉석밥/잡곡밥
STD_007159,전투식량,STD_007156,3,식품 > 즉석밥/즉석국 > 전투식량
STD_007160,주먹밥/김밥,STD_007156,3,식품 > 즉석밥/즉석국 > 주먹밥/김밥
STD_007162,축산물,STD_006498,2,식품 > 축산물
STD_007161,기타육류,STD_007162,3,식품 > 축산물 > 기타육류
STD_007164,닭고기,STD_007162,3,식품 > 축산물 > 닭고기
STD_007163,기타부위닭고기,STD_007164,4,식품 > 축산물 > 닭고기 > 기타부위닭고기
STD_007165,닭가슴살,STD_007164,4,식품 > 축산물 > 닭고기 > 닭가슴살
STD_007166,닭날개/봉,STD_007164,4,식품 > 축산물 > 닭고기 > 닭날개/봉
STD_007167,닭다리,STD_007164,4,식품 > 축산물 > 닭고기 > 닭다리
STD_007168,닭발/근위,STD_007164,4,식품 > 축산물 > 닭고기 > 닭발/근위
STD_007169,닭양념육,STD_007164,4,식품 > 축산물 > 닭고기 > 닭양념육
STD_007170,생닭,STD_007164,4,식품 > 축산물 > 닭고기 > 생닭
STD_007172,돼지고기,STD_007162,3,식품 > 축산물 > 돼지고기
STD_007171,국내산돼지고기,STD_007172,4,식품 > 축산물 > 돼지고기 > 국내산돼지고기
STD_007173,돈육훈제,STD_007172,4,식품 > 축산물 > 돼지고기 > 돈육훈제
STD_007174,돼지양념육,STD_007172,4,식품 > 축산물 > 돼지고기 > 돼지양념육
STD_007175,수입산돼지고기,STD_007172,4,식품 > 축산물 > 돼지고기 > 수입산돼지고기
STD_007177,쇠고기,STD_007162,3,식품 > 축산물 > 쇠고기
STD_007176,국내산육우,STD_007177,4,식품 > 축산물 > 쇠고기 > 국내산육우
STD_007178,쇠고기양념육,STD_007177,4,식품 > 축산물 > 쇠고기 > 쇠고기양념육
STD_007179,수입산쇠고기,STD_007177,4,식품 > 축산물 > 쇠고기 > 수입산쇠고기
STD_007180,한우,STD_007177,4,식품 > 축산물 > 쇠고기 > 한우
STD_007182,알류,STD_007162,3,식품 > 축산물 > 알류
STD_007181,구운계란,STD_007182,4,식품 > 축산물 > 알류 > 구운계란
STD_007183,기타새알,STD_007182,4,식품 > 축산물 > 알류 > 기타새알
STD_007184,달걀,STD_007182,4,식품 > 축산물 > 알류 > 달걀
STD_007185,메추리알,STD_007182,4,식품 > 축산물 > 알류 > 메추리알
STD_007187,양고기,STD_007162,3,식품 > 축산물 > 양고기
STD_007186,기타양고기,STD_007187,4,식품 > 축산물 > 양고기 > 기타양고기
STD_007188,양갈비,STD_007187,4,식품 > 축산물 > 양고기 > 양갈비
STD_007189,양꼬치,STD_007187,4,식품 > 축산물 > 양고기 > 양꼬치
STD_007191,오리고기,STD_007162,3,식품 > 축산물 > 오리고기
STD_007190,생오리고기,STD_007191,4,식품 > 축산물 > 오리고기 > 생오리고기
STD_007192,오리주물럭/불고기,STD_007191,4,식품 > 축산물 > 오리고기 > 오리주물럭/불고기
STD_007193,오리훈제,STD_007191,4,식품 > 축산물 > 오리고기 > 오리훈제
STD_007195,축산가공식품,STD_007162,3,식품 > 축산물 > 축산가공식품
STD_007194,갈비찜,STD_007195,4,식품 > 축산물 > 축산가공식품 > 갈비찜
STD_007196,곱창/막창/대창,STD_007195,4,식품 > 축산물 > 축산가공식품 > 곱창/막창/대창
STD_007197,기타육가공,STD_007195,4,식품 > 축산물 > 축산가공식품 > 기타육가공
STD_007198,닭가공품,STD_007195,4,식품 > 축산물 > 축산가공식품 > 닭가공품
STD_007199,돈가스,STD_007195,4,식품 > 축산물 > 축산가공식품 > 돈가스
STD_007200,떡갈비,STD_007195,4,식품 > 축산물 > 축산가공식품 > 떡갈비
STD_007201,베이컨,STD_007195,4,식품 > 축산물 > 축산가공식품 > 베이컨
STD_007202,삼계탕,STD_007195,4,식품 > 축산물 > 축산가공식품 > 삼계탕
STD_007203,소시지,STD_007195,4,식품 > 축산물 > 축산가공식품 > 소시지
STD_007204,순대,STD_007195,4,식품 > 축산물 > 축산가공식품 > 순대
STD_007205,육포,STD_007195,4,식품 > 축산물 > 축산가공식품 > 육포
STD_007206,족발,STD_007195,4,식품 > 축산물 > 축산가공식품 > 족발
STD_007207,햄,STD_007195,4,식품 > 축산물 > 축산가공식품 > 햄
STD_007209,커피/차/음료,STD_006498,2,식품 > 커피/차/음료
STD_007208,주스/음료,STD_007209,3,식품 > 커피/차/음료 > 주스/음료
STD_007210,커피/코코아,STD_007209,3,식품 > 커피/차/음료 > 커피/코코아
STD_007211,허브티/차,STD_007209,3,식품 > 커피/차/음료 > 허브티/차
STD_007213,통조림/캔,STD_006498,2,식품 > 통조림/캔
STD_007212,골뱅이/번데기,STD_007213,3,식품 > 통조림/캔 > 골뱅이/번데기
STD_007214,기타통조림/캔,STD_007213,3,식품 > 통조림/캔 > 기타통조림/캔
STD_007215,꽁치/고등어,STD_007213,3,식품 > 통조림/캔 > 꽁치/고등어
STD_007216,세트,STD_007213,3,식품 > 통조림/캔 > 세트
STD_007217,옥수수/콩,STD_007213,3,식품 > 통조림/캔 > 옥수수/콩
STD_007218,참치/연어,STD_007213,3,식품 > 통조림/캔 > 참치/연어
STD_007219,피클/올리브,STD_007213,3,식품 > 통조림/캔 > 피클/올리브
STD_007220,햄,STD_007213,3,식품 > 통조림/캔 > 햄
STD_007221,황도/과일,STD_007213,3,식품 > 통조림/캔 > 황도/과일
STD_007224,신발,ROOT,1,신발
STD_007223,기능화,STD_007224,2,신발 > 기능화
STD_007222,간호사화,STD_007223,3,신발 > 기능화 > 간호사화
STD_007225,고무신/꽃신,STD_007223,3,신발 > 기능화 > 고무신/꽃신
STD_007226,기능화기타,STD_007223,3,신발 > 기능화 > 기능화기타
STD_007227,다이어트화,STD_007223,3,신발 > 기능화 > 다이어트화
STD_007228,댄스화/발레화,STD_007223,3,신발 > 기능화 > 댄스화/발레화
STD_007229,유니폼화,STD_007223,3,신발 > 기능화 > 유니폼화
STD_007230,한복신발,STD_007223,3,신발 > 기능화 > 한복신발
STD_007231,효도/컴포트화,STD_007223,3,신발 > 기능화 > 효도/컴포트화
STD_007233,기타,STD_007224,2,신발 > 기타
STD_007232,기타,STD_007233,3,신발 > 기타 > 기타
STD_007235,남성샌들,STD_007224,2,신발 > 남성샌들
STD_007234,아쿠아슈즈,STD_007235,3,신발 > 남성샌들 > 아쿠아슈즈
STD_007236,정장샌들,STD_007235,3,신발 > 남성샌들 > 정장샌들
STD_007237,쪼리/슬리퍼,STD_007235,3,신발 > 남성샌들 > 쪼리/슬리퍼
STD_007238,캐주얼샌들,STD_007235,3,신발 > 남성샌들 > 캐주얼샌들
STD_007240,남성워커/부츠,STD_007224,2,신발 > 남성워커/부츠
STD_007239,마틴화/웰트화,STD_007240,3,신발 > 남성워커/부츠 > 마틴화/웰트화
STD_007241,부츠/방한화,STD_007240,3,신발 > 남성워커/부츠 > 부츠/방한화
STD_007242,워커,STD_007240,3,신발 > 남성워커/부츠 > 워커
STD_007244,남성정장화,STD_007224,2,신발 > 남성정장화
STD_007243,남성구두,STD_007244,3,신발 > 남성정장화 > 남성구두
STD_007245,맞춤수제화,STD_007244,3,신발 > 남성정장화 > 맞춤수제화
STD_007246,빅사이즈 남성화,STD_007244,3,신발 > 남성정장화 > 빅사이즈 남성화
STD_007247,빅사이즈남성화,STD_007244,3,신발 > 남성정장화 > 빅사이즈남성화
STD_007248,수제화,STD_007244,3,신발 > 남성정장화 > 수제화
STD_007249,정장구두,STD_007244,3,신발 > 남성정장화 > 정장구두
STD_007250,정장구두-기본,STD_007244,3,신발 > 남성정장화 > 정장구두-기본
STD_007251,정장구두-로퍼,STD_007244,3,신발 > 남성정장화 > 정장구두-로퍼
STD_007252,정장구두-옥스포드,STD_007244,3,신발 > 남성정장화 > 정장구두-옥스포드
STD_007253,정장부츠,STD_007244,3,신발 > 남성정장화 > 정장부츠
STD_007254,정장샌들,STD_007244,3,신발 > 남성정장화 > 정장샌들
STD_007256,남성캐주얼화,STD_007224,2,신발 > 남성캐주얼화
STD_007255,로퍼,STD_007256,3,신발 > 남성캐주얼화 > 로퍼
STD_007257,로퍼/옥스포드화,STD_007256,3,신발 > 남성캐주얼화 > 로퍼/옥스포드화
STD_007258,마틴화/웰트화,STD_007256,3,신발 > 남성캐주얼화 > 마틴화/웰트화
STD_007259,모카신,STD_007256,3,신발 > 남성캐주얼화 > 모카신
STD_007260,방한화/털부츠,STD_007256,3,신발 > 남성캐주얼화 > 방한화/털부츠
STD_007261,보트슈즈,STD_007256,3,신발 > 남성캐주얼화 > 보트슈즈
STD_007262,샌들,STD_007256,3,신발 > 남성캐주얼화 > 샌들
STD_007263,샌들/슬리퍼,STD_007256,3,신발 > 남성캐주얼화 > 샌들/슬리퍼
STD_007264,스니커즈,STD_007256,3,신발 > 남성캐주얼화 > 스니커즈
STD_007265,슬리퍼,STD_007256,3,신발 > 남성캐주얼화 > 슬리퍼
STD_007266,슬립온,STD_007256,3,신발 > 남성캐주얼화 > 슬립온
STD_007267,아쿠아슈즈,STD_007256,3,신발 > 남성캐주얼화 > 아쿠아슈즈
STD_007268,운동화,STD_007256,3,신발 > 남성캐주얼화 > 운동화
STD_007269,워커/부츠,STD_007256,3,신발 > 남성캐주얼화 > 워커/부츠
STD_007270,쪼리,STD_007256,3,신발 > 남성캐주얼화 > 쪼리
STD_007271,캐주얼화,STD_007256,3,신발 > 남성캐주얼화 > 캐주얼화
STD_007272,캔버스화,STD_007256,3,신발 > 남성캐주얼화 > 캔버스화
STD_007273,컴포트화,STD_007256,3,신발 > 남성캐주얼화 > 컴포트화
STD_007275,빅사이즈신발,STD_007224,2,신발 > 빅사이즈신발
STD_007274,남성화,STD_007275,3,신발 > 빅사이즈신발 > 남성화
STD_007276,여성화,STD_007275,3,신발 > 빅사이즈신발 > 여성화
STD_007277,캐주얼화,STD_007275,3,신발 > 빅사이즈신발 > 캐주얼화
STD_007279,스니커즈/슬립온,STD_007224,2,신발 > 스니커즈/슬립온
STD_007278,남성스니커즈,STD_007279,3,신발 > 스니커즈/슬립온 > 남성스니커즈
STD_007280,남성슬립온,STD_007279,3,신발 > 스니커즈/슬립온 > 남성슬립온
STD_007281,스니커즈,STD_007279,3,신발 > 스니커즈/슬립온 > 스니커즈
STD_007282,슬립온,STD_007279,3,신발 > 스니커즈/슬립온 > 슬립온
STD_007283,여성스니커즈,STD_007279,3,신발 > 스니커즈/슬립온 > 여성스니커즈
STD_007284,여성슬립온,STD_007279,3,신발 > 스니커즈/슬립온 > 여성슬립온
STD_007285,우븐슈즈,STD_007279,3,신발 > 스니커즈/슬립온 > 우븐슈즈
STD_007286,웨지힐 스니커즈,STD_007279,3,신발 > 스니커즈/슬립온 > 웨지힐 스니커즈
STD_007287,캔버스화,STD_007279,3,신발 > 스니커즈/슬립온 > 캔버스화
STD_007288,캔버스화/보드화,STD_007279,3,신발 > 스니커즈/슬립온 > 캔버스화/보드화
STD_007289,키높이스니커즈,STD_007279,3,신발 > 스니커즈/슬립온 > 키높이스니커즈
STD_007290,통굽슬립온,STD_007279,3,신발 > 스니커즈/슬립온 > 통굽슬립온
STD_007293,슬리퍼/실내화,STD_007224,2,신발 > 슬리퍼/실내화
STD_007292,사무용슬리퍼,STD_007293,3,신발 > 슬리퍼/실내화 > 사무용슬리퍼
STD_007291,남성용,STD_007292,4,신발 > 슬리퍼/실내화 > 사무용슬리퍼 > 남성용
STD_007294,여성용,STD_007292,4,신발 > 슬리퍼/실내화 > 사무용슬리퍼 > 여성용
STD_007296,일반슬리퍼,STD_007293,3,신발 > 슬리퍼/실내화 > 일반슬리퍼
STD_007295,남성용,STD_007296,4,신발 > 슬리퍼/실내화 > 일반슬리퍼 > 남성용
STD_007297,여성용,STD_007296,4,신발 > 슬리퍼/실내화 > 일반슬리퍼 > 여성용
STD_007299,지압슬리퍼,STD_007293,3,신발 > 슬리퍼/실내화 > 지압슬리퍼
STD_007298,남성용,STD_007299,4,신발 > 슬리퍼/실내화 > 지압슬리퍼 > 남성용
STD_007300,여성용,STD_007299,4,신발 > 슬리퍼/실내화 > 지압슬리퍼 > 여성용
STD_007302,털슬리퍼,STD_007293,3,신발 > 슬리퍼/실내화 > 털슬리퍼
STD_007301,남성용,STD_007302,4,신발 > 슬리퍼/실내화 > 털슬리퍼 > 남성용
STD_007303,여성용,STD_007302,4,신발 > 슬리퍼/실내화 > 털슬리퍼 > 여성용
STD_007305,학생실내화,STD_007293,3,신발 > 슬리퍼/실내화 > 학생실내화
STD_007304,남성용,STD_007305,4,신발 > 슬리퍼/실내화 > 학생실내화 > 남성용
STD_007306,여성용,STD_007305,4,신발 > 슬리퍼/실내화 > 학생실내화 > 여성용
STD_007308,신발용품,STD_007224,2,신발 > 신발용품
STD_007307,구두솔,STD_007308,3,신발 > 신발용품 > 구두솔
STD_007309,구두약/염색제,STD_007308,3,신발 > 신발용품 > 구두약/염색제
STD_007310,구둣주걱,STD_007308,3,신발 > 신발용품 > 구둣주걱
STD_007311,굽/리폼제품,STD_007308,3,신발 > 신발용품 > 굽/리폼제품
STD_007312,기타신발용품,STD_007308,3,신발 > 신발용품 > 기타신발용품
STD_007313,깔창/키높이깔창,STD_007308,3,신발 > 신발용품 > 깔창/키높이깔창
STD_007314,발보호쿠션/패드,STD_007308,3,신발 > 신발용품 > 발보호쿠션/패드
STD_007315,방수스프레이,STD_007308,3,신발 > 신발용품 > 방수스프레이
STD_007316,부츠키퍼,STD_007308,3,신발 > 신발용품 > 부츠키퍼
STD_007317,부츠키퍼/클리너,STD_007308,3,신발 > 신발용품 > 부츠키퍼/클리너
STD_007318,브러쉬,STD_007308,3,신발 > 신발용품 > 브러쉬
STD_007319,슈즈커버,STD_007308,3,신발 > 신발용품 > 슈즈커버
STD_007320,슈트리/제골기,STD_007308,3,신발 > 신발용품 > 슈트리/제골기
STD_007321,스펀지,STD_007308,3,신발 > 신발용품 > 스펀지
STD_007322,신발깔창,STD_007308,3,신발 > 신발용품 > 신발깔창
STD_007323,신발끈,STD_007308,3,신발 > 신발용품 > 신발끈
STD_007324,운동화끈,STD_007308,3,신발 > 신발용품 > 운동화끈
STD_007325,제골기/슈트리,STD_007308,3,신발 > 신발용품 > 제골기/슈트리
STD_007327,실내화/슬리퍼,STD_007224,2,신발 > 실내화/슬리퍼
STD_007326,사무용슬리퍼,STD_007327,3,신발 > 실내화/슬리퍼 > 사무용슬리퍼
STD_007328,일반슬리퍼,STD_007327,3,신발 > 실내화/슬리퍼 > 일반슬리퍼
STD_007329,지압슬리퍼,STD_007327,3,신발 > 실내화/슬리퍼 > 지압슬리퍼
STD_007330,털슬리퍼,STD_007327,3,신발 > 실내화/슬리퍼 > 털슬리퍼
STD_007331,학생 실내화,STD_007327,3,신발 > 실내화/슬리퍼 > 학생 실내화
STD_007332,학생용실내화,STD_007327,3,신발 > 실내화/슬리퍼 > 학생용실내화
STD_007334,아쿠아슈즈/쪼리,STD_007224,2,신발 > 아쿠아슈즈/쪼리
STD_007333,매쉬/아쿠아슈즈,STD_007334,3,신발 > 아쿠아슈즈/쪼리 > 매쉬/아쿠아슈즈
STD_007335,젤리슈즈,STD_007334,3,신발 > 아쿠아슈즈/쪼리 > 젤리슈즈
STD_007336,플리플랍/쪼리,STD_007334,3,신발 > 아쿠아슈즈/쪼리 > 플리플랍/쪼리
STD_007338,여성단화,STD_007224,2,신발 > 여성단화
STD_007337,로퍼,STD_007338,3,신발 > 여성단화 > 로퍼
STD_007339,모카신/보트화,STD_007338,3,신발 > 여성단화 > 모카신/보트화
STD_007340,블로퍼,STD_007338,3,신발 > 여성단화 > 블로퍼
STD_007341,빅사이즈 단화,STD_007338,3,신발 > 여성단화 > 빅사이즈 단화
STD_007342,빅사이즈단화,STD_007338,3,신발 > 여성단화 > 빅사이즈단화
STD_007343,옥스퍼드화,STD_007338,3,신발 > 여성단화 > 옥스퍼드화
STD_007344,옥스포드화,STD_007338,3,신발 > 여성단화 > 옥스포드화
STD_007345,컴포트화,STD_007338,3,신발 > 여성단화 > 컴포트화
STD_007346,털단화,STD_007338,3,신발 > 여성단화 > 털단화
STD_007347,플랫슈즈,STD_007338,3,신발 > 여성단화 > 플랫슈즈
STD_007349,여성부츠/워커,STD_007224,2,신발 > 여성부츠/워커
STD_007348,레인부츠,STD_007349,3,신발 > 여성부츠/워커 > 레인부츠
STD_007350,레인부츠/장화,STD_007349,3,신발 > 여성부츠/워커 > 레인부츠/장화
STD_007351,롱부츠,STD_007349,3,신발 > 여성부츠/워커 > 롱부츠
STD_007352,로우힐,STD_007351,4,신발 > 여성부츠/워커 > 롱부츠 > 로우힐
STD_007353,싸이하이부츠,STD_007351,4,신발 > 여성부츠/워커 > 롱부츠 > 싸이하이부츠
STD_007354,하이힐,STD_007351,4,신발 > 여성부츠/워커 > 롱부츠 > 하이힐
STD_007355,미들부츠,STD_007349,3,신발 > 여성부츠/워커 > 미들부츠
STD_007356,부티,STD_007349,3,신발 > 여성부츠/워커 > 부티
STD_007357,빅사이즈 부츠,STD_007349,3,신발 > 여성부츠/워커 > 빅사이즈 부츠
STD_007358,빅사이즈 워커,STD_007349,3,신발 > 여성부츠/워커 > 빅사이즈 워커
STD_007360,스웨이드부츠,STD_007349,3,신발 > 여성부츠/워커 > 스웨이드부츠
STD_007359,로우힐,STD_007360,4,신발 > 여성부츠/워커 > 스웨이드부츠 > 로우힐
STD_007361,하이힐,STD_007360,4,신발 > 여성부츠/워커 > 스웨이드부츠 > 하이힐
STD_007362,앵클부츠,STD_007349,3,신발 > 여성부츠/워커 > 앵클부츠
STD_007363,로우힐,STD_007362,4,신발 > 여성부츠/워커 > 앵클부츠 > 로우힐
STD_007364,하이힐,STD_007362,4,신발 > 여성부츠/워커 > 앵클부츠 > 하이힐
STD_007365,워커힐,STD_007349,3,신발 > 여성부츠/워커 > 워커힐
STD_007366,첼시부츠,STD_007349,3,신발 > 여성부츠/워커 > 첼시부츠
STD_007367,털부츠,STD_007349,3,신발 > 여성부츠/워커 > 털부츠
STD_007368,롱,STD_007367,4,신발 > 여성부츠/워커 > 털부츠 > 롱
STD_007369,미들,STD_007367,4,신발 > 여성부츠/워커 > 털부츠 > 미들
STD_007370,숏,STD_007367,4,신발 > 여성부츠/워커 > 털부츠 > 숏
STD_007371,패딩부츠,STD_007349,3,신발 > 여성부츠/워커 > 패딩부츠
STD_007372,플랫워커,STD_007349,3,신발 > 여성부츠/워커 > 플랫워커
STD_007374,여성샌들,STD_007224,2,신발 > 여성샌들
STD_007373,글래디에이터샌들,STD_007374,3,신발 > 여성샌들 > 글래디에이터샌들
STD_007375,글레디에이터샌들,STD_007374,3,신발 > 여성샌들 > 글레디에이터샌들
STD_007376,기타샌들,STD_007374,3,신발 > 여성샌들 > 기타샌들
STD_007377,뮬,STD_007374,3,신발 > 여성샌들 > 뮬
STD_007378,빅사이즈 샌들,STD_007374,3,신발 > 여성샌들 > 빅사이즈 샌들
STD_007379,스트랩샌들,STD_007374,3,신발 > 여성샌들 > 스트랩샌들
STD_007380,슬리퍼,STD_007374,3,신발 > 여성샌들 > 슬리퍼
STD_007381,슬리퍼샌들,STD_007374,3,신발 > 여성샌들 > 슬리퍼샌들
STD_007382,슬링백샌들,STD_007374,3,신발 > 여성샌들 > 슬링백샌들
STD_007383,아쿠아슈즈,STD_007374,3,신발 > 여성샌들 > 아쿠아슈즈
STD_007384,웨지샌들,STD_007374,3,신발 > 여성샌들 > 웨지샌들
STD_007385,정장샌들,STD_007374,3,신발 > 여성샌들 > 정장샌들
STD_007386,젤리/스펀지샌들,STD_007374,3,신발 > 여성샌들 > 젤리/스펀지샌들
STD_007387,젤리슈즈,STD_007374,3,신발 > 여성샌들 > 젤리슈즈
STD_007388,쪼리,STD_007374,3,신발 > 여성샌들 > 쪼리
STD_007389,플랫샌들,STD_007374,3,신발 > 여성샌들 > 플랫샌들
STD_007390,플립플랍/쪼리,STD_007374,3,신발 > 여성샌들 > 플립플랍/쪼리
STD_007392,여성캐주얼화,STD_007224,2,신발 > 여성캐주얼화
STD_007391,로퍼,STD_007392,3,신발 > 여성캐주얼화 > 로퍼
STD_007393,스니커즈,STD_007392,3,신발 > 여성캐주얼화 > 스니커즈
STD_007394,슬립온,STD_007392,3,신발 > 여성캐주얼화 > 슬립온
STD_007395,아쿠아슈즈,STD_007392,3,신발 > 여성캐주얼화 > 아쿠아슈즈
STD_007396,운동화,STD_007392,3,신발 > 여성캐주얼화 > 운동화
STD_007397,캐주얼화,STD_007392,3,신발 > 여성캐주얼화 > 캐주얼화
STD_007398,캔버스화,STD_007392,3,신발 > 여성캐주얼화 > 캔버스화
STD_007400,운동화,STD_007224,2,신발 > 운동화
STD_007399,워킹화,STD_007400,3,신발 > 운동화 > 워킹화
STD_007401,키높이 운동화,STD_007400,3,신발 > 운동화 > 키높이 운동화
STD_007402,키높이운동화,STD_007400,3,신발 > 운동화 > 키높이운동화
STD_007403,털운동화,STD_007400,3,신발 > 운동화 > 털운동화
STD_007404,패션운동화,STD_007400,3,신발 > 운동화 > 패션운동화
STD_007405,하이탑,STD_007400,3,신발 > 운동화 > 하이탑
STD_007407,컴포트화,STD_007224,2,신발 > 컴포트화
STD_007406,남성컴포트화,STD_007407,3,신발 > 컴포트화 > 남성컴포트화
STD_007408,여성컴포트화,STD_007407,3,신발 > 컴포트화 > 여성컴포트화
STD_007409,효도화,STD_007407,3,신발 > 컴포트화 > 효도화
STD_007411,힐/펌프스,STD_007224,2,신발 > 힐/펌프스
STD_007410,가보시힐,STD_007411,3,신발 > 힐/펌프스 > 가보시힐
STD_007412,로우힐/미들힐,STD_007411,3,신발 > 힐/펌프스 > 로우힐/미들힐
STD_007413,메리제인 슈즈,STD_007411,3,신발 > 힐/펌프스 > 메리제인 슈즈
STD_007414,뮬,STD_007411,3,신발 > 힐/펌프스 > 뮬
STD_007415,빅사이즈 펌프스,STD_007411,3,신발 > 힐/펌프스 > 빅사이즈 펌프스
STD_007416,빅사이즈펌프스,STD_007411,3,신발 > 힐/펌프스 > 빅사이즈펌프스
STD_007417,스트랩힐,STD_007411,3,신발 > 힐/펌프스 > 스트랩힐
STD_007418,스틸레토힐,STD_007411,3,신발 > 힐/펌프스 > 스틸레토힐
STD_007419,슬링백,STD_007411,3,신발 > 힐/펌프스 > 슬링백
STD_007420,웨딩/파티 슈즈,STD_007411,3,신발 > 힐/펌프스 > 웨딩/파티 슈즈
STD_007421,웨딩/파티슈즈,STD_007411,3,신발 > 힐/펌프스 > 웨딩/파티슈즈
STD_007422,웨지힐,STD_007411,3,신발 > 힐/펌프스 > 웨지힐
STD_007423,정장 슈즈,STD_007411,3,신발 > 힐/펌프스 > 정장 슈즈
STD_007424,정장슈즈,STD_007411,3,신발 > 힐/펌프스 > 정장슈즈
STD_007425,킬힐,STD_007411,3,신발 > 힐/펌프스 > 킬힐
STD_007426,토오픈,STD_007411,3,신발 > 힐/펌프스 > 토오픈
STD_007427,통굽슈즈,STD_007411,3,신발 > 힐/펌프스 > 통굽슈즈
STD_007428,통굽힐,STD_007411,3,신발 > 힐/펌프스 > 통굽힐
STD_007429,펌프스,STD_007411,3,신발 > 힐/펌프스 > 펌프스
STD_007430,하이힐,STD_007411,3,신발 > 힐/펌프스 > 하이힐
STD_007433,신선식품,ROOT,1,신선식품
STD_007432,[중지]디지털 쿠폰마켓,STD_007433,2,신선식품 > [중지]디지털 쿠폰마켓
STD_007431,상품교환권 및 할인권,STD_007432,3,신선식품 > [중지]디지털 쿠폰마켓 > 상품교환권 및 할인권
STD_007435,건어물,STD_007433,2,신선식품 > 건어물
STD_007434,건멸치,STD_007435,3,신선식품 > 건어물 > 건멸치
STD_007436,건문어,STD_007435,3,신선식품 > 건어물 > 건문어
STD_007437,건새우,STD_007435,3,신선식품 > 건어물 > 건새우
STD_007438,건오징어/건한치,STD_007435,3,신선식품 > 건어물 > 건오징어/건한치
STD_007439,과메기,STD_007435,3,신선식품 > 건어물 > 과메기
STD_007440,기타건어물,STD_007435,3,신선식품 > 건어물 > 기타건어물
STD_007441,노가리/먹태,STD_007435,3,신선식품 > 건어물 > 노가리/먹태
STD_007442,멸치,STD_007435,3,신선식품 > 건어물 > 멸치
STD_007443,쥐포,STD_007435,3,신선식품 > 건어물 > 쥐포
STD_007444,쥐포/어포,STD_007435,3,신선식품 > 건어물 > 쥐포/어포
STD_007445,진미채,STD_007435,3,신선식품 > 건어물 > 진미채
STD_007446,황태/북어/코다리,STD_007435,3,신선식품 > 건어물 > 황태/북어/코다리
STD_007448,견과류,STD_007433,2,신선식품 > 견과류
STD_007447,기타견과류,STD_007448,3,신선식품 > 견과류 > 기타견과류
STD_007449,대추,STD_007448,3,신선식품 > 견과류 > 대추
STD_007450,땅콩,STD_007448,3,신선식품 > 견과류 > 땅콩
STD_007451,마카다미아/피스타치오,STD_007448,3,신선식품 > 견과류 > 마카다미아/피스타치오
STD_007452,밤,STD_007448,3,신선식품 > 견과류 > 밤
STD_007453,아몬드,STD_007448,3,신선식품 > 견과류 > 아몬드
STD_007454,은행,STD_007448,3,신선식품 > 견과류 > 은행
STD_007455,잣,STD_007448,3,신선식품 > 견과류 > 잣
STD_007456,캐슈넛,STD_007448,3,신선식품 > 견과류 > 캐슈넛
STD_007457,호두,STD_007448,3,신선식품 > 견과류 > 호두
STD_007458,호박씨/해바라기씨,STD_007448,3,신선식품 > 견과류 > 호박씨/해바라기씨
STD_007459,혼합견과류,STD_007448,3,신선식품 > 견과류 > 혼합견과류
STD_007461,과일,STD_007433,2,신선식품 > 과일
STD_007460,감,STD_007461,3,신선식품 > 과일 > 감
STD_007462,과일세트,STD_007461,3,신선식품 > 과일 > 과일세트
STD_007463,귤,STD_007461,3,신선식품 > 과일 > 귤
STD_007464,기타과일,STD_007461,3,신선식품 > 과일 > 기타과일
STD_007465,딸기,STD_007461,3,신선식품 > 과일 > 딸기
STD_007466,망고,STD_007461,3,신선식품 > 과일 > 망고
STD_007467,매실,STD_007461,3,신선식품 > 과일 > 매실
STD_007468,멜론,STD_007461,3,신선식품 > 과일 > 멜론
STD_007469,바나나,STD_007461,3,신선식품 > 과일 > 바나나
STD_007470,배,STD_007461,3,신선식품 > 과일 > 배
STD_007471,복분자,STD_007461,3,신선식품 > 과일 > 복분자
STD_007472,복숭아,STD_007461,3,신선식품 > 과일 > 복숭아
STD_007473,블루베리,STD_007461,3,신선식품 > 과일 > 블루베리
STD_007474,사과,STD_007461,3,신선식품 > 과일 > 사과
STD_007475,석류,STD_007461,3,신선식품 > 과일 > 석류
STD_007476,수박,STD_007461,3,신선식품 > 과일 > 수박
STD_007477,아보카도,STD_007461,3,신선식품 > 과일 > 아보카도
STD_007478,오렌지,STD_007461,3,신선식품 > 과일 > 오렌지
STD_007479,자두,STD_007461,3,신선식품 > 과일 > 자두
STD_007480,자몽/레몬,STD_007461,3,신선식품 > 과일 > 자몽/레몬
STD_007481,참외,STD_007461,3,신선식품 > 과일 > 참외
STD_007482,체리,STD_007461,3,신선식품 > 과일 > 체리
STD_007483,키위/참다래,STD_007461,3,신선식품 > 과일 > 키위/참다래
STD_007484,토마토,STD_007461,3,신선식품 > 과일 > 토마토
STD_007485,파인애플,STD_007461,3,신선식품 > 과일 > 파인애플
STD_007486,포도,STD_007461,3,신선식품 > 과일 > 포도
STD_007487,한라봉/천혜향,STD_007461,3,신선식품 > 과일 > 한라봉/천혜향
STD_007489,기타축산물,STD_007433,2,신선식품 > 기타축산물
STD_007488,기타축산물,STD_007489,3,신선식품 > 기타축산물 > 기타축산물
STD_007490,양고기,STD_007489,3,신선식품 > 기타축산물 > 양고기
STD_007491,오리고기,STD_007489,3,신선식품 > 기타축산물 > 오리고기
STD_007493,김/해조류,STD_007433,2,신선식품 > 김/해조류
STD_007492,기타해조류,STD_007493,3,신선식품 > 김/해조류 > 기타해조류
STD_007494,김,STD_007493,3,신선식품 > 김/해조류 > 김
STD_007495,다시마,STD_007493,3,신선식품 > 김/해조류 > 다시마
STD_007496,매생이,STD_007493,3,신선식품 > 김/해조류 > 매생이
STD_007497,미역,STD_007493,3,신선식품 > 김/해조류 > 미역
STD_007498,톳,STD_007493,3,신선식품 > 김/해조류 > 톳
STD_007500,김치,STD_007433,2,신선식품 > 김치
STD_007499,갓김치,STD_007500,3,신선식품 > 김치 > 갓김치
STD_007501,겉절이,STD_007500,3,신선식품 > 김치 > 겉절이
STD_007502,기타김치,STD_007500,3,신선식품 > 김치 > 기타김치
STD_007503,깍두기,STD_007500,3,신선식품 > 김치 > 깍두기
STD_007504,동치미,STD_007500,3,신선식품 > 김치 > 동치미
STD_007505,묵은지,STD_007500,3,신선식품 > 김치 > 묵은지
STD_007506,백김치,STD_007500,3,신선식품 > 김치 > 백김치
STD_007507,열무김치,STD_007500,3,신선식품 > 김치 > 열무김치
STD_007508,오이소박이,STD_007500,3,신선식품 > 김치 > 오이소박이
STD_007509,절임배추,STD_007500,3,신선식품 > 김치 > 절임배추
STD_007510,총각김치,STD_007500,3,신선식품 > 김치 > 총각김치
STD_007511,파김치/부추김치,STD_007500,3,신선식품 > 김치 > 파김치/부추김치
STD_007512,포기김치,STD_007500,3,신선식품 > 김치 > 포기김치
STD_007514,냉동/건과일,STD_007433,2,신선식품 > 냉동/건과일
STD_007513,감말랭이,STD_007514,3,신선식품 > 냉동/건과일 > 감말랭이
STD_007515,건무화과/편강,STD_007514,3,신선식품 > 냉동/건과일 > 건무화과/편강
STD_007516,건바나나,STD_007514,3,신선식품 > 냉동/건과일 > 건바나나
STD_007517,건자두,STD_007514,3,신선식품 > 냉동/건과일 > 건자두
STD_007518,건포도/건망고,STD_007514,3,신선식품 > 냉동/건과일 > 건포도/건망고
STD_007519,고구마말랭이,STD_007514,3,신선식품 > 냉동/건과일 > 고구마말랭이
STD_007520,곶감/반건시,STD_007514,3,신선식품 > 냉동/건과일 > 곶감/반건시
STD_007521,기타건과일,STD_007514,3,신선식품 > 냉동/건과일 > 기타건과일
STD_007522,기타냉동과일,STD_007514,3,신선식품 > 냉동/건과일 > 기타냉동과일
STD_007523,아이스망고,STD_007514,3,신선식품 > 냉동/건과일 > 아이스망고
STD_007524,아이스블루베리,STD_007514,3,신선식품 > 냉동/건과일 > 아이스블루베리
STD_007525,아이스홍시,STD_007514,3,신선식품 > 냉동/건과일 > 아이스홍시
STD_007527,닭고기/계란,STD_007433,2,신선식품 > 닭고기/계란
STD_007526,계란,STD_007527,3,신선식품 > 닭고기/계란 > 계란
STD_007528,부위별닭고기,STD_007527,3,신선식품 > 닭고기/계란 > 부위별닭고기
STD_007529,생닭,STD_007527,3,신선식품 > 닭고기/계란 > 생닭
STD_007531,돼지고기,STD_007433,2,신선식품 > 돼지고기
STD_007530,국내산돼지고기,STD_007531,3,신선식품 > 돼지고기 > 국내산돼지고기
STD_007532,수입돼지고기,STD_007531,3,신선식품 > 돼지고기 > 수입돼지고기
STD_007534,반찬,STD_007433,2,신선식품 > 반찬
STD_007533,게장,STD_007534,3,신선식품 > 반찬 > 게장
STD_007535,곤드레/나물반찬,STD_007534,3,신선식품 > 반찬 > 곤드레/나물반찬
STD_007536,기타반찬류,STD_007534,3,신선식품 > 반찬 > 기타반찬류
STD_007537,깻잎/무침반찬,STD_007534,3,신선식품 > 반찬 > 깻잎/무침반찬
STD_007538,단무지/무쌈,STD_007534,3,신선식품 > 반찬 > 단무지/무쌈
STD_007539,두부/묵,STD_007534,3,신선식품 > 반찬 > 두부/묵
STD_007540,멸치볶음/볶음반찬,STD_007534,3,신선식품 > 반찬 > 멸치볶음/볶음반찬
STD_007541,명이나물/절임반찬,STD_007534,3,신선식품 > 반찬 > 명이나물/절임반찬
STD_007542,반찬세트,STD_007534,3,신선식품 > 반찬 > 반찬세트
STD_007543,새우장/전복장,STD_007534,3,신선식품 > 반찬 > 새우장/전복장
STD_007544,절임반찬류,STD_007534,3,신선식품 > 반찬 > 절임반찬류
STD_007545,조림반찬류,STD_007534,3,신선식품 > 반찬 > 조림반찬류
STD_007547,버섯/나물류,STD_007433,2,신선식품 > 버섯/나물류
STD_007546,건버섯,STD_007547,3,신선식품 > 버섯/나물류 > 건버섯
STD_007548,고사리/곤드레나물,STD_007547,3,신선식품 > 버섯/나물류 > 고사리/곤드레나물
STD_007549,기타버섯/나물류,STD_007547,3,신선식품 > 버섯/나물류 > 기타버섯/나물류
STD_007550,느타리/팽이버섯,STD_007547,3,신선식품 > 버섯/나물류 > 느타리/팽이버섯
STD_007551,송이/새송이버섯,STD_007547,3,신선식품 > 버섯/나물류 > 송이/새송이버섯
STD_007552,콩나물/숙주나물,STD_007547,3,신선식품 > 버섯/나물류 > 콩나물/숙주나물
STD_007553,표고버섯,STD_007547,3,신선식품 > 버섯/나물류 > 표고버섯
STD_007555,뿌리채소,STD_007433,2,신선식품 > 뿌리채소
STD_007554,감자,STD_007555,3,신선식품 > 뿌리채소 > 감자
STD_007556,고구마,STD_007555,3,신선식품 > 뿌리채소 > 고구마
STD_007557,기타뿌리채소,STD_007555,3,신선식품 > 뿌리채소 > 기타뿌리채소
STD_007558,당근,STD_007555,3,신선식품 > 뿌리채소 > 당근
STD_007559,더덕,STD_007555,3,신선식품 > 뿌리채소 > 더덕
STD_007560,도라지,STD_007555,3,신선식품 > 뿌리채소 > 도라지
STD_007561,마/야콘,STD_007555,3,신선식품 > 뿌리채소 > 마/야콘
STD_007562,마늘,STD_007555,3,신선식품 > 뿌리채소 > 마늘
STD_007563,무,STD_007555,3,신선식품 > 뿌리채소 > 무
STD_007564,생강,STD_007555,3,신선식품 > 뿌리채소 > 생강
STD_007565,양파,STD_007555,3,신선식품 > 뿌리채소 > 양파
STD_007566,연근,STD_007555,3,신선식품 > 뿌리채소 > 연근
STD_007567,우엉,STD_007555,3,신선식품 > 뿌리채소 > 우엉
STD_007569,생선,STD_007433,2,신선식품 > 생선
STD_007568,가자미/아귀,STD_007569,3,신선식품 > 생선 > 가자미/아귀
STD_007570,갈치,STD_007569,3,신선식품 > 생선 > 갈치
STD_007571,고등어,STD_007569,3,신선식품 > 생선 > 고등어
STD_007572,굴비/조기,STD_007569,3,신선식품 > 생선 > 굴비/조기
STD_007573,기타생선,STD_007569,3,신선식품 > 생선 > 기타생선
STD_007574,꽁치,STD_007569,3,신선식품 > 생선 > 꽁치
STD_007575,대구/명태,STD_007569,3,신선식품 > 생선 > 대구/명태
STD_007576,삼치,STD_007569,3,신선식품 > 생선 > 삼치
STD_007577,생선회/초밥재료,STD_007569,3,신선식품 > 생선 > 생선회/초밥재료
STD_007578,연어,STD_007569,3,신선식품 > 생선 > 연어
STD_007579,옥돔,STD_007569,3,신선식품 > 생선 > 옥돔
STD_007580,장어,STD_007569,3,신선식품 > 생선 > 장어
STD_007581,참치,STD_007569,3,신선식품 > 생선 > 참치
STD_007582,참치/메로,STD_007569,3,신선식품 > 생선 > 참치/메로
STD_007583,홍어/가오리,STD_007569,3,신선식품 > 생선 > 홍어/가오리
STD_007585,소고기,STD_007433,2,신선식품 > 소고기
STD_007584,수입산소고기,STD_007585,3,신선식품 > 소고기 > 수입산소고기
STD_007586,한우,STD_007585,3,신선식품 > 소고기 > 한우
STD_007588,쌀,STD_007433,2,신선식품 > 쌀
STD_007587,기능성쌀,STD_007588,3,신선식품 > 쌀 > 기능성쌀
STD_007589,백미,STD_007588,3,신선식품 > 쌀 > 백미
STD_007590,찹쌀,STD_007588,3,신선식품 > 쌀 > 찹쌀
STD_007591,현미,STD_007588,3,신선식품 > 쌀 > 현미
STD_007592,흑미,STD_007588,3,신선식품 > 쌀 > 흑미
STD_007594,열매채소,STD_007433,2,신선식품 > 열매채소
STD_007593,가지,STD_007594,3,신선식품 > 열매채소 > 가지
STD_007595,고추,STD_007594,3,신선식품 > 열매채소 > 고추
STD_007596,기타열매채소,STD_007594,3,신선식품 > 열매채소 > 기타열매채소
STD_007597,애호박,STD_007594,3,신선식품 > 열매채소 > 애호박
STD_007598,오이,STD_007594,3,신선식품 > 열매채소 > 오이
STD_007599,옥수수,STD_007594,3,신선식품 > 열매채소 > 옥수수
STD_007600,피망/파프리카,STD_007594,3,신선식품 > 열매채소 > 피망/파프리카
STD_007601,호박,STD_007594,3,신선식품 > 열매채소 > 호박
STD_007603,잎줄기채소,STD_007433,2,신선식품 > 잎줄기채소
STD_007602,기타잎줄기채소,STD_007603,3,신선식품 > 잎줄기채소 > 기타잎줄기채소
STD_007604,깻잎,STD_007603,3,신선식품 > 잎줄기채소 > 깻잎
STD_007605,대파/쪽파,STD_007603,3,신선식품 > 잎줄기채소 > 대파/쪽파
STD_007606,모듬쌈채소,STD_007603,3,신선식품 > 잎줄기채소 > 모듬쌈채소
STD_007607,배추,STD_007603,3,신선식품 > 잎줄기채소 > 배추
STD_007608,부추,STD_007603,3,신선식품 > 잎줄기채소 > 부추
STD_007609,브로콜리,STD_007603,3,신선식품 > 잎줄기채소 > 브로콜리
STD_007610,상추,STD_007603,3,신선식품 > 잎줄기채소 > 상추
STD_007611,시금치,STD_007603,3,신선식품 > 잎줄기채소 > 시금치
STD_007612,양배추,STD_007603,3,신선식품 > 잎줄기채소 > 양배추
STD_007613,양상추,STD_007603,3,신선식품 > 잎줄기채소 > 양상추
STD_007614,열무,STD_007603,3,신선식품 > 잎줄기채소 > 열무
STD_007615,케일,STD_007603,3,신선식품 > 잎줄기채소 > 케일
STD_007617,잡곡/혼합곡,STD_007433,2,신선식품 > 잡곡/혼합곡
STD_007616,귀리,STD_007617,3,신선식품 > 잡곡/혼합곡 > 귀리
STD_007618,기타잡곡,STD_007617,3,신선식품 > 잡곡/혼합곡 > 기타잡곡
STD_007619,녹두/율무,STD_007617,3,신선식품 > 잡곡/혼합곡 > 녹두/율무
STD_007620,보리,STD_007617,3,신선식품 > 잡곡/혼합곡 > 보리
STD_007621,수수/기장,STD_007617,3,신선식품 > 잡곡/혼합곡 > 수수/기장
STD_007622,참깨/들깨,STD_007617,3,신선식품 > 잡곡/혼합곡 > 참깨/들깨
STD_007623,콩류,STD_007617,3,신선식품 > 잡곡/혼합곡 > 콩류
STD_007624,팥,STD_007617,3,신선식품 > 잡곡/혼합곡 > 팥
STD_007625,혼합곡,STD_007617,3,신선식품 > 잡곡/혼합곡 > 혼합곡
STD_007627,젓갈류/액젓,STD_007433,2,신선식품 > 젓갈류/액젓
STD_007626,기타젓갈류,STD_007627,3,신선식품 > 젓갈류/액젓 > 기타젓갈류
STD_007628,명란/창난젓,STD_007627,3,신선식품 > 젓갈류/액젓 > 명란/창난젓
STD_007629,새우/토하젓,STD_007627,3,신선식품 > 젓갈류/액젓 > 새우/토하젓
STD_007630,액젓,STD_007627,3,신선식품 > 젓갈류/액젓 > 액젓
STD_007631,오징어/낙지젓,STD_007627,3,신선식품 > 젓갈류/액젓 > 오징어/낙지젓
STD_007632,젓갈세트,STD_007627,3,신선식품 > 젓갈류/액젓 > 젓갈세트
STD_007633,조개젓,STD_007627,3,신선식품 > 젓갈류/액젓 > 조개젓
STD_007635,해산물/어패류,STD_007433,2,신선식품 > 해산물/어패류
STD_007634,가리비,STD_007635,3,신선식품 > 해산물/어패류 > 가리비
STD_007636,굴,STD_007635,3,신선식품 > 해산물/어패류 > 굴
STD_007637,기타해산물/어패류,STD_007635,3,신선식품 > 해산물/어패류 > 기타해산물/어패류
STD_007638,꼬막,STD_007635,3,신선식품 > 해산물/어패류 > 꼬막
STD_007639,꽃게,STD_007635,3,신선식품 > 해산물/어패류 > 꽃게
STD_007640,낙지,STD_007635,3,신선식품 > 해산물/어패류 > 낙지
STD_007641,날치알,STD_007635,3,신선식품 > 해산물/어패류 > 날치알
STD_007642,날치알/생선알,STD_007635,3,신선식품 > 해산물/어패류 > 날치알/생선알
STD_007643,냉동새우/해물믹스,STD_007635,3,신선식품 > 해산물/어패류 > 냉동새우/해물믹스
STD_007644,대게/홍게,STD_007635,3,신선식품 > 해산물/어패류 > 대게/홍게
STD_007645,멍게,STD_007635,3,신선식품 > 해산물/어패류 > 멍게
STD_007646,문어,STD_007635,3,신선식품 > 해산물/어패류 > 문어
STD_007647,미더덕/오만둥이,STD_007635,3,신선식품 > 해산물/어패류 > 미더덕/오만둥이
STD_007648,바지락,STD_007635,3,신선식품 > 해산물/어패류 > 바지락
STD_007649,새우,STD_007635,3,신선식품 > 해산물/어패류 > 새우
STD_007650,새우살/해물살,STD_007635,3,신선식품 > 해산물/어패류 > 새우살/해물살
STD_007651,성게알,STD_007635,3,신선식품 > 해산물/어패류 > 성게알
STD_007652,소라/골뱅이/우렁이,STD_007635,3,신선식품 > 해산물/어패류 > 소라/골뱅이/우렁이
STD_007653,오징어,STD_007635,3,신선식품 > 해산물/어패류 > 오징어
STD_007654,전복,STD_007635,3,신선식품 > 해산물/어패류 > 전복
STD_007655,조개살,STD_007635,3,신선식품 > 해산물/어패류 > 조개살
STD_007656,조개살/관자/모듬조개,STD_007635,3,신선식품 > 해산물/어패류 > 조개살/관자/모듬조개
STD_007657,주꾸미,STD_007635,3,신선식품 > 해산물/어패류 > 주꾸미
STD_007658,쭈꾸미,STD_007635,3,신선식품 > 해산물/어패류 > 쭈꾸미
STD_007659,킹크랩/랍스터,STD_007635,3,신선식품 > 해산물/어패류 > 킹크랩/랍스터
STD_007660,킹크랩/바닷가재,STD_007635,3,신선식품 > 해산물/어패류 > 킹크랩/바닷가재
STD_007661,해삼,STD_007635,3,신선식품 > 해산물/어패류 > 해삼
STD_007662,홍합,STD_007635,3,신선식품 > 해산물/어패류 > 홍합
STD_007665,악기/취미,ROOT,1,악기/취미
STD_007664,게임/퍼즐,STD_007665,2,악기/취미 > 게임/퍼즐
STD_007663,기타게임/퍼즐,STD_007664,3,악기/취미 > 게임/퍼즐 > 기타게임/퍼즐
STD_007666,다트게임,STD_007664,3,악기/취미 > 게임/퍼즐 > 다트게임
STD_007667,보드/카드게임,STD_007664,3,악기/취미 > 게임/퍼즐 > 보드/카드게임
STD_007668,퍼즐,STD_007664,3,악기/취미 > 게임/퍼즐 > 퍼즐
STD_007669,피젯큐브/스피너,STD_007664,3,악기/취미 > 게임/퍼즐 > 피젯큐브/스피너
STD_007671,공예용품,STD_007665,2,악기/취미 > 공예용품
STD_007670,가죽공예,STD_007671,3,악기/취미 > 공예용품 > 가죽공예
STD_007672,기타공예,STD_007671,3,악기/취미 > 공예용품 > 기타공예
STD_007673,리본공예,STD_007671,3,악기/취미 > 공예용품 > 리본공예
STD_007674,목공예,STD_007671,3,악기/취미 > 공예용품 > 목공예
STD_007675,비즈공예,STD_007671,3,악기/취미 > 공예용품 > 비즈공예
STD_007676,염색공예,STD_007671,3,악기/취미 > 공예용품 > 염색공예
STD_007677,인형공예,STD_007671,3,악기/취미 > 공예용품 > 인형공예
STD_007678,점토공예,STD_007671,3,악기/취미 > 공예용품 > 점토공예
STD_007679,클레이공예,STD_007671,3,악기/취미 > 공예용품 > 클레이공예
STD_007680,한지공예,STD_007671,3,악기/취미 > 공예용품 > 한지공예
STD_007682,관악기,STD_007665,2,악기/취미 > 관악기
STD_007681,관악기용품,STD_007682,3,악기/취미 > 관악기 > 관악기용품
STD_007683,기타관악기,STD_007682,3,악기/취미 > 관악기 > 기타관악기
STD_007684,리코더,STD_007682,3,악기/취미 > 관악기 > 리코더
STD_007685,바순,STD_007682,3,악기/취미 > 관악기 > 바순
STD_007686,색소폰,STD_007682,3,악기/취미 > 관악기 > 색소폰
STD_007687,오카리나,STD_007682,3,악기/취미 > 관악기 > 오카리나
STD_007688,클라리넷,STD_007682,3,악기/취미 > 관악기 > 클라리넷
STD_007689,튜바,STD_007682,3,악기/취미 > 관악기 > 튜바
STD_007690,트럼펫,STD_007682,3,악기/취미 > 관악기 > 트럼펫
STD_007691,트롬본,STD_007682,3,악기/취미 > 관악기 > 트롬본
STD_007692,플룻,STD_007682,3,악기/취미 > 관악기 > 플룻
STD_007693,하모니카,STD_007682,3,악기/취미 > 관악기 > 하모니카
STD_007694,호른,STD_007682,3,악기/취미 > 관악기 > 호른
STD_007696,광학기기,STD_007665,2,악기/취미 > 광학기기
STD_007695,기타광학기기,STD_007696,3,악기/취미 > 광학기기 > 기타광학기기
STD_007697,망원경,STD_007696,3,악기/취미 > 광학기기 > 망원경
STD_007698,쌍안경,STD_007696,3,악기/취미 > 광학기기 > 쌍안경
STD_007699,현미경,STD_007696,3,악기/취미 > 광학기기 > 현미경
STD_007701,국악기,STD_007665,2,악기/취미 > 국악기
STD_007700,가야금,STD_007701,3,악기/취미 > 국악기 > 가야금
STD_007702,거문고,STD_007701,3,악기/취미 > 국악기 > 거문고
STD_007703,국악기용품,STD_007701,3,악기/취미 > 국악기 > 국악기용품
STD_007704,기타국악기,STD_007701,3,악기/취미 > 국악기 > 기타국악기
STD_007705,꽹과리,STD_007701,3,악기/취미 > 국악기 > 꽹과리
STD_007706,단소,STD_007701,3,악기/취미 > 국악기 > 단소
STD_007707,대금,STD_007701,3,악기/취미 > 국악기 > 대금
STD_007708,북,STD_007701,3,악기/취미 > 국악기 > 북
STD_007709,소금,STD_007701,3,악기/취미 > 국악기 > 소금
STD_007710,장구,STD_007701,3,악기/취미 > 국악기 > 장구
STD_007711,징,STD_007701,3,악기/취미 > 국악기 > 징
STD_007712,해금,STD_007701,3,악기/취미 > 국악기 > 해금
STD_007714,기타(Guitar),STD_007665,2,악기/취미 > 기타(Guitar)
STD_007713,기타(Guitar)용품,STD_007714,3,악기/취미 > 기타(Guitar) > 기타(Guitar)용품
STD_007715,베이스기타,STD_007714,3,악기/취미 > 기타(Guitar) > 베이스기타
STD_007716,우쿨렐레,STD_007714,3,악기/취미 > 기타(Guitar) > 우쿨렐레
STD_007717,일렉기타,STD_007714,3,악기/취미 > 기타(Guitar) > 일렉기타
STD_007718,클래식기타,STD_007714,3,악기/취미 > 기타(Guitar) > 클래식기타
STD_007719,포크기타,STD_007714,3,악기/취미 > 기타(Guitar) > 포크기타
STD_007721,기타악기/교본,STD_007665,2,악기/취미 > 기타악기/교본
STD_007720,교재/악보,STD_007721,3,악기/취미 > 기타악기/교본 > 교재/악보
STD_007722,기타악기,STD_007721,3,악기/취미 > 기타악기/교본 > 기타악기
STD_007723,멜로디언/실로폰,STD_007721,3,악기/취미 > 기타악기/교본 > 멜로디언/실로폰
STD_007724,탬버린/핸드벨,STD_007721,3,악기/취미 > 기타악기/교본 > 탬버린/핸드벨
STD_007726,모형/프라모델/피규어,STD_007665,2,악기/취미 > 모형/프라모델/피규어
STD_007725,건축물,STD_007726,3,악기/취미 > 모형/프라모델/피규어 > 건축물
STD_007727,기타모형/프라모델,STD_007726,3,악기/취미 > 모형/프라모델/피규어 > 기타모형/프라모델
STD_007728,나무/종이조립,STD_007726,3,악기/취미 > 모형/프라모델/피규어 > 나무/종이조립
STD_007729,다이캐스트,STD_007726,3,악기/취미 > 모형/프라모델/피규어 > 다이캐스트
STD_007730,모형,STD_007726,3,악기/취미 > 모형/프라모델/피규어 > 모형
STD_007731,밀리터리,STD_007726,3,악기/취미 > 모형/프라모델/피규어 > 밀리터리
STD_007732,보관용품,STD_007726,3,악기/취미 > 모형/프라모델/피규어 > 보관용품
STD_007733,소총/권총/BB탄,STD_007726,3,악기/취미 > 모형/프라모델/피규어 > 소총/권총/BB탄
STD_007734,프라모델,STD_007726,3,악기/취미 > 모형/프라모델/피규어 > 프라모델
STD_007735,프라모델용품,STD_007726,3,악기/취미 > 모형/프라모델/피규어 > 프라모델용품
STD_007736,피규어,STD_007726,3,악기/취미 > 모형/프라모델/피규어 > 피규어
STD_007738,무선/RC,STD_007665,2,악기/취미 > 무선/RC
STD_007737,기타무선/RC,STD_007738,3,악기/취미 > 무선/RC > 기타무선/RC
STD_007739,드론,STD_007738,3,악기/취미 > 무선/RC > 드론
STD_007740,무선/RC용품,STD_007738,3,악기/취미 > 무선/RC > 무선/RC용품
STD_007741,자동차/오토바이,STD_007738,3,악기/취미 > 무선/RC > 자동차/오토바이
STD_007742,헬기/비행기,STD_007738,3,악기/취미 > 무선/RC > 헬기/비행기
STD_007744,수집용품,STD_007665,2,악기/취미 > 수집용품
STD_007743,골동품/도자기/그림,STD_007744,3,악기/취미 > 수집용품 > 골동품/도자기/그림
STD_007745,기타수집용품,STD_007744,3,악기/취미 > 수집용품 > 기타수집용품
STD_007746,수석분재,STD_007744,3,악기/취미 > 수집용품 > 수석분재
STD_007747,우표/씰,STD_007744,3,악기/취미 > 수집용품 > 우표/씰
STD_007748,지폐/주화,STD_007744,3,악기/취미 > 수집용품 > 지폐/주화
STD_007749,포스터/엽서,STD_007744,3,악기/취미 > 수집용품 > 포스터/엽서
STD_007751,악기용품,STD_007665,2,악기/취미 > 악기용품
STD_007750,메트로놈/튜너기,STD_007751,3,악기/취미 > 악기용품 > 메트로놈/튜너기
STD_007752,보면대/스탠드/받침대,STD_007751,3,악기/취미 > 악기용품 > 보면대/스탠드/받침대
STD_007753,악기관리용품,STD_007751,3,악기/취미 > 악기용품 > 악기관리용품
STD_007754,악기케이스,STD_007751,3,악기/취미 > 악기용품 > 악기케이스
STD_007756,종교용품,STD_007665,2,악기/취미 > 종교용품
STD_007755,기독교용품,STD_007756,3,악기/취미 > 종교용품 > 기독교용품
STD_007757,기타종교용품,STD_007756,3,악기/취미 > 종교용품 > 기타종교용품
STD_007758,불교용품,STD_007756,3,악기/취미 > 종교용품 > 불교용품
STD_007759,천주교용품,STD_007756,3,악기/취미 > 종교용품 > 천주교용품
STD_007761,타악기,STD_007665,2,악기/취미 > 타악기
STD_007760,기타타악기,STD_007761,3,악기/취미 > 타악기 > 기타타악기
STD_007762,드럼/전자드럼,STD_007761,3,악기/취미 > 타악기 > 드럼/전자드럼
STD_007763,드럼패드/스틱/페달,STD_007761,3,악기/취미 > 타악기 > 드럼패드/스틱/페달
STD_007764,심벌즈,STD_007761,3,악기/취미 > 타악기 > 심벌즈
STD_007765,타악기용품,STD_007761,3,악기/취미 > 타악기 > 타악기용품
STD_007767,피아노/건반악기,STD_007665,2,악기/취미 > 피아노/건반악기
STD_007766,그랜드피아노,STD_007767,3,악기/취미 > 피아노/건반악기 > 그랜드피아노
STD_007768,디지털피아노,STD_007767,3,악기/취미 > 피아노/건반악기 > 디지털피아노
STD_007769,아코디언,STD_007767,3,악기/취미 > 피아노/건반악기 > 아코디언
STD_007770,어쿠스틱피아노,STD_007767,3,악기/취미 > 피아노/건반악기 > 어쿠스틱피아노
STD_007771,오르간,STD_007767,3,악기/취미 > 피아노/건반악기 > 오르간
STD_007772,키보드/신디사이저,STD_007767,3,악기/취미 > 피아노/건반악기 > 키보드/신디사이저
STD_007773,피아노/건반악기용품,STD_007767,3,악기/취미 > 피아노/건반악기 > 피아노/건반악기용품
STD_007775,현악기,STD_007665,2,악기/취미 > 현악기
STD_007774,기타현악기,STD_007775,3,악기/취미 > 현악기 > 기타현악기
STD_007776,바이올린,STD_007775,3,악기/취미 > 현악기 > 바이올린
STD_007777,비올라,STD_007775,3,악기/취미 > 현악기 > 비올라
STD_007778,첼로,STD_007775,3,악기/취미 > 현악기 > 첼로
STD_007779,하프,STD_007775,3,악기/취미 > 현악기 > 하프
STD_007780,현악기용품,STD_007775,3,악기/취미 > 현악기 > 현악기용품
STD_007783,언더웨어,ROOT,1,언더웨어
STD_007782,기타,STD_007783,2,언더웨어 > 기타
STD_007781,기타,STD_007782,3,언더웨어 > 기타 > 기타
STD_007785,남성 런닝,STD_007783,2,언더웨어 > 남성 런닝
STD_007784,런닝세트,STD_007785,3,언더웨어 > 남성 런닝 > 런닝세트
STD_007786,민소매 런닝,STD_007785,3,언더웨어 > 남성 런닝 > 민소매 런닝
STD_007787,민소매런닝,STD_007785,3,언더웨어 > 남성 런닝 > 민소매런닝
STD_007788,반팔런닝,STD_007785,3,언더웨어 > 남성 런닝 > 반팔런닝
STD_007790,남성 런닝/팬티세트,STD_007783,2,언더웨어 > 남성 런닝/팬티세트
STD_007789,드로즈+런닝세트,STD_007790,3,언더웨어 > 남성 런닝/팬티세트 > 드로즈+런닝세트
STD_007791,삼각+런닝세트,STD_007790,3,언더웨어 > 남성 런닝/팬티세트 > 삼각+런닝세트
STD_007792,트렁크+런닝세트,STD_007790,3,언더웨어 > 남성 런닝/팬티세트 > 트렁크+런닝세트
STD_007794,남성 팬티,STD_007783,2,언더웨어 > 남성 팬티
STD_007793,기능성 팬티,STD_007794,3,언더웨어 > 남성 팬티 > 기능성 팬티
STD_007795,기능성팬티,STD_007794,3,언더웨어 > 남성 팬티 > 기능성팬티
STD_007796,드로즈,STD_007794,3,언더웨어 > 남성 팬티 > 드로즈
STD_007797,삼각팬티,STD_007794,3,언더웨어 > 남성 팬티 > 삼각팬티
STD_007798,트렁크,STD_007794,3,언더웨어 > 남성 팬티 > 트렁크
STD_007799,팬티런닝세트,STD_007794,3,언더웨어 > 남성 팬티 > 팬티런닝세트
STD_007800,팬티세트,STD_007794,3,언더웨어 > 남성 팬티 > 팬티세트
STD_007802,남성내의,STD_007783,2,언더웨어 > 남성내의
STD_007801,내의,STD_007802,3,언더웨어 > 남성내의 > 내의
STD_007803,모시메리,STD_007802,3,언더웨어 > 남성내의 > 모시메리
STD_007804,발열내의,STD_007802,3,언더웨어 > 남성내의 > 발열내의
STD_007805,타이즈,STD_007802,3,언더웨어 > 남성내의 > 타이즈
STD_007807,남성런닝,STD_007783,2,언더웨어 > 남성런닝
STD_007806,런닝세트,STD_007807,3,언더웨어 > 남성런닝 > 런닝세트
STD_007808,민소매,STD_007807,3,언더웨어 > 남성런닝 > 민소매
STD_007809,반팔,STD_007807,3,언더웨어 > 남성런닝 > 반팔
STD_007811,남성빅사이즈속옷,STD_007783,2,언더웨어 > 남성빅사이즈속옷
STD_007810,빅사이즈런닝,STD_007811,3,언더웨어 > 남성빅사이즈속옷 > 빅사이즈런닝
STD_007812,빅사이즈팬티,STD_007811,3,언더웨어 > 남성빅사이즈속옷 > 빅사이즈팬티
STD_007814,남성팬티,STD_007783,2,언더웨어 > 남성팬티
STD_007813,기능성팬티,STD_007814,3,언더웨어 > 남성팬티 > 기능성팬티
STD_007815,드로즈,STD_007814,3,언더웨어 > 남성팬티 > 드로즈
STD_007816,삼각팬티,STD_007814,3,언더웨어 > 남성팬티 > 삼각팬티
STD_007817,트렁크,STD_007814,3,언더웨어 > 남성팬티 > 트렁크
STD_007818,팬티런닝세트,STD_007814,3,언더웨어 > 남성팬티 > 팬티런닝세트
STD_007820,내의,STD_007783,2,언더웨어 > 내의
STD_007819,남성 내의,STD_007820,3,언더웨어 > 내의 > 남성 내의
STD_007821,남성 모시메리,STD_007820,3,언더웨어 > 내의 > 남성 모시메리
STD_007822,남성 타이즈,STD_007820,3,언더웨어 > 내의 > 남성 타이즈
STD_007823,내의,STD_007820,3,언더웨어 > 내의 > 내의
STD_007824,모시메리,STD_007820,3,언더웨어 > 내의 > 모시메리
STD_007825,발열내의,STD_007820,3,언더웨어 > 내의 > 발열내의
STD_007826,여성 내의,STD_007820,3,언더웨어 > 내의 > 여성 내의
STD_007827,여성 모시메리,STD_007820,3,언더웨어 > 내의 > 여성 모시메리
STD_007828,타이즈,STD_007820,3,언더웨어 > 내의 > 타이즈
STD_007830,보정 속옷,STD_007783,2,언더웨어 > 보정 속옷
STD_007829,거들/힙업팬티,STD_007830,3,언더웨어 > 보정 속옷 > 거들/힙업팬티
STD_007831,니퍼/복대,STD_007830,3,언더웨어 > 보정 속옷 > 니퍼/복대
STD_007832,바디쉐이퍼/올인원,STD_007830,3,언더웨어 > 보정 속옷 > 바디쉐이퍼/올인원
STD_007833,보정레깅스/압박스타킹,STD_007830,3,언더웨어 > 보정 속옷 > 보정레깅스/압박스타킹
STD_007835,보정속옷,STD_007783,2,언더웨어 > 보정속옷
STD_007834,거들/힙업팬티,STD_007835,3,언더웨어 > 보정속옷 > 거들/힙업팬티
STD_007836,남성 보정속옷,STD_007835,3,언더웨어 > 보정속옷 > 남성 보정속옷
STD_007837,니퍼/복대,STD_007835,3,언더웨어 > 보정속옷 > 니퍼/복대
STD_007838,바디쉐이퍼/올인원,STD_007835,3,언더웨어 > 보정속옷 > 바디쉐이퍼/올인원
STD_007840,브라,STD_007783,2,언더웨어 > 브라
STD_007839,노와이어,STD_007840,3,언더웨어 > 브라 > 노와이어
STD_007841,누드브라,STD_007840,3,언더웨어 > 브라 > 누드브라
STD_007842,누디/노라인,STD_007840,3,언더웨어 > 브라 > 누디/노라인
STD_007843,몰드/볼륨업,STD_007840,3,언더웨어 > 브라 > 몰드/볼륨업
STD_007844,브라렛,STD_007840,3,언더웨어 > 브라 > 브라렛
STD_007845,섹시브라(19),STD_007840,3,언더웨어 > 브라 > 섹시브라(19)
STD_007846,자수/레이스,STD_007840,3,언더웨어 > 브라 > 자수/레이스
STD_007848,브라탑/런닝/속바지,STD_007783,2,언더웨어 > 브라탑/런닝/속바지
STD_007847,나시/슬립,STD_007848,3,언더웨어 > 브라탑/런닝/속바지 > 나시/슬립
STD_007849,런닝/나시,STD_007848,3,언더웨어 > 브라탑/런닝/속바지 > 런닝/나시
STD_007850,브라탑,STD_007848,3,언더웨어 > 브라탑/런닝/속바지 > 브라탑
STD_007851,브라탑/런닝,STD_007848,3,언더웨어 > 브라탑/런닝/속바지 > 브라탑/런닝
STD_007852,섹시슬립,STD_007848,3,언더웨어 > 브라탑/런닝/속바지 > 섹시슬립
STD_007853,속바지/속치마,STD_007848,3,언더웨어 > 브라탑/런닝/속바지 > 속바지/속치마
STD_007854,슬립,STD_007848,3,언더웨어 > 브라탑/런닝/속바지 > 슬립
STD_007856,브라팬티 세트,STD_007783,2,언더웨어 > 브라팬티 세트
STD_007855,3종세트 이상,STD_007856,3,언더웨어 > 브라팬티 세트 > 3종세트 이상
STD_007857,노와이어,STD_007856,3,언더웨어 > 브라팬티 세트 > 노와이어
STD_007858,누디/노라인,STD_007856,3,언더웨어 > 브라팬티 세트 > 누디/노라인
STD_007859,몰드/볼륨업,STD_007856,3,언더웨어 > 브라팬티 세트 > 몰드/볼륨업
STD_007860,섹시란제리,STD_007856,3,언더웨어 > 브라팬티 세트 > 섹시란제리
STD_007861,자수/레이스,STD_007856,3,언더웨어 > 브라팬티 세트 > 자수/레이스
STD_007863,브라팬티세트,STD_007783,2,언더웨어 > 브라팬티세트
STD_007862,노와이어,STD_007863,3,언더웨어 > 브라팬티세트 > 노와이어
STD_007864,누디/노라인,STD_007863,3,언더웨어 > 브라팬티세트 > 누디/노라인
STD_007865,몰드/볼륨업,STD_007863,3,언더웨어 > 브라팬티세트 > 몰드/볼륨업
STD_007866,브라렛,STD_007863,3,언더웨어 > 브라팬티세트 > 브라렛
STD_007867,빅사이즈 세트,STD_007863,3,언더웨어 > 브라팬티세트 > 빅사이즈 세트
STD_007868,섹시란제리(19),STD_007863,3,언더웨어 > 브라팬티세트 > 섹시란제리(19)
STD_007869,자수/레이스,STD_007863,3,언더웨어 > 브라팬티세트 > 자수/레이스
STD_007870,커플세트,STD_007863,3,언더웨어 > 브라팬티세트 > 커플세트
STD_007872,빅사이즈 속옷,STD_007783,2,언더웨어 > 빅사이즈 속옷
STD_007871,빅사이즈 남성팬티,STD_007872,3,언더웨어 > 빅사이즈 속옷 > 빅사이즈 남성팬티
STD_007873,빅사이즈 런닝,STD_007872,3,언더웨어 > 빅사이즈 속옷 > 빅사이즈 런닝
STD_007874,빅사이즈 브라,STD_007872,3,언더웨어 > 빅사이즈 속옷 > 빅사이즈 브라
STD_007875,빅사이즈 세트,STD_007872,3,언더웨어 > 빅사이즈 속옷 > 빅사이즈 세트
STD_007876,빅사이즈 여성팬티,STD_007872,3,언더웨어 > 빅사이즈 속옷 > 빅사이즈 여성팬티
STD_007878,속옷 소품,STD_007783,2,언더웨어 > 속옷 소품
STD_007877,기타속옷소품,STD_007878,3,언더웨어 > 속옷 소품 > 기타속옷소품
STD_007879,브라끈/브라패드,STD_007878,3,언더웨어 > 속옷 소품 > 브라끈/브라패드
STD_007880,성인용/섹시속옷,STD_007878,3,언더웨어 > 속옷 소품 > 성인용/섹시속옷
STD_007882,여성 브라,STD_007783,2,언더웨어 > 여성 브라
STD_007881,노와이어 브라,STD_007882,3,언더웨어 > 여성 브라 > 노와이어 브라
STD_007883,노와이어/스포츠브라,STD_007882,3,언더웨어 > 여성 브라 > 노와이어/스포츠브라
STD_007884,누드/노라인브라,STD_007882,3,언더웨어 > 여성 브라 > 누드/노라인브라
STD_007885,누드브라,STD_007882,3,언더웨어 > 여성 브라 > 누드브라
STD_007886,누디/노라인 브라,STD_007882,3,언더웨어 > 여성 브라 > 누디/노라인 브라
STD_007887,볼륨업 브라,STD_007882,3,언더웨어 > 여성 브라 > 볼륨업 브라
STD_007888,볼륨업/몰드브라,STD_007882,3,언더웨어 > 여성 브라 > 볼륨업/몰드브라
STD_007889,브라끈/브라패드,STD_007882,3,언더웨어 > 여성 브라 > 브라끈/브라패드
STD_007890,빅사이즈브라,STD_007882,3,언더웨어 > 여성 브라 > 빅사이즈브라
STD_007891,섹시브라,STD_007882,3,언더웨어 > 여성 브라 > 섹시브라
STD_007892,자수/레이스 브라,STD_007882,3,언더웨어 > 여성 브라 > 자수/레이스 브라
STD_007893,자수/레이스브라,STD_007882,3,언더웨어 > 여성 브라 > 자수/레이스브라
STD_007895,여성 팬티,STD_007783,2,언더웨어 > 여성 팬티
STD_007894,노라인/햄팬티,STD_007895,3,언더웨어 > 여성 팬티 > 노라인/햄팬티
STD_007896,빅사이즈 팬티,STD_007895,3,언더웨어 > 여성 팬티 > 빅사이즈 팬티
STD_007897,삼각팬티,STD_007895,3,언더웨어 > 여성 팬티 > 삼각팬티
STD_007898,섹시팬티,STD_007895,3,언더웨어 > 여성 팬티 > 섹시팬티
STD_007899,요일팬티/세트,STD_007895,3,언더웨어 > 여성 팬티 > 요일팬티/세트
STD_007900,위생팬티,STD_007895,3,언더웨어 > 여성 팬티 > 위생팬티
STD_007902,여성내의,STD_007783,2,언더웨어 > 여성내의
STD_007901,내의,STD_007902,3,언더웨어 > 여성내의 > 내의
STD_007903,모시메리,STD_007902,3,언더웨어 > 여성내의 > 모시메리
STD_007904,발열내의,STD_007902,3,언더웨어 > 여성내의 > 발열내의
STD_007905,타이즈,STD_007902,3,언더웨어 > 여성내의 > 타이즈
STD_007907,여성런닝/속바지,STD_007783,2,언더웨어 > 여성런닝/속바지
STD_007906,런닝/나시,STD_007907,3,언더웨어 > 여성런닝/속바지 > 런닝/나시
STD_007908,브라탑,STD_007907,3,언더웨어 > 여성런닝/속바지 > 브라탑
STD_007909,속바지/속치마,STD_007907,3,언더웨어 > 여성런닝/속바지 > 속바지/속치마
STD_007910,슬립,STD_007907,3,언더웨어 > 여성런닝/속바지 > 슬립
STD_007912,여성빅사이즈속옷,STD_007783,2,언더웨어 > 여성빅사이즈속옷
STD_007911,빅사이즈브라,STD_007912,3,언더웨어 > 여성빅사이즈속옷 > 빅사이즈브라
STD_007913,빅사이즈세트,STD_007912,3,언더웨어 > 여성빅사이즈속옷 > 빅사이즈세트
STD_007914,빅사이즈팬티,STD_007912,3,언더웨어 > 여성빅사이즈속옷 > 빅사이즈팬티
STD_007916,여성속옷소품,STD_007783,2,언더웨어 > 여성속옷소품
STD_007915,가터벨트,STD_007916,3,언더웨어 > 여성속옷소품 > 가터벨트
STD_007917,브라끈,STD_007916,3,언더웨어 > 여성속옷소품 > 브라끈
STD_007918,브라패드,STD_007916,3,언더웨어 > 여성속옷소품 > 브라패드
STD_007920,여성팬티,STD_007783,2,언더웨어 > 여성팬티
STD_007919,노라인/햄팬티,STD_007920,3,언더웨어 > 여성팬티 > 노라인/햄팬티
STD_007921,삼각팬티,STD_007920,3,언더웨어 > 여성팬티 > 삼각팬티
STD_007922,섹시팬티(19),STD_007920,3,언더웨어 > 여성팬티 > 섹시팬티(19)
STD_007923,위생팬티,STD_007920,3,언더웨어 > 여성팬티 > 위생팬티
STD_007924,팬티세트,STD_007920,3,언더웨어 > 여성팬티 > 팬티세트
STD_007926,잠옷,STD_007783,2,언더웨어 > 잠옷
STD_007925,동물잠옷,STD_007926,3,언더웨어 > 잠옷 > 동물잠옷
STD_007927,상하세트잠옷,STD_007926,3,언더웨어 > 잠옷 > 상하세트잠옷
STD_007928,수면가운,STD_007926,3,언더웨어 > 잠옷 > 수면가운
STD_007929,원피스잠옷,STD_007926,3,언더웨어 > 잠옷 > 원피스잠옷
STD_007930,잠옷바지,STD_007926,3,언더웨어 > 잠옷 > 잠옷바지
STD_007931,잠옷상의,STD_007926,3,언더웨어 > 잠옷 > 잠옷상의
STD_007932,잠옷하의,STD_007926,3,언더웨어 > 잠옷 > 잠옷하의
STD_007933,커플잠옷,STD_007926,3,언더웨어 > 잠옷 > 커플잠옷
STD_007935,잠옷/홈웨어,STD_007783,2,언더웨어 > 잠옷/홈웨어
STD_007934,남성 잠옷,STD_007935,3,언더웨어 > 잠옷/홈웨어 > 남성 잠옷
STD_007936,동물잠옷,STD_007935,3,언더웨어 > 잠옷/홈웨어 > 동물잠옷
STD_007937,목욕/잠옷가운,STD_007935,3,언더웨어 > 잠옷/홈웨어 > 목욕/잠옷가운
STD_007938,상하세트잠옷,STD_007935,3,언더웨어 > 잠옷/홈웨어 > 상하세트잠옷
STD_007939,여성 잠옷,STD_007935,3,언더웨어 > 잠옷/홈웨어 > 여성 잠옷
STD_007940,잠옷바지,STD_007935,3,언더웨어 > 잠옷/홈웨어 > 잠옷바지
STD_007941,커플잠옷,STD_007935,3,언더웨어 > 잠옷/홈웨어 > 커플잠옷
STD_007942,홈웨어상의,STD_007935,3,언더웨어 > 잠옷/홈웨어 > 홈웨어상의
STD_007943,홈웨어원피스,STD_007935,3,언더웨어 > 잠옷/홈웨어 > 홈웨어원피스
STD_007944,홈웨어하의,STD_007935,3,언더웨어 > 잠옷/홈웨어 > 홈웨어하의
STD_007946,주니어 내의/잠옷,STD_007783,2,언더웨어 > 주니어 내의/잠옷
STD_007945,주니어 내의,STD_007946,3,언더웨어 > 주니어 내의/잠옷 > 주니어 내의
STD_007947,주니어 잠옷,STD_007946,3,언더웨어 > 주니어 내의/잠옷 > 주니어 잠옷
STD_007948,타이즈/레깅스,STD_007946,3,언더웨어 > 주니어 내의/잠옷 > 타이즈/레깅스
STD_007950,주니어 속옷,STD_007783,2,언더웨어 > 주니어 속옷
STD_007949,브라팬티세트,STD_007950,3,언더웨어 > 주니어 속옷 > 브라팬티세트
STD_007951,주니어 남아팬티,STD_007950,3,언더웨어 > 주니어 속옷 > 주니어 남아팬티
STD_007952,주니어 내의,STD_007950,3,언더웨어 > 주니어 속옷 > 주니어 내의
STD_007953,주니어 런닝,STD_007950,3,언더웨어 > 주니어 속옷 > 주니어 런닝
STD_007954,주니어 모시메리,STD_007950,3,언더웨어 > 주니어 속옷 > 주니어 모시메리
STD_007955,주니어 브라,STD_007950,3,언더웨어 > 주니어 속옷 > 주니어 브라
STD_007956,주니어 여아팬티,STD_007950,3,언더웨어 > 주니어 속옷 > 주니어 여아팬티
STD_007957,주니어 잠옷,STD_007950,3,언더웨어 > 주니어 속옷 > 주니어 잠옷
STD_007958,주니어 타이즈/레깅스,STD_007950,3,언더웨어 > 주니어 속옷 > 주니어 타이즈/레깅스
STD_007959,주니어남아런닝,STD_007950,3,언더웨어 > 주니어 속옷 > 주니어남아런닝
STD_007960,주니어남아팬티,STD_007950,3,언더웨어 > 주니어 속옷 > 주니어남아팬티
STD_007961,주니어브라팬티세트,STD_007950,3,언더웨어 > 주니어 속옷 > 주니어브라팬티세트
STD_007962,주니어여아런닝,STD_007950,3,언더웨어 > 주니어 속옷 > 주니어여아런닝
STD_007963,주니어여아팬티,STD_007950,3,언더웨어 > 주니어 속옷 > 주니어여아팬티
STD_007965,커플속옷,STD_007783,2,언더웨어 > 커플속옷
STD_007964,커플속옷,STD_007965,3,언더웨어 > 커플속옷 > 커플속옷
STD_007968,홈웨어/이지웨어,STD_007783,2,언더웨어 > 홈웨어/이지웨어
STD_007967,가운,STD_007968,3,언더웨어 > 홈웨어/이지웨어 > 가운
STD_007966,남성용,STD_007967,4,언더웨어 > 홈웨어/이지웨어 > 가운 > 남성용
STD_007969,여성용,STD_007967,4,언더웨어 > 홈웨어/이지웨어 > 가운 > 여성용
STD_007970,이지웨어 상의,STD_007968,3,언더웨어 > 홈웨어/이지웨어 > 이지웨어 상의
STD_007971,이지웨어 세트,STD_007968,3,언더웨어 > 홈웨어/이지웨어 > 이지웨어 세트
STD_007972,이지웨어 원피스,STD_007968,3,언더웨어 > 홈웨어/이지웨어 > 이지웨어 원피스
STD_007973,이지웨어 하의,STD_007968,3,언더웨어 > 홈웨어/이지웨어 > 이지웨어 하의
STD_007974,홈웨어상의,STD_007968,3,언더웨어 > 홈웨어/이지웨어 > 홈웨어상의
STD_007975,홈웨어세트,STD_007968,3,언더웨어 > 홈웨어/이지웨어 > 홈웨어세트
STD_007976,홈웨어원피스,STD_007968,3,언더웨어 > 홈웨어/이지웨어 > 홈웨어원피스
STD_007977,홈웨어하의,STD_007968,3,언더웨어 > 홈웨어/이지웨어 > 홈웨어하의
STD_007980,여성의류,ROOT,1,여성의류
STD_007979,가디건,STD_007980,2,여성의류 > 가디건
STD_007978,롱가디건,STD_007979,3,여성의류 > 가디건 > 롱가디건
STD_007981,루즈핏가디건,STD_007979,3,여성의류 > 가디건 > 루즈핏가디건
STD_007982,미니가디건,STD_007979,3,여성의류 > 가디건 > 미니가디건
STD_007984,가디건/조끼,STD_007980,2,여성의류 > 가디건/조끼
STD_007983,니트조끼,STD_007984,3,여성의류 > 가디건/조끼 > 니트조끼
STD_007985,롱가디건,STD_007984,3,여성의류 > 가디건/조끼 > 롱가디건
STD_007986,루즈핏가디건,STD_007984,3,여성의류 > 가디건/조끼 > 루즈핏가디건
STD_007987,미니가디건,STD_007984,3,여성의류 > 가디건/조끼 > 미니가디건
STD_007988,패딩조끼,STD_007984,3,여성의류 > 가디건/조끼 > 패딩조끼
STD_007990,교복,STD_007980,2,여성의류 > 교복
STD_007989,교복 상의,STD_007990,3,여성의류 > 교복 > 교복 상의
STD_007991,교복 상하세트,STD_007990,3,여성의류 > 교복 > 교복 상하세트
STD_007992,교복 하의,STD_007990,3,여성의류 > 교복 > 교복 하의
STD_007993,교복상의,STD_007990,3,여성의류 > 교복 > 교복상의
STD_007995,기타,STD_007980,2,여성의류 > 기타
STD_007994,기타,STD_007995,3,여성의류 > 기타 > 기타
STD_007997,니트,STD_007980,2,여성의류 > 니트
STD_007996,라운드넥니트,STD_007997,3,여성의류 > 니트 > 라운드넥니트
STD_007998,브이넥니트,STD_007997,3,여성의류 > 니트 > 브이넥니트
STD_007999,폴라/반폴라니트,STD_007997,3,여성의류 > 니트 > 폴라/반폴라니트
STD_008001,니트/스웨터,STD_007980,2,여성의류 > 니트/스웨터
STD_008000,라운드넥니트,STD_008001,3,여성의류 > 니트/스웨터 > 라운드넥니트
STD_008002,브이넥니트,STD_008001,3,여성의류 > 니트/스웨터 > 브이넥니트
STD_008003,폴라/반폴라니트,STD_008001,3,여성의류 > 니트/스웨터 > 폴라/반폴라니트
STD_008005,레깅스,STD_007980,2,여성의류 > 레깅스
STD_008004,무지레깅스,STD_008005,3,여성의류 > 레깅스 > 무지레깅스
STD_008006,치마/바지레깅스,STD_008005,3,여성의류 > 레깅스 > 치마/바지레깅스
STD_008008,마담의류,STD_007980,2,여성의류 > 마담의류
STD_008007,니트/가디건/앙상블,STD_008008,3,여성의류 > 마담의류 > 니트/가디건/앙상블
STD_008009,바지/청바지,STD_008008,3,여성의류 > 마담의류 > 바지/청바지
STD_008010,블라우스/셔츠,STD_008008,3,여성의류 > 마담의류 > 블라우스/셔츠
STD_008011,스커트,STD_008008,3,여성의류 > 마담의류 > 스커트
STD_008012,원피스,STD_008008,3,여성의류 > 마담의류 > 원피스
STD_008013,자켓/코트/패딩,STD_008008,3,여성의류 > 마담의류 > 자켓/코트/패딩
STD_008014,티셔츠,STD_008008,3,여성의류 > 마담의류 > 티셔츠
STD_008016,맨투맨/후드티,STD_007980,2,여성의류 > 맨투맨/후드티
STD_008015,맨투맨,STD_008016,3,여성의류 > 맨투맨/후드티 > 맨투맨
STD_008017,후드티/후드집업,STD_008016,3,여성의류 > 맨투맨/후드티 > 후드티/후드집업
STD_008019,바지,STD_007980,2,여성의류 > 바지
STD_008018,면바지/밴딩팬츠,STD_008019,3,여성의류 > 바지 > 면바지/밴딩팬츠
STD_008020,반바지/치마바지,STD_008019,3,여성의류 > 바지 > 반바지/치마바지
STD_008021,슬랙스,STD_008019,3,여성의류 > 바지 > 슬랙스
STD_008023,바지/레깅스,STD_007980,2,여성의류 > 바지/레깅스
STD_008022,레깅스,STD_008023,3,여성의류 > 바지/레깅스 > 레깅스
STD_008024,면바지/밴딩팬츠,STD_008023,3,여성의류 > 바지/레깅스 > 면바지/밴딩팬츠
STD_008025,반바지/치마바지,STD_008023,3,여성의류 > 바지/레깅스 > 반바지/치마바지
STD_008026,슬랙스,STD_008023,3,여성의류 > 바지/레깅스 > 슬랙스
STD_008027,청반바지,STD_008023,3,여성의류 > 바지/레깅스 > 청반바지
STD_008029,반바지,STD_007980,2,여성의류 > 반바지
STD_008028,반바지/치마바지,STD_008029,3,여성의류 > 반바지 > 반바지/치마바지
STD_008030,청반바지,STD_008029,3,여성의류 > 반바지 > 청반바지
STD_008032,블라우스,STD_007980,2,여성의류 > 블라우스
STD_008031,레이스/프릴블라우스,STD_008032,3,여성의류 > 블라우스 > 레이스/프릴블라우스
STD_008033,쉬폰/프린트블라우스,STD_008032,3,여성의류 > 블라우스 > 쉬폰/프린트블라우스
STD_008035,블라우스/셔츠,STD_007980,2,여성의류 > 블라우스/셔츠
STD_008034,데님셔츠,STD_008035,3,여성의류 > 블라우스/셔츠 > 데님셔츠
STD_008036,레이스/프릴블라우스,STD_008035,3,여성의류 > 블라우스/셔츠 > 레이스/프릴블라우스
STD_008037,솔리드셔츠,STD_008035,3,여성의류 > 블라우스/셔츠 > 솔리드셔츠
STD_008038,시폰블라우스,STD_008035,3,여성의류 > 블라우스/셔츠 > 시폰블라우스
STD_008039,체크셔츠,STD_008035,3,여성의류 > 블라우스/셔츠 > 체크셔츠
STD_008041,셔츠,STD_007980,2,여성의류 > 셔츠
STD_008040,데님 셔츠,STD_008041,3,여성의류 > 셔츠 > 데님 셔츠
STD_008042,솔리드셔츠,STD_008041,3,여성의류 > 셔츠 > 솔리드셔츠
STD_008043,체크셔츠,STD_008041,3,여성의류 > 셔츠 > 체크셔츠
STD_008045,셔츠/블라우스,STD_007980,2,여성의류 > 셔츠/블라우스
STD_008044,데님셔츠,STD_008045,3,여성의류 > 셔츠/블라우스 > 데님셔츠
STD_008046,레이스/프릴블라우스,STD_008045,3,여성의류 > 셔츠/블라우스 > 레이스/프릴블라우스
STD_008047,솔리드셔츠,STD_008045,3,여성의류 > 셔츠/블라우스 > 솔리드셔츠
STD_008048,쉬폰/프린트블라우스,STD_008045,3,여성의류 > 셔츠/블라우스 > 쉬폰/프린트블라우스
STD_008049,스트라이프셔츠,STD_008045,3,여성의류 > 셔츠/블라우스 > 스트라이프셔츠
STD_008050,체크셔츠,STD_008045,3,여성의류 > 셔츠/블라우스 > 체크셔츠
STD_008052,수영복/비치웨어,STD_007980,2,여성의류 > 수영복/비치웨어
STD_008051,비치웨어,STD_008052,3,여성의류 > 수영복/비치웨어 > 비치웨어
STD_008053,수영복,STD_008052,3,여성의류 > 수영복/비치웨어 > 수영복
STD_008055,스커트,STD_007980,2,여성의류 > 스커트
STD_008054,롱스커트,STD_008055,3,여성의류 > 스커트 > 롱스커트
STD_008056,미니스커트,STD_008055,3,여성의류 > 스커트 > 미니스커트
STD_008057,미디스커트,STD_008055,3,여성의류 > 스커트 > 미디스커트
STD_008059,시즌웨어,STD_007980,2,여성의류 > 시즌웨어
STD_008058,비치웨어,STD_008059,3,여성의류 > 시즌웨어 > 비치웨어
STD_008060,수영복,STD_008059,3,여성의류 > 시즌웨어 > 수영복
STD_008061,한복,STD_008059,3,여성의류 > 시즌웨어 > 한복
STD_008063,원피스,STD_007980,2,여성의류 > 원피스
STD_008062,나시원피스,STD_008063,3,여성의류 > 원피스 > 나시원피스
STD_008064,니트/모직원피스,STD_008063,3,여성의류 > 원피스 > 니트/모직원피스
STD_008065,니트원피스,STD_008063,3,여성의류 > 원피스 > 니트원피스
STD_008066,럭셔리 원피스,STD_008063,3,여성의류 > 원피스 > 럭셔리 원피스
STD_008067,레이스원피스,STD_008063,3,여성의류 > 원피스 > 레이스원피스
STD_008068,롱/맥시원피스,STD_008063,3,여성의류 > 원피스 > 롱/맥시원피스
STD_008069,면/마/린넨원피스,STD_008063,3,여성의류 > 원피스 > 면/마/린넨원피스
STD_008070,미니원피스,STD_008063,3,여성의류 > 원피스 > 미니원피스
STD_008071,쉬폰/레이스원피스,STD_008063,3,여성의류 > 원피스 > 쉬폰/레이스원피스
STD_008072,점프슈트,STD_008063,3,여성의류 > 원피스 > 점프슈트
STD_008073,청/데님원피스,STD_008063,3,여성의류 > 원피스 > 청/데님원피스
STD_008074,트렌치원피스,STD_008063,3,여성의류 > 원피스 > 트렌치원피스
STD_008075,프릴원피스,STD_008063,3,여성의류 > 원피스 > 프릴원피스
STD_008076,플라워/프린트원피스,STD_008063,3,여성의류 > 원피스 > 플라워/프린트원피스
STD_008078,자켓/코트,STD_007980,2,여성의류 > 자켓/코트
STD_008077,가죽/퍼자켓,STD_008078,3,여성의류 > 자켓/코트 > 가죽/퍼자켓
STD_008079,자켓,STD_008078,3,여성의류 > 자켓/코트 > 자켓
STD_008080,코트,STD_008078,3,여성의류 > 자켓/코트 > 코트
STD_008081,트렌치코트,STD_008078,3,여성의류 > 자켓/코트 > 트렌치코트
STD_008083,점퍼/야상/패딩,STD_007980,2,여성의류 > 점퍼/야상/패딩
STD_008082,바람막이/야구점퍼,STD_008083,3,여성의류 > 점퍼/야상/패딩 > 바람막이/야구점퍼
STD_008084,사파리/야상점퍼,STD_008083,3,여성의류 > 점퍼/야상/패딩 > 사파리/야상점퍼
STD_008085,패딩/다운점퍼,STD_008083,3,여성의류 > 점퍼/야상/패딩 > 패딩/다운점퍼
STD_008086,후드집업점퍼,STD_008083,3,여성의류 > 점퍼/야상/패딩 > 후드집업점퍼
STD_008088,점퍼/패딩/야상,STD_007980,2,여성의류 > 점퍼/패딩/야상
STD_008087,바람막이/야구점퍼,STD_008088,3,여성의류 > 점퍼/패딩/야상 > 바람막이/야구점퍼
STD_008089,사파리/야상점퍼,STD_008088,3,여성의류 > 점퍼/패딩/야상 > 사파리/야상점퍼
STD_008090,패딩/다운점퍼,STD_008088,3,여성의류 > 점퍼/패딩/야상 > 패딩/다운점퍼
STD_008092,정장,STD_007980,2,여성의류 > 정장
STD_008091,정장 바지,STD_008092,3,여성의류 > 정장 > 정장 바지
STD_008093,정장 블라우스,STD_008092,3,여성의류 > 정장 > 정장 블라우스
STD_008094,정장 세트,STD_008092,3,여성의류 > 정장 > 정장 세트
STD_008095,정장 원피스,STD_008092,3,여성의류 > 정장 > 정장 원피스
STD_008096,정장 자켓,STD_008092,3,여성의류 > 정장 > 정장 자켓
STD_008097,정장 치마,STD_008092,3,여성의류 > 정장 > 정장 치마
STD_008098,정장바지,STD_008092,3,여성의류 > 정장 > 정장바지
STD_008099,정장블라우스,STD_008092,3,여성의류 > 정장 > 정장블라우스
STD_008100,정장세트,STD_008092,3,여성의류 > 정장 > 정장세트
STD_008101,정장원피스,STD_008092,3,여성의류 > 정장 > 정장원피스
STD_008102,정장자켓,STD_008092,3,여성의류 > 정장 > 정장자켓
STD_008103,정장치마,STD_008092,3,여성의류 > 정장 > 정장치마
STD_008105,조끼,STD_007980,2,여성의류 > 조끼
STD_008104,캐주얼조끼,STD_008105,3,여성의류 > 조끼 > 캐주얼조끼
STD_008106,패딩조끼,STD_008105,3,여성의류 > 조끼 > 패딩조끼
STD_008108,청바지,STD_007980,2,여성의류 > 청바지
STD_008107,부츠컷/와이드핏,STD_008108,3,여성의류 > 청바지 > 부츠컷/와이드핏
STD_008109,스키니/슬림핏,STD_008108,3,여성의류 > 청바지 > 스키니/슬림핏
STD_008110,스트레이트핏,STD_008108,3,여성의류 > 청바지 > 스트레이트핏
STD_008111,청반바지,STD_008108,3,여성의류 > 청바지 > 청반바지
STD_008113,클럽의상,STD_007980,2,여성의류 > 클럽의상
STD_008112,상의,STD_008113,3,여성의류 > 클럽의상 > 상의
STD_008114,섹시원피스,STD_008113,3,여성의류 > 클럽의상 > 섹시원피스
STD_008115,하의,STD_008113,3,여성의류 > 클럽의상 > 하의
STD_008117,테마의류,STD_007980,2,여성의류 > 테마의류
STD_008116,레인코트,STD_008117,3,여성의류 > 테마의류 > 레인코트
STD_008118,밸리/재즈/살사댄스복,STD_008117,3,여성의류 > 테마의류 > 밸리/재즈/살사댄스복
STD_008119,웨딩/파티드레스,STD_008117,3,여성의류 > 테마의류 > 웨딩/파티드레스
STD_008120,유니폼/가운,STD_008117,3,여성의류 > 테마의류 > 유니폼/가운
STD_008121,의류DIY/리폼부자재,STD_008117,3,여성의류 > 테마의류 > 의류DIY/리폼부자재
STD_008122,의류DIY/리폼부자제,STD_008117,3,여성의류 > 테마의류 > 의류DIY/리폼부자제
STD_008123,코스튬/이벤트복,STD_008117,3,여성의류 > 테마의류 > 코스튬/이벤트복
STD_008125,트레이닝복,STD_007980,2,여성의류 > 트레이닝복
STD_008124,트레이닝 하의,STD_008125,3,여성의류 > 트레이닝복 > 트레이닝 하의
STD_008126,트레이닝상의,STD_008125,3,여성의류 > 트레이닝복 > 트레이닝상의
STD_008127,트레이닝상하세트,STD_008125,3,여성의류 > 트레이닝복 > 트레이닝상하세트
STD_008128,트레이닝세트,STD_008125,3,여성의류 > 트레이닝복 > 트레이닝세트
STD_008129,트레이닝하의,STD_008125,3,여성의류 > 트레이닝복 > 트레이닝하의
STD_008131,티셔츠,STD_007980,2,여성의류 > 티셔츠
STD_008130,라운드넥티셔츠,STD_008131,3,여성의류 > 티셔츠 > 라운드넥티셔츠
STD_008132,맨투맨,STD_008131,3,여성의류 > 티셔츠 > 맨투맨
STD_008133,민소매티셔츠,STD_008131,3,여성의류 > 티셔츠 > 민소매티셔츠
STD_008134,브이넥티셔츠,STD_008131,3,여성의류 > 티셔츠 > 브이넥티셔츠
STD_008135,폴라티셔츠,STD_008131,3,여성의류 > 티셔츠 > 폴라티셔츠
STD_008136,후드티/후드집업,STD_008131,3,여성의류 > 티셔츠 > 후드티/후드집업
STD_008138,티셔츠/맨투맨,STD_007980,2,여성의류 > 티셔츠/맨투맨
STD_008137,라운드넥티셔츠,STD_008138,3,여성의류 > 티셔츠/맨투맨 > 라운드넥티셔츠
STD_008139,맨투맨,STD_008138,3,여성의류 > 티셔츠/맨투맨 > 맨투맨
STD_008140,민소매티셔츠,STD_008138,3,여성의류 > 티셔츠/맨투맨 > 민소매티셔츠
STD_008141,브이넥티셔츠,STD_008138,3,여성의류 > 티셔츠/맨투맨 > 브이넥티셔츠
STD_008142,폴라티셔츠,STD_008138,3,여성의류 > 티셔츠/맨투맨 > 폴라티셔츠
STD_008143,후드티/후드집업,STD_008138,3,여성의류 > 티셔츠/맨투맨 > 후드티/후드집업
STD_008145,한복,STD_007980,2,여성의류 > 한복
STD_008144,전통한복,STD_008145,3,여성의류 > 한복 > 전통한복
STD_008146,패션/캐주얼 한복,STD_008145,3,여성의류 > 한복 > 패션/캐주얼 한복
STD_008147,패션/캐주얼한복,STD_008145,3,여성의류 > 한복 > 패션/캐주얼한복
STD_008148,한복소품,STD_008145,3,여성의류 > 한복 > 한복소품
STD_008151,영상가전,ROOT,1,영상가전
STD_008150,TV,STD_008151,2,영상가전 > TV
STD_008149,TV,STD_008150,3,영상가전 > TV > TV
STD_008152,해외직구TV,STD_008150,3,영상가전 > TV > 해외직구TV
STD_008154,TV용품,STD_008151,2,영상가전 > TV용품
STD_008153,3D안경,STD_008154,3,영상가전 > TV용품 > 3D안경
STD_008155,TV리모컨,STD_008154,3,영상가전 > TV용품 > TV리모컨
STD_008156,TV브래킷,STD_008154,3,영상가전 > TV용품 > TV브래킷
STD_008157,TV스탠드,STD_008154,3,영상가전 > TV용품 > TV스탠드
STD_008158,TV안테나,STD_008154,3,영상가전 > TV용품 > TV안테나
STD_008159,기타TV용품,STD_008154,3,영상가전 > TV용품 > 기타TV용품
STD_008161,디지털액자,STD_008151,2,영상가전 > 디지털액자
STD_008160,디지털액자,STD_008161,3,영상가전 > 디지털액자 > 디지털액자
STD_008163,영상플레이어,STD_008151,2,영상가전 > 영상플레이어
STD_008162,DVD플레이어,STD_008163,3,영상가전 > 영상플레이어 > DVD플레이어
STD_008164,Divx플레이어,STD_008163,3,영상가전 > 영상플레이어 > Divx플레이어
STD_008165,VTR,STD_008163,3,영상가전 > 영상플레이어 > VTR
STD_008166,블루레이플레이어,STD_008163,3,영상가전 > 영상플레이어 > 블루레이플레이어
STD_008167,셋톱박스,STD_008163,3,영상가전 > 영상플레이어 > 셋톱박스
STD_008168,영상플레이어용품,STD_008163,3,영상가전 > 영상플레이어 > 영상플레이어용품
STD_008170,프로젝터/스크린,STD_008151,2,영상가전 > 프로젝터/스크린
STD_008169,스크린,STD_008170,3,영상가전 > 프로젝터/스크린 > 스크린
STD_008171,프로젝터,STD_008170,3,영상가전 > 프로젝터/스크린 > 프로젝터
STD_008173,프로젝터용품,STD_008151,2,영상가전 > 프로젝터용품
STD_008172,기타프로젝터용품,STD_008173,3,영상가전 > 프로젝터용품 > 기타프로젝터용품
STD_008174,프로젝터램프,STD_008173,3,영상가전 > 프로젝터용품 > 프로젝터램프
STD_008175,프로젝터브래킷/마운트,STD_008173,3,영상가전 > 프로젝터용품 > 프로젝터브래킷/마운트
STD_008176,프로젝터삼각대,STD_008173,3,영상가전 > 프로젝터용품 > 프로젝터삼각대
STD_008179,욕실/청소용품,ROOT,1,욕실/청소용품
STD_008178,샤워기/수전용품,STD_008179,2,욕실/청소용품 > 샤워기/수전용품
STD_008177,샤워기거치대/홀더,STD_008178,3,욕실/청소용품 > 샤워기/수전용품 > 샤워기거치대/홀더
STD_008180,샤워기필터/연수기필터,STD_008178,3,욕실/청소용품 > 샤워기/수전용품 > 샤워기필터/연수기필터
STD_008181,샤워헤드,STD_008178,3,욕실/청소용품 > 샤워기/수전용품 > 샤워헤드
STD_008182,샤워호스,STD_008178,3,욕실/청소용품 > 샤워기/수전용품 > 샤워호스
STD_008183,수도/수전용품,STD_008178,3,욕실/청소용품 > 샤워기/수전용품 > 수도/수전용품
STD_008185,세탁용품,STD_008179,2,욕실/청소용품 > 세탁용품
STD_008184,기타세탁용품,STD_008185,3,욕실/청소용품 > 세탁용품 > 기타세탁용품
STD_008186,다림용품,STD_008185,3,욕실/청소용품 > 세탁용품 > 다림용품
STD_008187,빨래건조대,STD_008185,3,욕실/청소용품 > 세탁용품 > 빨래건조대
STD_008188,빨래바구니,STD_008185,3,욕실/청소용품 > 세탁용품 > 빨래바구니
STD_008189,빨래줄/집게,STD_008185,3,욕실/청소용품 > 세탁용품 > 빨래줄/집게
STD_008190,빨래판,STD_008185,3,욕실/청소용품 > 세탁용품 > 빨래판
STD_008191,세탁기필터/거름망,STD_008185,3,욕실/청소용품 > 세탁용품 > 세탁기필터/거름망
STD_008192,세탁망,STD_008185,3,욕실/청소용품 > 세탁용품 > 세탁망
STD_008193,세탁볼,STD_008185,3,욕실/청소용품 > 세탁용품 > 세탁볼
STD_008195,수건/타월,STD_008179,2,욕실/청소용품 > 수건/타월
STD_008194,때수건/샤워타월,STD_008195,3,욕실/청소용품 > 수건/타월 > 때수건/샤워타월
STD_008196,바스/비치타월,STD_008195,3,욕실/청소용품 > 수건/타월 > 바스/비치타월
STD_008197,샤워가운,STD_008195,3,욕실/청소용품 > 수건/타월 > 샤워가운
STD_008198,수건/핸드타월,STD_008195,3,욕실/청소용품 > 수건/타월 > 수건/핸드타월
STD_008200,욕실잡화,STD_008179,2,욕실/청소용품 > 욕실잡화
STD_008199,기타욕실잡화,STD_008200,3,욕실/청소용품 > 욕실잡화 > 기타욕실잡화
STD_008201,뚫어뻥,STD_008200,3,욕실/청소용품 > 욕실잡화 > 뚫어뻥
STD_008202,바디브러쉬/스펀지,STD_008200,3,욕실/청소용품 > 욕실잡화 > 바디브러쉬/스펀지
STD_008203,배수구캡,STD_008200,3,욕실/청소용품 > 욕실잡화 > 배수구캡
STD_008204,변기솔,STD_008200,3,욕실/청소용품 > 욕실잡화 > 변기솔
STD_008205,변기커버,STD_008200,3,욕실/청소용품 > 욕실잡화 > 변기커버
STD_008206,샤워커튼/커튼봉,STD_008200,3,욕실/청소용품 > 욕실잡화 > 샤워커튼/커튼봉
STD_008207,욕실매트/발판,STD_008200,3,욕실/청소용품 > 욕실잡화 > 욕실매트/발판
STD_008208,욕실바구니/대야,STD_008200,3,욕실/청소용품 > 욕실잡화 > 욕실바구니/대야
STD_008209,욕실선반,STD_008200,3,욕실/청소용품 > 욕실잡화 > 욕실선반
STD_008210,욕실수납장,STD_008200,3,욕실/청소용품 > 욕실잡화 > 욕실수납장
STD_008212,욕실용기/홀더,STD_008200,3,욕실/청소용품 > 욕실잡화 > 욕실용기/홀더
STD_008211,기타욕실용기,STD_008212,4,욕실/청소용품 > 욕실잡화 > 욕실용기/홀더 > 기타욕실용기
STD_008213,비누받침/홀더,STD_008212,4,욕실/청소용품 > 욕실잡화 > 욕실용기/홀더 > 비누받침/홀더
STD_008214,수건걸이,STD_008212,4,욕실/청소용품 > 욕실잡화 > 욕실용기/홀더 > 수건걸이
STD_008215,욕실디스펜서,STD_008212,4,욕실/청소용품 > 욕실잡화 > 욕실용기/홀더 > 욕실디스펜서
STD_008216,칫솔통/걸이,STD_008212,4,욕실/청소용품 > 욕실잡화 > 욕실용기/홀더 > 칫솔통/걸이
STD_008217,휴지걸이,STD_008212,4,욕실/청소용품 > 욕실잡화 > 욕실용기/홀더 > 휴지걸이
STD_008218,욕실화,STD_008200,3,욕실/청소용품 > 욕실잡화 > 욕실화
STD_008219,욕조,STD_008200,3,욕실/청소용품 > 욕실잡화 > 욕조
STD_008220,욕조트레이/소품,STD_008200,3,욕실/청소용품 > 욕실잡화 > 욕조트레이/소품
STD_008222,위생도기,STD_008200,3,욕실/청소용품 > 욕실잡화 > 위생도기
STD_008221,세면대,STD_008222,4,욕실/청소용품 > 욕실잡화 > 위생도기 > 세면대
STD_008223,양변기,STD_008222,4,욕실/청소용품 > 욕실잡화 > 위생도기 > 양변기
STD_008225,청소용품,STD_008179,2,욕실/청소용품 > 청소용품
STD_008224,걸레,STD_008225,3,욕실/청소용품 > 청소용품 > 걸레
STD_008226,기타청소용품,STD_008225,3,욕실/청소용품 > 청소용품 > 기타청소용품
STD_008227,매직블럭/스펀지,STD_008225,3,욕실/청소용품 > 청소용품 > 매직블럭/스펀지
STD_008228,먼지떨이/먼지제거기,STD_008225,3,욕실/청소용품 > 청소용품 > 먼지떨이/먼지제거기
STD_008229,물호스/물분사기,STD_008225,3,욕실/청소용품 > 청소용품 > 물호스/물분사기
STD_008230,밀대/청소포,STD_008225,3,욕실/청소용품 > 청소용품 > 밀대/청소포
STD_008231,분리수거함,STD_008225,3,욕실/청소용품 > 청소용품 > 분리수거함
STD_008232,빗자루/쓰레받기,STD_008225,3,욕실/청소용품 > 청소용품 > 빗자루/쓰레받기
STD_008233,유리닦이용품,STD_008225,3,욕실/청소용품 > 청소용품 > 유리닦이용품
STD_008234,청소솔,STD_008225,3,욕실/청소용품 > 청소용품 > 청소솔
STD_008235,테이프클리너,STD_008225,3,욕실/청소용품 > 청소용품 > 테이프클리너
STD_008237,휴지통/쓰레기봉투,STD_008225,3,욕실/청소용품 > 청소용품 > 휴지통/쓰레기봉투
STD_008236,다용도휴지통,STD_008237,4,욕실/청소용품 > 청소용품 > 휴지통/쓰레기봉투 > 다용도휴지통
STD_008238,쓰레기봉투,STD_008237,4,욕실/청소용품 > 청소용품 > 휴지통/쓰레기봉투 > 쓰레기봉투
STD_008239,음식물쓰레기통,STD_008237,4,욕실/청소용품 > 청소용품 > 휴지통/쓰레기봉투 > 음식물쓰레기통
STD_008242,유아동신발/잡화,ROOT,1,유아동신발/잡화
STD_008241,기타,STD_008242,2,유아동신발/잡화 > 기타
STD_008240,기타,STD_008241,3,유아동신발/잡화 > 기타 > 기타
STD_008244,유아동가방,STD_008242,2,유아동신발/잡화 > 유아동가방
STD_008243,기타유아동가방,STD_008244,3,유아동신발/잡화 > 유아동가방 > 기타유아동가방
STD_008245,미아방지가방,STD_008244,3,유아동신발/잡화 > 유아동가방 > 미아방지가방
STD_008246,신발주머니/보조가방,STD_008244,3,유아동신발/잡화 > 유아동가방 > 신발주머니/보조가방
STD_008247,유아동백팩,STD_008244,3,유아동신발/잡화 > 유아동가방 > 유아동백팩
STD_008248,유아동백팩/책가방,STD_008244,3,유아동신발/잡화 > 유아동가방 > 유아동백팩/책가방
STD_008249,유아동숄더백,STD_008244,3,유아동신발/잡화 > 유아동가방 > 유아동숄더백
STD_008250,유아동신발주머니/보조가방,STD_008244,3,유아동신발/잡화 > 유아동가방 > 유아동신발주머니/보조가방
STD_008251,유아동책가방세트,STD_008244,3,유아동신발/잡화 > 유아동가방 > 유아동책가방세트
STD_008252,유아동캐리어백,STD_008244,3,유아동신발/잡화 > 유아동가방 > 유아동캐리어백
STD_008253,유아동크로스백,STD_008244,3,유아동신발/잡화 > 유아동가방 > 유아동크로스백
STD_008254,유아동토트백,STD_008244,3,유아동신발/잡화 > 유아동가방 > 유아동토트백
STD_008255,유아동토트백/파우치,STD_008244,3,유아동신발/잡화 > 유아동가방 > 유아동토트백/파우치
STD_008257,유아동신발,STD_008242,2,유아동신발/잡화 > 유아동신발
STD_008256,기타유아동신발,STD_008257,3,유아동신발/잡화 > 유아동신발 > 기타유아동신발
STD_008258,남아구두,STD_008257,3,유아동신발/잡화 > 유아동신발 > 남아구두
STD_008259,남아샌들,STD_008257,3,유아동신발/잡화 > 유아동신발 > 남아샌들
STD_008260,로퍼,STD_008257,3,유아동신발/잡화 > 유아동신발 > 로퍼
STD_008261,보행기신발,STD_008257,3,유아동신발/잡화 > 유아동신발 > 보행기신발
STD_008262,부츠/털신,STD_008257,3,유아동신발/잡화 > 유아동신발 > 부츠/털신
STD_008263,슬리퍼,STD_008257,3,유아동신발/잡화 > 유아동신발 > 슬리퍼
STD_008264,슬립온,STD_008257,3,유아동신발/잡화 > 유아동신발 > 슬립온
STD_008265,실내화,STD_008257,3,유아동신발/잡화 > 유아동신발 > 실내화
STD_008266,아쿠아슈즈,STD_008257,3,유아동신발/잡화 > 유아동신발 > 아쿠아슈즈
STD_008267,여아구두,STD_008257,3,유아동신발/잡화 > 유아동신발 > 여아구두
STD_008268,여아샌들,STD_008257,3,유아동신발/잡화 > 유아동신발 > 여아샌들
STD_008269,운동화,STD_008257,3,유아동신발/잡화 > 유아동신발 > 운동화
STD_008270,유아동남아구두,STD_008257,3,유아동신발/잡화 > 유아동신발 > 유아동남아구두
STD_008271,유아동남아샌들,STD_008257,3,유아동신발/잡화 > 유아동신발 > 유아동남아샌들
STD_008272,유아동보행기신발,STD_008257,3,유아동신발/잡화 > 유아동신발 > 유아동보행기신발
STD_008273,유아동부츠/털신,STD_008257,3,유아동신발/잡화 > 유아동신발 > 유아동부츠/털신
STD_008274,유아동슬리퍼,STD_008257,3,유아동신발/잡화 > 유아동신발 > 유아동슬리퍼
STD_008275,유아동슬립온,STD_008257,3,유아동신발/잡화 > 유아동신발 > 유아동슬립온
STD_008276,유아동실내화,STD_008257,3,유아동신발/잡화 > 유아동신발 > 유아동실내화
STD_008277,유아동아쿠아슈즈,STD_008257,3,유아동신발/잡화 > 유아동신발 > 유아동아쿠아슈즈
STD_008278,유아동여아구두,STD_008257,3,유아동신발/잡화 > 유아동신발 > 유아동여아구두
STD_008279,유아동여아샌들,STD_008257,3,유아동신발/잡화 > 유아동신발 > 유아동여아샌들
STD_008280,유아동운동화,STD_008257,3,유아동신발/잡화 > 유아동신발 > 유아동운동화
STD_008281,유아동장화,STD_008257,3,유아동신발/잡화 > 유아동신발 > 유아동장화
STD_008282,유아동젤리슈즈,STD_008257,3,유아동신발/잡화 > 유아동신발 > 유아동젤리슈즈
STD_008283,장화,STD_008257,3,유아동신발/잡화 > 유아동신발 > 장화
STD_008284,젤리슈즈,STD_008257,3,유아동신발/잡화 > 유아동신발 > 젤리슈즈
STD_008285,캔버스/스니커즈,STD_008257,3,유아동신발/잡화 > 유아동신발 > 캔버스/스니커즈
STD_008287,유아동잡화,STD_008242,2,유아동신발/잡화 > 유아동잡화
STD_008286,[중지]유아동스타킹/타이즈,STD_008287,3,유아동신발/잡화 > 유아동잡화 > [중지]유아동스타킹/타이즈
STD_008288,귀마개,STD_008287,3,유아동신발/잡화 > 유아동잡화 > 귀마개
STD_008289,기타유아동잡화,STD_008287,3,유아동신발/잡화 > 유아동잡화 > 기타유아동잡화
STD_008290,마스크,STD_008287,3,유아동신발/잡화 > 유아동잡화 > 마스크
STD_008291,유아동귀마개/마스크,STD_008287,3,유아동신발/잡화 > 유아동잡화 > 유아동귀마개/마스크
STD_008292,유아동두건,STD_008287,3,유아동신발/잡화 > 유아동잡화 > 유아동두건
STD_008293,유아동레깅스,STD_008287,3,유아동신발/잡화 > 유아동잡화 > 유아동레깅스
STD_008294,유아동머플러,STD_008287,3,유아동신발/잡화 > 유아동잡화 > 유아동머플러
STD_008295,유아동멜빵/벨트,STD_008287,3,유아동신발/잡화 > 유아동잡화 > 유아동멜빵/벨트
STD_008296,유아동모자,STD_008287,3,유아동신발/잡화 > 유아동잡화 > 유아동모자
STD_008297,유아동목도리,STD_008287,3,유아동신발/잡화 > 유아동잡화 > 유아동목도리
STD_008298,유아동벨트/멜빵,STD_008287,3,유아동신발/잡화 > 유아동잡화 > 유아동벨트/멜빵
STD_008299,유아동선글라스,STD_008287,3,유아동신발/잡화 > 유아동잡화 > 유아동선글라스
STD_008300,유아동스카프,STD_008287,3,유아동신발/잡화 > 유아동잡화 > 유아동스카프
STD_008301,유아동스타킹/타이즈,STD_008287,3,유아동신발/잡화 > 유아동잡화 > 유아동스타킹/타이즈
STD_008302,유아동시계,STD_008287,3,유아동신발/잡화 > 유아동잡화 > 유아동시계
STD_008303,유아동앞치마/토시,STD_008287,3,유아동신발/잡화 > 유아동잡화 > 유아동앞치마/토시
STD_008304,유아동양말,STD_008287,3,유아동신발/잡화 > 유아동잡화 > 유아동양말
STD_008305,유아동우산,STD_008287,3,유아동신발/잡화 > 유아동잡화 > 유아동우산
STD_008306,유아동우의/레인코트,STD_008287,3,유아동신발/잡화 > 유아동잡화 > 유아동우의/레인코트
STD_008307,유아동장갑,STD_008287,3,유아동신발/잡화 > 유아동잡화 > 유아동장갑
STD_008308,유아동쥬얼리,STD_008287,3,유아동신발/잡화 > 유아동잡화 > 유아동쥬얼리
STD_008309,유아동지갑,STD_008287,3,유아동신발/잡화 > 유아동잡화 > 유아동지갑
STD_008310,유아동토시,STD_008287,3,유아동신발/잡화 > 유아동잡화 > 유아동토시
STD_008311,유아동헤어용품,STD_008287,3,유아동신발/잡화 > 유아동잡화 > 유아동헤어용품
STD_008313,유아동의류,ROOT,1,유아동의류
STD_008312,[중지]아동신발,STD_008313,2,유아동의류 > [중지]아동신발
STD_008314,[중지]재킷,STD_008313,2,유아동의류 > [중지]재킷
STD_008316,기타,STD_008313,2,유아동의류 > 기타
STD_008315,기타,STD_008316,3,유아동의류 > 기타 > 기타
STD_008318,남아속옷/잠옷,STD_008313,2,유아동의류 > 남아속옷/잠옷
STD_008317,내의/실내복,STD_008318,3,유아동의류 > 남아속옷/잠옷 > 내의/실내복
STD_008319,런닝,STD_008318,3,유아동의류 > 남아속옷/잠옷 > 런닝
STD_008320,잠옷/수면조끼,STD_008318,3,유아동의류 > 남아속옷/잠옷 > 잠옷/수면조끼
STD_008321,팬티,STD_008318,3,유아동의류 > 남아속옷/잠옷 > 팬티
STD_008323,남아의류,STD_008313,2,유아동의류 > 남아의류
STD_008322,남아가디건,STD_008323,3,유아동의류 > 남아의류 > 남아가디건
STD_008324,남아남방/셔츠,STD_008323,3,유아동의류 > 남아의류 > 남아남방/셔츠
STD_008325,남아니트/스웨터,STD_008323,3,유아동의류 > 남아의류 > 남아니트/스웨터
STD_008326,남아맨투맨티,STD_008323,3,유아동의류 > 남아의류 > 남아맨투맨티
STD_008327,남아바지,STD_008323,3,유아동의류 > 남아의류 > 남아바지
STD_008328,남아상하복,STD_008323,3,유아동의류 > 남아의류 > 남아상하복
STD_008329,남아자켓,STD_008323,3,유아동의류 > 남아의류 > 남아자켓
STD_008330,남아점퍼,STD_008323,3,유아동의류 > 남아의류 > 남아점퍼
STD_008331,남아정장,STD_008323,3,유아동의류 > 남아의류 > 남아정장
STD_008332,남아코트,STD_008323,3,유아동의류 > 남아의류 > 남아코트
STD_008333,남아트레이닝복,STD_008323,3,유아동의류 > 남아의류 > 남아트레이닝복
STD_008334,남아티셔츠,STD_008323,3,유아동의류 > 남아의류 > 남아티셔츠
STD_008335,남아파티복,STD_008323,3,유아동의류 > 남아의류 > 남아파티복
STD_008336,남아한복,STD_008323,3,유아동의류 > 남아의류 > 남아한복
STD_008338,수영복/용품,STD_008313,2,유아동의류 > 수영복/용품
STD_008337,남아수영복,STD_008338,3,유아동의류 > 수영복/용품 > 남아수영복
STD_008339,여아수영복,STD_008338,3,유아동의류 > 수영복/용품 > 여아수영복
STD_008340,유아동수경/수모/귀마개,STD_008338,3,유아동의류 > 수영복/용품 > 유아동수경/수모/귀마개
STD_008341,유아동수영가방/비치백,STD_008338,3,유아동의류 > 수영복/용품 > 유아동수영가방/비치백
STD_008343,신생아의류,STD_008313,2,유아동의류 > 신생아의류
STD_008342,가제손수건,STD_008343,3,유아동의류 > 신생아의류 > 가제손수건
STD_008344,겉싸개,STD_008343,3,유아동의류 > 신생아의류 > 겉싸개
STD_008345,기타신생아의류,STD_008343,3,유아동의류 > 신생아의류 > 기타신생아의류
STD_008346,레그/스패츠,STD_008343,3,유아동의류 > 신생아의류 > 레그/스패츠
STD_008347,바디슈트/우주복,STD_008343,3,유아동의류 > 신생아의류 > 바디슈트/우주복
STD_008348,배냇저고리,STD_008343,3,유아동의류 > 신생아의류 > 배냇저고리
STD_008349,보낭/슬리핑백,STD_008343,3,유아동의류 > 신생아의류 > 보낭/슬리핑백
STD_008350,속싸개,STD_008343,3,유아동의류 > 신생아의류 > 속싸개
STD_008351,손싸개/발싸개,STD_008343,3,유아동의류 > 신생아의류 > 손싸개/발싸개
STD_008352,신생아내의,STD_008343,3,유아동의류 > 신생아의류 > 신생아내의
STD_008353,신생아레깅스/스패츠,STD_008343,3,유아동의류 > 신생아의류 > 신생아레깅스/스패츠
STD_008354,신생아모자/보넷,STD_008343,3,유아동의류 > 신생아의류 > 신생아모자/보넷
STD_008355,신생아바지,STD_008343,3,유아동의류 > 신생아의류 > 신생아바지
STD_008356,신생아상하복,STD_008343,3,유아동의류 > 신생아의류 > 신생아상하복
STD_008357,신생아선물세트,STD_008343,3,유아동의류 > 신생아의류 > 신생아선물세트
STD_008358,신생아외투,STD_008343,3,유아동의류 > 신생아의류 > 신생아외투
STD_008359,신생아의류세트,STD_008343,3,유아동의류 > 신생아의류 > 신생아의류세트
STD_008360,신생아정장/드레스,STD_008343,3,유아동의류 > 신생아의류 > 신생아정장/드레스
STD_008361,신생아티셔츠,STD_008343,3,유아동의류 > 신생아의류 > 신생아티셔츠
STD_008362,우주복/바디슈트,STD_008343,3,유아동의류 > 신생아의류 > 우주복/바디슈트
STD_008364,여아속옷/잠옷,STD_008313,2,유아동의류 > 여아속옷/잠옷
STD_008363,내의/실내복,STD_008364,3,유아동의류 > 여아속옷/잠옷 > 내의/실내복
STD_008365,속옷,STD_008364,3,유아동의류 > 여아속옷/잠옷 > 속옷
STD_008366,수면조끼,STD_008364,3,유아동의류 > 여아속옷/잠옷 > 수면조끼
STD_008367,잠옷,STD_008364,3,유아동의류 > 여아속옷/잠옷 > 잠옷
STD_008369,여아의류,STD_008313,2,유아동의류 > 여아의류
STD_008368,여아가디건,STD_008369,3,유아동의류 > 여아의류 > 여아가디건
STD_008370,여아니트/스웨터,STD_008369,3,유아동의류 > 여아의류 > 여아니트/스웨터
STD_008371,여아드레스,STD_008369,3,유아동의류 > 여아의류 > 여아드레스
STD_008372,여아레깅스,STD_008369,3,유아동의류 > 여아의류 > 여아레깅스
STD_008373,여아맨투맨티,STD_008369,3,유아동의류 > 여아의류 > 여아맨투맨티
STD_008374,여아바지,STD_008369,3,유아동의류 > 여아의류 > 여아바지
STD_008375,여아블라우스,STD_008369,3,유아동의류 > 여아의류 > 여아블라우스
STD_008376,여아상하복,STD_008369,3,유아동의류 > 여아의류 > 여아상하복
STD_008377,여아스커트,STD_008369,3,유아동의류 > 여아의류 > 여아스커트
STD_008378,여아원피스,STD_008369,3,유아동의류 > 여아의류 > 여아원피스
STD_008379,여아자켓,STD_008369,3,유아동의류 > 여아의류 > 여아자켓
STD_008380,여아점퍼,STD_008369,3,유아동의류 > 여아의류 > 여아점퍼
STD_008381,여아정장,STD_008369,3,유아동의류 > 여아의류 > 여아정장
STD_008382,여아코트,STD_008369,3,유아동의류 > 여아의류 > 여아코트
STD_008383,여아트레이닝복,STD_008369,3,유아동의류 > 여아의류 > 여아트레이닝복
STD_008384,여아티셔츠,STD_008369,3,유아동의류 > 여아의류 > 여아티셔츠
STD_008385,여아파티복/드레스,STD_008369,3,유아동의류 > 여아의류 > 여아파티복/드레스
STD_008386,여아한복,STD_008369,3,유아동의류 > 여아의류 > 여아한복
STD_008388,유아동공용의류,STD_008313,2,유아동의류 > 유아동공용의류
STD_008387,유아동가디건,STD_008388,3,유아동의류 > 유아동공용의류 > 유아동가디건
STD_008389,유아동남방/셔츠,STD_008388,3,유아동의류 > 유아동공용의류 > 유아동남방/셔츠
STD_008390,유아동니트/스웨터,STD_008388,3,유아동의류 > 유아동공용의류 > 유아동니트/스웨터
STD_008391,유아동맨투맨티,STD_008388,3,유아동의류 > 유아동공용의류 > 유아동맨투맨티
STD_008392,유아동바지,STD_008388,3,유아동의류 > 유아동공용의류 > 유아동바지
STD_008393,유아동상하복세트,STD_008388,3,유아동의류 > 유아동공용의류 > 유아동상하복세트
STD_008394,유아동자켓,STD_008388,3,유아동의류 > 유아동공용의류 > 유아동자켓
STD_008395,유아동점퍼,STD_008388,3,유아동의류 > 유아동공용의류 > 유아동점퍼
STD_008396,유아동코트,STD_008388,3,유아동의류 > 유아동공용의류 > 유아동코트
STD_008397,유아동트레이닝복,STD_008388,3,유아동의류 > 유아동공용의류 > 유아동트레이닝복
STD_008398,유아동티셔츠,STD_008388,3,유아동의류 > 유아동공용의류 > 유아동티셔츠
STD_008400,유아동내의/잠옷,STD_008313,2,유아동의류 > 유아동내의/잠옷
STD_008399,배변훈련팬티,STD_008400,3,유아동의류 > 유아동내의/잠옷 > 배변훈련팬티
STD_008401,수면조끼,STD_008400,3,유아동의류 > 유아동내의/잠옷 > 수면조끼
STD_008402,유아동내의,STD_008400,3,유아동의류 > 유아동내의/잠옷 > 유아동내의
STD_008403,유아동런닝,STD_008400,3,유아동의류 > 유아동내의/잠옷 > 유아동런닝
STD_008404,유아동런닝팬티세트,STD_008400,3,유아동의류 > 유아동내의/잠옷 > 유아동런닝팬티세트
STD_008405,유아동실내복/잠옷,STD_008400,3,유아동의류 > 유아동내의/잠옷 > 유아동실내복/잠옷
STD_008406,유아동팬티,STD_008400,3,유아동의류 > 유아동내의/잠옷 > 유아동팬티
STD_008408,유아동스포츠의류,STD_008313,2,유아동의류 > 유아동스포츠의류
STD_008407,기타유아동스포츠의류,STD_008408,3,유아동의류 > 유아동스포츠의류 > 기타유아동스포츠의류
STD_008409,남아수영복,STD_008408,3,유아동의류 > 유아동스포츠의류 > 남아수영복
STD_008410,여아수영복,STD_008408,3,유아동의류 > 유아동스포츠의류 > 여아수영복
STD_008411,유아동도복,STD_008408,3,유아동의류 > 유아동스포츠의류 > 유아동도복
STD_008412,유아동발레복/댄스복,STD_008408,3,유아동의류 > 유아동스포츠의류 > 유아동발레복/댄스복
STD_008413,유아동수모/수경,STD_008408,3,유아동의류 > 유아동스포츠의류 > 유아동수모/수경
STD_008414,유아동수영가방,STD_008408,3,유아동의류 > 유아동스포츠의류 > 유아동수영가방
STD_008415,유아동수영타월,STD_008408,3,유아동의류 > 유아동스포츠의류 > 유아동수영타월
STD_008416,유아동스키/보드복,STD_008408,3,유아동의류 > 유아동스포츠의류 > 유아동스키/보드복
STD_008418,유아동테마의류,STD_008313,2,유아동의류 > 유아동테마의류
STD_008417,기타유아동테마의류,STD_008418,3,유아동의류 > 유아동테마의류 > 기타유아동테마의류
STD_008419,남아한복,STD_008418,3,유아동의류 > 유아동테마의류 > 남아한복
STD_008420,돌한복,STD_008418,3,유아동의류 > 유아동테마의류 > 돌한복
STD_008421,여아한복,STD_008418,3,유아동의류 > 유아동테마의류 > 여아한복
STD_008422,유아동원복/단체복,STD_008418,3,유아동의류 > 유아동테마의류 > 유아동원복/단체복
STD_008423,유아동코스튬의상,STD_008418,3,유아동의류 > 유아동테마의류 > 유아동코스튬의상
STD_008424,유아동한복소품,STD_008418,3,유아동의류 > 유아동테마의류 > 유아동한복소품
STD_008425,패밀리룩,STD_008418,3,유아동의류 > 유아동테마의류 > 패밀리룩
STD_008428,음향기기,ROOT,1,음향기기
STD_008427,노래방기기,STD_008428,2,음향기기 > 노래방기기
STD_008426,기타노래방기기,STD_008427,3,음향기기 > 노래방기기 > 기타노래방기기
STD_008429,노래반주기,STD_008427,3,음향기기 > 노래방기기 > 노래반주기
STD_008430,노래방리모콘,STD_008427,3,음향기기 > 노래방기기 > 노래방리모콘
STD_008431,노래방조명/미러볼,STD_008427,3,음향기기 > 노래방기기 > 노래방조명/미러볼
STD_008432,노래방책,STD_008427,3,음향기기 > 노래방기기 > 노래방책
STD_008434,리시버/앰프/튜너,STD_008428,2,음향기기 > 리시버/앰프/튜너
STD_008433,AV리시버,STD_008434,3,음향기기 > 리시버/앰프/튜너 > AV리시버
STD_008435,AV셀렉터,STD_008434,3,음향기기 > 리시버/앰프/튜너 > AV셀렉터
STD_008436,블루투스리시버,STD_008434,3,음향기기 > 리시버/앰프/튜너 > 블루투스리시버
STD_008437,앰프,STD_008434,3,음향기기 > 리시버/앰프/튜너 > 앰프
STD_008438,튜너,STD_008434,3,음향기기 > 리시버/앰프/튜너 > 튜너
STD_008440,마이크,STD_008428,2,음향기기 > 마이크
STD_008439,마이크,STD_008440,3,음향기기 > 마이크 > 마이크
STD_008441,마이크스탠드,STD_008440,3,음향기기 > 마이크 > 마이크스탠드
STD_008442,마이크용품,STD_008440,3,음향기기 > 마이크 > 마이크용품
STD_008443,마이크케이블,STD_008440,3,음향기기 > 마이크 > 마이크케이블
STD_008444,확성기/메가폰,STD_008440,3,음향기기 > 마이크 > 확성기/메가폰
STD_008446,상업/특수음향,STD_008428,2,음향기기 > 상업/특수음향
STD_008445,무대/매장/방송장비,STD_008446,3,음향기기 > 상업/특수음향 > 무대/매장/방송장비
STD_008447,호출기/호출벨,STD_008446,3,음향기기 > 상업/특수음향 > 호출기/호출벨
STD_008449,스피커,STD_008428,2,음향기기 > 스피커
STD_008448,사운드바,STD_008449,3,음향기기 > 스피커 > 사운드바
STD_008450,스피커,STD_008449,3,음향기기 > 스피커 > 스피커
STD_008452,스피커/사운드바,STD_008428,2,음향기기 > 스피커/사운드바
STD_008451,사운드바,STD_008452,3,음향기기 > 스피커/사운드바 > 사운드바
STD_008453,스피커,STD_008452,3,음향기기 > 스피커/사운드바 > 스피커
STD_008455,스피커용품,STD_008428,2,음향기기 > 스피커용품
STD_008454,기타스피커용품,STD_008455,3,음향기기 > 스피커용품 > 기타스피커용품
STD_008456,방음/방진재,STD_008455,3,음향기기 > 스피커용품 > 방음/방진재
STD_008457,스피커브래킷,STD_008455,3,음향기기 > 스피커용품 > 스피커브래킷
STD_008458,스피커스탠드,STD_008455,3,음향기기 > 스피커용품 > 스피커스탠드
STD_008460,오디오/라디오,STD_008428,2,음향기기 > 오디오/라디오
STD_008459,라디오,STD_008460,3,음향기기 > 오디오/라디오 > 라디오
STD_008461,오디오,STD_008460,3,음향기기 > 오디오/라디오 > 오디오
STD_008463,음향재생기기,STD_008428,2,음향기기 > 음향재생기기
STD_008462,CD카세트플레이어,STD_008463,3,음향기기 > 음향재생기기 > CD카세트플레이어
STD_008464,CD플레이어,STD_008463,3,음향기기 > 음향재생기기 > CD플레이어
STD_008465,MP3플레이어,STD_008463,3,음향기기 > 음향재생기기 > MP3플레이어
STD_008466,기타음향재생기기,STD_008463,3,음향기기 > 음향재생기기 > 기타음향재생기기
STD_008467,턴테이블,STD_008463,3,음향기기 > 음향재생기기 > 턴테이블
STD_008469,이어폰/헤드폰,STD_008428,2,음향기기 > 이어폰/헤드폰
STD_008468,블루투스이어폰,STD_008469,3,음향기기 > 이어폰/헤드폰 > 블루투스이어폰
STD_008470,블루투스헤드폰,STD_008469,3,음향기기 > 이어폰/헤드폰 > 블루투스헤드폰
STD_008471,유선이어폰,STD_008469,3,음향기기 > 이어폰/헤드폰 > 유선이어폰
STD_008472,유선헤드폰,STD_008469,3,음향기기 > 이어폰/헤드폰 > 유선헤드폰
STD_008473,일반이어폰,STD_008469,3,음향기기 > 이어폰/헤드폰 > 일반이어폰
STD_008474,일반헤드폰,STD_008469,3,음향기기 > 이어폰/헤드폰 > 일반헤드폰
STD_008476,이어폰/헤드폰용품,STD_008428,2,음향기기 > 이어폰/헤드폰용품
STD_008475,기타이어폰/헤드폰용품,STD_008476,3,음향기기 > 이어폰/헤드폰용품 > 기타이어폰/헤드폰용품
STD_008477,이어폰/헤드폰케이스,STD_008476,3,음향기기 > 이어폰/헤드폰용품 > 이어폰/헤드폰케이스
STD_008478,이어폰선정리기,STD_008476,3,음향기기 > 이어폰/헤드폰용품 > 이어폰선정리기
STD_008479,폼팁/이어폰캡,STD_008476,3,음향기기 > 이어폰/헤드폰용품 > 폼팁/이어폰캡
STD_008480,헤드폰스탠드,STD_008476,3,음향기기 > 이어폰/헤드폰용품 > 헤드폰스탠드
STD_008481,헤드폰패드,STD_008476,3,음향기기 > 이어폰/헤드폰용품 > 헤드폰패드
STD_008483,홈시어터,STD_008428,2,음향기기 > 홈시어터
STD_008482,홈시어터,STD_008483,3,음향기기 > 홈시어터 > 홈시어터
STD_008486,의류/언더웨어,ROOT,1,의류/언더웨어
STD_008485,남성 트레이닝복/시즌웨어,STD_008486,2,의류/언더웨어 > 남성 트레이닝복/시즌웨어
STD_008484,수영복/비치웨어,STD_008485,3,의류/언더웨어 > 남성 트레이닝복/시즌웨어 > 수영복/비치웨어
STD_008487,트레이닝복,STD_008485,3,의류/언더웨어 > 남성 트레이닝복/시즌웨어 > 트레이닝복
STD_008489,남성 팬츠,STD_008486,2,의류/언더웨어 > 남성 팬츠
STD_008488,데님팬츠,STD_008489,3,의류/언더웨어 > 남성 팬츠 > 데님팬츠
STD_008490,쇼트팬츠,STD_008489,3,의류/언더웨어 > 남성 팬츠 > 쇼트팬츠
STD_008491,슬랙스,STD_008489,3,의류/언더웨어 > 남성 팬츠 > 슬랙스
STD_008492,액티브팬츠,STD_008489,3,의류/언더웨어 > 남성 팬츠 > 액티브팬츠
STD_008493,코튼팬츠,STD_008489,3,의류/언더웨어 > 남성 팬츠 > 코튼팬츠
STD_008495,남성 포멀/슈트,STD_008486,2,의류/언더웨어 > 남성 포멀/슈트
STD_008494,정장/슈트세트,STD_008495,3,의류/언더웨어 > 남성 포멀/슈트 > 정장/슈트세트
STD_008496,정장바지,STD_008495,3,의류/언더웨어 > 남성 포멀/슈트 > 정장바지
STD_008497,정장재킷,STD_008495,3,의류/언더웨어 > 남성 포멀/슈트 > 정장재킷
STD_008499,남성셔츠,STD_008486,2,의류/언더웨어 > 남성셔츠
STD_008498,드레스셔츠,STD_008499,3,의류/언더웨어 > 남성셔츠 > 드레스셔츠
STD_008500,캐주얼셔츠,STD_008499,3,의류/언더웨어 > 남성셔츠 > 캐주얼셔츠
STD_008502,남성스웨터/카디건,STD_008486,2,의류/언더웨어 > 남성스웨터/카디건
STD_008501,베스트/조끼,STD_008502,3,의류/언더웨어 > 남성스웨터/카디건 > 베스트/조끼
STD_008503,브이넥 스웨터,STD_008502,3,의류/언더웨어 > 남성스웨터/카디건 > 브이넥 스웨터
STD_008504,집업/버튼카디건,STD_008502,3,의류/언더웨어 > 남성스웨터/카디건 > 집업/버튼카디건
STD_008505,크루넥 스웨터,STD_008502,3,의류/언더웨어 > 남성스웨터/카디건 > 크루넥 스웨터
STD_008506,터틀넥 스웨터,STD_008502,3,의류/언더웨어 > 남성스웨터/카디건 > 터틀넥 스웨터
STD_008507,후드 스웨터,STD_008502,3,의류/언더웨어 > 남성스웨터/카디건 > 후드 스웨터
STD_008509,남성아우터/재킷,STD_008486,2,의류/언더웨어 > 남성아우터/재킷
STD_008508,가죽/FUR,STD_008509,3,의류/언더웨어 > 남성아우터/재킷 > 가죽/FUR
STD_008510,블레이저/재킷,STD_008509,3,의류/언더웨어 > 남성아우터/재킷 > 블레이저/재킷
STD_008511,블루종/점퍼,STD_008509,3,의류/언더웨어 > 남성아우터/재킷 > 블루종/점퍼
STD_008512,코트,STD_008509,3,의류/언더웨어 > 남성아우터/재킷 > 코트
STD_008513,패딩/다운,STD_008509,3,의류/언더웨어 > 남성아우터/재킷 > 패딩/다운
STD_008515,남성언더웨어,STD_008486,2,의류/언더웨어 > 남성언더웨어
STD_008514,드로즈/트렁크,STD_008515,3,의류/언더웨어 > 남성언더웨어 > 드로즈/트렁크
STD_008516,러닝,STD_008515,3,의류/언더웨어 > 남성언더웨어 > 러닝
STD_008517,삼각팬티,STD_008515,3,의류/언더웨어 > 남성언더웨어 > 삼각팬티
STD_008518,잠옷/홈웨어,STD_008515,3,의류/언더웨어 > 남성언더웨어 > 잠옷/홈웨어
STD_008520,남성티셔츠,STD_008486,2,의류/언더웨어 > 남성티셔츠
STD_008519,기본티셔츠,STD_008520,3,의류/언더웨어 > 남성티셔츠 > 기본티셔츠
STD_008521,민소매티셔츠,STD_008520,3,의류/언더웨어 > 남성티셔츠 > 민소매티셔츠
STD_008522,칼라넥/터틀넥티셔츠,STD_008520,3,의류/언더웨어 > 남성티셔츠 > 칼라넥/터틀넥티셔츠
STD_008523,후드/맨투맨티셔츠,STD_008520,3,의류/언더웨어 > 남성티셔츠 > 후드/맨투맨티셔츠
STD_008524,안전인증 아동의류,STD_008486,2,의류/언더웨어 > 안전인증 아동의류
STD_008526,여성 스커트,STD_008486,2,의류/언더웨어 > 여성 스커트
STD_008525,롱스커트,STD_008526,3,의류/언더웨어 > 여성 스커트 > 롱스커트
STD_008527,미니스커트,STD_008526,3,의류/언더웨어 > 여성 스커트 > 미니스커트
STD_008528,미디스커트,STD_008526,3,의류/언더웨어 > 여성 스커트 > 미디스커트
STD_008530,여성 팬츠,STD_008486,2,의류/언더웨어 > 여성 팬츠
STD_008529,데님팬츠,STD_008530,3,의류/언더웨어 > 여성 팬츠 > 데님팬츠
STD_008531,레깅스,STD_008530,3,의류/언더웨어 > 여성 팬츠 > 레깅스
STD_008532,쇼트팬츠,STD_008530,3,의류/언더웨어 > 여성 팬츠 > 쇼트팬츠
STD_008533,액티브팬츠,STD_008530,3,의류/언더웨어 > 여성 팬츠 > 액티브팬츠
STD_008534,코튼팬츠,STD_008530,3,의류/언더웨어 > 여성 팬츠 > 코튼팬츠
STD_008536,여성블라우스/셔츠,STD_008486,2,의류/언더웨어 > 여성블라우스/셔츠
STD_008535,블라우스,STD_008536,3,의류/언더웨어 > 여성블라우스/셔츠 > 블라우스
STD_008537,셔츠,STD_008536,3,의류/언더웨어 > 여성블라우스/셔츠 > 셔츠
STD_008539,여성스웨터/카디건,STD_008486,2,의류/언더웨어 > 여성스웨터/카디건
STD_008538,베스트/조끼/판초,STD_008539,3,의류/언더웨어 > 여성스웨터/카디건 > 베스트/조끼/판초
STD_008540,브이넥 스웨터,STD_008539,3,의류/언더웨어 > 여성스웨터/카디건 > 브이넥 스웨터
STD_008541,집업/버튼카디건,STD_008539,3,의류/언더웨어 > 여성스웨터/카디건 > 집업/버튼카디건
STD_008542,크루넥 스웨터,STD_008539,3,의류/언더웨어 > 여성스웨터/카디건 > 크루넥 스웨터
STD_008543,터틀넥 스웨터,STD_008539,3,의류/언더웨어 > 여성스웨터/카디건 > 터틀넥 스웨터
STD_008544,후드 스웨터,STD_008539,3,의류/언더웨어 > 여성스웨터/카디건 > 후드 스웨터
STD_008546,여성아우터/재킷,STD_008486,2,의류/언더웨어 > 여성아우터/재킷
STD_008545,가죽/FUR,STD_008546,3,의류/언더웨어 > 여성아우터/재킷 > 가죽/FUR
STD_008547,블레이저/재킷,STD_008546,3,의류/언더웨어 > 여성아우터/재킷 > 블레이저/재킷
STD_008548,블루종/점퍼,STD_008546,3,의류/언더웨어 > 여성아우터/재킷 > 블루종/점퍼
STD_008549,코트,STD_008546,3,의류/언더웨어 > 여성아우터/재킷 > 코트
STD_008550,패딩/다운,STD_008546,3,의류/언더웨어 > 여성아우터/재킷 > 패딩/다운
STD_008552,여성언더웨어,STD_008486,2,의류/언더웨어 > 여성언더웨어
STD_008551,보정속옷/기능성,STD_008552,3,의류/언더웨어 > 여성언더웨어 > 보정속옷/기능성
STD_008553,브라,STD_008552,3,의류/언더웨어 > 여성언더웨어 > 브라
STD_008554,브라팬티 세트,STD_008552,3,의류/언더웨어 > 여성언더웨어 > 브라팬티 세트
STD_008555,슬립/캐미솔,STD_008552,3,의류/언더웨어 > 여성언더웨어 > 슬립/캐미솔
STD_008556,잠옷/홈웨어/가운,STD_008552,3,의류/언더웨어 > 여성언더웨어 > 잠옷/홈웨어/가운
STD_008557,팬티,STD_008552,3,의류/언더웨어 > 여성언더웨어 > 팬티
STD_008559,여성원피스,STD_008486,2,의류/언더웨어 > 여성원피스
STD_008558,비치/맥시 원피스,STD_008559,3,의류/언더웨어 > 여성원피스 > 비치/맥시 원피스
STD_008560,웨딩 드레스,STD_008559,3,의류/언더웨어 > 여성원피스 > 웨딩 드레스
STD_008561,캐주얼 원피스,STD_008559,3,의류/언더웨어 > 여성원피스 > 캐주얼 원피스
STD_008562,포멀/정장 원피스,STD_008559,3,의류/언더웨어 > 여성원피스 > 포멀/정장 원피스
STD_008564,여성트레이닝/시즌의류,STD_008486,2,의류/언더웨어 > 여성트레이닝/시즌의류
STD_008563,수영복/비치웨어,STD_008564,3,의류/언더웨어 > 여성트레이닝/시즌의류 > 수영복/비치웨어
STD_008565,트레이닝복,STD_008564,3,의류/언더웨어 > 여성트레이닝/시즌의류 > 트레이닝복
STD_008567,여성티셔츠,STD_008486,2,의류/언더웨어 > 여성티셔츠
STD_008566,기본티셔츠,STD_008567,3,의류/언더웨어 > 여성티셔츠 > 기본티셔츠
STD_008568,민소매티셔츠,STD_008567,3,의류/언더웨어 > 여성티셔츠 > 민소매티셔츠
STD_008569,서비스이용권,STD_008567,3,의류/언더웨어 > 여성티셔츠 > 서비스이용권
STD_008570,칼라넥/터틀넥티셔츠,STD_008567,3,의류/언더웨어 > 여성티셔츠 > 칼라넥/터틀넥티셔츠
STD_008571,후드/맨투맨티셔츠,STD_008567,3,의류/언더웨어 > 여성티셔츠 > 후드/맨투맨티셔츠
STD_008574,이베이쇼핑,ROOT,1,이베이쇼핑
STD_008573,이베이쇼핑,STD_008574,2,이베이쇼핑 > 이베이쇼핑
STD_008572,이베이쇼핑,STD_008573,3,이베이쇼핑 > 이베이쇼핑 > 이베이쇼핑
STD_008577,자동차용품,ROOT,1,자동차용품
STD_008576,공동구매,STD_008577,2,자동차용품 > 공동구매
STD_008575,동호회,STD_008576,3,자동차용품 > 공동구매 > 동호회
STD_008579,내비게이션/블랙박스,STD_008577,2,자동차용품 > 내비게이션/블랙박스
STD_008578,HUD,STD_008579,3,자동차용품 > 내비게이션/블랙박스 > HUD
STD_008580,내비게이션,STD_008579,3,자동차용품 > 내비게이션/블랙박스 > 내비게이션
STD_008581,내비게이션용품,STD_008579,3,자동차용품 > 내비게이션/블랙박스 > 내비게이션용품
STD_008582,블랙박스,STD_008579,3,자동차용품 > 내비게이션/블랙박스 > 블랙박스
STD_008583,블랙박스용품,STD_008579,3,자동차용품 > 내비게이션/블랙박스 > 블랙박스용품
STD_008585,모터바이크,STD_008577,2,자동차용품 > 모터바이크
STD_008584,ATV/사륜,STD_008585,3,자동차용품 > 모터바이크 > ATV/사륜
STD_008586,기타모터바이크,STD_008585,3,자동차용품 > 모터바이크 > 기타모터바이크
STD_008587,스쿠터,STD_008585,3,자동차용품 > 모터바이크 > 스쿠터
STD_008588,오토바이,STD_008585,3,자동차용품 > 모터바이크 > 오토바이
STD_008590,모터바이크용품,STD_008577,2,자동차용품 > 모터바이크용품
STD_008589,기타모터바이크용품,STD_008590,3,자동차용품 > 모터바이크용품 > 기타모터바이크용품
STD_008591,리어백,STD_008590,3,자동차용품 > 모터바이크용품 > 리어백
STD_008592,오토바이램프,STD_008590,3,자동차용품 > 모터바이크용품 > 오토바이램프
STD_008593,오토바이방한용품,STD_008590,3,자동차용품 > 모터바이크용품 > 오토바이방한용품
STD_008594,오토바이배터리,STD_008590,3,자동차용품 > 모터바이크용품 > 오토바이배터리
STD_008595,오토바이보호대,STD_008590,3,자동차용품 > 모터바이크용품 > 오토바이보호대
STD_008596,오토바이엔진오일,STD_008590,3,자동차용품 > 모터바이크용품 > 오토바이엔진오일
STD_008597,오토바이장갑,STD_008590,3,자동차용품 > 모터바이크용품 > 오토바이장갑
STD_008598,오토바이커버,STD_008590,3,자동차용품 > 모터바이크용품 > 오토바이커버
STD_008599,오토바이타이어,STD_008590,3,자동차용품 > 모터바이크용품 > 오토바이타이어
STD_008600,오토바이튜닝용품,STD_008590,3,자동차용품 > 모터바이크용품 > 오토바이튜닝용품
STD_008601,오토바이헬멧,STD_008590,3,자동차용품 > 모터바이크용품 > 오토바이헬멧
STD_008603,모터바이크의류,STD_008577,2,자동차용품 > 모터바이크의류
STD_008602,바이크부츠,STD_008603,3,자동차용품 > 모터바이크의류 > 바이크부츠
STD_008604,바이크슈트세트,STD_008603,3,자동차용품 > 모터바이크의류 > 바이크슈트세트
STD_008605,바이크자켓/점퍼,STD_008603,3,자동차용품 > 모터바이크의류 > 바이크자켓/점퍼
STD_008606,바이크팬츠,STD_008603,3,자동차용품 > 모터바이크의류 > 바이크팬츠
STD_008608,세차용품,STD_008577,2,자동차용품 > 세차용품
STD_008607,기타세차용품,STD_008608,3,자동차용품 > 세차용품 > 기타세차용품
STD_008609,김서림방지제,STD_008608,3,자동차용품 > 세차용품 > 김서림방지제
STD_008610,성에방지커버/자동차커버,STD_008608,3,자동차용품 > 세차용품 > 성에방지커버/자동차커버
STD_008611,성에제거기,STD_008608,3,자동차용품 > 세차용품 > 성에제거기
STD_008612,세차용품세트,STD_008608,3,자동차용품 > 세차용품 > 세차용품세트
STD_008613,세차타월/장갑,STD_008608,3,자동차용품 > 세차용품 > 세차타월/장갑
STD_008614,스티커/녹제거제,STD_008608,3,자동차용품 > 세차용품 > 스티커/녹제거제
STD_008615,유리세정/발수코팅제,STD_008608,3,자동차용품 > 세차용품 > 유리세정/발수코팅제
STD_008616,자동차광택기,STD_008608,3,자동차용품 > 세차용품 > 자동차광택기
STD_008617,자동차먼지떨이개,STD_008608,3,자동차용품 > 세차용품 > 자동차먼지떨이개
STD_008618,자동차왁스/광택제,STD_008608,3,자동차용품 > 세차용품 > 자동차왁스/광택제
STD_008619,자동차청소기,STD_008608,3,자동차용품 > 세차용품 > 자동차청소기
STD_008620,자동차커버,STD_008608,3,자동차용품 > 세차용품 > 자동차커버
STD_008621,차량용컴파운드,STD_008608,3,자동차용품 > 세차용품 > 차량용컴파운드
STD_008622,카샴푸,STD_008608,3,자동차용품 > 세차용품 > 카샴푸
STD_008623,타이어/휠세정제,STD_008608,3,자동차용품 > 세차용품 > 타이어/휠세정제
STD_008625,자동차DIY용품,STD_008577,2,자동차용품 > 자동차DIY용품
STD_008624,기타자동차DIY용품,STD_008625,3,자동차용품 > 자동차DIY용품 > 기타자동차DIY용품
STD_008626,썬팅필름,STD_008625,3,자동차용품 > 자동차DIY용품 > 썬팅필름
STD_008627,자동차방음/방진재,STD_008625,3,자동차용품 > 자동차DIY용품 > 자동차방음/방진재
STD_008628,자동차시트지,STD_008625,3,자동차용품 > 자동차DIY용품 > 자동차시트지
STD_008629,자동차인테리어몰딩,STD_008625,3,자동차용품 > 자동차DIY용품 > 자동차인테리어몰딩
STD_008630,자동차페인트,STD_008625,3,자동차용품 > 자동차DIY용품 > 자동차페인트
STD_008632,자동차공기청정용품,STD_008577,2,자동차용품 > 자동차공기청정용품
STD_008631,자동차가습기,STD_008632,3,자동차용품 > 자동차공기청정용품 > 자동차가습기
STD_008633,자동차공기청정기,STD_008632,3,자동차용품 > 자동차공기청정용품 > 자동차공기청정기
STD_008634,자동차디퓨저,STD_008632,3,자동차용품 > 자동차공기청정용품 > 자동차디퓨저
STD_008635,자동차방향제,STD_008632,3,자동차용품 > 자동차공기청정용품 > 자동차방향제
STD_008636,자동차탈취제,STD_008632,3,자동차용품 > 자동차공기청정용품 > 자동차탈취제
STD_008638,자동차관리용품,STD_008577,2,자동차용품 > 자동차관리용품
STD_008637,기타자동차관리용품,STD_008638,3,자동차용품 > 자동차관리용품 > 기타자동차관리용품
STD_008639,자동차공구,STD_008638,3,자동차용품 > 자동차관리용품 > 자동차공구
STD_008641,자동차램프,STD_008577,2,자동차용품 > 자동차램프
STD_008640,계기판램프,STD_008641,3,자동차용품 > 자동차램프 > 계기판램프
STD_008642,미등,STD_008641,3,자동차용품 > 자동차램프 > 미등
STD_008643,방향지시등,STD_008641,3,자동차용품 > 자동차램프 > 방향지시등
STD_008644,실내등,STD_008641,3,자동차용품 > 자동차램프 > 실내등
STD_008645,안개등,STD_008641,3,자동차용품 > 자동차램프 > 안개등
STD_008646,자동차램프용품,STD_008641,3,자동차용품 > 자동차램프 > 자동차램프용품
STD_008647,자동차서치라이트,STD_008641,3,자동차용품 > 자동차램프 > 자동차서치라이트
STD_008648,전조등,STD_008641,3,자동차용품 > 자동차램프 > 전조등
STD_008649,후미등,STD_008641,3,자동차용품 > 자동차램프 > 후미등
STD_008651,자동차매트/시트/쿠션,STD_008577,2,자동차용품 > 자동차매트/시트/쿠션
STD_008650,자동차놀이방매트,STD_008651,3,자동차용품 > 자동차매트/시트/쿠션 > 자동차놀이방매트
STD_008652,자동차바닥매트,STD_008651,3,자동차용품 > 자동차매트/시트/쿠션 > 자동차바닥매트
STD_008653,자동차방석,STD_008651,3,자동차용품 > 자동차매트/시트/쿠션 > 자동차방석
STD_008654,자동차시트/커버,STD_008651,3,자동차용품 > 자동차매트/시트/쿠션 > 자동차시트/커버
STD_008655,자동차쿠션,STD_008651,3,자동차용품 > 자동차매트/시트/쿠션 > 자동차쿠션
STD_008656,트렁크매트,STD_008651,3,자동차용품 > 자동차매트/시트/쿠션 > 트렁크매트
STD_008658,자동차모바일용품,STD_008577,2,자동차용품 > 자동차모바일용품
STD_008657,기타자동차모바일용품,STD_008658,3,자동차용품 > 자동차모바일용품 > 기타자동차모바일용품
STD_008659,차량용거치대,STD_008658,3,자동차용품 > 자동차모바일용품 > 차량용거치대
STD_008660,차량용충전기,STD_008658,3,자동차용품 > 자동차모바일용품 > 차량용충전기
STD_008662,자동차배터리,STD_008577,2,자동차용품 > 자동차배터리
STD_008661,배터리점프선,STD_008662,3,자동차용품 > 자동차배터리 > 배터리점프선
STD_008663,배터리충전기/점프스타터,STD_008662,3,자동차용품 > 자동차배터리 > 배터리충전기/점프스타터
STD_008664,자동차배터리,STD_008662,3,자동차용품 > 자동차배터리 > 자동차배터리
STD_008666,자동차부품/튜닝용품,STD_008577,2,자동차용품 > 자동차부품/튜닝용품
STD_008665,기타자동차튜닝용품,STD_008666,3,자동차용품 > 자동차부품/튜닝용품 > 기타자동차튜닝용품
STD_008667,배기부품,STD_008666,3,자동차용품 > 자동차부품/튜닝용품 > 배기부품
STD_008668,브레이크,STD_008666,3,자동차용품 > 자동차부품/튜닝용품 > 브레이크
STD_008669,서스펜션,STD_008666,3,자동차용품 > 자동차부품/튜닝용품 > 서스펜션
STD_008670,엔진/흡기부품,STD_008666,3,자동차용품 > 자동차부품/튜닝용품 > 엔진/흡기부품
STD_008672,자동차수납용품,STD_008577,2,자동차용품 > 자동차수납용품
STD_008671,CD바이저,STD_008672,3,자동차용품 > 자동차수납용품 > CD바이저
STD_008673,기타자동차수납용품,STD_008672,3,자동차용품 > 자동차수납용품 > 기타자동차수납용품
STD_008674,루프백/루프박스,STD_008672,3,자동차용품 > 자동차수납용품 > 루프백/루프박스
STD_008675,자동차옷걸이/후크,STD_008672,3,자동차용품 > 자동차수납용품 > 자동차옷걸이/후크
STD_008676,자동차우산걸이,STD_008672,3,자동차용품 > 자동차수납용품 > 자동차우산걸이
STD_008677,자동차콘솔박스,STD_008672,3,자동차용품 > 자동차수납용품 > 자동차콘솔박스
STD_008678,자동차포켓/테이블,STD_008672,3,자동차용품 > 자동차수납용품 > 자동차포켓/테이블
STD_008679,차량용캐리어,STD_008672,3,자동차용품 > 자동차수납용품 > 차량용캐리어
STD_008680,차량용홀더/클립,STD_008672,3,자동차용품 > 자동차수납용품 > 차량용홀더/클립
STD_008681,차량용휴지통,STD_008672,3,자동차용품 > 자동차수납용품 > 차량용휴지통
STD_008682,트렁크네트,STD_008672,3,자동차용품 > 자동차수납용품 > 트렁크네트
STD_008683,트렁크정리함,STD_008672,3,자동차용품 > 자동차수납용품 > 트렁크정리함
STD_008685,자동차안전/편의용품,STD_008577,2,자동차용품 > 자동차안전/편의용품
STD_008684,기타자동차안전용품,STD_008685,3,자동차용품 > 자동차안전/편의용품 > 기타자동차안전용품
STD_008686,기타자동차편의용품,STD_008685,3,자동차용품 > 자동차안전/편의용품 > 기타자동차편의용품
STD_008687,스노우체인,STD_008685,3,자동차용품 > 자동차안전/편의용품 > 스노우체인
STD_008688,자동차냉온장고,STD_008685,3,자동차용품 > 자동차안전/편의용품 > 자동차냉온장고
STD_008690,자동차오일/첨가제,STD_008577,2,자동차용품 > 자동차오일/첨가제
STD_008689,기타자동차오일/첨가제,STD_008690,3,자동차용품 > 자동차오일/첨가제 > 기타자동차오일/첨가제
STD_008691,미션오일,STD_008690,3,자동차용품 > 자동차오일/첨가제 > 미션오일
STD_008692,미션오일첨가제,STD_008690,3,자동차용품 > 자동차오일/첨가제 > 미션오일첨가제
STD_008693,부동액,STD_008690,3,자동차용품 > 자동차오일/첨가제 > 부동액
STD_008694,브레이크오일,STD_008690,3,자동차용품 > 자동차오일/첨가제 > 브레이크오일
STD_008695,엔진오일,STD_008690,3,자동차용품 > 자동차오일/첨가제 > 엔진오일
STD_008696,엔진오일첨가제,STD_008690,3,자동차용품 > 자동차오일/첨가제 > 엔진오일첨가제
STD_008697,연료첨가제,STD_008690,3,자동차용품 > 자동차오일/첨가제 > 연료첨가제
STD_008698,연비향상오일,STD_008690,3,자동차용품 > 자동차오일/첨가제 > 연비향상오일
STD_008699,요소수/기타첨가제,STD_008690,3,자동차용품 > 자동차오일/첨가제 > 요소수/기타첨가제
STD_008701,자동차전기/장치,STD_008577,2,자동차용품 > 자동차전기/장치
STD_008700,계기판용품,STD_008701,3,자동차용품 > 자동차전기/장치 > 계기판용품
STD_008702,기타자동차전장부품,STD_008701,3,자동차용품 > 자동차전기/장치 > 기타자동차전장부품
STD_008703,릴레이,STD_008701,3,자동차용품 > 자동차전기/장치 > 릴레이
STD_008704,배선/접지/휴즈,STD_008701,3,자동차용품 > 자동차전기/장치 > 배선/접지/휴즈
STD_008705,시거잭/멀티소켓,STD_008701,3,자동차용품 > 자동차전기/장치 > 시거잭/멀티소켓
STD_008706,자동차게이지,STD_008701,3,자동차용품 > 자동차전기/장치 > 자동차게이지
STD_008707,자동차인버터/컨버터,STD_008701,3,자동차용품 > 자동차전기/장치 > 자동차인버터/컨버터
STD_008708,전류전압안전용품,STD_008701,3,자동차용품 > 자동차전기/장치 > 전류전압안전용품
STD_008709,점화케이블,STD_008701,3,자동차용품 > 자동차전기/장치 > 점화케이블
STD_008710,점화플러그,STD_008701,3,자동차용품 > 자동차전기/장치 > 점화플러그
STD_008711,크락션,STD_008701,3,자동차용품 > 자동차전기/장치 > 크락션
STD_008713,자동차카메라/감지기,STD_008577,2,자동차용품 > 자동차카메라/감지기
STD_008712,자동차카메라/감지기용품,STD_008713,3,자동차용품 > 자동차카메라/감지기 > 자동차카메라/감지기용품
STD_008714,전방/후방감지기,STD_008713,3,자동차용품 > 자동차카메라/감지기 > 전방/후방감지기
STD_008715,전방/후방카메라,STD_008713,3,자동차용품 > 자동차카메라/감지기 > 전방/후방카메라
STD_008717,자동차키용품,STD_008577,2,자동차용품 > 자동차키용품
STD_008716,스마트키,STD_008717,3,자동차용품 > 자동차키용품 > 스마트키
STD_008718,시동경보기,STD_008717,3,자동차용품 > 자동차키용품 > 시동경보기
STD_008719,자동차키케이스,STD_008717,3,자동차용품 > 자동차키용품 > 자동차키케이스
STD_008720,자동차키홀더,STD_008717,3,자동차용품 > 자동차키용품 > 자동차키홀더
STD_008721,폴딩키,STD_008717,3,자동차용품 > 자동차키용품 > 폴딩키
STD_008723,자동차필터/소모품,STD_008577,2,자동차용품 > 자동차필터/소모품
STD_008722,와이퍼,STD_008723,3,자동차용품 > 자동차필터/소모품 > 와이퍼
STD_008724,자동차에어컨/히터필터,STD_008723,3,자동차용품 > 자동차필터/소모품 > 자동차에어컨/히터필터
STD_008725,자동차오일필터,STD_008723,3,자동차용품 > 자동차필터/소모품 > 자동차오일필터
STD_008726,자동차워셔액,STD_008723,3,자동차용품 > 자동차필터/소모품 > 자동차워셔액
STD_008728,카오디오/카AV,STD_008577,2,자동차용품 > 카오디오/카AV
STD_008727,자동차CD/DVD플레이어,STD_008728,3,자동차용품 > 카오디오/카AV > 자동차CD/DVD플레이어
STD_008729,자동차TV/모니터,STD_008728,3,자동차용품 > 카오디오/카AV > 자동차TV/모니터
STD_008730,자동차스피커,STD_008728,3,자동차용품 > 카오디오/카AV > 자동차스피커
STD_008731,자동차앰프,STD_008728,3,자동차용품 > 카오디오/카AV > 자동차앰프
STD_008732,자동차우퍼,STD_008728,3,자동차용품 > 카오디오/카AV > 자동차우퍼
STD_008733,카오디오,STD_008728,3,자동차용품 > 카오디오/카AV > 카오디오
STD_008734,카오디오/AV용품,STD_008728,3,자동차용품 > 카오디오/카AV > 카오디오/AV용품
STD_008735,카팩/핸즈프리,STD_008728,3,자동차용품 > 카오디오/카AV > 카팩/핸즈프리
STD_008737,카익스테리어용품,STD_008577,2,자동차용품 > 카익스테리어용품
STD_008736,기타 카익스테리어용품,STD_008737,3,자동차용품 > 카익스테리어용품 > 기타 카익스테리어용품
STD_008738,도어가드,STD_008737,3,자동차용품 > 카익스테리어용품 > 도어가드
STD_008739,리어스포일러,STD_008737,3,자동차용품 > 카익스테리어용품 > 리어스포일러
STD_008740,번호판용품,STD_008737,3,자동차용품 > 카익스테리어용품 > 번호판용품
STD_008741,범퍼가드,STD_008737,3,자동차용품 > 카익스테리어용품 > 범퍼가드
STD_008742,선바이저,STD_008737,3,자동차용품 > 카익스테리어용품 > 선바이저
STD_008743,안전거울,STD_008737,3,자동차용품 > 카익스테리어용품 > 안전거울
STD_008744,에어로파츠,STD_008737,3,자동차용품 > 카익스테리어용품 > 에어로파츠
STD_008745,자동차스티커,STD_008737,3,자동차용품 > 카익스테리어용품 > 자동차스티커
STD_008746,자동차안테나,STD_008737,3,자동차용품 > 카익스테리어용품 > 자동차안테나
STD_008747,자동차엠블럼,STD_008737,3,자동차용품 > 카익스테리어용품 > 자동차엠블럼
STD_008748,자동차외장몰딩,STD_008737,3,자동차용품 > 카익스테리어용품 > 자동차외장몰딩
STD_008749,정전기방지용품,STD_008737,3,자동차용품 > 카익스테리어용품 > 정전기방지용품
STD_008750,주유구커버,STD_008737,3,자동차용품 > 카익스테리어용품 > 주유구커버
STD_008751,후사경,STD_008737,3,자동차용품 > 카익스테리어용품 > 후사경
STD_008753,카인테리어용품,STD_008577,2,자동차용품 > 카인테리어용품
STD_008752,기어봉/기어커버,STD_008753,3,자동차용품 > 카인테리어용품 > 기어봉/기어커버
STD_008754,기타 카인테리어용품,STD_008753,3,자동차용품 > 카인테리어용품 > 기타 카인테리어용품
STD_008755,대시보드커버,STD_008753,3,자동차용품 > 카인테리어용품 > 대시보드커버
STD_008756,룸미러,STD_008753,3,자동차용품 > 카인테리어용품 > 룸미러
STD_008757,안전벨트쿠션/커버,STD_008753,3,자동차용품 > 카인테리어용품 > 안전벨트쿠션/커버
STD_008758,자동차페달,STD_008753,3,자동차용품 > 카인테리어용품 > 자동차페달
STD_008759,자동차햇빛가리개,STD_008753,3,자동차용품 > 카인테리어용품 > 자동차햇빛가리개
STD_008760,주차번호판,STD_008753,3,자동차용품 > 카인테리어용품 > 주차번호판
STD_008761,파워핸들,STD_008753,3,자동차용품 > 카인테리어용품 > 파워핸들
STD_008762,핸들커버,STD_008753,3,자동차용품 > 카인테리어용품 > 핸들커버
STD_008764,타이어/휠,STD_008577,2,자동차용품 > 타이어/휠
STD_008763,자동차휠,STD_008764,3,자동차용품 > 타이어/휠 > 자동차휠
STD_008765,자동차휠용품,STD_008764,3,자동차용품 > 타이어/휠 > 자동차휠용품
STD_008766,타이어,STD_008764,3,자동차용품 > 타이어/휠 > 타이어
STD_008767,타이어용품,STD_008764,3,자동차용품 > 타이어/휠 > 타이어용품
STD_008769,하이패스/GPS,STD_008577,2,자동차용품 > 하이패스/GPS
STD_008768,자동차GPS,STD_008769,3,자동차용품 > 하이패스/GPS > 자동차GPS
STD_008770,하이패스,STD_008769,3,자동차용품 > 하이패스/GPS > 하이패스
STD_008771,하이패스/GPS용품,STD_008769,3,자동차용품 > 하이패스/GPS > 하이패스/GPS용품
STD_008774,자전거/보드/기타레저,ROOT,1,자전거/보드/기타레저
STD_008773,기타레저스포츠,STD_008774,2,자전거/보드/기타레저 > 기타레저스포츠
STD_008772,사격/사냥용품,STD_008773,3,자전거/보드/기타레저 > 기타레저스포츠 > 사격/사냥용품
STD_008775,서핑보드용품,STD_008773,3,자전거/보드/기타레저 > 기타레저스포츠 > 서핑보드용품
STD_008776,수상스키/웨이크용품,STD_008773,3,자전거/보드/기타레저 > 기타레저스포츠 > 수상스키/웨이크용품
STD_008777,승마용품,STD_008773,3,자전거/보드/기타레저 > 기타레저스포츠 > 승마용품
STD_008778,아이스스케이트,STD_008773,3,자전거/보드/기타레저 > 기타레저스포츠 > 아이스스케이트
STD_008779,아이스하키용품,STD_008773,3,자전거/보드/기타레저 > 기타레저스포츠 > 아이스하키용품
STD_008781,서바이벌게임,STD_008774,2,자전거/보드/기타레저 > 서바이벌게임
STD_008780,기타서바이벌용품,STD_008781,3,자전거/보드/기타레저 > 서바이벌게임 > 기타서바이벌용품
STD_008782,서바이벌건,STD_008781,3,자전거/보드/기타레저 > 서바이벌게임 > 서바이벌건
STD_008783,서바이벌의류/보호장비,STD_008781,3,자전거/보드/기타레저 > 서바이벌게임 > 서바이벌의류/보호장비
STD_008785,스케이트/보드,STD_008774,2,자전거/보드/기타레저 > 스케이트/보드
STD_008784,롤러스케이트,STD_008785,3,자전거/보드/기타레저 > 스케이트/보드 > 롤러스케이트
STD_008786,스케이트/보드용품,STD_008785,3,자전거/보드/기타레저 > 스케이트/보드 > 스케이트/보드용품
STD_008787,스케이트보드,STD_008785,3,자전거/보드/기타레저 > 스케이트/보드 > 스케이트보드
STD_008788,인라인스케이트,STD_008785,3,자전거/보드/기타레저 > 스케이트/보드 > 인라인스케이트
STD_008789,킥보드,STD_008785,3,자전거/보드/기타레저 > 스케이트/보드 > 킥보드
STD_008791,스키/스노보드용품,STD_008774,2,자전거/보드/기타레저 > 스키/스노보드용품
STD_008790,기타스키/보드용품,STD_008791,3,자전거/보드/기타레저 > 스키/스노보드용품 > 기타스키/보드용품
STD_008792,스키/보드가방,STD_008791,3,자전거/보드/기타레저 > 스키/스노보드용품 > 스키/보드가방
STD_008793,스키/보드고글,STD_008791,3,자전거/보드/기타레저 > 스키/스노보드용품 > 스키/보드고글
STD_008794,스키/보드보호대,STD_008791,3,자전거/보드/기타레저 > 스키/스노보드용품 > 스키/보드보호대
STD_008795,스키/보드양말,STD_008791,3,자전거/보드/기타레저 > 스키/스노보드용품 > 스키/보드양말
STD_008796,스키/보드장갑,STD_008791,3,자전거/보드/기타레저 > 스키/스노보드용품 > 스키/보드장갑
STD_008797,스키/보드헬멧,STD_008791,3,자전거/보드/기타레저 > 스키/스노보드용품 > 스키/보드헬멧
STD_008799,스키/스노보드의류,STD_008774,2,자전거/보드/기타레저 > 스키/스노보드의류
STD_008798,보드복상의,STD_008799,3,자전거/보드/기타레저 > 스키/스노보드의류 > 보드복상의
STD_008800,보드복세트,STD_008799,3,자전거/보드/기타레저 > 스키/스노보드의류 > 보드복세트
STD_008801,보드복하의,STD_008799,3,자전거/보드/기타레저 > 스키/스노보드의류 > 보드복하의
STD_008802,스키복상의,STD_008799,3,자전거/보드/기타레저 > 스키/스노보드의류 > 스키복상의
STD_008803,스키복세트,STD_008799,3,자전거/보드/기타레저 > 스키/스노보드의류 > 스키복세트
STD_008804,스키복하의,STD_008799,3,자전거/보드/기타레저 > 스키/스노보드의류 > 스키복하의
STD_008806,스키/스노보드장비,STD_008774,2,자전거/보드/기타레저 > 스키/스노보드장비
STD_008805,스노보드데크,STD_008806,3,자전거/보드/기타레저 > 스키/스노보드장비 > 스노보드데크
STD_008807,스노보드바인딩,STD_008806,3,자전거/보드/기타레저 > 스키/스노보드장비 > 스노보드바인딩
STD_008808,스노보드부츠,STD_008806,3,자전거/보드/기타레저 > 스키/스노보드장비 > 스노보드부츠
STD_008809,스노보드세트,STD_008806,3,자전거/보드/기타레저 > 스키/스노보드장비 > 스노보드세트
STD_008810,스키부츠,STD_008806,3,자전거/보드/기타레저 > 스키/스노보드장비 > 스키부츠
STD_008811,스키세트,STD_008806,3,자전거/보드/기타레저 > 스키/스노보드장비 > 스키세트
STD_008812,스키폴,STD_008806,3,자전거/보드/기타레저 > 스키/스노보드장비 > 스키폴
STD_008813,스키플레이트,STD_008806,3,자전거/보드/기타레저 > 스키/스노보드장비 > 스키플레이트
STD_008815,자전거,STD_008774,2,자전거/보드/기타레저 > 자전거
STD_008814,MTB자전거,STD_008815,3,자전거/보드/기타레저 > 자전거 > MTB자전거
STD_008816,기타자전거,STD_008815,3,자전거/보드/기타레저 > 자전거 > 기타자전거
STD_008817,로드자전거,STD_008815,3,자전거/보드/기타레저 > 자전거 > 로드자전거
STD_008818,미니벨로,STD_008815,3,자전거/보드/기타레저 > 자전거 > 미니벨로
STD_008819,아동자전거,STD_008815,3,자전거/보드/기타레저 > 자전거 > 아동자전거
STD_008820,일반자전거,STD_008815,3,자전거/보드/기타레저 > 자전거 > 일반자전거
STD_008821,클래식자전거,STD_008815,3,자전거/보드/기타레저 > 자전거 > 클래식자전거
STD_008822,픽시자전거,STD_008815,3,자전거/보드/기타레저 > 자전거 > 픽시자전거
STD_008823,하이브리드자전거,STD_008815,3,자전거/보드/기타레저 > 자전거 > 하이브리드자전거
STD_008825,자전거부품,STD_008774,2,자전거/보드/기타레저 > 자전거부품
STD_008824,기타자전거부품,STD_008825,3,자전거/보드/기타레저 > 자전거부품 > 기타자전거부품
STD_008826,바엔드/그립,STD_008825,3,자전거/보드/기타레저 > 자전거부품 > 바엔드/그립
STD_008827,자전거기어,STD_008825,3,자전거/보드/기타레저 > 자전거부품 > 자전거기어
STD_008828,자전거변속기,STD_008825,3,자전거/보드/기타레저 > 자전거부품 > 자전거변속기
STD_008829,자전거보조바퀴,STD_008825,3,자전거/보드/기타레저 > 자전거부품 > 자전거보조바퀴
STD_008830,자전거브레이크,STD_008825,3,자전거/보드/기타레저 > 자전거부품 > 자전거브레이크
STD_008831,자전거스탠드,STD_008825,3,자전거/보드/기타레저 > 자전거부품 > 자전거스탠드
STD_008832,자전거스템,STD_008825,3,자전거/보드/기타레저 > 자전거부품 > 자전거스템
STD_008833,자전거안장,STD_008825,3,자전거/보드/기타레저 > 자전거부품 > 자전거안장
STD_008834,자전거체인,STD_008825,3,자전거/보드/기타레저 > 자전거부품 > 자전거체인
STD_008835,자전거타이어,STD_008825,3,자전거/보드/기타레저 > 자전거부품 > 자전거타이어
STD_008836,자전거튜브,STD_008825,3,자전거/보드/기타레저 > 자전거부품 > 자전거튜브
STD_008837,자전거프레임/포크,STD_008825,3,자전거/보드/기타레저 > 자전거부품 > 자전거프레임/포크
STD_008838,자전거핸들바,STD_008825,3,자전거/보드/기타레저 > 자전거부품 > 자전거핸들바
STD_008839,자전거휠셋/림,STD_008825,3,자전거/보드/기타레저 > 자전거부품 > 자전거휠셋/림
STD_008840,저전거기어,STD_008825,3,자전거/보드/기타레저 > 자전거부품 > 저전거기어
STD_008841,클릿/페달,STD_008825,3,자전거/보드/기타레저 > 자전거부품 > 클릿/페달
STD_008843,자전거용품,STD_008774,2,자전거/보드/기타레저 > 자전거용품
STD_008842,기타자전거용품,STD_008843,3,자전거/보드/기타레저 > 자전거용품 > 기타자전거용품
STD_008844,물통/케이지,STD_008843,3,자전거/보드/기타레저 > 자전거용품 > 물통/케이지
STD_008845,속도계/벨/백미러,STD_008843,3,자전거/보드/기타레저 > 자전거용품 > 속도계/벨/백미러
STD_008846,자전거가방,STD_008843,3,자전거/보드/기타레저 > 자전거용품 > 자전거가방
STD_008847,자전거거치대,STD_008843,3,자전거/보드/기타레저 > 자전거용품 > 자전거거치대
STD_008848,자전거공구,STD_008843,3,자전거/보드/기타레저 > 자전거용품 > 자전거공구
STD_008849,자전거라이트,STD_008843,3,자전거/보드/기타레저 > 자전거용품 > 자전거라이트
STD_008850,자전거바구니,STD_008843,3,자전거/보드/기타레저 > 자전거용품 > 자전거바구니
STD_008851,자전거보관거치대,STD_008843,3,자전거/보드/기타레저 > 자전거용품 > 자전거보관거치대
STD_008852,자전거보호장비,STD_008843,3,자전거/보드/기타레저 > 자전거용품 > 자전거보호장비
STD_008853,자전거세척용품,STD_008843,3,자전거/보드/기타레저 > 자전거용품 > 자전거세척용품
STD_008854,자전거오일/윤활유,STD_008843,3,자전거/보드/기타레저 > 자전거용품 > 자전거오일/윤활유
STD_008855,자전거자물쇠/잠금장치,STD_008843,3,자전거/보드/기타레저 > 자전거용품 > 자전거자물쇠/잠금장치
STD_008856,자전거캐리어,STD_008843,3,자전거/보드/기타레저 > 자전거용품 > 자전거캐리어
STD_008857,자전거트레일러,STD_008843,3,자전거/보드/기타레저 > 자전거용품 > 자전거트레일러
STD_008858,자전거펌프,STD_008843,3,자전거/보드/기타레저 > 자전거용품 > 자전거펌프
STD_008859,자전거헬멧,STD_008843,3,자전거/보드/기타레저 > 자전거용품 > 자전거헬멧
STD_008860,짐받이/흙받이,STD_008843,3,자전거/보드/기타레저 > 자전거용품 > 짐받이/흙받이
STD_008861,펑크패치,STD_008843,3,자전거/보드/기타레저 > 자전거용품 > 펑크패치
STD_008863,자전거의류/잡화,STD_008774,2,자전거/보드/기타레저 > 자전거의류/잡화
STD_008862,기타자전거잡화,STD_008863,3,자전거/보드/기타레저 > 자전거의류/잡화 > 기타자전거잡화
STD_008864,빕/빕숏,STD_008863,3,자전거/보드/기타레저 > 자전거의류/잡화 > 빕/빕숏
STD_008865,자전거복상의,STD_008863,3,자전거/보드/기타레저 > 자전거의류/잡화 > 자전거복상의
STD_008866,자전거복상하세트,STD_008863,3,자전거/보드/기타레저 > 자전거의류/잡화 > 자전거복상하세트
STD_008867,자전거복하의,STD_008863,3,자전거/보드/기타레저 > 자전거의류/잡화 > 자전거복하의
STD_008868,자전거신발,STD_008863,3,자전거/보드/기타레저 > 자전거의류/잡화 > 자전거신발
STD_008869,자전거장갑,STD_008863,3,자전거/보드/기타레저 > 자전거의류/잡화 > 자전거장갑
STD_008870,쪽모자/조각모,STD_008863,3,자전거/보드/기타레저 > 자전거의류/잡화 > 쪽모자/조각모
STD_008872,전동/전기레저,STD_008774,2,자전거/보드/기타레저 > 전동/전기레저
STD_008871,전기자전거,STD_008872,3,자전거/보드/기타레저 > 전동/전기레저 > 전기자전거
STD_008873,전동킥보드,STD_008872,3,자전거/보드/기타레저 > 전동/전기레저 > 전동킥보드
STD_008874,전동휠,STD_008872,3,자전거/보드/기타레저 > 전동/전기레저 > 전동휠
STD_008875,전용배터리/용품,STD_008872,3,자전거/보드/기타레저 > 전동/전기레저 > 전용배터리/용품
STD_008878,자전거/스키/레저,ROOT,1,자전거/스키/레저
STD_008877,기타,STD_008878,2,자전거/스키/레저 > 기타
STD_008876,기타,STD_008877,3,자전거/스키/레저 > 기타 > 기타
STD_008880,기타레저용품,STD_008878,2,자전거/스키/레저 > 기타레저용품
STD_008879,기타용품,STD_008880,3,자전거/스키/레저 > 기타레저용품 > 기타용품
STD_008881,사격/사냥용품,STD_008880,3,자전거/스키/레저 > 기타레저용품 > 사격/사냥용품
STD_008882,승마용품,STD_008880,3,자전거/스키/레저 > 기타레저용품 > 승마용품
STD_008884,서바이벌게임,STD_008878,2,자전거/스키/레저 > 서바이벌게임
STD_008883,기타서바이벌용품,STD_008884,3,자전거/스키/레저 > 서바이벌게임 > 기타서바이벌용품
STD_008885,서바이벌건,STD_008884,3,자전거/스키/레저 > 서바이벌게임 > 서바이벌건
STD_008886,서바이벌의류/보호장비,STD_008884,3,자전거/스키/레저 > 서바이벌게임 > 서바이벌의류/보호장비
STD_008888,스케이트/킥보드,STD_008878,2,자전거/스키/레저 > 스케이트/킥보드
STD_008887,롱보드,STD_008888,3,자전거/스키/레저 > 스케이트/킥보드 > 롱보드
STD_008889,성인용보호/안전장비,STD_008888,3,자전거/스키/레저 > 스케이트/킥보드 > 성인용보호/안전장비
STD_008890,성인용스케이트보드,STD_008888,3,자전거/스키/레저 > 스케이트/킥보드 > 성인용스케이트보드
STD_008891,스케이트보드용품,STD_008888,3,자전거/스키/레저 > 스케이트/킥보드 > 스케이트보드용품
STD_008892,아동용보호/안전장비,STD_008888,3,자전거/스키/레저 > 스케이트/킥보드 > 아동용보호/안전장비
STD_008893,아동용스케이트보드,STD_008888,3,자전거/스키/레저 > 스케이트/킥보드 > 아동용스케이트보드
STD_008894,에스보드,STD_008888,3,자전거/스키/레저 > 스케이트/킥보드 > 에스보드
STD_008895,크루져보드,STD_008888,3,자전거/스키/레저 > 스케이트/킥보드 > 크루져보드
STD_008896,킥보드,STD_008888,3,자전거/스키/레저 > 스케이트/킥보드 > 킥보드
STD_008897,킥보드바퀴,STD_008888,3,자전거/스키/레저 > 스케이트/킥보드 > 킥보드바퀴
STD_008899,스케이팅/눈썰매,STD_008878,2,자전거/스키/레저 > 스케이팅/눈썰매
STD_008898,눈썰매,STD_008899,3,자전거/스키/레저 > 스케이팅/눈썰매 > 눈썰매
STD_008900,아이스/스피드스케이트,STD_008899,3,자전거/스키/레저 > 스케이팅/눈썰매 > 아이스/스피드스케이트
STD_008901,아이스하키용품,STD_008899,3,자전거/스키/레저 > 스케이팅/눈썰매 > 아이스하키용품
STD_008902,피겨스케이트용품,STD_008899,3,자전거/스키/레저 > 스케이팅/눈썰매 > 피겨스케이트용품
STD_008904,스키/보드용품,STD_008878,2,자전거/스키/레저 > 스키/보드용품
STD_008903,고글/케이스,STD_008904,3,자전거/스키/레저 > 스키/보드용품 > 고글/케이스
STD_008905,기타스키용품,STD_008904,3,자전거/스키/레저 > 스키/보드용품 > 기타스키용품
STD_008906,넥워머,STD_008904,3,자전거/스키/레저 > 스키/보드용품 > 넥워머
STD_008907,바라클라바,STD_008904,3,자전거/스키/레저 > 스키/보드용품 > 바라클라바
STD_008908,보드백,STD_008904,3,자전거/스키/레저 > 스키/보드용품 > 보드백
STD_008909,보드복상의,STD_008904,3,자전거/스키/레저 > 스키/보드용품 > 보드복상의
STD_008910,보드복세트,STD_008904,3,자전거/스키/레저 > 스키/보드용품 > 보드복세트
STD_008911,보드복하의,STD_008904,3,자전거/스키/레저 > 스키/보드용품 > 보드복하의
STD_008912,보호대,STD_008904,3,자전거/스키/레저 > 스키/보드용품 > 보호대
STD_008913,비니,STD_008904,3,자전거/스키/레저 > 스키/보드용품 > 비니
STD_008914,스키/보드양말,STD_008904,3,자전거/스키/레저 > 스키/보드용품 > 스키/보드양말
STD_008915,스키백,STD_008904,3,자전거/스키/레저 > 스키/보드용품 > 스키백
STD_008916,스키복상의,STD_008904,3,자전거/스키/레저 > 스키/보드용품 > 스키복상의
STD_008917,스키복세트,STD_008904,3,자전거/스키/레저 > 스키/보드용품 > 스키복세트
STD_008918,스키복하의,STD_008904,3,자전거/스키/레저 > 스키/보드용품 > 스키복하의
STD_008919,스티커/스톰패드,STD_008904,3,자전거/스키/레저 > 스키/보드용품 > 스티커/스톰패드
STD_008920,시즌권케이스,STD_008904,3,자전거/스키/레저 > 스키/보드용품 > 시즌권케이스
STD_008921,왁스/방수제,STD_008904,3,자전거/스키/레저 > 스키/보드용품 > 왁스/방수제
STD_008922,장갑,STD_008904,3,자전거/스키/레저 > 스키/보드용품 > 장갑
STD_008923,헬멧,STD_008904,3,자전거/스키/레저 > 스키/보드용품 > 헬멧
STD_008925,스키/보드장비,STD_008878,2,자전거/스키/레저 > 스키/보드장비
STD_008924,데크/바인딩세트,STD_008925,3,자전거/스키/레저 > 스키/보드장비 > 데크/바인딩세트
STD_008926,보드데크,STD_008925,3,자전거/스키/레저 > 스키/보드장비 > 보드데크
STD_008927,보드바인딩,STD_008925,3,자전거/스키/레저 > 스키/보드장비 > 보드바인딩
STD_008928,보드부츠,STD_008925,3,자전거/스키/레저 > 스키/보드장비 > 보드부츠
STD_008929,스키바인딩,STD_008925,3,자전거/스키/레저 > 스키/보드장비 > 스키바인딩
STD_008930,스키부츠,STD_008925,3,자전거/스키/레저 > 스키/보드장비 > 스키부츠
STD_008931,스키장비세트,STD_008925,3,자전거/스키/레저 > 스키/보드장비 > 스키장비세트
STD_008932,스키폴,STD_008925,3,자전거/스키/레저 > 스키/보드장비 > 스키폴
STD_008933,스키플레이트,STD_008925,3,자전거/스키/레저 > 스키/보드장비 > 스키플레이트
STD_008935,인라인/롤러스케이트,STD_008878,2,자전거/스키/레저 > 인라인/롤러스케이트
STD_008934,롤러스케이트,STD_008935,3,자전거/스키/레저 > 인라인/롤러스케이트 > 롤러스케이트
STD_008936,베어링,STD_008935,3,자전거/스키/레저 > 인라인/롤러스케이트 > 베어링
STD_008937,성인용,STD_008935,3,자전거/스키/레저 > 인라인/롤러스케이트 > 성인용
STD_008938,성인용보호장비,STD_008935,3,자전거/스키/레저 > 인라인/롤러스케이트 > 성인용보호장비
STD_008939,아동용,STD_008935,3,자전거/스키/레저 > 인라인/롤러스케이트 > 아동용
STD_008940,아동용보호장비,STD_008935,3,자전거/스키/레저 > 인라인/롤러스케이트 > 아동용보호장비
STD_008941,인라인가방,STD_008935,3,자전거/스키/레저 > 인라인/롤러스케이트 > 인라인가방
STD_008942,인라인바퀴,STD_008935,3,자전거/스키/레저 > 인라인/롤러스케이트 > 인라인바퀴
STD_008943,인라인정비공구,STD_008935,3,자전거/스키/레저 > 인라인/롤러스케이트 > 인라인정비공구
STD_008944,인라인프레임,STD_008935,3,자전거/스키/레저 > 인라인/롤러스케이트 > 인라인프레임
STD_008946,일반자전거,STD_008878,2,자전거/스키/레저 > 일반자전거
STD_008945,MTB자전거,STD_008946,3,자전거/스키/레저 > 일반자전거 > MTB자전거
STD_008947,로드자전거,STD_008946,3,자전거/스키/레저 > 일반자전거 > 로드자전거
STD_008948,미니벨로,STD_008946,3,자전거/스키/레저 > 일반자전거 > 미니벨로
STD_008949,아동자전거,STD_008946,3,자전거/스키/레저 > 일반자전거 > 아동자전거
STD_008950,일반자전거,STD_008946,3,자전거/스키/레저 > 일반자전거 > 일반자전거
STD_008951,클래식자전거,STD_008946,3,자전거/스키/레저 > 일반자전거 > 클래식자전거
STD_008952,픽시자전거,STD_008946,3,자전거/스키/레저 > 일반자전거 > 픽시자전거
STD_008953,하이브리드자전거,STD_008946,3,자전거/스키/레저 > 일반자전거 > 하이브리드자전거
STD_008955,자전거거치대/트레일러,STD_008878,2,자전거/스키/레저 > 자전거거치대/트레일러
STD_008954,받침대,STD_008955,3,자전거/스키/레저 > 자전거거치대/트레일러 > 받침대
STD_008956,자전거보관용거치대,STD_008955,3,자전거/스키/레저 > 자전거거치대/트레일러 > 자전거보관용거치대
STD_008957,자전거캐리어,STD_008955,3,자전거/스키/레저 > 자전거거치대/트레일러 > 자전거캐리어
STD_008958,자전거트레일러,STD_008955,3,자전거/스키/레저 > 자전거거치대/트레일러 > 자전거트레일러
STD_008959,킥스탠드,STD_008955,3,자전거/스키/레저 > 자전거거치대/트레일러 > 킥스탠드
STD_008960,트레이너,STD_008955,3,자전거/스키/레저 > 자전거거치대/트레일러 > 트레이너
STD_008962,자전거부품,STD_008878,2,자전거/스키/레저 > 자전거부품
STD_008961,자전거변속기,STD_008962,3,자전거/스키/레저 > 자전거부품 > 자전거변속기
STD_008963,자전거안장,STD_008962,3,자전거/스키/레저 > 자전거부품 > 자전거안장
STD_008964,자전거타이어,STD_008962,3,자전거/스키/레저 > 자전거부품 > 자전거타이어
STD_008965,자전거튜브,STD_008962,3,자전거/스키/레저 > 자전거부품 > 자전거튜브
STD_008966,자전거페달,STD_008962,3,자전거/스키/레저 > 자전거부품 > 자전거페달
STD_008967,자전거핸들,STD_008962,3,자전거/스키/레저 > 자전거부품 > 자전거핸들
STD_008968,포크,STD_008962,3,자전거/스키/레저 > 자전거부품 > 포크
STD_008969,프레임,STD_008962,3,자전거/스키/레저 > 자전거부품 > 프레임
STD_008971,자전거액세서리,STD_008878,2,자전거/스키/레저 > 자전거액세서리
STD_008970,라이트,STD_008971,3,자전거/스키/레저 > 자전거액세서리 > 라이트
STD_008972,보호장비,STD_008971,3,자전거/스키/레저 > 자전거액세서리 > 보호장비
STD_008973,신발부속품,STD_008971,3,자전거/스키/레저 > 자전거액세서리 > 신발부속품
STD_008974,자전거GPS,STD_008971,3,자전거/스키/레저 > 자전거액세서리 > 자전거GPS
STD_008975,자전거가방,STD_008971,3,자전거/스키/레저 > 자전거액세서리 > 자전거가방
STD_008976,자전거로프,STD_008971,3,자전거/스키/레저 > 자전거액세서리 > 자전거로프
STD_008977,자전거물통,STD_008971,3,자전거/스키/레저 > 자전거액세서리 > 자전거물통
STD_008978,자전거바구니,STD_008971,3,자전거/스키/레저 > 자전거액세서리 > 자전거바구니
STD_008979,자전거반사경,STD_008971,3,자전거/스키/레저 > 자전거액세서리 > 자전거반사경
STD_008980,자전거벨,STD_008971,3,자전거/스키/레저 > 자전거액세서리 > 자전거벨
STD_008981,자전거속도계,STD_008971,3,자전거/스키/레저 > 자전거액세서리 > 자전거속도계
STD_008982,자전거슈커버,STD_008971,3,자전거/스키/레저 > 자전거액세서리 > 자전거슈커버
STD_008983,자전거스마트폰거치대,STD_008971,3,자전거/스키/레저 > 자전거액세서리 > 자전거스마트폰거치대
STD_008984,자전거스티커,STD_008971,3,자전거/스키/레저 > 자전거액세서리 > 자전거스티커
STD_008985,자전거스피커,STD_008971,3,자전거/스키/레저 > 자전거액세서리 > 자전거스피커
STD_008986,자전거자물쇠,STD_008971,3,자전거/스키/레저 > 자전거액세서리 > 자전거자물쇠
STD_008987,자전거짐받이,STD_008971,3,자전거/스키/레저 > 자전거액세서리 > 자전거짐받이
STD_008988,자전거커버,STD_008971,3,자전거/스키/레저 > 자전거액세서리 > 자전거커버
STD_008989,자전거케이지,STD_008971,3,자전거/스키/레저 > 자전거액세서리 > 자전거케이지
STD_008990,전조등,STD_008971,3,자전거/스키/레저 > 자전거액세서리 > 전조등
STD_008991,클릿,STD_008971,3,자전거/스키/레저 > 자전거액세서리 > 클릿
STD_008992,헬멧,STD_008971,3,자전거/스키/레저 > 자전거액세서리 > 헬멧
STD_008993,흙받이,STD_008971,3,자전거/스키/레저 > 자전거액세서리 > 흙받이
STD_008995,자전거의류/잡화,STD_008878,2,자전거/스키/레저 > 자전거의류/잡화
STD_008994,상의,STD_008995,3,자전거/스키/레저 > 자전거의류/잡화 > 상의
STD_008996,상하의세트,STD_008995,3,자전거/스키/레저 > 자전거의류/잡화 > 상하의세트
STD_008997,속바지,STD_008995,3,자전거/스키/레저 > 자전거의류/잡화 > 속바지
STD_008998,자전거신발,STD_008995,3,자전거/스키/레저 > 자전거의류/잡화 > 자전거신발
STD_008999,자전거장갑,STD_008995,3,자전거/스키/레저 > 자전거의류/잡화 > 자전거장갑
STD_009000,하의,STD_008995,3,자전거/스키/레저 > 자전거의류/잡화 > 하의
STD_009002,자전거정비용품,STD_008878,2,자전거/스키/레저 > 자전거정비용품
STD_009001,자전거공구,STD_009002,3,자전거/스키/레저 > 자전거정비용품 > 자전거공구
STD_009003,자전거세척제,STD_009002,3,자전거/스키/레저 > 자전거정비용품 > 자전거세척제
STD_009004,자전거오일/윤활유,STD_009002,3,자전거/스키/레저 > 자전거정비용품 > 자전거오일/윤활유
STD_009005,자전거펌프,STD_009002,3,자전거/스키/레저 > 자전거정비용품 > 자전거펌프
STD_009006,자전거펑크패치,STD_009002,3,자전거/스키/레저 > 자전거정비용품 > 자전거펑크패치
STD_009008,전기자전거/전동킥보드,STD_008878,2,자전거/스키/레저 > 전기자전거/전동킥보드
STD_009007,액세서리,STD_009008,3,자전거/스키/레저 > 전기자전거/전동킥보드 > 액세서리
STD_009009,전기자전거,STD_009008,3,자전거/스키/레저 > 전기자전거/전동킥보드 > 전기자전거
STD_009010,전동/전기보드,STD_009008,3,자전거/스키/레저 > 전기자전거/전동킥보드 > 전동/전기보드
STD_009011,전동킥보드,STD_009008,3,자전거/스키/레저 > 전기자전거/전동킥보드 > 전동킥보드
STD_009012,전동휠,STD_009008,3,자전거/스키/레저 > 전기자전거/전동킥보드 > 전동휠
STD_009013,전용배터리,STD_009008,3,자전거/스키/레저 > 전기자전거/전동킥보드 > 전용배터리
STD_009015,특수기능성자전거,STD_008878,2,자전거/스키/레저 > 특수기능성자전거
STD_009014,BMX자전거,STD_009015,3,자전거/스키/레저 > 특수기능성자전거 > BMX자전거
STD_009016,보조바퀴자전거,STD_009015,3,자전거/스키/레저 > 특수기능성자전거 > 보조바퀴자전거
STD_009017,사이클로크로스자전거,STD_009015,3,자전거/스키/레저 > 특수기능성자전거 > 사이클로크로스자전거
STD_009018,외발자전거,STD_009015,3,자전거/스키/레저 > 특수기능성자전거 > 외발자전거
STD_009019,탠덤자전거,STD_009015,3,자전거/스키/레저 > 특수기능성자전거 > 탠덤자전거
STD_009020,펫바이크,STD_009015,3,자전거/스키/레저 > 특수기능성자전거 > 펫바이크
STD_009023,잡화,ROOT,1,잡화
STD_009022,기타패션소품,STD_009023,2,잡화 > 기타패션소품
STD_009021,기타패션소품,STD_009022,3,잡화 > 기타패션소품 > 기타패션소품
STD_009024,브로치/배지,STD_009022,3,잡화 > 기타패션소품 > 브로치/배지
STD_009025,와펜,STD_009022,3,잡화 > 기타패션소품 > 와펜
STD_009026,페이크셔츠,STD_009022,3,잡화 > 기타패션소품 > 페이크셔츠
STD_009027,펜던트/부토니에,STD_009022,3,잡화 > 기타패션소품 > 펜던트/부토니에
STD_009028,한복액세서리,STD_009022,3,잡화 > 기타패션소품 > 한복액세서리
STD_009030,남성양말,STD_009023,2,잡화 > 남성양말
STD_009029,니삭스/발가락양말/수면양말,STD_009030,3,잡화 > 남성양말 > 니삭스/발가락양말/수면양말
STD_009031,덧신,STD_009030,3,잡화 > 남성양말 > 덧신
STD_009032,발목양말,STD_009030,3,잡화 > 남성양말 > 발목양말
STD_009033,양말세트,STD_009030,3,잡화 > 남성양말 > 양말세트
STD_009035,넥타이,STD_009023,2,잡화 > 넥타이
STD_009034,기본넥타이,STD_009035,3,잡화 > 넥타이 > 기본넥타이
STD_009036,넥타이핀,STD_009035,3,잡화 > 넥타이 > 넥타이핀
STD_009037,보타이,STD_009035,3,잡화 > 넥타이 > 보타이
STD_009038,커프스링크,STD_009035,3,잡화 > 넥타이 > 커프스링크
STD_009039,행커치프,STD_009035,3,잡화 > 넥타이 > 행커치프
STD_009041,모자,STD_009023,2,잡화 > 모자
STD_009040,귀달이모자,STD_009041,3,잡화 > 모자 > 귀달이모자
STD_009042,귀마개,STD_009041,3,잡화 > 모자 > 귀마개
STD_009043,두건,STD_009041,3,잡화 > 모자 > 두건
STD_009044,벙거지/버킷햇,STD_009041,3,잡화 > 모자 > 벙거지/버킷햇
STD_009045,베레모,STD_009041,3,잡화 > 모자 > 베레모
STD_009046,비니,STD_009041,3,잡화 > 모자 > 비니
STD_009047,썬캡/썬바이저,STD_009041,3,잡화 > 모자 > 썬캡/썬바이저
STD_009048,야구모자,STD_009041,3,잡화 > 모자 > 야구모자
STD_009049,왕골/밀집모자,STD_009041,3,잡화 > 모자 > 왕골/밀집모자
STD_009050,털모자,STD_009041,3,잡화 > 모자 > 털모자
STD_009051,페도라/중절모,STD_009041,3,잡화 > 모자 > 페도라/중절모
STD_009052,헌팅캡,STD_009041,3,잡화 > 모자 > 헌팅캡
STD_009054,스카프/손수건,STD_009023,2,잡화 > 스카프/손수건
STD_009053,남성손수건,STD_009054,3,잡화 > 스카프/손수건 > 남성손수건
STD_009055,롱스카프,STD_009054,3,잡화 > 스카프/손수건 > 롱스카프
STD_009056,쁘띠/미니스카프,STD_009054,3,잡화 > 스카프/손수건 > 쁘띠/미니스카프
STD_009057,여성손수건,STD_009054,3,잡화 > 스카프/손수건 > 여성손수건
STD_009059,스타킹,STD_009023,2,잡화 > 스타킹
STD_009058,발목스타킹,STD_009059,3,잡화 > 스타킹 > 발목스타킹
STD_009060,밴드스타킹,STD_009059,3,잡화 > 스타킹 > 밴드스타킹
STD_009061,스프레이스타킹,STD_009059,3,잡화 > 스타킹 > 스프레이스타킹
STD_009062,압박보정스타킹,STD_009059,3,잡화 > 스타킹 > 압박보정스타킹
STD_009063,판타롱스타킹,STD_009059,3,잡화 > 스타킹 > 판타롱스타킹
STD_009064,팬티스타킹,STD_009059,3,잡화 > 스타킹 > 팬티스타킹
STD_009066,아이웨어,STD_009023,2,잡화 > 아이웨어
STD_009065,스포츠선글라스,STD_009066,3,잡화 > 아이웨어 > 스포츠선글라스
STD_009067,아이웨어소품,STD_009066,3,잡화 > 아이웨어 > 아이웨어소품
STD_009068,안경테,STD_009066,3,잡화 > 아이웨어 > 안경테
STD_009069,패션선글라스,STD_009066,3,잡화 > 아이웨어 > 패션선글라스
STD_009071,여성양말,STD_009023,2,잡화 > 여성양말
STD_009070,니삭스/발가락양말/수면양말,STD_009071,3,잡화 > 여성양말 > 니삭스/발가락양말/수면양말
STD_009072,덧신,STD_009071,3,잡화 > 여성양말 > 덧신
STD_009073,발목양말,STD_009071,3,잡화 > 여성양말 > 발목양말
STD_009074,양말세트,STD_009071,3,잡화 > 여성양말 > 양말세트
STD_009076,우산/양산,STD_009023,2,잡화 > 우산/양산
STD_009075,2단/3단우산,STD_009076,3,잡화 > 우산/양산 > 2단/3단우산
STD_009077,양산,STD_009076,3,잡화 > 우산/양산 > 양산
STD_009078,우양산,STD_009076,3,잡화 > 우산/양산 > 우양산
STD_009079,장우산,STD_009076,3,잡화 > 우산/양산 > 장우산
STD_009081,워머/머플러,STD_009023,2,잡화 > 워머/머플러
STD_009080,넥워머,STD_009081,3,잡화 > 워머/머플러 > 넥워머
STD_009082,니트머플러,STD_009081,3,잡화 > 워머/머플러 > 니트머플러
STD_009083,퍼머플러,STD_009081,3,잡화 > 워머/머플러 > 퍼머플러
STD_009085,패션장갑,STD_009023,2,잡화 > 패션장갑
STD_009084,남성장갑,STD_009085,3,잡화 > 패션장갑 > 남성장갑
STD_009086,아동장갑,STD_009085,3,잡화 > 패션장갑 > 아동장갑
STD_009087,여성장갑,STD_009085,3,잡화 > 패션장갑 > 여성장갑
STD_009090,장난감/완구,ROOT,1,장난감/완구
STD_009089,RC완구,STD_009090,2,장난감/완구 > RC완구
STD_009088,기타RC완구,STD_009089,3,장난감/완구 > RC완구 > 기타RC완구
STD_009091,비행RC완구,STD_009089,3,장난감/완구 > RC완구 > 비행RC완구
STD_009092,자동차RC완구,STD_009089,3,장난감/완구 > RC완구 > 자동차RC완구
STD_009094,감각발달완구,STD_009090,2,장난감/완구 > 감각발달완구
STD_009093,기타감각발달완구,STD_009094,3,장난감/완구 > 감각발달완구 > 기타감각발달완구
STD_009095,도형끼우기완구,STD_009094,3,장난감/완구 > 감각발달완구 > 도형끼우기완구
STD_009096,멜로디완구,STD_009094,3,장난감/완구 > 감각발달완구 > 멜로디완구
STD_009097,비눗방울놀이,STD_009094,3,장난감/완구 > 감각발달완구 > 비눗방울놀이
STD_009098,아기전화기완구,STD_009094,3,장난감/완구 > 감각발달완구 > 아기전화기완구
STD_009099,컵쌓기/링쌓기,STD_009094,3,장난감/완구 > 감각발달완구 > 컵쌓기/링쌓기
STD_009100,헝겊책/헝겊완구,STD_009094,3,장난감/완구 > 감각발달완구 > 헝겊책/헝겊완구
STD_009102,공간놀이완구,STD_009090,2,장난감/완구 > 공간놀이완구
STD_009101,그네완구,STD_009102,3,장난감/완구 > 공간놀이완구 > 그네완구
STD_009103,기타공간놀이완구,STD_009102,3,장난감/완구 > 공간놀이완구 > 기타공간놀이완구
STD_009104,놀이집,STD_009102,3,장난감/완구 > 공간놀이완구 > 놀이집
STD_009105,다기능놀이터,STD_009102,3,장난감/완구 > 공간놀이완구 > 다기능놀이터
STD_009106,미끄럼틀완구,STD_009102,3,장난감/완구 > 공간놀이완구 > 미끄럼틀완구
STD_009107,베이비룸,STD_009102,3,장난감/완구 > 공간놀이완구 > 베이비룸
STD_009108,볼텐트/놀이텐트,STD_009102,3,장난감/완구 > 공간놀이완구 > 볼텐트/놀이텐트
STD_009109,시소완구,STD_009102,3,장난감/완구 > 공간놀이완구 > 시소완구
STD_009111,로봇/캐릭터완구,STD_009090,2,장난감/완구 > 로봇/캐릭터완구
STD_009110,기타로봇/캐릭터완구,STD_009111,3,장난감/완구 > 로봇/캐릭터완구 > 기타로봇/캐릭터완구
STD_009112,로봇완구,STD_009111,3,장난감/완구 > 로봇/캐릭터완구 > 로봇완구
STD_009113,캐릭터완구,STD_009111,3,장난감/완구 > 로봇/캐릭터완구 > 캐릭터완구
STD_009114,캐릭터카드/딱지,STD_009111,3,장난감/완구 > 로봇/캐릭터완구 > 캐릭터카드/딱지
STD_009116,물놀이완구,STD_009090,2,장난감/완구 > 물놀이완구
STD_009115,기타물놀이완구,STD_009116,3,장난감/완구 > 물놀이완구 > 기타물놀이완구
STD_009117,모래놀이,STD_009116,3,장난감/완구 > 물놀이완구 > 모래놀이
STD_009118,목욕놀이완구,STD_009116,3,장난감/완구 > 물놀이완구 > 목욕놀이완구
STD_009119,물총,STD_009116,3,장난감/완구 > 물놀이완구 > 물총
STD_009120,유아구명조끼,STD_009116,3,장난감/완구 > 물놀이완구 > 유아구명조끼
STD_009121,유아목튜브/암링,STD_009116,3,장난감/완구 > 물놀이완구 > 유아목튜브/암링
STD_009122,유아보트,STD_009116,3,장난감/완구 > 물놀이완구 > 유아보트
STD_009123,유아스노클,STD_009116,3,장난감/완구 > 물놀이완구 > 유아스노클
STD_009124,유아튜브,STD_009116,3,장난감/완구 > 물놀이완구 > 유아튜브
STD_009125,유아풀장,STD_009116,3,장난감/완구 > 물놀이완구 > 유아풀장
STD_009127,미술/공작놀이,STD_009090,2,장난감/완구 > 미술/공작놀이
STD_009126,기타미술/공작놀이,STD_009127,3,장난감/완구 > 미술/공작놀이 > 기타미술/공작놀이
STD_009128,비즈공작놀이,STD_009127,3,장난감/완구 > 미술/공작놀이 > 비즈공작놀이
STD_009129,양초/비누공작놀이,STD_009127,3,장난감/완구 > 미술/공작놀이 > 양초/비누공작놀이
STD_009130,유아물감,STD_009127,3,장난감/완구 > 미술/공작놀이 > 유아물감
STD_009131,유아스케치북,STD_009127,3,장난감/완구 > 미술/공작놀이 > 유아스케치북
STD_009132,종이접기,STD_009127,3,장난감/완구 > 미술/공작놀이 > 종이접기
STD_009133,찍기놀이완구,STD_009127,3,장난감/완구 > 미술/공작놀이 > 찍기놀이완구
STD_009134,클레이/점토놀이,STD_009127,3,장난감/완구 > 미술/공작놀이 > 클레이/점토놀이
STD_009135,플레이콘,STD_009127,3,장난감/완구 > 미술/공작놀이 > 플레이콘
STD_009137,블록,STD_009090,2,장난감/완구 > 블록
STD_009136,기타블록,STD_009137,3,장난감/완구 > 블록 > 기타블록
STD_009138,레고,STD_009137,3,장난감/완구 > 블록 > 레고
STD_009139,몰펀/조이픽스,STD_009137,3,장난감/완구 > 블록 > 몰펀/조이픽스
STD_009140,블록조립판,STD_009137,3,장난감/완구 > 블록 > 블록조립판
STD_009141,사각/십자블록,STD_009137,3,장난감/완구 > 블록 > 사각/십자블록
STD_009142,옥스포드,STD_009137,3,장난감/완구 > 블록 > 옥스포드
STD_009143,원목블록,STD_009137,3,장난감/완구 > 블록 > 원목블록
STD_009144,자석블록,STD_009137,3,장난감/완구 > 블록 > 자석블록
STD_009145,호환/리필블록,STD_009137,3,장난감/완구 > 블록 > 호환/리필블록
STD_009147,스포츠완구,STD_009090,2,장난감/완구 > 스포츠완구
STD_009146,골프완구,STD_009147,3,장난감/완구 > 스포츠완구 > 골프완구
STD_009148,공/소프트볼,STD_009147,3,장난감/완구 > 스포츠완구 > 공/소프트볼
STD_009149,권투완구,STD_009147,3,장난감/완구 > 스포츠완구 > 권투완구
STD_009150,기타스포츠완구,STD_009147,3,장난감/완구 > 스포츠완구 > 기타스포츠완구
STD_009151,농구완구,STD_009147,3,장난감/완구 > 스포츠완구 > 농구완구
STD_009152,눈썰매,STD_009147,3,장난감/완구 > 스포츠완구 > 눈썰매
STD_009153,볼링완구,STD_009147,3,장난감/완구 > 스포츠완구 > 볼링완구
STD_009154,스카이콩콩,STD_009147,3,장난감/완구 > 스포츠완구 > 스카이콩콩
STD_009155,야구/캐치볼완구,STD_009147,3,장난감/완구 > 스포츠완구 > 야구/캐치볼완구
STD_009156,양궁/투호완구,STD_009147,3,장난감/완구 > 스포츠완구 > 양궁/투호완구
STD_009157,요요,STD_009147,3,장난감/완구 > 스포츠완구 > 요요
STD_009158,점핑볼,STD_009147,3,장난감/완구 > 스포츠완구 > 점핑볼
STD_009159,축구완구,STD_009147,3,장난감/완구 > 스포츠완구 > 축구완구
STD_009160,트램펄린,STD_009147,3,장난감/완구 > 스포츠완구 > 트램펄린
STD_009161,팽이,STD_009147,3,장난감/완구 > 스포츠완구 > 팽이
STD_009163,승용완구,STD_009090,2,장난감/완구 > 승용완구
STD_009162,기타승용완구,STD_009163,3,장난감/완구 > 승용완구 > 기타승용완구
STD_009164,붕붕카/푸시카,STD_009163,3,장난감/완구 > 승용완구 > 붕붕카/푸시카
STD_009165,세발자전거,STD_009163,3,장난감/완구 > 승용완구 > 세발자전거
STD_009166,스프링카,STD_009163,3,장난감/완구 > 승용완구 > 스프링카
STD_009167,전동차/오토바이,STD_009163,3,장난감/완구 > 승용완구 > 전동차/오토바이
STD_009168,지붕차,STD_009163,3,장난감/완구 > 승용완구 > 지붕차
STD_009169,흔들말,STD_009163,3,장난감/완구 > 승용완구 > 흔들말
STD_009171,신생아/영유아완구,STD_009090,2,장난감/완구 > 신생아/영유아완구
STD_009170,기타신생아/영유아완구,STD_009171,3,장난감/완구 > 신생아/영유아완구 > 기타신생아/영유아완구
STD_009172,딸랑이,STD_009171,3,장난감/완구 > 신생아/영유아완구 > 딸랑이
STD_009173,모빌,STD_009171,3,장난감/완구 > 신생아/영유아완구 > 모빌
STD_009174,아기걸음마,STD_009171,3,장난감/완구 > 신생아/영유아완구 > 아기걸음마
STD_009175,아기체육관,STD_009171,3,장난감/완구 > 신생아/영유아완구 > 아기체육관
STD_009176,오뚝이,STD_009171,3,장난감/완구 > 신생아/영유아완구 > 오뚝이
STD_009177,플레이매트,STD_009171,3,장난감/완구 > 신생아/영유아완구 > 플레이매트
STD_009179,언어/학습완구,STD_009090,2,장난감/완구 > 언어/학습완구
STD_009178,기타학습완구,STD_009179,3,장난감/완구 > 언어/학습완구 > 기타학습완구
STD_009180,디지털학습완구,STD_009179,3,장난감/완구 > 언어/학습완구 > 디지털학습완구
STD_009181,사운드북/사운드펜,STD_009179,3,장난감/완구 > 언어/학습완구 > 사운드북/사운드펜
STD_009182,셈놀이/숫자놀이판,STD_009179,3,장난감/완구 > 언어/학습완구 > 셈놀이/숫자놀이판
STD_009183,숫자학습완구,STD_009179,3,장난감/완구 > 언어/학습완구 > 숫자학습완구
STD_009184,스티커북/색칠북,STD_009179,3,장난감/완구 > 언어/학습완구 > 스티커북/색칠북
STD_009185,언어학습완구,STD_009179,3,장난감/완구 > 언어/학습완구 > 언어학습완구
STD_009186,유아용컴퓨터,STD_009179,3,장난감/완구 > 언어/학습완구 > 유아용컴퓨터
STD_009187,자석학습완구,STD_009179,3,장난감/완구 > 언어/학습완구 > 자석학습완구
STD_009188,학습벽보,STD_009179,3,장난감/완구 > 언어/학습완구 > 학습벽보
STD_009189,학습보드판,STD_009179,3,장난감/완구 > 언어/학습완구 > 학습보드판
STD_009190,학습카드,STD_009179,3,장난감/완구 > 언어/학습완구 > 학습카드
STD_009192,역할놀이완구,STD_009090,2,장난감/완구 > 역할놀이완구
STD_009191,가게놀이,STD_009192,3,장난감/완구 > 역할놀이완구 > 가게놀이
STD_009193,공구놀이,STD_009192,3,장난감/완구 > 역할놀이완구 > 공구놀이
STD_009194,기타역할놀이완구,STD_009192,3,장난감/완구 > 역할놀이완구 > 기타역할놀이완구
STD_009195,낚시놀이,STD_009192,3,장난감/완구 > 역할놀이완구 > 낚시놀이
STD_009196,병원놀이,STD_009192,3,장난감/완구 > 역할놀이완구 > 병원놀이
STD_009197,소꿉놀이,STD_009192,3,장난감/완구 > 역할놀이완구 > 소꿉놀이
STD_009198,인형유모차,STD_009192,3,장난감/완구 > 역할놀이완구 > 인형유모차
STD_009199,주방놀이,STD_009192,3,장난감/완구 > 역할놀이완구 > 주방놀이
STD_009200,화장놀이,STD_009192,3,장난감/완구 > 역할놀이완구 > 화장놀이
STD_009202,원목교구/가베,STD_009090,2,장난감/완구 > 원목교구/가베
STD_009201,가베교구세트,STD_009202,3,장난감/완구 > 원목교구/가베 > 가베교구세트
STD_009203,기타원목교구/가베,STD_009202,3,장난감/완구 > 원목교구/가베 > 기타원목교구/가베
STD_009204,도미노/도형쌓기,STD_009202,3,장난감/완구 > 원목교구/가베 > 도미노/도형쌓기
STD_009205,롤러코스터완구,STD_009202,3,장난감/완구 > 원목교구/가베 > 롤러코스터완구
STD_009206,실꿰기/구슬꿰기,STD_009202,3,장난감/완구 > 원목교구/가베 > 실꿰기/구슬꿰기
STD_009207,원목교구세트,STD_009202,3,장난감/완구 > 원목교구/가베 > 원목교구세트
STD_009208,원목큐브/하노이탑,STD_009202,3,장난감/완구 > 원목교구/가베 > 원목큐브/하노이탑
STD_009210,유아동퍼즐,STD_009090,2,장난감/완구 > 유아동퍼즐
STD_009209,구슬퍼즐,STD_009210,3,장난감/완구 > 유아동퍼즐 > 구슬퍼즐
STD_009211,그림/숫자퍼즐,STD_009210,3,장난감/완구 > 유아동퍼즐 > 그림/숫자퍼즐
STD_009212,도형퍼즐/칠교놀이,STD_009210,3,장난감/완구 > 유아동퍼즐 > 도형퍼즐/칠교놀이
STD_009213,원목/꼭지퍼즐,STD_009210,3,장난감/완구 > 유아동퍼즐 > 원목/꼭지퍼즐
STD_009214,종이/입체퍼즐,STD_009210,3,장난감/완구 > 유아동퍼즐 > 종이/입체퍼즐
STD_009215,직소퍼즐/액자,STD_009210,3,장난감/완구 > 유아동퍼즐 > 직소퍼즐/액자
STD_009216,캐스트/메탈퍼즐,STD_009210,3,장난감/완구 > 유아동퍼즐 > 캐스트/메탈퍼즐
STD_009217,큐브/소마큐브,STD_009210,3,장난감/완구 > 유아동퍼즐 > 큐브/소마큐브
STD_009219,음악/악기놀이,STD_009090,2,장난감/완구 > 음악/악기놀이
STD_009218,기타음악/악기놀이,STD_009219,3,장난감/완구 > 음악/악기놀이 > 기타음악/악기놀이
STD_009220,드럼/리듬악기완구,STD_009219,3,장난감/완구 > 음악/악기놀이 > 드럼/리듬악기완구
STD_009221,마이크/노래방완구,STD_009219,3,장난감/완구 > 음악/악기놀이 > 마이크/노래방완구
STD_009222,바이올린/기타완구,STD_009219,3,장난감/완구 > 음악/악기놀이 > 바이올린/기타완구
STD_009223,실로폰/멜로디언완구,STD_009219,3,장난감/완구 > 음악/악기놀이 > 실로폰/멜로디언완구
STD_009224,악기놀이세트,STD_009219,3,장난감/완구 > 음악/악기놀이 > 악기놀이세트
STD_009225,피아노완구,STD_009219,3,장난감/완구 > 음악/악기놀이 > 피아노완구
STD_009227,인형,STD_009090,2,장난감/완구 > 인형
STD_009226,기타인형,STD_009227,3,장난감/완구 > 인형 > 기타인형
STD_009228,봉제인형,STD_009227,3,장난감/완구 > 인형 > 봉제인형
STD_009229,손가락인형,STD_009227,3,장난감/완구 > 인형 > 손가락인형
STD_009230,캐릭터/패션인형,STD_009227,3,장난감/완구 > 인형 > 캐릭터/패션인형
STD_009232,자연/과학완구,STD_009090,2,장난감/완구 > 자연/과학완구
STD_009231,고무동력기/물로켓,STD_009232,3,장난감/완구 > 자연/과학완구 > 고무동력기/물로켓
STD_009233,곤충학습완구,STD_009232,3,장난감/완구 > 자연/과학완구 > 곤충학습완구
STD_009234,공룡학습완구,STD_009232,3,장난감/완구 > 자연/과학완구 > 공룡학습완구
STD_009235,과학상자,STD_009232,3,장난감/완구 > 자연/과학완구 > 과학상자
STD_009236,기타과학완구,STD_009232,3,장난감/완구 > 자연/과학완구 > 기타과학완구
STD_009237,동물학습완구,STD_009232,3,장난감/완구 > 자연/과학완구 > 동물학습완구
STD_009238,식물학습완구,STD_009232,3,장난감/완구 > 자연/과학완구 > 식물학습완구
STD_009239,코딩완구,STD_009232,3,장난감/완구 > 자연/과학완구 > 코딩완구
STD_009240,현미경/망원경완구,STD_009232,3,장난감/완구 > 자연/과학완구 > 현미경/망원경완구
STD_009242,작동완구,STD_009090,2,장난감/완구 > 작동완구
STD_009241,기차작동완구,STD_009242,3,장난감/완구 > 작동완구 > 기차작동완구
STD_009243,기타작동완구,STD_009242,3,장난감/완구 > 작동완구 > 기타작동완구
STD_009244,녹음완구,STD_009242,3,장난감/완구 > 작동완구 > 녹음완구
STD_009245,동물작동완구,STD_009242,3,장난감/완구 > 작동완구 > 동물작동완구
STD_009246,비행작동완구,STD_009242,3,장난감/완구 > 작동완구 > 비행작동완구
STD_009247,오토바이작동완구,STD_009242,3,장난감/완구 > 작동완구 > 오토바이작동완구
STD_009248,자동차작동완구,STD_009242,3,장난감/완구 > 작동완구 > 자동차작동완구
STD_009249,장난감총,STD_009242,3,장난감/완구 > 작동완구 > 장난감총
STD_009250,주차장/주차타워,STD_009242,3,장난감/완구 > 작동완구 > 주차장/주차타워
STD_009253,저장장치,ROOT,1,저장장치
STD_009252,PC저장장치,STD_009253,2,저장장치 > PC저장장치
STD_009251,HDD,STD_009252,3,저장장치 > PC저장장치 > HDD
STD_009254,SSD,STD_009252,3,저장장치 > PC저장장치 > SSD
STD_009255,네트워크하드(NAS),STD_009252,3,저장장치 > PC저장장치 > 네트워크하드(NAS)
STD_009256,외장HDD,STD_009252,3,저장장치 > PC저장장치 > 외장HDD
STD_009257,외장SSD,STD_009252,3,저장장치 > PC저장장치 > 외장SSD
STD_009259,공미디어,STD_009253,2,저장장치 > 공미디어
STD_009258,CD미디어,STD_009259,3,저장장치 > 공미디어 > CD미디어
STD_009260,DVD미디어,STD_009259,3,저장장치 > 공미디어 > DVD미디어
STD_009261,공테이프,STD_009259,3,저장장치 > 공미디어 > 공테이프
STD_009262,블루레이미디어,STD_009259,3,저장장치 > 공미디어 > 블루레이미디어
STD_009264,이동식메모리,STD_009253,2,저장장치 > 이동식메모리
STD_009263,CF메모리,STD_009264,3,저장장치 > 이동식메모리 > CF메모리
STD_009265,MicroSD메모리,STD_009264,3,저장장치 > 이동식메모리 > MicroSD메모리
STD_009266,SD메모리,STD_009264,3,저장장치 > 이동식메모리 > SD메모리
STD_009267,USB메모리,STD_009264,3,저장장치 > 이동식메모리 > USB메모리
STD_009268,XQD메모리,STD_009264,3,저장장치 > 이동식메모리 > XQD메모리
STD_009269,메모리스틱,STD_009264,3,저장장치 > 이동식메모리 > 메모리스틱
STD_009271,저장장치용품,STD_009253,2,저장장치 > 저장장치용품
STD_009270,SD카드어댑터,STD_009271,3,저장장치 > 저장장치용품 > SD카드어댑터
STD_009272,공미디어보관함,STD_009271,3,저장장치 > 저장장치용품 > 공미디어보관함
STD_009273,기타저장장치용품,STD_009271,3,저장장치 > 저장장치용품 > 기타저장장치용품
STD_009274,네트워크하드케이스,STD_009271,3,저장장치 > 저장장치용품 > 네트워크하드케이스
STD_009275,메모리카드리더기,STD_009271,3,저장장치 > 저장장치용품 > 메모리카드리더기
STD_009276,외장하드케이스,STD_009271,3,저장장치 > 저장장치용품 > 외장하드케이스
STD_009279,저장장치/부품/주변기기,ROOT,1,저장장치/부품/주변기기
STD_009278,CPU,STD_009279,2,저장장치/부품/주변기기 > CPU
STD_009277,CPU,STD_009278,3,저장장치/부품/주변기기 > CPU > CPU
STD_009281,PC관리,STD_009279,2,저장장치/부품/주변기기 > PC관리
STD_009280,배선정리,STD_009281,3,저장장치/부품/주변기기 > PC관리 > 배선정리
STD_009282,청소용품,STD_009281,3,저장장치/부품/주변기기 > PC관리 > 청소용품
STD_009283,클리너,STD_009281,3,저장장치/부품/주변기기 > PC관리 > 클리너
STD_009285,USB/케이블,STD_009279,2,저장장치/부품/주변기기 > USB/케이블
STD_009284,USB액세서리,STD_009285,3,저장장치/부품/주변기기 > USB/케이블 > USB액세서리
STD_009286,USB허브,STD_009285,3,저장장치/부품/주변기기 > USB/케이블 > USB허브
STD_009287,변환젠더,STD_009285,3,저장장치/부품/주변기기 > USB/케이블 > 변환젠더
STD_009288,케이블,STD_009285,3,저장장치/부품/주변기기 > USB/케이블 > 케이블
STD_009290,공유기/네트워크장비,STD_009279,2,저장장치/부품/주변기기 > 공유기/네트워크장비
STD_009289,CCTV,STD_009290,3,저장장치/부품/주변기기 > 공유기/네트워크장비 > CCTV
STD_009291,IP카메라,STD_009290,3,저장장치/부품/주변기기 > 공유기/네트워크장비 > IP카메라
STD_009292,랜/광통신장비,STD_009290,3,저장장치/부품/주변기기 > 공유기/네트워크장비 > 랜/광통신장비
STD_009293,랜카드,STD_009290,3,저장장치/부품/주변기기 > 공유기/네트워크장비 > 랜카드
STD_009294,무선랜증폭기,STD_009290,3,저장장치/부품/주변기기 > 공유기/네트워크장비 > 무선랜증폭기
STD_009295,스위칭허브,STD_009290,3,저장장치/부품/주변기기 > 공유기/네트워크장비 > 스위칭허브
STD_009296,액세서리,STD_009290,3,저장장치/부품/주변기기 > 공유기/네트워크장비 > 액세서리
STD_009297,유무선공유기,STD_009290,3,저장장치/부품/주변기기 > 공유기/네트워크장비 > 유무선공유기
STD_009299,그래픽카드,STD_009279,2,저장장치/부품/주변기기 > 그래픽카드
STD_009298,그래픽카드,STD_009299,3,저장장치/부품/주변기기 > 그래픽카드 > 그래픽카드
STD_009300,사운드카드,STD_009299,3,저장장치/부품/주변기기 > 그래픽카드 > 사운드카드
STD_009302,램(RAM),STD_009279,2,저장장치/부품/주변기기 > 램(RAM)
STD_009301,노트북용,STD_009302,3,저장장치/부품/주변기기 > 램(RAM) > 노트북용
STD_009303,데스크탑용,STD_009302,3,저장장치/부품/주변기기 > 램(RAM) > 데스크탑용
STD_009306,마우스/키보드,STD_009279,2,저장장치/부품/주변기기 > 마우스/키보드
STD_009305,게이밍마우스,STD_009306,3,저장장치/부품/주변기기 > 마우스/키보드 > 게이밍마우스
STD_009304,무선마우스,STD_009305,4,저장장치/부품/주변기기 > 마우스/키보드 > 게이밍마우스 > 무선마우스
STD_009307,유선마우스,STD_009305,4,저장장치/부품/주변기기 > 마우스/키보드 > 게이밍마우스 > 유선마우스
STD_009309,게이밍키보드,STD_009306,3,저장장치/부품/주변기기 > 마우스/키보드 > 게이밍키보드
STD_009308,무선키보드,STD_009309,4,저장장치/부품/주변기기 > 마우스/키보드 > 게이밍키보드 > 무선키보드
STD_009310,유선키보드,STD_009309,4,저장장치/부품/주변기기 > 마우스/키보드 > 게이밍키보드 > 유선키보드
STD_009311,마우스/키보드세트,STD_009306,3,저장장치/부품/주변기기 > 마우스/키보드 > 마우스/키보드세트
STD_009312,무선마우스,STD_009306,3,저장장치/부품/주변기기 > 마우스/키보드 > 무선마우스
STD_009313,무선키보드,STD_009306,3,저장장치/부품/주변기기 > 마우스/키보드 > 무선키보드
STD_009314,유선마우스,STD_009306,3,저장장치/부품/주변기기 > 마우스/키보드 > 유선마우스
STD_009315,유선키보드,STD_009306,3,저장장치/부품/주변기기 > 마우스/키보드 > 유선키보드
STD_009316,타블렛(디지타이저),STD_009306,3,저장장치/부품/주변기기 > 마우스/키보드 > 타블렛(디지타이저)
STD_009317,터치패드,STD_009306,3,저장장치/부품/주변기기 > 마우스/키보드 > 터치패드
STD_009318,프리젠터,STD_009306,3,저장장치/부품/주변기기 > 마우스/키보드 > 프리젠터
STD_009320,메인보드,STD_009279,2,저장장치/부품/주변기기 > 메인보드
STD_009319,AMDCPU용,STD_009320,3,저장장치/부품/주변기기 > 메인보드 > AMDCPU용
STD_009321,인텔CPU용,STD_009320,3,저장장치/부품/주변기기 > 메인보드 > 인텔CPU용
STD_009323,소프트웨어,STD_009279,2,저장장치/부품/주변기기 > 소프트웨어
STD_009322,MAC용,STD_009323,3,저장장치/부품/주변기기 > 소프트웨어 > MAC용
STD_009324,그래픽/멀티미디어,STD_009323,3,저장장치/부품/주변기기 > 소프트웨어 > 그래픽/멀티미디어
STD_009325,기타소프트웨어,STD_009323,3,저장장치/부품/주변기기 > 소프트웨어 > 기타소프트웨어
STD_009326,보안/백신,STD_009323,3,저장장치/부품/주변기기 > 소프트웨어 > 보안/백신
STD_009327,사무/회계,STD_009323,3,저장장치/부품/주변기기 > 소프트웨어 > 사무/회계
STD_009328,운영체제,STD_009323,3,저장장치/부품/주변기기 > 소프트웨어 > 운영체제
STD_009330,스피커/헤드셋/웹캠,STD_009279,2,저장장치/부품/주변기기 > 스피커/헤드셋/웹캠
STD_009329,PC스피커,STD_009330,3,저장장치/부품/주변기기 > 스피커/헤드셋/웹캠 > PC스피커
STD_009331,PC헤드셋,STD_009330,3,저장장치/부품/주변기기 > 스피커/헤드셋/웹캠 > PC헤드셋
STD_009332,웹캠,STD_009330,3,저장장치/부품/주변기기 > 스피커/헤드셋/웹캠 > 웹캠
STD_009334,저장장치,STD_009279,2,저장장치/부품/주변기기 > 저장장치
STD_009333,CD액세서리,STD_009334,3,저장장치/부품/주변기기 > 저장장치 > CD액세서리
STD_009335,HDD,STD_009334,3,저장장치/부품/주변기기 > 저장장치 > HDD
STD_009336,NAS,STD_009334,3,저장장치/부품/주변기기 > 저장장치 > NAS
STD_009337,ODD,STD_009334,3,저장장치/부품/주변기기 > 저장장치 > ODD
STD_009338,SSD,STD_009334,3,저장장치/부품/주변기기 > 저장장치 > SSD
STD_009339,USB메모리,STD_009334,3,저장장치/부품/주변기기 > 저장장치 > USB메모리
STD_009340,공디스크,STD_009334,3,저장장치/부품/주변기기 > 저장장치 > 공디스크
STD_009341,디스크복사기,STD_009334,3,저장장치/부품/주변기기 > 저장장치 > 디스크복사기
STD_009342,리더기,STD_009334,3,저장장치/부품/주변기기 > 저장장치 > 리더기
STD_009343,메모리카드,STD_009334,3,저장장치/부품/주변기기 > 저장장치 > 메모리카드
STD_009344,외장HDD,STD_009334,3,저장장치/부품/주변기기 > 저장장치 > 외장HDD
STD_009345,외장SSD,STD_009334,3,저장장치/부품/주변기기 > 저장장치 > 외장SSD
STD_009346,외장케이스,STD_009334,3,저장장치/부품/주변기기 > 저장장치 > 외장케이스
STD_009348,케이스/파워,STD_009279,2,저장장치/부품/주변기기 > 케이스/파워
STD_009347,케이스,STD_009348,3,저장장치/부품/주변기기 > 케이스/파워 > 케이스
STD_009349,파워,STD_009348,3,저장장치/부품/주변기기 > 케이스/파워 > 파워
STD_009351,쿨러,STD_009279,2,저장장치/부품/주변기기 > 쿨러
STD_009350,CPU쿨러,STD_009351,3,저장장치/부품/주변기기 > 쿨러 > CPU쿨러
STD_009352,케이스쿨러,STD_009351,3,저장장치/부품/주변기기 > 쿨러 > 케이스쿨러
STD_009355,조명/인테리어,ROOT,1,조명/인테리어
STD_009354,벽지,STD_009355,2,조명/인테리어 > 벽지
STD_009353,기타벽지,STD_009354,3,조명/인테리어 > 벽지 > 기타벽지
STD_009356,단열벽지,STD_009354,3,조명/인테리어 > 벽지 > 단열벽지
STD_009357,도배용품,STD_009354,3,조명/인테리어 > 벽지 > 도배용품
STD_009358,띠벽지,STD_009354,3,조명/인테리어 > 벽지 > 띠벽지
STD_009359,뮤럴벽지,STD_009354,3,조명/인테리어 > 벽지 > 뮤럴벽지
STD_009360,실크벽지,STD_009354,3,조명/인테리어 > 벽지 > 실크벽지
STD_009361,폼블럭,STD_009354,3,조명/인테리어 > 벽지 > 폼블럭
STD_009362,합지벽지,STD_009354,3,조명/인테리어 > 벽지 > 합지벽지
STD_009364,스탠드조명,STD_009355,2,조명/인테리어 > 스탠드조명
STD_009363,단스탠드,STD_009364,3,조명/인테리어 > 스탠드조명 > 단스탠드
STD_009365,장스탠드,STD_009364,3,조명/인테리어 > 스탠드조명 > 장스탠드
STD_009366,학습용스탠드,STD_009364,3,조명/인테리어 > 스탠드조명 > 학습용스탠드
STD_009368,시트지,STD_009355,2,조명/인테리어 > 시트지
STD_009367,가구시트지,STD_009368,3,조명/인테리어 > 시트지 > 가구시트지
STD_009369,기타시트지,STD_009368,3,조명/인테리어 > 시트지 > 기타시트지
STD_009370,시트벽지,STD_009368,3,조명/인테리어 > 시트지 > 시트벽지
STD_009371,창문시트지,STD_009368,3,조명/인테리어 > 시트지 > 창문시트지
STD_009372,포인트스티커,STD_009368,3,조명/인테리어 > 시트지 > 포인트스티커
STD_009373,현관문시트지,STD_009368,3,조명/인테리어 > 시트지 > 현관문시트지
STD_009375,아로마/캔들용품,STD_009355,2,조명/인테리어 > 아로마/캔들용품
STD_009374,기타/아로마캔들용품,STD_009375,3,조명/인테리어 > 아로마/캔들용품 > 기타/아로마캔들용품
STD_009376,디퓨저,STD_009375,3,조명/인테리어 > 아로마/캔들용품 > 디퓨저
STD_009377,아로마램프/오일,STD_009375,3,조명/인테리어 > 아로마/캔들용품 > 아로마램프/오일
STD_009378,초/향초,STD_009375,3,조명/인테리어 > 아로마/캔들용품 > 초/향초
STD_009379,촛대/홀더,STD_009375,3,조명/인테리어 > 아로마/캔들용품 > 촛대/홀더
STD_009380,캔들워머,STD_009375,3,조명/인테리어 > 아로마/캔들용품 > 캔들워머
STD_009382,인테리어소품,STD_009355,2,조명/인테리어 > 인테리어소품
STD_009381,공예품,STD_009382,3,조명/인테리어 > 인테리어소품 > 공예품
STD_009383,기타인테리어소품,STD_009382,3,조명/인테리어 > 인테리어소품 > 기타인테리어소품
STD_009384,디자인문패,STD_009382,3,조명/인테리어 > 인테리어소품 > 디자인문패
STD_009385,문종/풍경,STD_009382,3,조명/인테리어 > 인테리어소품 > 문종/풍경
STD_009386,미니어처,STD_009382,3,조명/인테리어 > 인테리어소품 > 미니어처
STD_009387,실내분수,STD_009382,3,조명/인테리어 > 인테리어소품 > 실내분수
STD_009388,오르골,STD_009382,3,조명/인테리어 > 인테리어소품 > 오르골
STD_009389,인터폰박스,STD_009382,3,조명/인테리어 > 인테리어소품 > 인터폰박스
STD_009390,인테리어파티션,STD_009382,3,조명/인테리어 > 인테리어소품 > 인테리어파티션
STD_009391,장식소품,STD_009382,3,조명/인테리어 > 인테리어소품 > 장식소품
STD_009392,조각상,STD_009382,3,조명/인테리어 > 인테리어소품 > 조각상
STD_009393,화병,STD_009382,3,조명/인테리어 > 인테리어소품 > 화병
STD_009395,인테리어시계,STD_009355,2,조명/인테리어 > 인테리어시계
STD_009394,벽시계,STD_009395,3,조명/인테리어 > 인테리어시계 > 벽시계
STD_009396,스탠드시계,STD_009395,3,조명/인테리어 > 인테리어시계 > 스탠드시계
STD_009397,탁상시계,STD_009395,3,조명/인테리어 > 인테리어시계 > 탁상시계
STD_009399,전구/형광등,STD_009355,2,조명/인테리어 > 전구/형광등
STD_009398,[사용안함] LED 형광등,STD_009399,3,조명/인테리어 > 전구/형광등 > [사용안함] LED 형광등
STD_009400,안정기,STD_009399,3,조명/인테리어 > 전구/형광등 > 안정기
STD_009401,전구,STD_009399,3,조명/인테리어 > 전구/형광등 > 전구
STD_009402,형광등,STD_009399,3,조명/인테리어 > 전구/형광등 > 형광등
STD_009404,조명기구,STD_009355,2,조명/인테리어 > 조명기구
STD_009403,LED모듈,STD_009404,3,조명/인테리어 > 조명기구 > LED모듈
STD_009405,거실조명,STD_009404,3,조명/인테리어 > 조명기구 > 거실조명
STD_009406,기타조명기구,STD_009404,3,조명/인테리어 > 조명기구 > 기타조명기구
STD_009407,무대/특수조명,STD_009404,3,조명/인테리어 > 조명기구 > 무대/특수조명
STD_009408,무드등/수면등,STD_009404,3,조명/인테리어 > 조명기구 > 무드등/수면등
STD_009409,방등,STD_009404,3,조명/인테리어 > 조명기구 > 방등
STD_009410,벽등,STD_009404,3,조명/인테리어 > 조명기구 > 벽등
STD_009411,센서등,STD_009404,3,조명/인테리어 > 조명기구 > 센서등
STD_009412,야외조명,STD_009404,3,조명/인테리어 > 조명기구 > 야외조명
STD_009413,욕실조명,STD_009404,3,조명/인테리어 > 조명기구 > 욕실조명
STD_009414,주방조명,STD_009404,3,조명/인테리어 > 조명기구 > 주방조명
STD_009415,투광기,STD_009404,3,조명/인테리어 > 조명기구 > 투광기
STD_009416,현관조명,STD_009404,3,조명/인테리어 > 조명기구 > 현관조명
STD_009418,타일/바닥재,STD_009355,2,조명/인테리어 > 타일/바닥재
STD_009417,기타타일/바닥재,STD_009418,3,조명/인테리어 > 타일/바닥재 > 기타타일/바닥재
STD_009419,대리석,STD_009418,3,조명/인테리어 > 타일/바닥재 > 대리석
STD_009420,데코타일,STD_009418,3,조명/인테리어 > 타일/바닥재 > 데코타일
STD_009421,마루,STD_009418,3,조명/인테리어 > 타일/바닥재 > 마루
STD_009422,장판,STD_009418,3,조명/인테리어 > 타일/바닥재 > 장판
STD_009424,페인트,STD_009355,2,조명/인테리어 > 페인트
STD_009423,라카/스프레이페인트,STD_009424,3,조명/인테리어 > 페인트 > 라카/스프레이페인트
STD_009425,바니쉬,STD_009424,3,조명/인테리어 > 페인트 > 바니쉬
STD_009426,방수페인트,STD_009424,3,조명/인테리어 > 페인트 > 방수페인트
STD_009427,수성페인트,STD_009424,3,조명/인테리어 > 페인트 > 수성페인트
STD_009428,스테인,STD_009424,3,조명/인테리어 > 페인트 > 스테인
STD_009429,에폭시,STD_009424,3,조명/인테리어 > 페인트 > 에폭시
STD_009430,우레탄,STD_009424,3,조명/인테리어 > 페인트 > 우레탄
STD_009431,유성페인트,STD_009424,3,조명/인테리어 > 페인트 > 유성페인트
STD_009432,젯소,STD_009424,3,조명/인테리어 > 페인트 > 젯소
STD_009433,페인트/도장용품,STD_009424,3,조명/인테리어 > 페인트 > 페인트/도장용품
STD_009435,홈갤러리/액자,STD_009355,2,조명/인테리어 > 홈갤러리/액자
STD_009434,기타홈갤러리/액자,STD_009435,3,조명/인테리어 > 홈갤러리/액자 > 기타홈갤러리/액자
STD_009436,벽걸이액자,STD_009435,3,조명/인테리어 > 홈갤러리/액자 > 벽걸이액자
STD_009437,사진작품,STD_009435,3,조명/인테리어 > 홈갤러리/액자 > 사진작품
STD_009438,아트포스터,STD_009435,3,조명/인테리어 > 홈갤러리/액자 > 아트포스터
STD_009439,유화그리기세트,STD_009435,3,조명/인테리어 > 홈갤러리/액자 > 유화그리기세트
STD_009440,탁상액자,STD_009435,3,조명/인테리어 > 홈갤러리/액자 > 탁상액자
STD_009441,회화,STD_009435,3,조명/인테리어 > 홈갤러리/액자 > 회화
STD_009444,주방가전,ROOT,1,주방가전
STD_009443,가스레인지,STD_009444,2,주방가전 > 가스레인지
STD_009442,가스레인지,STD_009443,3,주방가전 > 가스레인지 > 가스레인지
STD_009445,가스레인지후드,STD_009443,3,주방가전 > 가스레인지 > 가스레인지후드
STD_009446,가스오븐레인지,STD_009443,3,주방가전 > 가스레인지 > 가스오븐레인지
STD_009448,간식메이커,STD_009444,2,주방가전 > 간식메이커
STD_009447,기타간식메이커,STD_009448,3,주방가전 > 간식메이커 > 기타간식메이커
STD_009449,샌드위치메이커,STD_009448,3,주방가전 > 간식메이커 > 샌드위치메이커
STD_009450,솜사탕기계,STD_009448,3,주방가전 > 간식메이커 > 솜사탕기계
STD_009451,스낵메이커,STD_009448,3,주방가전 > 간식메이커 > 스낵메이커
STD_009452,와플메이커,STD_009448,3,주방가전 > 간식메이커 > 와플메이커
STD_009454,계량측정기기,STD_009444,2,주방가전 > 계량측정기기
STD_009453,염도계,STD_009454,3,주방가전 > 계량측정기기 > 염도계
STD_009455,전자저울,STD_009454,3,주방가전 > 계량측정기기 > 전자저울
STD_009457,기타주방가전,STD_009444,2,주방가전 > 기타주방가전
STD_009456,기타주방가전,STD_009457,3,주방가전 > 기타주방가전 > 기타주방가전
STD_009458,액세서리/소모품,STD_009457,3,주방가전 > 기타주방가전 > 액세서리/소모품
STD_009459,온장고,STD_009457,3,주방가전 > 기타주방가전 > 온장고
STD_009460,음식물처리기,STD_009457,3,주방가전 > 기타주방가전 > 음식물처리기
STD_009461,자판기,STD_009457,3,주방가전 > 기타주방가전 > 자판기
STD_009462,진공포장기,STD_009457,3,주방가전 > 기타주방가전 > 진공포장기
STD_009464,냉장고/냉동고,STD_009444,2,주방가전 > 냉장고/냉동고
STD_009463,김치냉장고,STD_009464,3,주방가전 > 냉장고/냉동고 > 김치냉장고
STD_009465,냉동고,STD_009464,3,주방가전 > 냉장고/냉동고 > 냉동고
STD_009466,냉장고/냉동고용품,STD_009464,3,주방가전 > 냉장고/냉동고 > 냉장고/냉동고용품
STD_009467,냉장쇼케이스,STD_009464,3,주방가전 > 냉장고/냉동고 > 냉장쇼케이스
STD_009468,미니냉장고,STD_009464,3,주방가전 > 냉장고/냉동고 > 미니냉장고
STD_009469,반찬냉장고,STD_009464,3,주방가전 > 냉장고/냉동고 > 반찬냉장고
STD_009470,쌀냉장고,STD_009464,3,주방가전 > 냉장고/냉동고 > 쌀냉장고
STD_009471,양문형냉장고,STD_009464,3,주방가전 > 냉장고/냉동고 > 양문형냉장고
STD_009472,업소용냉장고,STD_009464,3,주방가전 > 냉장고/냉동고 > 업소용냉장고
STD_009473,와인셀러,STD_009464,3,주방가전 > 냉장고/냉동고 > 와인셀러
STD_009474,육수냉장고,STD_009464,3,주방가전 > 냉장고/냉동고 > 육수냉장고
STD_009475,일반냉장고,STD_009464,3,주방가전 > 냉장고/냉동고 > 일반냉장고
STD_009476,화장품냉장고,STD_009464,3,주방가전 > 냉장고/냉동고 > 화장품냉장고
STD_009478,레인지,STD_009444,2,주방가전 > 레인지
STD_009477,가스레인지,STD_009478,3,주방가전 > 레인지 > 가스레인지
STD_009479,레인지용품,STD_009478,3,주방가전 > 레인지 > 레인지용품
STD_009480,레인지후드,STD_009478,3,주방가전 > 레인지 > 레인지후드
STD_009481,인덕션,STD_009478,3,주방가전 > 레인지 > 인덕션
STD_009482,전자레인지,STD_009478,3,주방가전 > 레인지 > 전자레인지
STD_009483,하이라이트 전기레인지,STD_009478,3,주방가전 > 레인지 > 하이라이트 전기레인지
STD_009484,하이브리드 전기레인지,STD_009478,3,주방가전 > 레인지 > 하이브리드 전기레인지
STD_009485,핫플레이트,STD_009478,3,주방가전 > 레인지 > 핫플레이트
STD_009487,믹서/블렌더,STD_009444,2,주방가전 > 믹서/블렌더
STD_009486,믹서기,STD_009487,3,주방가전 > 믹서/블렌더 > 믹서기
STD_009488,분쇄기,STD_009487,3,주방가전 > 믹서/블렌더 > 분쇄기
STD_009489,핸드블렌더,STD_009487,3,주방가전 > 믹서/블렌더 > 핸드블렌더
STD_009491,믹서기/원액기,STD_009444,2,주방가전 > 믹서기/원액기
STD_009490,녹즙기/쥬서기,STD_009491,3,주방가전 > 믹서기/원액기 > 녹즙기/쥬서기
STD_009492,믹서기,STD_009491,3,주방가전 > 믹서기/원액기 > 믹서기
STD_009493,믹서기/원액기용품,STD_009491,3,주방가전 > 믹서기/원액기 > 믹서기/원액기용품
STD_009494,블렌더,STD_009491,3,주방가전 > 믹서기/원액기 > 블렌더
STD_009495,착즙기/쥬서기,STD_009491,3,주방가전 > 믹서기/원액기 > 착즙기/쥬서기
STD_009497,빙과기기,STD_009444,2,주방가전 > 빙과기기
STD_009496,빙과기기용품,STD_009497,3,주방가전 > 빙과기기 > 빙과기기용품
STD_009498,빙수기,STD_009497,3,주방가전 > 빙과기기 > 빙수기
STD_009499,슬러시기계,STD_009497,3,주방가전 > 빙과기기 > 슬러시기계
STD_009500,아이스크림제조기,STD_009497,3,주방가전 > 빙과기기 > 아이스크림제조기
STD_009501,제빙기,STD_009497,3,주방가전 > 빙과기기 > 제빙기
STD_009503,세척/살균기,STD_009444,2,주방가전 > 세척/살균기
STD_009502,살균건조기,STD_009503,3,주방가전 > 세척/살균기 > 살균건조기
STD_009504,식기세척기,STD_009503,3,주방가전 > 세척/살균기 > 식기세척기
STD_009505,야채과일세척기,STD_009503,3,주방가전 > 세척/살균기 > 야채과일세척기
STD_009506,젖병소독기,STD_009503,3,주방가전 > 세척/살균기 > 젖병소독기
STD_009508,식기세척건조기,STD_009444,2,주방가전 > 식기세척건조기
STD_009507,기타식기세척건조기,STD_009508,3,주방가전 > 식기세척건조기 > 기타식기세척건조기
STD_009509,식기건조기/식기살균기,STD_009508,3,주방가전 > 식기세척건조기 > 식기건조기/식기살균기
STD_009510,식기세척기,STD_009508,3,주방가전 > 식기세척건조기 > 식기세척기
STD_009511,야채/과일세척기,STD_009508,3,주방가전 > 식기세척건조기 > 야채/과일세척기
STD_009512,온장고,STD_009508,3,주방가전 > 식기세척건조기 > 온장고
STD_009514,식품제조기,STD_009444,2,주방가전 > 식품제조기
STD_009513,거품기,STD_009514,3,주방가전 > 식품제조기 > 거품기
STD_009515,거품기/반죽기,STD_009514,3,주방가전 > 식품제조기 > 거품기/반죽기
STD_009516,거품반죽기,STD_009514,3,주방가전 > 식품제조기 > 거품반죽기
STD_009517,기타식품제조기,STD_009514,3,주방가전 > 식품제조기 > 기타식품제조기
STD_009518,누룽지제조기,STD_009514,3,주방가전 > 식품제조기 > 누룽지제조기
STD_009519,두부/두유제조기,STD_009514,3,주방가전 > 식품제조기 > 두부/두유제조기
STD_009520,반죽기,STD_009514,3,주방가전 > 식품제조기 > 반죽기
STD_009521,빙수기,STD_009514,3,주방가전 > 식품제조기 > 빙수기
STD_009522,샌드위치메이커,STD_009514,3,주방가전 > 식품제조기 > 샌드위치메이커
STD_009523,식품건조기,STD_009514,3,주방가전 > 식품제조기 > 식품건조기
STD_009524,식품제조기용품,STD_009514,3,주방가전 > 식품제조기 > 식품제조기용품
STD_009525,아이스크림제조기,STD_009514,3,주방가전 > 식품제조기 > 아이스크림제조기
STD_009526,영양식/이유식제조기,STD_009514,3,주방가전 > 식품제조기 > 영양식/이유식제조기
STD_009527,와플메이커,STD_009514,3,주방가전 > 식품제조기 > 와플메이커
STD_009528,요구르트/청국장제조기,STD_009514,3,주방가전 > 식품제조기 > 요구르트/청국장제조기
STD_009529,요구르트제조기,STD_009514,3,주방가전 > 식품제조기 > 요구르트제조기
STD_009530,이유식/죽제조기,STD_009514,3,주방가전 > 식품제조기 > 이유식/죽제조기
STD_009531,제면기,STD_009514,3,주방가전 > 식품제조기 > 제면기
STD_009532,제빙기,STD_009514,3,주방가전 > 식품제조기 > 제빙기
STD_009533,제빵기,STD_009514,3,주방가전 > 식품제조기 > 제빵기
STD_009534,제빵기/제과기,STD_009514,3,주방가전 > 식품제조기 > 제빵기/제과기
STD_009535,주서기,STD_009514,3,주방가전 > 식품제조기 > 주서기
STD_009536,죽제조기,STD_009514,3,주방가전 > 식품제조기 > 죽제조기
STD_009537,채유기,STD_009514,3,주방가전 > 식품제조기 > 채유기
STD_009538,탄산수제조기,STD_009514,3,주방가전 > 식품제조기 > 탄산수제조기
STD_009539,팝콘제조기,STD_009514,3,주방가전 > 식품제조기 > 팝콘제조기
STD_009540,햄버거메이커,STD_009514,3,주방가전 > 식품제조기 > 햄버거메이커
STD_009542,에어프라이어/튀김기,STD_009444,2,주방가전 > 에어프라이어/튀김기
STD_009541,에어프라이어,STD_009542,3,주방가전 > 에어프라이어/튀김기 > 에어프라이어
STD_009543,튀김기,STD_009542,3,주방가전 > 에어프라이어/튀김기 > 튀김기
STD_009544,튀김기용품,STD_009542,3,주방가전 > 에어프라이어/튀김기 > 튀김기용품
STD_009546,오븐,STD_009444,2,주방가전 > 오븐
STD_009545,가스오븐,STD_009546,3,주방가전 > 오븐 > 가스오븐
STD_009547,멀티오븐,STD_009546,3,주방가전 > 오븐 > 멀티오븐
STD_009548,일반오븐,STD_009546,3,주방가전 > 오븐 > 일반오븐
STD_009549,전기오븐,STD_009546,3,주방가전 > 오븐 > 전기오븐
STD_009551,전기그릴/전기팬,STD_009444,2,주방가전 > 전기그릴/전기팬
STD_009550,전기그릴,STD_009551,3,주방가전 > 전기그릴/전기팬 > 전기그릴
STD_009552,전기그릴/전기팬용품,STD_009551,3,주방가전 > 전기그릴/전기팬 > 전기그릴/전기팬용품
STD_009553,전기팬,STD_009551,3,주방가전 > 전기그릴/전기팬 > 전기팬
STD_009555,전기그릴/팬,STD_009444,2,주방가전 > 전기그릴/팬
STD_009554,생선구이기,STD_009555,3,주방가전 > 전기그릴/팬 > 생선구이기
STD_009556,전기그릴,STD_009555,3,주방가전 > 전기그릴/팬 > 전기그릴
STD_009557,전기그릴/팬,STD_009555,3,주방가전 > 전기그릴/팬 > 전기그릴/팬
STD_009558,전기그릴/팬용품,STD_009555,3,주방가전 > 전기그릴/팬 > 전기그릴/팬용품
STD_009559,전기팬,STD_009555,3,주방가전 > 전기그릴/팬 > 전기팬
STD_009561,전기레인지,STD_009444,2,주방가전 > 전기레인지
STD_009560,인덕션,STD_009561,3,주방가전 > 전기레인지 > 인덕션
STD_009562,하이라이트,STD_009561,3,주방가전 > 전기레인지 > 하이라이트
STD_009563,하이브리드,STD_009561,3,주방가전 > 전기레인지 > 하이브리드
STD_009565,전기밥솥,STD_009444,2,주방가전 > 전기밥솥
STD_009564,압력밥솥,STD_009565,3,주방가전 > 전기밥솥 > 압력밥솥
STD_009566,업소용밥솥,STD_009565,3,주방가전 > 전기밥솥 > 업소용밥솥
STD_009567,일반밥솥,STD_009565,3,주방가전 > 전기밥솥 > 일반밥솥
STD_009568,전기밥솥,STD_009565,3,주방가전 > 전기밥솥 > 전기밥솥
STD_009569,전기밥솥용품,STD_009565,3,주방가전 > 전기밥솥 > 전기밥솥용품
STD_009571,전기주전자/포트,STD_009444,2,주방가전 > 전기주전자/포트
STD_009570,멀티/라면포트,STD_009571,3,주방가전 > 전기주전자/포트 > 멀티/라면포트
STD_009572,무선포트,STD_009571,3,주방가전 > 전기주전자/포트 > 무선포트
STD_009573,보온포트,STD_009571,3,주방가전 > 전기주전자/포트 > 보온포트
STD_009574,티메이커,STD_009571,3,주방가전 > 전기주전자/포트 > 티메이커
STD_009576,전기쿠커,STD_009444,2,주방가전 > 전기쿠커
STD_009575,멀티쿠커,STD_009576,3,주방가전 > 전기쿠커 > 멀티쿠커
STD_009577,전기냄비,STD_009576,3,주방가전 > 전기쿠커 > 전기냄비
STD_009578,전기찜기,STD_009576,3,주방가전 > 전기쿠커 > 전기찜기
STD_009579,찜기/에그쿠커,STD_009576,3,주방가전 > 전기쿠커 > 찜기/에그쿠커
STD_009581,전기포트,STD_009444,2,주방가전 > 전기포트
STD_009580,라면포트,STD_009581,3,주방가전 > 전기포트 > 라면포트
STD_009582,보온/분유포트,STD_009581,3,주방가전 > 전기포트 > 보온/분유포트
STD_009583,일반전기포트,STD_009581,3,주방가전 > 전기포트 > 일반전기포트
STD_009584,전기포트용품,STD_009581,3,주방가전 > 전기포트 > 전기포트용품
STD_009586,전자레인지,STD_009444,2,주방가전 > 전자레인지
STD_009585,전자레인지,STD_009586,3,주방가전 > 전자레인지 > 전자레인지
STD_009588,정수기,STD_009444,2,주방가전 > 정수기
STD_009587,냉온수기,STD_009588,3,주방가전 > 정수기 > 냉온수기
STD_009589,냉온정수기,STD_009588,3,주방가전 > 정수기 > 냉온정수기
STD_009590,냉정수기,STD_009588,3,주방가전 > 정수기 > 냉정수기
STD_009591,미니정수기,STD_009588,3,주방가전 > 정수기 > 미니정수기
STD_009592,얼음정수기,STD_009588,3,주방가전 > 정수기 > 얼음정수기
STD_009593,이온수기,STD_009588,3,주방가전 > 정수기 > 이온수기
STD_009595,제빙기/빙수기,STD_009444,2,주방가전 > 제빙기/빙수기
STD_009594,빙과기기용품,STD_009595,3,주방가전 > 제빙기/빙수기 > 빙과기기용품
STD_009596,빙수기,STD_009595,3,주방가전 > 제빙기/빙수기 > 빙수기
STD_009597,슬러시기계,STD_009595,3,주방가전 > 제빙기/빙수기 > 슬러시기계
STD_009598,아이스크림제조기,STD_009595,3,주방가전 > 제빙기/빙수기 > 아이스크림제조기
STD_009599,제빙기,STD_009595,3,주방가전 > 제빙기/빙수기 > 제빙기
STD_009601,주방보조기기,STD_009444,2,주방가전 > 주방보조기기
STD_009600,비닐접착기,STD_009601,3,주방가전 > 주방보조기기 > 비닐접착기
STD_009602,음식물처리기,STD_009601,3,주방가전 > 주방보조기기 > 음식물처리기
STD_009603,주방보조기기용품,STD_009601,3,주방가전 > 주방보조기기 > 주방보조기기용품
STD_009604,진공포장기,STD_009601,3,주방가전 > 주방보조기기 > 진공포장기
STD_009606,주서/녹즙기,STD_009444,2,주방가전 > 주서/녹즙기
STD_009605,녹즙기,STD_009606,3,주방가전 > 주서/녹즙기 > 녹즙기
STD_009607,원액/착즙기,STD_009606,3,주방가전 > 주서/녹즙기 > 원액/착즙기
STD_009608,쥬스냉각기,STD_009606,3,주방가전 > 주서/녹즙기 > 쥬스냉각기
STD_009610,중탕/약탕기,STD_009444,2,주방가전 > 중탕/약탕기
STD_009609,약탕기,STD_009610,3,주방가전 > 중탕/약탕기 > 약탕기
STD_009611,중탕기,STD_009610,3,주방가전 > 중탕/약탕기 > 중탕기
STD_009612,홍삼제조기,STD_009610,3,주방가전 > 중탕/약탕기 > 홍삼제조기
STD_009614,중탕기/약탕기,STD_009444,2,주방가전 > 중탕기/약탕기
STD_009613,약탕기,STD_009614,3,주방가전 > 중탕기/약탕기 > 약탕기
STD_009615,중탕기,STD_009614,3,주방가전 > 중탕기/약탕기 > 중탕기
STD_009616,중탕기/약탕기용품,STD_009614,3,주방가전 > 중탕기/약탕기 > 중탕기/약탕기용품
STD_009617,홍삼액제조기,STD_009614,3,주방가전 > 중탕기/약탕기 > 홍삼액제조기
STD_009619,커피머신,STD_009444,2,주방가전 > 커피머신
STD_009618,업소용에스프레소머신,STD_009619,3,주방가전 > 커피머신 > 업소용에스프레소머신
STD_009620,에스프레소머신,STD_009619,3,주방가전 > 커피머신 > 에스프레소머신
STD_009621,원두분쇄기,STD_009619,3,주방가전 > 커피머신 > 원두분쇄기
STD_009622,캡슐커피머신,STD_009619,3,주방가전 > 커피머신 > 캡슐커피머신
STD_009623,커피로스터,STD_009619,3,주방가전 > 커피머신 > 커피로스터
STD_009624,커피메이커,STD_009619,3,주방가전 > 커피머신 > 커피메이커
STD_009626,커피메이커,STD_009444,2,주방가전 > 커피메이커
STD_009625,드립커피머신,STD_009626,3,주방가전 > 커피메이커 > 드립커피머신
STD_009627,에스프레소머신,STD_009626,3,주방가전 > 커피메이커 > 에스프레소머신
STD_009628,우유거품기,STD_009626,3,주방가전 > 커피메이커 > 우유거품기
STD_009629,우유거품기계,STD_009626,3,주방가전 > 커피메이커 > 우유거품기계
STD_009630,전동그라인더,STD_009626,3,주방가전 > 커피메이커 > 전동그라인더
STD_009631,캡슐커피머신,STD_009626,3,주방가전 > 커피메이커 > 캡슐커피머신
STD_009632,커피로스터,STD_009626,3,주방가전 > 커피메이커 > 커피로스터
STD_009633,커피로스터기,STD_009626,3,주방가전 > 커피메이커 > 커피로스터기
STD_009634,커피메이커용품,STD_009626,3,주방가전 > 커피메이커 > 커피메이커용품
STD_009635,커피자판기,STD_009626,3,주방가전 > 커피메이커 > 커피자판기
STD_009637,토스터기,STD_009444,2,주방가전 > 토스터기
STD_009636,오븐토스터기,STD_009637,3,주방가전 > 토스터기 > 오븐토스터기
STD_009638,토스터기,STD_009637,3,주방가전 > 토스터기 > 토스터기
STD_009639,팝업토스터기,STD_009637,3,주방가전 > 토스터기 > 팝업토스터기
STD_009641,튀김기,STD_009444,2,주방가전 > 튀김기
STD_009640,에어프라이어,STD_009641,3,주방가전 > 튀김기 > 에어프라이어
STD_009642,튀김기,STD_009641,3,주방가전 > 튀김기 > 튀김기
STD_009643,튀김기용품,STD_009641,3,주방가전 > 튀김기 > 튀김기용품
STD_009646,주방용품,ROOT,1,주방용품
STD_009645,교자상/다용도상,STD_009646,2,주방용품 > 교자상/다용도상
STD_009644,교자상/밥상,STD_009645,3,주방용품 > 교자상/다용도상 > 교자상/밥상
STD_009647,다용도상,STD_009645,3,주방용품 > 교자상/다용도상 > 다용도상
STD_009648,상커버,STD_009645,3,주방용품 > 교자상/다용도상 > 상커버
STD_009649,찻상/다과상,STD_009645,3,주방용품 > 교자상/다용도상 > 찻상/다과상
STD_009651,그릇/식기,STD_009646,2,주방용품 > 그릇/식기
STD_009650,공기,STD_009651,3,주방용품 > 그릇/식기 > 공기
STD_009652,공기대접세트,STD_009651,3,주방용품 > 그릇/식기 > 공기대접세트
STD_009653,기타식기,STD_009651,3,주방용품 > 그릇/식기 > 기타식기
STD_009654,대접,STD_009651,3,주방용품 > 그릇/식기 > 대접
STD_009655,면기,STD_009651,3,주방용품 > 그릇/식기 > 면기
STD_009656,반상기/단반상기,STD_009651,3,주방용품 > 그릇/식기 > 반상기/단반상기
STD_009657,볼,STD_009651,3,주방용품 > 그릇/식기 > 볼
STD_009658,식기홈세트,STD_009651,3,주방용품 > 그릇/식기 > 식기홈세트
STD_009659,식판,STD_009651,3,주방용품 > 그릇/식기 > 식판
STD_009660,접시/플레이트,STD_009651,3,주방용품 > 그릇/식기 > 접시/플레이트
STD_009661,종지/소스볼,STD_009651,3,주방용품 > 그릇/식기 > 종지/소스볼
STD_009662,찬기,STD_009651,3,주방용품 > 그릇/식기 > 찬기
STD_009664,냄비/솥,STD_009646,2,주방용품 > 냄비/솥
STD_009663,가마솥,STD_009664,3,주방용품 > 냄비/솥 > 가마솥
STD_009665,곰솥,STD_009664,3,주방용품 > 냄비/솥 > 곰솥
STD_009666,냄비,STD_009664,3,주방용품 > 냄비/솥 > 냄비
STD_009667,돌솥,STD_009664,3,주방용품 > 냄비/솥 > 돌솥
STD_009668,들통,STD_009664,3,주방용품 > 냄비/솥 > 들통
STD_009669,뚝배기,STD_009664,3,주방용품 > 냄비/솥 > 뚝배기
STD_009670,압력솥,STD_009664,3,주방용품 > 냄비/솥 > 압력솥
STD_009671,찜솥,STD_009664,3,주방용품 > 냄비/솥 > 찜솥
STD_009673,냄비/솥/프라이팬,STD_009646,2,주방용품 > 냄비/솥/프라이팬
STD_009672,곰솥/다용도솥,STD_009673,3,주방용품 > 냄비/솥/프라이팬 > 곰솥/다용도솥
STD_009674,구이팬/그릴팬,STD_009673,3,주방용품 > 냄비/솥/프라이팬 > 구이팬/그릴팬
STD_009675,궁중팬/웍,STD_009673,3,주방용품 > 냄비/솥/프라이팬 > 궁중팬/웍
STD_009676,냄비/솥부자재,STD_009673,3,주방용품 > 냄비/솥/프라이팬 > 냄비/솥부자재
STD_009677,냄비세트,STD_009673,3,주방용품 > 냄비/솥/프라이팬 > 냄비세트
STD_009678,냄비프라이팬세트,STD_009673,3,주방용품 > 냄비/솥/프라이팬 > 냄비프라이팬세트
STD_009679,돌솥/가마솥,STD_009673,3,주방용품 > 냄비/솥/프라이팬 > 돌솥/가마솥
STD_009680,뚝배기/내열냄비,STD_009673,3,주방용품 > 냄비/솥/프라이팬 > 뚝배기/내열냄비
STD_009681,압력솥,STD_009673,3,주방용품 > 냄비/솥/프라이팬 > 압력솥
STD_009682,양면팬,STD_009673,3,주방용품 > 냄비/솥/프라이팬 > 양면팬
STD_009683,양수냄비,STD_009673,3,주방용품 > 냄비/솥/프라이팬 > 양수냄비
STD_009684,와플팬,STD_009673,3,주방용품 > 냄비/솥/프라이팬 > 와플팬
STD_009685,전골냄비,STD_009673,3,주방용품 > 냄비/솥/프라이팬 > 전골냄비
STD_009686,직화냄비,STD_009673,3,주방용품 > 냄비/솥/프라이팬 > 직화냄비
STD_009687,찜기/찜냄비,STD_009673,3,주방용품 > 냄비/솥/프라이팬 > 찜기/찜냄비
STD_009688,편수냄비,STD_009673,3,주방용품 > 냄비/솥/프라이팬 > 편수냄비
STD_009689,프라이팬,STD_009673,3,주방용품 > 냄비/솥/프라이팬 > 프라이팬
STD_009690,프라이팬세트,STD_009673,3,주방용품 > 냄비/솥/프라이팬 > 프라이팬세트
STD_009692,베이킹용품,STD_009646,2,주방용품 > 베이킹용품
STD_009691,기타베이킹용품,STD_009692,3,주방용품 > 베이킹용품 > 기타베이킹용품
STD_009693,밀대,STD_009692,3,주방용품 > 베이킹용품 > 밀대
STD_009694,베이킹시트/베이킹컵,STD_009692,3,주방용품 > 베이킹용품 > 베이킹시트/베이킹컵
STD_009695,베이킹포장/데코,STD_009692,3,주방용품 > 베이킹용품 > 베이킹포장/데코
STD_009696,빵칼,STD_009692,3,주방용품 > 베이킹용품 > 빵칼
STD_009697,빵틀/몰드,STD_009692,3,주방용품 > 베이킹용품 > 빵틀/몰드
STD_009698,스크래퍼,STD_009692,3,주방용품 > 베이킹용품 > 스크래퍼
STD_009699,스패츌러,STD_009692,3,주방용품 > 베이킹용품 > 스패츌러
STD_009700,짤주머니/깍지,STD_009692,3,주방용품 > 베이킹용품 > 짤주머니/깍지
STD_009701,쿠키커터,STD_009692,3,주방용품 > 베이킹용품 > 쿠키커터
STD_009702,쿠키팬,STD_009692,3,주방용품 > 베이킹용품 > 쿠키팬
STD_009703,쿨링랙/식힘망,STD_009692,3,주방용품 > 베이킹용품 > 쿨링랙/식힘망
STD_009705,보관/밀폐용기,STD_009646,2,주방용품 > 보관/밀폐용기
STD_009704,기타보관/밀폐용기,STD_009705,3,주방용품 > 보관/밀폐용기 > 기타보관/밀폐용기
STD_009706,기타보관용기,STD_009705,3,주방용품 > 보관/밀폐용기 > 기타보관용기
STD_009707,김치통,STD_009705,3,주방용품 > 보관/밀폐용기 > 김치통
STD_009708,냉장고정리용기,STD_009705,3,주방용품 > 보관/밀폐용기 > 냉장고정리용기
STD_009709,도시락/찬합,STD_009705,3,주방용품 > 보관/밀폐용기 > 도시락/찬합
STD_009710,물병,STD_009705,3,주방용품 > 보관/밀폐용기 > 물병
STD_009711,물통,STD_009705,3,주방용품 > 보관/밀폐용기 > 물통
STD_009712,물통/물병,STD_009705,3,주방용품 > 보관/밀폐용기 > 물통/물병
STD_009713,밀폐용기,STD_009705,3,주방용품 > 보관/밀폐용기 > 밀폐용기
STD_009714,밧드,STD_009705,3,주방용품 > 보관/밀폐용기 > 밧드
STD_009715,밧드/반찬통,STD_009705,3,주방용품 > 보관/밀폐용기 > 밧드/반찬통
STD_009716,보관용기,STD_009705,3,주방용품 > 보관/밀폐용기 > 보관용기
STD_009717,보온/보냉도시락,STD_009705,3,주방용품 > 보관/밀폐용기 > 보온/보냉도시락
STD_009718,보온/보냉병,STD_009705,3,주방용품 > 보관/밀폐용기 > 보온/보냉병
STD_009719,보온병/보냉병,STD_009705,3,주방용품 > 보관/밀폐용기 > 보온병/보냉병
STD_009720,소스병,STD_009705,3,주방용품 > 보관/밀폐용기 > 소스병
STD_009721,술병,STD_009705,3,주방용품 > 보관/밀폐용기 > 술병
STD_009722,시리얼디스펜서,STD_009705,3,주방용품 > 보관/밀폐용기 > 시리얼디스펜서
STD_009723,쌀통,STD_009705,3,주방용품 > 보관/밀폐용기 > 쌀통
STD_009724,아이스박스,STD_009705,3,주방용품 > 보관/밀폐용기 > 아이스박스
STD_009725,아이스트레이,STD_009705,3,주방용품 > 보관/밀폐용기 > 아이스트레이
STD_009726,양념통,STD_009705,3,주방용품 > 보관/밀폐용기 > 양념통
STD_009727,양념통/소스병,STD_009705,3,주방용품 > 보관/밀폐용기 > 양념통/소스병
STD_009728,오븐트레이,STD_009705,3,주방용품 > 보관/밀폐용기 > 오븐트레이
STD_009729,쟁반,STD_009705,3,주방용품 > 보관/밀폐용기 > 쟁반
STD_009730,전자레인지용기,STD_009705,3,주방용품 > 보관/밀폐용기 > 전자레인지용기
STD_009731,항아리,STD_009705,3,주방용품 > 보관/밀폐용기 > 항아리
STD_009733,수저/커트러리,STD_009646,2,주방용품 > 수저/커트러리
STD_009732,수저받침,STD_009733,3,주방용품 > 수저/커트러리 > 수저받침
STD_009734,숟가락/젓가락,STD_009733,3,주방용품 > 수저/커트러리 > 숟가락/젓가락
STD_009735,양식기/커트러리세트,STD_009733,3,주방용품 > 수저/커트러리 > 양식기/커트러리세트
STD_009736,티스푼/티포크,STD_009733,3,주방용품 > 수저/커트러리 > 티스푼/티포크
STD_009738,수저/포크,STD_009646,2,주방용품 > 수저/포크
STD_009737,나이프,STD_009738,3,주방용품 > 수저/포크 > 나이프
STD_009739,수저받침,STD_009738,3,주방용품 > 수저/포크 > 수저받침
STD_009740,수저세트,STD_009738,3,주방용품 > 수저/포크 > 수저세트
STD_009741,숟가락/젓가락,STD_009738,3,주방용품 > 수저/포크 > 숟가락/젓가락
STD_009742,양식기세트,STD_009738,3,주방용품 > 수저/포크 > 양식기세트
STD_009743,티스푼,STD_009738,3,주방용품 > 수저/포크 > 티스푼
STD_009744,티스푼/포크세트,STD_009738,3,주방용품 > 수저/포크 > 티스푼/포크세트
STD_009745,티포크,STD_009738,3,주방용품 > 수저/포크 > 티포크
STD_009746,포크,STD_009738,3,주방용품 > 수저/포크 > 포크
STD_009748,식기,STD_009646,2,주방용품 > 식기
STD_009747,공기,STD_009748,3,주방용품 > 식기 > 공기
STD_009749,기타식기,STD_009748,3,주방용품 > 식기 > 기타식기
STD_009750,대접,STD_009748,3,주방용품 > 식기 > 대접
STD_009751,면기,STD_009748,3,주방용품 > 식기 > 면기
STD_009752,식기세트,STD_009748,3,주방용품 > 식기 > 식기세트
STD_009753,식판,STD_009748,3,주방용품 > 식기 > 식판
STD_009754,접시,STD_009748,3,주방용품 > 식기 > 접시
STD_009755,찬기,STD_009748,3,주방용품 > 식기 > 찬기
STD_009757,와인용품,STD_009646,2,주방용품 > 와인용품
STD_009756,기타와인용품,STD_009757,3,주방용품 > 와인용품 > 기타와인용품
STD_009758,디캔터,STD_009757,3,주방용품 > 와인용품 > 디캔터
STD_009759,스토퍼/푸어러,STD_009757,3,주방용품 > 와인용품 > 스토퍼/푸어러
STD_009760,와인디캔터,STD_009757,3,주방용품 > 와인용품 > 와인디캔터
STD_009761,와인랙,STD_009757,3,주방용품 > 와인용품 > 와인랙
STD_009762,와인스토퍼,STD_009757,3,주방용품 > 와인용품 > 와인스토퍼
STD_009763,와인오프너,STD_009757,3,주방용품 > 와인용품 > 와인오프너
STD_009764,와인쿨러,STD_009757,3,주방용품 > 와인용품 > 와인쿨러
STD_009765,와인쿨러/버킷,STD_009757,3,주방용품 > 와인용품 > 와인쿨러/버킷
STD_009767,잔/컵,STD_009646,2,주방용품 > 잔/컵
STD_009766,머그컵,STD_009767,3,주방용품 > 잔/컵 > 머그컵
STD_009768,물컵,STD_009767,3,주방용품 > 잔/컵 > 물컵
STD_009769,주류잔,STD_009767,3,주방용품 > 잔/컵 > 주류잔
STD_009770,커피잔/찻잔,STD_009767,3,주방용품 > 잔/컵 > 커피잔/찻잔
STD_009771,텀블러,STD_009767,3,주방용품 > 잔/컵 > 텀블러
STD_009773,제과/제빵도구,STD_009646,2,주방용품 > 제과/제빵도구
STD_009772,계량스푼/컵/스쿱,STD_009773,3,주방용품 > 제과/제빵도구 > 계량스푼/컵/스쿱
STD_009774,기타제과/제빵도구,STD_009773,3,주방용품 > 제과/제빵도구 > 기타제과/제빵도구
STD_009775,베이킹컵,STD_009773,3,주방용품 > 제과/제빵도구 > 베이킹컵
STD_009776,베이킹틀,STD_009773,3,주방용품 > 제과/제빵도구 > 베이킹틀
STD_009777,베이킹팬,STD_009773,3,주방용품 > 제과/제빵도구 > 베이킹팬
STD_009778,빵칼/스크래퍼,STD_009773,3,주방용품 > 제과/제빵도구 > 빵칼/스크래퍼
STD_009779,유산지/베이킹매트,STD_009773,3,주방용품 > 제과/제빵도구 > 유산지/베이킹매트
STD_009780,조리용온도계,STD_009773,3,주방용품 > 제과/제빵도구 > 조리용온도계
STD_009781,주방저울,STD_009773,3,주방용품 > 제과/제빵도구 > 주방저울
STD_009782,짤주머니/반죽밀대,STD_009773,3,주방용품 > 제과/제빵도구 > 짤주머니/반죽밀대
STD_009783,케익스탠드/트레이,STD_009773,3,주방용품 > 제과/제빵도구 > 케익스탠드/트레이
STD_009784,쿠키커터,STD_009773,3,주방용품 > 제과/제빵도구 > 쿠키커터
STD_009785,쿠킹타이머,STD_009773,3,주방용품 > 제과/제빵도구 > 쿠킹타이머
STD_009787,제수용품,STD_009646,2,주방용품 > 제수용품
STD_009786,기타제수용품,STD_009787,3,주방용품 > 제수용품 > 기타제수용품
STD_009788,병풍,STD_009787,3,주방용품 > 제수용품 > 병풍
STD_009789,병풍/제사용돗자리,STD_009787,3,주방용품 > 제수용품 > 병풍/제사용돗자리
STD_009790,위패,STD_009787,3,주방용품 > 제수용품 > 위패
STD_009791,제기/제기세트,STD_009787,3,주방용품 > 제수용품 > 제기/제기세트
STD_009792,제기세트,STD_009787,3,주방용품 > 제수용품 > 제기세트
STD_009793,제기함,STD_009787,3,주방용품 > 제수용품 > 제기함
STD_009794,제사용향/초,STD_009787,3,주방용품 > 제수용품 > 제사용향/초
STD_009795,향/향로,STD_009787,3,주방용품 > 제수용품 > 향/향로
STD_009796,휴대용제기세트,STD_009787,3,주방용품 > 제수용품 > 휴대용제기세트
STD_009798,조리도구,STD_009646,2,주방용품 > 조리도구
STD_009797,거품기,STD_009798,3,주방용품 > 조리도구 > 거품기
STD_009799,건지기/거름망,STD_009798,3,주방용품 > 조리도구 > 건지기/거름망
STD_009800,국자,STD_009798,3,주방용품 > 조리도구 > 국자
STD_009801,기타조리도구,STD_009798,3,주방용품 > 조리도구 > 기타조리도구
STD_009802,김밥/주먹밥틀,STD_009798,3,주방용품 > 조리도구 > 김밥/주먹밥틀
STD_009803,깔때기,STD_009798,3,주방용품 > 조리도구 > 깔때기
STD_009804,다시망,STD_009798,3,주방용품 > 조리도구 > 다시망
STD_009805,다시망/차거름망,STD_009798,3,주방용품 > 조리도구 > 다시망/차거름망
STD_009806,도마,STD_009798,3,주방용품 > 조리도구 > 도마
STD_009807,뒤집개,STD_009798,3,주방용품 > 조리도구 > 뒤집개
STD_009808,모양틀,STD_009798,3,주방용품 > 조리도구 > 모양틀
STD_009809,믹싱볼,STD_009798,3,주방용품 > 조리도구 > 믹싱볼
STD_009810,볶음스푼,STD_009798,3,주방용품 > 조리도구 > 볶음스푼
STD_009811,야채탈수/과즙기,STD_009798,3,주방용품 > 조리도구 > 야채탈수/과즙기
STD_009812,야채탈수기,STD_009798,3,주방용품 > 조리도구 > 야채탈수기
STD_009813,조리도구세트,STD_009798,3,주방용품 > 조리도구 > 조리도구세트
STD_009815,조리용측정기,STD_009798,3,주방용품 > 조리도구 > 조리용측정기
STD_009814,계량스푼/컵,STD_009815,4,주방용품 > 조리도구 > 조리용측정기 > 계량스푼/컵
STD_009816,계량저울,STD_009815,4,주방용품 > 조리도구 > 조리용측정기 > 계량저울
STD_009817,조리용온도계,STD_009815,4,주방용품 > 조리도구 > 조리용측정기 > 조리용온도계
STD_009818,쿠킹타이머,STD_009815,4,주방용품 > 조리도구 > 조리용측정기 > 쿠킹타이머
STD_009819,주걱,STD_009798,3,주방용품 > 조리도구 > 주걱
STD_009820,주방집게,STD_009798,3,주방용품 > 조리도구 > 주방집게
STD_009821,집게,STD_009798,3,주방용품 > 조리도구 > 집게
STD_009822,찜기,STD_009798,3,주방용품 > 조리도구 > 찜기
STD_009823,착즙기,STD_009798,3,주방용품 > 조리도구 > 착즙기
STD_009824,채반,STD_009798,3,주방용품 > 조리도구 > 채반
STD_009825,채반/채망,STD_009798,3,주방용품 > 조리도구 > 채반/채망
STD_009826,키친툴세트,STD_009798,3,주방용품 > 조리도구 > 키친툴세트
STD_009828,주방소모품,STD_009646,2,주방용품 > 주방소모품
STD_009827,고무장갑,STD_009828,3,주방용품 > 주방소모품 > 고무장갑
STD_009829,기타주방소모품,STD_009828,3,주방용품 > 주방소모품 > 기타주방소모품
STD_009830,김장비닐,STD_009828,3,주방용품 > 주방소모품 > 김장비닐
STD_009831,랩,STD_009828,3,주방용품 > 주방소모품 > 랩
STD_009832,롤백,STD_009828,3,주방용품 > 주방소모품 > 롤백
STD_009833,비닐봉투,STD_009828,3,주방용품 > 주방소모품 > 비닐봉투
STD_009834,수세미,STD_009828,3,주방용품 > 주방소모품 > 수세미
STD_009835,쓰레기봉투,STD_009828,3,주방용품 > 주방소모품 > 쓰레기봉투
STD_009836,위생장갑,STD_009828,3,주방용품 > 주방소모품 > 위생장갑
STD_009837,지퍼백,STD_009828,3,주방용품 > 주방소모품 > 지퍼백
STD_009838,행주,STD_009828,3,주방용품 > 주방소모품 > 행주
STD_009839,호일,STD_009828,3,주방용품 > 주방소모품 > 호일
STD_009841,주방수납용품,STD_009646,2,주방용품 > 주방수납용품
STD_009840,수저통,STD_009841,3,주방용품 > 주방수납용품 > 수저통
STD_009842,식기건조대,STD_009841,3,주방용품 > 주방수납용품 > 식기건조대
STD_009843,주방정리선반,STD_009841,3,주방용품 > 주방수납용품 > 주방정리선반
STD_009844,주방정리소품,STD_009841,3,주방용품 > 주방수납용품 > 주방정리소품
STD_009846,주방잡화,STD_009646,2,주방용품 > 주방잡화
STD_009845,고무장갑,STD_009846,3,주방용품 > 주방잡화 > 고무장갑
STD_009847,기타주방잡화,STD_009846,3,주방용품 > 주방잡화 > 기타주방잡화
STD_009848,김장매트,STD_009846,3,주방용품 > 주방잡화 > 김장매트
STD_009849,냄비받침,STD_009846,3,주방용품 > 주방잡화 > 냄비받침
STD_009851,다회용/일회용품,STD_009846,3,주방용품 > 주방잡화 > 다회용/일회용품
STD_009850,기타일회용품,STD_009851,4,주방용품 > 주방잡화 > 다회용/일회용품 > 기타일회용품
STD_009852,랩,STD_009851,4,주방용품 > 주방잡화 > 다회용/일회용품 > 랩
STD_009853,빨대/커피스틱,STD_009851,4,주방용품 > 주방잡화 > 다회용/일회용품 > 빨대/커피스틱
STD_009854,위생백,STD_009851,4,주방용품 > 주방잡화 > 다회용/일회용품 > 위생백
STD_009855,위생장갑,STD_009851,4,주방용품 > 주방잡화 > 다회용/일회용품 > 위생장갑
STD_009856,이쑤시개/꼬치,STD_009851,4,주방용품 > 주방잡화 > 다회용/일회용품 > 이쑤시개/꼬치
STD_009857,일회용수저,STD_009851,4,주방용품 > 주방잡화 > 다회용/일회용품 > 일회용수저
STD_009858,일회용용기/도시락,STD_009851,4,주방용품 > 주방잡화 > 다회용/일회용품 > 일회용용기/도시락
STD_009859,일회용컵,STD_009851,4,주방용품 > 주방잡화 > 다회용/일회용품 > 일회용컵
STD_009860,지퍼백,STD_009851,4,주방용품 > 주방잡화 > 다회용/일회용품 > 지퍼백
STD_009861,쿠킹호일,STD_009851,4,주방용품 > 주방잡화 > 다회용/일회용품 > 쿠킹호일
STD_009862,렌지가드/커버,STD_009846,3,주방용품 > 주방잡화 > 렌지가드/커버
STD_009863,밥상보,STD_009846,3,주방용품 > 주방잡화 > 밥상보
STD_009864,배수구용품,STD_009846,3,주방용품 > 주방잡화 > 배수구용품
STD_009865,설거지통,STD_009846,3,주방용품 > 주방잡화 > 설거지통
STD_009866,수세미,STD_009846,3,주방용품 > 주방잡화 > 수세미
STD_009867,식탁매트,STD_009846,3,주방용품 > 주방잡화 > 식탁매트
STD_009868,식탁보/테이블매트,STD_009846,3,주방용품 > 주방잡화 > 식탁보/테이블매트
STD_009869,싱크대거름망,STD_009846,3,주방용품 > 주방잡화 > 싱크대거름망
STD_009870,싱크대물막이,STD_009846,3,주방용품 > 주방잡화 > 싱크대물막이
STD_009871,앞치마,STD_009846,3,주방용품 > 주방잡화 > 앞치마
STD_009872,오븐장갑/실리콘손잡이,STD_009846,3,주방용품 > 주방잡화 > 오븐장갑/실리콘손잡이
STD_009873,오프너/병따개,STD_009846,3,주방용품 > 주방잡화 > 오프너/병따개
STD_009874,쟁반/바구니,STD_009846,3,주방용품 > 주방잡화 > 쟁반/바구니
STD_009875,조리복/위생모자,STD_009846,3,주방용품 > 주방잡화 > 조리복/위생모자
STD_009876,종이컵디스펜서,STD_009846,3,주방용품 > 주방잡화 > 종이컵디스펜서
STD_009877,주방매트,STD_009846,3,주방용품 > 주방잡화 > 주방매트
STD_009878,주방세척솔,STD_009846,3,주방용품 > 주방잡화 > 주방세척솔
STD_009879,주방수건,STD_009846,3,주방용품 > 주방잡화 > 주방수건
STD_009880,주방장갑,STD_009846,3,주방용품 > 주방잡화 > 주방장갑
STD_009881,컵받침,STD_009846,3,주방용품 > 주방잡화 > 컵받침
STD_009882,컵받침/뚜껑/파우치,STD_009846,3,주방용품 > 주방잡화 > 컵받침/뚜껑/파우치
STD_009883,프라이팬덮개,STD_009846,3,주방용품 > 주방잡화 > 프라이팬덮개
STD_009884,행주,STD_009846,3,주방용품 > 주방잡화 > 행주
STD_009886,주방정리용품,STD_009646,2,주방용품 > 주방정리용품
STD_009885,기타주방정리용품,STD_009886,3,주방용품 > 주방정리용품 > 기타주방정리용품
STD_009887,냉장고선반/트레이,STD_009886,3,주방용품 > 주방정리용품 > 냉장고선반/트레이
STD_009888,도마꽂이,STD_009886,3,주방용품 > 주방정리용품 > 도마꽂이
STD_009889,수저통,STD_009886,3,주방용품 > 주방정리용품 > 수저통
STD_009890,식기건조대,STD_009886,3,주방용품 > 주방정리용품 > 식기건조대
STD_009891,싱크롤,STD_009886,3,주방용품 > 주방정리용품 > 싱크롤
STD_009892,접시정리대,STD_009886,3,주방용품 > 주방정리용품 > 접시정리대
STD_009893,주방걸이,STD_009886,3,주방용품 > 주방정리용품 > 주방걸이
STD_009894,주방선반,STD_009886,3,주방용품 > 주방정리용품 > 주방선반
STD_009895,칼꽂이,STD_009886,3,주방용품 > 주방정리용품 > 칼꽂이
STD_009896,컵걸이,STD_009886,3,주방용품 > 주방정리용품 > 컵걸이
STD_009897,프라이팬정리대,STD_009886,3,주방용품 > 주방정리용품 > 프라이팬정리대
STD_009899,주전자/티포트,STD_009646,2,주방용품 > 주전자/티포트
STD_009898,주전자,STD_009899,3,주방용품 > 주전자/티포트 > 주전자
STD_009900,차거름망,STD_009899,3,주방용품 > 주전자/티포트 > 차거름망
STD_009901,티세트,STD_009899,3,주방용품 > 주전자/티포트 > 티세트
STD_009902,티포트,STD_009899,3,주방용품 > 주전자/티포트 > 티포트
STD_009904,칼/커팅기구,STD_009646,2,주방용품 > 칼/커팅기구
STD_009903,강판,STD_009904,3,주방용품 > 칼/커팅기구 > 강판
STD_009905,기타칼/커팅기구,STD_009904,3,주방용품 > 칼/커팅기구 > 기타칼/커팅기구
STD_009906,다지기,STD_009904,3,주방용품 > 칼/커팅기구 > 다지기
STD_009907,절구/맷돌,STD_009904,3,주방용품 > 칼/커팅기구 > 절구/맷돌
STD_009908,주방가위,STD_009904,3,주방용품 > 칼/커팅기구 > 주방가위
STD_009909,채칼/필러,STD_009904,3,주방용품 > 칼/커팅기구 > 채칼/필러
STD_009910,칼,STD_009904,3,주방용품 > 칼/커팅기구 > 칼
STD_009911,칼갈이,STD_009904,3,주방용품 > 칼/커팅기구 > 칼갈이
STD_009913,칼/커팅도구/도마,STD_009646,2,주방용품 > 칼/커팅도구/도마
STD_009912,강판,STD_009913,3,주방용품 > 칼/커팅도구/도마 > 강판
STD_009914,기타칼/커팅기구,STD_009913,3,주방용품 > 칼/커팅도구/도마 > 기타칼/커팅기구
STD_009915,다지기,STD_009913,3,주방용품 > 칼/커팅도구/도마 > 다지기
STD_009916,도마,STD_009913,3,주방용품 > 칼/커팅도구/도마 > 도마
STD_009917,식칼,STD_009913,3,주방용품 > 칼/커팅도구/도마 > 식칼
STD_009918,절구,STD_009913,3,주방용품 > 칼/커팅도구/도마 > 절구
STD_009919,주방가위,STD_009913,3,주방용품 > 칼/커팅도구/도마 > 주방가위
STD_009920,채칼/필러,STD_009913,3,주방용품 > 칼/커팅도구/도마 > 채칼/필러
STD_009921,칼/도마세트,STD_009913,3,주방용품 > 칼/커팅도구/도마 > 칼/도마세트
STD_009922,칼갈이,STD_009913,3,주방용품 > 칼/커팅도구/도마 > 칼갈이
STD_009923,칼꽂이,STD_009913,3,주방용품 > 칼/커팅도구/도마 > 칼꽂이
STD_009924,칼세트,STD_009913,3,주방용품 > 칼/커팅도구/도마 > 칼세트
STD_009926,커피용품,STD_009646,2,주방용품 > 커피용품
STD_009925,기타커피용품,STD_009926,3,주방용품 > 커피용품 > 기타커피용품
STD_009927,드립포트,STD_009926,3,주방용품 > 커피용품 > 드립포트
STD_009928,드립포트/서버,STD_009926,3,주방용품 > 커피용품 > 드립포트/서버
STD_009929,샷잔,STD_009926,3,주방용품 > 커피용품 > 샷잔
STD_009930,스팀피쳐/밀크저그,STD_009926,3,주방용품 > 커피용품 > 스팀피쳐/밀크저그
STD_009931,스팀피쳐/저그,STD_009926,3,주방용품 > 커피용품 > 스팀피쳐/저그
STD_009932,여과지,STD_009926,3,주방용품 > 커피용품 > 여과지
STD_009933,여과지/필터,STD_009926,3,주방용품 > 커피용품 > 여과지/필터
STD_009934,우유거품기,STD_009926,3,주방용품 > 커피용품 > 우유거품기
STD_009935,커피보관용기,STD_009926,3,주방용품 > 커피용품 > 커피보관용기
STD_009936,커피분쇄기,STD_009926,3,주방용품 > 커피용품 > 커피분쇄기
STD_009937,커피여과기,STD_009926,3,주방용품 > 커피용품 > 커피여과기
STD_009938,커피추출기,STD_009926,3,주방용품 > 커피용품 > 커피추출기
STD_009939,커피캡슐거치대,STD_009926,3,주방용품 > 커피용품 > 커피캡슐거치대
STD_009940,템퍼,STD_009926,3,주방용품 > 커피용품 > 템퍼
STD_009941,핸드드리퍼,STD_009926,3,주방용품 > 커피용품 > 핸드드리퍼
STD_009942,핸드밀,STD_009926,3,주방용품 > 커피용품 > 핸드밀
STD_009944,컵/잔,STD_009646,2,주방용품 > 컵/잔
STD_009943,기타컵/잔,STD_009944,3,주방용품 > 컵/잔 > 기타컵/잔
STD_009945,다기세트,STD_009944,3,주방용품 > 컵/잔 > 다기세트
STD_009946,머그,STD_009944,3,주방용품 > 컵/잔 > 머그
STD_009947,물컵,STD_009944,3,주방용품 > 컵/잔 > 물컵
STD_009948,술잔,STD_009944,3,주방용품 > 컵/잔 > 술잔
STD_009949,찻잔,STD_009944,3,주방용품 > 컵/잔 > 찻잔
STD_009950,찻잔세트,STD_009944,3,주방용품 > 컵/잔 > 찻잔세트
STD_009951,텀블러,STD_009944,3,주방용품 > 컵/잔 > 텀블러
STD_009953,프라이팬,STD_009646,2,주방용품 > 프라이팬
STD_009952,구이팬,STD_009953,3,주방용품 > 프라이팬 > 구이팬
STD_009954,궁중팬,STD_009953,3,주방용품 > 프라이팬 > 궁중팬
STD_009955,양면팬,STD_009953,3,주방용품 > 프라이팬 > 양면팬
STD_009956,일반프라이팬,STD_009953,3,주방용품 > 프라이팬 > 일반프라이팬
STD_009957,프라이팬세트,STD_009953,3,주방용품 > 프라이팬 > 프라이팬세트
STD_009960,쥬얼리/시계,ROOT,1,쥬얼리/시계
STD_009959,14K/18K쥬얼리,STD_009960,2,쥬얼리/시계 > 14K/18K쥬얼리
STD_009958,귀걸이,STD_009959,3,쥬얼리/시계 > 14K/18K쥬얼리 > 귀걸이
STD_009961,목걸이,STD_009959,3,쥬얼리/시계 > 14K/18K쥬얼리 > 목걸이
STD_009962,반지,STD_009959,3,쥬얼리/시계 > 14K/18K쥬얼리 > 반지
STD_009963,쥬얼리세트,STD_009959,3,쥬얼리/시계 > 14K/18K쥬얼리 > 쥬얼리세트
STD_009964,커플링,STD_009959,3,쥬얼리/시계 > 14K/18K쥬얼리 > 커플링
STD_009965,팔찌/발찌,STD_009959,3,쥬얼리/시계 > 14K/18K쥬얼리 > 팔찌/발찌
STD_009966,펜던트,STD_009959,3,쥬얼리/시계 > 14K/18K쥬얼리 > 펜던트
STD_009968,가발,STD_009960,2,쥬얼리/시계 > 가발
STD_009967,가발소품,STD_009968,3,쥬얼리/시계 > 가발 > 가발소품
STD_009969,곱창가발,STD_009968,3,쥬얼리/시계 > 가발 > 곱창가발
STD_009970,남자가발,STD_009968,3,쥬얼리/시계 > 가발 > 남자가발
STD_009971,부분가발/헤어피스,STD_009968,3,쥬얼리/시계 > 가발 > 부분가발/헤어피스
STD_009972,통가발,STD_009968,3,쥬얼리/시계 > 가발 > 통가발
STD_009974,귀걸이,STD_009960,2,쥬얼리/시계 > 귀걸이
STD_009973,실버/은침,STD_009974,3,쥬얼리/시계 > 귀걸이 > 실버/은침
STD_009975,이어커프/귀찌,STD_009974,3,쥬얼리/시계 > 귀걸이 > 이어커프/귀찌
STD_009976,진주/보석,STD_009974,3,쥬얼리/시계 > 귀걸이 > 진주/보석
STD_009977,패션귀걸이,STD_009974,3,쥬얼리/시계 > 귀걸이 > 패션귀걸이
STD_009978,피어싱,STD_009974,3,쥬얼리/시계 > 귀걸이 > 피어싱
STD_009980,남성용쥬얼리,STD_009960,2,쥬얼리/시계 > 남성용쥬얼리
STD_009979,귀걸이/피어싱,STD_009980,3,쥬얼리/시계 > 남성용쥬얼리 > 귀걸이/피어싱
STD_009981,넥타이핀,STD_009980,3,쥬얼리/시계 > 남성용쥬얼리 > 넥타이핀
STD_009982,목걸이,STD_009980,3,쥬얼리/시계 > 남성용쥬얼리 > 목걸이
STD_009983,반지,STD_009980,3,쥬얼리/시계 > 남성용쥬얼리 > 반지
STD_009984,체인,STD_009980,3,쥬얼리/시계 > 남성용쥬얼리 > 체인
STD_009985,커프스/버튼,STD_009980,3,쥬얼리/시계 > 남성용쥬얼리 > 커프스/버튼
STD_009986,팔찌,STD_009980,3,쥬얼리/시계 > 남성용쥬얼리 > 팔찌
STD_009988,목걸이/펜던트,STD_009960,2,쥬얼리/시계 > 목걸이/펜던트
STD_009987,실버목걸이,STD_009988,3,쥬얼리/시계 > 목걸이/펜던트 > 실버목걸이
STD_009989,유색보석목걸이,STD_009988,3,쥬얼리/시계 > 목걸이/펜던트 > 유색보석목걸이
STD_009990,이니셜목걸이,STD_009988,3,쥬얼리/시계 > 목걸이/펜던트 > 이니셜목걸이
STD_009991,진주목걸이,STD_009988,3,쥬얼리/시계 > 목걸이/펜던트 > 진주목걸이
STD_009992,패션목걸이,STD_009988,3,쥬얼리/시계 > 목걸이/펜던트 > 패션목걸이
STD_009993,펜던트,STD_009988,3,쥬얼리/시계 > 목걸이/펜던트 > 펜던트
STD_009995,반지,STD_009960,2,쥬얼리/시계 > 반지
STD_009994,실버반지,STD_009995,3,쥬얼리/시계 > 반지 > 실버반지
STD_009996,유색보석반지,STD_009995,3,쥬얼리/시계 > 반지 > 유색보석반지
STD_009997,진주반지,STD_009995,3,쥬얼리/시계 > 반지 > 진주반지
STD_009998,패션반지,STD_009995,3,쥬얼리/시계 > 반지 > 패션반지
STD_010000,브로치/배지,STD_009960,2,쥬얼리/시계 > 브로치/배지
STD_009999,엔틱/큐빅,STD_010000,3,쥬얼리/시계 > 브로치/배지 > 엔틱/큐빅
STD_010001,와펜/패치,STD_010000,3,쥬얼리/시계 > 브로치/배지 > 와펜/패치
STD_010002,진주/보석/밍크털,STD_010000,3,쥬얼리/시계 > 브로치/배지 > 진주/보석/밍크털
STD_010003,패션 브로치/배지,STD_010000,3,쥬얼리/시계 > 브로치/배지 > 패션 브로치/배지
STD_010005,선글라스,STD_009960,2,쥬얼리/시계 > 선글라스
STD_010004,남녀공용,STD_010005,3,쥬얼리/시계 > 선글라스 > 남녀공용
STD_010006,남성용,STD_010005,3,쥬얼리/시계 > 선글라스 > 남성용
STD_010007,스포글라스,STD_010005,3,쥬얼리/시계 > 선글라스 > 스포글라스
STD_010008,여성용,STD_010005,3,쥬얼리/시계 > 선글라스 > 여성용
STD_010010,순금/돌반지,STD_009960,2,쥬얼리/시계 > 순금/돌반지
STD_010009,골드바,STD_010010,3,쥬얼리/시계 > 순금/돌반지 > 골드바
STD_010011,돌반지/팔찌,STD_010010,3,쥬얼리/시계 > 순금/돌반지 > 돌반지/팔찌
STD_010012,목걸이/메달,STD_010010,3,쥬얼리/시계 > 순금/돌반지 > 목걸이/메달
STD_010013,반지,STD_010010,3,쥬얼리/시계 > 순금/돌반지 > 반지
STD_010014,순금기념품,STD_010010,3,쥬얼리/시계 > 순금/돌반지 > 순금기념품
STD_010015,순금기타,STD_010010,3,쥬얼리/시계 > 순금/돌반지 > 순금기타
STD_010016,실버바,STD_010010,3,쥬얼리/시계 > 순금/돌반지 > 실버바
STD_010017,팔찌/체인,STD_010010,3,쥬얼리/시계 > 순금/돌반지 > 팔찌/체인
STD_010019,스포츠/캐릭터시계,STD_009960,2,쥬얼리/시계 > 스포츠/캐릭터시계
STD_010018,스탑워치/타이머,STD_010019,3,쥬얼리/시계 > 스포츠/캐릭터시계 > 스탑워치/타이머
STD_010020,스포츠시계,STD_010019,3,쥬얼리/시계 > 스포츠/캐릭터시계 > 스포츠시계
STD_010021,캐릭터시계,STD_010019,3,쥬얼리/시계 > 스포츠/캐릭터시계 > 캐릭터시계
STD_010023,아동용쥬얼리,STD_009960,2,쥬얼리/시계 > 아동용쥬얼리
STD_010022,목걸이/펜던트,STD_010023,3,쥬얼리/시계 > 아동용쥬얼리 > 목걸이/펜던트
STD_010024,미아방지용쥬얼리,STD_010023,3,쥬얼리/시계 > 아동용쥬얼리 > 미아방지용쥬얼리
STD_010025,반지/팔찌,STD_010023,3,쥬얼리/시계 > 아동용쥬얼리 > 반지/팔찌
STD_010026,세트/기타,STD_010023,3,쥬얼리/시계 > 아동용쥬얼리 > 세트/기타
STD_010028,안경/선글라스소품,STD_009960,2,쥬얼리/시계 > 안경/선글라스소품
STD_010027,안경닦이/안경클리너,STD_010028,3,쥬얼리/시계 > 안경/선글라스소품 > 안경닦이/안경클리너
STD_010029,안경줄/안경소품,STD_010028,3,쥬얼리/시계 > 안경/선글라스소품 > 안경줄/안경소품
STD_010030,안경케이스,STD_010028,3,쥬얼리/시계 > 안경/선글라스소품 > 안경케이스
STD_010032,안경테,STD_009960,2,쥬얼리/시계 > 안경테
STD_010031,금속테,STD_010032,3,쥬얼리/시계 > 안경테 > 금속테
STD_010033,무테,STD_010032,3,쥬얼리/시계 > 안경테 > 무테
STD_010034,뿔테,STD_010032,3,쥬얼리/시계 > 안경테 > 뿔테
STD_010036,예물/다이아몬드,STD_009960,2,쥬얼리/시계 > 예물/다이아몬드
STD_010035,귀걸이,STD_010036,3,쥬얼리/시계 > 예물/다이아몬드 > 귀걸이
STD_010037,목걸이,STD_010036,3,쥬얼리/시계 > 예물/다이아몬드 > 목걸이
STD_010038,반지,STD_010036,3,쥬얼리/시계 > 예물/다이아몬드 > 반지
STD_010039,세트,STD_010036,3,쥬얼리/시계 > 예물/다이아몬드 > 세트
STD_010040,커플링,STD_010036,3,쥬얼리/시계 > 예물/다이아몬드 > 커플링
STD_010042,쥬얼리세트,STD_009960,2,쥬얼리/시계 > 쥬얼리세트
STD_010041,실버쥬얼리,STD_010042,3,쥬얼리/시계 > 쥬얼리세트 > 실버쥬얼리
STD_010043,진주/보석,STD_010042,3,쥬얼리/시계 > 쥬얼리세트 > 진주/보석
STD_010044,패션쥬얼리,STD_010042,3,쥬얼리/시계 > 쥬얼리세트 > 패션쥬얼리
STD_010046,쥬얼리소품,STD_009960,2,쥬얼리/시계 > 쥬얼리소품
STD_010045,귀걸이진열대,STD_010046,3,쥬얼리/시계 > 쥬얼리소품 > 귀걸이진열대
STD_010047,라이터,STD_010046,3,쥬얼리/시계 > 쥬얼리소품 > 라이터
STD_010048,만년필/볼펜,STD_010046,3,쥬얼리/시계 > 쥬얼리소품 > 만년필/볼펜
STD_010049,묵주/염주,STD_010046,3,쥬얼리/시계 > 쥬얼리소품 > 묵주/염주
STD_010050,보석함,STD_010046,3,쥬얼리/시계 > 쥬얼리소품 > 보석함
STD_010051,세척제/소품기타,STD_010046,3,쥬얼리/시계 > 쥬얼리소품 > 세척제/소품기타
STD_010052,시계보관함,STD_010046,3,쥬얼리/시계 > 쥬얼리소품 > 시계보관함
STD_010053,액세서리부자재,STD_010046,3,쥬얼리/시계 > 쥬얼리소품 > 액세서리부자재
STD_010054,휴대폰줄/열쇠고리,STD_010046,3,쥬얼리/시계 > 쥬얼리소품 > 휴대폰줄/열쇠고리
STD_010056,커플용쥬얼리,STD_009960,2,쥬얼리/시계 > 커플용쥬얼리
STD_010055,커플링-패션/실버,STD_010056,3,쥬얼리/시계 > 커플용쥬얼리 > 커플링-패션/실버
STD_010057,커플목걸이,STD_010056,3,쥬얼리/시계 > 커플용쥬얼리 > 커플목걸이
STD_010059,팔찌/발찌,STD_009960,2,쥬얼리/시계 > 팔찌/발찌
STD_010058,뱅글/메탈,STD_010059,3,쥬얼리/시계 > 팔찌/발찌 > 뱅글/메탈
STD_010060,보석팔찌,STD_010059,3,쥬얼리/시계 > 팔찌/발찌 > 보석팔찌
STD_010061,실버팔찌,STD_010059,3,쥬얼리/시계 > 팔찌/발찌 > 실버팔찌
STD_010062,패션발찌,STD_010059,3,쥬얼리/시계 > 팔찌/발찌 > 패션발찌
STD_010063,패션팔찌,STD_010059,3,쥬얼리/시계 > 팔찌/발찌 > 패션팔찌
STD_010065,패션시계,STD_009960,2,쥬얼리/시계 > 패션시계
STD_010064,가죽밴드시계,STD_010065,3,쥬얼리/시계 > 패션시계 > 가죽밴드시계
STD_010066,남녀공용,STD_010065,3,쥬얼리/시계 > 패션시계 > 남녀공용
STD_010067,남성용,STD_010065,3,쥬얼리/시계 > 패션시계 > 남성용
STD_010068,메탈밴드시계,STD_010065,3,쥬얼리/시계 > 패션시계 > 메탈밴드시계
STD_010069,목걸이/회중시계,STD_010065,3,쥬얼리/시계 > 패션시계 > 목걸이/회중시계
STD_010070,뱅글/팔찌시계,STD_010065,3,쥬얼리/시계 > 패션시계 > 뱅글/팔찌시계
STD_010071,시계줄/시계공구,STD_010065,3,쥬얼리/시계 > 패션시계 > 시계줄/시계공구
STD_010072,여성용,STD_010065,3,쥬얼리/시계 > 패션시계 > 여성용
STD_010073,젤리/우레탄밴드시계,STD_010065,3,쥬얼리/시계 > 패션시계 > 젤리/우레탄밴드시계
STD_010074,커플시계,STD_010065,3,쥬얼리/시계 > 패션시계 > 커플시계
STD_010076,헤어액세서리,STD_009960,2,쥬얼리/시계 > 헤어액세서리
STD_010075,머리끈/포니테일,STD_010076,3,쥬얼리/시계 > 헤어액세서리 > 머리끈/포니테일
STD_010077,유아동 헤어악세서리,STD_010076,3,쥬얼리/시계 > 헤어액세서리 > 유아동 헤어악세서리
STD_010078,헤어밴드,STD_010076,3,쥬얼리/시계 > 헤어액세서리 > 헤어밴드
STD_010079,헤어집게핀/기타,STD_010076,3,쥬얼리/시계 > 헤어액세서리 > 헤어집게핀/기타
STD_010080,헤어핀,STD_010076,3,쥬얼리/시계 > 헤어액세서리 > 헤어핀
STD_010083,침구/커튼,ROOT,1,침구/커튼
STD_010082,방석/쿠션,STD_010083,2,침구/커튼 > 방석/쿠션
STD_010081,기능성방석,STD_010082,3,침구/커튼 > 방석/쿠션 > 기능성방석
STD_010084,기능성쿠션,STD_010082,3,침구/커튼 > 방석/쿠션 > 기능성쿠션
STD_010085,대방석,STD_010082,3,침구/커튼 > 방석/쿠션 > 대방석
STD_010086,대쿠션,STD_010082,3,침구/커튼 > 방석/쿠션 > 대쿠션
STD_010087,등받이쿠션,STD_010082,3,침구/커튼 > 방석/쿠션 > 등받이쿠션
STD_010088,목쿠션,STD_010082,3,침구/커튼 > 방석/쿠션 > 목쿠션
STD_010089,바디필로우,STD_010082,3,침구/커튼 > 방석/쿠션 > 바디필로우
STD_010090,방석,STD_010082,3,침구/커튼 > 방석/쿠션 > 방석
STD_010091,죽부인,STD_010082,3,침구/커튼 > 방석/쿠션 > 죽부인
STD_010092,쿠션,STD_010082,3,침구/커튼 > 방석/쿠션 > 쿠션
STD_010093,헤드쿠션,STD_010082,3,침구/커튼 > 방석/쿠션 > 헤드쿠션
STD_010095,베개/베개커버,STD_010083,2,침구/커튼 > 베개/베개커버
STD_010094,경침/목침,STD_010095,3,침구/커튼 > 베개/베개커버 > 경침/목침
STD_010096,베개,STD_010095,3,침구/커튼 > 베개/베개커버 > 베개
STD_010097,베개커버,STD_010095,3,침구/커튼 > 베개/베개커버 > 베개커버
STD_010099,블라인드,STD_010083,2,침구/커튼 > 블라인드
STD_010098,롤스크린,STD_010099,3,침구/커튼 > 블라인드 > 롤스크린
STD_010100,문발,STD_010099,3,침구/커튼 > 블라인드 > 문발
STD_010101,버티컬,STD_010099,3,침구/커튼 > 블라인드 > 버티컬
STD_010102,블라인드,STD_010099,3,침구/커튼 > 블라인드 > 블라인드
STD_010104,솜,STD_010083,2,침구/커튼 > 솜
STD_010103,방석솜,STD_010104,3,침구/커튼 > 솜 > 방석솜
STD_010105,베개솜,STD_010104,3,침구/커튼 > 솜 > 베개솜
STD_010106,요솜,STD_010104,3,침구/커튼 > 솜 > 요솜
STD_010107,이불솜,STD_010104,3,침구/커튼 > 솜 > 이불솜
STD_010108,쿠션솜,STD_010104,3,침구/커튼 > 솜 > 쿠션솜
STD_010110,수예용품,STD_010083,2,침구/커튼 > 수예용품
STD_010109,기타수예용품,STD_010110,3,침구/커튼 > 수예용품 > 기타수예용품
STD_010111,뜨개실,STD_010110,3,침구/커튼 > 수예용품 > 뜨개실
STD_010112,바느질용품,STD_010110,3,침구/커튼 > 수예용품 > 바느질용품
STD_010113,비즈/리본,STD_010110,3,침구/커튼 > 수예용품 > 비즈/리본
STD_010114,십자수,STD_010110,3,침구/커튼 > 수예용품 > 십자수
STD_010115,퀼트용품,STD_010110,3,침구/커튼 > 수예용품 > 퀼트용품
STD_010116,패브릭원단,STD_010110,3,침구/커튼 > 수예용품 > 패브릭원단
STD_010117,펠트용품,STD_010110,3,침구/커튼 > 수예용품 > 펠트용품
STD_010119,아동침구,STD_010083,2,침구/커튼 > 아동침구
STD_010118,낮잠이불,STD_010119,3,침구/커튼 > 아동침구 > 낮잠이불
STD_010120,방수요,STD_010119,3,침구/커튼 > 아동침구 > 방수요
STD_010121,아동베개/커버,STD_010119,3,침구/커튼 > 아동침구 > 아동베개/커버
STD_010122,아동요/패드,STD_010119,3,침구/커튼 > 아동침구 > 아동요/패드
STD_010123,아동이불,STD_010119,3,침구/커튼 > 아동침구 > 아동이불
STD_010124,아동침구세트,STD_010119,3,침구/커튼 > 아동침구 > 아동침구세트
STD_010125,아동카페트,STD_010119,3,침구/커튼 > 아동침구 > 아동카페트
STD_010127,이불,STD_010083,2,침구/커튼 > 이불
STD_010126,담요,STD_010127,3,침구/커튼 > 이불 > 담요
STD_010128,이불커버,STD_010127,3,침구/커튼 > 이불 > 이불커버
STD_010129,차렵이불,STD_010127,3,침구/커튼 > 이불 > 차렵이불
STD_010130,홑이불,STD_010127,3,침구/커튼 > 이불 > 홑이불
STD_010132,침구세트,STD_010083,2,침구/커튼 > 침구세트
STD_010131,이불베개세트,STD_010132,3,침구/커튼 > 침구세트 > 이불베개세트
STD_010133,이불토퍼세트,STD_010132,3,침구/커튼 > 침구세트 > 이불토퍼세트
STD_010134,이불패드세트,STD_010132,3,침구/커튼 > 침구세트 > 이불패드세트
STD_010135,침대커버세트,STD_010132,3,침구/커튼 > 침구세트 > 침대커버세트
STD_010136,혼수예단세트,STD_010132,3,침구/커튼 > 침구세트 > 혼수예단세트
STD_010138,침대/매트커버,STD_010083,2,침구/커튼 > 침대/매트커버
STD_010137,매트커버,STD_010138,3,침구/커튼 > 침대/매트커버 > 매트커버
STD_010139,침대커버,STD_010138,3,침구/커튼 > 침대/매트커버 > 침대커버
STD_010141,카페트/러그,STD_010083,2,침구/커튼 > 카페트/러그
STD_010140,대자리/마작자리,STD_010141,3,침구/커튼 > 카페트/러그 > 대자리/마작자리
STD_010142,러그,STD_010141,3,침구/커튼 > 카페트/러그 > 러그
STD_010143,발매트,STD_010141,3,침구/커튼 > 카페트/러그 > 발매트
STD_010144,왕골자리,STD_010141,3,침구/커튼 > 카페트/러그 > 왕골자리
STD_010145,카페트,STD_010141,3,침구/커튼 > 카페트/러그 > 카페트
STD_010147,커버류,STD_010083,2,침구/커튼 > 커버류
STD_010146,기타커버류,STD_010147,3,침구/커튼 > 커버류 > 기타커버류
STD_010148,냉장고커버,STD_010147,3,침구/커튼 > 커버류 > 냉장고커버
STD_010149,러너,STD_010147,3,침구/커튼 > 커버류 > 러너
STD_010150,선풍기커버,STD_010147,3,침구/커튼 > 커버류 > 선풍기커버
STD_010151,소파커버,STD_010147,3,침구/커튼 > 커버류 > 소파커버
STD_010152,소파패드,STD_010147,3,침구/커튼 > 커버류 > 소파패드
STD_010153,식탁보,STD_010147,3,침구/커튼 > 커버류 > 식탁보
STD_010154,에어컨커버,STD_010147,3,침구/커튼 > 커버류 > 에어컨커버
STD_010155,의자커버,STD_010147,3,침구/커튼 > 커버류 > 의자커버
STD_010156,티슈커버,STD_010147,3,침구/커튼 > 커버류 > 티슈커버
STD_010158,커튼,STD_010083,2,침구/커튼 > 커튼
STD_010157,로만쉐이드,STD_010158,3,침구/커튼 > 커튼 > 로만쉐이드
STD_010159,바란스,STD_010158,3,침구/커튼 > 커튼 > 바란스
STD_010160,캐노피,STD_010158,3,침구/커튼 > 커튼 > 캐노피
STD_010161,커튼,STD_010158,3,침구/커튼 > 커튼 > 커튼
STD_010162,커튼봉/레일,STD_010158,3,침구/커튼 > 커튼 > 커튼봉/레일
STD_010163,커튼용품,STD_010158,3,침구/커튼 > 커튼 > 커튼용품
STD_010165,토퍼/패드,STD_010083,2,침구/커튼 > 토퍼/패드
STD_010164,간이매트,STD_010165,3,침구/커튼 > 토퍼/패드 > 간이매트
STD_010166,요/요커버,STD_010165,3,침구/커튼 > 토퍼/패드 > 요/요커버
STD_010167,침대패드,STD_010165,3,침구/커튼 > 토퍼/패드 > 침대패드
STD_010168,쿨매트,STD_010165,3,침구/커튼 > 토퍼/패드 > 쿨매트
STD_010169,토퍼,STD_010165,3,침구/커튼 > 토퍼/패드 > 토퍼
STD_010172,카메라,ROOT,1,카메라
STD_010171,CCTV,STD_010172,2,카메라 > CCTV
STD_010170,CCTV카메라,STD_010171,3,카메라 > CCTV > CCTV카메라
STD_010173,CCTV카메라용품,STD_010171,3,카메라 > CCTV > CCTV카메라용품
STD_010175,디지털카메라,STD_010172,2,카메라 > 디지털카메라
STD_010174,DSLR카메라,STD_010175,3,카메라 > 디지털카메라 > DSLR카메라
STD_010176,미러리스카메라,STD_010175,3,카메라 > 디지털카메라 > 미러리스카메라
STD_010177,일반디지털카메라,STD_010175,3,카메라 > 디지털카메라 > 일반디지털카메라
STD_010179,렌즈용품,STD_010172,2,카메라 > 렌즈용품
STD_010178,렌즈어댑터,STD_010179,3,카메라 > 렌즈용품 > 렌즈어댑터
STD_010180,렌즈캡,STD_010179,3,카메라 > 렌즈용품 > 렌즈캡
STD_010181,렌즈케이스,STD_010179,3,카메라 > 렌즈용품 > 렌즈케이스
STD_010182,렌즈필터,STD_010179,3,카메라 > 렌즈용품 > 렌즈필터
STD_010183,렌즈후드,STD_010179,3,카메라 > 렌즈용품 > 렌즈후드
STD_010184,접사링,STD_010179,3,카메라 > 렌즈용품 > 접사링
STD_010185,컨버젼렌즈,STD_010179,3,카메라 > 렌즈용품 > 컨버젼렌즈
STD_010187,사진인화,STD_010172,2,카메라 > 사진인화
STD_010186,인화서비스,STD_010187,3,카메라 > 사진인화 > 인화서비스
STD_010189,삼각대용품,STD_010172,2,카메라 > 삼각대용품
STD_010188,기타삼각대용품,STD_010189,3,카메라 > 삼각대용품 > 기타삼각대용품
STD_010190,모노포드,STD_010189,3,카메라 > 삼각대용품 > 모노포드
STD_010191,삼각대플레이트,STD_010189,3,카메라 > 삼각대용품 > 삼각대플레이트
STD_010192,삼각대헤드,STD_010189,3,카메라 > 삼각대용품 > 삼각대헤드
STD_010193,카메라삼각대,STD_010189,3,카메라 > 삼각대용품 > 카메라삼각대
STD_010195,즉석카메라,STD_010172,2,카메라 > 즉석카메라
STD_010194,즉석카메라,STD_010195,3,카메라 > 즉석카메라 > 즉석카메라
STD_010197,촬영용품,STD_010172,2,카메라 > 촬영용품
STD_010196,기타촬영용품,STD_010197,3,카메라 > 촬영용품 > 기타촬영용품
STD_010198,동조기,STD_010197,3,카메라 > 촬영용품 > 동조기
STD_010199,반사판,STD_010197,3,카메라 > 촬영용품 > 반사판
STD_010200,소프트박스,STD_010197,3,카메라 > 촬영용품 > 소프트박스
STD_010201,스튜디오세트,STD_010197,3,카메라 > 촬영용품 > 스튜디오세트
STD_010202,촬영배경지,STD_010197,3,카메라 > 촬영용품 > 촬영배경지
STD_010203,촬영스탠드,STD_010197,3,카메라 > 촬영용품 > 촬영스탠드
STD_010204,촬영용조명우산,STD_010197,3,카메라 > 촬영용품 > 촬영용조명우산
STD_010205,촬영용테이블,STD_010197,3,카메라 > 촬영용품 > 촬영용테이블
STD_010206,프리뷰모니터,STD_010197,3,카메라 > 촬영용품 > 프리뷰모니터
STD_010208,카메라렌즈,STD_010172,2,카메라 > 카메라렌즈
STD_010207,DSLR렌즈,STD_010208,3,카메라 > 카메라렌즈 > DSLR렌즈
STD_010209,미러리스렌즈,STD_010208,3,카메라 > 카메라렌즈 > 미러리스렌즈
STD_010211,카메라액정용품,STD_010172,2,카메라 > 카메라액정용품
STD_010210,기타카메라액정용품,STD_010211,3,카메라 > 카메라액정용품 > 기타카메라액정용품
STD_010212,카메라액정보호커버,STD_010211,3,카메라 > 카메라액정용품 > 카메라액정보호커버
STD_010213,카메라액정보호필름,STD_010211,3,카메라 > 카메라액정용품 > 카메라액정보호필름
STD_010215,카메라용품,STD_010172,2,카메라 > 카메라용품
STD_010214,기타카메라용품,STD_010215,3,카메라 > 카메라용품 > 기타카메라용품
STD_010216,배터리그립/세로그립,STD_010215,3,카메라 > 카메라용품 > 배터리그립/세로그립
STD_010217,뷰파인더,STD_010215,3,카메라 > 카메라용품 > 뷰파인더
STD_010218,아이피스,STD_010215,3,카메라 > 카메라용품 > 아이피스
STD_010219,즉석카메라필름,STD_010215,3,카메라 > 카메라용품 > 즉석카메라필름
STD_010220,카메라가방/케이스,STD_010215,3,카메라 > 카메라용품 > 카메라가방/케이스
STD_010221,카메라리모컨,STD_010215,3,카메라 > 카메라용품 > 카메라리모컨
STD_010222,카메라방수팩/커버,STD_010215,3,카메라 > 카메라용품 > 카메라방수팩/커버
STD_010223,카메라배터리,STD_010215,3,카메라 > 카메라용품 > 카메라배터리
STD_010224,카메라보관함,STD_010215,3,카메라 > 카메라용품 > 카메라보관함
STD_010225,카메라스트랩,STD_010215,3,카메라 > 카메라용품 > 카메라스트랩
STD_010226,카메라청소용품,STD_010215,3,카메라 > 카메라용품 > 카메라청소용품
STD_010228,카메라조명용품,STD_010172,2,카메라 > 카메라조명용품
STD_010227,기타카메라조명용품,STD_010228,3,카메라 > 카메라조명용품 > 기타카메라조명용품
STD_010229,카메라라이트,STD_010228,3,카메라 > 카메라조명용품 > 카메라라이트
STD_010230,카메라플래시,STD_010228,3,카메라 > 카메라조명용품 > 카메라플래시
STD_010232,캠코더/액션캠,STD_010172,2,카메라 > 캠코더/액션캠
STD_010231,액션캠,STD_010232,3,카메라 > 캠코더/액션캠 > 액션캠
STD_010233,캠코더,STD_010232,3,카메라 > 캠코더/액션캠 > 캠코더
STD_010234,캠코더/액션캠용품,STD_010232,3,카메라 > 캠코더/액션캠 > 캠코더/액션캠용품
STD_010236,필름카메라,STD_010172,2,카메라 > 필름카메라
STD_010235,SLR카메라,STD_010236,3,카메라 > 필름카메라 > SLR카메라
STD_010237,자동/일회용카메라,STD_010236,3,카메라 > 필름카메라 > 자동/일회용카메라
STD_010238,토이/로모카메라,STD_010236,3,카메라 > 필름카메라 > 토이/로모카메라
STD_010240,헬리캠/드론,STD_010172,2,카메라 > 헬리캠/드론
STD_010239,헬리캠/드론,STD_010240,3,카메라 > 헬리캠/드론 > 헬리캠/드론
STD_010243,카메라/광학기기,ROOT,1,카메라/광학기기
STD_010242,DSLR카메라,STD_010243,2,카메라/광학기기 > DSLR카메라
STD_010241,DSLR카메라,STD_010242,3,카메라/광학기기 > DSLR카메라 > DSLR카메라
STD_010245,광학기기,STD_010243,2,카메라/광학기기 > 광학기기
STD_010244,광학액세서리,STD_010245,3,카메라/광학기기 > 광학기기 > 광학액세서리
STD_010246,망원경,STD_010245,3,카메라/광학기기 > 광학기기 > 망원경
STD_010247,현미경,STD_010245,3,카메라/광학기기 > 광학기기 > 현미경
STD_010249,기타카메라,STD_010243,2,카메라/광학기기 > 기타카메라
STD_010248,방수카메라,STD_010249,3,카메라/광학기기 > 기타카메라 > 방수카메라
STD_010250,소형카메라,STD_010249,3,카메라/광학기기 > 기타카메라 > 소형카메라
STD_010252,드론/헬리캠,STD_010243,2,카메라/광학기기 > 드론/헬리캠
STD_010251,드론/헬리캠,STD_010252,3,카메라/광학기기 > 드론/헬리캠 > 드론/헬리캠
STD_010253,드론액세서리,STD_010252,3,카메라/광학기기 > 드론/헬리캠 > 드론액세서리
STD_010255,디지털카메라,STD_010243,2,카메라/광학기기 > 디지털카메라
STD_010254,미러리스카메라,STD_010255,3,카메라/광학기기 > 디지털카메라 > 미러리스카메라
STD_010256,일반디지털카메라,STD_010255,3,카메라/광학기기 > 디지털카메라 > 일반디지털카메라
STD_010257,컴팩트카메라,STD_010255,3,카메라/광학기기 > 디지털카메라 > 컴팩트카메라
STD_010258,하이엔드카메라,STD_010255,3,카메라/광학기기 > 디지털카메라 > 하이엔드카메라
STD_010260,렌즈,STD_010243,2,카메라/광학기기 > 렌즈
STD_010259,DSLR렌즈,STD_010260,3,카메라/광학기기 > 렌즈 > DSLR렌즈
STD_010261,미러리스렌즈,STD_010260,3,카메라/광학기기 > 렌즈 > 미러리스렌즈
STD_010263,렌즈용품,STD_010243,2,카메라/광학기기 > 렌즈용품
STD_010262,렌즈어댑터,STD_010263,3,카메라/광학기기 > 렌즈용품 > 렌즈어댑터
STD_010264,렌즈캡,STD_010263,3,카메라/광학기기 > 렌즈용품 > 렌즈캡
STD_010265,필터,STD_010263,3,카메라/광학기기 > 렌즈용품 > 필터
STD_010266,후드,STD_010263,3,카메라/광학기기 > 렌즈용품 > 후드
STD_010268,액션캠/캠코더,STD_010243,2,카메라/광학기기 > 액션캠/캠코더
STD_010267,방송용캠코더,STD_010268,3,카메라/광학기기 > 액션캠/캠코더 > 방송용캠코더
STD_010269,액션캠,STD_010268,3,카메라/광학기기 > 액션캠/캠코더 > 액션캠
STD_010270,캠코더,STD_010268,3,카메라/광학기기 > 액션캠/캠코더 > 캠코더
STD_010271,캠코더액세서리,STD_010268,3,카메라/광학기기 > 액션캠/캠코더 > 캠코더액세서리
STD_010273,즉석카메라,STD_010243,2,카메라/광학기기 > 즉석카메라
STD_010272,즉석카메라,STD_010273,3,카메라/광학기기 > 즉석카메라 > 즉석카메라
STD_010275,촬영용품,STD_010243,2,카메라/광학기기 > 촬영용품
STD_010274,그레이카드,STD_010275,3,카메라/광학기기 > 촬영용품 > 그레이카드
STD_010276,노출계,STD_010275,3,카메라/광학기기 > 촬영용품 > 노출계
STD_010277,동조기,STD_010275,3,카메라/광학기기 > 촬영용품 > 동조기
STD_010278,반사판,STD_010275,3,카메라/광학기기 > 촬영용품 > 반사판
STD_010279,배경지,STD_010275,3,카메라/광학기기 > 촬영용품 > 배경지
STD_010280,소프트박스,STD_010275,3,카메라/광학기기 > 촬영용품 > 소프트박스
STD_010281,스탠드,STD_010275,3,카메라/광학기기 > 촬영용품 > 스탠드
STD_010282,조명,STD_010275,3,카메라/광학기기 > 촬영용품 > 조명
STD_010283,촬영우산,STD_010275,3,카메라/광학기기 > 촬영용품 > 촬영우산
STD_010284,프리뷰모니터,STD_010275,3,카메라/광학기기 > 촬영용품 > 프리뷰모니터
STD_010285,플래시,STD_010275,3,카메라/광학기기 > 촬영용품 > 플래시
STD_010287,카메라액세서리,STD_010243,2,카메라/광학기기 > 카메라액세서리
STD_010286,그립,STD_010287,3,카메라/광학기기 > 카메라액세서리 > 그립
STD_010288,삼각대/짐벌,STD_010287,3,카메라/광학기기 > 카메라액세서리 > 삼각대/짐벌
STD_010289,스트랩,STD_010287,3,카메라/광학기기 > 카메라액세서리 > 스트랩
STD_010290,전용배터리,STD_010287,3,카메라/광학기기 > 카메라액세서리 > 전용배터리
STD_010291,전용충전기,STD_010287,3,카메라/광학기기 > 카메라액세서리 > 전용충전기
STD_010292,즉석카메라액세서리,STD_010287,3,카메라/광학기기 > 카메라액세서리 > 즉석카메라액세서리
STD_010293,카메라가방,STD_010287,3,카메라/광학기기 > 카메라액세서리 > 카메라가방
STD_010294,카메라케이스,STD_010287,3,카메라/광학기기 > 카메라액세서리 > 카메라케이스
STD_010295,헤드,STD_010287,3,카메라/광학기기 > 카메라액세서리 > 헤드
STD_010297,카메라용품,STD_010243,2,카메라/광학기기 > 카메라용품
STD_010296,기타카메라/캠코더용품,STD_010297,3,카메라/광학기기 > 카메라용품 > 기타카메라/캠코더용품
STD_010298,동영상촬영용거치대,STD_010297,3,카메라/광학기기 > 카메라용품 > 동영상촬영용거치대
STD_010299,디지털액자,STD_010297,3,카메라/광학기기 > 카메라용품 > 디지털액자
STD_010300,레인커버,STD_010297,3,카메라/광학기기 > 카메라용품 > 레인커버
STD_010301,리모컨,STD_010297,3,카메라/광학기기 > 카메라용품 > 리모컨
STD_010302,마이크,STD_010297,3,카메라/광학기기 > 카메라용품 > 마이크
STD_010303,무선송신기,STD_010297,3,카메라/광학기기 > 카메라용품 > 무선송신기
STD_010304,보호필름,STD_010297,3,카메라/광학기기 > 카메라용품 > 보호필름
STD_010305,소프트버튼,STD_010297,3,카메라/광학기기 > 카메라용품 > 소프트버튼
STD_010306,아이피스,STD_010297,3,카메라/광학기기 > 카메라용품 > 아이피스
STD_010307,제습함,STD_010297,3,카메라/광학기기 > 카메라용품 > 제습함
STD_010308,청소용품,STD_010297,3,카메라/광학기기 > 카메라용품 > 청소용품
STD_010309,파인더,STD_010297,3,카메라/광학기기 > 카메라용품 > 파인더
STD_010310,필름,STD_010297,3,카메라/광학기기 > 카메라용품 > 필름
STD_010312,필름카메라,STD_010243,2,카메라/광학기기 > 필름카메라
STD_010311,SLR카메라,STD_010312,3,카메라/광학기기 > 필름카메라 > SLR카메라
STD_010313,로모카메라,STD_010312,3,카메라/광학기기 > 필름카메라 > 로모카메라
STD_010314,일회용카메라,STD_010312,3,카메라/광학기기 > 필름카메라 > 일회용카메라
STD_010315,토이카메라,STD_010312,3,카메라/광학기기 > 필름카메라 > 토이카메라
STD_010318,캠핑/낚시,ROOT,1,캠핑/낚시
STD_010317,기타,STD_010318,2,캠핑/낚시 > 기타
STD_010316,기타,STD_010317,3,캠핑/낚시 > 기타 > 기타
STD_010320,낚시공구,STD_010318,2,캠핑/낚시 > 낚시공구
STD_010319,가위/라인커터,STD_010320,3,캠핑/낚시 > 낚시공구 > 가위/라인커터
STD_010321,결속기/샤프너,STD_010320,3,캠핑/낚시 > 낚시공구 > 결속기/샤프너
STD_010322,기타낚시공구,STD_010320,3,캠핑/낚시 > 낚시공구 > 기타낚시공구
STD_010323,낚시계측도구,STD_010320,3,캠핑/낚시 > 낚시공구 > 낚시계측도구
STD_010324,낚시공구기타,STD_010320,3,캠핑/낚시 > 낚시공구 > 낚시공구기타
STD_010325,낚시칼,STD_010320,3,캠핑/낚시 > 낚시공구 > 낚시칼
STD_010326,니퍼/플라이어,STD_010320,3,캠핑/낚시 > 낚시공구 > 니퍼/플라이어
STD_010327,립그립/고기집게,STD_010320,3,캠핑/낚시 > 낚시공구 > 립그립/고기집게
STD_010328,집게/립그립,STD_010320,3,캠핑/낚시 > 낚시공구 > 집게/립그립
STD_010329,포셉/바늘빼기,STD_010320,3,캠핑/낚시 > 낚시공구 > 포셉/바늘빼기
STD_010330,플라이어/니퍼,STD_010320,3,캠핑/낚시 > 낚시공구 > 플라이어/니퍼
STD_010331,핀온릴,STD_010320,3,캠핑/낚시 > 낚시공구 > 핀온릴
STD_010333,낚시릴,STD_010318,2,캠핑/낚시 > 낚시릴
STD_010332,기타릴,STD_010333,3,캠핑/낚시 > 낚시릴 > 기타릴
STD_010334,낚시릴용품,STD_010333,3,캠핑/낚시 > 낚시릴 > 낚시릴용품
STD_010335,릴소품,STD_010333,3,캠핑/낚시 > 낚시릴 > 릴소품
STD_010336,베이트릴,STD_010333,3,캠핑/낚시 > 낚시릴 > 베이트릴
STD_010337,스피닝릴,STD_010333,3,캠핑/낚시 > 낚시릴 > 스피닝릴
STD_010338,장구통릴,STD_010333,3,캠핑/낚시 > 낚시릴 > 장구통릴
STD_010339,전동릴,STD_010333,3,캠핑/낚시 > 낚시릴 > 전동릴
STD_010340,플라이릴,STD_010333,3,캠핑/낚시 > 낚시릴 > 플라이릴
STD_010342,낚시용품,STD_010318,2,캠핑/낚시 > 낚시용품
STD_010341,기타낚시용품,STD_010342,3,캠핑/낚시 > 낚시용품 > 기타낚시용품
STD_010343,기포발생기,STD_010342,3,캠핑/낚시 > 낚시용품 > 기포발생기
STD_010344,꿰미,STD_010342,3,캠핑/낚시 > 낚시용품 > 꿰미
STD_010345,낚시가방,STD_010342,3,캠핑/낚시 > 낚시용품 > 낚시가방
STD_010346,낚시대,STD_010342,3,캠핑/낚시 > 낚시용품 > 낚시대
STD_010347,낚시아이스박스,STD_010342,3,캠핑/낚시 > 낚시용품 > 낚시아이스박스
STD_010348,낚시의자,STD_010342,3,캠핑/낚시 > 낚시용품 > 낚시의자
STD_010349,낚시줄,STD_010342,3,캠핑/낚시 > 낚시용품 > 낚시줄
STD_010350,낚시텐트,STD_010342,3,캠핑/낚시 > 낚시용품 > 낚시텐트
STD_010351,뜰채/뜰망,STD_010342,3,캠핑/낚시 > 낚시용품 > 뜰채/뜰망
STD_010352,밑밥통/주걱,STD_010342,3,캠핑/낚시 > 낚시용품 > 밑밥통/주걱
STD_010353,봉돌/싱커,STD_010342,3,캠핑/낚시 > 낚시용품 > 봉돌/싱커
STD_010354,어군탐지기,STD_010342,3,캠핑/낚시 > 낚시용품 > 어군탐지기
STD_010355,어포기,STD_010342,3,캠핑/낚시 > 낚시용품 > 어포기
STD_010356,케미/집어등/축광장비,STD_010342,3,캠핑/낚시 > 낚시용품 > 케미/집어등/축광장비
STD_010357,태클박스/수납용품,STD_010342,3,캠핑/낚시 > 낚시용품 > 태클박스/수납용품
STD_010358,통발,STD_010342,3,캠핑/낚시 > 낚시용품 > 통발
STD_010359,통발/그물,STD_010342,3,캠핑/낚시 > 낚시용품 > 통발/그물
STD_010360,합사,STD_010342,3,캠핑/낚시 > 낚시용품 > 합사
STD_010362,낚시의류/잡화,STD_010318,2,캠핑/낚시 > 낚시의류/잡화
STD_010361,구명조끼,STD_010362,3,캠핑/낚시 > 낚시의류/잡화 > 구명조끼
STD_010363,기타낚시의류/잡화,STD_010362,3,캠핑/낚시 > 낚시의류/잡화 > 기타낚시의류/잡화
STD_010364,낚시구명조끼,STD_010362,3,캠핑/낚시 > 낚시의류/잡화 > 낚시구명조끼
STD_010365,낚시모자,STD_010362,3,캠핑/낚시 > 낚시의류/잡화 > 낚시모자
STD_010366,낚시복,STD_010362,3,캠핑/낚시 > 낚시의류/잡화 > 낚시복
STD_010367,낚시상의,STD_010362,3,캠핑/낚시 > 낚시의류/잡화 > 낚시상의
STD_010368,낚시신발,STD_010362,3,캠핑/낚시 > 낚시의류/잡화 > 낚시신발
STD_010369,낚시장갑,STD_010362,3,캠핑/낚시 > 낚시의류/잡화 > 낚시장갑
STD_010370,낚시장화,STD_010362,3,캠핑/낚시 > 낚시의류/잡화 > 낚시장화
STD_010371,낚시조끼,STD_010362,3,캠핑/낚시 > 낚시의류/잡화 > 낚시조끼
STD_010372,낚시하의,STD_010362,3,캠핑/낚시 > 낚시의류/잡화 > 낚시하의
STD_010373,낚시화,STD_010362,3,캠핑/낚시 > 낚시의류/잡화 > 낚시화
STD_010374,힙커버/힙가드,STD_010362,3,캠핑/낚시 > 낚시의류/잡화 > 힙커버/힙가드
STD_010376,낚시일반용품,STD_010318,2,캠핑/낚시 > 낚시일반용품
STD_010375,기타낚시용품,STD_010376,3,캠핑/낚시 > 낚시일반용품 > 기타낚시용품
STD_010377,기포기,STD_010376,3,캠핑/낚시 > 낚시일반용품 > 기포기
STD_010378,낚시아이스박스,STD_010376,3,캠핑/낚시 > 낚시일반용품 > 낚시아이스박스
STD_010379,낚시의자,STD_010376,3,캠핑/낚시 > 낚시일반용품 > 낚시의자
STD_010380,낚싯줄,STD_010376,3,캠핑/낚시 > 낚시일반용품 > 낚싯줄
STD_010381,뜰채,STD_010376,3,캠핑/낚시 > 낚시일반용품 > 뜰채
STD_010382,봉돌/싱커,STD_010376,3,캠핑/낚시 > 낚시일반용품 > 봉돌/싱커
STD_010383,살림망/꿰미,STD_010376,3,캠핑/낚시 > 낚시일반용품 > 살림망/꿰미
STD_010384,어군탐지기/항법장치,STD_010376,3,캠핑/낚시 > 낚시일반용품 > 어군탐지기/항법장치
STD_010385,얼음낚시용품,STD_010376,3,캠핑/낚시 > 낚시일반용품 > 얼음낚시용품
STD_010386,집어등/축광장비,STD_010376,3,캠핑/낚시 > 낚시일반용품 > 집어등/축광장비
STD_010387,태클박스,STD_010376,3,캠핑/낚시 > 낚시일반용품 > 태클박스
STD_010388,통발/그물,STD_010376,3,캠핑/낚시 > 낚시일반용품 > 통발/그물
STD_010390,낚시찌,STD_010318,2,캠핑/낚시 > 낚시찌
STD_010389,기타낚시찌,STD_010390,3,캠핑/낚시 > 낚시찌 > 기타낚시찌
STD_010391,민물바닥찌/올림찌,STD_010390,3,캠핑/낚시 > 낚시찌 > 민물바닥찌/올림찌
STD_010392,민물중층찌/내림찌,STD_010390,3,캠핑/낚시 > 낚시찌 > 민물중층찌/내림찌
STD_010393,바다구멍찌,STD_010390,3,캠핑/낚시 > 낚시찌 > 바다구멍찌
STD_010394,바다막대찌,STD_010390,3,캠핑/낚시 > 낚시찌 > 바다막대찌
STD_010395,바다목줄찌,STD_010390,3,캠핑/낚시 > 낚시찌 > 바다목줄찌
STD_010396,바다수중찌,STD_010390,3,캠핑/낚시 > 낚시찌 > 바다수중찌
STD_010397,바다전자찌,STD_010390,3,캠핑/낚시 > 낚시찌 > 바다전자찌
STD_010399,낚싯대,STD_010318,2,캠핑/낚시 > 낚싯대
STD_010398,기타낚싯대,STD_010399,3,캠핑/낚시 > 낚싯대 > 기타낚싯대
STD_010400,루어낚시세트,STD_010399,3,캠핑/낚시 > 낚싯대 > 루어낚시세트
STD_010401,민물낚시세트,STD_010399,3,캠핑/낚시 > 낚싯대 > 민물낚시세트
STD_010402,민물낚싯대,STD_010399,3,캠핑/낚시 > 낚싯대 > 민물낚싯대
STD_010403,민물루어낚싯대,STD_010399,3,캠핑/낚시 > 낚싯대 > 민물루어낚싯대
STD_010404,바다낚시세트,STD_010399,3,캠핑/낚시 > 낚싯대 > 바다낚시세트
STD_010405,바다루어낚싯대,STD_010399,3,캠핑/낚시 > 낚싯대 > 바다루어낚싯대
STD_010406,바다릴낚싯대,STD_010399,3,캠핑/낚시 > 낚싯대 > 바다릴낚싯대
STD_010407,바다민장대,STD_010399,3,캠핑/낚시 > 낚싯대 > 바다민장대
STD_010408,중층/내림낚싯대,STD_010399,3,캠핑/낚시 > 낚싯대 > 중층/내림낚싯대
STD_010410,루어낚시,STD_010318,2,캠핑/낚시 > 루어낚시
STD_010409,기타루어낚시용품,STD_010410,3,캠핑/낚시 > 루어낚시 > 기타루어낚시용품
STD_010411,루어낚시대,STD_010410,3,캠핑/낚시 > 루어낚시 > 루어낚시대
STD_010412,루어낚시세트,STD_010410,3,캠핑/낚시 > 루어낚시 > 루어낚시세트
STD_010413,루어바늘류,STD_010410,3,캠핑/낚시 > 루어낚시 > 루어바늘류
STD_010414,루어용라인,STD_010410,3,캠핑/낚시 > 루어낚시 > 루어용라인
STD_010415,웜/베이트,STD_010410,3,캠핑/낚시 > 루어낚시 > 웜/베이트
STD_010417,루어낚시용품,STD_010318,2,캠핑/낚시 > 루어낚시용품
STD_010416,기타루어낚시용품,STD_010417,3,캠핑/낚시 > 루어낚시용품 > 기타루어낚시용품
STD_010418,루어낚시보조가방,STD_010417,3,캠핑/낚시 > 루어낚시용품 > 루어낚시보조가방
STD_010419,루어로드케이스,STD_010417,3,캠핑/낚시 > 루어낚시용품 > 루어로드케이스
STD_010420,루어바늘,STD_010417,3,캠핑/낚시 > 루어낚시용품 > 루어바늘
STD_010421,웜/베이트,STD_010417,3,캠핑/낚시 > 루어낚시용품 > 웜/베이트
STD_010422,플라이낚시용품,STD_010417,3,캠핑/낚시 > 루어낚시용품 > 플라이낚시용품
STD_010424,민물낚시,STD_010318,2,캠핑/낚시 > 민물낚시
STD_010423,기타민물낚시용품,STD_010424,3,캠핑/낚시 > 민물낚시 > 기타민물낚시용품
STD_010425,떡밥/떡밥그릇,STD_010424,3,캠핑/낚시 > 민물낚시 > 떡밥/떡밥그릇
STD_010426,민물낚시대,STD_010424,3,캠핑/낚시 > 민물낚시 > 민물낚시대
STD_010427,민물낚시세트,STD_010424,3,캠핑/낚시 > 민물낚시 > 민물낚시세트
STD_010428,민물낚시소품,STD_010424,3,캠핑/낚시 > 민물낚시 > 민물낚시소품
STD_010429,받침대/받침틀,STD_010424,3,캠핑/낚시 > 민물낚시 > 받침대/받침틀
STD_010430,찌,STD_010424,3,캠핑/낚시 > 민물낚시 > 찌
STD_010431,찌케이스/보조장비,STD_010424,3,캠핑/낚시 > 민물낚시 > 찌케이스/보조장비
STD_010433,민물낚시용품,STD_010318,2,캠핑/낚시 > 민물낚시용품
STD_010432,기타민물낚시용품,STD_010433,3,캠핑/낚시 > 민물낚시용품 > 기타민물낚시용품
STD_010434,떡밥,STD_010433,3,캠핑/낚시 > 민물낚시용품 > 떡밥
STD_010435,민물낚시가방,STD_010433,3,캠핑/낚시 > 민물낚시용품 > 민물낚시가방
STD_010436,민물낚시바늘,STD_010433,3,캠핑/낚시 > 민물낚시용품 > 민물낚시바늘
STD_010437,받침대,STD_010433,3,캠핑/낚시 > 민물낚시용품 > 받침대
STD_010438,받침틀,STD_010433,3,캠핑/낚시 > 민물낚시용품 > 받침틀
STD_010439,수초제거기,STD_010433,3,캠핑/낚시 > 민물낚시용품 > 수초제거기
STD_010441,바다낚시,STD_010318,2,캠핑/낚시 > 바다낚시
STD_010440,기타바다낚시용품,STD_010441,3,캠핑/낚시 > 바다낚시 > 기타바다낚시용품
STD_010442,밑밥/집어제,STD_010441,3,캠핑/낚시 > 바다낚시 > 밑밥/집어제
STD_010443,바늘,STD_010441,3,캠핑/낚시 > 바다낚시 > 바늘
STD_010444,바다낚시가방,STD_010441,3,캠핑/낚시 > 바다낚시 > 바다낚시가방
STD_010445,바다낚시대,STD_010441,3,캠핑/낚시 > 바다낚시 > 바다낚시대
STD_010446,바다낚시세트,STD_010441,3,캠핑/낚시 > 바다낚시 > 바다낚시세트
STD_010447,바다낚시줄,STD_010441,3,캠핑/낚시 > 바다낚시 > 바다낚시줄
STD_010448,바다찌,STD_010441,3,캠핑/낚시 > 바다낚시 > 바다찌
STD_010450,바다낚시용품,STD_010318,2,캠핑/낚시 > 바다낚시용품
STD_010449,기타바다낚시용품,STD_010450,3,캠핑/낚시 > 바다낚시용품 > 기타바다낚시용품
STD_010451,밑밥/집어제,STD_010450,3,캠핑/낚시 > 바다낚시용품 > 밑밥/집어제
STD_010452,밑밥주걱,STD_010450,3,캠핑/낚시 > 바다낚시용품 > 밑밥주걱
STD_010453,밑밥통/두레박,STD_010450,3,캠핑/낚시 > 바다낚시용품 > 밑밥통/두레박
STD_010454,바다낚시가방,STD_010450,3,캠핑/낚시 > 바다낚시용품 > 바다낚시가방
STD_010455,바다낚싯바늘,STD_010450,3,캠핑/낚시 > 바다낚시용품 > 바다낚싯바늘
STD_010456,원투/선상받침대,STD_010450,3,캠핑/낚시 > 바다낚시용품 > 원투/선상받침대
STD_010458,보트/카약,STD_010318,2,캠핑/낚시 > 보트/카약
STD_010457,고무보트/콤비보트,STD_010458,3,캠핑/낚시 > 보트/카약 > 고무보트/콤비보트
STD_010459,레저보트/요트/제트스키,STD_010458,3,캠핑/낚시 > 보트/카약 > 레저보트/요트/제트스키
STD_010460,보트/카약용품,STD_010458,3,캠핑/낚시 > 보트/카약 > 보트/카약용품
STD_010461,보트엔진/모터,STD_010458,3,캠핑/낚시 > 보트/카약 > 보트엔진/모터
STD_010462,카약,STD_010458,3,캠핑/낚시 > 보트/카약 > 카약
STD_010464,야외보냉용품,STD_010318,2,캠핑/낚시 > 야외보냉용품
STD_010463,아이스박스/쿨러,STD_010464,3,캠핑/낚시 > 야외보냉용품 > 아이스박스/쿨러
STD_010465,아이스백,STD_010464,3,캠핑/낚시 > 야외보냉용품 > 아이스백
STD_010466,아이스팩,STD_010464,3,캠핑/낚시 > 야외보냉용품 > 아이스팩
STD_010468,야외보온/난방용품,STD_010318,2,캠핑/낚시 > 야외보온/난방용품
STD_010467,기타캠핑난방용품,STD_010468,3,캠핑/낚시 > 야외보온/난방용품 > 기타캠핑난방용품
STD_010469,야외용난로,STD_010468,3,캠핑/낚시 > 야외보온/난방용품 > 야외용난로
STD_010470,유단포,STD_010468,3,캠핑/낚시 > 야외보온/난방용품 > 유단포
STD_010472,취사용품,STD_010318,2,캠핑/낚시 > 취사용품
STD_010471,그릴/그리들/주물팬,STD_010472,3,캠핑/낚시 > 취사용품 > 그릴/그리들/주물팬
STD_010473,기타취사용품,STD_010472,3,캠핑/낚시 > 취사용품 > 기타취사용품
STD_010474,바비큐그릴,STD_010472,3,캠핑/낚시 > 취사용품 > 바비큐그릴
STD_010475,버너,STD_010472,3,캠핑/낚시 > 취사용품 > 버너
STD_010476,버너/스토브,STD_010472,3,캠핑/낚시 > 취사용품 > 버너/스토브
STD_010477,부탄/이소가스,STD_010472,3,캠핑/낚시 > 취사용품 > 부탄/이소가스
STD_010478,부탄가스,STD_010472,3,캠핑/낚시 > 취사용품 > 부탄가스
STD_010479,선풍기/서큘,STD_010472,3,캠핑/낚시 > 취사용품 > 선풍기/서큘
STD_010480,설거지통/건조망,STD_010472,3,캠핑/낚시 > 취사용품 > 설거지통/건조망
STD_010481,숯/장작/연료,STD_010472,3,캠핑/낚시 > 취사용품 > 숯/장작/연료
STD_010482,식기/조리도구,STD_010472,3,캠핑/낚시 > 취사용품 > 식기/조리도구
STD_010483,취사용품기타,STD_010472,3,캠핑/낚시 > 취사용품 > 취사용품기타
STD_010484,코펠,STD_010472,3,캠핑/낚시 > 취사용품 > 코펠
STD_010485,토치,STD_010472,3,캠핑/낚시 > 취사용품 > 토치
STD_010486,화로대,STD_010472,3,캠핑/낚시 > 취사용품 > 화로대
STD_010487,휴대용가스레인지,STD_010472,3,캠핑/낚시 > 취사용품 > 휴대용가스레인지
STD_010489,캠핑용품,STD_010318,2,캠핑/낚시 > 캠핑용품
STD_010488,간이의자,STD_010489,3,캠핑/낚시 > 캠핑용품 > 간이의자
STD_010490,로우체어,STD_010489,3,캠핑/낚시 > 캠핑용품 > 로우체어
STD_010491,릴렉스체어,STD_010489,3,캠핑/낚시 > 캠핑용품 > 릴렉스체어
STD_010492,매트/돗자리,STD_010489,3,캠핑/낚시 > 캠핑용품 > 매트/돗자리
STD_010493,선반/쉘프,STD_010489,3,캠핑/낚시 > 캠핑용품 > 선반/쉘프
STD_010494,아이스박스/쿨러,STD_010489,3,캠핑/낚시 > 캠핑용품 > 아이스박스/쿨러
STD_010495,아이스백,STD_010489,3,캠핑/낚시 > 캠핑용품 > 아이스백
STD_010496,아이스팩,STD_010489,3,캠핑/낚시 > 캠핑용품 > 아이스팩
STD_010497,야전침대,STD_010489,3,캠핑/낚시 > 캠핑용품 > 야전침대
STD_010498,웨건/카트,STD_010489,3,캠핑/낚시 > 캠핑용품 > 웨건/카트
STD_010499,응급/구조용품,STD_010489,3,캠핑/낚시 > 캠핑용품 > 응급/구조용품
STD_010500,이너매트,STD_010489,3,캠핑/낚시 > 캠핑용품 > 이너매트
STD_010501,접이식체어,STD_010489,3,캠핑/낚시 > 캠핑용품 > 접이식체어
STD_010502,취침용품,STD_010489,3,캠핑/낚시 > 캠핑용품 > 취침용품
STD_010503,침낭,STD_010489,3,캠핑/낚시 > 캠핑용품 > 침낭
STD_010504,칼/톱/망치/삽,STD_010489,3,캠핑/낚시 > 캠핑용품 > 칼/톱/망치/삽
STD_010505,캠핑공구/기타,STD_010489,3,캠핑/낚시 > 캠핑용품 > 캠핑공구/기타
STD_010506,캠핑수리용품,STD_010489,3,캠핑/낚시 > 캠핑용품 > 캠핑수리용품
STD_010507,캠핑용난로/히터,STD_010489,3,캠핑/낚시 > 캠핑용품 > 캠핑용난로/히터
STD_010508,캠핑테이블,STD_010489,3,캠핑/낚시 > 캠핑용품 > 캠핑테이블
STD_010509,테이블/의자세트,STD_010489,3,캠핑/낚시 > 캠핑용품 > 테이블/의자세트
STD_010510,펌프,STD_010489,3,캠핑/낚시 > 캠핑용품 > 펌프
STD_010511,편의용품,STD_010489,3,캠핑/낚시 > 캠핑용품 > 편의용품
STD_010512,해먹,STD_010489,3,캠핑/낚시 > 캠핑용품 > 해먹
STD_010514,캠핑일반용품,STD_010318,2,캠핑/낚시 > 캠핑일반용품
STD_010513,기타캠핑용품,STD_010514,3,캠핑/낚시 > 캠핑일반용품 > 기타캠핑용품
STD_010515,다용도칼,STD_010514,3,캠핑/낚시 > 캠핑일반용품 > 다용도칼
STD_010516,돗자리,STD_010514,3,캠핑/낚시 > 캠핑일반용품 > 돗자리
STD_010517,모포/캠핑베개,STD_010514,3,캠핑/낚시 > 캠핑일반용품 > 모포/캠핑베개
STD_010518,야전침대,STD_010514,3,캠핑/낚시 > 캠핑일반용품 > 야전침대
STD_010519,침낭,STD_010514,3,캠핑/낚시 > 캠핑일반용품 > 침낭
STD_010520,캠핑가방,STD_010514,3,캠핑/낚시 > 캠핑일반용품 > 캠핑가방
STD_010521,캠핑매트,STD_010514,3,캠핑/낚시 > 캠핑일반용품 > 캠핑매트
STD_010522,캠핑손도끼/야전삽,STD_010514,3,캠핑/낚시 > 캠핑일반용품 > 캠핑손도끼/야전삽
STD_010523,캠핑의자,STD_010514,3,캠핑/낚시 > 캠핑일반용품 > 캠핑의자
STD_010524,캠핑카트,STD_010514,3,캠핑/낚시 > 캠핑일반용품 > 캠핑카트
STD_010525,캠핑테이블,STD_010514,3,캠핑/낚시 > 캠핑일반용품 > 캠핑테이블
STD_010526,캠핑트레일러,STD_010514,3,캠핑/낚시 > 캠핑일반용품 > 캠핑트레일러
STD_010527,해먹,STD_010514,3,캠핑/낚시 > 캠핑일반용품 > 해먹
STD_010529,캠핑조명,STD_010318,2,캠핑/낚시 > 캠핑조명
STD_010528,기타조명,STD_010529,3,캠핑/낚시 > 캠핑조명 > 기타조명
STD_010530,랜턴,STD_010529,3,캠핑/낚시 > 캠핑조명 > 랜턴
STD_010531,랜턴걸이/소품기타,STD_010529,3,캠핑/낚시 > 캠핑조명 > 랜턴걸이/소품기타
STD_010532,손전등,STD_010529,3,캠핑/낚시 > 캠핑조명 > 손전등
STD_010533,헤드랜턴,STD_010529,3,캠핑/낚시 > 캠핑조명 > 헤드랜턴
STD_010535,캠핑조명용품,STD_010318,2,캠핑/낚시 > 캠핑조명용품
STD_010534,랜턴,STD_010535,3,캠핑/낚시 > 캠핑조명용품 > 랜턴
STD_010536,랜턴걸이/스탠드,STD_010535,3,캠핑/낚시 > 캠핑조명용품 > 랜턴걸이/스탠드
STD_010537,손전등,STD_010535,3,캠핑/낚시 > 캠핑조명용품 > 손전등
STD_010538,헤드랜턴,STD_010535,3,캠핑/낚시 > 캠핑조명용품 > 헤드랜턴
STD_010540,캠핑카/캠핑카용품,STD_010318,2,캠핑/낚시 > 캠핑카/캠핑카용품
STD_010539,견인장치,STD_010540,3,캠핑/낚시 > 캠핑카/캠핑카용품 > 견인장치
STD_010541,기타용품,STD_010540,3,캠핑/낚시 > 캠핑카/캠핑카용품 > 기타용품
STD_010542,루프탑,STD_010540,3,캠핑/낚시 > 캠핑카/캠핑카용품 > 루프탑
STD_010543,캠핑카,STD_010540,3,캠핑/낚시 > 캠핑카/캠핑카용품 > 캠핑카
STD_010544,트레일러,STD_010540,3,캠핑/낚시 > 캠핑카/캠핑카용품 > 트레일러
STD_010546,텐트/타프,STD_010318,2,캠핑/낚시 > 텐트/타프
STD_010545,TP텐트,STD_010546,3,캠핑/낚시 > 텐트/타프 > TP텐트
STD_010547,그늘막,STD_010546,3,캠핑/낚시 > 텐트/타프 > 그늘막
STD_010548,그라운드시트/방수포,STD_010546,3,캠핑/낚시 > 텐트/타프 > 그라운드시트/방수포
STD_010549,기타텐트/타프용품,STD_010546,3,캠핑/낚시 > 텐트/타프 > 기타텐트/타프용품
STD_010550,돔텐트,STD_010546,3,캠핑/낚시 > 텐트/타프 > 돔텐트
STD_010551,메쉬/모기장텐트,STD_010546,3,캠핑/낚시 > 텐트/타프 > 메쉬/모기장텐트
STD_010552,면텐트,STD_010546,3,캠핑/낚시 > 텐트/타프 > 면텐트
STD_010553,사각타프,STD_010546,3,캠핑/낚시 > 텐트/타프 > 사각타프
STD_010554,원터치/팝업텐트,STD_010546,3,캠핑/낚시 > 텐트/타프 > 원터치/팝업텐트
STD_010555,윈드스크린,STD_010546,3,캠핑/낚시 > 텐트/타프 > 윈드스크린
STD_010556,차박텐트,STD_010546,3,캠핑/낚시 > 텐트/타프 > 차박텐트
STD_010557,천막,STD_010546,3,캠핑/낚시 > 텐트/타프 > 천막
STD_010558,타프,STD_010546,3,캠핑/낚시 > 텐트/타프 > 타프
STD_010559,타프/기타,STD_010546,3,캠핑/낚시 > 텐트/타프 > 타프/기타
STD_010560,타프스크린,STD_010546,3,캠핑/낚시 > 텐트/타프 > 타프스크린
STD_010561,터널형텐트,STD_010546,3,캠핑/낚시 > 텐트/타프 > 터널형텐트
STD_010562,텐트,STD_010546,3,캠핑/낚시 > 텐트/타프 > 텐트
STD_010563,텐트/타프세트,STD_010546,3,캠핑/낚시 > 텐트/타프 > 텐트/타프세트
STD_010564,투룸/거실형텐트,STD_010546,3,캠핑/낚시 > 텐트/타프 > 투룸/거실형텐트
STD_010565,파라솔,STD_010546,3,캠핑/낚시 > 텐트/타프 > 파라솔
STD_010566,폴대/팩,STD_010546,3,캠핑/낚시 > 텐트/타프 > 폴대/팩
STD_010567,폴대/팩/스토퍼,STD_010546,3,캠핑/낚시 > 텐트/타프 > 폴대/팩/스토퍼
STD_010569,플라이낚시,STD_010318,2,캠핑/낚시 > 플라이낚시
STD_010568,플라이낚시가방,STD_010569,3,캠핑/낚시 > 플라이낚시 > 플라이낚시가방
STD_010570,플라이라인,STD_010569,3,캠핑/낚시 > 플라이낚시 > 플라이라인
STD_010571,플라이로드,STD_010569,3,캠핑/낚시 > 플라이낚시 > 플라이로드
STD_010572,플라이바늘/완성훅,STD_010569,3,캠핑/낚시 > 플라이낚시 > 플라이바늘/완성훅
STD_010573,플라이타잉도구/재료,STD_010569,3,캠핑/낚시 > 플라이낚시 > 플라이타잉도구/재료
STD_010576,커피/생수/음료,ROOT,1,커피/생수/음료
STD_010575,생수/탄산수,STD_010576,2,커피/생수/음료 > 생수/탄산수
STD_010574,생수,STD_010575,3,커피/생수/음료 > 생수/탄산수 > 생수
STD_010577,탄산수,STD_010575,3,커피/생수/음료 > 생수/탄산수 > 탄산수
STD_010579,스포츠/건강음료,STD_010576,2,커피/생수/음료 > 스포츠/건강음료
STD_010578,기타건강음료,STD_010579,3,커피/생수/음료 > 스포츠/건강음료 > 기타건강음료
STD_010580,비타민음료,STD_010579,3,커피/생수/음료 > 스포츠/건강음료 > 비타민음료
STD_010581,스포츠/이온음료,STD_010579,3,커피/생수/음료 > 스포츠/건강음료 > 스포츠/이온음료
STD_010583,우유/두유,STD_010576,2,커피/생수/음료 > 우유/두유
STD_010582,두유,STD_010583,3,커피/생수/음료 > 우유/두유 > 두유
STD_010584,우유,STD_010583,3,커피/생수/음료 > 우유/두유 > 우유
STD_010586,유제품,STD_010576,2,커피/생수/음료 > 유제품
STD_010585,기타치즈,STD_010586,3,커피/생수/음료 > 유제품 > 기타치즈
STD_010587,마가린,STD_010586,3,커피/생수/음료 > 유제품 > 마가린
STD_010588,버터,STD_010586,3,커피/생수/음료 > 유제품 > 버터
STD_010589,생크림,STD_010586,3,커피/생수/음료 > 유제품 > 생크림
STD_010590,슬라이스치즈,STD_010586,3,커피/생수/음료 > 유제품 > 슬라이스치즈
STD_010591,연유,STD_010586,3,커피/생수/음료 > 유제품 > 연유
STD_010592,요구르트,STD_010586,3,커피/생수/음료 > 유제품 > 요구르트
STD_010593,크림치즈,STD_010586,3,커피/생수/음료 > 유제품 > 크림치즈
STD_010594,피자치즈,STD_010586,3,커피/생수/음료 > 유제품 > 피자치즈
STD_010596,전통음료/차음료,STD_010576,2,커피/생수/음료 > 전통음료/차음료
STD_010595,전통음료,STD_010596,3,커피/생수/음료 > 전통음료/차음료 > 전통음료
STD_010597,차음료,STD_010596,3,커피/생수/음료 > 전통음료/차음료 > 차음료
STD_010599,주류,STD_010576,2,커피/생수/음료 > 주류
STD_010598,국내맥주,STD_010599,3,커피/생수/음료 > 주류 > 국내맥주
STD_010600,기타주류,STD_010599,3,커피/생수/음료 > 주류 > 기타주류
STD_010601,소주,STD_010599,3,커피/생수/음료 > 주류 > 소주
STD_010602,수입맥주,STD_010599,3,커피/생수/음료 > 주류 > 수입맥주
STD_010603,양주,STD_010599,3,커피/생수/음료 > 주류 > 양주
STD_010604,와인,STD_010599,3,커피/생수/음료 > 주류 > 와인
STD_010605,전통주,STD_010599,3,커피/생수/음료 > 주류 > 전통주
STD_010606,주류선물세트,STD_010599,3,커피/생수/음료 > 주류 > 주류선물세트
STD_010608,주스/과즙음료,STD_010576,2,커피/생수/음료 > 주스/과즙음료
STD_010607,과일음료,STD_010608,3,커피/생수/음료 > 주스/과즙음료 > 과일음료
STD_010609,과채혼합음료,STD_010608,3,커피/생수/음료 > 주스/과즙음료 > 과채혼합음료
STD_010610,어린이음료,STD_010608,3,커피/생수/음료 > 주스/과즙음료 > 어린이음료
STD_010611,채소음료,STD_010608,3,커피/생수/음료 > 주스/과즙음료 > 채소음료
STD_010613,차류,STD_010576,2,커피/생수/음료 > 차류
STD_010612,과일청,STD_010613,3,커피/생수/음료 > 차류 > 과일청
STD_010614,녹차,STD_010613,3,커피/생수/음료 > 차류 > 녹차
STD_010615,둥굴레차/결명자차,STD_010613,3,커피/생수/음료 > 차류 > 둥굴레차/결명자차
STD_010616,보리차,STD_010613,3,커피/생수/음료 > 차류 > 보리차
STD_010617,생강차,STD_010613,3,커피/생수/음료 > 차류 > 생강차
STD_010618,옥수수차,STD_010613,3,커피/생수/음료 > 차류 > 옥수수차
STD_010619,우엉차,STD_010613,3,커피/생수/음료 > 차류 > 우엉차
STD_010620,율무/견과차,STD_010613,3,커피/생수/음료 > 차류 > 율무/견과차
STD_010621,전통차,STD_010613,3,커피/생수/음료 > 차류 > 전통차
STD_010622,차선물세트,STD_010613,3,커피/생수/음료 > 차류 > 차선물세트
STD_010623,코코아,STD_010613,3,커피/생수/음료 > 차류 > 코코아
STD_010624,파우더,STD_010613,3,커피/생수/음료 > 차류 > 파우더
STD_010625,허브차,STD_010613,3,커피/생수/음료 > 차류 > 허브차
STD_010626,홍차/밀크티/아이스티,STD_010613,3,커피/생수/음료 > 차류 > 홍차/밀크티/아이스티
STD_010628,커피,STD_010576,2,커피/생수/음료 > 커피
STD_010627,더치커피,STD_010628,3,커피/생수/음료 > 커피 > 더치커피
STD_010629,드립백/티백,STD_010628,3,커피/생수/음료 > 커피 > 드립백/티백
STD_010630,원두커피,STD_010628,3,커피/생수/음료 > 커피 > 원두커피
STD_010631,캡슐커피,STD_010628,3,커피/생수/음료 > 커피 > 캡슐커피
STD_010632,커피믹스,STD_010628,3,커피/생수/음료 > 커피 > 커피믹스
STD_010633,커피선물세트,STD_010628,3,커피/생수/음료 > 커피 > 커피선물세트
STD_010634,커피시럽,STD_010628,3,커피/생수/음료 > 커피 > 커피시럽
STD_010635,커피음료,STD_010628,3,커피/생수/음료 > 커피 > 커피음료
STD_010637,탄산음료,STD_010576,2,커피/생수/음료 > 탄산음료
STD_010636,과즙탄산음료,STD_010637,3,커피/생수/음료 > 탄산음료 > 과즙탄산음료
STD_010638,기타탄산음료,STD_010637,3,커피/생수/음료 > 탄산음료 > 기타탄산음료
STD_010639,무알콜/논알콜주류,STD_010637,3,커피/생수/음료 > 탄산음료 > 무알콜/논알콜주류
STD_010640,사이다,STD_010637,3,커피/생수/음료 > 탄산음료 > 사이다
STD_010641,콜라,STD_010637,3,커피/생수/음료 > 탄산음료 > 콜라
STD_010644,커피/음료,ROOT,1,커피/음료
STD_010643,기능성음료,STD_010644,2,커피/음료 > 기능성음료
STD_010642,기타기능성음료,STD_010643,3,커피/음료 > 기능성음료 > 기타기능성음료
STD_010645,비타민음료,STD_010643,3,커피/음료 > 기능성음료 > 비타민음료
STD_010646,소화제/정장제,STD_010643,3,커피/음료 > 기능성음료 > 소화제/정장제
STD_010647,에너지음료,STD_010643,3,커피/음료 > 기능성음료 > 에너지음료
STD_010648,이온음료,STD_010643,3,커피/음료 > 기능성음료 > 이온음료
STD_010649,자양강장/숙취해소음료,STD_010643,3,커피/음료 > 기능성음료 > 자양강장/숙취해소음료
STD_010651,생수/탄산수,STD_010644,2,커피/음료 > 생수/탄산수
STD_010650,생수,STD_010651,3,커피/음료 > 생수/탄산수 > 생수
STD_010652,탄산수,STD_010651,3,커피/음료 > 생수/탄산수 > 탄산수
STD_010654,우유/두유,STD_010644,2,커피/음료 > 우유/두유
STD_010653,기타유음료,STD_010654,3,커피/음료 > 우유/두유 > 기타유음료
STD_010655,두유,STD_010654,3,커피/음료 > 우유/두유 > 두유
STD_010656,요구르트,STD_010654,3,커피/음료 > 우유/두유 > 요구르트
STD_010657,우유,STD_010654,3,커피/음료 > 우유/두유 > 우유
STD_010658,유음료 가정배달,STD_010654,3,커피/음료 > 우유/두유 > 유음료 가정배달
STD_010660,전통주,STD_010644,2,커피/음료 > 전통주
STD_010659,과실주,STD_010660,3,커피/음료 > 전통주 > 과실주
STD_010661,기타주류,STD_010660,3,커피/음료 > 전통주 > 기타주류
STD_010662,리큐르,STD_010660,3,커피/음료 > 전통주 > 리큐르
STD_010663,막걸리,STD_010660,3,커피/음료 > 전통주 > 막걸리
STD_010664,소주,STD_010660,3,커피/음료 > 전통주 > 소주
STD_010665,약주,STD_010660,3,커피/음료 > 전통주 > 약주
STD_010666,일반증류주,STD_010660,3,커피/음료 > 전통주 > 일반증류주
STD_010668,주스/과즙음료,STD_010644,2,커피/음료 > 주스/과즙음료
STD_010667,기타과즙음료,STD_010668,3,커피/음료 > 주스/과즙음료 > 기타과즙음료
STD_010669,망고주스,STD_010668,3,커피/음료 > 주스/과즙음료 > 망고주스
STD_010670,매실주스,STD_010668,3,커피/음료 > 주스/과즙음료 > 매실주스
STD_010671,블루베리주스,STD_010668,3,커피/음료 > 주스/과즙음료 > 블루베리주스
STD_010672,사과주스,STD_010668,3,커피/음료 > 주스/과즙음료 > 사과주스
STD_010673,알로에주스,STD_010668,3,커피/음료 > 주스/과즙음료 > 알로에주스
STD_010674,야채주스,STD_010668,3,커피/음료 > 주스/과즙음료 > 야채주스
STD_010675,어린이주스/음료,STD_010668,3,커피/음료 > 주스/과즙음료 > 어린이주스/음료
STD_010676,오렌지/감귤주스,STD_010668,3,커피/음료 > 주스/과즙음료 > 오렌지/감귤주스
STD_010677,자몽주스,STD_010668,3,커피/음료 > 주스/과즙음료 > 자몽주스
STD_010678,토마토주스,STD_010668,3,커피/음료 > 주스/과즙음료 > 토마토주스
STD_010679,포도주스,STD_010668,3,커피/음료 > 주스/과즙음료 > 포도주스
STD_010681,차류,STD_010644,2,커피/음료 > 차류
STD_010680,결명자차,STD_010681,3,커피/음료 > 차류 > 결명자차
STD_010682,국화차,STD_010681,3,커피/음료 > 차류 > 국화차
STD_010683,기타차류,STD_010681,3,커피/음료 > 차류 > 기타차류
STD_010684,녹차,STD_010681,3,커피/음료 > 차류 > 녹차
STD_010685,둥굴레차,STD_010681,3,커피/음료 > 차류 > 둥굴레차
STD_010686,루이보스티,STD_010681,3,커피/음료 > 차류 > 루이보스티
STD_010687,마테차,STD_010681,3,커피/음료 > 차류 > 마테차
STD_010688,보리차,STD_010681,3,커피/음료 > 차류 > 보리차
STD_010689,보이차,STD_010681,3,커피/음료 > 차류 > 보이차
STD_010690,유자차,STD_010681,3,커피/음료 > 차류 > 유자차
STD_010691,율무차,STD_010681,3,커피/음료 > 차류 > 율무차
STD_010692,전통차,STD_010681,3,커피/음료 > 차류 > 전통차
STD_010693,차선물세트,STD_010681,3,커피/음료 > 차류 > 차선물세트
STD_010694,허브차,STD_010681,3,커피/음료 > 차류 > 허브차
STD_010695,홍차,STD_010681,3,커피/음료 > 차류 > 홍차
STD_010697,차음료/전통음료,STD_010644,2,커피/음료 > 차음료/전통음료
STD_010696,기타차음료/전통음료,STD_010697,3,커피/음료 > 차음료/전통음료 > 기타차음료/전통음료
STD_010698,녹차음료,STD_010697,3,커피/음료 > 차음료/전통음료 > 녹차음료
STD_010699,보리/옥수수차음료,STD_010697,3,커피/음료 > 차음료/전통음료 > 보리/옥수수차음료
STD_010700,식혜/수정과,STD_010697,3,커피/음료 > 차음료/전통음료 > 식혜/수정과
STD_010701,쌀/곡물음료,STD_010697,3,커피/음료 > 차음료/전통음료 > 쌀/곡물음료
STD_010702,인삼/홍삼음료,STD_010697,3,커피/음료 > 차음료/전통음료 > 인삼/홍삼음료
STD_010703,헛개차음료,STD_010697,3,커피/음료 > 차음료/전통음료 > 헛개차음료
STD_010704,홍차음료,STD_010697,3,커피/음료 > 차음료/전통음료 > 홍차음료
STD_010706,커피,STD_010644,2,커피/음료 > 커피
STD_010705,원두커피,STD_010706,3,커피/음료 > 커피 > 원두커피
STD_010707,캡슐커피,STD_010706,3,커피/음료 > 커피 > 캡슐커피
STD_010708,커피믹스,STD_010706,3,커피/음료 > 커피 > 커피믹스
STD_010709,커피음료,STD_010706,3,커피/음료 > 커피 > 커피음료
STD_010710,커피프림,STD_010706,3,커피/음료 > 커피 > 커피프림
STD_010711,코코아/핫초코,STD_010706,3,커피/음료 > 커피 > 코코아/핫초코
STD_010712,티백커피,STD_010706,3,커피/음료 > 커피 > 티백커피
STD_010714,탄산/청량음료,STD_010644,2,커피/음료 > 탄산/청량음료
STD_010713,과즙탄산음료,STD_010714,3,커피/음료 > 탄산/청량음료 > 과즙탄산음료
STD_010715,기타탄산음료,STD_010714,3,커피/음료 > 탄산/청량음료 > 기타탄산음료
STD_010716,무알콜음료,STD_010714,3,커피/음료 > 탄산/청량음료 > 무알콜음료
STD_010717,사이다,STD_010714,3,커피/음료 > 탄산/청량음료 > 사이다
STD_010718,아이스티음료,STD_010714,3,커피/음료 > 탄산/청량음료 > 아이스티음료
STD_010719,에이드음료,STD_010714,3,커피/음료 > 탄산/청량음료 > 에이드음료
STD_010720,콜라,STD_010714,3,커피/음료 > 탄산/청량음료 > 콜라
STD_010723,특판,ROOT,1,특판
STD_010722,스마일클럽연회비,STD_010723,2,특판 > 스마일클럽연회비
STD_010721,스마일클럽연회비,STD_010722,3,특판 > 스마일클럽연회비 > 스마일클럽연회비
STD_010725,특판,STD_010723,2,특판 > 특판
STD_010724,특판,STD_010725,3,특판 > 특판 > 특판
STD_010728,패션의류,ROOT,1,패션의류
STD_010727,남성언더웨어/잠옷,STD_010728,2,패션의류 > 남성언더웨어/잠옷
STD_010726,러닝,STD_010727,3,패션의류 > 남성언더웨어/잠옷 > 러닝
STD_010729,러닝팬티세트,STD_010727,3,패션의류 > 남성언더웨어/잠옷 > 러닝팬티세트
STD_010731,보정속옷,STD_010727,3,패션의류 > 남성언더웨어/잠옷 > 보정속옷
STD_010730,보정상의,STD_010731,4,패션의류 > 남성언더웨어/잠옷 > 보정속옷 > 보정상의
STD_010732,보정하의,STD_010731,4,패션의류 > 남성언더웨어/잠옷 > 보정속옷 > 보정하의
STD_010733,복대,STD_010731,4,패션의류 > 남성언더웨어/잠옷 > 보정속옷 > 복대
STD_010735,시즌성내의,STD_010727,3,패션의류 > 남성언더웨어/잠옷 > 시즌성내의
STD_010734,내복,STD_010735,4,패션의류 > 남성언더웨어/잠옷 > 시즌성내의 > 내복
STD_010736,모시메리,STD_010735,4,패션의류 > 남성언더웨어/잠옷 > 시즌성내의 > 모시메리
STD_010737,잠옷/홈웨어,STD_010727,3,패션의류 > 남성언더웨어/잠옷 > 잠옷/홈웨어
STD_010738,팬티,STD_010727,3,패션의류 > 남성언더웨어/잠옷 > 팬티
STD_010741,남성의류,STD_010728,2,패션의류 > 남성의류
STD_010740,니트,STD_010741,3,패션의류 > 남성의류 > 니트
STD_010739,베스트,STD_010740,4,패션의류 > 남성의류 > 니트 > 베스트
STD_010742,카디건,STD_010740,4,패션의류 > 남성의류 > 니트 > 카디건
STD_010743,터틀넥,STD_010740,4,패션의류 > 남성의류 > 니트 > 터틀넥
STD_010744,풀오버,STD_010740,4,패션의류 > 남성의류 > 니트 > 풀오버
STD_010745,바지,STD_010741,3,패션의류 > 남성의류 > 바지
STD_010746,셔츠/남방,STD_010741,3,패션의류 > 남성의류 > 셔츠/남방
STD_010748,아우터,STD_010741,3,패션의류 > 남성의류 > 아우터
STD_010747,기타코트,STD_010748,4,패션의류 > 남성의류 > 아우터 > 기타코트
STD_010749,레더재킷,STD_010748,4,패션의류 > 남성의류 > 아우터 > 레더재킷
STD_010750,레인코트,STD_010748,4,패션의류 > 남성의류 > 아우터 > 레인코트
STD_010751,롱코트,STD_010748,4,패션의류 > 남성의류 > 아우터 > 롱코트
STD_010752,무스탕,STD_010748,4,패션의류 > 남성의류 > 아우터 > 무스탕
STD_010753,베스트,STD_010748,4,패션의류 > 남성의류 > 아우터 > 베스트
STD_010754,숏코트,STD_010748,4,패션의류 > 남성의류 > 아우터 > 숏코트
STD_010755,재킷,STD_010748,4,패션의류 > 남성의류 > 아우터 > 재킷
STD_010756,트렌치코트,STD_010748,4,패션의류 > 남성의류 > 아우터 > 트렌치코트
STD_010757,패딩,STD_010748,4,패션의류 > 남성의류 > 아우터 > 패딩
STD_010758,퍼재킷,STD_010748,4,패션의류 > 남성의류 > 아우터 > 퍼재킷
STD_010759,후드집업,STD_010748,4,패션의류 > 남성의류 > 아우터 > 후드집업
STD_010760,유니폼/단체복,STD_010741,3,패션의류 > 남성의류 > 유니폼/단체복
STD_010761,점퍼,STD_010741,3,패션의류 > 남성의류 > 점퍼
STD_010762,점프슈트,STD_010741,3,패션의류 > 남성의류 > 점프슈트
STD_010763,정장세트,STD_010741,3,패션의류 > 남성의류 > 정장세트
STD_010764,청바지,STD_010741,3,패션의류 > 남성의류 > 청바지
STD_010765,코디세트,STD_010741,3,패션의류 > 남성의류 > 코디세트
STD_010766,트레이닝복,STD_010741,3,패션의류 > 남성의류 > 트레이닝복
STD_010767,티셔츠,STD_010741,3,패션의류 > 남성의류 > 티셔츠
STD_010768,한복,STD_010741,3,패션의류 > 남성의류 > 한복
STD_010770,여성언더웨어/잠옷,STD_010728,2,패션의류 > 여성언더웨어/잠옷
STD_010769,러닝/캐미솔,STD_010770,3,패션의류 > 여성언더웨어/잠옷 > 러닝/캐미솔
STD_010772,보정속옷,STD_010770,3,패션의류 > 여성언더웨어/잠옷 > 보정속옷
STD_010771,거들,STD_010772,4,패션의류 > 여성언더웨어/잠옷 > 보정속옷 > 거들
STD_010773,기타보정속옷,STD_010772,4,패션의류 > 여성언더웨어/잠옷 > 보정속옷 > 기타보정속옷
STD_010774,니퍼/복대,STD_010772,4,패션의류 > 여성언더웨어/잠옷 > 보정속옷 > 니퍼/복대
STD_010775,보정속옷세트,STD_010772,4,패션의류 > 여성언더웨어/잠옷 > 보정속옷 > 보정속옷세트
STD_010776,올인원/바디쉐이퍼,STD_010772,4,패션의류 > 여성언더웨어/잠옷 > 보정속옷 > 올인원/바디쉐이퍼
STD_010777,코르셋,STD_010772,4,패션의류 > 여성언더웨어/잠옷 > 보정속옷 > 코르셋
STD_010778,브라,STD_010770,3,패션의류 > 여성언더웨어/잠옷 > 브라
STD_010779,브라팬티세트,STD_010770,3,패션의류 > 여성언더웨어/잠옷 > 브라팬티세트
STD_010780,속치마/속바지,STD_010770,3,패션의류 > 여성언더웨어/잠옷 > 속치마/속바지
STD_010781,슬립,STD_010770,3,패션의류 > 여성언더웨어/잠옷 > 슬립
STD_010783,시즌성내의,STD_010770,3,패션의류 > 여성언더웨어/잠옷 > 시즌성내의
STD_010782,내복,STD_010783,4,패션의류 > 여성언더웨어/잠옷 > 시즌성내의 > 내복
STD_010784,모시메리,STD_010783,4,패션의류 > 여성언더웨어/잠옷 > 시즌성내의 > 모시메리
STD_010785,힙워머,STD_010783,4,패션의류 > 여성언더웨어/잠옷 > 시즌성내의 > 힙워머
STD_010787,언더웨어소품,STD_010770,3,패션의류 > 여성언더웨어/잠옷 > 언더웨어소품
STD_010786,가터벨트,STD_010787,4,패션의류 > 여성언더웨어/잠옷 > 언더웨어소품 > 가터벨트
STD_010788,기타언더웨어소품,STD_010787,4,패션의류 > 여성언더웨어/잠옷 > 언더웨어소품 > 기타언더웨어소품
STD_010789,땀패드,STD_010787,4,패션의류 > 여성언더웨어/잠옷 > 언더웨어소품 > 땀패드
STD_010790,브라끈,STD_010787,4,패션의류 > 여성언더웨어/잠옷 > 언더웨어소품 > 브라끈
STD_010791,브라패드,STD_010787,4,패션의류 > 여성언더웨어/잠옷 > 언더웨어소품 > 브라패드
STD_010792,잠옷/홈웨어,STD_010770,3,패션의류 > 여성언더웨어/잠옷 > 잠옷/홈웨어
STD_010793,팬티,STD_010770,3,패션의류 > 여성언더웨어/잠옷 > 팬티
STD_010796,여성의류,STD_010728,2,패션의류 > 여성의류
STD_010795,니트,STD_010796,3,패션의류 > 여성의류 > 니트
STD_010794,베스트,STD_010795,4,패션의류 > 여성의류 > 니트 > 베스트
STD_010797,카디건,STD_010795,4,패션의류 > 여성의류 > 니트 > 카디건
STD_010798,터틀넥,STD_010795,4,패션의류 > 여성의류 > 니트 > 터틀넥
STD_010799,풀오버,STD_010795,4,패션의류 > 여성의류 > 니트 > 풀오버
STD_010800,레깅스,STD_010796,3,패션의류 > 여성의류 > 레깅스
STD_010801,바지,STD_010796,3,패션의류 > 여성의류 > 바지
STD_010802,블라우스/셔츠,STD_010796,3,패션의류 > 여성의류 > 블라우스/셔츠
STD_010803,스커트,STD_010796,3,패션의류 > 여성의류 > 스커트
STD_010805,아우터,STD_010796,3,패션의류 > 여성의류 > 아우터
STD_010804,기타코트,STD_010805,4,패션의류 > 여성의류 > 아우터 > 기타코트
STD_010806,레더재킷,STD_010805,4,패션의류 > 여성의류 > 아우터 > 레더재킷
STD_010807,레인코트,STD_010805,4,패션의류 > 여성의류 > 아우터 > 레인코트
STD_010808,롱코트,STD_010805,4,패션의류 > 여성의류 > 아우터 > 롱코트
STD_010809,무스탕,STD_010805,4,패션의류 > 여성의류 > 아우터 > 무스탕
STD_010810,베스트,STD_010805,4,패션의류 > 여성의류 > 아우터 > 베스트
STD_010811,숏코트,STD_010805,4,패션의류 > 여성의류 > 아우터 > 숏코트
STD_010812,재킷,STD_010805,4,패션의류 > 여성의류 > 아우터 > 재킷
STD_010813,트렌치코트,STD_010805,4,패션의류 > 여성의류 > 아우터 > 트렌치코트
STD_010814,패딩,STD_010805,4,패션의류 > 여성의류 > 아우터 > 패딩
STD_010815,퍼재킷,STD_010805,4,패션의류 > 여성의류 > 아우터 > 퍼재킷
STD_010816,후드집업,STD_010805,4,패션의류 > 여성의류 > 아우터 > 후드집업
STD_010817,원피스,STD_010796,3,패션의류 > 여성의류 > 원피스
STD_010818,유니폼/단체복,STD_010796,3,패션의류 > 여성의류 > 유니폼/단체복
STD_010819,점퍼,STD_010796,3,패션의류 > 여성의류 > 점퍼
STD_010820,점프슈트,STD_010796,3,패션의류 > 여성의류 > 점프슈트
STD_010821,정장세트,STD_010796,3,패션의류 > 여성의류 > 정장세트
STD_010822,청바지,STD_010796,3,패션의류 > 여성의류 > 청바지
STD_010823,코디세트,STD_010796,3,패션의류 > 여성의류 > 코디세트
STD_010824,트레이닝복,STD_010796,3,패션의류 > 여성의류 > 트레이닝복
STD_010825,티셔츠,STD_010796,3,패션의류 > 여성의류 > 티셔츠
STD_010826,파티복,STD_010796,3,패션의류 > 여성의류 > 파티복
STD_010827,한복,STD_010796,3,패션의류 > 여성의류 > 한복
STD_010831,패션의류잡화,ROOT,1,패션의류잡화
STD_010830,남성패션,STD_010831,2,패션의류잡화 > 남성패션
STD_010829,남성시계,STD_010830,3,패션의류잡화 > 남성패션 > 남성시계
STD_010828,남성가죽시계,STD_010829,4,패션의류잡화 > 남성패션 > 남성시계 > 남성가죽시계
STD_010832,남성메탈시계,STD_010829,4,패션의류잡화 > 남성패션 > 남성시계 > 남성메탈시계
STD_010833,남성세라믹시계,STD_010829,4,패션의류잡화 > 남성패션 > 남성시계 > 남성세라믹시계
STD_010834,남성스포츠시계,STD_010829,4,패션의류잡화 > 남성패션 > 남성시계 > 남성스포츠시계
STD_010835,남성젤리/우레탄시계,STD_010829,4,패션의류잡화 > 남성패션 > 남성시계 > 남성젤리/우레탄시계
STD_010836,남성패브릭시계,STD_010829,4,패션의류잡화 > 남성패션 > 남성시계 > 남성패브릭시계
STD_010839,남성의류,STD_010830,3,패션의류잡화 > 남성패션 > 남성의류
STD_010838,가디건,STD_010839,4,패션의류잡화 > 남성패션 > 남성의류 > 가디건
STD_010837,남성 기본(허리길이)가디건,STD_010838,5,패션의류잡화 > 남성패션 > 남성의류 > 가디건 > 남성 기본(허리길이)가디건
STD_010840,남성 롱 가디건,STD_010838,5,패션의류잡화 > 남성패션 > 남성의류 > 가디건 > 남성 롱 가디건
STD_010842,골프의류,STD_010839,4,패션의류잡화 > 남성패션 > 남성의류 > 골프의류
STD_010841,남성 골프 니트/가디건,STD_010842,5,패션의류잡화 > 남성패션 > 남성의류 > 골프의류 > 남성 골프 니트/가디건
STD_010843,남성 골프 바람막이/재킷,STD_010842,5,패션의류잡화 > 남성패션 > 남성의류 > 골프의류 > 남성 골프 바람막이/재킷
STD_010844,남성 골프 바지,STD_010842,5,패션의류잡화 > 남성패션 > 남성의류 > 골프의류 > 남성 골프 바지
STD_010845,남성 골프 셔츠,STD_010842,5,패션의류잡화 > 남성패션 > 남성의류 > 골프의류 > 남성 골프 셔츠
STD_010846,남성 골프 조끼,STD_010842,5,패션의류잡화 > 남성패션 > 남성의류 > 골프의류 > 남성 골프 조끼
STD_010847,남성 골프 티셔츠,STD_010842,5,패션의류잡화 > 남성패션 > 남성의류 > 골프의류 > 남성 골프 티셔츠
STD_010848,남성 골프 패딩/다운패딩,STD_010842,5,패션의류잡화 > 남성패션 > 남성의류 > 골프의류 > 남성 골프 패딩/다운패딩
STD_010849,남성 맨투맨,STD_010839,4,패션의류잡화 > 남성패션 > 남성의류 > 남성 맨투맨
STD_010850,남성 베스트(조끼),STD_010839,4,패션의류잡화 > 남성패션 > 남성의류 > 남성 베스트(조끼)
STD_010851,남성 와이셔츠(드레스셔츠),STD_010839,4,패션의류잡화 > 남성패션 > 남성의류 > 남성 와이셔츠(드레스셔츠)
STD_010852,남성 정장세트,STD_010839,4,패션의류잡화 > 남성패션 > 남성의류 > 남성 정장세트
STD_010853,남성 캐주얼 셔츠,STD_010839,4,패션의류잡화 > 남성패션 > 남성의류 > 남성 캐주얼 셔츠
STD_010854,남성 후드집업/집업류,STD_010839,4,패션의류잡화 > 남성패션 > 남성의류 > 남성 후드집업/집업류
STD_010855,남성 후드티,STD_010839,4,패션의류잡화 > 남성패션 > 남성의류 > 남성 후드티
STD_010856,남성레깅스,STD_010839,4,패션의류잡화 > 남성패션 > 남성의류 > 남성레깅스
STD_010858,등산/아웃도어 의류,STD_010839,4,패션의류잡화 > 남성패션 > 남성의류 > 등산/아웃도어 의류
STD_010857,남성 등산/아웃도어 니트/스웨터,STD_010858,5,패션의류잡화 > 남성패션 > 남성의류 > 등산/아웃도어 의류 > 남성 등산/아웃도어 니트/스웨터
STD_010859,남성 등산/아웃도어 바람막이/방수자켓,STD_010858,5,패션의류잡화 > 남성패션 > 남성의류 > 등산/아웃도어 의류 > 남성 등산/아웃도어 바람막이/방수자켓
STD_010860,남성 등산/아웃도어 바지,STD_010858,5,패션의류잡화 > 남성패션 > 남성의류 > 등산/아웃도어 의류 > 남성 등산/아웃도어 바지
STD_010861,남성 등산/아웃도어 셔츠,STD_010858,5,패션의류잡화 > 남성패션 > 남성의류 > 등산/아웃도어 의류 > 남성 등산/아웃도어 셔츠
STD_010862,남성 등산/아웃도어 조끼,STD_010858,5,패션의류잡화 > 남성패션 > 남성의류 > 등산/아웃도어 의류 > 남성 등산/아웃도어 조끼
STD_010863,남성 등산/아웃도어 패딩/점퍼,STD_010858,5,패션의류잡화 > 남성패션 > 남성의류 > 등산/아웃도어 의류 > 남성 등산/아웃도어 패딩/점퍼
STD_010864,남성 등산/아웃도어 플리스자켓,STD_010858,5,패션의류잡화 > 남성패션 > 남성의류 > 등산/아웃도어 의류 > 남성 등산/아웃도어 플리스자켓
STD_010866,등산/아웃도어 티셔츠,STD_010858,5,패션의류잡화 > 남성패션 > 남성의류 > 등산/아웃도어 의류 > 등산/아웃도어 티셔츠
STD_010865,남성 등산/아웃도어 트랙탑/집업,STD_010866,6,패션의류잡화 > 남성패션 > 남성의류 > 등산/아웃도어 의류 > 등산/아웃도어 티셔츠 > 남성 등산/아웃도어 트랙탑/집업
STD_010867,남성 등산/아웃도어 티셔츠,STD_010866,6,패션의류잡화 > 남성패션 > 남성의류 > 등산/아웃도어 의류 > 등산/아웃도어 티셔츠 > 남성 등산/아웃도어 티셔츠
STD_010869,바지/캐주얼,STD_010839,4,패션의류잡화 > 남성패션 > 남성의류 > 바지/캐주얼
STD_010868,남성 긴바지,STD_010869,5,패션의류잡화 > 남성패션 > 남성의류 > 바지/캐주얼 > 남성 긴바지
STD_010870,남성 반바지,STD_010869,5,패션의류잡화 > 남성패션 > 남성의류 > 바지/캐주얼 > 남성 반바지
STD_010871,남성 정장바지,STD_010869,5,패션의류잡화 > 남성패션 > 남성의류 > 바지/캐주얼 > 남성 정장바지
STD_010873,스웨터/니트,STD_010839,4,패션의류잡화 > 남성패션 > 남성의류 > 스웨터/니트
STD_010872,남성 라운드넥,STD_010873,5,패션의류잡화 > 남성패션 > 남성의류 > 스웨터/니트 > 남성 라운드넥
STD_010874,남성 브이넥,STD_010873,5,패션의류잡화 > 남성패션 > 남성의류 > 스웨터/니트 > 남성 브이넥
STD_010875,남성 카라넥,STD_010873,5,패션의류잡화 > 남성패션 > 남성의류 > 스웨터/니트 > 남성 카라넥
STD_010876,남성 터틀넥,STD_010873,5,패션의류잡화 > 남성패션 > 남성의류 > 스웨터/니트 > 남성 터틀넥
STD_010877,남성 후드,STD_010873,5,패션의류잡화 > 남성패션 > 남성의류 > 스웨터/니트 > 남성 후드
STD_010879,스포츠의류,STD_010839,4,패션의류잡화 > 남성패션 > 남성의류 > 스포츠의류
STD_010878,남성 스포츠 니트/스웨터,STD_010879,5,패션의류잡화 > 남성패션 > 남성의류 > 스포츠의류 > 남성 스포츠 니트/스웨터
STD_010880,남성 스포츠 상하의 세트,STD_010879,5,패션의류잡화 > 남성패션 > 남성의류 > 스포츠의류 > 남성 스포츠 상하의 세트
STD_010881,남성 스포츠 셔츠,STD_010879,5,패션의류잡화 > 남성패션 > 남성의류 > 스포츠의류 > 남성 스포츠 셔츠
STD_010883,댄스복,STD_010879,5,패션의류잡화 > 남성패션 > 남성의류 > 스포츠의류 > 댄스복
STD_010882,댄스스포츠티셔츠/셔츠,STD_010883,6,패션의류잡화 > 남성패션 > 남성의류 > 스포츠의류 > 댄스복 > 댄스스포츠티셔츠/셔츠
STD_010884,댄스스포츠팬츠,STD_010883,6,패션의류잡화 > 남성패션 > 남성의류 > 스포츠의류 > 댄스복 > 댄스스포츠팬츠
STD_010885,발레복,STD_010879,5,패션의류잡화 > 남성패션 > 남성의류 > 스포츠의류 > 발레복
STD_010887,수영복,STD_010879,5,패션의류잡화 > 남성패션 > 남성의류 > 스포츠의류 > 수영복
STD_010886,남성 비치웨어/비치점퍼/후드,STD_010887,6,패션의류잡화 > 남성패션 > 남성의류 > 스포츠의류 > 수영복 > 남성 비치웨어/비치점퍼/후드
STD_010889,스키/보드복,STD_010879,5,패션의류잡화 > 남성패션 > 남성의류 > 스포츠의류 > 스키/보드복
STD_010888,보드복바지,STD_010889,6,패션의류잡화 > 남성패션 > 남성의류 > 스포츠의류 > 스키/보드복 > 보드복바지
STD_010890,보드복상하의세트,STD_010889,6,패션의류잡화 > 남성패션 > 남성의류 > 스포츠의류 > 스키/보드복 > 보드복상하의세트
STD_010891,보드복자켓,STD_010889,6,패션의류잡화 > 남성패션 > 남성의류 > 스포츠의류 > 스키/보드복 > 보드복자켓
STD_010892,스키/보드복바지,STD_010889,6,패션의류잡화 > 남성패션 > 남성의류 > 스포츠의류 > 스키/보드복 > 스키/보드복바지
STD_010893,스키/보드복상의,STD_010889,6,패션의류잡화 > 남성패션 > 남성의류 > 스포츠의류 > 스키/보드복 > 스키/보드복상의
STD_010894,스키/보드복상하의세트,STD_010889,6,패션의류잡화 > 남성패션 > 남성의류 > 스포츠의류 > 스키/보드복 > 스키/보드복상하의세트
STD_010895,스키/보드복자켓,STD_010889,6,패션의류잡화 > 남성패션 > 남성의류 > 스포츠의류 > 스키/보드복 > 스키/보드복자켓
STD_010896,스키복바지,STD_010889,6,패션의류잡화 > 남성패션 > 남성의류 > 스포츠의류 > 스키/보드복 > 스키복바지
STD_010897,스키복상하의세트,STD_010889,6,패션의류잡화 > 남성패션 > 남성의류 > 스포츠의류 > 스키/보드복 > 스키복상하의세트
STD_010898,스키복자켓,STD_010889,6,패션의류잡화 > 남성패션 > 남성의류 > 스포츠의류 > 스키/보드복 > 스키복자켓
STD_010900,스포츠 바지/레깅스,STD_010879,5,패션의류잡화 > 남성패션 > 남성의류 > 스포츠의류 > 스포츠 바지/레깅스
STD_010899,남성 스포츠 레깅스/타이즈,STD_010900,6,패션의류잡화 > 남성패션 > 남성의류 > 스포츠의류 > 스포츠 바지/레깅스 > 남성 스포츠 레깅스/타이즈
STD_010901,남성 스포츠 바지,STD_010900,6,패션의류잡화 > 남성패션 > 남성의류 > 스포츠의류 > 스포츠 바지/레깅스 > 남성 스포츠 바지
STD_010903,스포츠 자켓/집업,STD_010879,5,패션의류잡화 > 남성패션 > 남성의류 > 스포츠의류 > 스포츠 자켓/집업
STD_010902,남성 스포츠 바람막이,STD_010903,6,패션의류잡화 > 남성패션 > 남성의류 > 스포츠의류 > 스포츠 자켓/집업 > 남성 스포츠 바람막이
STD_010904,남성 스포츠 자켓/집업류,STD_010903,6,패션의류잡화 > 남성패션 > 남성의류 > 스포츠의류 > 스포츠 자켓/집업 > 남성 스포츠 자켓/집업류
STD_010905,남성 스포츠 조끼,STD_010903,6,패션의류잡화 > 남성패션 > 남성의류 > 스포츠의류 > 스포츠 자켓/집업 > 남성 스포츠 조끼
STD_010906,남성 스포츠 패딩/다운패딩,STD_010903,6,패션의류잡화 > 남성패션 > 남성의류 > 스포츠의류 > 스포츠 자켓/집업 > 남성 스포츠 패딩/다운패딩
STD_010908,스포츠 티셔츠/나시,STD_010879,5,패션의류잡화 > 남성패션 > 남성의류 > 스포츠의류 > 스포츠 티셔츠/나시
STD_010907,남성 스포츠 맨투맨,STD_010908,6,패션의류잡화 > 남성패션 > 남성의류 > 스포츠의류 > 스포츠 티셔츠/나시 > 남성 스포츠 맨투맨
STD_010909,남성 스포츠 민소매/나시,STD_010908,6,패션의류잡화 > 남성패션 > 남성의류 > 스포츠의류 > 스포츠 티셔츠/나시 > 남성 스포츠 민소매/나시
STD_010910,남성 스포츠 티셔츠,STD_010908,6,패션의류잡화 > 남성패션 > 남성의류 > 스포츠의류 > 스포츠 티셔츠/나시 > 남성 스포츠 티셔츠
STD_010911,남성 스포츠 후드티,STD_010908,6,패션의류잡화 > 남성패션 > 남성의류 > 스포츠의류 > 스포츠 티셔츠/나시 > 남성 스포츠 후드티
STD_010912,에어로빅복,STD_010879,5,패션의류잡화 > 남성패션 > 남성의류 > 스포츠의류 > 에어로빅복
STD_010914,요가/피트니스웨어,STD_010879,5,패션의류잡화 > 남성패션 > 남성의류 > 스포츠의류 > 요가/피트니스웨어
STD_010913,요가민소매/나시,STD_010914,6,패션의류잡화 > 남성패션 > 남성의류 > 스포츠의류 > 요가/피트니스웨어 > 요가민소매/나시
STD_010915,요가바지,STD_010914,6,패션의류잡화 > 남성패션 > 남성의류 > 스포츠의류 > 요가/피트니스웨어 > 요가바지
STD_010916,요가상하의세트,STD_010914,6,패션의류잡화 > 남성패션 > 남성의류 > 스포츠의류 > 요가/피트니스웨어 > 요가상하의세트
STD_010917,요가집업점퍼,STD_010914,6,패션의류잡화 > 남성패션 > 남성의류 > 스포츠의류 > 요가/피트니스웨어 > 요가집업점퍼
STD_010918,요가타이즈/요가레깅스,STD_010914,6,패션의류잡화 > 남성패션 > 남성의류 > 스포츠의류 > 요가/피트니스웨어 > 요가타이즈/요가레깅스
STD_010919,요가티셔츠,STD_010914,6,패션의류잡화 > 남성패션 > 남성의류 > 스포츠의류 > 요가/피트니스웨어 > 요가티셔츠
STD_010921,재킷,STD_010839,4,패션의류잡화 > 남성패션 > 남성의류 > 재킷
STD_010920,남성 정장재킷,STD_010921,5,패션의류잡화 > 남성패션 > 남성의류 > 재킷 > 남성 정장재킷
STD_010922,남성 캐주얼재킷,STD_010921,5,패션의류잡화 > 남성패션 > 남성의류 > 재킷 > 남성 캐주얼재킷
STD_010924,점퍼,STD_010839,4,패션의류잡화 > 남성패션 > 남성의류 > 점퍼
STD_010923,남성 기타 점퍼류,STD_010924,5,패션의류잡화 > 남성패션 > 남성의류 > 점퍼 > 남성 기타 점퍼류
STD_010925,남성 바람막이 점퍼,STD_010924,5,패션의류잡화 > 남성패션 > 남성의류 > 점퍼 > 남성 바람막이 점퍼
STD_010926,남성 야구점퍼/스타디움,STD_010924,5,패션의류잡화 > 남성패션 > 남성의류 > 점퍼 > 남성 야구점퍼/스타디움
STD_010927,남성 야상/사파리,STD_010924,5,패션의류잡화 > 남성패션 > 남성의류 > 점퍼 > 남성 야상/사파리
STD_010928,남성 패딩/다운패딩점퍼,STD_010924,5,패션의류잡화 > 남성패션 > 남성의류 > 점퍼 > 남성 패딩/다운패딩점퍼
STD_010929,남성 패딩/다운패딩조끼,STD_010924,5,패션의류잡화 > 남성패션 > 남성의류 > 점퍼 > 남성 패딩/다운패딩조끼
STD_010930,남성 항공점퍼/블루종,STD_010924,5,패션의류잡화 > 남성패션 > 남성의류 > 점퍼 > 남성 항공점퍼/블루종
STD_010932,청바지,STD_010839,4,패션의류잡화 > 남성패션 > 남성의류 > 청바지
STD_010931,남성 긴바지,STD_010932,5,패션의류잡화 > 남성패션 > 남성의류 > 청바지 > 남성 긴바지
STD_010933,남성 반바지,STD_010932,5,패션의류잡화 > 남성패션 > 남성의류 > 청바지 > 남성 반바지
STD_010935,코트,STD_010839,4,패션의류잡화 > 남성패션 > 남성의류 > 코트
STD_010934,남성 겨울 코트,STD_010935,5,패션의류잡화 > 남성패션 > 남성의류 > 코트 > 남성 겨울 코트
STD_010936,남성 봄가을 코트/트렌치,STD_010935,5,패션의류잡화 > 남성패션 > 남성의류 > 코트 > 남성 봄가을 코트/트렌치
STD_010938,티셔츠,STD_010839,4,패션의류잡화 > 남성패션 > 남성의류 > 티셔츠
STD_010937,남성 긴소매,STD_010938,5,패션의류잡화 > 남성패션 > 남성의류 > 티셔츠 > 남성 긴소매
STD_010939,남성 민소매/나시,STD_010938,5,패션의류잡화 > 남성패션 > 남성의류 > 티셔츠 > 남성 민소매/나시
STD_010940,남성 반소매,STD_010938,5,패션의류잡화 > 남성패션 > 남성의류 > 티셔츠 > 남성 반소매
STD_010942,패션 트레이닝복,STD_010839,4,패션의류잡화 > 남성패션 > 남성의류 > 패션 트레이닝복
STD_010941,남성 상의,STD_010942,5,패션의류잡화 > 남성패션 > 남성의류 > 패션 트레이닝복 > 남성 상의
STD_010943,남성 상하의 세트,STD_010942,5,패션의류잡화 > 남성패션 > 남성의류 > 패션 트레이닝복 > 남성 상하의 세트
STD_010944,남성 하의,STD_010942,5,패션의류잡화 > 남성패션 > 남성의류 > 패션 트레이닝복 > 남성 하의
STD_010947,남성잡화,STD_010830,3,패션의류잡화 > 남성패션 > 남성잡화
STD_010946,가방,STD_010947,4,패션의류잡화 > 남성패션 > 남성잡화 > 가방
STD_010945,남성가방액세서리,STD_010946,5,패션의류잡화 > 남성패션 > 남성잡화 > 가방 > 남성가방액세서리
STD_010948,남성기타캐주얼가방,STD_010946,5,패션의류잡화 > 남성패션 > 남성잡화 > 가방 > 남성기타캐주얼가방
STD_010949,남성노트북 가방,STD_010946,5,패션의류잡화 > 남성패션 > 남성잡화 > 가방 > 남성노트북 가방
STD_010950,남성맨스백/손가방,STD_010946,5,패션의류잡화 > 남성패션 > 남성잡화 > 가방 > 남성맨스백/손가방
STD_010951,남성백팩,STD_010946,5,패션의류잡화 > 남성패션 > 남성잡화 > 가방 > 남성백팩
STD_010952,남성사무용/서류가방,STD_010946,5,패션의류잡화 > 남성패션 > 남성잡화 > 가방 > 남성사무용/서류가방
STD_010953,남성숄더백,STD_010946,5,패션의류잡화 > 남성패션 > 남성잡화 > 가방 > 남성숄더백
STD_010954,남성캔버스/에코백,STD_010946,5,패션의류잡화 > 남성패션 > 남성잡화 > 가방 > 남성캔버스/에코백
STD_010955,남성크로스/메신저백,STD_010946,5,패션의류잡화 > 남성패션 > 남성잡화 > 가방 > 남성크로스/메신저백
STD_010956,남성클러치,STD_010946,5,패션의류잡화 > 남성패션 > 남성잡화 > 가방 > 남성클러치
STD_010957,남성토트백,STD_010946,5,패션의류잡화 > 남성패션 > 남성잡화 > 가방 > 남성토트백
STD_010958,남성힙색/허리색,STD_010946,5,패션의류잡화 > 남성패션 > 남성잡화 > 가방 > 남성힙색/허리색
STD_010960,기타시즌잡화,STD_010947,4,패션의류잡화 > 남성패션 > 남성잡화 > 기타시즌잡화
STD_010959,남성 기타잡화,STD_010960,5,패션의류잡화 > 남성패션 > 남성잡화 > 기타시즌잡화 > 남성 기타잡화
STD_010961,남성손수건,STD_010947,4,패션의류잡화 > 남성패션 > 남성잡화 > 남성손수건
STD_010962,남성우비,STD_010947,4,패션의류잡화 > 남성패션 > 남성잡화 > 남성우비
STD_010964,넥타이,STD_010947,4,패션의류잡화 > 남성패션 > 남성잡화 > 넥타이
STD_010963,니트타이,STD_010964,5,패션의류잡화 > 남성패션 > 남성잡화 > 넥타이 > 니트타이
STD_010965,보타이,STD_010964,5,패션의류잡화 > 남성패션 > 남성잡화 > 넥타이 > 보타이
STD_010966,슬림넥타이,STD_010964,5,패션의류잡화 > 남성패션 > 남성잡화 > 넥타이 > 슬림넥타이
STD_010967,일반넥타이,STD_010964,5,패션의류잡화 > 남성패션 > 남성잡화 > 넥타이 > 일반넥타이
STD_010968,자동넥타이,STD_010964,5,패션의류잡화 > 남성패션 > 남성잡화 > 넥타이 > 자동넥타이
STD_010970,넥타이핀/넥타이 소품,STD_010947,4,패션의류잡화 > 남성패션 > 남성잡화 > 넥타이핀/넥타이 소품
STD_010969,넥타이소품세트,STD_010970,5,패션의류잡화 > 남성패션 > 남성잡화 > 넥타이핀/넥타이 소품 > 넥타이소품세트
STD_010971,넥타이핀,STD_010970,5,패션의류잡화 > 남성패션 > 남성잡화 > 넥타이핀/넥타이 소품 > 넥타이핀
STD_010972,부토니에,STD_010970,5,패션의류잡화 > 남성패션 > 남성잡화 > 넥타이핀/넥타이 소품 > 부토니에
STD_010973,커프스링크,STD_010970,5,패션의류잡화 > 남성패션 > 남성잡화 > 넥타이핀/넥타이 소품 > 커프스링크
STD_010974,행거치프,STD_010970,5,패션의류잡화 > 남성패션 > 남성잡화 > 넥타이핀/넥타이 소품 > 행거치프
STD_010976,라이터/담배케이스,STD_010947,4,패션의류잡화 > 남성패션 > 남성잡화 > 라이터/담배케이스
STD_010975,담배케이스,STD_010976,5,패션의류잡화 > 남성패션 > 남성잡화 > 라이터/담배케이스 > 담배케이스
STD_010977,오일라이터,STD_010976,5,패션의류잡화 > 남성패션 > 남성잡화 > 라이터/담배케이스 > 오일라이터
STD_010979,머플러/스카프/숄,STD_010947,4,패션의류잡화 > 남성패션 > 남성잡화 > 머플러/스카프/숄
STD_010978,남성넥워머,STD_010979,5,패션의류잡화 > 남성패션 > 남성잡화 > 머플러/스카프/숄 > 남성넥워머
STD_010980,남성니트머플러,STD_010979,5,패션의류잡화 > 남성패션 > 남성잡화 > 머플러/스카프/숄 > 남성니트머플러
STD_010981,남성린넨머플러,STD_010979,5,패션의류잡화 > 남성패션 > 남성잡화 > 머플러/스카프/숄 > 남성린넨머플러
STD_010982,남성면(아사)스카프,STD_010979,5,패션의류잡화 > 남성패션 > 남성잡화 > 머플러/스카프/숄 > 남성면(아사)스카프
STD_010983,남성실크스카프,STD_010979,5,패션의류잡화 > 남성패션 > 남성잡화 > 머플러/스카프/숄 > 남성실크스카프
STD_010984,남성울(아크릴)머플러,STD_010979,5,패션의류잡화 > 남성패션 > 남성잡화 > 머플러/스카프/숄 > 남성울(아크릴)머플러
STD_010986,모자,STD_010947,4,패션의류잡화 > 남성패션 > 남성잡화 > 모자
STD_010985,남성귀달이 모자,STD_010986,5,패션의류잡화 > 남성패션 > 남성잡화 > 모자 > 남성귀달이 모자
STD_010987,남성반다나/두건,STD_010986,5,패션의류잡화 > 남성패션 > 남성잡화 > 모자 > 남성반다나/두건
STD_010988,남성벙거지,STD_010986,5,패션의류잡화 > 남성패션 > 남성잡화 > 모자 > 남성벙거지
STD_010989,남성베레모/헌팅캡,STD_010986,5,패션의류잡화 > 남성패션 > 남성잡화 > 모자 > 남성베레모/헌팅캡
STD_010990,남성비니,STD_010986,5,패션의류잡화 > 남성패션 > 남성잡화 > 모자 > 남성비니
STD_010991,남성사파리/챙모자,STD_010986,5,패션의류잡화 > 남성패션 > 남성잡화 > 모자 > 남성사파리/챙모자
STD_010992,남성썬캡,STD_010986,5,패션의류잡화 > 남성패션 > 남성잡화 > 모자 > 남성썬캡
STD_010993,남성야구모자/군모,STD_010986,5,패션의류잡화 > 남성패션 > 남성잡화 > 모자 > 남성야구모자/군모
STD_010994,남성왕골/밀짚모자,STD_010986,5,패션의류잡화 > 남성패션 > 남성잡화 > 모자 > 남성왕골/밀짚모자
STD_010995,남성털/방울모자,STD_010986,5,패션의류잡화 > 남성패션 > 남성잡화 > 모자 > 남성털/방울모자
STD_010996,남성털귀마개,STD_010986,5,패션의류잡화 > 남성패션 > 남성잡화 > 모자 > 남성털귀마개
STD_010997,남성페도라/중절모,STD_010986,5,패션의류잡화 > 남성패션 > 남성잡화 > 모자 > 남성페도라/중절모
STD_010998,남성힙합모자/스냅백,STD_010986,5,패션의류잡화 > 남성패션 > 남성잡화 > 모자 > 남성힙합모자/스냅백
STD_011000,벨트,STD_010947,4,패션의류잡화 > 남성패션 > 남성잡화 > 벨트
STD_010999,남성정장벨트,STD_011000,5,패션의류잡화 > 남성패션 > 남성잡화 > 벨트 > 남성정장벨트
STD_011001,남성캐주얼벨트,STD_011000,5,패션의류잡화 > 남성패션 > 남성잡화 > 벨트 > 남성캐주얼벨트
STD_011003,선글라스,STD_010947,4,패션의류잡화 > 남성패션 > 남성잡화 > 선글라스
STD_011002,남성스포츠선글라스,STD_011003,5,패션의류잡화 > 남성패션 > 남성잡화 > 선글라스 > 남성스포츠선글라스
STD_011004,남성패션선글라스,STD_011003,5,패션의류잡화 > 남성패션 > 남성잡화 > 선글라스 > 남성패션선글라스
STD_011006,안경테,STD_010947,4,패션의류잡화 > 남성패션 > 남성잡화 > 안경테
STD_011005,남성무테,STD_011006,5,패션의류잡화 > 남성패션 > 남성잡화 > 안경테 > 남성무테
STD_011007,남성반무테,STD_011006,5,패션의류잡화 > 남성패션 > 남성잡화 > 안경테 > 남성반무테
STD_011008,남성뿔테,STD_011006,5,패션의류잡화 > 남성패션 > 남성잡화 > 안경테 > 남성뿔테
STD_011009,남성실테(금속테),STD_011006,5,패션의류잡화 > 남성패션 > 남성잡화 > 안경테 > 남성실테(금속테)
STD_011011,양말,STD_010947,4,패션의류잡화 > 남성패션 > 남성잡화 > 양말
STD_011010,남성덧신,STD_011011,5,패션의류잡화 > 남성패션 > 남성잡화 > 양말 > 남성덧신
STD_011012,남성레그워머,STD_011011,5,패션의류잡화 > 남성패션 > 남성잡화 > 양말 > 남성레그워머
STD_011013,남성무릎양말(니삭스),STD_011011,5,패션의류잡화 > 남성패션 > 남성잡화 > 양말 > 남성무릎양말(니삭스)
STD_011014,남성발가락/향균 양말,STD_011011,5,패션의류잡화 > 남성패션 > 남성잡화 > 양말 > 남성발가락/향균 양말
STD_011015,남성발목양말,STD_011011,5,패션의류잡화 > 남성패션 > 남성잡화 > 양말 > 남성발목양말
STD_011016,남성수면양말,STD_011011,5,패션의류잡화 > 남성패션 > 남성잡화 > 양말 > 남성수면양말
STD_011017,남성스니커즈양말,STD_011011,5,패션의류잡화 > 남성패션 > 남성잡화 > 양말 > 남성스니커즈양말
STD_011018,남성양말세트,STD_011011,5,패션의류잡화 > 남성패션 > 남성잡화 > 양말 > 남성양말세트
STD_011020,우산,STD_010947,4,패션의류잡화 > 남성패션 > 남성잡화 > 우산
STD_011019,남성2단우산,STD_011020,5,패션의류잡화 > 남성패션 > 남성잡화 > 우산 > 남성2단우산
STD_011021,남성3단우산,STD_011020,5,패션의류잡화 > 남성패션 > 남성잡화 > 우산 > 남성3단우산
STD_011022,남성4단우산,STD_011020,5,패션의류잡화 > 남성패션 > 남성잡화 > 우산 > 남성4단우산
STD_011023,남성5단우산,STD_011020,5,패션의류잡화 > 남성패션 > 남성잡화 > 우산 > 남성5단우산
STD_011024,남성장우산,STD_011020,5,패션의류잡화 > 남성패션 > 남성잡화 > 우산 > 남성장우산
STD_011026,장갑,STD_010947,4,패션의류잡화 > 남성패션 > 남성잡화 > 장갑
STD_011025,남성가죽장갑,STD_011026,5,패션의류잡화 > 남성패션 > 남성잡화 > 장갑 > 남성가죽장갑
STD_011027,남성니트장갑,STD_011026,5,패션의류잡화 > 남성패션 > 남성잡화 > 장갑 > 남성니트장갑
STD_011028,남성모직장갑,STD_011026,5,패션의류잡화 > 남성패션 > 남성잡화 > 장갑 > 남성모직장갑
STD_011029,남성스웨이드장갑,STD_011026,5,패션의류잡화 > 남성패션 > 남성잡화 > 장갑 > 남성스웨이드장갑
STD_011030,남성암워머,STD_011026,5,패션의류잡화 > 남성패션 > 남성잡화 > 장갑 > 남성암워머
STD_011031,남성패딩/방한장갑,STD_011026,5,패션의류잡화 > 남성패션 > 남성잡화 > 장갑 > 남성패딩/방한장갑
STD_011033,지갑,STD_010947,4,패션의류잡화 > 남성패션 > 남성잡화 > 지갑
STD_011032,남성동전지갑,STD_011033,5,패션의류잡화 > 남성패션 > 남성잡화 > 지갑 > 남성동전지갑
STD_011034,남성머니클립,STD_011033,5,패션의류잡화 > 남성패션 > 남성잡화 > 지갑 > 남성머니클립
STD_011035,남성반지갑,STD_011033,5,패션의류잡화 > 남성패션 > 남성잡화 > 지갑 > 남성반지갑
STD_011036,남성스마트폰카드지갑,STD_011033,5,패션의류잡화 > 남성패션 > 남성잡화 > 지갑 > 남성스마트폰카드지갑
STD_011037,남성장지갑,STD_011033,5,패션의류잡화 > 남성패션 > 남성잡화 > 지갑 > 남성장지갑
STD_011038,남성중지갑,STD_011033,5,패션의류잡화 > 남성패션 > 남성잡화 > 지갑 > 남성중지갑
STD_011039,남성지갑/벨트 세트,STD_011033,5,패션의류잡화 > 남성패션 > 남성잡화 > 지갑 > 남성지갑/벨트 세트
STD_011040,남성카드/명함지갑,STD_011033,5,패션의류잡화 > 남성패션 > 남성잡화 > 지갑 > 남성카드/명함지갑
STD_011041,남성카드목걸이,STD_011033,5,패션의류잡화 > 남성패션 > 남성잡화 > 지갑 > 남성카드목걸이
STD_011042,남성키지갑/키홀더,STD_011033,5,패션의류잡화 > 남성패션 > 남성잡화 > 지갑 > 남성키지갑/키홀더
STD_011043,남성통장지갑,STD_011033,5,패션의류잡화 > 남성패션 > 남성잡화 > 지갑 > 남성통장지갑
STD_011045,케이스/렌즈소품/기타,STD_010947,4,패션의류잡화 > 남성패션 > 남성잡화 > 케이스/렌즈소품/기타
STD_011044,남성 코받침,STD_011045,5,패션의류잡화 > 남성패션 > 남성잡화 > 케이스/렌즈소품/기타 > 남성 코받침
STD_011046,남성안경줄,STD_011045,5,패션의류잡화 > 남성패션 > 남성잡화 > 케이스/렌즈소품/기타 > 남성안경줄
STD_011047,남성케이스/렌즈소품,STD_011045,5,패션의류잡화 > 남성패션 > 남성잡화 > 케이스/렌즈소품/기타 > 남성케이스/렌즈소품
STD_011050,남성쥬얼리,STD_010830,3,패션의류잡화 > 남성패션 > 남성쥬얼리
STD_011049,귀걸이,STD_011050,4,패션의류잡화 > 남성패션 > 남성쥬얼리 > 귀걸이
STD_011048,남성골드(화이트/로즈골드) 귀걸이,STD_011049,5,패션의류잡화 > 남성패션 > 남성쥬얼리 > 귀걸이 > 남성골드(화이트/로즈골드) 귀걸이
STD_011051,남성실버귀걸이,STD_011049,5,패션의류잡화 > 남성패션 > 남성쥬얼리 > 귀걸이 > 남성실버귀걸이
STD_011052,남성패션귀걸이,STD_011049,5,패션의류잡화 > 남성패션 > 남성쥬얼리 > 귀걸이 > 남성패션귀걸이
STD_011053,남성피어싱,STD_011049,5,패션의류잡화 > 남성패션 > 남성쥬얼리 > 귀걸이 > 남성피어싱
STD_011055,목걸이/팬던트,STD_011050,4,패션의류잡화 > 남성패션 > 남성쥬얼리 > 목걸이/팬던트
STD_011054,남성골드(화이트/로즈골드) 목걸이,STD_011055,5,패션의류잡화 > 남성패션 > 남성쥬얼리 > 목걸이/팬던트 > 남성골드(화이트/로즈골드) 목걸이
STD_011056,남성실버목걸이,STD_011055,5,패션의류잡화 > 남성패션 > 남성쥬얼리 > 목걸이/팬던트 > 남성실버목걸이
STD_011057,남성패션목걸이,STD_011055,5,패션의류잡화 > 남성패션 > 남성쥬얼리 > 목걸이/팬던트 > 남성패션목걸이
STD_011058,남성팬던트(진주/보석/이니셜),STD_011055,5,패션의류잡화 > 남성패션 > 남성쥬얼리 > 목걸이/팬던트 > 남성팬던트(진주/보석/이니셜)
STD_011060,반지,STD_011050,4,패션의류잡화 > 남성패션 > 남성쥬얼리 > 반지
STD_011059,남성골드(화이트/로즈골드) 반지,STD_011060,5,패션의류잡화 > 남성패션 > 남성쥬얼리 > 반지 > 남성골드(화이트/로즈골드) 반지
STD_011061,남성실버반지,STD_011060,5,패션의류잡화 > 남성패션 > 남성쥬얼리 > 반지 > 남성실버반지
STD_011062,남성패션반지,STD_011060,5,패션의류잡화 > 남성패션 > 남성쥬얼리 > 반지 > 남성패션반지
STD_011064,팔찌/발찌,STD_011050,4,패션의류잡화 > 남성패션 > 남성쥬얼리 > 팔찌/발찌
STD_011063,남성골드(화이트/로즈골드) 발찌,STD_011064,5,패션의류잡화 > 남성패션 > 남성쥬얼리 > 팔찌/발찌 > 남성골드(화이트/로즈골드) 발찌
STD_011065,남성골드(화이트/로즈골드) 팔찌,STD_011064,5,패션의류잡화 > 남성패션 > 남성쥬얼리 > 팔찌/발찌 > 남성골드(화이트/로즈골드) 팔찌
STD_011066,남성실버발찌,STD_011064,5,패션의류잡화 > 남성패션 > 남성쥬얼리 > 팔찌/발찌 > 남성실버발찌
STD_011067,남성실버팔찌,STD_011064,5,패션의류잡화 > 남성패션 > 남성쥬얼리 > 팔찌/발찌 > 남성실버팔찌
STD_011068,남성패션발찌,STD_011064,5,패션의류잡화 > 남성패션 > 남성쥬얼리 > 팔찌/발찌 > 남성패션발찌
STD_011069,남성패션팔찌,STD_011064,5,패션의류잡화 > 남성패션 > 남성쥬얼리 > 팔찌/발찌 > 남성패션팔찌
STD_011072,남성화,STD_010830,3,패션의류잡화 > 남성패션 > 남성화
STD_011071,기능화,STD_011072,4,패션의류잡화 > 남성패션 > 남성화 > 기능화
STD_011070,남성간호사화/유니폼화,STD_011071,5,패션의류잡화 > 남성패션 > 남성화 > 기능화 > 남성간호사화/유니폼화
STD_011073,남성건강워킹화,STD_011071,5,패션의류잡화 > 남성패션 > 남성화 > 기능화 > 남성건강워킹화
STD_011074,남성고무/작업용장화,STD_011071,5,패션의류잡화 > 남성패션 > 남성화 > 기능화 > 남성고무/작업용장화
STD_011075,남성고무신,STD_011071,5,패션의류잡화 > 남성패션 > 남성화 > 기능화 > 남성고무신
STD_011076,남성안전화/작업화,STD_011071,5,패션의류잡화 > 남성패션 > 남성화 > 기능화 > 남성안전화/작업화
STD_011077,남성컴포트화/효도화,STD_011071,5,패션의류잡화 > 남성패션 > 남성화 > 기능화 > 남성컴포트화/효도화
STD_011078,남성한복신발,STD_011071,5,패션의류잡화 > 남성패션 > 남성화 > 기능화 > 남성한복신발
STD_011079,남성레인부츠,STD_011072,4,패션의류잡화 > 남성패션 > 남성화 > 남성레인부츠
STD_011080,남성부츠,STD_011072,4,패션의류잡화 > 남성패션 > 남성화 > 남성부츠
STD_011081,남성스니커즈,STD_011072,4,패션의류잡화 > 남성패션 > 남성화 > 남성스니커즈
STD_011082,남성슬립온,STD_011072,4,패션의류잡화 > 남성패션 > 남성화 > 남성슬립온
STD_011083,남성워커,STD_011072,4,패션의류잡화 > 남성패션 > 남성화 > 남성워커
STD_011084,남성정장구두,STD_011072,4,패션의류잡화 > 남성패션 > 남성화 > 남성정장구두
STD_011085,남성패딩/방한화,STD_011072,4,패션의류잡화 > 남성패션 > 남성화 > 남성패딩/방한화
STD_011087,로퍼/보트슈즈/웰트화,STD_011072,4,패션의류잡화 > 남성패션 > 남성화 > 로퍼/보트슈즈/웰트화
STD_011086,남성로퍼,STD_011087,5,패션의류잡화 > 남성패션 > 남성화 > 로퍼/보트슈즈/웰트화 > 남성로퍼
STD_011088,남성모카신/털단화,STD_011087,5,패션의류잡화 > 남성패션 > 남성화 > 로퍼/보트슈즈/웰트화 > 남성모카신/털단화
STD_011089,남성보트슈즈,STD_011087,5,패션의류잡화 > 남성패션 > 남성화 > 로퍼/보트슈즈/웰트화 > 남성보트슈즈
STD_011090,남성웰트화,STD_011087,5,패션의류잡화 > 남성패션 > 남성화 > 로퍼/보트슈즈/웰트화 > 남성웰트화
STD_011092,샌들,STD_011072,4,패션의류잡화 > 남성패션 > 남성화 > 샌들
STD_011091,남성 스포츠샌들,STD_011092,5,패션의류잡화 > 남성패션 > 남성화 > 샌들 > 남성 스포츠샌들
STD_011093,남성정장샌들,STD_011092,5,패션의류잡화 > 남성패션 > 남성화 > 샌들 > 남성정장샌들
STD_011094,남성젤리슈즈,STD_011092,5,패션의류잡화 > 남성패션 > 남성화 > 샌들 > 남성젤리슈즈
STD_011095,남성캐주얼샌들,STD_011092,5,패션의류잡화 > 남성패션 > 남성화 > 샌들 > 남성캐주얼샌들
STD_011097,스포츠화,STD_011072,4,패션의류잡화 > 남성패션 > 남성화 > 스포츠화
STD_011096,댄스화,STD_011097,5,패션의류잡화 > 남성패션 > 남성화 > 스포츠화 > 댄스화
STD_011098,발레화,STD_011097,5,패션의류잡화 > 남성패션 > 남성화 > 스포츠화 > 발레화
STD_011100,슬리퍼/쪼리,STD_011072,4,패션의류잡화 > 남성패션 > 남성화 > 슬리퍼/쪼리
STD_011099,남성일반/사무용슬리퍼,STD_011100,5,패션의류잡화 > 남성패션 > 남성화 > 슬리퍼/쪼리 > 남성일반/사무용슬리퍼
STD_011101,남성쪼리,STD_011100,5,패션의류잡화 > 남성패션 > 남성화 > 슬리퍼/쪼리 > 남성쪼리
STD_011103,실내화/슬리퍼,STD_011072,4,패션의류잡화 > 남성패션 > 남성화 > 실내화/슬리퍼
STD_011102,남성다이어트/지압슬리퍼,STD_011103,5,패션의류잡화 > 남성패션 > 남성화 > 실내화/슬리퍼 > 남성다이어트/지압슬리퍼
STD_011104,남성털실내화/슬리퍼,STD_011103,5,패션의류잡화 > 남성패션 > 남성화 > 실내화/슬리퍼 > 남성털실내화/슬리퍼
STD_011105,남성학생용실내화,STD_011103,5,패션의류잡화 > 남성패션 > 남성화 > 실내화/슬리퍼 > 남성학생용실내화
STD_011107,운동화/스니커즈,STD_011072,4,패션의류잡화 > 남성패션 > 남성화 > 운동화/스니커즈
STD_011106,남성 런닝화,STD_011107,5,패션의류잡화 > 남성패션 > 남성화 > 운동화/스니커즈 > 남성 런닝화
STD_011108,남성패션운동화,STD_011107,5,패션의류잡화 > 남성패션 > 남성화 > 운동화/스니커즈 > 남성패션운동화
STD_011109,남성패션하이탑,STD_011107,5,패션의류잡화 > 남성패션 > 남성화 > 운동화/스니커즈 > 남성패션하이탑
STD_011111,래쉬가드,STD_010830,3,패션의류잡화 > 남성패션 > 래쉬가드
STD_011110,남성 래쉬가드 상의,STD_011111,4,패션의류잡화 > 남성패션 > 래쉬가드 > 남성 래쉬가드 상의
STD_011112,남성 래쉬가드 세트,STD_011111,4,패션의류잡화 > 남성패션 > 래쉬가드 > 남성 래쉬가드 세트
STD_011113,남성 방수 반바지,STD_011111,4,패션의류잡화 > 남성패션 > 래쉬가드 > 남성 방수 반바지
STD_011114,남성 워터레깅스(긴바지),STD_011111,4,패션의류잡화 > 남성패션 > 래쉬가드 > 남성 워터레깅스(긴바지)
STD_011117,빅사이즈 의류,STD_010830,3,패션의류잡화 > 남성패션 > 빅사이즈 의류
STD_011116,가디건,STD_011117,4,패션의류잡화 > 남성패션 > 빅사이즈 의류 > 가디건
STD_011115,남성 기본(허리길이)가디건,STD_011116,5,패션의류잡화 > 남성패션 > 빅사이즈 의류 > 가디건 > 남성 기본(허리길이)가디건
STD_011118,남성 롱 가디건,STD_011116,5,패션의류잡화 > 남성패션 > 빅사이즈 의류 > 가디건 > 남성 롱 가디건
STD_011119,남성 맨투맨,STD_011117,4,패션의류잡화 > 남성패션 > 빅사이즈 의류 > 남성 맨투맨
STD_011120,남성 베스트(조끼),STD_011117,4,패션의류잡화 > 남성패션 > 빅사이즈 의류 > 남성 베스트(조끼)
STD_011121,남성 와이셔츠(드레스셔츠),STD_011117,4,패션의류잡화 > 남성패션 > 빅사이즈 의류 > 남성 와이셔츠(드레스셔츠)
STD_011122,남성 캐주얼 셔츠,STD_011117,4,패션의류잡화 > 남성패션 > 빅사이즈 의류 > 남성 캐주얼 셔츠
STD_011123,남성 후드집업/집업류,STD_011117,4,패션의류잡화 > 남성패션 > 빅사이즈 의류 > 남성 후드집업/집업류
STD_011124,남성 후드티,STD_011117,4,패션의류잡화 > 남성패션 > 빅사이즈 의류 > 남성 후드티
STD_011126,바지,STD_011117,4,패션의류잡화 > 남성패션 > 빅사이즈 의류 > 바지
STD_011125,남성 긴바지,STD_011126,5,패션의류잡화 > 남성패션 > 빅사이즈 의류 > 바지 > 남성 긴바지
STD_011127,남성 반바지,STD_011126,5,패션의류잡화 > 남성패션 > 빅사이즈 의류 > 바지 > 남성 반바지
STD_011128,남성 정장바지,STD_011126,5,패션의류잡화 > 남성패션 > 빅사이즈 의류 > 바지 > 남성 정장바지
STD_011130,스웨터/니트,STD_011117,4,패션의류잡화 > 남성패션 > 빅사이즈 의류 > 스웨터/니트
STD_011129,남성 라운드넥,STD_011130,5,패션의류잡화 > 남성패션 > 빅사이즈 의류 > 스웨터/니트 > 남성 라운드넥
STD_011131,남성 브이넥,STD_011130,5,패션의류잡화 > 남성패션 > 빅사이즈 의류 > 스웨터/니트 > 남성 브이넥
STD_011132,남성 카라넥,STD_011130,5,패션의류잡화 > 남성패션 > 빅사이즈 의류 > 스웨터/니트 > 남성 카라넥
STD_011133,남성 터틀넥,STD_011130,5,패션의류잡화 > 남성패션 > 빅사이즈 의류 > 스웨터/니트 > 남성 터틀넥
STD_011134,남성 후드,STD_011130,5,패션의류잡화 > 남성패션 > 빅사이즈 의류 > 스웨터/니트 > 남성 후드
STD_011136,재킷,STD_011117,4,패션의류잡화 > 남성패션 > 빅사이즈 의류 > 재킷
STD_011135,남성 정장세트,STD_011136,5,패션의류잡화 > 남성패션 > 빅사이즈 의류 > 재킷 > 남성 정장세트
STD_011137,남성 정장재킷,STD_011136,5,패션의류잡화 > 남성패션 > 빅사이즈 의류 > 재킷 > 남성 정장재킷
STD_011138,남성 캐주얼재킷,STD_011136,5,패션의류잡화 > 남성패션 > 빅사이즈 의류 > 재킷 > 남성 캐주얼재킷
STD_011140,점퍼,STD_011117,4,패션의류잡화 > 남성패션 > 빅사이즈 의류 > 점퍼
STD_011139,남성 기타 점퍼류,STD_011140,5,패션의류잡화 > 남성패션 > 빅사이즈 의류 > 점퍼 > 남성 기타 점퍼류
STD_011141,남성 바람막이 점퍼,STD_011140,5,패션의류잡화 > 남성패션 > 빅사이즈 의류 > 점퍼 > 남성 바람막이 점퍼
STD_011142,남성 야구점퍼/스타디움,STD_011140,5,패션의류잡화 > 남성패션 > 빅사이즈 의류 > 점퍼 > 남성 야구점퍼/스타디움
STD_011143,남성 야상/사파리,STD_011140,5,패션의류잡화 > 남성패션 > 빅사이즈 의류 > 점퍼 > 남성 야상/사파리
STD_011144,남성 패딩/다운패딩점퍼,STD_011140,5,패션의류잡화 > 남성패션 > 빅사이즈 의류 > 점퍼 > 남성 패딩/다운패딩점퍼
STD_011145,남성 패딩/다운패딩조끼,STD_011140,5,패션의류잡화 > 남성패션 > 빅사이즈 의류 > 점퍼 > 남성 패딩/다운패딩조끼
STD_011146,남성 항공점퍼/블루종,STD_011140,5,패션의류잡화 > 남성패션 > 빅사이즈 의류 > 점퍼 > 남성 항공점퍼/블루종
STD_011148,청바지,STD_011117,4,패션의류잡화 > 남성패션 > 빅사이즈 의류 > 청바지
STD_011147,남성 긴바지,STD_011148,5,패션의류잡화 > 남성패션 > 빅사이즈 의류 > 청바지 > 남성 긴바지
STD_011149,남성 반바지,STD_011148,5,패션의류잡화 > 남성패션 > 빅사이즈 의류 > 청바지 > 남성 반바지
STD_011151,코트,STD_011117,4,패션의류잡화 > 남성패션 > 빅사이즈 의류 > 코트
STD_011150,남성 겨울 코트,STD_011151,5,패션의류잡화 > 남성패션 > 빅사이즈 의류 > 코트 > 남성 겨울 코트
STD_011152,남성 봄가을 코트/트렌치,STD_011151,5,패션의류잡화 > 남성패션 > 빅사이즈 의류 > 코트 > 남성 봄가을 코트/트렌치
STD_011154,티셔츠,STD_011117,4,패션의류잡화 > 남성패션 > 빅사이즈 의류 > 티셔츠
STD_011153,남성 긴소매,STD_011154,5,패션의류잡화 > 남성패션 > 빅사이즈 의류 > 티셔츠 > 남성 긴소매
STD_011155,남성 민소매/나시,STD_011154,5,패션의류잡화 > 남성패션 > 빅사이즈 의류 > 티셔츠 > 남성 민소매/나시
STD_011156,남성 반소매,STD_011154,5,패션의류잡화 > 남성패션 > 빅사이즈 의류 > 티셔츠 > 남성 반소매
STD_011158,패션 트레이닝복,STD_011117,4,패션의류잡화 > 남성패션 > 빅사이즈 의류 > 패션 트레이닝복
STD_011157,남성 상의,STD_011158,5,패션의류잡화 > 남성패션 > 빅사이즈 의류 > 패션 트레이닝복 > 남성 상의
STD_011159,남성 상하의 세트,STD_011158,5,패션의류잡화 > 남성패션 > 빅사이즈 의류 > 패션 트레이닝복 > 남성 상하의 세트
STD_011160,남성 하의,STD_011158,5,패션의류잡화 > 남성패션 > 빅사이즈 의류 > 패션 트레이닝복 > 남성 하의
STD_011162,속옷/잠옷,STD_010830,3,패션의류잡화 > 남성패션 > 속옷/잠옷
STD_011161,남성 목욕가운,STD_011162,4,패션의류잡화 > 남성패션 > 속옷/잠옷 > 남성 목욕가운
STD_011164,남성 보정 속옷,STD_011162,4,패션의류잡화 > 남성패션 > 속옷/잠옷 > 남성 보정 속옷
STD_011163,남성 거들,STD_011164,5,패션의류잡화 > 남성패션 > 속옷/잠옷 > 남성 보정 속옷 > 남성 거들
STD_011165,남성 보정나시(바디쉐이퍼),STD_011164,5,패션의류잡화 > 남성패션 > 속옷/잠옷 > 남성 보정 속옷 > 남성 보정나시(바디쉐이퍼)
STD_011166,남성 복대/웨이스트 니퍼,STD_011164,5,패션의류잡화 > 남성패션 > 속옷/잠옷 > 남성 보정 속옷 > 남성 복대/웨이스트 니퍼
STD_011167,남성 압박서포터/타이즈,STD_011164,5,패션의류잡화 > 남성패션 > 속옷/잠옷 > 남성 보정 속옷 > 남성 압박서포터/타이즈
STD_011168,남성 힙업팬티,STD_011164,5,패션의류잡화 > 남성패션 > 속옷/잠옷 > 남성 보정 속옷 > 남성 힙업팬티
STD_011169,남성 팬티 런닝 세트,STD_011162,4,패션의류잡화 > 남성패션 > 속옷/잠옷 > 남성 팬티 런닝 세트
STD_011170,남성런닝,STD_011162,4,패션의류잡화 > 남성패션 > 속옷/잠옷 > 남성런닝
STD_011172,남성팬티,STD_011162,4,패션의류잡화 > 남성패션 > 속옷/잠옷 > 남성팬티
STD_011171,남성 남성팬티세트,STD_011172,5,패션의류잡화 > 남성패션 > 속옷/잠옷 > 남성팬티 > 남성 남성팬티세트
STD_011173,남성 삼각팬티(브리프),STD_011172,5,패션의류잡화 > 남성패션 > 속옷/잠옷 > 남성팬티 > 남성 삼각팬티(브리프)
STD_011174,남성 스판사각팬티(드로즈),STD_011172,5,패션의류잡화 > 남성패션 > 속옷/잠옷 > 남성팬티 > 남성 스판사각팬티(드로즈)
STD_011175,남성 스포츠 팬티,STD_011172,5,패션의류잡화 > 남성패션 > 속옷/잠옷 > 남성팬티 > 남성 스포츠 팬티
STD_011176,남성 트렁크(박시),STD_011172,5,패션의류잡화 > 남성패션 > 속옷/잠옷 > 남성팬티 > 남성 트렁크(박시)
STD_011178,내의/모시메리,STD_011162,4,패션의류잡화 > 남성패션 > 속옷/잠옷 > 내의/모시메리
STD_011177,남성 상의,STD_011178,5,패션의류잡화 > 남성패션 > 속옷/잠옷 > 내의/모시메리 > 남성 상의
STD_011179,남성 상하의 세트,STD_011178,5,패션의류잡화 > 남성패션 > 속옷/잠옷 > 내의/모시메리 > 남성 상하의 세트
STD_011180,남성 하의,STD_011178,5,패션의류잡화 > 남성패션 > 속옷/잠옷 > 내의/모시메리 > 남성 하의
STD_011182,발열내의,STD_011178,5,패션의류잡화 > 남성패션 > 속옷/잠옷 > 내의/모시메리 > 발열내의
STD_011181,남성 상의,STD_011182,6,패션의류잡화 > 남성패션 > 속옷/잠옷 > 내의/모시메리 > 발열내의 > 남성 상의
STD_011183,남성 상하의 세트,STD_011182,6,패션의류잡화 > 남성패션 > 속옷/잠옷 > 내의/모시메리 > 발열내의 > 남성 상하의 세트
STD_011184,남성 하의,STD_011182,6,패션의류잡화 > 남성패션 > 속옷/잠옷 > 내의/모시메리 > 발열내의 > 남성 하의
STD_011186,스포츠 속옷/언더레이어,STD_011178,5,패션의류잡화 > 남성패션 > 속옷/잠옷 > 내의/모시메리 > 스포츠 속옷/언더레이어
STD_011185,남성 스포츠 언더레이어/기능성 보온내의 상의,STD_011186,6,패션의류잡화 > 남성패션 > 속옷/잠옷 > 내의/모시메리 > 스포츠 속옷/언더레이어 > 남성 스포츠 언더레이어/기능성 보온내의 상의
STD_011187,남성 스포츠 언더레이어/기능성 보온내의 상하세트,STD_011186,6,패션의류잡화 > 남성패션 > 속옷/잠옷 > 내의/모시메리 > 스포츠 속옷/언더레이어 > 남성 스포츠 언더레이어/기능성 보온내의 상하세트
STD_011188,남성 스포츠 언더레이어/기능성 보온내의 하의,STD_011186,6,패션의류잡화 > 남성패션 > 속옷/잠옷 > 내의/모시메리 > 스포츠 속옷/언더레이어 > 남성 스포츠 언더레이어/기능성 보온내의 하의
STD_011190,섹시 언더웨어(19),STD_011162,4,패션의류잡화 > 남성패션 > 속옷/잠옷 > 섹시 언더웨어(19)
STD_011189,남성 섹시 팬티(19),STD_011190,5,패션의류잡화 > 남성패션 > 속옷/잠옷 > 섹시 언더웨어(19) > 남성 섹시 팬티(19)
STD_011192,잠옷,STD_011162,4,패션의류잡화 > 남성패션 > 속옷/잠옷 > 잠옷
STD_011191,남성 상의,STD_011192,5,패션의류잡화 > 남성패션 > 속옷/잠옷 > 잠옷 > 남성 상의
STD_011193,남성 상하의 세트,STD_011192,5,패션의류잡화 > 남성패션 > 속옷/잠옷 > 잠옷 > 남성 상하의 세트
STD_011194,남성 하의,STD_011192,5,패션의류잡화 > 남성패션 > 속옷/잠옷 > 잠옷 > 남성 하의
STD_011196,커버업,STD_010830,3,패션의류잡화 > 남성패션 > 커버업
STD_011195,남성 후드/집업 커버업,STD_011196,4,패션의류잡화 > 남성패션 > 커버업 > 남성 후드/집업 커버업
STD_011198,파티복/우리옷(한복),STD_010830,3,패션의류잡화 > 남성패션 > 파티복/우리옷(한복)
STD_011197,남성 섹시 코스튬(19),STD_011198,4,패션의류잡화 > 남성패션 > 파티복/우리옷(한복) > 남성 섹시 코스튬(19)
STD_011199,남성 할로윈 외 파티코스튬,STD_011198,4,패션의류잡화 > 남성패션 > 파티복/우리옷(한복) > 남성 할로윈 외 파티코스튬
STD_011201,우리옷(한복),STD_011198,4,패션의류잡화 > 남성패션 > 파티복/우리옷(한복) > 우리옷(한복)
STD_011200,남성 기타 한복,STD_011201,5,패션의류잡화 > 남성패션 > 파티복/우리옷(한복) > 우리옷(한복) > 남성 기타 한복
STD_011202,남성 생활한복(개량한복),STD_011201,5,패션의류잡화 > 남성패션 > 파티복/우리옷(한복) > 우리옷(한복) > 남성 생활한복(개량한복)
STD_011203,남성 절복,STD_011201,5,패션의류잡화 > 남성패션 > 파티복/우리옷(한복) > 우리옷(한복) > 남성 절복
STD_011204,남성 한복 상의,STD_011201,5,패션의류잡화 > 남성패션 > 파티복/우리옷(한복) > 우리옷(한복) > 남성 한복 상의
STD_011205,남성 한복 세트(한벌),STD_011201,5,패션의류잡화 > 남성패션 > 파티복/우리옷(한복) > 우리옷(한복) > 남성 한복 세트(한벌)
STD_011206,남성 한복 속바지,STD_011201,5,패션의류잡화 > 남성패션 > 파티복/우리옷(한복) > 우리옷(한복) > 남성 한복 속바지
STD_011207,남성 한복 조끼,STD_011201,5,패션의류잡화 > 남성패션 > 파티복/우리옷(한복) > 우리옷(한복) > 남성 한복 조끼
STD_011208,남성 한복 하의,STD_011201,5,패션의류잡화 > 남성패션 > 파티복/우리옷(한복) > 우리옷(한복) > 남성 한복 하의
STD_011211,해외직구,STD_010830,3,패션의류잡화 > 남성패션 > 해외직구
STD_011210,가방,STD_011211,4,패션의류잡화 > 남성패션 > 해외직구 > 가방
STD_011209,남성가방액세서리,STD_011210,5,패션의류잡화 > 남성패션 > 해외직구 > 가방 > 남성가방액세서리
STD_011212,남성노트북 가방,STD_011210,5,패션의류잡화 > 남성패션 > 해외직구 > 가방 > 남성노트북 가방
STD_011213,남성백팩,STD_011210,5,패션의류잡화 > 남성패션 > 해외직구 > 가방 > 남성백팩
STD_011214,남성사무용/서류가방,STD_011210,5,패션의류잡화 > 남성패션 > 해외직구 > 가방 > 남성사무용/서류가방
STD_011215,남성숄더백,STD_011210,5,패션의류잡화 > 남성패션 > 해외직구 > 가방 > 남성숄더백
STD_011216,남성캔버스/에코백,STD_011210,5,패션의류잡화 > 남성패션 > 해외직구 > 가방 > 남성캔버스/에코백
STD_011217,남성크로스/메신저백,STD_011210,5,패션의류잡화 > 남성패션 > 해외직구 > 가방 > 남성크로스/메신저백
STD_011218,남성클러치,STD_011210,5,패션의류잡화 > 남성패션 > 해외직구 > 가방 > 남성클러치
STD_011219,남성토트백,STD_011210,5,패션의류잡화 > 남성패션 > 해외직구 > 가방 > 남성토트백
STD_011220,남성힙색/허리색,STD_011210,5,패션의류잡화 > 남성패션 > 해외직구 > 가방 > 남성힙색/허리색
STD_011222,속옷,STD_011211,4,패션의류잡화 > 남성패션 > 해외직구 > 속옷
STD_011221,남성 런닝,STD_011222,5,패션의류잡화 > 남성패션 > 해외직구 > 속옷 > 남성 런닝
STD_011223,남성 속옷세트,STD_011222,5,패션의류잡화 > 남성패션 > 해외직구 > 속옷 > 남성 속옷세트
STD_011224,남성 팬티,STD_011222,5,패션의류잡화 > 남성패션 > 해외직구 > 속옷 > 남성 팬티
STD_011226,시계,STD_011211,4,패션의류잡화 > 남성패션 > 해외직구 > 시계
STD_011225,남성시계,STD_011226,5,패션의류잡화 > 남성패션 > 해외직구 > 시계 > 남성시계
STD_011227,남성시계줄/시계소품/기타,STD_011226,5,패션의류잡화 > 남성패션 > 해외직구 > 시계 > 남성시계줄/시계소품/기타
STD_011229,신발,STD_011211,4,패션의류잡화 > 남성패션 > 해외직구 > 신발
STD_011228,남성 구두/신발 관리용품,STD_011229,5,패션의류잡화 > 남성패션 > 해외직구 > 신발 > 남성 구두/신발 관리용품
STD_011230,남성 모카신/털단화,STD_011229,5,패션의류잡화 > 남성패션 > 해외직구 > 신발 > 남성 모카신/털단화
STD_011231,남성 키높이깔창/신발끈,STD_011229,5,패션의류잡화 > 남성패션 > 해외직구 > 신발 > 남성 키높이깔창/신발끈
STD_011232,남성구두,STD_011229,5,패션의류잡화 > 남성패션 > 해외직구 > 신발 > 남성구두
STD_011233,남성기능화,STD_011229,5,패션의류잡화 > 남성패션 > 해외직구 > 신발 > 남성기능화
STD_011234,남성레인부츠,STD_011229,5,패션의류잡화 > 남성패션 > 해외직구 > 신발 > 남성레인부츠
STD_011235,남성로퍼,STD_011229,5,패션의류잡화 > 남성패션 > 해외직구 > 신발 > 남성로퍼
STD_011236,남성보트화,STD_011229,5,패션의류잡화 > 남성패션 > 해외직구 > 신발 > 남성보트화
STD_011237,남성부츠/워커,STD_011229,5,패션의류잡화 > 남성패션 > 해외직구 > 신발 > 남성부츠/워커
STD_011238,남성샌들/쪼리,STD_011229,5,패션의류잡화 > 남성패션 > 해외직구 > 신발 > 남성샌들/쪼리
STD_011239,남성슬립온/스니커즈,STD_011229,5,패션의류잡화 > 남성패션 > 해외직구 > 신발 > 남성슬립온/스니커즈
STD_011240,남성실내화/슬리퍼,STD_011229,5,패션의류잡화 > 남성패션 > 해외직구 > 신발 > 남성실내화/슬리퍼
STD_011241,남성운동화,STD_011229,5,패션의류잡화 > 남성패션 > 해외직구 > 신발 > 남성운동화
STD_011242,남성웰트화,STD_011229,5,패션의류잡화 > 남성패션 > 해외직구 > 신발 > 남성웰트화
STD_011244,의류,STD_011211,4,패션의류잡화 > 남성패션 > 해외직구 > 의류
STD_011243,남성 가디건,STD_011244,5,패션의류잡화 > 남성패션 > 해외직구 > 의류 > 남성 가디건
STD_011245,남성 래쉬가드 상의,STD_011244,5,패션의류잡화 > 남성패션 > 해외직구 > 의류 > 남성 래쉬가드 상의
STD_011246,남성 래쉬가드 세트,STD_011244,5,패션의류잡화 > 남성패션 > 해외직구 > 의류 > 남성 래쉬가드 세트
STD_011247,남성 비치 반바지,STD_011244,5,패션의류잡화 > 남성패션 > 해외직구 > 의류 > 남성 비치 반바지
STD_011248,남성 셔츠/남방,STD_011244,5,패션의류잡화 > 남성패션 > 해외직구 > 의류 > 남성 셔츠/남방
STD_011249,남성 스웨터/니트,STD_011244,5,패션의류잡화 > 남성패션 > 해외직구 > 의류 > 남성 스웨터/니트
STD_011250,남성 와이셔츠(드레스셔츠),STD_011244,5,패션의류잡화 > 남성패션 > 해외직구 > 의류 > 남성 와이셔츠(드레스셔츠)
STD_011251,남성 워터레깅스,STD_011244,5,패션의류잡화 > 남성패션 > 해외직구 > 의류 > 남성 워터레깅스
STD_011252,남성 자켓,STD_011244,5,패션의류잡화 > 남성패션 > 해외직구 > 의류 > 남성 자켓
STD_011253,남성 점퍼,STD_011244,5,패션의류잡화 > 남성패션 > 해외직구 > 의류 > 남성 점퍼
STD_011254,남성 정장바지,STD_011244,5,패션의류잡화 > 남성패션 > 해외직구 > 의류 > 남성 정장바지
STD_011255,남성 정장세트,STD_011244,5,패션의류잡화 > 남성패션 > 해외직구 > 의류 > 남성 정장세트
STD_011256,남성 조끼/베스트,STD_011244,5,패션의류잡화 > 남성패션 > 해외직구 > 의류 > 남성 조끼/베스트
STD_011257,남성 청바지,STD_011244,5,패션의류잡화 > 남성패션 > 해외직구 > 의류 > 남성 청바지
STD_011258,남성 캐주얼바지,STD_011244,5,패션의류잡화 > 남성패션 > 해외직구 > 의류 > 남성 캐주얼바지
STD_011259,남성 커버업,STD_011244,5,패션의류잡화 > 남성패션 > 해외직구 > 의류 > 남성 커버업
STD_011260,남성 코트,STD_011244,5,패션의류잡화 > 남성패션 > 해외직구 > 의류 > 남성 코트
STD_011261,남성 트레이닝웨어,STD_011244,5,패션의류잡화 > 남성패션 > 해외직구 > 의류 > 남성 트레이닝웨어
STD_011262,남성 티셔츠,STD_011244,5,패션의류잡화 > 남성패션 > 해외직구 > 의류 > 남성 티셔츠
STD_011263,남성 패딩/다운,STD_011244,5,패션의류잡화 > 남성패션 > 해외직구 > 의류 > 남성 패딩/다운
STD_011265,잡화,STD_011211,4,패션의류잡화 > 남성패션 > 해외직구 > 잡화
STD_011264,남성머플러/스카프/숄,STD_011265,5,패션의류잡화 > 남성패션 > 해외직구 > 잡화 > 남성머플러/스카프/숄
STD_011266,남성모자,STD_011265,5,패션의류잡화 > 남성패션 > 해외직구 > 잡화 > 남성모자
STD_011267,남성벨트,STD_011265,5,패션의류잡화 > 남성패션 > 해외직구 > 잡화 > 남성벨트
STD_011268,남성선글라스,STD_011265,5,패션의류잡화 > 남성패션 > 해외직구 > 잡화 > 남성선글라스
STD_011269,남성손수건,STD_011265,5,패션의류잡화 > 남성패션 > 해외직구 > 잡화 > 남성손수건
STD_011270,남성안경테,STD_011265,5,패션의류잡화 > 남성패션 > 해외직구 > 잡화 > 남성안경테
STD_011271,남성양말,STD_011265,5,패션의류잡화 > 남성패션 > 해외직구 > 잡화 > 남성양말
STD_011272,남성우비,STD_011265,5,패션의류잡화 > 남성패션 > 해외직구 > 잡화 > 남성우비
STD_011273,남성우산,STD_011265,5,패션의류잡화 > 남성패션 > 해외직구 > 잡화 > 남성우산
STD_011274,남성장갑,STD_011265,5,패션의류잡화 > 남성패션 > 해외직구 > 잡화 > 남성장갑
STD_011275,남성지갑,STD_011265,5,패션의류잡화 > 남성패션 > 해외직구 > 잡화 > 남성지갑
STD_011276,남성케이스/렌즈소품,STD_011265,5,패션의류잡화 > 남성패션 > 해외직구 > 잡화 > 남성케이스/렌즈소품
STD_011278,주얼리/헤어액세서리,STD_011211,4,패션의류잡화 > 남성패션 > 해외직구 > 주얼리/헤어액세서리
STD_011277,남성귀걸이,STD_011278,5,패션의류잡화 > 남성패션 > 해외직구 > 주얼리/헤어액세서리 > 남성귀걸이
STD_011279,남성기타 쥬얼리,STD_011278,5,패션의류잡화 > 남성패션 > 해외직구 > 주얼리/헤어액세서리 > 남성기타 쥬얼리
STD_011280,남성머리끈/머리핀,STD_011278,5,패션의류잡화 > 남성패션 > 해외직구 > 주얼리/헤어액세서리 > 남성머리끈/머리핀
STD_011281,남성목걸이,STD_011278,5,패션의류잡화 > 남성패션 > 해외직구 > 주얼리/헤어액세서리 > 남성목걸이
STD_011282,남성반지,STD_011278,5,패션의류잡화 > 남성패션 > 해외직구 > 주얼리/헤어액세서리 > 남성반지
STD_011283,남성쥬얼리 소품/기타,STD_011278,5,패션의류잡화 > 남성패션 > 해외직구 > 주얼리/헤어액세서리 > 남성쥬얼리 소품/기타
STD_011284,남성팔찌/발찌,STD_011278,5,패션의류잡화 > 남성패션 > 해외직구 > 주얼리/헤어액세서리 > 남성팔찌/발찌
STD_011285,남성헤어밴드,STD_011278,5,패션의류잡화 > 남성패션 > 해외직구 > 주얼리/헤어액세서리 > 남성헤어밴드
STD_011288,베이비 의류/신발/잡화(~24개월),STD_010831,2,패션의류잡화 > 베이비 의류/신발/잡화(~24개월)
STD_011287,베이비신발,STD_011288,3,패션의류잡화 > 베이비 의류/신발/잡화(~24개월) > 베이비신발
STD_011286,보행기화/걸음마신발,STD_011287,4,패션의류잡화 > 베이비 의류/신발/잡화(~24개월) > 베이비신발 > 보행기화/걸음마신발
STD_011290,베이비의류,STD_011288,3,패션의류잡화 > 베이비 의류/신발/잡화(~24개월) > 베이비의류
STD_011289,레그/스패츠,STD_011290,4,패션의류잡화 > 베이비 의류/신발/잡화(~24개월) > 베이비의류 > 레그/스패츠
STD_011292,바디슈트/롬퍼,STD_011290,4,패션의류잡화 > 베이비 의류/신발/잡화(~24개월) > 베이비의류 > 바디슈트/롬퍼
STD_011291,바디슈트/롬퍼,STD_011292,5,패션의류잡화 > 베이비 의류/신발/잡화(~24개월) > 베이비의류 > 바디슈트/롬퍼 > 바디슈트/롬퍼
STD_011293,점프수트,STD_011292,5,패션의류잡화 > 베이비 의류/신발/잡화(~24개월) > 베이비의류 > 바디슈트/롬퍼 > 점프수트
STD_011294,배냇저고리,STD_011290,4,패션의류잡화 > 베이비 의류/신발/잡화(~24개월) > 베이비의류 > 배냇저고리
STD_011296,상의,STD_011290,4,패션의류잡화 > 베이비 의류/신발/잡화(~24개월) > 베이비의류 > 상의
STD_011295,베스트/조끼,STD_011296,5,패션의류잡화 > 베이비 의류/신발/잡화(~24개월) > 베이비의류 > 상의 > 베스트/조끼
STD_011297,셔츠/블라우스,STD_011296,5,패션의류잡화 > 베이비 의류/신발/잡화(~24개월) > 베이비의류 > 상의 > 셔츠/블라우스
STD_011298,스웨터/가디건,STD_011296,5,패션의류잡화 > 베이비 의류/신발/잡화(~24개월) > 베이비의류 > 상의 > 스웨터/가디건
STD_011299,트레이닝 상의,STD_011296,5,패션의류잡화 > 베이비 의류/신발/잡화(~24개월) > 베이비의류 > 상의 > 트레이닝 상의
STD_011300,티셔츠,STD_011296,5,패션의류잡화 > 베이비 의류/신발/잡화(~24개월) > 베이비의류 > 상의 > 티셔츠
STD_011302,상하복 세트,STD_011290,4,패션의류잡화 > 베이비 의류/신발/잡화(~24개월) > 베이비의류 > 상하복 세트
STD_011301,상하 바지세트,STD_011302,5,패션의류잡화 > 베이비 의류/신발/잡화(~24개월) > 베이비의류 > 상하복 세트 > 상하 바지세트
STD_011303,여아 상하 치마세트/원피스세트,STD_011302,5,패션의류잡화 > 베이비 의류/신발/잡화(~24개월) > 베이비의류 > 상하복 세트 > 여아 상하 치마세트/원피스세트
STD_011304,정장세트,STD_011302,5,패션의류잡화 > 베이비 의류/신발/잡화(~24개월) > 베이비의류 > 상하복 세트 > 정장세트
STD_011305,트레이닝복 상하 세트,STD_011302,5,패션의류잡화 > 베이비 의류/신발/잡화(~24개월) > 베이비의류 > 상하복 세트 > 트레이닝복 상하 세트
STD_011306,파자마 세트,STD_011302,5,패션의류잡화 > 베이비 의류/신발/잡화(~24개월) > 베이비의류 > 상하복 세트 > 파자마 세트
STD_011308,속옷/잠옷,STD_011290,4,패션의류잡화 > 베이비 의류/신발/잡화(~24개월) > 베이비의류 > 속옷/잠옷
STD_011307,런닝,STD_011308,5,패션의류잡화 > 베이비 의류/신발/잡화(~24개월) > 베이비의류 > 속옷/잠옷 > 런닝
STD_011309,실내복,STD_011308,5,패션의류잡화 > 베이비 의류/신발/잡화(~24개월) > 베이비의류 > 속옷/잠옷 > 실내복
STD_011310,팬티,STD_011308,5,패션의류잡화 > 베이비 의류/신발/잡화(~24개월) > 베이비의류 > 속옷/잠옷 > 팬티
STD_011312,아우터,STD_011290,4,패션의류잡화 > 베이비 의류/신발/잡화(~24개월) > 베이비의류 > 아우터
STD_011311,다운/패딩점퍼,STD_011312,5,패션의류잡화 > 베이비 의류/신발/잡화(~24개월) > 베이비의류 > 아우터 > 다운/패딩점퍼
STD_011313,재킷/점퍼,STD_011312,5,패션의류잡화 > 베이비 의류/신발/잡화(~24개월) > 베이비의류 > 아우터 > 재킷/점퍼
STD_011314,코트,STD_011312,5,패션의류잡화 > 베이비 의류/신발/잡화(~24개월) > 베이비의류 > 아우터 > 코트
STD_011315,트레이닝 아우터류,STD_011312,5,패션의류잡화 > 베이비 의류/신발/잡화(~24개월) > 베이비의류 > 아우터 > 트레이닝 아우터류
STD_011316,우주복,STD_011290,4,패션의류잡화 > 베이비 의류/신발/잡화(~24개월) > 베이비의류 > 우주복
STD_011317,원피스,STD_011290,4,패션의류잡화 > 베이비 의류/신발/잡화(~24개월) > 베이비의류 > 원피스
STD_011318,출산선물세트,STD_011290,4,패션의류잡화 > 베이비 의류/신발/잡화(~24개월) > 베이비의류 > 출산선물세트
STD_011320,하의,STD_011290,4,패션의류잡화 > 베이비 의류/신발/잡화(~24개월) > 베이비의류 > 하의
STD_011319,바지/청바지,STD_011320,5,패션의류잡화 > 베이비 의류/신발/잡화(~24개월) > 베이비의류 > 하의 > 바지/청바지
STD_011321,스커트,STD_011320,5,패션의류잡화 > 베이비 의류/신발/잡화(~24개월) > 베이비의류 > 하의 > 스커트
STD_011322,트레이닝 하의,STD_011320,5,패션의류잡화 > 베이비 의류/신발/잡화(~24개월) > 베이비의류 > 하의 > 트레이닝 하의
STD_011324,베이비잡화,STD_011288,3,패션의류잡화 > 베이비 의류/신발/잡화(~24개월) > 베이비잡화
STD_011323,가제수건,STD_011324,4,패션의류잡화 > 베이비 의류/신발/잡화(~24개월) > 베이비잡화 > 가제수건
STD_011325,겉싸개,STD_011324,4,패션의류잡화 > 베이비 의류/신발/잡화(~24개월) > 베이비잡화 > 겉싸개
STD_011326,미아방지가방,STD_011324,4,패션의류잡화 > 베이비 의류/신발/잡화(~24개월) > 베이비잡화 > 미아방지가방
STD_011327,미아방지주얼리,STD_011324,4,패션의류잡화 > 베이비 의류/신발/잡화(~24개월) > 베이비잡화 > 미아방지주얼리
STD_011328,배가리개,STD_011324,4,패션의류잡화 > 베이비 의류/신발/잡화(~24개월) > 베이비잡화 > 배가리개
STD_011329,속싸개,STD_011324,4,패션의류잡화 > 베이비 의류/신발/잡화(~24개월) > 베이비잡화 > 속싸개
STD_011330,손싸개/발싸개,STD_011324,4,패션의류잡화 > 베이비 의류/신발/잡화(~24개월) > 베이비잡화 > 손싸개/발싸개
STD_011331,신생아모자,STD_011324,4,패션의류잡화 > 베이비 의류/신발/잡화(~24개월) > 베이비잡화 > 신생아모자
STD_011332,아기양말,STD_011324,4,패션의류잡화 > 베이비 의류/신발/잡화(~24개월) > 베이비잡화 > 아기양말
STD_011333,턱받이/스카프빕,STD_011324,4,패션의류잡화 > 베이비 의류/신발/잡화(~24개월) > 베이비잡화 > 턱받이/스카프빕
STD_011336,여성패션,STD_010831,2,패션의류잡화 > 여성패션
STD_011335,래쉬가드,STD_011336,3,패션의류잡화 > 여성패션 > 래쉬가드
STD_011334,여성 래쉬가드 상의,STD_011335,4,패션의류잡화 > 여성패션 > 래쉬가드 > 여성 래쉬가드 상의
STD_011337,여성 래쉬가드 세트,STD_011335,4,패션의류잡화 > 여성패션 > 래쉬가드 > 여성 래쉬가드 세트
STD_011338,여성 방수 반바지,STD_011335,4,패션의류잡화 > 여성패션 > 래쉬가드 > 여성 방수 반바지
STD_011339,여성 워터레깅스(긴바지),STD_011335,4,패션의류잡화 > 여성패션 > 래쉬가드 > 여성 워터레깅스(긴바지)
STD_011342,빅사이즈 의류,STD_011336,3,패션의류잡화 > 여성패션 > 빅사이즈 의류
STD_011341,가디건,STD_011342,4,패션의류잡화 > 여성패션 > 빅사이즈 의류 > 가디건
STD_011340,여성 기본(허리길이)가디건,STD_011341,5,패션의류잡화 > 여성패션 > 빅사이즈 의류 > 가디건 > 여성 기본(허리길이)가디건
STD_011343,여성 롱 가디건,STD_011341,5,패션의류잡화 > 여성패션 > 빅사이즈 의류 > 가디건 > 여성 롱 가디건
STD_011344,여성 숏가디건(볼레로),STD_011341,5,패션의류잡화 > 여성패션 > 빅사이즈 의류 > 가디건 > 여성 숏가디건(볼레로)
STD_011346,레깅스/치마레깅스,STD_011342,4,패션의류잡화 > 여성패션 > 빅사이즈 의류 > 레깅스/치마레깅스
STD_011345,여성 레깅스,STD_011346,5,패션의류잡화 > 여성패션 > 빅사이즈 의류 > 레깅스/치마레깅스 > 여성 레깅스
STD_011347,여성 치마레깅스,STD_011346,5,패션의류잡화 > 여성패션 > 빅사이즈 의류 > 레깅스/치마레깅스 > 여성 치마레깅스
STD_011349,바지,STD_011342,4,패션의류잡화 > 여성패션 > 빅사이즈 의류 > 바지
STD_011348,여성 긴바지,STD_011349,5,패션의류잡화 > 여성패션 > 빅사이즈 의류 > 바지 > 여성 긴바지
STD_011350,여성 반바지,STD_011349,5,패션의류잡화 > 여성패션 > 빅사이즈 의류 > 바지 > 여성 반바지
STD_011352,스웨터/니트,STD_011342,4,패션의류잡화 > 여성패션 > 빅사이즈 의류 > 스웨터/니트
STD_011351,여성 라운드넥,STD_011352,5,패션의류잡화 > 여성패션 > 빅사이즈 의류 > 스웨터/니트 > 여성 라운드넥
STD_011353,여성 브이넥,STD_011352,5,패션의류잡화 > 여성패션 > 빅사이즈 의류 > 스웨터/니트 > 여성 브이넥
STD_011354,여성 카라넥,STD_011352,5,패션의류잡화 > 여성패션 > 빅사이즈 의류 > 스웨터/니트 > 여성 카라넥
STD_011355,여성 터틀넥,STD_011352,5,패션의류잡화 > 여성패션 > 빅사이즈 의류 > 스웨터/니트 > 여성 터틀넥
STD_011356,여성 후드,STD_011352,5,패션의류잡화 > 여성패션 > 빅사이즈 의류 > 스웨터/니트 > 여성 후드
STD_011358,스커트,STD_011342,4,패션의류잡화 > 여성패션 > 빅사이즈 의류 > 스커트
STD_011357,여성 롱(발목길이)스커트,STD_011358,5,패션의류잡화 > 여성패션 > 빅사이즈 의류 > 스커트 > 여성 롱(발목길이)스커트
STD_011359,여성 미니스커트,STD_011358,5,패션의류잡화 > 여성패션 > 빅사이즈 의류 > 스커트 > 여성 미니스커트
STD_011360,여성 미디(무릎길이) 스커트,STD_011358,5,패션의류잡화 > 여성패션 > 빅사이즈 의류 > 스커트 > 여성 미디(무릎길이) 스커트
STD_011361,여성 치마바지,STD_011358,5,패션의류잡화 > 여성패션 > 빅사이즈 의류 > 스커트 > 여성 치마바지
STD_011362,여성 맨투맨,STD_011342,4,패션의류잡화 > 여성패션 > 빅사이즈 의류 > 여성 맨투맨
STD_011363,여성 베스트(조끼),STD_011342,4,패션의류잡화 > 여성패션 > 빅사이즈 의류 > 여성 베스트(조끼)
STD_011364,여성 블라우스,STD_011342,4,패션의류잡화 > 여성패션 > 빅사이즈 의류 > 여성 블라우스
STD_011365,여성 셔츠,STD_011342,4,패션의류잡화 > 여성패션 > 빅사이즈 의류 > 여성 셔츠
STD_011366,여성 후드집업/집업류,STD_011342,4,패션의류잡화 > 여성패션 > 빅사이즈 의류 > 여성 후드집업/집업류
STD_011367,여성 후드티,STD_011342,4,패션의류잡화 > 여성패션 > 빅사이즈 의류 > 여성 후드티
STD_011369,원피스,STD_011342,4,패션의류잡화 > 여성패션 > 빅사이즈 의류 > 원피스
STD_011368,여성 롱원피스(종아리아래),STD_011369,5,패션의류잡화 > 여성패션 > 빅사이즈 의류 > 원피스 > 여성 롱원피스(종아리아래)
STD_011370,여성 미니원피스(허벅지위),STD_011369,5,패션의류잡화 > 여성패션 > 빅사이즈 의류 > 원피스 > 여성 미니원피스(허벅지위)
STD_011371,여성 미디원피스(무릎길이),STD_011369,5,패션의류잡화 > 여성패션 > 빅사이즈 의류 > 원피스 > 여성 미디원피스(무릎길이)
STD_011372,여성 점프수트,STD_011369,5,패션의류잡화 > 여성패션 > 빅사이즈 의류 > 원피스 > 여성 점프수트
STD_011374,재킷,STD_011342,4,패션의류잡화 > 여성패션 > 빅사이즈 의류 > 재킷
STD_011373,여성 정장재킷,STD_011374,5,패션의류잡화 > 여성패션 > 빅사이즈 의류 > 재킷 > 여성 정장재킷
STD_011375,여성 캐주얼재킷,STD_011374,5,패션의류잡화 > 여성패션 > 빅사이즈 의류 > 재킷 > 여성 캐주얼재킷
STD_011377,점퍼,STD_011342,4,패션의류잡화 > 여성패션 > 빅사이즈 의류 > 점퍼
STD_011376,여성 기타 점퍼류,STD_011377,5,패션의류잡화 > 여성패션 > 빅사이즈 의류 > 점퍼 > 여성 기타 점퍼류
STD_011378,여성 바람막이 점퍼,STD_011377,5,패션의류잡화 > 여성패션 > 빅사이즈 의류 > 점퍼 > 여성 바람막이 점퍼
STD_011379,여성 야구점퍼,STD_011377,5,패션의류잡화 > 여성패션 > 빅사이즈 의류 > 점퍼 > 여성 야구점퍼
STD_011380,여성 야상/사파리,STD_011377,5,패션의류잡화 > 여성패션 > 빅사이즈 의류 > 점퍼 > 여성 야상/사파리
STD_011381,여성 패딩/다운패딩점퍼,STD_011377,5,패션의류잡화 > 여성패션 > 빅사이즈 의류 > 점퍼 > 여성 패딩/다운패딩점퍼
STD_011382,여성 패딩/다운패딩조끼,STD_011377,5,패션의류잡화 > 여성패션 > 빅사이즈 의류 > 점퍼 > 여성 패딩/다운패딩조끼
STD_011383,여성 항공점퍼/블루종,STD_011377,5,패션의류잡화 > 여성패션 > 빅사이즈 의류 > 점퍼 > 여성 항공점퍼/블루종
STD_011385,정장/세트류,STD_011342,4,패션의류잡화 > 여성패션 > 빅사이즈 의류 > 정장/세트류
STD_011384,여성 바지 정장 세트,STD_011385,5,패션의류잡화 > 여성패션 > 빅사이즈 의류 > 정장/세트류 > 여성 바지 정장 세트
STD_011386,여성 스커트 정장 세트,STD_011385,5,패션의류잡화 > 여성패션 > 빅사이즈 의류 > 정장/세트류 > 여성 스커트 정장 세트
STD_011387,여성 원피스 세트,STD_011385,5,패션의류잡화 > 여성패션 > 빅사이즈 의류 > 정장/세트류 > 여성 원피스 세트
STD_011388,여성 캐주얼 세트,STD_011385,5,패션의류잡화 > 여성패션 > 빅사이즈 의류 > 정장/세트류 > 여성 캐주얼 세트
STD_011390,청바지,STD_011342,4,패션의류잡화 > 여성패션 > 빅사이즈 의류 > 청바지
STD_011389,여성 긴바지,STD_011390,5,패션의류잡화 > 여성패션 > 빅사이즈 의류 > 청바지 > 여성 긴바지
STD_011391,여성 반바지,STD_011390,5,패션의류잡화 > 여성패션 > 빅사이즈 의류 > 청바지 > 여성 반바지
STD_011393,코트,STD_011342,4,패션의류잡화 > 여성패션 > 빅사이즈 의류 > 코트
STD_011392,여성 겨울 코트,STD_011393,5,패션의류잡화 > 여성패션 > 빅사이즈 의류 > 코트 > 여성 겨울 코트
STD_011394,여성 봄가을 코트/트렌치,STD_011393,5,패션의류잡화 > 여성패션 > 빅사이즈 의류 > 코트 > 여성 봄가을 코트/트렌치
STD_011396,티셔츠,STD_011342,4,패션의류잡화 > 여성패션 > 빅사이즈 의류 > 티셔츠
STD_011395,여성 긴소매,STD_011396,5,패션의류잡화 > 여성패션 > 빅사이즈 의류 > 티셔츠 > 여성 긴소매
STD_011397,여성 민소매/나시,STD_011396,5,패션의류잡화 > 여성패션 > 빅사이즈 의류 > 티셔츠 > 여성 민소매/나시
STD_011398,여성 반소매,STD_011396,5,패션의류잡화 > 여성패션 > 빅사이즈 의류 > 티셔츠 > 여성 반소매
STD_011400,패션 트레이닝복,STD_011342,4,패션의류잡화 > 여성패션 > 빅사이즈 의류 > 패션 트레이닝복
STD_011399,여성 상의,STD_011400,5,패션의류잡화 > 여성패션 > 빅사이즈 의류 > 패션 트레이닝복 > 여성 상의
STD_011401,여성 상하의 세트,STD_011400,5,패션의류잡화 > 여성패션 > 빅사이즈 의류 > 패션 트레이닝복 > 여성 상하의 세트
STD_011402,여성 하의,STD_011400,5,패션의류잡화 > 여성패션 > 빅사이즈 의류 > 패션 트레이닝복 > 여성 하의
STD_011406,속옷/잠옷,STD_011336,3,패션의류잡화 > 여성패션 > 속옷/잠옷
STD_011405,내복/모시메리,STD_011406,4,패션의류잡화 > 여성패션 > 속옷/잠옷 > 내복/모시메리
STD_011404,발열내의,STD_011405,5,패션의류잡화 > 여성패션 > 속옷/잠옷 > 내복/모시메리 > 발열내의
STD_011403,여성 상의,STD_011404,6,패션의류잡화 > 여성패션 > 속옷/잠옷 > 내복/모시메리 > 발열내의 > 여성 상의
STD_011407,여성 상하의 세트,STD_011404,6,패션의류잡화 > 여성패션 > 속옷/잠옷 > 내복/모시메리 > 발열내의 > 여성 상하의 세트
STD_011408,여성 하의,STD_011404,6,패션의류잡화 > 여성패션 > 속옷/잠옷 > 내복/모시메리 > 발열내의 > 여성 하의
STD_011410,스포츠 속옷/언더레이어,STD_011405,5,패션의류잡화 > 여성패션 > 속옷/잠옷 > 내복/모시메리 > 스포츠 속옷/언더레이어
STD_011409,여성 스포츠 언더레이어/기능성 보온내의 상의,STD_011410,6,패션의류잡화 > 여성패션 > 속옷/잠옷 > 내복/모시메리 > 스포츠 속옷/언더레이어 > 여성 스포츠 언더레이어/기능성 보온내의 상의
STD_011411,여성 스포츠 언더레이어/기능성 보온내의 상하세트,STD_011410,6,패션의류잡화 > 여성패션 > 속옷/잠옷 > 내복/모시메리 > 스포츠 속옷/언더레이어 > 여성 스포츠 언더레이어/기능성 보온내의 상하세트
STD_011412,여성 스포츠 언더레이어/기능성 보온내의 하의,STD_011410,6,패션의류잡화 > 여성패션 > 속옷/잠옷 > 내복/모시메리 > 스포츠 속옷/언더레이어 > 여성 스포츠 언더레이어/기능성 보온내의 하의
STD_011413,여성 상의,STD_011405,5,패션의류잡화 > 여성패션 > 속옷/잠옷 > 내복/모시메리 > 여성 상의
STD_011414,여성 상하의세트,STD_011405,5,패션의류잡화 > 여성패션 > 속옷/잠옷 > 내복/모시메리 > 여성 상하의세트
STD_011415,여성 하의,STD_011405,5,패션의류잡화 > 여성패션 > 속옷/잠옷 > 내복/모시메리 > 여성 하의
STD_011417,보정속옷,STD_011406,4,패션의류잡화 > 여성패션 > 속옷/잠옷 > 보정속옷
STD_011416,보정 브래지어,STD_011417,5,패션의류잡화 > 여성패션 > 속옷/잠옷 > 보정속옷 > 보정 브래지어
STD_011418,뷔스티에,STD_011417,5,패션의류잡화 > 여성패션 > 속옷/잠옷 > 보정속옷 > 뷔스티에
STD_011419,여성 거들,STD_011417,5,패션의류잡화 > 여성패션 > 속옷/잠옷 > 보정속옷 > 여성 거들
STD_011420,여성 복대/웨이스트 니퍼,STD_011417,5,패션의류잡화 > 여성패션 > 속옷/잠옷 > 보정속옷 > 여성 복대/웨이스트 니퍼
STD_011421,여성 올인원/바디쉐이퍼,STD_011417,5,패션의류잡화 > 여성패션 > 속옷/잠옷 > 보정속옷 > 여성 올인원/바디쉐이퍼
STD_011422,여성 힙업 팬티,STD_011417,5,패션의류잡화 > 여성패션 > 속옷/잠옷 > 보정속옷 > 여성 힙업 팬티
STD_011423,코르셋,STD_011417,5,패션의류잡화 > 여성패션 > 속옷/잠옷 > 보정속옷 > 코르셋
STD_011425,브라팬티 세트,STD_011406,4,패션의류잡화 > 여성패션 > 속옷/잠옷 > 브라팬티 세트
STD_011424,스포티 디자인,STD_011425,5,패션의류잡화 > 여성패션 > 속옷/잠옷 > 브라팬티 세트 > 스포티 디자인
STD_011426,심플/베이직 디자인,STD_011425,5,패션의류잡화 > 여성패션 > 속옷/잠옷 > 브라팬티 세트 > 심플/베이직 디자인
STD_011427,자수/레이스 디자인,STD_011425,5,패션의류잡화 > 여성패션 > 속옷/잠옷 > 브라팬티 세트 > 자수/레이스 디자인
STD_011429,브래지어,STD_011406,4,패션의류잡화 > 여성패션 > 속옷/잠옷 > 브래지어
STD_011428,볼륨업브라,STD_011429,5,패션의류잡화 > 여성패션 > 속옷/잠옷 > 브래지어 > 볼륨업브라
STD_011430,스포츠 브라탑,STD_011429,5,패션의류잡화 > 여성패션 > 속옷/잠옷 > 브래지어 > 스포츠 브라탑
STD_011431,일반/몰드브라,STD_011429,5,패션의류잡화 > 여성패션 > 속옷/잠옷 > 브래지어 > 일반/몰드브라
STD_011432,접착형브라,STD_011429,5,패션의류잡화 > 여성패션 > 속옷/잠옷 > 브래지어 > 접착형브라
STD_011433,튜브탑/브라탑,STD_011429,5,패션의류잡화 > 여성패션 > 속옷/잠옷 > 브래지어 > 튜브탑/브라탑
STD_011434,홑겹/노패드 브라,STD_011429,5,패션의류잡화 > 여성패션 > 속옷/잠옷 > 브래지어 > 홑겹/노패드 브라
STD_011436,섹시 언더웨어(19),STD_011406,4,패션의류잡화 > 여성패션 > 속옷/잠옷 > 섹시 언더웨어(19)
STD_011435,섹시 브라팬티세트(19),STD_011436,5,패션의류잡화 > 여성패션 > 속옷/잠옷 > 섹시 언더웨어(19) > 섹시 브라팬티세트(19)
STD_011437,섹시 브래지어(19),STD_011436,5,패션의류잡화 > 여성패션 > 속옷/잠옷 > 섹시 언더웨어(19) > 섹시 브래지어(19)
STD_011438,여성 섹시 가터벨트(19),STD_011436,5,패션의류잡화 > 여성패션 > 속옷/잠옷 > 섹시 언더웨어(19) > 여성 섹시 가터벨트(19)
STD_011439,여성 섹시 속옷 부속품(19),STD_011436,5,패션의류잡화 > 여성패션 > 속옷/잠옷 > 섹시 언더웨어(19) > 여성 섹시 속옷 부속품(19)
STD_011440,여성 섹시 슬립(19),STD_011436,5,패션의류잡화 > 여성패션 > 속옷/잠옷 > 섹시 언더웨어(19) > 여성 섹시 슬립(19)
STD_011441,여성 섹시 팬티(19),STD_011436,5,패션의류잡화 > 여성패션 > 속옷/잠옷 > 섹시 언더웨어(19) > 여성 섹시 팬티(19)
STD_011443,속옷 부속품,STD_011406,4,패션의류잡화 > 여성패션 > 속옷/잠옷 > 속옷 부속품
STD_011442,브라끈,STD_011443,5,패션의류잡화 > 여성패션 > 속옷/잠옷 > 속옷 부속품 > 브라끈
STD_011444,브라패드/뽕패드,STD_011443,5,패션의류잡화 > 여성패션 > 속옷/잠옷 > 속옷 부속품 > 브라패드/뽕패드
STD_011445,여성 니플커버 외 기타 소품,STD_011443,5,패션의류잡화 > 여성패션 > 속옷/잠옷 > 속옷 부속품 > 여성 니플커버 외 기타 소품
STD_011447,속치마/속바지,STD_011406,4,패션의류잡화 > 여성패션 > 속옷/잠옷 > 속치마/속바지
STD_011446,여성 속바지,STD_011447,5,패션의류잡화 > 여성패션 > 속옷/잠옷 > 속치마/속바지 > 여성 속바지
STD_011448,여성 속치마,STD_011447,5,패션의류잡화 > 여성패션 > 속옷/잠옷 > 속치마/속바지 > 여성 속치마
STD_011450,슬립 외 란제리,STD_011406,4,패션의류잡화 > 여성패션 > 속옷/잠옷 > 슬립 외 란제리
STD_011449,여성 가터벨트,STD_011450,5,패션의류잡화 > 여성패션 > 속옷/잠옷 > 슬립 외 란제리 > 여성 가터벨트
STD_011451,여성 슬립,STD_011450,5,패션의류잡화 > 여성패션 > 속옷/잠옷 > 슬립 외 란제리 > 여성 슬립
STD_011452,여성 캐미솔,STD_011450,5,패션의류잡화 > 여성패션 > 속옷/잠옷 > 슬립 외 란제리 > 여성 캐미솔
STD_011453,여성 런닝,STD_011406,4,패션의류잡화 > 여성패션 > 속옷/잠옷 > 여성 런닝
STD_011454,여성 목욕가운,STD_011406,4,패션의류잡화 > 여성패션 > 속옷/잠옷 > 여성 목욕가운
STD_011457,임산부속옷/잠옷,STD_011406,4,패션의류잡화 > 여성패션 > 속옷/잠옷 > 임산부속옷/잠옷
STD_011456,임산부내복,STD_011457,5,패션의류잡화 > 여성패션 > 속옷/잠옷 > 임산부속옷/잠옷 > 임산부내복
STD_011455,임산부 내복 상의,STD_011456,6,패션의류잡화 > 여성패션 > 속옷/잠옷 > 임산부속옷/잠옷 > 임산부내복 > 임산부 내복 상의
STD_011458,임산부 내복 세트,STD_011456,6,패션의류잡화 > 여성패션 > 속옷/잠옷 > 임산부속옷/잠옷 > 임산부내복 > 임산부 내복 세트
STD_011459,임산부 내복 하의,STD_011456,6,패션의류잡화 > 여성패션 > 속옷/잠옷 > 임산부속옷/잠옷 > 임산부내복 > 임산부 내복 하의
STD_011460,임산부 배가리개,STD_011456,6,패션의류잡화 > 여성패션 > 속옷/잠옷 > 임산부속옷/잠옷 > 임산부내복 > 임산부 배가리개
STD_011462,임산부속옷,STD_011457,5,패션의류잡화 > 여성패션 > 속옷/잠옷 > 임산부속옷/잠옷 > 임산부속옷
STD_011461,산전/산후보정거들,STD_011462,6,패션의류잡화 > 여성패션 > 속옷/잠옷 > 임산부속옷/잠옷 > 임산부속옷 > 산전/산후보정거들
STD_011463,산전/산후보정브라,STD_011462,6,패션의류잡화 > 여성패션 > 속옷/잠옷 > 임산부속옷/잠옷 > 임산부속옷 > 산전/산후보정브라
STD_011464,산후 팬티,STD_011462,6,패션의류잡화 > 여성패션 > 속옷/잠옷 > 임산부속옷/잠옷 > 임산부속옷 > 산후 팬티
STD_011465,수유브라,STD_011462,6,패션의류잡화 > 여성패션 > 속옷/잠옷 > 임산부속옷/잠옷 > 임산부속옷 > 수유브라
STD_011466,임산부 런닝(캐미솔),STD_011462,6,패션의류잡화 > 여성패션 > 속옷/잠옷 > 임산부속옷/잠옷 > 임산부속옷 > 임산부 런닝(캐미솔)
STD_011467,임산부 브라,STD_011462,6,패션의류잡화 > 여성패션 > 속옷/잠옷 > 임산부속옷/잠옷 > 임산부속옷 > 임산부 브라
STD_011468,임산부 브라탑,STD_011462,6,패션의류잡화 > 여성패션 > 속옷/잠옷 > 임산부속옷/잠옷 > 임산부속옷 > 임산부 브라탑
STD_011469,임산부 속치마/속바지,STD_011462,6,패션의류잡화 > 여성패션 > 속옷/잠옷 > 임산부속옷/잠옷 > 임산부속옷 > 임산부 속치마/속바지
STD_011470,임산부 팬티,STD_011462,6,패션의류잡화 > 여성패션 > 속옷/잠옷 > 임산부속옷/잠옷 > 임산부속옷 > 임산부 팬티
STD_011472,임산부잠옷,STD_011457,5,패션의류잡화 > 여성패션 > 속옷/잠옷 > 임산부속옷/잠옷 > 임산부잠옷
STD_011471,임산부 수면 바지,STD_011472,6,패션의류잡화 > 여성패션 > 속옷/잠옷 > 임산부속옷/잠옷 > 임산부잠옷 > 임산부 수면 바지
STD_011473,임산부 원피스 잠옷,STD_011472,6,패션의류잡화 > 여성패션 > 속옷/잠옷 > 임산부속옷/잠옷 > 임산부잠옷 > 임산부 원피스 잠옷
STD_011474,임산부 잠옷 상의,STD_011472,6,패션의류잡화 > 여성패션 > 속옷/잠옷 > 임산부속옷/잠옷 > 임산부잠옷 > 임산부 잠옷 상의
STD_011475,임산부 잠옷 상하 세트,STD_011472,6,패션의류잡화 > 여성패션 > 속옷/잠옷 > 임산부속옷/잠옷 > 임산부잠옷 > 임산부 잠옷 상하 세트
STD_011477,잠옷,STD_011406,4,패션의류잡화 > 여성패션 > 속옷/잠옷 > 잠옷
STD_011476,여성 상의,STD_011477,5,패션의류잡화 > 여성패션 > 속옷/잠옷 > 잠옷 > 여성 상의
STD_011478,여성 상하의 세트,STD_011477,5,패션의류잡화 > 여성패션 > 속옷/잠옷 > 잠옷 > 여성 상하의 세트
STD_011479,여성 원피스형,STD_011477,5,패션의류잡화 > 여성패션 > 속옷/잠옷 > 잠옷 > 여성 원피스형
STD_011480,여성 하의,STD_011477,5,패션의류잡화 > 여성패션 > 속옷/잠옷 > 잠옷 > 여성 하의
STD_011482,팬티,STD_011406,4,패션의류잡화 > 여성패션 > 속옷/잠옷 > 팬티
STD_011481,여성 T팬티,STD_011482,5,패션의류잡화 > 여성패션 > 속옷/잠옷 > 팬티 > 여성 T팬티
STD_011483,여성 사각팬티,STD_011482,5,패션의류잡화 > 여성패션 > 속옷/잠옷 > 팬티 > 여성 사각팬티
STD_011484,여성 삼각팬티,STD_011482,5,패션의류잡화 > 여성패션 > 속옷/잠옷 > 팬티 > 여성 삼각팬티
STD_011485,여성 스포츠 팬티,STD_011482,5,패션의류잡화 > 여성패션 > 속옷/잠옷 > 팬티 > 여성 스포츠 팬티
STD_011486,여성 요일팬티/팬티세트,STD_011482,5,패션의류잡화 > 여성패션 > 속옷/잠옷 > 팬티 > 여성 요일팬티/팬티세트
STD_011487,위생/생리팬티,STD_011482,5,패션의류잡화 > 여성패션 > 속옷/잠옷 > 팬티 > 위생/생리팬티
STD_011489,수영복,STD_011336,3,패션의류잡화 > 여성패션 > 수영복
STD_011488,여성 비키니 상의,STD_011489,4,패션의류잡화 > 여성패션 > 수영복 > 여성 비키니 상의
STD_011490,여성 비키니 수영복,STD_011489,4,패션의류잡화 > 여성패션 > 수영복 > 여성 비키니 수영복
STD_011491,여성 비키니 하의,STD_011489,4,패션의류잡화 > 여성패션 > 수영복 > 여성 비키니 하의
STD_011492,여성 쓰리피스 외 수영복 세트,STD_011489,4,패션의류잡화 > 여성패션 > 수영복 > 여성 쓰리피스 외 수영복 세트
STD_011493,여성 패션 원피스 수영복,STD_011489,4,패션의류잡화 > 여성패션 > 수영복 > 여성 패션 원피스 수영복
STD_011495,여성시계,STD_011336,3,패션의류잡화 > 여성패션 > 여성시계
STD_011494,여성가죽시계,STD_011495,4,패션의류잡화 > 여성패션 > 여성시계 > 여성가죽시계
STD_011496,여성메탈시계,STD_011495,4,패션의류잡화 > 여성패션 > 여성시계 > 여성메탈시계
STD_011497,여성세라믹 시계,STD_011495,4,패션의류잡화 > 여성패션 > 여성시계 > 여성세라믹 시계
STD_011498,여성스포츠시계,STD_011495,4,패션의류잡화 > 여성패션 > 여성시계 > 여성스포츠시계
STD_011499,여성젤리/우레탄시계,STD_011495,4,패션의류잡화 > 여성패션 > 여성시계 > 여성젤리/우레탄시계
STD_011500,여성팔찌형시계,STD_011495,4,패션의류잡화 > 여성패션 > 여성시계 > 여성팔찌형시계
STD_011501,여성패브릭시계,STD_011495,4,패션의류잡화 > 여성패션 > 여성시계 > 여성패브릭시계
STD_011504,여성의류,STD_011336,3,패션의류잡화 > 여성패션 > 여성의류
STD_011503,가디건,STD_011504,4,패션의류잡화 > 여성패션 > 여성의류 > 가디건
STD_011502,여성 기본(허리길이)가디건,STD_011503,5,패션의류잡화 > 여성패션 > 여성의류 > 가디건 > 여성 기본(허리길이)가디건
STD_011505,여성 롱 가디건,STD_011503,5,패션의류잡화 > 여성패션 > 여성의류 > 가디건 > 여성 롱 가디건
STD_011506,여성 숏가디건(볼레로),STD_011503,5,패션의류잡화 > 여성패션 > 여성의류 > 가디건 > 여성 숏가디건(볼레로)
STD_011508,골프의류,STD_011504,4,패션의류잡화 > 여성패션 > 여성의류 > 골프의류
STD_011507,여성 골프 니트/가디건,STD_011508,5,패션의류잡화 > 여성패션 > 여성의류 > 골프의류 > 여성 골프 니트/가디건
STD_011509,여성 골프 바람막이/재킷,STD_011508,5,패션의류잡화 > 여성패션 > 여성의류 > 골프의류 > 여성 골프 바람막이/재킷
STD_011510,여성 골프 바지,STD_011508,5,패션의류잡화 > 여성패션 > 여성의류 > 골프의류 > 여성 골프 바지
STD_011511,여성 골프 셔츠,STD_011508,5,패션의류잡화 > 여성패션 > 여성의류 > 골프의류 > 여성 골프 셔츠
STD_011512,여성 골프 스커트,STD_011508,5,패션의류잡화 > 여성패션 > 여성의류 > 골프의류 > 여성 골프 스커트
STD_011513,여성 골프 원피스,STD_011508,5,패션의류잡화 > 여성패션 > 여성의류 > 골프의류 > 여성 골프 원피스
STD_011514,여성 골프 조끼,STD_011508,5,패션의류잡화 > 여성패션 > 여성의류 > 골프의류 > 여성 골프 조끼
STD_011515,여성 골프 티셔츠,STD_011508,5,패션의류잡화 > 여성패션 > 여성의류 > 골프의류 > 여성 골프 티셔츠
STD_011516,여성 골프 패딩/다운패딩,STD_011508,5,패션의류잡화 > 여성패션 > 여성의류 > 골프의류 > 여성 골프 패딩/다운패딩
STD_011519,등산/아웃도어 의류,STD_011504,4,패션의류잡화 > 여성패션 > 여성의류 > 등산/아웃도어 의류
STD_011518,등산/아웃도어 티셔츠,STD_011519,5,패션의류잡화 > 여성패션 > 여성의류 > 등산/아웃도어 의류 > 등산/아웃도어 티셔츠
STD_011517,여성 등산/아웃도어 트랙탑/집업,STD_011518,6,패션의류잡화 > 여성패션 > 여성의류 > 등산/아웃도어 의류 > 등산/아웃도어 티셔츠 > 여성 등산/아웃도어 트랙탑/집업
STD_011520,여성 등산/아웃도어 티셔츠,STD_011518,6,패션의류잡화 > 여성패션 > 여성의류 > 등산/아웃도어 의류 > 등산/아웃도어 티셔츠 > 여성 등산/아웃도어 티셔츠
STD_011521,여성 등산/아웃도어 니트/스웨터,STD_011519,5,패션의류잡화 > 여성패션 > 여성의류 > 등산/아웃도어 의류 > 여성 등산/아웃도어 니트/스웨터
STD_011522,여성 등산/아웃도어 바람막이/방수자켓,STD_011519,5,패션의류잡화 > 여성패션 > 여성의류 > 등산/아웃도어 의류 > 여성 등산/아웃도어 바람막이/방수자켓
STD_011523,여성 등산/아웃도어 바지,STD_011519,5,패션의류잡화 > 여성패션 > 여성의류 > 등산/아웃도어 의류 > 여성 등산/아웃도어 바지
STD_011524,여성 등산/아웃도어 셔츠,STD_011519,5,패션의류잡화 > 여성패션 > 여성의류 > 등산/아웃도어 의류 > 여성 등산/아웃도어 셔츠
STD_011525,여성 등산/아웃도어 조끼,STD_011519,5,패션의류잡화 > 여성패션 > 여성의류 > 등산/아웃도어 의류 > 여성 등산/아웃도어 조끼
STD_011526,여성 등산/아웃도어 패딩/점퍼,STD_011519,5,패션의류잡화 > 여성패션 > 여성의류 > 등산/아웃도어 의류 > 여성 등산/아웃도어 패딩/점퍼
STD_011527,여성 등산/아웃도어 플리스자켓,STD_011519,5,패션의류잡화 > 여성패션 > 여성의류 > 등산/아웃도어 의류 > 여성 등산/아웃도어 플리스자켓
STD_011529,레깅스/치마레깅스,STD_011504,4,패션의류잡화 > 여성패션 > 여성의류 > 레깅스/치마레깅스
STD_011528,여성 레깅스,STD_011529,5,패션의류잡화 > 여성패션 > 여성의류 > 레깅스/치마레깅스 > 여성 레깅스
STD_011530,여성 치마레깅스,STD_011529,5,패션의류잡화 > 여성패션 > 여성의류 > 레깅스/치마레깅스 > 여성 치마레깅스
STD_011532,바지,STD_011504,4,패션의류잡화 > 여성패션 > 여성의류 > 바지
STD_011531,여성 긴바지,STD_011532,5,패션의류잡화 > 여성패션 > 여성의류 > 바지 > 여성 긴바지
STD_011533,여성 반바지,STD_011532,5,패션의류잡화 > 여성패션 > 여성의류 > 바지 > 여성 반바지
STD_011535,스웨터/니트,STD_011504,4,패션의류잡화 > 여성패션 > 여성의류 > 스웨터/니트
STD_011534,여성 라운드넥,STD_011535,5,패션의류잡화 > 여성패션 > 여성의류 > 스웨터/니트 > 여성 라운드넥
STD_011536,여성 브이넥,STD_011535,5,패션의류잡화 > 여성패션 > 여성의류 > 스웨터/니트 > 여성 브이넥
STD_011537,여성 카라넥,STD_011535,5,패션의류잡화 > 여성패션 > 여성의류 > 스웨터/니트 > 여성 카라넥
STD_011538,여성 터틀넥,STD_011535,5,패션의류잡화 > 여성패션 > 여성의류 > 스웨터/니트 > 여성 터틀넥
STD_011539,여성 후드,STD_011535,5,패션의류잡화 > 여성패션 > 여성의류 > 스웨터/니트 > 여성 후드
STD_011541,스커트,STD_011504,4,패션의류잡화 > 여성패션 > 여성의류 > 스커트
STD_011540,여성 롱(발목길이)스커트,STD_011541,5,패션의류잡화 > 여성패션 > 여성의류 > 스커트 > 여성 롱(발목길이)스커트
STD_011542,여성 미니스커트,STD_011541,5,패션의류잡화 > 여성패션 > 여성의류 > 스커트 > 여성 미니스커트
STD_011543,여성 미디(무릎길이) 스커트,STD_011541,5,패션의류잡화 > 여성패션 > 여성의류 > 스커트 > 여성 미디(무릎길이) 스커트
STD_011544,여성 치마바지,STD_011541,5,패션의류잡화 > 여성패션 > 여성의류 > 스커트 > 여성 치마바지
STD_011547,스포츠의류,STD_011504,4,패션의류잡화 > 여성패션 > 여성의류 > 스포츠의류
STD_011546,댄스복,STD_011547,5,패션의류잡화 > 여성패션 > 여성의류 > 스포츠의류 > 댄스복
STD_011545,댄스스포츠스커트,STD_011546,6,패션의류잡화 > 여성패션 > 여성의류 > 스포츠의류 > 댄스복 > 댄스스포츠스커트
STD_011548,댄스스포츠원피스,STD_011546,6,패션의류잡화 > 여성패션 > 여성의류 > 스포츠의류 > 댄스복 > 댄스스포츠원피스
STD_011549,댄스스포츠티셔츠/셔츠,STD_011546,6,패션의류잡화 > 여성패션 > 여성의류 > 스포츠의류 > 댄스복 > 댄스스포츠티셔츠/셔츠
STD_011550,댄스스포츠팬츠,STD_011546,6,패션의류잡화 > 여성패션 > 여성의류 > 스포츠의류 > 댄스복 > 댄스스포츠팬츠
STD_011551,밸리댄스복,STD_011546,6,패션의류잡화 > 여성패션 > 여성의류 > 스포츠의류 > 댄스복 > 밸리댄스복
STD_011552,발레복,STD_011547,5,패션의류잡화 > 여성패션 > 여성의류 > 스포츠의류 > 발레복
STD_011554,스키/보드복,STD_011547,5,패션의류잡화 > 여성패션 > 여성의류 > 스포츠의류 > 스키/보드복
STD_011553,보드복바지,STD_011554,6,패션의류잡화 > 여성패션 > 여성의류 > 스포츠의류 > 스키/보드복 > 보드복바지
STD_011555,보드복상하의세트,STD_011554,6,패션의류잡화 > 여성패션 > 여성의류 > 스포츠의류 > 스키/보드복 > 보드복상하의세트
STD_011556,보드복자켓,STD_011554,6,패션의류잡화 > 여성패션 > 여성의류 > 스포츠의류 > 스키/보드복 > 보드복자켓
STD_011557,스키/보드복바지,STD_011554,6,패션의류잡화 > 여성패션 > 여성의류 > 스포츠의류 > 스키/보드복 > 스키/보드복바지
STD_011558,스키/보드복상의,STD_011554,6,패션의류잡화 > 여성패션 > 여성의류 > 스포츠의류 > 스키/보드복 > 스키/보드복상의
STD_011559,스키/보드복상하의세트,STD_011554,6,패션의류잡화 > 여성패션 > 여성의류 > 스포츠의류 > 스키/보드복 > 스키/보드복상하의세트
STD_011560,스키/보드복자켓,STD_011554,6,패션의류잡화 > 여성패션 > 여성의류 > 스포츠의류 > 스키/보드복 > 스키/보드복자켓
STD_011561,스키복바지,STD_011554,6,패션의류잡화 > 여성패션 > 여성의류 > 스포츠의류 > 스키/보드복 > 스키복바지
STD_011562,스키복상하의세트,STD_011554,6,패션의류잡화 > 여성패션 > 여성의류 > 스포츠의류 > 스키/보드복 > 스키복상하의세트
STD_011563,스키복자켓,STD_011554,6,패션의류잡화 > 여성패션 > 여성의류 > 스포츠의류 > 스키/보드복 > 스키복자켓
STD_011565,스포츠 바지/레깅스,STD_011547,5,패션의류잡화 > 여성패션 > 여성의류 > 스포츠의류 > 스포츠 바지/레깅스
STD_011564,여성 스포츠 레깅스/타이즈,STD_011565,6,패션의류잡화 > 여성패션 > 여성의류 > 스포츠의류 > 스포츠 바지/레깅스 > 여성 스포츠 레깅스/타이즈
STD_011566,여성 스포츠 바지,STD_011565,6,패션의류잡화 > 여성패션 > 여성의류 > 스포츠의류 > 스포츠 바지/레깅스 > 여성 스포츠 바지
STD_011568,스포츠 스커트/원피스,STD_011547,5,패션의류잡화 > 여성패션 > 여성의류 > 스포츠의류 > 스포츠 스커트/원피스
STD_011567,여성 스포츠 스커트,STD_011568,6,패션의류잡화 > 여성패션 > 여성의류 > 스포츠의류 > 스포츠 스커트/원피스 > 여성 스포츠 스커트
STD_011569,여성 스포츠 원피스,STD_011568,6,패션의류잡화 > 여성패션 > 여성의류 > 스포츠의류 > 스포츠 스커트/원피스 > 여성 스포츠 원피스
STD_011571,스포츠 자켓/집업,STD_011547,5,패션의류잡화 > 여성패션 > 여성의류 > 스포츠의류 > 스포츠 자켓/집업
STD_011570,여성 스포츠 바람막이,STD_011571,6,패션의류잡화 > 여성패션 > 여성의류 > 스포츠의류 > 스포츠 자켓/집업 > 여성 스포츠 바람막이
STD_011572,여성 스포츠 자켓/집업류,STD_011571,6,패션의류잡화 > 여성패션 > 여성의류 > 스포츠의류 > 스포츠 자켓/집업 > 여성 스포츠 자켓/집업류
STD_011573,여성 스포츠 조끼,STD_011571,6,패션의류잡화 > 여성패션 > 여성의류 > 스포츠의류 > 스포츠 자켓/집업 > 여성 스포츠 조끼
STD_011574,여성 스포츠 패딩/다운패딩,STD_011571,6,패션의류잡화 > 여성패션 > 여성의류 > 스포츠의류 > 스포츠 자켓/집업 > 여성 스포츠 패딩/다운패딩
STD_011576,스포츠 티셔츠/나시,STD_011547,5,패션의류잡화 > 여성패션 > 여성의류 > 스포츠의류 > 스포츠 티셔츠/나시
STD_011575,여성 스포츠 맨투맨,STD_011576,6,패션의류잡화 > 여성패션 > 여성의류 > 스포츠의류 > 스포츠 티셔츠/나시 > 여성 스포츠 맨투맨
STD_011577,여성 스포츠 민소매/나시/끈탑,STD_011576,6,패션의류잡화 > 여성패션 > 여성의류 > 스포츠의류 > 스포츠 티셔츠/나시 > 여성 스포츠 민소매/나시/끈탑
STD_011578,여성 스포츠 티셔츠,STD_011576,6,패션의류잡화 > 여성패션 > 여성의류 > 스포츠의류 > 스포츠 티셔츠/나시 > 여성 스포츠 티셔츠
STD_011579,여성 스포츠 후드티,STD_011576,6,패션의류잡화 > 여성패션 > 여성의류 > 스포츠의류 > 스포츠 티셔츠/나시 > 여성 스포츠 후드티
STD_011580,에어로빅복,STD_011547,5,패션의류잡화 > 여성패션 > 여성의류 > 스포츠의류 > 에어로빅복
STD_011581,여성 스포츠 니트/스웨터,STD_011547,5,패션의류잡화 > 여성패션 > 여성의류 > 스포츠의류 > 여성 스포츠 니트/스웨터
STD_011582,여성 스포츠 상하의 세트,STD_011547,5,패션의류잡화 > 여성패션 > 여성의류 > 스포츠의류 > 여성 스포츠 상하의 세트
STD_011583,여성 스포츠 셔츠,STD_011547,5,패션의류잡화 > 여성패션 > 여성의류 > 스포츠의류 > 여성 스포츠 셔츠
STD_011585,요가/피트니스웨어,STD_011547,5,패션의류잡화 > 여성패션 > 여성의류 > 스포츠의류 > 요가/피트니스웨어
STD_011584,요가민소매/나시,STD_011585,6,패션의류잡화 > 여성패션 > 여성의류 > 스포츠의류 > 요가/피트니스웨어 > 요가민소매/나시
STD_011586,요가바지,STD_011585,6,패션의류잡화 > 여성패션 > 여성의류 > 스포츠의류 > 요가/피트니스웨어 > 요가바지
STD_011587,요가상하의세트,STD_011585,6,패션의류잡화 > 여성패션 > 여성의류 > 스포츠의류 > 요가/피트니스웨어 > 요가상하의세트
STD_011588,요가집업점퍼,STD_011585,6,패션의류잡화 > 여성패션 > 여성의류 > 스포츠의류 > 요가/피트니스웨어 > 요가집업점퍼
STD_011589,요가타이즈/요가레깅스,STD_011585,6,패션의류잡화 > 여성패션 > 여성의류 > 스포츠의류 > 요가/피트니스웨어 > 요가타이즈/요가레깅스
STD_011590,요가티셔츠,STD_011585,6,패션의류잡화 > 여성패션 > 여성의류 > 스포츠의류 > 요가/피트니스웨어 > 요가티셔츠
STD_011591,여성 맨투맨,STD_011504,4,패션의류잡화 > 여성패션 > 여성의류 > 여성 맨투맨
STD_011592,여성 베스트(조끼),STD_011504,4,패션의류잡화 > 여성패션 > 여성의류 > 여성 베스트(조끼)
STD_011593,여성 블라우스,STD_011504,4,패션의류잡화 > 여성패션 > 여성의류 > 여성 블라우스
STD_011594,여성 셔츠(남방),STD_011504,4,패션의류잡화 > 여성패션 > 여성의류 > 여성 셔츠(남방)
STD_011595,여성 후드집업/집업류,STD_011504,4,패션의류잡화 > 여성패션 > 여성의류 > 여성 후드집업/집업류
STD_011596,여성 후드티,STD_011504,4,패션의류잡화 > 여성패션 > 여성의류 > 여성 후드티
STD_011598,원피스,STD_011504,4,패션의류잡화 > 여성패션 > 여성의류 > 원피스
STD_011597,여성 롱원피스(종아리아래),STD_011598,5,패션의류잡화 > 여성패션 > 여성의류 > 원피스 > 여성 롱원피스(종아리아래)
STD_011599,여성 미니원피스(허벅지위),STD_011598,5,패션의류잡화 > 여성패션 > 여성의류 > 원피스 > 여성 미니원피스(허벅지위)
STD_011600,여성 미디원피스(무릎길이),STD_011598,5,패션의류잡화 > 여성패션 > 여성의류 > 원피스 > 여성 미디원피스(무릎길이)
STD_011601,여성 점프수트,STD_011598,5,패션의류잡화 > 여성패션 > 여성의류 > 원피스 > 여성 점프수트
STD_011604,임산부의류,STD_011504,4,패션의류잡화 > 여성패션 > 여성의류 > 임산부의류
STD_011603,가디건,STD_011604,5,패션의류잡화 > 여성패션 > 여성의류 > 임산부의류 > 가디건
STD_011602,임산부 기본(허리길이)가디건,STD_011603,6,패션의류잡화 > 여성패션 > 여성의류 > 임산부의류 > 가디건 > 임산부 기본(허리길이)가디건
STD_011605,임산부 롱 가디건,STD_011603,6,패션의류잡화 > 여성패션 > 여성의류 > 임산부의류 > 가디건 > 임산부 롱 가디건
STD_011606,임산부 숏가디건(볼레로),STD_011603,6,패션의류잡화 > 여성패션 > 여성의류 > 임산부의류 > 가디건 > 임산부 숏가디건(볼레로)
STD_011608,레깅스/치마레깅스,STD_011604,5,패션의류잡화 > 여성패션 > 여성의류 > 임산부의류 > 레깅스/치마레깅스
STD_011607,임산부 레깅스,STD_011608,6,패션의류잡화 > 여성패션 > 여성의류 > 임산부의류 > 레깅스/치마레깅스 > 임산부 레깅스
STD_011609,임산부 치마레깅스,STD_011608,6,패션의류잡화 > 여성패션 > 여성의류 > 임산부의류 > 레깅스/치마레깅스 > 임산부 치마레깅스
STD_011611,바지,STD_011604,5,패션의류잡화 > 여성패션 > 여성의류 > 임산부의류 > 바지
STD_011610,임산부 긴바지,STD_011611,6,패션의류잡화 > 여성패션 > 여성의류 > 임산부의류 > 바지 > 임산부 긴바지
STD_011612,임산부 반바지,STD_011611,6,패션의류잡화 > 여성패션 > 여성의류 > 임산부의류 > 바지 > 임산부 반바지
STD_011614,비치웨어,STD_011604,5,패션의류잡화 > 여성패션 > 여성의류 > 임산부의류 > 비치웨어
STD_011613,임산부 래쉬가드,STD_011614,6,패션의류잡화 > 여성패션 > 여성의류 > 임산부의류 > 비치웨어 > 임산부 래쉬가드
STD_011615,임산부 수영복,STD_011614,6,패션의류잡화 > 여성패션 > 여성의류 > 임산부의류 > 비치웨어 > 임산부 수영복
STD_011616,임산부 워터레깅스,STD_011614,6,패션의류잡화 > 여성패션 > 여성의류 > 임산부의류 > 비치웨어 > 임산부 워터레깅스
STD_011617,임산부 커버업 외 비치웨어,STD_011614,6,패션의류잡화 > 여성패션 > 여성의류 > 임산부의류 > 비치웨어 > 임산부 커버업 외 비치웨어
STD_011619,수유복,STD_011604,5,패션의류잡화 > 여성패션 > 여성의류 > 임산부의류 > 수유복
STD_011618,수유가리개,STD_011619,6,패션의류잡화 > 여성패션 > 여성의류 > 임산부의류 > 수유복 > 수유가리개
STD_011620,수유셔츠,STD_011619,6,패션의류잡화 > 여성패션 > 여성의류 > 임산부의류 > 수유복 > 수유셔츠
STD_011621,수유원피스,STD_011619,6,패션의류잡화 > 여성패션 > 여성의류 > 임산부의류 > 수유복 > 수유원피스
STD_011622,수유티셔츠,STD_011619,6,패션의류잡화 > 여성패션 > 여성의류 > 임산부의류 > 수유복 > 수유티셔츠
STD_011624,스웨터/니트,STD_011604,5,패션의류잡화 > 여성패션 > 여성의류 > 임산부의류 > 스웨터/니트
STD_011623,임산부 라운드넥,STD_011624,6,패션의류잡화 > 여성패션 > 여성의류 > 임산부의류 > 스웨터/니트 > 임산부 라운드넥
STD_011625,임산부 브이넥,STD_011624,6,패션의류잡화 > 여성패션 > 여성의류 > 임산부의류 > 스웨터/니트 > 임산부 브이넥
STD_011626,임산부 카라넥,STD_011624,6,패션의류잡화 > 여성패션 > 여성의류 > 임산부의류 > 스웨터/니트 > 임산부 카라넥
STD_011627,임산부 터틀넥,STD_011624,6,패션의류잡화 > 여성패션 > 여성의류 > 임산부의류 > 스웨터/니트 > 임산부 터틀넥
STD_011628,임산부 후드,STD_011624,6,패션의류잡화 > 여성패션 > 여성의류 > 임산부의류 > 스웨터/니트 > 임산부 후드
STD_011630,스커트,STD_011604,5,패션의류잡화 > 여성패션 > 여성의류 > 임산부의류 > 스커트
STD_011629,임산부 롱(발목길이)스커트,STD_011630,6,패션의류잡화 > 여성패션 > 여성의류 > 임산부의류 > 스커트 > 임산부 롱(발목길이)스커트
STD_011631,임산부 미니스커트,STD_011630,6,패션의류잡화 > 여성패션 > 여성의류 > 임산부의류 > 스커트 > 임산부 미니스커트
STD_011632,임산부 미디(무릎길이) 스커트,STD_011630,6,패션의류잡화 > 여성패션 > 여성의류 > 임산부의류 > 스커트 > 임산부 미디(무릎길이) 스커트
STD_011634,아우터,STD_011604,5,패션의류잡화 > 여성패션 > 여성의류 > 임산부의류 > 아우터
STD_011633,임산부 겨울 코트,STD_011634,6,패션의류잡화 > 여성패션 > 여성의류 > 임산부의류 > 아우터 > 임산부 겨울 코트
STD_011635,임산부 봄가을 코트/트렌치,STD_011634,6,패션의류잡화 > 여성패션 > 여성의류 > 임산부의류 > 아우터 > 임산부 봄가을 코트/트렌치
STD_011636,임산부 야상/사파리,STD_011634,6,패션의류잡화 > 여성패션 > 여성의류 > 임산부의류 > 아우터 > 임산부 야상/사파리
STD_011637,임산부 점퍼/블루종,STD_011634,6,패션의류잡화 > 여성패션 > 여성의류 > 임산부의류 > 아우터 > 임산부 점퍼/블루종
STD_011638,임산부 정장재킷,STD_011634,6,패션의류잡화 > 여성패션 > 여성의류 > 임산부의류 > 아우터 > 임산부 정장재킷
STD_011639,임산부 캐주얼재킷,STD_011634,6,패션의류잡화 > 여성패션 > 여성의류 > 임산부의류 > 아우터 > 임산부 캐주얼재킷
STD_011640,임산부 패딩/다운패딩점퍼,STD_011634,6,패션의류잡화 > 여성패션 > 여성의류 > 임산부의류 > 아우터 > 임산부 패딩/다운패딩점퍼
STD_011641,임산부 패딩/다운패딩조끼,STD_011634,6,패션의류잡화 > 여성패션 > 여성의류 > 임산부의류 > 아우터 > 임산부 패딩/다운패딩조끼
STD_011643,원피스/점프수트,STD_011604,5,패션의류잡화 > 여성패션 > 여성의류 > 임산부의류 > 원피스/점프수트
STD_011642,임산부 원피스,STD_011643,6,패션의류잡화 > 여성패션 > 여성의류 > 임산부의류 > 원피스/점프수트 > 임산부 원피스
STD_011644,임산부 점프수트,STD_011643,6,패션의류잡화 > 여성패션 > 여성의류 > 임산부의류 > 원피스/점프수트 > 임산부 점프수트
STD_011645,임산부 베스트(조끼),STD_011604,5,패션의류잡화 > 여성패션 > 여성의류 > 임산부의류 > 임산부 베스트(조끼)
STD_011647,정장/세트류,STD_011604,5,패션의류잡화 > 여성패션 > 여성의류 > 임산부의류 > 정장/세트류
STD_011646,임산부 바지 정장 세트,STD_011647,6,패션의류잡화 > 여성패션 > 여성의류 > 임산부의류 > 정장/세트류 > 임산부 바지 정장 세트
STD_011648,임산부 스커트 정장 세트,STD_011647,6,패션의류잡화 > 여성패션 > 여성의류 > 임산부의류 > 정장/세트류 > 임산부 스커트 정장 세트
STD_011649,임산부 원피스 세트,STD_011647,6,패션의류잡화 > 여성패션 > 여성의류 > 임산부의류 > 정장/세트류 > 임산부 원피스 세트
STD_011650,임산부 캐주얼 세트,STD_011647,6,패션의류잡화 > 여성패션 > 여성의류 > 임산부의류 > 정장/세트류 > 임산부 캐주얼 세트
STD_011652,청바지,STD_011604,5,패션의류잡화 > 여성패션 > 여성의류 > 임산부의류 > 청바지
STD_011651,임산부 긴바지,STD_011652,6,패션의류잡화 > 여성패션 > 여성의류 > 임산부의류 > 청바지 > 임산부 긴바지
STD_011653,임산부 반바지,STD_011652,6,패션의류잡화 > 여성패션 > 여성의류 > 임산부의류 > 청바지 > 임산부 반바지
STD_011655,트레이닝복,STD_011604,5,패션의류잡화 > 여성패션 > 여성의류 > 임산부의류 > 트레이닝복
STD_011654,임산부 트레이닝복 상의,STD_011655,6,패션의류잡화 > 여성패션 > 여성의류 > 임산부의류 > 트레이닝복 > 임산부 트레이닝복 상의
STD_011656,임산부 트레이닝복 상하 세트,STD_011655,6,패션의류잡화 > 여성패션 > 여성의류 > 임산부의류 > 트레이닝복 > 임산부 트레이닝복 상하 세트
STD_011657,임산부 트레이닝복 하의,STD_011655,6,패션의류잡화 > 여성패션 > 여성의류 > 임산부의류 > 트레이닝복 > 임산부 트레이닝복 하의
STD_011659,티셔츠,STD_011604,5,패션의류잡화 > 여성패션 > 여성의류 > 임산부의류 > 티셔츠
STD_011658,임산부 긴소매,STD_011659,6,패션의류잡화 > 여성패션 > 여성의류 > 임산부의류 > 티셔츠 > 임산부 긴소매
STD_011660,임산부 맨투맨,STD_011659,6,패션의류잡화 > 여성패션 > 여성의류 > 임산부의류 > 티셔츠 > 임산부 맨투맨
STD_011661,임산부 민소매/나시,STD_011659,6,패션의류잡화 > 여성패션 > 여성의류 > 임산부의류 > 티셔츠 > 임산부 민소매/나시
STD_011662,임산부 반소매,STD_011659,6,패션의류잡화 > 여성패션 > 여성의류 > 임산부의류 > 티셔츠 > 임산부 반소매
STD_011663,임산부 블라우스,STD_011659,6,패션의류잡화 > 여성패션 > 여성의류 > 임산부의류 > 티셔츠 > 임산부 블라우스
STD_011664,임산부 셔츠,STD_011659,6,패션의류잡화 > 여성패션 > 여성의류 > 임산부의류 > 티셔츠 > 임산부 셔츠
STD_011665,임산부 후드집업/집업류,STD_011659,6,패션의류잡화 > 여성패션 > 여성의류 > 임산부의류 > 티셔츠 > 임산부 후드집업/집업류
STD_011666,임산부 후드티,STD_011659,6,패션의류잡화 > 여성패션 > 여성의류 > 임산부의류 > 티셔츠 > 임산부 후드티
STD_011668,재킷,STD_011504,4,패션의류잡화 > 여성패션 > 여성의류 > 재킷
STD_011667,여성 정장재킷,STD_011668,5,패션의류잡화 > 여성패션 > 여성의류 > 재킷 > 여성 정장재킷
STD_011669,여성 캐주얼재킷,STD_011668,5,패션의류잡화 > 여성패션 > 여성의류 > 재킷 > 여성 캐주얼재킷
STD_011671,점퍼,STD_011504,4,패션의류잡화 > 여성패션 > 여성의류 > 점퍼
STD_011670,여성 기타점퍼,STD_011671,5,패션의류잡화 > 여성패션 > 여성의류 > 점퍼 > 여성 기타점퍼
STD_011672,여성 바람막이 점퍼,STD_011671,5,패션의류잡화 > 여성패션 > 여성의류 > 점퍼 > 여성 바람막이 점퍼
STD_011673,여성 야구점퍼/스타디움,STD_011671,5,패션의류잡화 > 여성패션 > 여성의류 > 점퍼 > 여성 야구점퍼/스타디움
STD_011674,여성 야상/사파리,STD_011671,5,패션의류잡화 > 여성패션 > 여성의류 > 점퍼 > 여성 야상/사파리
STD_011675,여성 패딩/다운패딩점퍼,STD_011671,5,패션의류잡화 > 여성패션 > 여성의류 > 점퍼 > 여성 패딩/다운패딩점퍼
STD_011676,여성 패딩/다운패딩조끼,STD_011671,5,패션의류잡화 > 여성패션 > 여성의류 > 점퍼 > 여성 패딩/다운패딩조끼
STD_011677,여성 항공점퍼/블루종,STD_011671,5,패션의류잡화 > 여성패션 > 여성의류 > 점퍼 > 여성 항공점퍼/블루종
STD_011679,정장/세트류,STD_011504,4,패션의류잡화 > 여성패션 > 여성의류 > 정장/세트류
STD_011678,여성 바지 정장 세트,STD_011679,5,패션의류잡화 > 여성패션 > 여성의류 > 정장/세트류 > 여성 바지 정장 세트
STD_011680,여성 스커트 정장 세트,STD_011679,5,패션의류잡화 > 여성패션 > 여성의류 > 정장/세트류 > 여성 스커트 정장 세트
STD_011681,여성 원피스 세트,STD_011679,5,패션의류잡화 > 여성패션 > 여성의류 > 정장/세트류 > 여성 원피스 세트
STD_011682,여성 캐주얼 세트,STD_011679,5,패션의류잡화 > 여성패션 > 여성의류 > 정장/세트류 > 여성 캐주얼 세트
STD_011684,청바지,STD_011504,4,패션의류잡화 > 여성패션 > 여성의류 > 청바지
STD_011683,여성 긴바지,STD_011684,5,패션의류잡화 > 여성패션 > 여성의류 > 청바지 > 여성 긴바지
STD_011685,여성 반바지,STD_011684,5,패션의류잡화 > 여성패션 > 여성의류 > 청바지 > 여성 반바지
STD_011687,코트,STD_011504,4,패션의류잡화 > 여성패션 > 여성의류 > 코트
STD_011686,여성 겨울 코트,STD_011687,5,패션의류잡화 > 여성패션 > 여성의류 > 코트 > 여성 겨울 코트
STD_011688,여성 봄가을 코트/트렌치,STD_011687,5,패션의류잡화 > 여성패션 > 여성의류 > 코트 > 여성 봄가을 코트/트렌치
STD_011690,티셔츠,STD_011504,4,패션의류잡화 > 여성패션 > 여성의류 > 티셔츠
STD_011689,여성 긴소매,STD_011690,5,패션의류잡화 > 여성패션 > 여성의류 > 티셔츠 > 여성 긴소매
STD_011691,여성 민소매/나시,STD_011690,5,패션의류잡화 > 여성패션 > 여성의류 > 티셔츠 > 여성 민소매/나시
STD_011692,여성 반소매,STD_011690,5,패션의류잡화 > 여성패션 > 여성의류 > 티셔츠 > 여성 반소매
STD_011694,패션 트레이닝복,STD_011504,4,패션의류잡화 > 여성패션 > 여성의류 > 패션 트레이닝복
STD_011693,여성 상의,STD_011694,5,패션의류잡화 > 여성패션 > 여성의류 > 패션 트레이닝복 > 여성 상의
STD_011695,여성 상하의 세트,STD_011694,5,패션의류잡화 > 여성패션 > 여성의류 > 패션 트레이닝복 > 여성 상하의 세트
STD_011696,여성 하의,STD_011694,5,패션의류잡화 > 여성패션 > 여성의류 > 패션 트레이닝복 > 여성 하의
STD_011699,여성잡화,STD_011336,3,패션의류잡화 > 여성패션 > 여성잡화
STD_011698,가방,STD_011699,4,패션의류잡화 > 여성패션 > 여성잡화 > 가방
STD_011697,여성가방액세서리,STD_011698,5,패션의류잡화 > 여성패션 > 여성잡화 > 가방 > 여성가방액세서리
STD_011700,여성기타캐주얼가방,STD_011698,5,패션의류잡화 > 여성패션 > 여성잡화 > 가방 > 여성기타캐주얼가방
STD_011702,여성미니백,STD_011698,5,패션의류잡화 > 여성패션 > 여성잡화 > 가방 > 여성미니백
STD_011701,여성 숄더백,STD_011702,6,패션의류잡화 > 여성패션 > 여성잡화 > 가방 > 여성미니백 > 여성 숄더백
STD_011703,여성 크로스백,STD_011702,6,패션의류잡화 > 여성패션 > 여성잡화 > 가방 > 여성미니백 > 여성 크로스백
STD_011704,여성 토트백,STD_011702,6,패션의류잡화 > 여성패션 > 여성잡화 > 가방 > 여성미니백 > 여성 토트백
STD_011705,여성백팩,STD_011698,5,패션의류잡화 > 여성패션 > 여성잡화 > 가방 > 여성백팩
STD_011706,여성비치백/왕골가방,STD_011698,5,패션의류잡화 > 여성패션 > 여성잡화 > 가방 > 여성비치백/왕골가방
STD_011707,여성쇼퍼백,STD_011698,5,패션의류잡화 > 여성패션 > 여성잡화 > 가방 > 여성쇼퍼백
STD_011708,여성숄더백,STD_011698,5,패션의류잡화 > 여성패션 > 여성잡화 > 가방 > 여성숄더백
STD_011709,여성이너백,STD_011698,5,패션의류잡화 > 여성패션 > 여성잡화 > 가방 > 여성이너백
STD_011710,여성캔버스/에코백,STD_011698,5,패션의류잡화 > 여성패션 > 여성잡화 > 가방 > 여성캔버스/에코백
STD_011711,여성크로스백,STD_011698,5,패션의류잡화 > 여성패션 > 여성잡화 > 가방 > 여성크로스백
STD_011712,여성클러치,STD_011698,5,패션의류잡화 > 여성패션 > 여성잡화 > 가방 > 여성클러치
STD_011713,여성토트백,STD_011698,5,패션의류잡화 > 여성패션 > 여성잡화 > 가방 > 여성토트백
STD_011714,여성파우치,STD_011698,5,패션의류잡화 > 여성패션 > 여성잡화 > 가방 > 여성파우치
STD_011716,기타시즌잡화,STD_011699,4,패션의류잡화 > 여성패션 > 여성잡화 > 기타시즌잡화
STD_011715,여성 기타잡화,STD_011716,5,패션의류잡화 > 여성패션 > 여성잡화 > 기타시즌잡화 > 여성 기타잡화
STD_011717,여성 셔츠카라/페이크폴라,STD_011716,5,패션의류잡화 > 여성패션 > 여성잡화 > 기타시즌잡화 > 여성 셔츠카라/페이크폴라
STD_011718,여성 한복액세서리/소품,STD_011716,5,패션의류잡화 > 여성패션 > 여성잡화 > 기타시즌잡화 > 여성 한복액세서리/소품
STD_011720,머플러/스카프/숄,STD_011699,4,패션의류잡화 > 여성패션 > 여성잡화 > 머플러/스카프/숄
STD_011719,여성넥워머,STD_011720,5,패션의류잡화 > 여성패션 > 여성잡화 > 머플러/스카프/숄 > 여성넥워머
STD_011721,여성니트머플러,STD_011720,5,패션의류잡화 > 여성패션 > 여성잡화 > 머플러/스카프/숄 > 여성니트머플러
STD_011722,여성린넨머플러,STD_011720,5,패션의류잡화 > 여성패션 > 여성잡화 > 머플러/스카프/숄 > 여성린넨머플러
STD_011723,여성면(아사)스카프,STD_011720,5,패션의류잡화 > 여성패션 > 여성잡화 > 머플러/스카프/숄 > 여성면(아사)스카프
STD_011724,여성숄/망토,STD_011720,5,패션의류잡화 > 여성패션 > 여성잡화 > 머플러/스카프/숄 > 여성숄/망토
STD_011725,여성실크스카프,STD_011720,5,패션의류잡화 > 여성패션 > 여성잡화 > 머플러/스카프/숄 > 여성실크스카프
STD_011726,여성울(아크릴)머플러,STD_011720,5,패션의류잡화 > 여성패션 > 여성잡화 > 머플러/스카프/숄 > 여성울(아크릴)머플러
STD_011727,여성퍼머플러,STD_011720,5,패션의류잡화 > 여성패션 > 여성잡화 > 머플러/스카프/숄 > 여성퍼머플러
STD_011729,모자,STD_011699,4,패션의류잡화 > 여성패션 > 여성잡화 > 모자
STD_011728,여성귀달이 모자,STD_011729,5,패션의류잡화 > 여성패션 > 여성잡화 > 모자 > 여성귀달이 모자
STD_011730,여성반다나/두건,STD_011729,5,패션의류잡화 > 여성패션 > 여성잡화 > 모자 > 여성반다나/두건
STD_011731,여성벙거지,STD_011729,5,패션의류잡화 > 여성패션 > 여성잡화 > 모자 > 여성벙거지
STD_011732,여성베레모/헌팅캡,STD_011729,5,패션의류잡화 > 여성패션 > 여성잡화 > 모자 > 여성베레모/헌팅캡
STD_011733,여성비니,STD_011729,5,패션의류잡화 > 여성패션 > 여성잡화 > 모자 > 여성비니
STD_011734,여성사파리/챙모자,STD_011729,5,패션의류잡화 > 여성패션 > 여성잡화 > 모자 > 여성사파리/챙모자
STD_011735,여성썬캡,STD_011729,5,패션의류잡화 > 여성패션 > 여성잡화 > 모자 > 여성썬캡
STD_011736,여성야구모자/군모,STD_011729,5,패션의류잡화 > 여성패션 > 여성잡화 > 모자 > 여성야구모자/군모
STD_011737,여성왕골/밀짚모자,STD_011729,5,패션의류잡화 > 여성패션 > 여성잡화 > 모자 > 여성왕골/밀짚모자
STD_011738,여성털/방울모자,STD_011729,5,패션의류잡화 > 여성패션 > 여성잡화 > 모자 > 여성털/방울모자
STD_011739,여성털귀마개,STD_011729,5,패션의류잡화 > 여성패션 > 여성잡화 > 모자 > 여성털귀마개
STD_011740,여성페도라/중절모,STD_011729,5,패션의류잡화 > 여성패션 > 여성잡화 > 모자 > 여성페도라/중절모
STD_011741,여성힙합모자/스냅백,STD_011729,5,패션의류잡화 > 여성패션 > 여성잡화 > 모자 > 여성힙합모자/스냅백
STD_011743,벨트,STD_011699,4,패션의류잡화 > 여성패션 > 여성잡화 > 벨트
STD_011742,여성정장벨트,STD_011743,5,패션의류잡화 > 여성패션 > 여성잡화 > 벨트 > 여성정장벨트
STD_011744,여성캐주얼벨트,STD_011743,5,패션의류잡화 > 여성패션 > 여성잡화 > 벨트 > 여성캐주얼벨트
STD_011746,선글라스,STD_011699,4,패션의류잡화 > 여성패션 > 여성잡화 > 선글라스
STD_011745,여성스포츠선글라스,STD_011746,5,패션의류잡화 > 여성패션 > 여성잡화 > 선글라스 > 여성스포츠선글라스
STD_011747,여성패션선글라스,STD_011746,5,패션의류잡화 > 여성패션 > 여성잡화 > 선글라스 > 여성패션선글라스
STD_011749,스타킹/타이즈,STD_011699,4,패션의류잡화 > 여성패션 > 여성잡화 > 스타킹/타이즈
STD_011748,여성기모스타킹,STD_011749,5,패션의류잡화 > 여성패션 > 여성잡화 > 스타킹/타이즈 > 여성기모스타킹
STD_011750,여성면타이즈,STD_011749,5,패션의류잡화 > 여성패션 > 여성잡화 > 스타킹/타이즈 > 여성면타이즈
STD_011751,여성발목스타킹,STD_011749,5,패션의류잡화 > 여성패션 > 여성잡화 > 스타킹/타이즈 > 여성발목스타킹
STD_011752,여성밴드스타킹(허벅지),STD_011749,5,패션의류잡화 > 여성패션 > 여성잡화 > 스타킹/타이즈 > 여성밴드스타킹(허벅지)
STD_011753,여성압박스타킹,STD_011749,5,패션의류잡화 > 여성패션 > 여성잡화 > 스타킹/타이즈 > 여성압박스타킹
STD_011754,여성판타롱스타킹(무릎 아래),STD_011749,5,패션의류잡화 > 여성패션 > 여성잡화 > 스타킹/타이즈 > 여성판타롱스타킹(무릎 아래)
STD_011755,여성팬티스타킹,STD_011749,5,패션의류잡화 > 여성패션 > 여성잡화 > 스타킹/타이즈 > 여성팬티스타킹
STD_011757,안경테,STD_011699,4,패션의류잡화 > 여성패션 > 여성잡화 > 안경테
STD_011756,여성무테,STD_011757,5,패션의류잡화 > 여성패션 > 여성잡화 > 안경테 > 여성무테
STD_011758,여성반무테,STD_011757,5,패션의류잡화 > 여성패션 > 여성잡화 > 안경테 > 여성반무테
STD_011759,여성뿔테,STD_011757,5,패션의류잡화 > 여성패션 > 여성잡화 > 안경테 > 여성뿔테
STD_011760,여성실테(금속테),STD_011757,5,패션의류잡화 > 여성패션 > 여성잡화 > 안경테 > 여성실테(금속테)
STD_011762,양말,STD_011699,4,패션의류잡화 > 여성패션 > 여성잡화 > 양말
STD_011761,여성덧신,STD_011762,5,패션의류잡화 > 여성패션 > 여성잡화 > 양말 > 여성덧신
STD_011763,여성레그워머,STD_011762,5,패션의류잡화 > 여성패션 > 여성잡화 > 양말 > 여성레그워머
STD_011764,여성무릎양말(니삭스),STD_011762,5,패션의류잡화 > 여성패션 > 여성잡화 > 양말 > 여성무릎양말(니삭스)
STD_011765,여성발가락/향균 양말,STD_011762,5,패션의류잡화 > 여성패션 > 여성잡화 > 양말 > 여성발가락/향균 양말
STD_011766,여성발목양말,STD_011762,5,패션의류잡화 > 여성패션 > 여성잡화 > 양말 > 여성발목양말
STD_011767,여성수면 양말,STD_011762,5,패션의류잡화 > 여성패션 > 여성잡화 > 양말 > 여성수면 양말
STD_011768,여성스니커즈 양말,STD_011762,5,패션의류잡화 > 여성패션 > 여성잡화 > 양말 > 여성스니커즈 양말
STD_011769,여성양말세트,STD_011762,5,패션의류잡화 > 여성패션 > 여성잡화 > 양말 > 여성양말세트
STD_011770,여성허벅지양말(오버니삭스),STD_011762,5,패션의류잡화 > 여성패션 > 여성잡화 > 양말 > 여성허벅지양말(오버니삭스)
STD_011772,양산,STD_011699,4,패션의류잡화 > 여성패션 > 여성잡화 > 양산
STD_011771,여성양산,STD_011772,5,패션의류잡화 > 여성패션 > 여성잡화 > 양산 > 여성양산
STD_011773,여성우양산겸용,STD_011772,5,패션의류잡화 > 여성패션 > 여성잡화 > 양산 > 여성우양산겸용
STD_011774,여성손수건,STD_011699,4,패션의류잡화 > 여성패션 > 여성잡화 > 여성손수건
STD_011775,여성우비,STD_011699,4,패션의류잡화 > 여성패션 > 여성잡화 > 여성우비
STD_011777,우산,STD_011699,4,패션의류잡화 > 여성패션 > 여성잡화 > 우산
STD_011776,여성2단우산,STD_011777,5,패션의류잡화 > 여성패션 > 여성잡화 > 우산 > 여성2단우산
STD_011778,여성3단우산,STD_011777,5,패션의류잡화 > 여성패션 > 여성잡화 > 우산 > 여성3단우산
STD_011779,여성4단우산,STD_011777,5,패션의류잡화 > 여성패션 > 여성잡화 > 우산 > 여성4단우산
STD_011780,여성5단우산,STD_011777,5,패션의류잡화 > 여성패션 > 여성잡화 > 우산 > 여성5단우산
STD_011781,여성장우산,STD_011777,5,패션의류잡화 > 여성패션 > 여성잡화 > 우산 > 여성장우산
STD_011784,임산부속옷/잠옷,STD_011699,4,패션의류잡화 > 여성패션 > 여성잡화 > 임산부속옷/잠옷
STD_011783,임산부속옷,STD_011784,5,패션의류잡화 > 여성패션 > 여성잡화 > 임산부속옷/잠옷 > 임산부속옷
STD_011782,산전후복대,STD_011783,6,패션의류잡화 > 여성패션 > 여성잡화 > 임산부속옷/잠옷 > 임산부속옷 > 산전후복대
STD_011786,임산부잡화,STD_011699,4,패션의류잡화 > 여성패션 > 여성잡화 > 임산부잡화
STD_011785,임산부 손목/무릎보호대,STD_011786,5,패션의류잡화 > 여성패션 > 여성잡화 > 임산부잡화 > 임산부 손목/무릎보호대
STD_011787,임산부 스타킹,STD_011786,5,패션의류잡화 > 여성패션 > 여성잡화 > 임산부잡화 > 임산부 스타킹
STD_011788,임산부 양말,STD_011786,5,패션의류잡화 > 여성패션 > 여성잡화 > 임산부잡화 > 임산부 양말
STD_011790,장갑,STD_011699,4,패션의류잡화 > 여성패션 > 여성잡화 > 장갑
STD_011789,여성가죽장갑,STD_011790,5,패션의류잡화 > 여성패션 > 여성잡화 > 장갑 > 여성가죽장갑
STD_011791,여성니트장갑,STD_011790,5,패션의류잡화 > 여성패션 > 여성잡화 > 장갑 > 여성니트장갑
STD_011792,여성모직장갑,STD_011790,5,패션의류잡화 > 여성패션 > 여성잡화 > 장갑 > 여성모직장갑
STD_011793,여성스웨이드장갑,STD_011790,5,패션의류잡화 > 여성패션 > 여성잡화 > 장갑 > 여성스웨이드장갑
STD_011794,여성암워머,STD_011790,5,패션의류잡화 > 여성패션 > 여성잡화 > 장갑 > 여성암워머
STD_011795,여성패딩/방한장갑,STD_011790,5,패션의류잡화 > 여성패션 > 여성잡화 > 장갑 > 여성패딩/방한장갑
STD_011797,지갑,STD_011699,4,패션의류잡화 > 여성패션 > 여성잡화 > 지갑
STD_011796,여성담배케이스,STD_011797,5,패션의류잡화 > 여성패션 > 여성잡화 > 지갑 > 여성담배케이스
STD_011798,여성동전지갑,STD_011797,5,패션의류잡화 > 여성패션 > 여성잡화 > 지갑 > 여성동전지갑
STD_011799,여성머니클립,STD_011797,5,패션의류잡화 > 여성패션 > 여성잡화 > 지갑 > 여성머니클립
STD_011800,여성반지갑,STD_011797,5,패션의류잡화 > 여성패션 > 여성잡화 > 지갑 > 여성반지갑
STD_011801,여성스마트폰카드지갑,STD_011797,5,패션의류잡화 > 여성패션 > 여성잡화 > 지갑 > 여성스마트폰카드지갑
STD_011802,여성장지갑,STD_011797,5,패션의류잡화 > 여성패션 > 여성잡화 > 지갑 > 여성장지갑
STD_011803,여성중지갑,STD_011797,5,패션의류잡화 > 여성패션 > 여성잡화 > 지갑 > 여성중지갑
STD_011804,여성지갑/벨트 세트,STD_011797,5,패션의류잡화 > 여성패션 > 여성잡화 > 지갑 > 여성지갑/벨트 세트
STD_011805,여성카드/명함지갑,STD_011797,5,패션의류잡화 > 여성패션 > 여성잡화 > 지갑 > 여성카드/명함지갑
STD_011806,여성카드목걸이,STD_011797,5,패션의류잡화 > 여성패션 > 여성잡화 > 지갑 > 여성카드목걸이
STD_011807,여성키지갑/키홀더,STD_011797,5,패션의류잡화 > 여성패션 > 여성잡화 > 지갑 > 여성키지갑/키홀더
STD_011808,여성통장지갑,STD_011797,5,패션의류잡화 > 여성패션 > 여성잡화 > 지갑 > 여성통장지갑
STD_011810,케이스/렌즈소품/기타,STD_011699,4,패션의류잡화 > 여성패션 > 여성잡화 > 케이스/렌즈소품/기타
STD_011809,여성 코받침,STD_011810,5,패션의류잡화 > 여성패션 > 여성잡화 > 케이스/렌즈소품/기타 > 여성 코받침
STD_011811,여성안경줄,STD_011810,5,패션의류잡화 > 여성패션 > 여성잡화 > 케이스/렌즈소품/기타 > 여성안경줄
STD_011812,여성케이스/렌즈소품,STD_011810,5,패션의류잡화 > 여성패션 > 여성잡화 > 케이스/렌즈소품/기타 > 여성케이스/렌즈소품
STD_011814,헤어액세서리,STD_011699,4,패션의류잡화 > 여성패션 > 여성잡화 > 헤어액세서리
STD_011813,여성머리끈,STD_011814,5,패션의류잡화 > 여성패션 > 여성잡화 > 헤어액세서리 > 여성머리끈
STD_011815,여성머리핀,STD_011814,5,패션의류잡화 > 여성패션 > 여성잡화 > 헤어액세서리 > 여성머리핀
STD_011816,여성헤어밴드,STD_011814,5,패션의류잡화 > 여성패션 > 여성잡화 > 헤어액세서리 > 여성헤어밴드
STD_011817,여성헤어집게,STD_011814,5,패션의류잡화 > 여성패션 > 여성잡화 > 헤어액세서리 > 여성헤어집게
STD_011820,여성쥬얼리,STD_011336,3,패션의류잡화 > 여성패션 > 여성쥬얼리
STD_011819,귀걸이,STD_011820,4,패션의류잡화 > 여성패션 > 여성쥬얼리 > 귀걸이
STD_011818,여성골드(화이트/로즈골드) 귀걸이,STD_011819,5,패션의류잡화 > 여성패션 > 여성쥬얼리 > 귀걸이 > 여성골드(화이트/로즈골드) 귀걸이
STD_011821,여성다이아몬드귀걸이,STD_011819,5,패션의류잡화 > 여성패션 > 여성쥬얼리 > 귀걸이 > 여성다이아몬드귀걸이
STD_011822,여성실버귀걸이,STD_011819,5,패션의류잡화 > 여성패션 > 여성쥬얼리 > 귀걸이 > 여성실버귀걸이
STD_011823,여성유색/보석 귀걸이,STD_011819,5,패션의류잡화 > 여성패션 > 여성쥬얼리 > 귀걸이 > 여성유색/보석 귀걸이
STD_011824,여성진주귀걸이,STD_011819,5,패션의류잡화 > 여성패션 > 여성쥬얼리 > 귀걸이 > 여성진주귀걸이
STD_011825,여성패션귀걸이,STD_011819,5,패션의류잡화 > 여성패션 > 여성쥬얼리 > 귀걸이 > 여성패션귀걸이
STD_011826,여성피어싱,STD_011819,5,패션의류잡화 > 여성패션 > 여성쥬얼리 > 귀걸이 > 여성피어싱
STD_011828,목걸이/팬던트,STD_011820,4,패션의류잡화 > 여성패션 > 여성쥬얼리 > 목걸이/팬던트
STD_011827,여성골드(화이트/로즈골드) 목걸이,STD_011828,5,패션의류잡화 > 여성패션 > 여성쥬얼리 > 목걸이/팬던트 > 여성골드(화이트/로즈골드) 목걸이
STD_011829,여성다이아몬드목걸이,STD_011828,5,패션의류잡화 > 여성패션 > 여성쥬얼리 > 목걸이/팬던트 > 여성다이아몬드목걸이
STD_011830,여성실버목걸이,STD_011828,5,패션의류잡화 > 여성패션 > 여성쥬얼리 > 목걸이/팬던트 > 여성실버목걸이
STD_011831,여성유색/보석목걸이,STD_011828,5,패션의류잡화 > 여성패션 > 여성쥬얼리 > 목걸이/팬던트 > 여성유색/보석목걸이
STD_011832,여성진주 목걸이,STD_011828,5,패션의류잡화 > 여성패션 > 여성쥬얼리 > 목걸이/팬던트 > 여성진주 목걸이
STD_011833,여성패션목걸이,STD_011828,5,패션의류잡화 > 여성패션 > 여성쥬얼리 > 목걸이/팬던트 > 여성패션목걸이
STD_011834,여성팬던트(진주/보석/이니셜),STD_011828,5,패션의류잡화 > 여성패션 > 여성쥬얼리 > 목걸이/팬던트 > 여성팬던트(진주/보석/이니셜)
STD_011836,반지,STD_011820,4,패션의류잡화 > 여성패션 > 여성쥬얼리 > 반지
STD_011835,여성골드(화이트/로즈골드) 반지,STD_011836,5,패션의류잡화 > 여성패션 > 여성쥬얼리 > 반지 > 여성골드(화이트/로즈골드) 반지
STD_011837,여성다이아몬드 반지,STD_011836,5,패션의류잡화 > 여성패션 > 여성쥬얼리 > 반지 > 여성다이아몬드 반지
STD_011838,여성실버 반지,STD_011836,5,패션의류잡화 > 여성패션 > 여성쥬얼리 > 반지 > 여성실버 반지
STD_011839,여성유색/보석 반지,STD_011836,5,패션의류잡화 > 여성패션 > 여성쥬얼리 > 반지 > 여성유색/보석 반지
STD_011840,여성진주 반지,STD_011836,5,패션의류잡화 > 여성패션 > 여성쥬얼리 > 반지 > 여성진주 반지
STD_011841,여성패션반지,STD_011836,5,패션의류잡화 > 여성패션 > 여성쥬얼리 > 반지 > 여성패션반지
STD_011843,브로치,STD_011820,4,패션의류잡화 > 여성패션 > 여성쥬얼리 > 브로치
STD_011842,여성보석브로치,STD_011843,5,패션의류잡화 > 여성패션 > 여성쥬얼리 > 브로치 > 여성보석브로치
STD_011844,여성패션브로치,STD_011843,5,패션의류잡화 > 여성패션 > 여성쥬얼리 > 브로치 > 여성패션브로치
STD_011846,예물관,STD_011820,4,패션의류잡화 > 여성패션 > 여성쥬얼리 > 예물관
STD_011845,여성다이아몬드 쥬얼리,STD_011846,5,패션의류잡화 > 여성패션 > 여성쥬얼리 > 예물관 > 여성다이아몬드 쥬얼리
STD_011847,여성유색/보석 쥬얼리,STD_011846,5,패션의류잡화 > 여성패션 > 여성쥬얼리 > 예물관 > 여성유색/보석 쥬얼리
STD_011848,여성진주 쥬얼리,STD_011846,5,패션의류잡화 > 여성패션 > 여성쥬얼리 > 예물관 > 여성진주 쥬얼리
STD_011850,쥬얼리세트,STD_011820,4,패션의류잡화 > 여성패션 > 여성쥬얼리 > 쥬얼리세트
STD_011849,여성골드(화이트/로즈골드) 세트,STD_011850,5,패션의류잡화 > 여성패션 > 여성쥬얼리 > 쥬얼리세트 > 여성골드(화이트/로즈골드) 세트
STD_011851,여성다이아몬드세트,STD_011850,5,패션의류잡화 > 여성패션 > 여성쥬얼리 > 쥬얼리세트 > 여성다이아몬드세트
STD_011852,여성실버세트,STD_011850,5,패션의류잡화 > 여성패션 > 여성쥬얼리 > 쥬얼리세트 > 여성실버세트
STD_011853,여성유색/보석 세트,STD_011850,5,패션의류잡화 > 여성패션 > 여성쥬얼리 > 쥬얼리세트 > 여성유색/보석 세트
STD_011854,여성진주세트,STD_011850,5,패션의류잡화 > 여성패션 > 여성쥬얼리 > 쥬얼리세트 > 여성진주세트
STD_011855,여성패션주얼리세트,STD_011850,5,패션의류잡화 > 여성패션 > 여성쥬얼리 > 쥬얼리세트 > 여성패션주얼리세트
STD_011857,팔찌/발찌,STD_011820,4,패션의류잡화 > 여성패션 > 여성쥬얼리 > 팔찌/발찌
STD_011856,여성골드(화이트/로즈골드) 발찌,STD_011857,5,패션의류잡화 > 여성패션 > 여성쥬얼리 > 팔찌/발찌 > 여성골드(화이트/로즈골드) 발찌
STD_011858,여성골드(화이트/로즈골드) 팔찌,STD_011857,5,패션의류잡화 > 여성패션 > 여성쥬얼리 > 팔찌/발찌 > 여성골드(화이트/로즈골드) 팔찌
STD_011859,여성다이아몬드팔찌,STD_011857,5,패션의류잡화 > 여성패션 > 여성쥬얼리 > 팔찌/발찌 > 여성다이아몬드팔찌
STD_011860,여성실버발찌,STD_011857,5,패션의류잡화 > 여성패션 > 여성쥬얼리 > 팔찌/발찌 > 여성실버발찌
STD_011861,여성실버팔찌,STD_011857,5,패션의류잡화 > 여성패션 > 여성쥬얼리 > 팔찌/발찌 > 여성실버팔찌
STD_011862,여성유색/보석팔찌,STD_011857,5,패션의류잡화 > 여성패션 > 여성쥬얼리 > 팔찌/발찌 > 여성유색/보석팔찌
STD_011863,여성진주팔찌,STD_011857,5,패션의류잡화 > 여성패션 > 여성쥬얼리 > 팔찌/발찌 > 여성진주팔찌
STD_011864,여성패션발찌,STD_011857,5,패션의류잡화 > 여성패션 > 여성쥬얼리 > 팔찌/발찌 > 여성패션발찌
STD_011865,여성패션팔찌,STD_011857,5,패션의류잡화 > 여성패션 > 여성쥬얼리 > 팔찌/발찌 > 여성패션팔찌
STD_011868,여성화,STD_011336,3,패션의류잡화 > 여성패션 > 여성화
STD_011867,기능화,STD_011868,4,패션의류잡화 > 여성패션 > 여성화 > 기능화
STD_011866,여성간호사화/유니폼화,STD_011867,5,패션의류잡화 > 여성패션 > 여성화 > 기능화 > 여성간호사화/유니폼화
STD_011869,여성건강워킹화,STD_011867,5,패션의류잡화 > 여성패션 > 여성화 > 기능화 > 여성건강워킹화
STD_011870,여성고무/작업용장화,STD_011867,5,패션의류잡화 > 여성패션 > 여성화 > 기능화 > 여성고무/작업용장화
STD_011871,여성고무신,STD_011867,5,패션의류잡화 > 여성패션 > 여성화 > 기능화 > 여성고무신
STD_011872,여성안전화/작업화,STD_011867,5,패션의류잡화 > 여성패션 > 여성화 > 기능화 > 여성안전화/작업화
STD_011873,여성컴포트화/효도화,STD_011867,5,패션의류잡화 > 여성패션 > 여성화 > 기능화 > 여성컴포트화/효도화
STD_011874,여성한복신발,STD_011867,5,패션의류잡화 > 여성패션 > 여성화 > 기능화 > 여성한복신발
STD_011876,단화/플랫,STD_011868,4,패션의류잡화 > 여성패션 > 여성화 > 단화/플랫
STD_011875,여성로퍼,STD_011876,5,패션의류잡화 > 여성패션 > 여성화 > 단화/플랫 > 여성로퍼
STD_011877,여성모카신/털단화,STD_011876,5,패션의류잡화 > 여성패션 > 여성화 > 단화/플랫 > 여성모카신/털단화
STD_011878,여성보트화,STD_011876,5,패션의류잡화 > 여성패션 > 여성화 > 단화/플랫 > 여성보트화
STD_011879,여성옥스포드화,STD_011876,5,패션의류잡화 > 여성패션 > 여성화 > 단화/플랫 > 여성옥스포드화
STD_011880,여성플랫슈즈,STD_011876,5,패션의류잡화 > 여성패션 > 여성화 > 단화/플랫 > 여성플랫슈즈
STD_011882,부츠,STD_011868,4,패션의류잡화 > 여성패션 > 여성화 > 부츠
STD_011881,여성레인부츠,STD_011882,5,패션의류잡화 > 여성패션 > 여성화 > 부츠 > 여성레인부츠
STD_011883,여성롱부츠,STD_011882,5,패션의류잡화 > 여성패션 > 여성화 > 부츠 > 여성롱부츠
STD_011884,여성앵클부츠,STD_011882,5,패션의류잡화 > 여성패션 > 여성화 > 부츠 > 여성앵클부츠
STD_011885,여성첼시부츠,STD_011882,5,패션의류잡화 > 여성패션 > 여성화 > 부츠 > 여성첼시부츠
STD_011886,여성털부츠,STD_011882,5,패션의류잡화 > 여성패션 > 여성화 > 부츠 > 여성털부츠
STD_011887,여성패딩/방한화,STD_011882,5,패션의류잡화 > 여성패션 > 여성화 > 부츠 > 여성패딩/방한화
STD_011889,샌들,STD_011868,4,패션의류잡화 > 여성패션 > 여성화 > 샌들
STD_011888,여성 스포츠샌들,STD_011889,5,패션의류잡화 > 여성패션 > 여성화 > 샌들 > 여성 스포츠샌들
STD_011890,여성글레디에이터 샌들,STD_011889,5,패션의류잡화 > 여성패션 > 여성화 > 샌들 > 여성글레디에이터 샌들
STD_011891,여성뮬/슬리퍼형샌들,STD_011889,5,패션의류잡화 > 여성패션 > 여성화 > 샌들 > 여성뮬/슬리퍼형샌들
STD_011892,여성블로퍼,STD_011889,5,패션의류잡화 > 여성패션 > 여성화 > 샌들 > 여성블로퍼
STD_011893,여성스트랩샌들,STD_011889,5,패션의류잡화 > 여성패션 > 여성화 > 샌들 > 여성스트랩샌들
STD_011894,여성웨지샌들,STD_011889,5,패션의류잡화 > 여성패션 > 여성화 > 샌들 > 여성웨지샌들
STD_011895,여성젤리슈즈,STD_011889,5,패션의류잡화 > 여성패션 > 여성화 > 샌들 > 여성젤리슈즈
STD_011897,스포츠화,STD_011868,4,패션의류잡화 > 여성패션 > 여성화 > 스포츠화
STD_011896,댄스화,STD_011897,5,패션의류잡화 > 여성패션 > 여성화 > 스포츠화 > 댄스화
STD_011898,발레화,STD_011897,5,패션의류잡화 > 여성패션 > 여성화 > 스포츠화 > 발레화
STD_011900,슬리퍼/쪼리,STD_011868,4,패션의류잡화 > 여성패션 > 여성화 > 슬리퍼/쪼리
STD_011899,여성일반/사무용슬리퍼,STD_011900,5,패션의류잡화 > 여성패션 > 여성화 > 슬리퍼/쪼리 > 여성일반/사무용슬리퍼
STD_011901,여성쪼리,STD_011900,5,패션의류잡화 > 여성패션 > 여성화 > 슬리퍼/쪼리 > 여성쪼리
STD_011903,실내화/슬리퍼,STD_011868,4,패션의류잡화 > 여성패션 > 여성화 > 실내화/슬리퍼
STD_011902,여성다이어트/지압슬리퍼,STD_011903,5,패션의류잡화 > 여성패션 > 여성화 > 실내화/슬리퍼 > 여성다이어트/지압슬리퍼
STD_011904,여성털실내화/슬리퍼,STD_011903,5,패션의류잡화 > 여성패션 > 여성화 > 실내화/슬리퍼 > 여성털실내화/슬리퍼
STD_011905,여성학생용실내화,STD_011903,5,패션의류잡화 > 여성패션 > 여성화 > 실내화/슬리퍼 > 여성학생용실내화
STD_011906,여성스니커즈,STD_011868,4,패션의류잡화 > 여성패션 > 여성화 > 여성스니커즈
STD_011907,여성슬립온,STD_011868,4,패션의류잡화 > 여성패션 > 여성화 > 여성슬립온
STD_011908,여성워커,STD_011868,4,패션의류잡화 > 여성패션 > 여성화 > 여성워커
STD_011910,운동화/스니커즈,STD_011868,4,패션의류잡화 > 여성패션 > 여성화 > 운동화/스니커즈
STD_011909,여성 런닝화,STD_011910,5,패션의류잡화 > 여성패션 > 여성화 > 운동화/스니커즈 > 여성 런닝화
STD_011911,여성패션운동화,STD_011910,5,패션의류잡화 > 여성패션 > 여성화 > 운동화/스니커즈 > 여성패션운동화
STD_011912,여성패션하이탑,STD_011910,5,패션의류잡화 > 여성패션 > 여성화 > 운동화/스니커즈 > 여성패션하이탑
STD_011914,하이힐/펌프스/정장구두,STD_011868,4,패션의류잡화 > 여성패션 > 여성화 > 하이힐/펌프스/정장구두
STD_011913,여성슬링백,STD_011914,5,패션의류잡화 > 여성패션 > 여성화 > 하이힐/펌프스/정장구두 > 여성슬링백
STD_011915,여성웨딩/파티슈즈,STD_011914,5,패션의류잡화 > 여성패션 > 여성화 > 하이힐/펌프스/정장구두 > 여성웨딩/파티슈즈
STD_011916,여성웨지힐,STD_011914,5,패션의류잡화 > 여성패션 > 여성화 > 하이힐/펌프스/정장구두 > 여성웨지힐
STD_011917,여성일반하이힐,STD_011914,5,패션의류잡화 > 여성패션 > 여성화 > 하이힐/펌프스/정장구두 > 여성일반하이힐
STD_011918,여성토오픈,STD_011914,5,패션의류잡화 > 여성패션 > 여성화 > 하이힐/펌프스/정장구두 > 여성토오픈
STD_011920,커버업,STD_011336,3,패션의류잡화 > 여성패션 > 커버업
STD_011919,여성 니트/메쉬 커버업,STD_011920,4,패션의류잡화 > 여성패션 > 커버업 > 여성 니트/메쉬 커버업
STD_011921,여성 원피스 커버업,STD_011920,4,패션의류잡화 > 여성패션 > 커버업 > 여성 원피스 커버업
STD_011922,여성 후드/집업 커버업,STD_011920,4,패션의류잡화 > 여성패션 > 커버업 > 여성 후드/집업 커버업
STD_011925,파티복/우리옷(한복),STD_011336,3,패션의류잡화 > 여성패션 > 파티복/우리옷(한복)
STD_011924,우리옷(한복),STD_011925,4,패션의류잡화 > 여성패션 > 파티복/우리옷(한복) > 우리옷(한복)
STD_011923,여성 기타 한복,STD_011924,5,패션의류잡화 > 여성패션 > 파티복/우리옷(한복) > 우리옷(한복) > 여성 기타 한복
STD_011926,여성 생활한복(개량한복),STD_011924,5,패션의류잡화 > 여성패션 > 파티복/우리옷(한복) > 우리옷(한복) > 여성 생활한복(개량한복)
STD_011927,여성 절복,STD_011924,5,패션의류잡화 > 여성패션 > 파티복/우리옷(한복) > 우리옷(한복) > 여성 절복
STD_011928,여성 한복 상하 세트(한벌),STD_011924,5,패션의류잡화 > 여성패션 > 파티복/우리옷(한복) > 우리옷(한복) > 여성 한복 상하 세트(한벌)
STD_011929,여성 한복 속바지,STD_011924,5,패션의류잡화 > 여성패션 > 파티복/우리옷(한복) > 우리옷(한복) > 여성 한복 속바지
STD_011930,여성 한복 속치마,STD_011924,5,패션의류잡화 > 여성패션 > 파티복/우리옷(한복) > 우리옷(한복) > 여성 한복 속치마
STD_011931,여성 한복 저고리,STD_011924,5,패션의류잡화 > 여성패션 > 파티복/우리옷(한복) > 우리옷(한복) > 여성 한복 저고리
STD_011932,여성 한복 조끼(배자),STD_011924,5,패션의류잡화 > 여성패션 > 파티복/우리옷(한복) > 우리옷(한복) > 여성 한복 조끼(배자)
STD_011933,여성 한복 치마,STD_011924,5,패션의류잡화 > 여성패션 > 파티복/우리옷(한복) > 우리옷(한복) > 여성 한복 치마
STD_011935,파티복/드레스,STD_011925,4,패션의류잡화 > 여성패션 > 파티복/우리옷(한복) > 파티복/드레스
STD_011934,여성 섹시 드레스,STD_011935,5,패션의류잡화 > 여성패션 > 파티복/우리옷(한복) > 파티복/드레스 > 여성 섹시 드레스
STD_011936,여성 섹시 코스튬(19),STD_011935,5,패션의류잡화 > 여성패션 > 파티복/우리옷(한복) > 파티복/드레스 > 여성 섹시 코스튬(19)
STD_011937,여성 웨딩 드레스,STD_011935,5,패션의류잡화 > 여성패션 > 파티복/우리옷(한복) > 파티복/드레스 > 여성 웨딩 드레스
STD_011938,여성 파티/칵테일 드레스,STD_011935,5,패션의류잡화 > 여성패션 > 파티복/우리옷(한복) > 파티복/드레스 > 여성 파티/칵테일 드레스
STD_011939,여성 할로윈 외 파티코스튬,STD_011935,5,패션의류잡화 > 여성패션 > 파티복/우리옷(한복) > 파티복/드레스 > 여성 할로윈 외 파티코스튬
STD_011942,해외직구,STD_011336,3,패션의류잡화 > 여성패션 > 해외직구
STD_011941,가방,STD_011942,4,패션의류잡화 > 여성패션 > 해외직구 > 가방
STD_011940,여성가방액세서리,STD_011941,5,패션의류잡화 > 여성패션 > 해외직구 > 가방 > 여성가방액세서리
STD_011943,여성기타 캐주얼 가방,STD_011941,5,패션의류잡화 > 여성패션 > 해외직구 > 가방 > 여성기타 캐주얼 가방
STD_011944,여성백팩,STD_011941,5,패션의류잡화 > 여성패션 > 해외직구 > 가방 > 여성백팩
STD_011945,여성숄더백,STD_011941,5,패션의류잡화 > 여성패션 > 해외직구 > 가방 > 여성숄더백
STD_011946,여성캔버스/에코백,STD_011941,5,패션의류잡화 > 여성패션 > 해외직구 > 가방 > 여성캔버스/에코백
STD_011947,여성크로스백,STD_011941,5,패션의류잡화 > 여성패션 > 해외직구 > 가방 > 여성크로스백
STD_011948,여성클러치/미니백,STD_011941,5,패션의류잡화 > 여성패션 > 해외직구 > 가방 > 여성클러치/미니백
STD_011949,여성토트백,STD_011941,5,패션의류잡화 > 여성패션 > 해외직구 > 가방 > 여성토트백
STD_011950,여성파우치/이너백,STD_011941,5,패션의류잡화 > 여성패션 > 해외직구 > 가방 > 여성파우치/이너백
STD_011952,상의류,STD_011942,4,패션의류잡화 > 여성패션 > 해외직구 > 상의류
STD_011951,여성 가디건,STD_011952,5,패션의류잡화 > 여성패션 > 해외직구 > 상의류 > 여성 가디건
STD_011953,여성 블라우스,STD_011952,5,패션의류잡화 > 여성패션 > 해외직구 > 상의류 > 여성 블라우스
STD_011954,여성 셔츠,STD_011952,5,패션의류잡화 > 여성패션 > 해외직구 > 상의류 > 여성 셔츠
STD_011955,여성 스웨터/니트,STD_011952,5,패션의류잡화 > 여성패션 > 해외직구 > 상의류 > 여성 스웨터/니트
STD_011956,여성 조끼/베스트,STD_011952,5,패션의류잡화 > 여성패션 > 해외직구 > 상의류 > 여성 조끼/베스트
STD_011957,여성 티셔츠,STD_011952,5,패션의류잡화 > 여성패션 > 해외직구 > 상의류 > 여성 티셔츠
STD_011959,속옷,STD_011942,4,패션의류잡화 > 여성패션 > 해외직구 > 속옷
STD_011958,브래지어,STD_011959,5,패션의류잡화 > 여성패션 > 해외직구 > 속옷 > 브래지어
STD_011960,여성 속옷세트,STD_011959,5,패션의류잡화 > 여성패션 > 해외직구 > 속옷 > 여성 속옷세트
STD_011961,여성 슬립/란제리,STD_011959,5,패션의류잡화 > 여성패션 > 해외직구 > 속옷 > 여성 슬립/란제리
STD_011962,여성 팬티,STD_011959,5,패션의류잡화 > 여성패션 > 해외직구 > 속옷 > 여성 팬티
STD_011964,스포츠의류,STD_011942,4,패션의류잡화 > 여성패션 > 해외직구 > 스포츠의류
STD_011963,여성 래쉬가드 상의,STD_011964,5,패션의류잡화 > 여성패션 > 해외직구 > 스포츠의류 > 여성 래쉬가드 상의
STD_011965,여성 래쉬가드 세트,STD_011964,5,패션의류잡화 > 여성패션 > 해외직구 > 스포츠의류 > 여성 래쉬가드 세트
STD_011966,여성 비치 반바지,STD_011964,5,패션의류잡화 > 여성패션 > 해외직구 > 스포츠의류 > 여성 비치 반바지
STD_011967,여성 비치웨어,STD_011964,5,패션의류잡화 > 여성패션 > 해외직구 > 스포츠의류 > 여성 비치웨어
STD_011968,여성 워터레깅스,STD_011964,5,패션의류잡화 > 여성패션 > 해외직구 > 스포츠의류 > 여성 워터레깅스
STD_011969,여성 커버업,STD_011964,5,패션의류잡화 > 여성패션 > 해외직구 > 스포츠의류 > 여성 커버업
STD_011970,여성 트레이닝웨어,STD_011964,5,패션의류잡화 > 여성패션 > 해외직구 > 스포츠의류 > 여성 트레이닝웨어
STD_011971,여성 패션수영복/세트,STD_011964,5,패션의류잡화 > 여성패션 > 해외직구 > 스포츠의류 > 여성 패션수영복/세트
STD_011973,시계,STD_011942,4,패션의류잡화 > 여성패션 > 해외직구 > 시계
STD_011972,여성시계,STD_011973,5,패션의류잡화 > 여성패션 > 해외직구 > 시계 > 여성시계
STD_011974,여성시계줄/시계소품/기타,STD_011973,5,패션의류잡화 > 여성패션 > 해외직구 > 시계 > 여성시계줄/시계소품/기타
STD_011976,신발,STD_011942,4,패션의류잡화 > 여성패션 > 해외직구 > 신발
STD_011975,여성 구두/신발 관리용품,STD_011976,5,패션의류잡화 > 여성패션 > 해외직구 > 신발 > 여성 구두/신발 관리용품
STD_011977,여성 키높이깔창/신발끈,STD_011976,5,패션의류잡화 > 여성패션 > 해외직구 > 신발 > 여성 키높이깔창/신발끈
STD_011978,여성기능화,STD_011976,5,패션의류잡화 > 여성패션 > 해외직구 > 신발 > 여성기능화
STD_011979,여성레인부츠,STD_011976,5,패션의류잡화 > 여성패션 > 해외직구 > 신발 > 여성레인부츠
STD_011980,여성로퍼,STD_011976,5,패션의류잡화 > 여성패션 > 해외직구 > 신발 > 여성로퍼
STD_011981,여성모카신/털단화,STD_011976,5,패션의류잡화 > 여성패션 > 해외직구 > 신발 > 여성모카신/털단화
STD_011982,여성보트화,STD_011976,5,패션의류잡화 > 여성패션 > 해외직구 > 신발 > 여성보트화
STD_011983,여성부츠,STD_011976,5,패션의류잡화 > 여성패션 > 해외직구 > 신발 > 여성부츠
STD_011984,여성샌들/쪼리,STD_011976,5,패션의류잡화 > 여성패션 > 해외직구 > 신발 > 여성샌들/쪼리
STD_011985,여성슬립온/스니커즈,STD_011976,5,패션의류잡화 > 여성패션 > 해외직구 > 신발 > 여성슬립온/스니커즈
STD_011986,여성슬링백,STD_011976,5,패션의류잡화 > 여성패션 > 해외직구 > 신발 > 여성슬링백
STD_011987,여성옥스포드화,STD_011976,5,패션의류잡화 > 여성패션 > 해외직구 > 신발 > 여성옥스포드화
STD_011988,여성운동화,STD_011976,5,패션의류잡화 > 여성패션 > 해외직구 > 신발 > 여성운동화
STD_011989,여성워커/부티,STD_011976,5,패션의류잡화 > 여성패션 > 해외직구 > 신발 > 여성워커/부티
STD_011990,여성웨딩/파티슈즈,STD_011976,5,패션의류잡화 > 여성패션 > 해외직구 > 신발 > 여성웨딩/파티슈즈
STD_011991,여성웨지힐,STD_011976,5,패션의류잡화 > 여성패션 > 해외직구 > 신발 > 여성웨지힐
STD_011992,여성일반하이힐,STD_011976,5,패션의류잡화 > 여성패션 > 해외직구 > 신발 > 여성일반하이힐
STD_011993,여성토오픈,STD_011976,5,패션의류잡화 > 여성패션 > 해외직구 > 신발 > 여성토오픈
STD_011994,여성플랫슈즈,STD_011976,5,패션의류잡화 > 여성패션 > 해외직구 > 신발 > 여성플랫슈즈
STD_011996,아우터류,STD_011942,4,패션의류잡화 > 여성패션 > 해외직구 > 아우터류
STD_011995,여성 자켓,STD_011996,5,패션의류잡화 > 여성패션 > 해외직구 > 아우터류 > 여성 자켓
STD_011997,여성 점퍼,STD_011996,5,패션의류잡화 > 여성패션 > 해외직구 > 아우터류 > 여성 점퍼
STD_011998,여성 코트,STD_011996,5,패션의류잡화 > 여성패션 > 해외직구 > 아우터류 > 여성 코트
STD_011999,여성 패딩/다운,STD_011996,5,패션의류잡화 > 여성패션 > 해외직구 > 아우터류 > 여성 패딩/다운
STD_012001,원피스/세트류,STD_011942,4,패션의류잡화 > 여성패션 > 해외직구 > 원피스/세트류
STD_012000,여성 원피스/점프수트,STD_012001,5,패션의류잡화 > 여성패션 > 해외직구 > 원피스/세트류 > 여성 원피스/점프수트
STD_012002,여성 투피스/세트,STD_012001,5,패션의류잡화 > 여성패션 > 해외직구 > 원피스/세트류 > 여성 투피스/세트
STD_012004,잡화,STD_011942,4,패션의류잡화 > 여성패션 > 해외직구 > 잡화
STD_012003,여성머플러/스카프/숄,STD_012004,5,패션의류잡화 > 여성패션 > 해외직구 > 잡화 > 여성머플러/스카프/숄
STD_012005,여성모자,STD_012004,5,패션의류잡화 > 여성패션 > 해외직구 > 잡화 > 여성모자
STD_012006,여성벨트,STD_012004,5,패션의류잡화 > 여성패션 > 해외직구 > 잡화 > 여성벨트
STD_012007,여성선글라스,STD_012004,5,패션의류잡화 > 여성패션 > 해외직구 > 잡화 > 여성선글라스
STD_012008,여성손수건,STD_012004,5,패션의류잡화 > 여성패션 > 해외직구 > 잡화 > 여성손수건
STD_012009,여성스타킹/타이즈,STD_012004,5,패션의류잡화 > 여성패션 > 해외직구 > 잡화 > 여성스타킹/타이즈
STD_012010,여성안경테,STD_012004,5,패션의류잡화 > 여성패션 > 해외직구 > 잡화 > 여성안경테
STD_012011,여성양말,STD_012004,5,패션의류잡화 > 여성패션 > 해외직구 > 잡화 > 여성양말
STD_012012,여성양산,STD_012004,5,패션의류잡화 > 여성패션 > 해외직구 > 잡화 > 여성양산
STD_012013,여성우비,STD_012004,5,패션의류잡화 > 여성패션 > 해외직구 > 잡화 > 여성우비
STD_012014,여성우산,STD_012004,5,패션의류잡화 > 여성패션 > 해외직구 > 잡화 > 여성우산
STD_012015,여성장갑,STD_012004,5,패션의류잡화 > 여성패션 > 해외직구 > 잡화 > 여성장갑
STD_012016,여성지갑,STD_012004,5,패션의류잡화 > 여성패션 > 해외직구 > 잡화 > 여성지갑
STD_012017,여성케이스/렌즈소품,STD_012004,5,패션의류잡화 > 여성패션 > 해외직구 > 잡화 > 여성케이스/렌즈소품
STD_012019,주얼리/헤어액세서리,STD_011942,4,패션의류잡화 > 여성패션 > 해외직구 > 주얼리/헤어액세서리
STD_012018,여성 쥬얼리 소품/기타,STD_012019,5,패션의류잡화 > 여성패션 > 해외직구 > 주얼리/헤어액세서리 > 여성 쥬얼리 소품/기타
STD_012020,여성귀걸이,STD_012019,5,패션의류잡화 > 여성패션 > 해외직구 > 주얼리/헤어액세서리 > 여성귀걸이
STD_012021,여성기타 쥬얼리,STD_012019,5,패션의류잡화 > 여성패션 > 해외직구 > 주얼리/헤어액세서리 > 여성기타 쥬얼리
STD_012022,여성머리끈/머리핀,STD_012019,5,패션의류잡화 > 여성패션 > 해외직구 > 주얼리/헤어액세서리 > 여성머리끈/머리핀
STD_012023,여성목걸이,STD_012019,5,패션의류잡화 > 여성패션 > 해외직구 > 주얼리/헤어액세서리 > 여성목걸이
STD_012024,여성반지,STD_012019,5,패션의류잡화 > 여성패션 > 해외직구 > 주얼리/헤어액세서리 > 여성반지
STD_012025,여성팔찌/발찌,STD_012019,5,패션의류잡화 > 여성패션 > 해외직구 > 주얼리/헤어액세서리 > 여성팔찌/발찌
STD_012026,여성헤어밴드,STD_012019,5,패션의류잡화 > 여성패션 > 해외직구 > 주얼리/헤어액세서리 > 여성헤어밴드
STD_012028,하의류,STD_011942,4,패션의류잡화 > 여성패션 > 해외직구 > 하의류
STD_012027,여성 레깅스,STD_012028,5,패션의류잡화 > 여성패션 > 해외직구 > 하의류 > 여성 레깅스
STD_012029,여성 바지,STD_012028,5,패션의류잡화 > 여성패션 > 해외직구 > 하의류 > 여성 바지
STD_012030,여성 스커트,STD_012028,5,패션의류잡화 > 여성패션 > 해외직구 > 하의류 > 여성 스커트
STD_012031,여성 청바지,STD_012028,5,패션의류잡화 > 여성패션 > 해외직구 > 하의류 > 여성 청바지
STD_012034,영유아동 신발/잡화/기타의류(0~17세),STD_010831,2,패션의류잡화 > 영유아동 신발/잡화/기타의류(0~17세)
STD_012033,남녀공용신발,STD_012034,3,패션의류잡화 > 영유아동 신발/잡화/기타의류(0~17세) > 남녀공용신발
STD_012032,공용 아쿠아슈즈,STD_012033,4,패션의류잡화 > 영유아동 신발/잡화/기타의류(0~17세) > 남녀공용신발 > 공용 아쿠아슈즈
STD_012035,구두,STD_012033,4,패션의류잡화 > 영유아동 신발/잡화/기타의류(0~17세) > 남녀공용신발 > 구두
STD_012037,등산/스포츠화,STD_012033,4,패션의류잡화 > 영유아동 신발/잡화/기타의류(0~17세) > 남녀공용신발 > 등산/스포츠화
STD_012036,공용 기타스포츠화,STD_012037,5,패션의류잡화 > 영유아동 신발/잡화/기타의류(0~17세) > 남녀공용신발 > 등산/스포츠화 > 공용 기타스포츠화
STD_012038,공용 농구화,STD_012037,5,패션의류잡화 > 영유아동 신발/잡화/기타의류(0~17세) > 남녀공용신발 > 등산/스포츠화 > 공용 농구화
STD_012039,공용 등산화,STD_012037,5,패션의류잡화 > 영유아동 신발/잡화/기타의류(0~17세) > 남녀공용신발 > 등산/스포츠화 > 공용 등산화
STD_012040,공용 축구화,STD_012037,5,패션의류잡화 > 영유아동 신발/잡화/기타의류(0~17세) > 남녀공용신발 > 등산/스포츠화 > 공용 축구화
STD_012042,부츠/워커,STD_012033,4,패션의류잡화 > 영유아동 신발/잡화/기타의류(0~17세) > 남녀공용신발 > 부츠/워커
STD_012041,공용 레인부츠,STD_012042,5,패션의류잡화 > 영유아동 신발/잡화/기타의류(0~17세) > 남녀공용신발 > 부츠/워커 > 공용 레인부츠
STD_012043,공용 부츠,STD_012042,5,패션의류잡화 > 영유아동 신발/잡화/기타의류(0~17세) > 남녀공용신발 > 부츠/워커 > 공용 부츠
STD_012044,공용 워커,STD_012042,5,패션의류잡화 > 영유아동 신발/잡화/기타의류(0~17세) > 남녀공용신발 > 부츠/워커 > 공용 워커
STD_012046,샌들류,STD_012033,4,패션의류잡화 > 영유아동 신발/잡화/기타의류(0~17세) > 남녀공용신발 > 샌들류
STD_012045,공용 샌들,STD_012046,5,패션의류잡화 > 영유아동 신발/잡화/기타의류(0~17세) > 남녀공용신발 > 샌들류 > 공용 샌들
STD_012047,공용 크록스스타일,STD_012046,5,패션의류잡화 > 영유아동 신발/잡화/기타의류(0~17세) > 남녀공용신발 > 샌들류 > 공용 크록스스타일
STD_012049,슬리퍼/쪼리,STD_012033,4,패션의류잡화 > 영유아동 신발/잡화/기타의류(0~17세) > 남녀공용신발 > 슬리퍼/쪼리
STD_012048,공용 슬리퍼,STD_012049,5,패션의류잡화 > 영유아동 신발/잡화/기타의류(0~17세) > 남녀공용신발 > 슬리퍼/쪼리 > 공용 슬리퍼
STD_012050,공용 플립플랍/쪼리,STD_012049,5,패션의류잡화 > 영유아동 신발/잡화/기타의류(0~17세) > 남녀공용신발 > 슬리퍼/쪼리 > 공용 플립플랍/쪼리
STD_012052,실내화/덧신,STD_012033,4,패션의류잡화 > 영유아동 신발/잡화/기타의류(0~17세) > 남녀공용신발 > 실내화/덧신
STD_012051,공용 실내화,STD_012052,5,패션의류잡화 > 영유아동 신발/잡화/기타의류(0~17세) > 남녀공용신발 > 실내화/덧신 > 공용 실내화
STD_012053,공용 실내화 덧신,STD_012052,5,패션의류잡화 > 영유아동 신발/잡화/기타의류(0~17세) > 남녀공용신발 > 실내화/덧신 > 공용 실내화 덧신
STD_012055,운동화/스니커즈,STD_012033,4,패션의류잡화 > 영유아동 신발/잡화/기타의류(0~17세) > 남녀공용신발 > 운동화/스니커즈
STD_012054,공용 슬립온,STD_012055,5,패션의류잡화 > 영유아동 신발/잡화/기타의류(0~17세) > 남녀공용신발 > 운동화/스니커즈 > 공용 슬립온
STD_012056,공용 운동화,STD_012055,5,패션의류잡화 > 영유아동 신발/잡화/기타의류(0~17세) > 남녀공용신발 > 운동화/스니커즈 > 공용 운동화
STD_012057,공용 캔버스/스니커즈,STD_012055,5,패션의류잡화 > 영유아동 신발/잡화/기타의류(0~17세) > 남녀공용신발 > 운동화/스니커즈 > 공용 캔버스/스니커즈
STD_012059,한복/신발/소품,STD_012033,4,패션의류잡화 > 영유아동 신발/잡화/기타의류(0~17세) > 남녀공용신발 > 한복/신발/소품
STD_012058,공용 고무신,STD_012059,5,패션의류잡화 > 영유아동 신발/잡화/기타의류(0~17세) > 남녀공용신발 > 한복/신발/소품 > 공용 고무신
STD_012060,공용 한복신발,STD_012059,5,패션의류잡화 > 영유아동 신발/잡화/기타의류(0~17세) > 남녀공용신발 > 한복/신발/소품 > 공용 한복신발
STD_012063,남녀공용잡화,STD_012034,3,패션의류잡화 > 영유아동 신발/잡화/기타의류(0~17세) > 남녀공용잡화
STD_012062,가방,STD_012063,4,패션의류잡화 > 영유아동 신발/잡화/기타의류(0~17세) > 남녀공용잡화 > 가방
STD_012061,공용 백팩/책가방,STD_012062,5,패션의류잡화 > 영유아동 신발/잡화/기타의류(0~17세) > 남녀공용잡화 > 가방 > 공용 백팩/책가방
STD_012064,공용 보조가방/신발주머니,STD_012062,5,패션의류잡화 > 영유아동 신발/잡화/기타의류(0~17세) > 남녀공용잡화 > 가방 > 공용 보조가방/신발주머니
STD_012065,공용 손가방,STD_012062,5,패션의류잡화 > 영유아동 신발/잡화/기타의류(0~17세) > 남녀공용잡화 > 가방 > 공용 손가방
STD_012066,공용 책가방세트,STD_012062,5,패션의류잡화 > 영유아동 신발/잡화/기타의류(0~17세) > 남녀공용잡화 > 가방 > 공용 책가방세트
STD_012067,공용 캐리어/여행가방,STD_012062,5,패션의류잡화 > 영유아동 신발/잡화/기타의류(0~17세) > 남녀공용잡화 > 가방 > 공용 캐리어/여행가방
STD_012068,공용 크로스백,STD_012062,5,패션의류잡화 > 영유아동 신발/잡화/기타의류(0~17세) > 남녀공용잡화 > 가방 > 공용 크로스백
STD_012070,고글/스키용품,STD_012063,4,패션의류잡화 > 영유아동 신발/잡화/기타의류(0~17세) > 남녀공용잡화 > 고글/스키용품
STD_012069,공용 스키/패딩장갑,STD_012070,5,패션의류잡화 > 영유아동 신발/잡화/기타의류(0~17세) > 남녀공용잡화 > 고글/스키용품 > 공용 스키/패딩장갑
STD_012071,공용 스키고글,STD_012070,5,패션의류잡화 > 영유아동 신발/잡화/기타의류(0~17세) > 남녀공용잡화 > 고글/스키용품 > 공용 스키고글
STD_012072,공용 스키모자/헬멧,STD_012070,5,패션의류잡화 > 영유아동 신발/잡화/기타의류(0~17세) > 남녀공용잡화 > 고글/스키용품 > 공용 스키모자/헬멧
STD_012073,공용 지갑,STD_012063,4,패션의류잡화 > 영유아동 신발/잡화/기타의류(0~17세) > 남녀공용잡화 > 공용 지갑
STD_012075,공용 패션마스크/스트랩,STD_012063,4,패션의류잡화 > 영유아동 신발/잡화/기타의류(0~17세) > 남녀공용잡화 > 공용 패션마스크/스트랩
STD_012074,마스크,STD_012075,5,패션의류잡화 > 영유아동 신발/잡화/기타의류(0~17세) > 남녀공용잡화 > 공용 패션마스크/스트랩 > 마스크
STD_012076,스트랩,STD_012075,5,패션의류잡화 > 영유아동 신발/잡화/기타의류(0~17세) > 남녀공용잡화 > 공용 패션마스크/스트랩 > 스트랩
STD_012078,머플러/스카프빕,STD_012063,4,패션의류잡화 > 영유아동 신발/잡화/기타의류(0~17세) > 남녀공용잡화 > 머플러/스카프빕
STD_012077,공용 넥워머,STD_012078,5,패션의류잡화 > 영유아동 신발/잡화/기타의류(0~17세) > 남녀공용잡화 > 머플러/스카프빕 > 공용 넥워머
STD_012079,공용 머플러,STD_012078,5,패션의류잡화 > 영유아동 신발/잡화/기타의류(0~17세) > 남녀공용잡화 > 머플러/스카프빕 > 공용 머플러
STD_012080,공용 스카프,STD_012078,5,패션의류잡화 > 영유아동 신발/잡화/기타의류(0~17세) > 남녀공용잡화 > 머플러/스카프빕 > 공용 스카프
STD_012081,공용 스카프빕,STD_012078,5,패션의류잡화 > 영유아동 신발/잡화/기타의류(0~17세) > 남녀공용잡화 > 머플러/스카프빕 > 공용 스카프빕
STD_012083,모자,STD_012063,4,패션의류잡화 > 영유아동 신발/잡화/기타의류(0~17세) > 남녀공용잡화 > 모자
STD_012082,공용 벙거지/챙모자,STD_012083,5,패션의류잡화 > 영유아동 신발/잡화/기타의류(0~17세) > 남녀공용잡화 > 모자 > 공용 벙거지/챙모자
STD_012084,공용 베레모/헌팅캡,STD_012083,5,패션의류잡화 > 영유아동 신발/잡화/기타의류(0~17세) > 남녀공용잡화 > 모자 > 공용 베레모/헌팅캡
STD_012085,공용 비니,STD_012083,5,패션의류잡화 > 영유아동 신발/잡화/기타의류(0~17세) > 남녀공용잡화 > 모자 > 공용 비니
STD_012086,공용 선캡,STD_012083,5,패션의류잡화 > 영유아동 신발/잡화/기타의류(0~17세) > 남녀공용잡화 > 모자 > 공용 선캡
STD_012087,공용 스냅백/야구모자,STD_012083,5,패션의류잡화 > 영유아동 신발/잡화/기타의류(0~17세) > 남녀공용잡화 > 모자 > 공용 스냅백/야구모자
STD_012088,공용 왕골/밀짚모자,STD_012083,5,패션의류잡화 > 영유아동 신발/잡화/기타의류(0~17세) > 남녀공용잡화 > 모자 > 공용 왕골/밀짚모자
STD_012089,공용 털/귀달이모자,STD_012083,5,패션의류잡화 > 영유아동 신발/잡화/기타의류(0~17세) > 남녀공용잡화 > 모자 > 공용 털/귀달이모자
STD_012090,공용 페도라/중절모,STD_012083,5,패션의류잡화 > 영유아동 신발/잡화/기타의류(0~17세) > 남녀공용잡화 > 모자 > 공용 페도라/중절모
STD_012093,발레복/발레화/용품,STD_012063,4,패션의류잡화 > 영유아동 신발/잡화/기타의류(0~17세) > 남녀공용잡화 > 발레복/발레화/용품
STD_012092,스포츠잡화,STD_012093,5,패션의류잡화 > 영유아동 신발/잡화/기타의류(0~17세) > 남녀공용잡화 > 발레복/발레화/용품 > 스포츠잡화
STD_012091,공용 발레가방,STD_012092,6,패션의류잡화 > 영유아동 신발/잡화/기타의류(0~17세) > 남녀공용잡화 > 발레복/발레화/용품 > 스포츠잡화 > 공용 발레가방
STD_012095,벨트,STD_012063,4,패션의류잡화 > 영유아동 신발/잡화/기타의류(0~17세) > 남녀공용잡화 > 벨트
STD_012094,공용 멜빵/서스펜더,STD_012095,5,패션의류잡화 > 영유아동 신발/잡화/기타의류(0~17세) > 남녀공용잡화 > 벨트 > 공용 멜빵/서스펜더
STD_012096,공용 벨트,STD_012095,5,패션의류잡화 > 영유아동 신발/잡화/기타의류(0~17세) > 남녀공용잡화 > 벨트 > 공용 벨트
STD_012098,선글라스/안경테,STD_012063,4,패션의류잡화 > 영유아동 신발/잡화/기타의류(0~17세) > 남녀공용잡화 > 선글라스/안경테
STD_012097,공용 선글라스,STD_012098,5,패션의류잡화 > 영유아동 신발/잡화/기타의류(0~17세) > 남녀공용잡화 > 선글라스/안경테 > 공용 선글라스
STD_012099,공용 안경테,STD_012098,5,패션의류잡화 > 영유아동 신발/잡화/기타의류(0~17세) > 남녀공용잡화 > 선글라스/안경테 > 공용 안경테
STD_012101,스포츠잡화,STD_012063,4,패션의류잡화 > 영유아동 신발/잡화/기타의류(0~17세) > 남녀공용잡화 > 스포츠잡화
STD_012100,공용 기타비치소품,STD_012101,5,패션의류잡화 > 영유아동 신발/잡화/기타의류(0~17세) > 남녀공용잡화 > 스포츠잡화 > 공용 기타비치소품
STD_012102,공용 수영가방,STD_012101,5,패션의류잡화 > 영유아동 신발/잡화/기타의류(0~17세) > 남녀공용잡화 > 스포츠잡화 > 공용 수영가방
STD_012103,공용 플랩캡,STD_012101,5,패션의류잡화 > 영유아동 신발/잡화/기타의류(0~17세) > 남녀공용잡화 > 스포츠잡화 > 공용 플랩캡
STD_012105,시계/주얼리,STD_012063,4,패션의류잡화 > 영유아동 신발/잡화/기타의류(0~17세) > 남녀공용잡화 > 시계/주얼리
STD_012104,공용 아날로그시계,STD_012105,5,패션의류잡화 > 영유아동 신발/잡화/기타의류(0~17세) > 남녀공용잡화 > 시계/주얼리 > 공용 아날로그시계
STD_012106,공용 전자시계,STD_012105,5,패션의류잡화 > 영유아동 신발/잡화/기타의류(0~17세) > 남녀공용잡화 > 시계/주얼리 > 공용 전자시계
STD_012107,공용 패션주얼리,STD_012105,5,패션의류잡화 > 영유아동 신발/잡화/기타의류(0~17세) > 남녀공용잡화 > 시계/주얼리 > 공용 패션주얼리
STD_012109,앞치마/두건/팔토시/세트,STD_012063,4,패션의류잡화 > 영유아동 신발/잡화/기타의류(0~17세) > 남녀공용잡화 > 앞치마/두건/팔토시/세트
STD_012108,공용 두건,STD_012109,5,패션의류잡화 > 영유아동 신발/잡화/기타의류(0~17세) > 남녀공용잡화 > 앞치마/두건/팔토시/세트 > 공용 두건
STD_012110,공용 앞치마,STD_012109,5,패션의류잡화 > 영유아동 신발/잡화/기타의류(0~17세) > 남녀공용잡화 > 앞치마/두건/팔토시/세트 > 공용 앞치마
STD_012111,공용 앞치마/두건세트,STD_012109,5,패션의류잡화 > 영유아동 신발/잡화/기타의류(0~17세) > 남녀공용잡화 > 앞치마/두건/팔토시/세트 > 공용 앞치마/두건세트
STD_012112,공용 앞치마/토시/두건세트,STD_012109,5,패션의류잡화 > 영유아동 신발/잡화/기타의류(0~17세) > 남녀공용잡화 > 앞치마/두건/팔토시/세트 > 공용 앞치마/토시/두건세트
STD_012113,공용 팔토시,STD_012109,5,패션의류잡화 > 영유아동 신발/잡화/기타의류(0~17세) > 남녀공용잡화 > 앞치마/두건/팔토시/세트 > 공용 팔토시
STD_012115,양말/타이즈,STD_012063,4,패션의류잡화 > 영유아동 신발/잡화/기타의류(0~17세) > 남녀공용잡화 > 양말/타이즈
STD_012114,공용 덧신,STD_012115,5,패션의류잡화 > 영유아동 신발/잡화/기타의류(0~17세) > 남녀공용잡화 > 양말/타이즈 > 공용 덧신
STD_012116,공용 양말,STD_012115,5,패션의류잡화 > 영유아동 신발/잡화/기타의류(0~17세) > 남녀공용잡화 > 양말/타이즈 > 공용 양말
STD_012117,공용 타이즈,STD_012115,5,패션의류잡화 > 영유아동 신발/잡화/기타의류(0~17세) > 남녀공용잡화 > 양말/타이즈 > 공용 타이즈
STD_012119,우산/우비,STD_012063,4,패션의류잡화 > 영유아동 신발/잡화/기타의류(0~17세) > 남녀공용잡화 > 우산/우비
STD_012118,공용 우비,STD_012119,5,패션의류잡화 > 영유아동 신발/잡화/기타의류(0~17세) > 남녀공용잡화 > 우산/우비 > 공용 우비
STD_012120,공용 우산,STD_012119,5,패션의류잡화 > 영유아동 신발/잡화/기타의류(0~17세) > 남녀공용잡화 > 우산/우비 > 공용 우산
STD_012122,장갑/귀마개,STD_012063,4,패션의류잡화 > 영유아동 신발/잡화/기타의류(0~17세) > 남녀공용잡화 > 장갑/귀마개
STD_012121,공용 가죽/스웨이드장갑,STD_012122,5,패션의류잡화 > 영유아동 신발/잡화/기타의류(0~17세) > 남녀공용잡화 > 장갑/귀마개 > 공용 가죽/스웨이드장갑
STD_012123,공용 귀마개,STD_012122,5,패션의류잡화 > 영유아동 신발/잡화/기타의류(0~17세) > 남녀공용잡화 > 장갑/귀마개 > 공용 귀마개
STD_012124,공용 니트장갑,STD_012122,5,패션의류잡화 > 영유아동 신발/잡화/기타의류(0~17세) > 남녀공용잡화 > 장갑/귀마개 > 공용 니트장갑
STD_012125,공용 암워머/기타장갑,STD_012122,5,패션의류잡화 > 영유아동 신발/잡화/기타의류(0~17세) > 남녀공용잡화 > 장갑/귀마개 > 공용 암워머/기타장갑
STD_012127,한복/신발/소품,STD_012063,4,패션의류잡화 > 영유아동 신발/잡화/기타의류(0~17세) > 남녀공용잡화 > 한복/신발/소품
STD_012126,공용 기타액세서리,STD_012127,5,패션의류잡화 > 영유아동 신발/잡화/기타의류(0~17세) > 남녀공용잡화 > 한복/신발/소품 > 공용 기타액세서리
STD_012128,공용 한복 소품,STD_012127,5,패션의류잡화 > 영유아동 신발/잡화/기타의류(0~17세) > 남녀공용잡화 > 한복/신발/소품 > 공용 한복 소품
STD_012132,남아 스포츠/한복 외,STD_012034,3,패션의류잡화 > 영유아동 신발/잡화/기타의류(0~17세) > 남아 스포츠/한복 외
STD_012131,발레복/발레화/용품,STD_012132,4,패션의류잡화 > 영유아동 신발/잡화/기타의류(0~17세) > 남아 스포츠/한복 외 > 발레복/발레화/용품
STD_012130,스포츠웨어,STD_012131,5,패션의류잡화 > 영유아동 신발/잡화/기타의류(0~17세) > 남아 스포츠/한복 외 > 발레복/발레화/용품 > 스포츠웨어
STD_012129,남아 발레티셔츠/댄스티셔츠,STD_012130,6,패션의류잡화 > 영유아동 신발/잡화/기타의류(0~17세) > 남아 스포츠/한복 외 > 발레복/발레화/용품 > 스포츠웨어 > 남아 발레티셔츠/댄스티셔츠
STD_012133,남아 발레팬츠/댄스팬츠,STD_012130,6,패션의류잡화 > 영유아동 신발/잡화/기타의류(0~17세) > 남아 스포츠/한복 외 > 발레복/발레화/용품 > 스포츠웨어 > 남아 발레팬츠/댄스팬츠
STD_012135,수영복/비치웨어,STD_012132,4,패션의류잡화 > 영유아동 신발/잡화/기타의류(0~17세) > 남아 스포츠/한복 외 > 수영복/비치웨어
STD_012134,남아 래쉬가드,STD_012135,5,패션의류잡화 > 영유아동 신발/잡화/기타의류(0~17세) > 남아 스포츠/한복 외 > 수영복/비치웨어 > 남아 래쉬가드
STD_012136,남아 비치가운,STD_012135,5,패션의류잡화 > 영유아동 신발/잡화/기타의류(0~17세) > 남아 스포츠/한복 외 > 수영복/비치웨어 > 남아 비치가운
STD_012137,남아 수영복,STD_012135,5,패션의류잡화 > 영유아동 신발/잡화/기타의류(0~17세) > 남아 스포츠/한복 외 > 수영복/비치웨어 > 남아 수영복
STD_012138,남아 쓰리피스 수영복,STD_012135,5,패션의류잡화 > 영유아동 신발/잡화/기타의류(0~17세) > 남아 스포츠/한복 외 > 수영복/비치웨어 > 남아 쓰리피스 수영복
STD_012139,남아 워터레깅스,STD_012135,5,패션의류잡화 > 영유아동 신발/잡화/기타의류(0~17세) > 남아 스포츠/한복 외 > 수영복/비치웨어 > 남아 워터레깅스
STD_012140,남아 점프수트 수영복,STD_012135,5,패션의류잡화 > 영유아동 신발/잡화/기타의류(0~17세) > 남아 스포츠/한복 외 > 수영복/비치웨어 > 남아 점프수트 수영복
STD_012141,남아 커버업/비치점퍼,STD_012135,5,패션의류잡화 > 영유아동 신발/잡화/기타의류(0~17세) > 남아 스포츠/한복 외 > 수영복/비치웨어 > 남아 커버업/비치점퍼
STD_012142,남아 투피스 수영복,STD_012135,5,패션의류잡화 > 영유아동 신발/잡화/기타의류(0~17세) > 남아 스포츠/한복 외 > 수영복/비치웨어 > 남아 투피스 수영복
STD_012144,스포츠웨어,STD_012132,4,패션의류잡화 > 영유아동 신발/잡화/기타의류(0~17세) > 남아 스포츠/한복 외 > 스포츠웨어
STD_012143,남아 스키복 상의,STD_012144,5,패션의류잡화 > 영유아동 신발/잡화/기타의류(0~17세) > 남아 스포츠/한복 외 > 스포츠웨어 > 남아 스키복 상의
STD_012145,남아 스키복 상하세트,STD_012144,5,패션의류잡화 > 영유아동 신발/잡화/기타의류(0~17세) > 남아 스포츠/한복 외 > 스포츠웨어 > 남아 스키복 상하세트
STD_012146,남아 스키복 하의,STD_012144,5,패션의류잡화 > 영유아동 신발/잡화/기타의류(0~17세) > 남아 스포츠/한복 외 > 스포츠웨어 > 남아 스키복 하의
STD_012147,남아 아웃도어/등산 레깅스,STD_012144,5,패션의류잡화 > 영유아동 신발/잡화/기타의류(0~17세) > 남아 스포츠/한복 외 > 스포츠웨어 > 남아 아웃도어/등산 레깅스
STD_012148,남아 아웃도어/등산 바람막이,STD_012144,5,패션의류잡화 > 영유아동 신발/잡화/기타의류(0~17세) > 남아 스포츠/한복 외 > 스포츠웨어 > 남아 아웃도어/등산 바람막이
STD_012149,남아 아웃도어/등산 바지,STD_012144,5,패션의류잡화 > 영유아동 신발/잡화/기타의류(0~17세) > 남아 스포츠/한복 외 > 스포츠웨어 > 남아 아웃도어/등산 바지
STD_012150,남아 아웃도어/등산 스웨터,STD_012144,5,패션의류잡화 > 영유아동 신발/잡화/기타의류(0~17세) > 남아 스포츠/한복 외 > 스포츠웨어 > 남아 아웃도어/등산 스웨터
STD_012151,남아 아웃도어/등산 조끼,STD_012144,5,패션의류잡화 > 영유아동 신발/잡화/기타의류(0~17세) > 남아 스포츠/한복 외 > 스포츠웨어 > 남아 아웃도어/등산 조끼
STD_012152,남아 아웃도어/등산 티셔츠,STD_012144,5,패션의류잡화 > 영유아동 신발/잡화/기타의류(0~17세) > 남아 스포츠/한복 외 > 스포츠웨어 > 남아 아웃도어/등산 티셔츠
STD_012153,남아 아웃도어/등산 패딩점퍼,STD_012144,5,패션의류잡화 > 영유아동 신발/잡화/기타의류(0~17세) > 남아 스포츠/한복 외 > 스포츠웨어 > 남아 아웃도어/등산 패딩점퍼
STD_012154,남아 아웃도어/등산 패딩조끼,STD_012144,5,패션의류잡화 > 영유아동 신발/잡화/기타의류(0~17세) > 남아 스포츠/한복 외 > 스포츠웨어 > 남아 아웃도어/등산 패딩조끼
STD_012155,남아 아웃도어/등산 후드집업,STD_012144,5,패션의류잡화 > 영유아동 신발/잡화/기타의류(0~17세) > 남아 스포츠/한복 외 > 스포츠웨어 > 남아 아웃도어/등산 후드집업
STD_012157,파티복,STD_012132,4,패션의류잡화 > 영유아동 신발/잡화/기타의류(0~17세) > 남아 스포츠/한복 외 > 파티복
STD_012156,남아 코스튬/캐릭터복장,STD_012157,5,패션의류잡화 > 영유아동 신발/잡화/기타의류(0~17세) > 남아 스포츠/한복 외 > 파티복 > 남아 코스튬/캐릭터복장
STD_012158,남아 턱시도,STD_012157,5,패션의류잡화 > 영유아동 신발/잡화/기타의류(0~17세) > 남아 스포츠/한복 외 > 파티복 > 남아 턱시도
STD_012160,한복/신발/소품,STD_012132,4,패션의류잡화 > 영유아동 신발/잡화/기타의류(0~17세) > 남아 스포츠/한복 외 > 한복/신발/소품
STD_012159,남아 한복 두루마기/마고자/배자,STD_012160,5,패션의류잡화 > 영유아동 신발/잡화/기타의류(0~17세) > 남아 스포츠/한복 외 > 한복/신발/소품 > 남아 한복 두루마기/마고자/배자
STD_012161,남아 한복바지,STD_012160,5,패션의류잡화 > 영유아동 신발/잡화/기타의류(0~17세) > 남아 스포츠/한복 외 > 한복/신발/소품 > 남아 한복바지
STD_012162,남아 한복세트,STD_012160,5,패션의류잡화 > 영유아동 신발/잡화/기타의류(0~17세) > 남아 스포츠/한복 외 > 한복/신발/소품 > 남아 한복세트
STD_012163,남아 한복속바지,STD_012160,5,패션의류잡화 > 영유아동 신발/잡화/기타의류(0~17세) > 남아 스포츠/한복 외 > 한복/신발/소품 > 남아 한복속바지
STD_012164,남아 한복저고리,STD_012160,5,패션의류잡화 > 영유아동 신발/잡화/기타의류(0~17세) > 남아 스포츠/한복 외 > 한복/신발/소품 > 남아 한복저고리
STD_012166,남아신발,STD_012034,3,패션의류잡화 > 영유아동 신발/잡화/기타의류(0~17세) > 남아신발
STD_012165,남아 구두,STD_012166,4,패션의류잡화 > 영유아동 신발/잡화/기타의류(0~17세) > 남아신발 > 남아 구두
STD_012167,남아 아쿠아슈즈,STD_012166,4,패션의류잡화 > 영유아동 신발/잡화/기타의류(0~17세) > 남아신발 > 남아 아쿠아슈즈
STD_012170,발레복/발레화/용품,STD_012166,4,패션의류잡화 > 영유아동 신발/잡화/기타의류(0~17세) > 남아신발 > 발레복/발레화/용품
STD_012169,기타신발,STD_012170,5,패션의류잡화 > 영유아동 신발/잡화/기타의류(0~17세) > 남아신발 > 발레복/발레화/용품 > 기타신발
STD_012168,남아 발레화,STD_012169,6,패션의류잡화 > 영유아동 신발/잡화/기타의류(0~17세) > 남아신발 > 발레복/발레화/용품 > 기타신발 > 남아 발레화
STD_012172,부츠/워커,STD_012166,4,패션의류잡화 > 영유아동 신발/잡화/기타의류(0~17세) > 남아신발 > 부츠/워커
STD_012171,남아 레인부츠,STD_012172,5,패션의류잡화 > 영유아동 신발/잡화/기타의류(0~17세) > 남아신발 > 부츠/워커 > 남아 레인부츠
STD_012173,남아 부츠,STD_012172,5,패션의류잡화 > 영유아동 신발/잡화/기타의류(0~17세) > 남아신발 > 부츠/워커 > 남아 부츠
STD_012174,남아 워커,STD_012172,5,패션의류잡화 > 영유아동 신발/잡화/기타의류(0~17세) > 남아신발 > 부츠/워커 > 남아 워커
STD_012176,샌들류,STD_012166,4,패션의류잡화 > 영유아동 신발/잡화/기타의류(0~17세) > 남아신발 > 샌들류
STD_012175,남아 샌들,STD_012176,5,패션의류잡화 > 영유아동 신발/잡화/기타의류(0~17세) > 남아신발 > 샌들류 > 남아 샌들
STD_012177,남아 크록스스타일,STD_012176,5,패션의류잡화 > 영유아동 신발/잡화/기타의류(0~17세) > 남아신발 > 샌들류 > 남아 크록스스타일
STD_012179,슬리퍼/쪼리,STD_012166,4,패션의류잡화 > 영유아동 신발/잡화/기타의류(0~17세) > 남아신발 > 슬리퍼/쪼리
STD_012178,남아 슬리퍼,STD_012179,5,패션의류잡화 > 영유아동 신발/잡화/기타의류(0~17세) > 남아신발 > 슬리퍼/쪼리 > 남아 슬리퍼
STD_012180,남아 플립플랍/쪼리,STD_012179,5,패션의류잡화 > 영유아동 신발/잡화/기타의류(0~17세) > 남아신발 > 슬리퍼/쪼리 > 남아 플립플랍/쪼리
STD_012182,실내화/덧신,STD_012166,4,패션의류잡화 > 영유아동 신발/잡화/기타의류(0~17세) > 남아신발 > 실내화/덧신
STD_012181,남아 실내화,STD_012182,5,패션의류잡화 > 영유아동 신발/잡화/기타의류(0~17세) > 남아신발 > 실내화/덧신 > 남아 실내화
STD_012183,남아 실내화덧신,STD_012182,5,패션의류잡화 > 영유아동 신발/잡화/기타의류(0~17세) > 남아신발 > 실내화/덧신 > 남아 실내화덧신
STD_012185,운동화/스니커즈,STD_012166,4,패션의류잡화 > 영유아동 신발/잡화/기타의류(0~17세) > 남아신발 > 운동화/스니커즈
STD_012184,남아 슬립온,STD_012185,5,패션의류잡화 > 영유아동 신발/잡화/기타의류(0~17세) > 남아신발 > 운동화/스니커즈 > 남아 슬립온
STD_012186,남아 운동화,STD_012185,5,패션의류잡화 > 영유아동 신발/잡화/기타의류(0~17세) > 남아신발 > 운동화/스니커즈 > 남아 운동화
STD_012187,남아 캔버스/스니커즈,STD_012185,5,패션의류잡화 > 영유아동 신발/잡화/기타의류(0~17세) > 남아신발 > 운동화/스니커즈 > 남아 캔버스/스니커즈
STD_012189,한복/신발/소품,STD_012166,4,패션의류잡화 > 영유아동 신발/잡화/기타의류(0~17세) > 남아신발 > 한복/신발/소품
STD_012188,남아 고무신,STD_012189,5,패션의류잡화 > 영유아동 신발/잡화/기타의류(0~17세) > 남아신발 > 한복/신발/소품 > 남아 고무신
STD_012190,남아 한복신발,STD_012189,5,패션의류잡화 > 영유아동 신발/잡화/기타의류(0~17세) > 남아신발 > 한복/신발/소품 > 남아 한복신발
STD_012193,남아잡화,STD_012034,3,패션의류잡화 > 영유아동 신발/잡화/기타의류(0~17세) > 남아잡화
STD_012192,가방,STD_012193,4,패션의류잡화 > 영유아동 신발/잡화/기타의류(0~17세) > 남아잡화 > 가방
STD_012191,남아 백팩/책가방,STD_012192,5,패션의류잡화 > 영유아동 신발/잡화/기타의류(0~17세) > 남아잡화 > 가방 > 남아 백팩/책가방
STD_012194,남아 보조가방/신발주머니,STD_012192,5,패션의류잡화 > 영유아동 신발/잡화/기타의류(0~17세) > 남아잡화 > 가방 > 남아 보조가방/신발주머니
STD_012195,남아 손가방,STD_012192,5,패션의류잡화 > 영유아동 신발/잡화/기타의류(0~17세) > 남아잡화 > 가방 > 남아 손가방
STD_012196,남아 책가방세트,STD_012192,5,패션의류잡화 > 영유아동 신발/잡화/기타의류(0~17세) > 남아잡화 > 가방 > 남아 책가방세트
STD_012197,남아 캐리어/여행가방,STD_012192,5,패션의류잡화 > 영유아동 신발/잡화/기타의류(0~17세) > 남아잡화 > 가방 > 남아 캐리어/여행가방
STD_012198,남아 크로스백,STD_012192,5,패션의류잡화 > 영유아동 신발/잡화/기타의류(0~17세) > 남아잡화 > 가방 > 남아 크로스백
STD_012200,고글/스키용품,STD_012193,4,패션의류잡화 > 영유아동 신발/잡화/기타의류(0~17세) > 남아잡화 > 고글/스키용품
STD_012199,남아 스키/패딩장갑,STD_012200,5,패션의류잡화 > 영유아동 신발/잡화/기타의류(0~17세) > 남아잡화 > 고글/스키용품 > 남아 스키/패딩장갑
STD_012201,남아 지갑,STD_012193,4,패션의류잡화 > 영유아동 신발/잡화/기타의류(0~17세) > 남아잡화 > 남아 지갑
STD_012202,남아 패션마스크,STD_012193,4,패션의류잡화 > 영유아동 신발/잡화/기타의류(0~17세) > 남아잡화 > 남아 패션마스크
STD_012204,넥타이/보타이,STD_012193,4,패션의류잡화 > 영유아동 신발/잡화/기타의류(0~17세) > 남아잡화 > 넥타이/보타이
STD_012203,남아 넥타이,STD_012204,5,패션의류잡화 > 영유아동 신발/잡화/기타의류(0~17세) > 남아잡화 > 넥타이/보타이 > 남아 넥타이
STD_012205,남아 보타이,STD_012204,5,패션의류잡화 > 영유아동 신발/잡화/기타의류(0~17세) > 남아잡화 > 넥타이/보타이 > 남아 보타이
STD_012207,머플러/스카프빕,STD_012193,4,패션의류잡화 > 영유아동 신발/잡화/기타의류(0~17세) > 남아잡화 > 머플러/스카프빕
STD_012206,남아 넥워머,STD_012207,5,패션의류잡화 > 영유아동 신발/잡화/기타의류(0~17세) > 남아잡화 > 머플러/스카프빕 > 남아 넥워머
STD_012208,남아 머플러,STD_012207,5,패션의류잡화 > 영유아동 신발/잡화/기타의류(0~17세) > 남아잡화 > 머플러/스카프빕 > 남아 머플러
STD_012209,남아 스카프,STD_012207,5,패션의류잡화 > 영유아동 신발/잡화/기타의류(0~17세) > 남아잡화 > 머플러/스카프빕 > 남아 스카프
STD_012210,남아 스카프빕,STD_012207,5,패션의류잡화 > 영유아동 신발/잡화/기타의류(0~17세) > 남아잡화 > 머플러/스카프빕 > 남아 스카프빕
STD_012212,모자,STD_012193,4,패션의류잡화 > 영유아동 신발/잡화/기타의류(0~17세) > 남아잡화 > 모자
STD_012211,남아 벙거지/챙모자,STD_012212,5,패션의류잡화 > 영유아동 신발/잡화/기타의류(0~17세) > 남아잡화 > 모자 > 남아 벙거지/챙모자
STD_012213,남아 베레모/헌팅캡,STD_012212,5,패션의류잡화 > 영유아동 신발/잡화/기타의류(0~17세) > 남아잡화 > 모자 > 남아 베레모/헌팅캡
STD_012214,남아 비니,STD_012212,5,패션의류잡화 > 영유아동 신발/잡화/기타의류(0~17세) > 남아잡화 > 모자 > 남아 비니
STD_012215,남아 선캡,STD_012212,5,패션의류잡화 > 영유아동 신발/잡화/기타의류(0~17세) > 남아잡화 > 모자 > 남아 선캡
STD_012216,남아 스냅백/야구모자,STD_012212,5,패션의류잡화 > 영유아동 신발/잡화/기타의류(0~17세) > 남아잡화 > 모자 > 남아 스냅백/야구모자
STD_012217,남아 왕골/밀짚모자,STD_012212,5,패션의류잡화 > 영유아동 신발/잡화/기타의류(0~17세) > 남아잡화 > 모자 > 남아 왕골/밀짚모자
STD_012218,남아 털/귀달이모자,STD_012212,5,패션의류잡화 > 영유아동 신발/잡화/기타의류(0~17세) > 남아잡화 > 모자 > 남아 털/귀달이모자
STD_012219,남아 페도라/중절모,STD_012212,5,패션의류잡화 > 영유아동 신발/잡화/기타의류(0~17세) > 남아잡화 > 모자 > 남아 페도라/중절모
STD_012221,벨트,STD_012193,4,패션의류잡화 > 영유아동 신발/잡화/기타의류(0~17세) > 남아잡화 > 벨트
STD_012220,남아 멜빵/서스펜더,STD_012221,5,패션의류잡화 > 영유아동 신발/잡화/기타의류(0~17세) > 남아잡화 > 벨트 > 남아 멜빵/서스펜더
STD_012222,남아 벨트,STD_012221,5,패션의류잡화 > 영유아동 신발/잡화/기타의류(0~17세) > 남아잡화 > 벨트 > 남아 벨트
STD_012224,선글라스/안경테,STD_012193,4,패션의류잡화 > 영유아동 신발/잡화/기타의류(0~17세) > 남아잡화 > 선글라스/안경테
STD_012223,남아 선글라스,STD_012224,5,패션의류잡화 > 영유아동 신발/잡화/기타의류(0~17세) > 남아잡화 > 선글라스/안경테 > 남아 선글라스
STD_012225,남아 안경테,STD_012224,5,패션의류잡화 > 영유아동 신발/잡화/기타의류(0~17세) > 남아잡화 > 선글라스/안경테 > 남아 안경테
STD_012227,스포츠잡화,STD_012193,4,패션의류잡화 > 영유아동 신발/잡화/기타의류(0~17세) > 남아잡화 > 스포츠잡화
STD_012226,남아 기타비치소품,STD_012227,5,패션의류잡화 > 영유아동 신발/잡화/기타의류(0~17세) > 남아잡화 > 스포츠잡화 > 남아 기타비치소품
STD_012228,남아 수영가방,STD_012227,5,패션의류잡화 > 영유아동 신발/잡화/기타의류(0~17세) > 남아잡화 > 스포츠잡화 > 남아 수영가방
STD_012229,남아 플랩캡,STD_012227,5,패션의류잡화 > 영유아동 신발/잡화/기타의류(0~17세) > 남아잡화 > 스포츠잡화 > 남아 플랩캡
STD_012231,시계/주얼리,STD_012193,4,패션의류잡화 > 영유아동 신발/잡화/기타의류(0~17세) > 남아잡화 > 시계/주얼리
STD_012230,남아 아날로그시계,STD_012231,5,패션의류잡화 > 영유아동 신발/잡화/기타의류(0~17세) > 남아잡화 > 시계/주얼리 > 남아 아날로그시계
STD_012232,남아 전자시계,STD_012231,5,패션의류잡화 > 영유아동 신발/잡화/기타의류(0~17세) > 남아잡화 > 시계/주얼리 > 남아 전자시계
STD_012233,남아 패션주얼리,STD_012231,5,패션의류잡화 > 영유아동 신발/잡화/기타의류(0~17세) > 남아잡화 > 시계/주얼리 > 남아 패션주얼리
STD_012235,앞치마/두건/팔토시/세트,STD_012193,4,패션의류잡화 > 영유아동 신발/잡화/기타의류(0~17세) > 남아잡화 > 앞치마/두건/팔토시/세트
STD_012234,남아 두건,STD_012235,5,패션의류잡화 > 영유아동 신발/잡화/기타의류(0~17세) > 남아잡화 > 앞치마/두건/팔토시/세트 > 남아 두건
STD_012236,남아 앞치마,STD_012235,5,패션의류잡화 > 영유아동 신발/잡화/기타의류(0~17세) > 남아잡화 > 앞치마/두건/팔토시/세트 > 남아 앞치마
STD_012237,남아 앞치마/두건세트,STD_012235,5,패션의류잡화 > 영유아동 신발/잡화/기타의류(0~17세) > 남아잡화 > 앞치마/두건/팔토시/세트 > 남아 앞치마/두건세트
STD_012238,남아 앞치마/토시/두건세트,STD_012235,5,패션의류잡화 > 영유아동 신발/잡화/기타의류(0~17세) > 남아잡화 > 앞치마/두건/팔토시/세트 > 남아 앞치마/토시/두건세트
STD_012239,남아 팔토시,STD_012235,5,패션의류잡화 > 영유아동 신발/잡화/기타의류(0~17세) > 남아잡화 > 앞치마/두건/팔토시/세트 > 남아 팔토시
STD_012241,양말/타이즈,STD_012193,4,패션의류잡화 > 영유아동 신발/잡화/기타의류(0~17세) > 남아잡화 > 양말/타이즈
STD_012240,남아 덧신,STD_012241,5,패션의류잡화 > 영유아동 신발/잡화/기타의류(0~17세) > 남아잡화 > 양말/타이즈 > 남아 덧신
STD_012242,남아 양말,STD_012241,5,패션의류잡화 > 영유아동 신발/잡화/기타의류(0~17세) > 남아잡화 > 양말/타이즈 > 남아 양말
STD_012243,남아 타이즈,STD_012241,5,패션의류잡화 > 영유아동 신발/잡화/기타의류(0~17세) > 남아잡화 > 양말/타이즈 > 남아 타이즈
STD_012245,우산/우비,STD_012193,4,패션의류잡화 > 영유아동 신발/잡화/기타의류(0~17세) > 남아잡화 > 우산/우비
STD_012244,남아 우비,STD_012245,5,패션의류잡화 > 영유아동 신발/잡화/기타의류(0~17세) > 남아잡화 > 우산/우비 > 남아 우비
STD_012246,남아 우산,STD_012245,5,패션의류잡화 > 영유아동 신발/잡화/기타의류(0~17세) > 남아잡화 > 우산/우비 > 남아 우산
STD_012248,장갑/귀마개,STD_012193,4,패션의류잡화 > 영유아동 신발/잡화/기타의류(0~17세) > 남아잡화 > 장갑/귀마개
STD_012247,남아 가죽/스웨이드장갑,STD_012248,5,패션의류잡화 > 영유아동 신발/잡화/기타의류(0~17세) > 남아잡화 > 장갑/귀마개 > 남아 가죽/스웨이드장갑
STD_012249,남아 귀마개,STD_012248,5,패션의류잡화 > 영유아동 신발/잡화/기타의류(0~17세) > 남아잡화 > 장갑/귀마개 > 남아 귀마개
STD_012250,남아 니트장갑,STD_012248,5,패션의류잡화 > 영유아동 신발/잡화/기타의류(0~17세) > 남아잡화 > 장갑/귀마개 > 남아 니트장갑
STD_012251,남아 암워머/기타장갑,STD_012248,5,패션의류잡화 > 영유아동 신발/잡화/기타의류(0~17세) > 남아잡화 > 장갑/귀마개 > 남아 암워머/기타장갑
STD_012253,한복/신발/소품,STD_012193,4,패션의류잡화 > 영유아동 신발/잡화/기타의류(0~17세) > 남아잡화 > 한복/신발/소품
STD_012252,남아 기타액세서리,STD_012253,5,패션의류잡화 > 영유아동 신발/잡화/기타의류(0~17세) > 남아잡화 > 한복/신발/소품 > 남아 기타액세서리
STD_012254,남아 도령모,STD_012253,5,패션의류잡화 > 영유아동 신발/잡화/기타의류(0~17세) > 남아잡화 > 한복/신발/소품 > 남아 도령모
STD_012255,남아 한복소품,STD_012253,5,패션의류잡화 > 영유아동 신발/잡화/기타의류(0~17세) > 남아잡화 > 한복/신발/소품 > 남아 한복소품
STD_012259,남여공용 스포츠/한복 외,STD_012034,3,패션의류잡화 > 영유아동 신발/잡화/기타의류(0~17세) > 남여공용 스포츠/한복 외
STD_012258,발레복/발레화/용품,STD_012259,4,패션의류잡화 > 영유아동 신발/잡화/기타의류(0~17세) > 남여공용 스포츠/한복 외 > 발레복/발레화/용품
STD_012257,스포츠웨어,STD_012258,5,패션의류잡화 > 영유아동 신발/잡화/기타의류(0~17세) > 남여공용 스포츠/한복 외 > 발레복/발레화/용품 > 스포츠웨어
STD_012256,공용 발레 타이즈,STD_012257,6,패션의류잡화 > 영유아동 신발/잡화/기타의류(0~17세) > 남여공용 스포츠/한복 외 > 발레복/발레화/용품 > 스포츠웨어 > 공용 발레 타이즈
STD_012261,수영복/비치웨어,STD_012259,4,패션의류잡화 > 영유아동 신발/잡화/기타의류(0~17세) > 남여공용 스포츠/한복 외 > 수영복/비치웨어
STD_012260,공용 래쉬가드,STD_012261,5,패션의류잡화 > 영유아동 신발/잡화/기타의류(0~17세) > 남여공용 스포츠/한복 외 > 수영복/비치웨어 > 공용 래쉬가드
STD_012262,공용 비치가운,STD_012261,5,패션의류잡화 > 영유아동 신발/잡화/기타의류(0~17세) > 남여공용 스포츠/한복 외 > 수영복/비치웨어 > 공용 비치가운
STD_012263,공용 워터레깅스/수영복바지,STD_012261,5,패션의류잡화 > 영유아동 신발/잡화/기타의류(0~17세) > 남여공용 스포츠/한복 외 > 수영복/비치웨어 > 공용 워터레깅스/수영복바지
STD_012264,공용 커버업/비치점퍼,STD_012261,5,패션의류잡화 > 영유아동 신발/잡화/기타의류(0~17세) > 남여공용 스포츠/한복 외 > 수영복/비치웨어 > 공용 커버업/비치점퍼
STD_012266,스포츠웨어,STD_012259,4,패션의류잡화 > 영유아동 신발/잡화/기타의류(0~17세) > 남여공용 스포츠/한복 외 > 스포츠웨어
STD_012265,공용 스키복 상의,STD_012266,5,패션의류잡화 > 영유아동 신발/잡화/기타의류(0~17세) > 남여공용 스포츠/한복 외 > 스포츠웨어 > 공용 스키복 상의
STD_012267,공용 스키복 상하세트,STD_012266,5,패션의류잡화 > 영유아동 신발/잡화/기타의류(0~17세) > 남여공용 스포츠/한복 외 > 스포츠웨어 > 공용 스키복 상하세트
STD_012268,공용 스키복 하의,STD_012266,5,패션의류잡화 > 영유아동 신발/잡화/기타의류(0~17세) > 남여공용 스포츠/한복 외 > 스포츠웨어 > 공용 스키복 하의
STD_012269,공용 아웃도어/등산 레깅스,STD_012266,5,패션의류잡화 > 영유아동 신발/잡화/기타의류(0~17세) > 남여공용 스포츠/한복 외 > 스포츠웨어 > 공용 아웃도어/등산 레깅스
STD_012270,공용 아웃도어/등산 바람막이,STD_012266,5,패션의류잡화 > 영유아동 신발/잡화/기타의류(0~17세) > 남여공용 스포츠/한복 외 > 스포츠웨어 > 공용 아웃도어/등산 바람막이
STD_012271,공용 아웃도어/등산 바지,STD_012266,5,패션의류잡화 > 영유아동 신발/잡화/기타의류(0~17세) > 남여공용 스포츠/한복 외 > 스포츠웨어 > 공용 아웃도어/등산 바지
STD_012272,공용 아웃도어/등산 스웨터,STD_012266,5,패션의류잡화 > 영유아동 신발/잡화/기타의류(0~17세) > 남여공용 스포츠/한복 외 > 스포츠웨어 > 공용 아웃도어/등산 스웨터
STD_012273,공용 아웃도어/등산 조끼,STD_012266,5,패션의류잡화 > 영유아동 신발/잡화/기타의류(0~17세) > 남여공용 스포츠/한복 외 > 스포츠웨어 > 공용 아웃도어/등산 조끼
STD_012274,공용 아웃도어/등산 티셔츠,STD_012266,5,패션의류잡화 > 영유아동 신발/잡화/기타의류(0~17세) > 남여공용 스포츠/한복 외 > 스포츠웨어 > 공용 아웃도어/등산 티셔츠
STD_012275,공용 아웃도어/등산 패딩점퍼,STD_012266,5,패션의류잡화 > 영유아동 신발/잡화/기타의류(0~17세) > 남여공용 스포츠/한복 외 > 스포츠웨어 > 공용 아웃도어/등산 패딩점퍼
STD_012276,공용 아웃도어/등산 패딩조끼,STD_012266,5,패션의류잡화 > 영유아동 신발/잡화/기타의류(0~17세) > 남여공용 스포츠/한복 외 > 스포츠웨어 > 공용 아웃도어/등산 패딩조끼
STD_012277,공용 아웃도어/등산 후드집업,STD_012266,5,패션의류잡화 > 영유아동 신발/잡화/기타의류(0~17세) > 남여공용 스포츠/한복 외 > 스포츠웨어 > 공용 아웃도어/등산 후드집업
STD_012279,온가족 패밀리룩,STD_012259,4,패션의류잡화 > 영유아동 신발/잡화/기타의류(0~17세) > 남여공용 스포츠/한복 외 > 온가족 패밀리룩
STD_012278,공용 패밀리 잠옷,STD_012279,5,패션의류잡화 > 영유아동 신발/잡화/기타의류(0~17세) > 남여공용 스포츠/한복 외 > 온가족 패밀리룩 > 공용 패밀리 잠옷
STD_012280,공용 패밀리룩 상의,STD_012279,5,패션의류잡화 > 영유아동 신발/잡화/기타의류(0~17세) > 남여공용 스포츠/한복 외 > 온가족 패밀리룩 > 공용 패밀리룩 상의
STD_012281,공용 패밀리룩 상하세트,STD_012279,5,패션의류잡화 > 영유아동 신발/잡화/기타의류(0~17세) > 남여공용 스포츠/한복 외 > 온가족 패밀리룩 > 공용 패밀리룩 상하세트
STD_012282,공용 패밀리룩 하의,STD_012279,5,패션의류잡화 > 영유아동 신발/잡화/기타의류(0~17세) > 남여공용 스포츠/한복 외 > 온가족 패밀리룩 > 공용 패밀리룩 하의
STD_012284,한복/파티복,STD_012259,4,패션의류잡화 > 영유아동 신발/잡화/기타의류(0~17세) > 남여공용 스포츠/한복 외 > 한복/파티복
STD_012283,공용 코스튬/캐릭터복장,STD_012284,5,패션의류잡화 > 영유아동 신발/잡화/기타의류(0~17세) > 남여공용 스포츠/한복 외 > 한복/파티복 > 공용 코스튬/캐릭터복장
STD_012288,여아 스포츠/한복 외,STD_012034,3,패션의류잡화 > 영유아동 신발/잡화/기타의류(0~17세) > 여아 스포츠/한복 외
STD_012287,발레복/발레화/용품,STD_012288,4,패션의류잡화 > 영유아동 신발/잡화/기타의류(0~17세) > 여아 스포츠/한복 외 > 발레복/발레화/용품
STD_012286,스포츠웨어,STD_012287,5,패션의류잡화 > 영유아동 신발/잡화/기타의류(0~17세) > 여아 스포츠/한복 외 > 발레복/발레화/용품 > 스포츠웨어
STD_012285,여아 레오타드,STD_012286,6,패션의류잡화 > 영유아동 신발/잡화/기타의류(0~17세) > 여아 스포츠/한복 외 > 발레복/발레화/용품 > 스포츠웨어 > 여아 레오타드
STD_012289,여아 발레가디건/니트,STD_012286,6,패션의류잡화 > 영유아동 신발/잡화/기타의류(0~17세) > 여아 스포츠/한복 외 > 발레복/발레화/용품 > 스포츠웨어 > 여아 발레가디건/니트
STD_012290,여아 발레복세트,STD_012286,6,패션의류잡화 > 영유아동 신발/잡화/기타의류(0~17세) > 여아 스포츠/한복 외 > 발레복/발레화/용품 > 스포츠웨어 > 여아 발레복세트
STD_012291,여아 발레스커트,STD_012286,6,패션의류잡화 > 영유아동 신발/잡화/기타의류(0~17세) > 여아 스포츠/한복 외 > 발레복/발레화/용품 > 스포츠웨어 > 여아 발레스커트
STD_012292,여아 발레타이즈,STD_012286,6,패션의류잡화 > 영유아동 신발/잡화/기타의류(0~17세) > 여아 스포츠/한복 외 > 발레복/발레화/용품 > 스포츠웨어 > 여아 발레타이즈
STD_012293,여아 발레티셔츠,STD_012286,6,패션의류잡화 > 영유아동 신발/잡화/기타의류(0~17세) > 여아 스포츠/한복 외 > 발레복/발레화/용품 > 스포츠웨어 > 여아 발레티셔츠
STD_012294,여아 발레팬츠,STD_012286,6,패션의류잡화 > 영유아동 신발/잡화/기타의류(0~17세) > 여아 스포츠/한복 외 > 발레복/발레화/용품 > 스포츠웨어 > 여아 발레팬츠
STD_012295,여아 분리형발레복,STD_012286,6,패션의류잡화 > 영유아동 신발/잡화/기타의류(0~17세) > 여아 스포츠/한복 외 > 발레복/발레화/용품 > 스포츠웨어 > 여아 분리형발레복
STD_012296,여아 쉬폰형발레복,STD_012286,6,패션의류잡화 > 영유아동 신발/잡화/기타의류(0~17세) > 여아 스포츠/한복 외 > 발레복/발레화/용품 > 스포츠웨어 > 여아 쉬폰형발레복
STD_012297,여아 튜튜형발레복,STD_012286,6,패션의류잡화 > 영유아동 신발/잡화/기타의류(0~17세) > 여아 스포츠/한복 외 > 발레복/발레화/용품 > 스포츠웨어 > 여아 튜튜형발레복
STD_012299,수영복/비치웨어,STD_012288,4,패션의류잡화 > 영유아동 신발/잡화/기타의류(0~17세) > 여아 스포츠/한복 외 > 수영복/비치웨어
STD_012298,여아 래쉬가드,STD_012299,5,패션의류잡화 > 영유아동 신발/잡화/기타의류(0~17세) > 여아 스포츠/한복 외 > 수영복/비치웨어 > 여아 래쉬가드
STD_012300,여아 비치가운,STD_012299,5,패션의류잡화 > 영유아동 신발/잡화/기타의류(0~17세) > 여아 스포츠/한복 외 > 수영복/비치웨어 > 여아 비치가운
STD_012301,여아 쓰리피스 수영복,STD_012299,5,패션의류잡화 > 영유아동 신발/잡화/기타의류(0~17세) > 여아 스포츠/한복 외 > 수영복/비치웨어 > 여아 쓰리피스 수영복
STD_012302,여아 워터레깅스/수영복바지,STD_012299,5,패션의류잡화 > 영유아동 신발/잡화/기타의류(0~17세) > 여아 스포츠/한복 외 > 수영복/비치웨어 > 여아 워터레깅스/수영복바지
STD_012303,여아 원피스 수영복,STD_012299,5,패션의류잡화 > 영유아동 신발/잡화/기타의류(0~17세) > 여아 스포츠/한복 외 > 수영복/비치웨어 > 여아 원피스 수영복
STD_012304,여아 커버업/비치점퍼,STD_012299,5,패션의류잡화 > 영유아동 신발/잡화/기타의류(0~17세) > 여아 스포츠/한복 외 > 수영복/비치웨어 > 여아 커버업/비치점퍼
STD_012305,여아 투피스 수영복,STD_012299,5,패션의류잡화 > 영유아동 신발/잡화/기타의류(0~17세) > 여아 스포츠/한복 외 > 수영복/비치웨어 > 여아 투피스 수영복
STD_012307,스포츠웨어,STD_012288,4,패션의류잡화 > 영유아동 신발/잡화/기타의류(0~17세) > 여아 스포츠/한복 외 > 스포츠웨어
STD_012306,여아 밸리댄스복,STD_012307,5,패션의류잡화 > 영유아동 신발/잡화/기타의류(0~17세) > 여아 스포츠/한복 외 > 스포츠웨어 > 여아 밸리댄스복
STD_012308,여아 스키복 상의,STD_012307,5,패션의류잡화 > 영유아동 신발/잡화/기타의류(0~17세) > 여아 스포츠/한복 외 > 스포츠웨어 > 여아 스키복 상의
STD_012309,여아 스키복 상하세트,STD_012307,5,패션의류잡화 > 영유아동 신발/잡화/기타의류(0~17세) > 여아 스포츠/한복 외 > 스포츠웨어 > 여아 스키복 상하세트
STD_012310,여아 스키복 하의,STD_012307,5,패션의류잡화 > 영유아동 신발/잡화/기타의류(0~17세) > 여아 스포츠/한복 외 > 스포츠웨어 > 여아 스키복 하의
STD_012311,여아 아웃도어/등산 레깅스,STD_012307,5,패션의류잡화 > 영유아동 신발/잡화/기타의류(0~17세) > 여아 스포츠/한복 외 > 스포츠웨어 > 여아 아웃도어/등산 레깅스
STD_012312,여아 아웃도어/등산 바람막이,STD_012307,5,패션의류잡화 > 영유아동 신발/잡화/기타의류(0~17세) > 여아 스포츠/한복 외 > 스포츠웨어 > 여아 아웃도어/등산 바람막이
STD_012313,여아 아웃도어/등산 바지,STD_012307,5,패션의류잡화 > 영유아동 신발/잡화/기타의류(0~17세) > 여아 스포츠/한복 외 > 스포츠웨어 > 여아 아웃도어/등산 바지
STD_012314,여아 아웃도어/등산 스웨터,STD_012307,5,패션의류잡화 > 영유아동 신발/잡화/기타의류(0~17세) > 여아 스포츠/한복 외 > 스포츠웨어 > 여아 아웃도어/등산 스웨터
STD_012315,여아 아웃도어/등산 조끼,STD_012307,5,패션의류잡화 > 영유아동 신발/잡화/기타의류(0~17세) > 여아 스포츠/한복 외 > 스포츠웨어 > 여아 아웃도어/등산 조끼
STD_012316,여아 아웃도어/등산 티셔츠,STD_012307,5,패션의류잡화 > 영유아동 신발/잡화/기타의류(0~17세) > 여아 스포츠/한복 외 > 스포츠웨어 > 여아 아웃도어/등산 티셔츠
STD_012317,여아 아웃도어/등산 패딩점퍼,STD_012307,5,패션의류잡화 > 영유아동 신발/잡화/기타의류(0~17세) > 여아 스포츠/한복 외 > 스포츠웨어 > 여아 아웃도어/등산 패딩점퍼
STD_012318,여아 아웃도어/등산 패딩조끼,STD_012307,5,패션의류잡화 > 영유아동 신발/잡화/기타의류(0~17세) > 여아 스포츠/한복 외 > 스포츠웨어 > 여아 아웃도어/등산 패딩조끼
STD_012319,여아 아웃도어/등산 후드집업,STD_012307,5,패션의류잡화 > 영유아동 신발/잡화/기타의류(0~17세) > 여아 스포츠/한복 외 > 스포츠웨어 > 여아 아웃도어/등산 후드집업
STD_012321,파티복,STD_012288,4,패션의류잡화 > 영유아동 신발/잡화/기타의류(0~17세) > 여아 스포츠/한복 외 > 파티복
STD_012320,여아 코스튬/캐릭터복장,STD_012321,5,패션의류잡화 > 영유아동 신발/잡화/기타의류(0~17세) > 여아 스포츠/한복 외 > 파티복 > 여아 코스튬/캐릭터복장
STD_012323,한복/신발/소품,STD_012288,4,패션의류잡화 > 영유아동 신발/잡화/기타의류(0~17세) > 여아 스포츠/한복 외 > 한복/신발/소품
STD_012322,여아 한복 두루마기/마고자/배자,STD_012323,5,패션의류잡화 > 영유아동 신발/잡화/기타의류(0~17세) > 여아 스포츠/한복 외 > 한복/신발/소품 > 여아 한복 두루마기/마고자/배자
STD_012324,여아 한복세트,STD_012323,5,패션의류잡화 > 영유아동 신발/잡화/기타의류(0~17세) > 여아 스포츠/한복 외 > 한복/신발/소품 > 여아 한복세트
STD_012325,여아 한복속치마,STD_012323,5,패션의류잡화 > 영유아동 신발/잡화/기타의류(0~17세) > 여아 스포츠/한복 외 > 한복/신발/소품 > 여아 한복속치마
STD_012326,여아 한복저고리,STD_012323,5,패션의류잡화 > 영유아동 신발/잡화/기타의류(0~17세) > 여아 스포츠/한복 외 > 한복/신발/소품 > 여아 한복저고리
STD_012327,여아 한복치마,STD_012323,5,패션의류잡화 > 영유아동 신발/잡화/기타의류(0~17세) > 여아 스포츠/한복 외 > 한복/신발/소품 > 여아 한복치마
STD_012331,여아신발,STD_012034,3,패션의류잡화 > 영유아동 신발/잡화/기타의류(0~17세) > 여아신발
STD_012330,발레복/발레화/용품,STD_012331,4,패션의류잡화 > 영유아동 신발/잡화/기타의류(0~17세) > 여아신발 > 발레복/발레화/용품
STD_012329,기타신발,STD_012330,5,패션의류잡화 > 영유아동 신발/잡화/기타의류(0~17세) > 여아신발 > 발레복/발레화/용품 > 기타신발
STD_012328,여아 발레화,STD_012329,6,패션의류잡화 > 영유아동 신발/잡화/기타의류(0~17세) > 여아신발 > 발레복/발레화/용품 > 기타신발 > 여아 발레화
STD_012333,부츠/워커,STD_012331,4,패션의류잡화 > 영유아동 신발/잡화/기타의류(0~17세) > 여아신발 > 부츠/워커
STD_012332,여아 레인부츠,STD_012333,5,패션의류잡화 > 영유아동 신발/잡화/기타의류(0~17세) > 여아신발 > 부츠/워커 > 여아 레인부츠
STD_012334,여아 부츠,STD_012333,5,패션의류잡화 > 영유아동 신발/잡화/기타의류(0~17세) > 여아신발 > 부츠/워커 > 여아 부츠
STD_012335,여아 워커,STD_012333,5,패션의류잡화 > 영유아동 신발/잡화/기타의류(0~17세) > 여아신발 > 부츠/워커 > 여아 워커
STD_012337,샌들류,STD_012331,4,패션의류잡화 > 영유아동 신발/잡화/기타의류(0~17세) > 여아신발 > 샌들류
STD_012336,여아 샌들,STD_012337,5,패션의류잡화 > 영유아동 신발/잡화/기타의류(0~17세) > 여아신발 > 샌들류 > 여아 샌들
STD_012338,여아 크록스스타일,STD_012337,5,패션의류잡화 > 영유아동 신발/잡화/기타의류(0~17세) > 여아신발 > 샌들류 > 여아 크록스스타일
STD_012340,슬리퍼/쪼리,STD_012331,4,패션의류잡화 > 영유아동 신발/잡화/기타의류(0~17세) > 여아신발 > 슬리퍼/쪼리
STD_012339,여아 슬리퍼,STD_012340,5,패션의류잡화 > 영유아동 신발/잡화/기타의류(0~17세) > 여아신발 > 슬리퍼/쪼리 > 여아 슬리퍼
STD_012341,여아 플립플랍/쪼리,STD_012340,5,패션의류잡화 > 영유아동 신발/잡화/기타의류(0~17세) > 여아신발 > 슬리퍼/쪼리 > 여아 플립플랍/쪼리
STD_012343,실내화/덧신,STD_012331,4,패션의류잡화 > 영유아동 신발/잡화/기타의류(0~17세) > 여아신발 > 실내화/덧신
STD_012342,여아 실내화,STD_012343,5,패션의류잡화 > 영유아동 신발/잡화/기타의류(0~17세) > 여아신발 > 실내화/덧신 > 여아 실내화
STD_012344,여아 실내화 덧신,STD_012343,5,패션의류잡화 > 영유아동 신발/잡화/기타의류(0~17세) > 여아신발 > 실내화/덧신 > 여아 실내화 덧신
STD_012345,여아 구두,STD_012331,4,패션의류잡화 > 영유아동 신발/잡화/기타의류(0~17세) > 여아신발 > 여아 구두
STD_012346,여아 아쿠아슈즈,STD_012331,4,패션의류잡화 > 영유아동 신발/잡화/기타의류(0~17세) > 여아신발 > 여아 아쿠아슈즈
STD_012348,운동화/스니커즈,STD_012331,4,패션의류잡화 > 영유아동 신발/잡화/기타의류(0~17세) > 여아신발 > 운동화/스니커즈
STD_012347,여아 슬립온,STD_012348,5,패션의류잡화 > 영유아동 신발/잡화/기타의류(0~17세) > 여아신발 > 운동화/스니커즈 > 여아 슬립온
STD_012349,여아 운동화,STD_012348,5,패션의류잡화 > 영유아동 신발/잡화/기타의류(0~17세) > 여아신발 > 운동화/스니커즈 > 여아 운동화
STD_012350,여아 캔버스/스니커즈,STD_012348,5,패션의류잡화 > 영유아동 신발/잡화/기타의류(0~17세) > 여아신발 > 운동화/스니커즈 > 여아 캔버스/스니커즈
STD_012352,한복/신발/소품,STD_012331,4,패션의류잡화 > 영유아동 신발/잡화/기타의류(0~17세) > 여아신발 > 한복/신발/소품
STD_012351,여아 고무신,STD_012352,5,패션의류잡화 > 영유아동 신발/잡화/기타의류(0~17세) > 여아신발 > 한복/신발/소품 > 여아 고무신
STD_012353,여아 한복신발,STD_012352,5,패션의류잡화 > 영유아동 신발/잡화/기타의류(0~17세) > 여아신발 > 한복/신발/소품 > 여아 한복신발
STD_012356,여아잡화,STD_012034,3,패션의류잡화 > 영유아동 신발/잡화/기타의류(0~17세) > 여아잡화
STD_012355,가방,STD_012356,4,패션의류잡화 > 영유아동 신발/잡화/기타의류(0~17세) > 여아잡화 > 가방
STD_012354,여아 백팩/책가방,STD_012355,5,패션의류잡화 > 영유아동 신발/잡화/기타의류(0~17세) > 여아잡화 > 가방 > 여아 백팩/책가방
STD_012357,여아 보조가방/신발주머니,STD_012355,5,패션의류잡화 > 영유아동 신발/잡화/기타의류(0~17세) > 여아잡화 > 가방 > 여아 보조가방/신발주머니
STD_012358,여아 손가방,STD_012355,5,패션의류잡화 > 영유아동 신발/잡화/기타의류(0~17세) > 여아잡화 > 가방 > 여아 손가방
STD_012359,여아 책가방세트,STD_012355,5,패션의류잡화 > 영유아동 신발/잡화/기타의류(0~17세) > 여아잡화 > 가방 > 여아 책가방세트
STD_012360,여아 캐리어/여행가방,STD_012355,5,패션의류잡화 > 영유아동 신발/잡화/기타의류(0~17세) > 여아잡화 > 가방 > 여아 캐리어/여행가방
STD_012361,여아 크로스백,STD_012355,5,패션의류잡화 > 영유아동 신발/잡화/기타의류(0~17세) > 여아잡화 > 가방 > 여아 크로스백
STD_012363,고글/스키용품,STD_012356,4,패션의류잡화 > 영유아동 신발/잡화/기타의류(0~17세) > 여아잡화 > 고글/스키용품
STD_012362,여아 스키/패딩장갑,STD_012363,5,패션의류잡화 > 영유아동 신발/잡화/기타의류(0~17세) > 여아잡화 > 고글/스키용품 > 여아 스키/패딩장갑
STD_012365,머플러/스카프빕,STD_012356,4,패션의류잡화 > 영유아동 신발/잡화/기타의류(0~17세) > 여아잡화 > 머플러/스카프빕
STD_012364,여아 넥워머,STD_012365,5,패션의류잡화 > 영유아동 신발/잡화/기타의류(0~17세) > 여아잡화 > 머플러/스카프빕 > 여아 넥워머
STD_012366,여아 머플러,STD_012365,5,패션의류잡화 > 영유아동 신발/잡화/기타의류(0~17세) > 여아잡화 > 머플러/스카프빕 > 여아 머플러
STD_012367,여아 스카프,STD_012365,5,패션의류잡화 > 영유아동 신발/잡화/기타의류(0~17세) > 여아잡화 > 머플러/스카프빕 > 여아 스카프
STD_012368,여아 스카프빕,STD_012365,5,패션의류잡화 > 영유아동 신발/잡화/기타의류(0~17세) > 여아잡화 > 머플러/스카프빕 > 여아 스카프빕
STD_012370,모자,STD_012356,4,패션의류잡화 > 영유아동 신발/잡화/기타의류(0~17세) > 여아잡화 > 모자
STD_012369,여아 벙거지/챙모자,STD_012370,5,패션의류잡화 > 영유아동 신발/잡화/기타의류(0~17세) > 여아잡화 > 모자 > 여아 벙거지/챙모자
STD_012371,여아 베레모/헌팅캡,STD_012370,5,패션의류잡화 > 영유아동 신발/잡화/기타의류(0~17세) > 여아잡화 > 모자 > 여아 베레모/헌팅캡
STD_012372,여아 비니,STD_012370,5,패션의류잡화 > 영유아동 신발/잡화/기타의류(0~17세) > 여아잡화 > 모자 > 여아 비니
STD_012373,여아 선캡,STD_012370,5,패션의류잡화 > 영유아동 신발/잡화/기타의류(0~17세) > 여아잡화 > 모자 > 여아 선캡
STD_012374,여아 스냅백/야구모자,STD_012370,5,패션의류잡화 > 영유아동 신발/잡화/기타의류(0~17세) > 여아잡화 > 모자 > 여아 스냅백/야구모자
STD_012375,여아 왕골/밀짚모자,STD_012370,5,패션의류잡화 > 영유아동 신발/잡화/기타의류(0~17세) > 여아잡화 > 모자 > 여아 왕골/밀짚모자
STD_012376,여아 털/귀달이모자,STD_012370,5,패션의류잡화 > 영유아동 신발/잡화/기타의류(0~17세) > 여아잡화 > 모자 > 여아 털/귀달이모자
STD_012377,여아 페도라/중절모,STD_012370,5,패션의류잡화 > 영유아동 신발/잡화/기타의류(0~17세) > 여아잡화 > 모자 > 여아 페도라/중절모
STD_012380,발레복/발레화/용품,STD_012356,4,패션의류잡화 > 영유아동 신발/잡화/기타의류(0~17세) > 여아잡화 > 발레복/발레화/용품
STD_012379,스포츠잡화,STD_012380,5,패션의류잡화 > 영유아동 신발/잡화/기타의류(0~17세) > 여아잡화 > 발레복/발레화/용품 > 스포츠잡화
STD_012378,여아 발레워머/토시,STD_012379,6,패션의류잡화 > 영유아동 신발/잡화/기타의류(0~17세) > 여아잡화 > 발레복/발레화/용품 > 스포츠잡화 > 여아 발레워머/토시
STD_012382,벨트,STD_012356,4,패션의류잡화 > 영유아동 신발/잡화/기타의류(0~17세) > 여아잡화 > 벨트
STD_012381,여아 멜빵/서스펜더,STD_012382,5,패션의류잡화 > 영유아동 신발/잡화/기타의류(0~17세) > 여아잡화 > 벨트 > 여아 멜빵/서스펜더
STD_012383,여아 벨트,STD_012382,5,패션의류잡화 > 영유아동 신발/잡화/기타의류(0~17세) > 여아잡화 > 벨트 > 여아 벨트
STD_012385,선글라스/안경테,STD_012356,4,패션의류잡화 > 영유아동 신발/잡화/기타의류(0~17세) > 여아잡화 > 선글라스/안경테
STD_012384,여아 선글라스,STD_012385,5,패션의류잡화 > 영유아동 신발/잡화/기타의류(0~17세) > 여아잡화 > 선글라스/안경테 > 여아 선글라스
STD_012386,여아 안경테,STD_012385,5,패션의류잡화 > 영유아동 신발/잡화/기타의류(0~17세) > 여아잡화 > 선글라스/안경테 > 여아 안경테
STD_012388,스포츠잡화,STD_012356,4,패션의류잡화 > 영유아동 신발/잡화/기타의류(0~17세) > 여아잡화 > 스포츠잡화
STD_012387,여아 기타비치소품,STD_012388,5,패션의류잡화 > 영유아동 신발/잡화/기타의류(0~17세) > 여아잡화 > 스포츠잡화 > 여아 기타비치소품
STD_012389,여아 수영가방,STD_012388,5,패션의류잡화 > 영유아동 신발/잡화/기타의류(0~17세) > 여아잡화 > 스포츠잡화 > 여아 수영가방
STD_012390,여아 플랩캡,STD_012388,5,패션의류잡화 > 영유아동 신발/잡화/기타의류(0~17세) > 여아잡화 > 스포츠잡화 > 여아 플랩캡
STD_012392,시계/주얼리,STD_012356,4,패션의류잡화 > 영유아동 신발/잡화/기타의류(0~17세) > 여아잡화 > 시계/주얼리
STD_012391,여아 시계,STD_012392,5,패션의류잡화 > 영유아동 신발/잡화/기타의류(0~17세) > 여아잡화 > 시계/주얼리 > 여아 시계
STD_012393,여아 패션주얼리,STD_012392,5,패션의류잡화 > 영유아동 신발/잡화/기타의류(0~17세) > 여아잡화 > 시계/주얼리 > 여아 패션주얼리
STD_012395,앞치마/두건/팔토시/세트,STD_012356,4,패션의류잡화 > 영유아동 신발/잡화/기타의류(0~17세) > 여아잡화 > 앞치마/두건/팔토시/세트
STD_012394,여아 두건,STD_012395,5,패션의류잡화 > 영유아동 신발/잡화/기타의류(0~17세) > 여아잡화 > 앞치마/두건/팔토시/세트 > 여아 두건
STD_012396,여아 앞치마,STD_012395,5,패션의류잡화 > 영유아동 신발/잡화/기타의류(0~17세) > 여아잡화 > 앞치마/두건/팔토시/세트 > 여아 앞치마
STD_012397,여아 앞치마/두건세트,STD_012395,5,패션의류잡화 > 영유아동 신발/잡화/기타의류(0~17세) > 여아잡화 > 앞치마/두건/팔토시/세트 > 여아 앞치마/두건세트
STD_012398,여아 앞치마/토시/두건세트,STD_012395,5,패션의류잡화 > 영유아동 신발/잡화/기타의류(0~17세) > 여아잡화 > 앞치마/두건/팔토시/세트 > 여아 앞치마/토시/두건세트
STD_012399,여아 팔토시,STD_012395,5,패션의류잡화 > 영유아동 신발/잡화/기타의류(0~17세) > 여아잡화 > 앞치마/두건/팔토시/세트 > 여아 팔토시
STD_012401,양말/타이즈,STD_012356,4,패션의류잡화 > 영유아동 신발/잡화/기타의류(0~17세) > 여아잡화 > 양말/타이즈
STD_012400,여아 덧신,STD_012401,5,패션의류잡화 > 영유아동 신발/잡화/기타의류(0~17세) > 여아잡화 > 양말/타이즈 > 여아 덧신
STD_012402,여아 스타킹,STD_012401,5,패션의류잡화 > 영유아동 신발/잡화/기타의류(0~17세) > 여아잡화 > 양말/타이즈 > 여아 스타킹
STD_012403,여아 양말,STD_012401,5,패션의류잡화 > 영유아동 신발/잡화/기타의류(0~17세) > 여아잡화 > 양말/타이즈 > 여아 양말
STD_012404,여아 타이즈,STD_012401,5,패션의류잡화 > 영유아동 신발/잡화/기타의류(0~17세) > 여아잡화 > 양말/타이즈 > 여아 타이즈
STD_012405,여아 지갑,STD_012356,4,패션의류잡화 > 영유아동 신발/잡화/기타의류(0~17세) > 여아잡화 > 여아 지갑
STD_012406,여아 패션마스크,STD_012356,4,패션의류잡화 > 영유아동 신발/잡화/기타의류(0~17세) > 여아잡화 > 여아 패션마스크
STD_012408,우산/우비,STD_012356,4,패션의류잡화 > 영유아동 신발/잡화/기타의류(0~17세) > 여아잡화 > 우산/우비
STD_012407,여아 우비,STD_012408,5,패션의류잡화 > 영유아동 신발/잡화/기타의류(0~17세) > 여아잡화 > 우산/우비 > 여아 우비
STD_012409,여아 우산,STD_012408,5,패션의류잡화 > 영유아동 신발/잡화/기타의류(0~17세) > 여아잡화 > 우산/우비 > 여아 우산
STD_012411,장갑/귀마개,STD_012356,4,패션의류잡화 > 영유아동 신발/잡화/기타의류(0~17세) > 여아잡화 > 장갑/귀마개
STD_012410,여아 가죽/스웨이드장갑,STD_012411,5,패션의류잡화 > 영유아동 신발/잡화/기타의류(0~17세) > 여아잡화 > 장갑/귀마개 > 여아 가죽/스웨이드장갑
STD_012412,여아 귀마개,STD_012411,5,패션의류잡화 > 영유아동 신발/잡화/기타의류(0~17세) > 여아잡화 > 장갑/귀마개 > 여아 귀마개
STD_012413,여아 니트장갑,STD_012411,5,패션의류잡화 > 영유아동 신발/잡화/기타의류(0~17세) > 여아잡화 > 장갑/귀마개 > 여아 니트장갑
STD_012414,여아 암워머/기타장갑,STD_012411,5,패션의류잡화 > 영유아동 신발/잡화/기타의류(0~17세) > 여아잡화 > 장갑/귀마개 > 여아 암워머/기타장갑
STD_012416,한복/신발/소품,STD_012356,4,패션의류잡화 > 영유아동 신발/잡화/기타의류(0~17세) > 여아잡화 > 한복/신발/소품
STD_012415,여아 기타액세서리,STD_012416,5,패션의류잡화 > 영유아동 신발/잡화/기타의류(0~17세) > 여아잡화 > 한복/신발/소품 > 여아 기타액세서리
STD_012417,여아 한복 소품,STD_012416,5,패션의류잡화 > 영유아동 신발/잡화/기타의류(0~17세) > 여아잡화 > 한복/신발/소품 > 여아 한복 소품
STD_012418,여아 한복 조바위,STD_012416,5,패션의류잡화 > 영유아동 신발/잡화/기타의류(0~17세) > 여아잡화 > 한복/신발/소품 > 여아 한복 조바위
STD_012419,여아 한복 헤어액세서리,STD_012416,5,패션의류잡화 > 영유아동 신발/잡화/기타의류(0~17세) > 여아잡화 > 한복/신발/소품 > 여아 한복 헤어액세서리
STD_012421,헤어액세서리,STD_012356,4,패션의류잡화 > 영유아동 신발/잡화/기타의류(0~17세) > 여아잡화 > 헤어액세서리
STD_012420,헤어끈,STD_012421,5,패션의류잡화 > 영유아동 신발/잡화/기타의류(0~17세) > 여아잡화 > 헤어액세서리 > 헤어끈
STD_012422,헤어밴드/머리띠,STD_012421,5,패션의류잡화 > 영유아동 신발/잡화/기타의류(0~17세) > 여아잡화 > 헤어액세서리 > 헤어밴드/머리띠
STD_012423,헤어집게,STD_012421,5,패션의류잡화 > 영유아동 신발/잡화/기타의류(0~17세) > 여아잡화 > 헤어액세서리 > 헤어집게
STD_012424,헤어핀,STD_012421,5,패션의류잡화 > 영유아동 신발/잡화/기타의류(0~17세) > 여아잡화 > 헤어액세서리 > 헤어핀
STD_012427,유니섹스/남녀공용 패션,STD_010831,2,패션의류잡화 > 유니섹스/남녀공용 패션
STD_012426,공용 시계,STD_012427,3,패션의류잡화 > 유니섹스/남녀공용 패션 > 공용 시계
STD_012425,남녀공용가죽시계,STD_012426,4,패션의류잡화 > 유니섹스/남녀공용 패션 > 공용 시계 > 남녀공용가죽시계
STD_012428,남녀공용메탈시계,STD_012426,4,패션의류잡화 > 유니섹스/남녀공용 패션 > 공용 시계 > 남녀공용메탈시계
STD_012429,남녀공용세라믹 시계,STD_012426,4,패션의류잡화 > 유니섹스/남녀공용 패션 > 공용 시계 > 남녀공용세라믹 시계
STD_012430,남녀공용스포츠시계,STD_012426,4,패션의류잡화 > 유니섹스/남녀공용 패션 > 공용 시계 > 남녀공용스포츠시계
STD_012431,남녀공용젤리/우레탄시계,STD_012426,4,패션의류잡화 > 유니섹스/남녀공용 패션 > 공용 시계 > 남녀공용젤리/우레탄시계
STD_012432,남녀공용커플시계,STD_012426,4,패션의류잡화 > 유니섹스/남녀공용 패션 > 공용 시계 > 남녀공용커플시계
STD_012433,남녀공용패브릭시계,STD_012426,4,패션의류잡화 > 유니섹스/남녀공용 패션 > 공용 시계 > 남녀공용패브릭시계
STD_012435,시계줄/시계소품/기타,STD_012426,4,패션의류잡화 > 유니섹스/남녀공용 패션 > 공용 시계 > 시계줄/시계소품/기타
STD_012434,가죽밴드,STD_012435,5,패션의류잡화 > 유니섹스/남녀공용 패션 > 공용 시계 > 시계줄/시계소품/기타 > 가죽밴드
STD_012436,기타밴드,STD_012435,5,패션의류잡화 > 유니섹스/남녀공용 패션 > 공용 시계 > 시계줄/시계소품/기타 > 기타밴드
STD_012437,메탈밴드,STD_012435,5,패션의류잡화 > 유니섹스/남녀공용 패션 > 공용 시계 > 시계줄/시계소품/기타 > 메탈밴드
STD_012438,수납함/기타,STD_012435,5,패션의류잡화 > 유니섹스/남녀공용 패션 > 공용 시계 > 시계줄/시계소품/기타 > 수납함/기타
STD_012439,시계공구,STD_012435,5,패션의류잡화 > 유니섹스/남녀공용 패션 > 공용 시계 > 시계줄/시계소품/기타 > 시계공구
STD_012440,젤리/우레탄밴드,STD_012435,5,패션의류잡화 > 유니섹스/남녀공용 패션 > 공용 시계 > 시계줄/시계소품/기타 > 젤리/우레탄밴드
STD_012443,공용 잡화,STD_012427,3,패션의류잡화 > 유니섹스/남녀공용 패션 > 공용 잡화
STD_012442,가방,STD_012443,4,패션의류잡화 > 유니섹스/남녀공용 패션 > 공용 잡화 > 가방
STD_012441,남녀공용가방액세서리,STD_012442,5,패션의류잡화 > 유니섹스/남녀공용 패션 > 공용 잡화 > 가방 > 남녀공용가방액세서리
STD_012444,남녀공용기타캐주얼가방,STD_012442,5,패션의류잡화 > 유니섹스/남녀공용 패션 > 공용 잡화 > 가방 > 남녀공용기타캐주얼가방
STD_012445,남녀공용노트북 가방,STD_012442,5,패션의류잡화 > 유니섹스/남녀공용 패션 > 공용 잡화 > 가방 > 남녀공용노트북 가방
STD_012446,남녀공용백팩,STD_012442,5,패션의류잡화 > 유니섹스/남녀공용 패션 > 공용 잡화 > 가방 > 남녀공용백팩
STD_012447,남녀공용숄더백,STD_012442,5,패션의류잡화 > 유니섹스/남녀공용 패션 > 공용 잡화 > 가방 > 남녀공용숄더백
STD_012448,남녀공용이너백,STD_012442,5,패션의류잡화 > 유니섹스/남녀공용 패션 > 공용 잡화 > 가방 > 남녀공용이너백
STD_012449,남녀공용캔버스/에코백,STD_012442,5,패션의류잡화 > 유니섹스/남녀공용 패션 > 공용 잡화 > 가방 > 남녀공용캔버스/에코백
STD_012450,남녀공용크로스/메신저백,STD_012442,5,패션의류잡화 > 유니섹스/남녀공용 패션 > 공용 잡화 > 가방 > 남녀공용크로스/메신저백
STD_012451,남녀공용클러치,STD_012442,5,패션의류잡화 > 유니섹스/남녀공용 패션 > 공용 잡화 > 가방 > 남녀공용클러치
STD_012452,남녀공용토트백,STD_012442,5,패션의류잡화 > 유니섹스/남녀공용 패션 > 공용 잡화 > 가방 > 남녀공용토트백
STD_012453,남녀공용파우치,STD_012442,5,패션의류잡화 > 유니섹스/남녀공용 패션 > 공용 잡화 > 가방 > 남녀공용파우치
STD_012454,남녀공용힙색/허리색,STD_012442,5,패션의류잡화 > 유니섹스/남녀공용 패션 > 공용 잡화 > 가방 > 남녀공용힙색/허리색
STD_012456,기타시즌잡화,STD_012443,4,패션의류잡화 > 유니섹스/남녀공용 패션 > 공용 잡화 > 기타시즌잡화
STD_012455,기타잡화,STD_012456,5,패션의류잡화 > 유니섹스/남녀공용 패션 > 공용 잡화 > 기타시즌잡화 > 기타잡화
STD_012457,남녀공용우비,STD_012443,4,패션의류잡화 > 유니섹스/남녀공용 패션 > 공용 잡화 > 남녀공용우비
STD_012458,마스크 스트랩,STD_012443,4,패션의류잡화 > 유니섹스/남녀공용 패션 > 공용 잡화 > 마스크 스트랩
STD_012460,머플러/스카프/숄,STD_012443,4,패션의류잡화 > 유니섹스/남녀공용 패션 > 공용 잡화 > 머플러/스카프/숄
STD_012459,남녀공용넥워머,STD_012460,5,패션의류잡화 > 유니섹스/남녀공용 패션 > 공용 잡화 > 머플러/스카프/숄 > 남녀공용넥워머
STD_012461,남녀공용니트머플러,STD_012460,5,패션의류잡화 > 유니섹스/남녀공용 패션 > 공용 잡화 > 머플러/스카프/숄 > 남녀공용니트머플러
STD_012462,남녀공용린넨머플러,STD_012460,5,패션의류잡화 > 유니섹스/남녀공용 패션 > 공용 잡화 > 머플러/스카프/숄 > 남녀공용린넨머플러
STD_012463,남녀공용면(아사)스카프,STD_012460,5,패션의류잡화 > 유니섹스/남녀공용 패션 > 공용 잡화 > 머플러/스카프/숄 > 남녀공용면(아사)스카프
STD_012464,남녀공용숄/망토,STD_012460,5,패션의류잡화 > 유니섹스/남녀공용 패션 > 공용 잡화 > 머플러/스카프/숄 > 남녀공용숄/망토
STD_012465,남녀공용실크스카프,STD_012460,5,패션의류잡화 > 유니섹스/남녀공용 패션 > 공용 잡화 > 머플러/스카프/숄 > 남녀공용실크스카프
STD_012466,남녀공용울(아크릴) 머플러,STD_012460,5,패션의류잡화 > 유니섹스/남녀공용 패션 > 공용 잡화 > 머플러/스카프/숄 > 남녀공용울(아크릴) 머플러
STD_012467,남녀공용퍼머플러,STD_012460,5,패션의류잡화 > 유니섹스/남녀공용 패션 > 공용 잡화 > 머플러/스카프/숄 > 남녀공용퍼머플러
STD_012469,모자,STD_012443,4,패션의류잡화 > 유니섹스/남녀공용 패션 > 공용 잡화 > 모자
STD_012468,남녀공용귀달이 모자,STD_012469,5,패션의류잡화 > 유니섹스/남녀공용 패션 > 공용 잡화 > 모자 > 남녀공용귀달이 모자
STD_012470,남녀공용반다나/두건,STD_012469,5,패션의류잡화 > 유니섹스/남녀공용 패션 > 공용 잡화 > 모자 > 남녀공용반다나/두건
STD_012471,남녀공용벙거지,STD_012469,5,패션의류잡화 > 유니섹스/남녀공용 패션 > 공용 잡화 > 모자 > 남녀공용벙거지
STD_012472,남녀공용베레모/헌팅캡,STD_012469,5,패션의류잡화 > 유니섹스/남녀공용 패션 > 공용 잡화 > 모자 > 남녀공용베레모/헌팅캡
STD_012473,남녀공용비니,STD_012469,5,패션의류잡화 > 유니섹스/남녀공용 패션 > 공용 잡화 > 모자 > 남녀공용비니
STD_012474,남녀공용사파리/챙모자,STD_012469,5,패션의류잡화 > 유니섹스/남녀공용 패션 > 공용 잡화 > 모자 > 남녀공용사파리/챙모자
STD_012475,남녀공용썬캡,STD_012469,5,패션의류잡화 > 유니섹스/남녀공용 패션 > 공용 잡화 > 모자 > 남녀공용썬캡
STD_012476,남녀공용야구모자/군모,STD_012469,5,패션의류잡화 > 유니섹스/남녀공용 패션 > 공용 잡화 > 모자 > 남녀공용야구모자/군모
STD_012477,남녀공용왕골/밀짚모자,STD_012469,5,패션의류잡화 > 유니섹스/남녀공용 패션 > 공용 잡화 > 모자 > 남녀공용왕골/밀짚모자
STD_012478,남녀공용털/방울모자,STD_012469,5,패션의류잡화 > 유니섹스/남녀공용 패션 > 공용 잡화 > 모자 > 남녀공용털/방울모자
STD_012479,남녀공용털귀마개,STD_012469,5,패션의류잡화 > 유니섹스/남녀공용 패션 > 공용 잡화 > 모자 > 남녀공용털귀마개
STD_012480,남녀공용페도라/중절모,STD_012469,5,패션의류잡화 > 유니섹스/남녀공용 패션 > 공용 잡화 > 모자 > 남녀공용페도라/중절모
STD_012481,남녀공용힙합모자/스냅백,STD_012469,5,패션의류잡화 > 유니섹스/남녀공용 패션 > 공용 잡화 > 모자 > 남녀공용힙합모자/스냅백
STD_012483,벨트,STD_012443,4,패션의류잡화 > 유니섹스/남녀공용 패션 > 공용 잡화 > 벨트
STD_012482,남녀공용캐주얼벨트,STD_012483,5,패션의류잡화 > 유니섹스/남녀공용 패션 > 공용 잡화 > 벨트 > 남녀공용캐주얼벨트
STD_012485,선글라스,STD_012443,4,패션의류잡화 > 유니섹스/남녀공용 패션 > 공용 잡화 > 선글라스
STD_012484,남녀공용스포츠선글라스,STD_012485,5,패션의류잡화 > 유니섹스/남녀공용 패션 > 공용 잡화 > 선글라스 > 남녀공용스포츠선글라스
STD_012486,남녀공용패션선글라스,STD_012485,5,패션의류잡화 > 유니섹스/남녀공용 패션 > 공용 잡화 > 선글라스 > 남녀공용패션선글라스
STD_012488,안경테,STD_012443,4,패션의류잡화 > 유니섹스/남녀공용 패션 > 공용 잡화 > 안경테
STD_012487,남녀공용무테,STD_012488,5,패션의류잡화 > 유니섹스/남녀공용 패션 > 공용 잡화 > 안경테 > 남녀공용무테
STD_012489,남녀공용반무테,STD_012488,5,패션의류잡화 > 유니섹스/남녀공용 패션 > 공용 잡화 > 안경테 > 남녀공용반무테
STD_012490,남녀공용뿔테,STD_012488,5,패션의류잡화 > 유니섹스/남녀공용 패션 > 공용 잡화 > 안경테 > 남녀공용뿔테
STD_012491,남녀공용실테(금속테),STD_012488,5,패션의류잡화 > 유니섹스/남녀공용 패션 > 공용 잡화 > 안경테 > 남녀공용실테(금속테)
STD_012493,양말,STD_012443,4,패션의류잡화 > 유니섹스/남녀공용 패션 > 공용 잡화 > 양말
STD_012492,남녀공용덧신,STD_012493,5,패션의류잡화 > 유니섹스/남녀공용 패션 > 공용 잡화 > 양말 > 남녀공용덧신
STD_012494,남녀공용레그워머,STD_012493,5,패션의류잡화 > 유니섹스/남녀공용 패션 > 공용 잡화 > 양말 > 남녀공용레그워머
STD_012495,남녀공용무릎양말(니삭스),STD_012493,5,패션의류잡화 > 유니섹스/남녀공용 패션 > 공용 잡화 > 양말 > 남녀공용무릎양말(니삭스)
STD_012496,남녀공용발가락/향균 양말,STD_012493,5,패션의류잡화 > 유니섹스/남녀공용 패션 > 공용 잡화 > 양말 > 남녀공용발가락/향균 양말
STD_012497,남녀공용발목양말,STD_012493,5,패션의류잡화 > 유니섹스/남녀공용 패션 > 공용 잡화 > 양말 > 남녀공용발목양말
STD_012498,남녀공용수면양말,STD_012493,5,패션의류잡화 > 유니섹스/남녀공용 패션 > 공용 잡화 > 양말 > 남녀공용수면양말
STD_012499,남녀공용스니커즈 양말,STD_012493,5,패션의류잡화 > 유니섹스/남녀공용 패션 > 공용 잡화 > 양말 > 남녀공용스니커즈 양말
STD_012500,남녀공용양말세트,STD_012493,5,패션의류잡화 > 유니섹스/남녀공용 패션 > 공용 잡화 > 양말 > 남녀공용양말세트
STD_012502,여행용가방,STD_012443,4,패션의류잡화 > 유니섹스/남녀공용 패션 > 공용 잡화 > 여행용가방
STD_012501,보스톤가방,STD_012502,5,패션의류잡화 > 유니섹스/남녀공용 패션 > 공용 잡화 > 여행용가방 > 보스톤가방
STD_012503,이민/유학용가방,STD_012502,5,패션의류잡화 > 유니섹스/남녀공용 패션 > 공용 잡화 > 여행용가방 > 이민/유학용가방
STD_012504,휴대용/보조가방,STD_012502,5,패션의류잡화 > 유니섹스/남녀공용 패션 > 공용 잡화 > 여행용가방 > 휴대용/보조가방
STD_012506,여행파우치/소품,STD_012443,4,패션의류잡화 > 유니섹스/남녀공용 패션 > 공용 잡화 > 여행파우치/소품
STD_012505,네임택,STD_012506,5,패션의류잡화 > 유니섹스/남녀공용 패션 > 공용 잡화 > 여행파우치/소품 > 네임택
STD_012507,목베개,STD_012506,5,패션의류잡화 > 유니섹스/남녀공용 패션 > 공용 잡화 > 여행파우치/소품 > 목베개
STD_012508,복대/힙색,STD_012506,5,패션의류잡화 > 유니섹스/남녀공용 패션 > 공용 잡화 > 여행파우치/소품 > 복대/힙색
STD_012509,신발파우치,STD_012506,5,패션의류잡화 > 유니섹스/남녀공용 패션 > 공용 잡화 > 여행파우치/소품 > 신발파우치
STD_012510,안대,STD_012506,5,패션의류잡화 > 유니섹스/남녀공용 패션 > 공용 잡화 > 여행파우치/소품 > 안대
STD_012511,여권케이스,STD_012506,5,패션의류잡화 > 유니섹스/남녀공용 패션 > 공용 잡화 > 여행파우치/소품 > 여권케이스
STD_012512,워시백/세면백,STD_012506,5,패션의류잡화 > 유니섹스/남녀공용 패션 > 공용 잡화 > 여행파우치/소품 > 워시백/세면백
STD_012513,의류/속옷파우치,STD_012506,5,패션의류잡화 > 유니섹스/남녀공용 패션 > 공용 잡화 > 여행파우치/소품 > 의류/속옷파우치
STD_012514,자물쇠,STD_012506,5,패션의류잡화 > 유니섹스/남녀공용 패션 > 공용 잡화 > 여행파우치/소품 > 자물쇠
STD_012515,잠금벨트,STD_012506,5,패션의류잡화 > 유니섹스/남녀공용 패션 > 공용 잡화 > 여행파우치/소품 > 잠금벨트
STD_012516,캐리어커버,STD_012506,5,패션의류잡화 > 유니섹스/남녀공용 패션 > 공용 잡화 > 여행파우치/소품 > 캐리어커버
STD_012517,파우치세트,STD_012506,5,패션의류잡화 > 유니섹스/남녀공용 패션 > 공용 잡화 > 여행파우치/소품 > 파우치세트
STD_012519,우산,STD_012443,4,패션의류잡화 > 유니섹스/남녀공용 패션 > 공용 잡화 > 우산
STD_012518,남녀공용2단우산,STD_012519,5,패션의류잡화 > 유니섹스/남녀공용 패션 > 공용 잡화 > 우산 > 남녀공용2단우산
STD_012520,남녀공용3단우산,STD_012519,5,패션의류잡화 > 유니섹스/남녀공용 패션 > 공용 잡화 > 우산 > 남녀공용3단우산
STD_012521,남녀공용4단우산,STD_012519,5,패션의류잡화 > 유니섹스/남녀공용 패션 > 공용 잡화 > 우산 > 남녀공용4단우산
STD_012522,남녀공용5단우산,STD_012519,5,패션의류잡화 > 유니섹스/남녀공용 패션 > 공용 잡화 > 우산 > 남녀공용5단우산
STD_012523,남녀공용장우산,STD_012519,5,패션의류잡화 > 유니섹스/남녀공용 패션 > 공용 잡화 > 우산 > 남녀공용장우산
STD_012525,장갑,STD_012443,4,패션의류잡화 > 유니섹스/남녀공용 패션 > 공용 잡화 > 장갑
STD_012524,남녀공용가죽장갑,STD_012525,5,패션의류잡화 > 유니섹스/남녀공용 패션 > 공용 잡화 > 장갑 > 남녀공용가죽장갑
STD_012526,남녀공용니트장갑,STD_012525,5,패션의류잡화 > 유니섹스/남녀공용 패션 > 공용 잡화 > 장갑 > 남녀공용니트장갑
STD_012527,남녀공용모직장갑,STD_012525,5,패션의류잡화 > 유니섹스/남녀공용 패션 > 공용 잡화 > 장갑 > 남녀공용모직장갑
STD_012528,남녀공용스웨이드장갑,STD_012525,5,패션의류잡화 > 유니섹스/남녀공용 패션 > 공용 잡화 > 장갑 > 남녀공용스웨이드장갑
STD_012529,남녀공용암워머,STD_012525,5,패션의류잡화 > 유니섹스/남녀공용 패션 > 공용 잡화 > 장갑 > 남녀공용암워머
STD_012530,남녀공용쿨토시,STD_012525,5,패션의류잡화 > 유니섹스/남녀공용 패션 > 공용 잡화 > 장갑 > 남녀공용쿨토시
STD_012531,남녀공용패딩/방한장갑,STD_012525,5,패션의류잡화 > 유니섹스/남녀공용 패션 > 공용 잡화 > 장갑 > 남녀공용패딩/방한장갑
STD_012533,지갑,STD_012443,4,패션의류잡화 > 유니섹스/남녀공용 패션 > 공용 잡화 > 지갑
STD_012532,남녀공용동전지갑,STD_012533,5,패션의류잡화 > 유니섹스/남녀공용 패션 > 공용 잡화 > 지갑 > 남녀공용동전지갑
STD_012534,남녀공용머니클립,STD_012533,5,패션의류잡화 > 유니섹스/남녀공용 패션 > 공용 잡화 > 지갑 > 남녀공용머니클립
STD_012535,남녀공용반지갑,STD_012533,5,패션의류잡화 > 유니섹스/남녀공용 패션 > 공용 잡화 > 지갑 > 남녀공용반지갑
STD_012536,남녀공용스마트폰카드지갑,STD_012533,5,패션의류잡화 > 유니섹스/남녀공용 패션 > 공용 잡화 > 지갑 > 남녀공용스마트폰카드지갑
STD_012537,남녀공용장지갑,STD_012533,5,패션의류잡화 > 유니섹스/남녀공용 패션 > 공용 잡화 > 지갑 > 남녀공용장지갑
STD_012538,남녀공용중지갑,STD_012533,5,패션의류잡화 > 유니섹스/남녀공용 패션 > 공용 잡화 > 지갑 > 남녀공용중지갑
STD_012539,남녀공용지갑/벨트 세트,STD_012533,5,패션의류잡화 > 유니섹스/남녀공용 패션 > 공용 잡화 > 지갑 > 남녀공용지갑/벨트 세트
STD_012540,남녀공용카드/명함지갑,STD_012533,5,패션의류잡화 > 유니섹스/남녀공용 패션 > 공용 잡화 > 지갑 > 남녀공용카드/명함지갑
STD_012541,남녀공용카드목걸이,STD_012533,5,패션의류잡화 > 유니섹스/남녀공용 패션 > 공용 잡화 > 지갑 > 남녀공용카드목걸이
STD_012542,남녀공용키지갑/키홀더,STD_012533,5,패션의류잡화 > 유니섹스/남녀공용 패션 > 공용 잡화 > 지갑 > 남녀공용키지갑/키홀더
STD_012543,남녀공용통장지갑,STD_012533,5,패션의류잡화 > 유니섹스/남녀공용 패션 > 공용 잡화 > 지갑 > 남녀공용통장지갑
STD_012545,캐리어,STD_012443,4,패션의류잡화 > 유니섹스/남녀공용 패션 > 공용 잡화 > 캐리어
STD_012544,기내용 캐리어_소프트,STD_012545,5,패션의류잡화 > 유니섹스/남녀공용 패션 > 공용 잡화 > 캐리어 > 기내용 캐리어_소프트
STD_012546,기내용 캐리어_하드,STD_012545,5,패션의류잡화 > 유니섹스/남녀공용 패션 > 공용 잡화 > 캐리어 > 기내용 캐리어_하드
STD_012547,중/대형 캐리어_소프트,STD_012545,5,패션의류잡화 > 유니섹스/남녀공용 패션 > 공용 잡화 > 캐리어 > 중/대형 캐리어_소프트
STD_012548,중/대형 캐리어_하드,STD_012545,5,패션의류잡화 > 유니섹스/남녀공용 패션 > 공용 잡화 > 캐리어 > 중/대형 캐리어_하드
STD_012549,캐리어세트_소프트,STD_012545,5,패션의류잡화 > 유니섹스/남녀공용 패션 > 공용 잡화 > 캐리어 > 캐리어세트_소프트
STD_012550,캐리어세트_하드,STD_012545,5,패션의류잡화 > 유니섹스/남녀공용 패션 > 공용 잡화 > 캐리어 > 캐리어세트_하드
STD_012552,케이스/렌즈소품/기타,STD_012443,4,패션의류잡화 > 유니섹스/남녀공용 패션 > 공용 잡화 > 케이스/렌즈소품/기타
STD_012551,공용 코받침,STD_012552,5,패션의류잡화 > 유니섹스/남녀공용 패션 > 공용 잡화 > 케이스/렌즈소품/기타 > 공용 코받침
STD_012553,남녀공용안경줄,STD_012552,5,패션의류잡화 > 유니섹스/남녀공용 패션 > 공용 잡화 > 케이스/렌즈소품/기타 > 남녀공용안경줄
STD_012554,남녀공용케이스/렌즈소품,STD_012552,5,패션의류잡화 > 유니섹스/남녀공용 패션 > 공용 잡화 > 케이스/렌즈소품/기타 > 남녀공용케이스/렌즈소품
STD_012555,패션마스크,STD_012443,4,패션의류잡화 > 유니섹스/남녀공용 패션 > 공용 잡화 > 패션마스크
STD_012557,헤어액세서리,STD_012443,4,패션의류잡화 > 유니섹스/남녀공용 패션 > 공용 잡화 > 헤어액세서리
STD_012556,남녀공용머리끈,STD_012557,5,패션의류잡화 > 유니섹스/남녀공용 패션 > 공용 잡화 > 헤어액세서리 > 남녀공용머리끈
STD_012558,남녀공용머리핀,STD_012557,5,패션의류잡화 > 유니섹스/남녀공용 패션 > 공용 잡화 > 헤어액세서리 > 남녀공용머리핀
STD_012559,남녀공용헤어밴드,STD_012557,5,패션의류잡화 > 유니섹스/남녀공용 패션 > 공용 잡화 > 헤어액세서리 > 남녀공용헤어밴드
STD_012560,남녀공용헤어집게,STD_012557,5,패션의류잡화 > 유니섹스/남녀공용 패션 > 공용 잡화 > 헤어액세서리 > 남녀공용헤어집게
STD_012563,공용 쥬얼리,STD_012427,3,패션의류잡화 > 유니섹스/남녀공용 패션 > 공용 쥬얼리
STD_012562,DIY재료/비즈/원석,STD_012563,4,패션의류잡화 > 유니섹스/남녀공용 패션 > 공용 쥬얼리 > DIY재료/비즈/원석
STD_012561,DIY재료,STD_012562,5,패션의류잡화 > 유니섹스/남녀공용 패션 > 공용 쥬얼리 > DIY재료/비즈/원석 > DIY재료
STD_012564,비즈,STD_012562,5,패션의류잡화 > 유니섹스/남녀공용 패션 > 공용 쥬얼리 > DIY재료/비즈/원석 > 비즈
STD_012565,원석,STD_012562,5,패션의류잡화 > 유니섹스/남녀공용 패션 > 공용 쥬얼리 > DIY재료/비즈/원석 > 원석
STD_012567,귀걸이,STD_012563,4,패션의류잡화 > 유니섹스/남녀공용 패션 > 공용 쥬얼리 > 귀걸이
STD_012566,남녀공용골드(화이트/로즈골드) 귀걸이,STD_012567,5,패션의류잡화 > 유니섹스/남녀공용 패션 > 공용 쥬얼리 > 귀걸이 > 남녀공용골드(화이트/로즈골드) 귀걸이
STD_012568,남녀공용다이아몬드 귀걸이,STD_012567,5,패션의류잡화 > 유니섹스/남녀공용 패션 > 공용 쥬얼리 > 귀걸이 > 남녀공용다이아몬드 귀걸이
STD_012569,남녀공용실버귀걸이,STD_012567,5,패션의류잡화 > 유니섹스/남녀공용 패션 > 공용 쥬얼리 > 귀걸이 > 남녀공용실버귀걸이
STD_012570,남녀공용유색/보석 귀걸이,STD_012567,5,패션의류잡화 > 유니섹스/남녀공용 패션 > 공용 쥬얼리 > 귀걸이 > 남녀공용유색/보석 귀걸이
STD_012571,남녀공용패션귀걸이,STD_012567,5,패션의류잡화 > 유니섹스/남녀공용 패션 > 공용 쥬얼리 > 귀걸이 > 남녀공용패션귀걸이
STD_012572,남녀공용커플링,STD_012563,4,패션의류잡화 > 유니섹스/남녀공용 패션 > 공용 쥬얼리 > 남녀공용커플링
STD_012573,남녀공용피어싱,STD_012563,4,패션의류잡화 > 유니섹스/남녀공용 패션 > 공용 쥬얼리 > 남녀공용피어싱
STD_012575,목걸이/팬던트,STD_012563,4,패션의류잡화 > 유니섹스/남녀공용 패션 > 공용 쥬얼리 > 목걸이/팬던트
STD_012574,남녀공용골드(화이트/로즈골드) 목걸이,STD_012575,5,패션의류잡화 > 유니섹스/남녀공용 패션 > 공용 쥬얼리 > 목걸이/팬던트 > 남녀공용골드(화이트/로즈골드) 목걸이
STD_012576,남녀공용실버목걸이,STD_012575,5,패션의류잡화 > 유니섹스/남녀공용 패션 > 공용 쥬얼리 > 목걸이/팬던트 > 남녀공용실버목걸이
STD_012577,남녀공용유색/보석 목걸이,STD_012575,5,패션의류잡화 > 유니섹스/남녀공용 패션 > 공용 쥬얼리 > 목걸이/팬던트 > 남녀공용유색/보석 목걸이
STD_012578,남녀공용패션목걸이,STD_012575,5,패션의류잡화 > 유니섹스/남녀공용 패션 > 공용 쥬얼리 > 목걸이/팬던트 > 남녀공용패션목걸이
STD_012579,남녀공용팬던트(진주/보석/이니셜),STD_012575,5,패션의류잡화 > 유니섹스/남녀공용 패션 > 공용 쥬얼리 > 목걸이/팬던트 > 남녀공용팬던트(진주/보석/이니셜)
STD_012581,반지,STD_012563,4,패션의류잡화 > 유니섹스/남녀공용 패션 > 공용 쥬얼리 > 반지
STD_012580,남녀공용골드(화이트/로즈골드) 반지,STD_012581,5,패션의류잡화 > 유니섹스/남녀공용 패션 > 공용 쥬얼리 > 반지 > 남녀공용골드(화이트/로즈골드) 반지
STD_012582,남녀공용다이아몬드 반지,STD_012581,5,패션의류잡화 > 유니섹스/남녀공용 패션 > 공용 쥬얼리 > 반지 > 남녀공용다이아몬드 반지
STD_012583,남녀공용실버반지,STD_012581,5,패션의류잡화 > 유니섹스/남녀공용 패션 > 공용 쥬얼리 > 반지 > 남녀공용실버반지
STD_012584,남녀공용유색/보석 반지,STD_012581,5,패션의류잡화 > 유니섹스/남녀공용 패션 > 공용 쥬얼리 > 반지 > 남녀공용유색/보석 반지
STD_012585,남녀공용패션반지,STD_012581,5,패션의류잡화 > 유니섹스/남녀공용 패션 > 공용 쥬얼리 > 반지 > 남녀공용패션반지
STD_012587,브로치/와펜,STD_012563,4,패션의류잡화 > 유니섹스/남녀공용 패션 > 공용 쥬얼리 > 브로치/와펜
STD_012586,남녀공용와펜,STD_012587,5,패션의류잡화 > 유니섹스/남녀공용 패션 > 공용 쥬얼리 > 브로치/와펜 > 남녀공용와펜
STD_012588,남녀공용카네이션 브로치,STD_012587,5,패션의류잡화 > 유니섹스/남녀공용 패션 > 공용 쥬얼리 > 브로치/와펜 > 남녀공용카네이션 브로치
STD_012590,순금/골드바/돌반지,STD_012563,4,패션의류잡화 > 유니섹스/남녀공용 패션 > 공용 쥬얼리 > 순금/골드바/돌반지
STD_012589,골드바,STD_012590,5,패션의류잡화 > 유니섹스/남녀공용 패션 > 공용 쥬얼리 > 순금/골드바/돌반지 > 골드바
STD_012591,금수저,STD_012590,5,패션의류잡화 > 유니섹스/남녀공용 패션 > 공용 쥬얼리 > 순금/골드바/돌반지 > 금수저
STD_012592,돌반지/돌팔찌,STD_012590,5,패션의류잡화 > 유니섹스/남녀공용 패션 > 공용 쥬얼리 > 순금/골드바/돌반지 > 돌반지/돌팔찌
STD_012593,순금제품기타,STD_012590,5,패션의류잡화 > 유니섹스/남녀공용 패션 > 공용 쥬얼리 > 순금/골드바/돌반지 > 순금제품기타
STD_012594,순금주얼리,STD_012590,5,패션의류잡화 > 유니섹스/남녀공용 패션 > 공용 쥬얼리 > 순금/골드바/돌반지 > 순금주얼리
STD_012595,실버바,STD_012590,5,패션의류잡화 > 유니섹스/남녀공용 패션 > 공용 쥬얼리 > 순금/골드바/돌반지 > 실버바
STD_012597,쥬얼리 박스/세척제/기타,STD_012563,4,패션의류잡화 > 유니섹스/남녀공용 패션 > 공용 쥬얼리 > 쥬얼리 박스/세척제/기타
STD_012596,광택제,STD_012597,5,패션의류잡화 > 유니섹스/남녀공용 패션 > 공용 쥬얼리 > 쥬얼리 박스/세척제/기타 > 광택제
STD_012598,기타,STD_012597,5,패션의류잡화 > 유니섹스/남녀공용 패션 > 공용 쥬얼리 > 쥬얼리 박스/세척제/기타 > 기타
STD_012599,세척액,STD_012597,5,패션의류잡화 > 유니섹스/남녀공용 패션 > 공용 쥬얼리 > 쥬얼리 박스/세척제/기타 > 세척액
STD_012600,쥬얼리박스/보석함,STD_012597,5,패션의류잡화 > 유니섹스/남녀공용 패션 > 공용 쥬얼리 > 쥬얼리 박스/세척제/기타 > 쥬얼리박스/보석함
STD_012601,쥬얼리진열대,STD_012597,5,패션의류잡화 > 유니섹스/남녀공용 패션 > 공용 쥬얼리 > 쥬얼리 박스/세척제/기타 > 쥬얼리진열대
STD_012603,팔찌/발찌,STD_012563,4,패션의류잡화 > 유니섹스/남녀공용 패션 > 공용 쥬얼리 > 팔찌/발찌
STD_012602,남녀공용골드(화이트/로즈골드) 발찌,STD_012603,5,패션의류잡화 > 유니섹스/남녀공용 패션 > 공용 쥬얼리 > 팔찌/발찌 > 남녀공용골드(화이트/로즈골드) 발찌
STD_012604,남녀공용골드(화이트/로즈골드) 팔찌,STD_012603,5,패션의류잡화 > 유니섹스/남녀공용 패션 > 공용 쥬얼리 > 팔찌/발찌 > 남녀공용골드(화이트/로즈골드) 팔찌
STD_012605,남녀공용실버 발찌,STD_012603,5,패션의류잡화 > 유니섹스/남녀공용 패션 > 공용 쥬얼리 > 팔찌/발찌 > 남녀공용실버 발찌
STD_012606,남녀공용실버 팔찌,STD_012603,5,패션의류잡화 > 유니섹스/남녀공용 패션 > 공용 쥬얼리 > 팔찌/발찌 > 남녀공용실버 팔찌
STD_012607,남녀공용유색/보석 팔찌,STD_012603,5,패션의류잡화 > 유니섹스/남녀공용 패션 > 공용 쥬얼리 > 팔찌/발찌 > 남녀공용유색/보석 팔찌
STD_012608,남녀공용패션 팔찌,STD_012603,5,패션의류잡화 > 유니섹스/남녀공용 패션 > 공용 쥬얼리 > 팔찌/발찌 > 남녀공용패션 팔찌
STD_012609,남녀공용패션발찌,STD_012603,5,패션의류잡화 > 유니섹스/남녀공용 패션 > 공용 쥬얼리 > 팔찌/발찌 > 남녀공용패션발찌
STD_012612,공용화,STD_012427,3,패션의류잡화 > 유니섹스/남녀공용 패션 > 공용화
STD_012611,구두/신발 관리용품,STD_012612,4,패션의류잡화 > 유니섹스/남녀공용 패션 > 공용화 > 구두/신발 관리용품
STD_012610,가죽염색제,STD_012611,5,패션의류잡화 > 유니섹스/남녀공용 패션 > 공용화 > 구두/신발 관리용품 > 가죽염색제
STD_012613,가죽케어크림/클리너,STD_012611,5,패션의류잡화 > 유니섹스/남녀공용 패션 > 공용화 > 구두/신발 관리용품 > 가죽케어크림/클리너
STD_012614,구두약,STD_012611,5,패션의류잡화 > 유니섹스/남녀공용 패션 > 공용화 > 구두/신발 관리용품 > 구두약
STD_012615,방수스프레이,STD_012611,5,패션의류잡화 > 유니섹스/남녀공용 패션 > 공용화 > 구두/신발 관리용품 > 방수스프레이
STD_012616,부츠키퍼,STD_012611,5,패션의류잡화 > 유니섹스/남녀공용 패션 > 공용화 > 구두/신발 관리용품 > 부츠키퍼
STD_012617,브러쉬,STD_012611,5,패션의류잡화 > 유니섹스/남녀공용 패션 > 공용화 > 구두/신발 관리용품 > 브러쉬
STD_012618,슈트리,STD_012611,5,패션의류잡화 > 유니섹스/남녀공용 패션 > 공용화 > 구두/신발 관리용품 > 슈트리
STD_012619,스웨이드 클리너,STD_012611,5,패션의류잡화 > 유니섹스/남녀공용 패션 > 공용화 > 구두/신발 관리용품 > 스웨이드 클리너
STD_012620,스펀지,STD_012611,5,패션의류잡화 > 유니섹스/남녀공용 패션 > 공용화 > 구두/신발 관리용품 > 스펀지
STD_012621,탈취제,STD_012611,5,패션의류잡화 > 유니섹스/남녀공용 패션 > 공용화 > 구두/신발 관리용품 > 탈취제
STD_012623,기능화,STD_012612,4,패션의류잡화 > 유니섹스/남녀공용 패션 > 공용화 > 기능화
STD_012622,남녀공용간호사화/유니폼화,STD_012623,5,패션의류잡화 > 유니섹스/남녀공용 패션 > 공용화 > 기능화 > 남녀공용간호사화/유니폼화
STD_012624,남녀공용건강워킹화,STD_012623,5,패션의류잡화 > 유니섹스/남녀공용 패션 > 공용화 > 기능화 > 남녀공용건강워킹화
STD_012625,남녀공용고무/작업용장화,STD_012623,5,패션의류잡화 > 유니섹스/남녀공용 패션 > 공용화 > 기능화 > 남녀공용고무/작업용장화
STD_012626,남녀공용고무신,STD_012623,5,패션의류잡화 > 유니섹스/남녀공용 패션 > 공용화 > 기능화 > 남녀공용고무신
STD_012627,남녀공용안전화/작업화,STD_012623,5,패션의류잡화 > 유니섹스/남녀공용 패션 > 공용화 > 기능화 > 남녀공용안전화/작업화
STD_012628,남녀공용컴포트화/효도화,STD_012623,5,패션의류잡화 > 유니섹스/남녀공용 패션 > 공용화 > 기능화 > 남녀공용컴포트화/효도화
STD_012630,깔창/쿠션패드,STD_012612,4,패션의류잡화 > 유니섹스/남녀공용 패션 > 공용화 > 깔창/쿠션패드
STD_012629,일반 깔창,STD_012630,5,패션의류잡화 > 유니섹스/남녀공용 패션 > 공용화 > 깔창/쿠션패드 > 일반 깔창
STD_012631,쿠션패드,STD_012630,5,패션의류잡화 > 유니섹스/남녀공용 패션 > 공용화 > 깔창/쿠션패드 > 쿠션패드
STD_012632,키높이깔창,STD_012630,5,패션의류잡화 > 유니섹스/남녀공용 패션 > 공용화 > 깔창/쿠션패드 > 키높이깔창
STD_012633,남녀공용스니커즈,STD_012612,4,패션의류잡화 > 유니섹스/남녀공용 패션 > 공용화 > 남녀공용스니커즈
STD_012634,남녀공용슬립온,STD_012612,4,패션의류잡화 > 유니섹스/남녀공용 패션 > 공용화 > 남녀공용슬립온
STD_012636,로퍼/보트슈즈/웰트화,STD_012612,4,패션의류잡화 > 유니섹스/남녀공용 패션 > 공용화 > 로퍼/보트슈즈/웰트화
STD_012635,남녀공용로퍼,STD_012636,5,패션의류잡화 > 유니섹스/남녀공용 패션 > 공용화 > 로퍼/보트슈즈/웰트화 > 남녀공용로퍼
STD_012637,남녀공용모카신/털단화,STD_012636,5,패션의류잡화 > 유니섹스/남녀공용 패션 > 공용화 > 로퍼/보트슈즈/웰트화 > 남녀공용모카신/털단화
STD_012638,남녀공용보트슈즈,STD_012636,5,패션의류잡화 > 유니섹스/남녀공용 패션 > 공용화 > 로퍼/보트슈즈/웰트화 > 남녀공용보트슈즈
STD_012639,남녀공용웰트화,STD_012636,5,패션의류잡화 > 유니섹스/남녀공용 패션 > 공용화 > 로퍼/보트슈즈/웰트화 > 남녀공용웰트화
STD_012641,샌들,STD_012612,4,패션의류잡화 > 유니섹스/남녀공용 패션 > 공용화 > 샌들
STD_012640,남녀공용 스포츠샌들,STD_012641,5,패션의류잡화 > 유니섹스/남녀공용 패션 > 공용화 > 샌들 > 남녀공용 스포츠샌들
STD_012642,남녀공용 캐주얼샌들,STD_012641,5,패션의류잡화 > 유니섹스/남녀공용 패션 > 공용화 > 샌들 > 남녀공용 캐주얼샌들
STD_012643,남녀공용젤리슈즈,STD_012641,5,패션의류잡화 > 유니섹스/남녀공용 패션 > 공용화 > 샌들 > 남녀공용젤리슈즈
STD_012645,슬리퍼/쪼리,STD_012612,4,패션의류잡화 > 유니섹스/남녀공용 패션 > 공용화 > 슬리퍼/쪼리
STD_012644,남녀공용일반/사무용슬리퍼,STD_012645,5,패션의류잡화 > 유니섹스/남녀공용 패션 > 공용화 > 슬리퍼/쪼리 > 남녀공용일반/사무용슬리퍼
STD_012646,남녀공용쪼리,STD_012645,5,패션의류잡화 > 유니섹스/남녀공용 패션 > 공용화 > 슬리퍼/쪼리 > 남녀공용쪼리
STD_012647,신발끈,STD_012612,4,패션의류잡화 > 유니섹스/남녀공용 패션 > 공용화 > 신발끈
STD_012649,실내화/슬리퍼,STD_012612,4,패션의류잡화 > 유니섹스/남녀공용 패션 > 공용화 > 실내화/슬리퍼
STD_012648,남녀공용다이어트/지압슬리퍼,STD_012649,5,패션의류잡화 > 유니섹스/남녀공용 패션 > 공용화 > 실내화/슬리퍼 > 남녀공용다이어트/지압슬리퍼
STD_012650,남녀공용털실내화/슬리퍼,STD_012649,5,패션의류잡화 > 유니섹스/남녀공용 패션 > 공용화 > 실내화/슬리퍼 > 남녀공용털실내화/슬리퍼
STD_012651,남녀공용학생용실내화,STD_012649,5,패션의류잡화 > 유니섹스/남녀공용 패션 > 공용화 > 실내화/슬리퍼 > 남녀공용학생용실내화
STD_012653,운동화/스니커즈,STD_012612,4,패션의류잡화 > 유니섹스/남녀공용 패션 > 공용화 > 운동화/스니커즈
STD_012652,남녀공용 런닝화,STD_012653,5,패션의류잡화 > 유니섹스/남녀공용 패션 > 공용화 > 운동화/스니커즈 > 남녀공용 런닝화
STD_012654,남녀공용패션운동화,STD_012653,5,패션의류잡화 > 유니섹스/남녀공용 패션 > 공용화 > 운동화/스니커즈 > 남녀공용패션운동화
STD_012655,남녀공용패션하이탑,STD_012653,5,패션의류잡화 > 유니섹스/남녀공용 패션 > 공용화 > 운동화/스니커즈 > 남녀공용패션하이탑
STD_012657,워커/부츠/방한화,STD_012612,4,패션의류잡화 > 유니섹스/남녀공용 패션 > 공용화 > 워커/부츠/방한화
STD_012656,남녀공용 패딩/방한화,STD_012657,5,패션의류잡화 > 유니섹스/남녀공용 패션 > 공용화 > 워커/부츠/방한화 > 남녀공용 패딩/방한화
STD_012658,남녀공용부츠,STD_012657,5,패션의류잡화 > 유니섹스/남녀공용 패션 > 공용화 > 워커/부츠/방한화 > 남녀공용부츠
STD_012659,남녀공용워커,STD_012657,5,패션의류잡화 > 유니섹스/남녀공용 패션 > 공용화 > 워커/부츠/방한화 > 남녀공용워커
STD_012661,내의/잠옷,STD_012427,3,패션의류잡화 > 유니섹스/남녀공용 패션 > 내의/잠옷
STD_012660,공용 니플커버 외 속옷 부속품,STD_012661,4,패션의류잡화 > 유니섹스/남녀공용 패션 > 내의/잠옷 > 공용 니플커버 외 속옷 부속품
STD_012662,공용 목욕가운,STD_012661,4,패션의류잡화 > 유니섹스/남녀공용 패션 > 내의/잠옷 > 공용 목욕가운
STD_012664,잠옷,STD_012661,4,패션의류잡화 > 유니섹스/남녀공용 패션 > 내의/잠옷 > 잠옷
STD_012663,공용 상의,STD_012664,5,패션의류잡화 > 유니섹스/남녀공용 패션 > 내의/잠옷 > 잠옷 > 공용 상의
STD_012665,공용 상하의 세트,STD_012664,5,패션의류잡화 > 유니섹스/남녀공용 패션 > 내의/잠옷 > 잠옷 > 공용 상하의 세트
STD_012666,공용 하의,STD_012664,5,패션의류잡화 > 유니섹스/남녀공용 패션 > 내의/잠옷 > 잠옷 > 공용 하의
STD_012668,커플룩/패밀리룩,STD_012661,4,패션의류잡화 > 유니섹스/남녀공용 패션 > 내의/잠옷 > 커플룩/패밀리룩
STD_012667,커플 속옷,STD_012668,5,패션의류잡화 > 유니섹스/남녀공용 패션 > 내의/잠옷 > 커플룩/패밀리룩 > 커플 속옷
STD_012669,커플 잠옷,STD_012668,5,패션의류잡화 > 유니섹스/남녀공용 패션 > 내의/잠옷 > 커플룩/패밀리룩 > 커플 잠옷
STD_012671,래쉬가드,STD_012427,3,패션의류잡화 > 유니섹스/남녀공용 패션 > 래쉬가드
STD_012670,공용 래쉬가드 상의,STD_012671,4,패션의류잡화 > 유니섹스/남녀공용 패션 > 래쉬가드 > 공용 래쉬가드 상의
STD_012672,공용 래쉬가드 세트,STD_012671,4,패션의류잡화 > 유니섹스/남녀공용 패션 > 래쉬가드 > 공용 래쉬가드 세트
STD_012673,공용 방수 반바지,STD_012671,4,패션의류잡화 > 유니섹스/남녀공용 패션 > 래쉬가드 > 공용 방수 반바지
STD_012674,공용 워터레깅스(긴바지),STD_012671,4,패션의류잡화 > 유니섹스/남녀공용 패션 > 래쉬가드 > 공용 워터레깅스(긴바지)
STD_012676,빅사이즈 의류,STD_012427,3,패션의류잡화 > 유니섹스/남녀공용 패션 > 빅사이즈 의류
STD_012675,공용 맨투맨,STD_012676,4,패션의류잡화 > 유니섹스/남녀공용 패션 > 빅사이즈 의류 > 공용 맨투맨
STD_012677,공용 베스트/조끼,STD_012676,4,패션의류잡화 > 유니섹스/남녀공용 패션 > 빅사이즈 의류 > 공용 베스트/조끼
STD_012678,공용 캐주얼 셔츠,STD_012676,4,패션의류잡화 > 유니섹스/남녀공용 패션 > 빅사이즈 의류 > 공용 캐주얼 셔츠
STD_012679,공용 후드집업/집업류,STD_012676,4,패션의류잡화 > 유니섹스/남녀공용 패션 > 빅사이즈 의류 > 공용 후드집업/집업류
STD_012680,공용 후드티,STD_012676,4,패션의류잡화 > 유니섹스/남녀공용 패션 > 빅사이즈 의류 > 공용 후드티
STD_012682,바지,STD_012676,4,패션의류잡화 > 유니섹스/남녀공용 패션 > 빅사이즈 의류 > 바지
STD_012681,공용 긴바지,STD_012682,5,패션의류잡화 > 유니섹스/남녀공용 패션 > 빅사이즈 의류 > 바지 > 공용 긴바지
STD_012683,공용 반바지,STD_012682,5,패션의류잡화 > 유니섹스/남녀공용 패션 > 빅사이즈 의류 > 바지 > 공용 반바지
STD_012685,점퍼,STD_012676,4,패션의류잡화 > 유니섹스/남녀공용 패션 > 빅사이즈 의류 > 점퍼
STD_012684,공용 기타 점퍼류,STD_012685,5,패션의류잡화 > 유니섹스/남녀공용 패션 > 빅사이즈 의류 > 점퍼 > 공용 기타 점퍼류
STD_012686,공용 바람막이 점퍼,STD_012685,5,패션의류잡화 > 유니섹스/남녀공용 패션 > 빅사이즈 의류 > 점퍼 > 공용 바람막이 점퍼
STD_012687,공용 야구점퍼/스타디움,STD_012685,5,패션의류잡화 > 유니섹스/남녀공용 패션 > 빅사이즈 의류 > 점퍼 > 공용 야구점퍼/스타디움
STD_012688,공용 야상/사파리,STD_012685,5,패션의류잡화 > 유니섹스/남녀공용 패션 > 빅사이즈 의류 > 점퍼 > 공용 야상/사파리
STD_012689,공용 패딩/다운패딩점퍼,STD_012685,5,패션의류잡화 > 유니섹스/남녀공용 패션 > 빅사이즈 의류 > 점퍼 > 공용 패딩/다운패딩점퍼
STD_012690,공용 패딩/다운패딩조끼,STD_012685,5,패션의류잡화 > 유니섹스/남녀공용 패션 > 빅사이즈 의류 > 점퍼 > 공용 패딩/다운패딩조끼
STD_012691,공용 항공점퍼/블루종,STD_012685,5,패션의류잡화 > 유니섹스/남녀공용 패션 > 빅사이즈 의류 > 점퍼 > 공용 항공점퍼/블루종
STD_012693,코트,STD_012676,4,패션의류잡화 > 유니섹스/남녀공용 패션 > 빅사이즈 의류 > 코트
STD_012692,공용 겨울 코트,STD_012693,5,패션의류잡화 > 유니섹스/남녀공용 패션 > 빅사이즈 의류 > 코트 > 공용 겨울 코트
STD_012694,공용 봄가을 코트/트렌치,STD_012693,5,패션의류잡화 > 유니섹스/남녀공용 패션 > 빅사이즈 의류 > 코트 > 공용 봄가을 코트/트렌치
STD_012696,티셔츠,STD_012676,4,패션의류잡화 > 유니섹스/남녀공용 패션 > 빅사이즈 의류 > 티셔츠
STD_012695,공용 긴소매,STD_012696,5,패션의류잡화 > 유니섹스/남녀공용 패션 > 빅사이즈 의류 > 티셔츠 > 공용 긴소매
STD_012697,공용 민소매/나시,STD_012696,5,패션의류잡화 > 유니섹스/남녀공용 패션 > 빅사이즈 의류 > 티셔츠 > 공용 민소매/나시
STD_012698,공용 반소매,STD_012696,5,패션의류잡화 > 유니섹스/남녀공용 패션 > 빅사이즈 의류 > 티셔츠 > 공용 반소매
STD_012700,패션 트레이닝복,STD_012676,4,패션의류잡화 > 유니섹스/남녀공용 패션 > 빅사이즈 의류 > 패션 트레이닝복
STD_012699,공용 상의,STD_012700,5,패션의류잡화 > 유니섹스/남녀공용 패션 > 빅사이즈 의류 > 패션 트레이닝복 > 공용 상의
STD_012701,공용 상하의 세트,STD_012700,5,패션의류잡화 > 유니섹스/남녀공용 패션 > 빅사이즈 의류 > 패션 트레이닝복 > 공용 상하의 세트
STD_012702,공용 하의,STD_012700,5,패션의류잡화 > 유니섹스/남녀공용 패션 > 빅사이즈 의류 > 패션 트레이닝복 > 공용 하의
STD_012705,캐주얼 의류,STD_012427,3,패션의류잡화 > 유니섹스/남녀공용 패션 > 캐주얼 의류
STD_012704,가디건,STD_012705,4,패션의류잡화 > 유니섹스/남녀공용 패션 > 캐주얼 의류 > 가디건
STD_012703,공용 기본(허리길이)가디건,STD_012704,5,패션의류잡화 > 유니섹스/남녀공용 패션 > 캐주얼 의류 > 가디건 > 공용 기본(허리길이)가디건
STD_012706,공용 롱 가디건,STD_012704,5,패션의류잡화 > 유니섹스/남녀공용 패션 > 캐주얼 의류 > 가디건 > 공용 롱 가디건
STD_012707,공용 맨투맨,STD_012705,4,패션의류잡화 > 유니섹스/남녀공용 패션 > 캐주얼 의류 > 공용 맨투맨
STD_012708,공용 베스트/조끼,STD_012705,4,패션의류잡화 > 유니섹스/남녀공용 패션 > 캐주얼 의류 > 공용 베스트/조끼
STD_012709,공용 셔츠/남방,STD_012705,4,패션의류잡화 > 유니섹스/남녀공용 패션 > 캐주얼 의류 > 공용 셔츠/남방
STD_012710,공용 후드집업/집업류,STD_012705,4,패션의류잡화 > 유니섹스/남녀공용 패션 > 캐주얼 의류 > 공용 후드집업/집업류
STD_012711,공용 후드티,STD_012705,4,패션의류잡화 > 유니섹스/남녀공용 패션 > 캐주얼 의류 > 공용 후드티
STD_012713,등산/아웃도어 의류,STD_012705,4,패션의류잡화 > 유니섹스/남녀공용 패션 > 캐주얼 의류 > 등산/아웃도어 의류
STD_012712,공용 등산/아웃도어 니트/스웨터,STD_012713,5,패션의류잡화 > 유니섹스/남녀공용 패션 > 캐주얼 의류 > 등산/아웃도어 의류 > 공용 등산/아웃도어 니트/스웨터
STD_012714,공용 등산/아웃도어 바람막이/방수자켓,STD_012713,5,패션의류잡화 > 유니섹스/남녀공용 패션 > 캐주얼 의류 > 등산/아웃도어 의류 > 공용 등산/아웃도어 바람막이/방수자켓
STD_012715,공용 등산/아웃도어 바지,STD_012713,5,패션의류잡화 > 유니섹스/남녀공용 패션 > 캐주얼 의류 > 등산/아웃도어 의류 > 공용 등산/아웃도어 바지
STD_012716,공용 등산/아웃도어 셔츠,STD_012713,5,패션의류잡화 > 유니섹스/남녀공용 패션 > 캐주얼 의류 > 등산/아웃도어 의류 > 공용 등산/아웃도어 셔츠
STD_012717,공용 등산/아웃도어 조끼,STD_012713,5,패션의류잡화 > 유니섹스/남녀공용 패션 > 캐주얼 의류 > 등산/아웃도어 의류 > 공용 등산/아웃도어 조끼
STD_012718,공용 등산/아웃도어 패딩/점퍼,STD_012713,5,패션의류잡화 > 유니섹스/남녀공용 패션 > 캐주얼 의류 > 등산/아웃도어 의류 > 공용 등산/아웃도어 패딩/점퍼
STD_012719,공용 등산/아웃도어 플리스자켓,STD_012713,5,패션의류잡화 > 유니섹스/남녀공용 패션 > 캐주얼 의류 > 등산/아웃도어 의류 > 공용 등산/아웃도어 플리스자켓
STD_012721,등산/아웃도어 티셔츠,STD_012713,5,패션의류잡화 > 유니섹스/남녀공용 패션 > 캐주얼 의류 > 등산/아웃도어 의류 > 등산/아웃도어 티셔츠
STD_012720,공용 등산/아웃도어 트랙탑/집업,STD_012721,6,패션의류잡화 > 유니섹스/남녀공용 패션 > 캐주얼 의류 > 등산/아웃도어 의류 > 등산/아웃도어 티셔츠 > 공용 등산/아웃도어 트랙탑/집업
STD_012722,공용 등산/아웃도어 티셔츠,STD_012721,6,패션의류잡화 > 유니섹스/남녀공용 패션 > 캐주얼 의류 > 등산/아웃도어 의류 > 등산/아웃도어 티셔츠 > 공용 등산/아웃도어 티셔츠
STD_012724,바지,STD_012705,4,패션의류잡화 > 유니섹스/남녀공용 패션 > 캐주얼 의류 > 바지
STD_012723,공용 긴바지,STD_012724,5,패션의류잡화 > 유니섹스/남녀공용 패션 > 캐주얼 의류 > 바지 > 공용 긴바지
STD_012725,공용 반바지,STD_012724,5,패션의류잡화 > 유니섹스/남녀공용 패션 > 캐주얼 의류 > 바지 > 공용 반바지
STD_012727,스웨터/니트,STD_012705,4,패션의류잡화 > 유니섹스/남녀공용 패션 > 캐주얼 의류 > 스웨터/니트
STD_012726,공용 라운드넥,STD_012727,5,패션의류잡화 > 유니섹스/남녀공용 패션 > 캐주얼 의류 > 스웨터/니트 > 공용 라운드넥
STD_012728,공용 브이넥,STD_012727,5,패션의류잡화 > 유니섹스/남녀공용 패션 > 캐주얼 의류 > 스웨터/니트 > 공용 브이넥
STD_012729,공용 카라넥,STD_012727,5,패션의류잡화 > 유니섹스/남녀공용 패션 > 캐주얼 의류 > 스웨터/니트 > 공용 카라넥
STD_012730,공용 터틀넥,STD_012727,5,패션의류잡화 > 유니섹스/남녀공용 패션 > 캐주얼 의류 > 스웨터/니트 > 공용 터틀넥
STD_012731,공용 후드,STD_012727,5,패션의류잡화 > 유니섹스/남녀공용 패션 > 캐주얼 의류 > 스웨터/니트 > 공용 후드
STD_012733,스포츠의류,STD_012705,4,패션의류잡화 > 유니섹스/남녀공용 패션 > 캐주얼 의류 > 스포츠의류
STD_012732,공용 스포츠 니트/스웨터,STD_012733,5,패션의류잡화 > 유니섹스/남녀공용 패션 > 캐주얼 의류 > 스포츠의류 > 공용 스포츠 니트/스웨터
STD_012734,공용 스포츠 바지,STD_012733,5,패션의류잡화 > 유니섹스/남녀공용 패션 > 캐주얼 의류 > 스포츠의류 > 공용 스포츠 바지
STD_012735,공용 스포츠 상하의 세트,STD_012733,5,패션의류잡화 > 유니섹스/남녀공용 패션 > 캐주얼 의류 > 스포츠의류 > 공용 스포츠 상하의 세트
STD_012736,공용 스포츠 셔츠,STD_012733,5,패션의류잡화 > 유니섹스/남녀공용 패션 > 캐주얼 의류 > 스포츠의류 > 공용 스포츠 셔츠
STD_012738,낚시복,STD_012733,5,패션의류잡화 > 유니섹스/남녀공용 패션 > 캐주얼 의류 > 스포츠의류 > 낚시복
STD_012737,낚시조끼,STD_012738,6,패션의류잡화 > 유니섹스/남녀공용 패션 > 캐주얼 의류 > 스포츠의류 > 낚시복 > 낚시조끼
STD_012739,내피,STD_012738,6,패션의류잡화 > 유니섹스/남녀공용 패션 > 캐주얼 의류 > 스포츠의류 > 낚시복 > 내피
STD_012740,방수복,STD_012738,6,패션의류잡화 > 유니섹스/남녀공용 패션 > 캐주얼 의류 > 스포츠의류 > 낚시복 > 방수복
STD_012741,외피,STD_012738,6,패션의류잡화 > 유니섹스/남녀공용 패션 > 캐주얼 의류 > 스포츠의류 > 낚시복 > 외피
STD_012743,수영복,STD_012733,5,패션의류잡화 > 유니섹스/남녀공용 패션 > 캐주얼 의류 > 스포츠의류 > 수영복
STD_012742,공용 비치웨어/비치점퍼/후드,STD_012743,6,패션의류잡화 > 유니섹스/남녀공용 패션 > 캐주얼 의류 > 스포츠의류 > 수영복 > 공용 비치웨어/비치점퍼/후드
STD_012745,스키/보드복,STD_012733,5,패션의류잡화 > 유니섹스/남녀공용 패션 > 캐주얼 의류 > 스포츠의류 > 스키/보드복
STD_012744,보드복바지,STD_012745,6,패션의류잡화 > 유니섹스/남녀공용 패션 > 캐주얼 의류 > 스포츠의류 > 스키/보드복 > 보드복바지
STD_012746,보드복상하의세트,STD_012745,6,패션의류잡화 > 유니섹스/남녀공용 패션 > 캐주얼 의류 > 스포츠의류 > 스키/보드복 > 보드복상하의세트
STD_012747,보드복자켓,STD_012745,6,패션의류잡화 > 유니섹스/남녀공용 패션 > 캐주얼 의류 > 스포츠의류 > 스키/보드복 > 보드복자켓
STD_012748,스키/보드복바지,STD_012745,6,패션의류잡화 > 유니섹스/남녀공용 패션 > 캐주얼 의류 > 스포츠의류 > 스키/보드복 > 스키/보드복바지
STD_012749,스키/보드복상의,STD_012745,6,패션의류잡화 > 유니섹스/남녀공용 패션 > 캐주얼 의류 > 스포츠의류 > 스키/보드복 > 스키/보드복상의
STD_012750,스키/보드복상하의세트,STD_012745,6,패션의류잡화 > 유니섹스/남녀공용 패션 > 캐주얼 의류 > 스포츠의류 > 스키/보드복 > 스키/보드복상하의세트
STD_012751,스키/보드복자켓,STD_012745,6,패션의류잡화 > 유니섹스/남녀공용 패션 > 캐주얼 의류 > 스포츠의류 > 스키/보드복 > 스키/보드복자켓
STD_012752,스키복바지,STD_012745,6,패션의류잡화 > 유니섹스/남녀공용 패션 > 캐주얼 의류 > 스포츠의류 > 스키/보드복 > 스키복바지
STD_012753,스키복상하의세트,STD_012745,6,패션의류잡화 > 유니섹스/남녀공용 패션 > 캐주얼 의류 > 스포츠의류 > 스키/보드복 > 스키복상하의세트
STD_012754,스키복자켓,STD_012745,6,패션의류잡화 > 유니섹스/남녀공용 패션 > 캐주얼 의류 > 스포츠의류 > 스키/보드복 > 스키복자켓
STD_012756,스포츠 자켓/집업,STD_012733,5,패션의류잡화 > 유니섹스/남녀공용 패션 > 캐주얼 의류 > 스포츠의류 > 스포츠 자켓/집업
STD_012755,공용 스포츠 바람막이,STD_012756,6,패션의류잡화 > 유니섹스/남녀공용 패션 > 캐주얼 의류 > 스포츠의류 > 스포츠 자켓/집업 > 공용 스포츠 바람막이
STD_012757,공용 스포츠 자켓/집업류,STD_012756,6,패션의류잡화 > 유니섹스/남녀공용 패션 > 캐주얼 의류 > 스포츠의류 > 스포츠 자켓/집업 > 공용 스포츠 자켓/집업류
STD_012758,공용 스포츠 조끼,STD_012756,6,패션의류잡화 > 유니섹스/남녀공용 패션 > 캐주얼 의류 > 스포츠의류 > 스포츠 자켓/집업 > 공용 스포츠 조끼
STD_012759,공용 스포츠 패딩/다운패딩,STD_012756,6,패션의류잡화 > 유니섹스/남녀공용 패션 > 캐주얼 의류 > 스포츠의류 > 스포츠 자켓/집업 > 공용 스포츠 패딩/다운패딩
STD_012761,스포츠 티셔츠/나시,STD_012733,5,패션의류잡화 > 유니섹스/남녀공용 패션 > 캐주얼 의류 > 스포츠의류 > 스포츠 티셔츠/나시
STD_012760,공용 스포츠 맨투맨,STD_012761,6,패션의류잡화 > 유니섹스/남녀공용 패션 > 캐주얼 의류 > 스포츠의류 > 스포츠 티셔츠/나시 > 공용 스포츠 맨투맨
STD_012762,공용 스포츠 민소매/나시,STD_012761,6,패션의류잡화 > 유니섹스/남녀공용 패션 > 캐주얼 의류 > 스포츠의류 > 스포츠 티셔츠/나시 > 공용 스포츠 민소매/나시
STD_012763,공용 스포츠 티셔츠,STD_012761,6,패션의류잡화 > 유니섹스/남녀공용 패션 > 캐주얼 의류 > 스포츠의류 > 스포츠 티셔츠/나시 > 공용 스포츠 티셔츠
STD_012764,공용 스포츠 후드티,STD_012761,6,패션의류잡화 > 유니섹스/남녀공용 패션 > 캐주얼 의류 > 스포츠의류 > 스포츠 티셔츠/나시 > 공용 스포츠 후드티
STD_012766,요가/피트니스웨어,STD_012733,5,패션의류잡화 > 유니섹스/남녀공용 패션 > 캐주얼 의류 > 스포츠의류 > 요가/피트니스웨어
STD_012765,요가민소매/나시,STD_012766,6,패션의류잡화 > 유니섹스/남녀공용 패션 > 캐주얼 의류 > 스포츠의류 > 요가/피트니스웨어 > 요가민소매/나시
STD_012767,요가바지,STD_012766,6,패션의류잡화 > 유니섹스/남녀공용 패션 > 캐주얼 의류 > 스포츠의류 > 요가/피트니스웨어 > 요가바지
STD_012768,요가상하의세트,STD_012766,6,패션의류잡화 > 유니섹스/남녀공용 패션 > 캐주얼 의류 > 스포츠의류 > 요가/피트니스웨어 > 요가상하의세트
STD_012769,요가집업점퍼,STD_012766,6,패션의류잡화 > 유니섹스/남녀공용 패션 > 캐주얼 의류 > 스포츠의류 > 요가/피트니스웨어 > 요가집업점퍼
STD_012770,요가타이즈/요가레깅스,STD_012766,6,패션의류잡화 > 유니섹스/남녀공용 패션 > 캐주얼 의류 > 스포츠의류 > 요가/피트니스웨어 > 요가타이즈/요가레깅스
STD_012771,요가티셔츠,STD_012766,6,패션의류잡화 > 유니섹스/남녀공용 패션 > 캐주얼 의류 > 스포츠의류 > 요가/피트니스웨어 > 요가티셔츠
STD_012773,재킷,STD_012705,4,패션의류잡화 > 유니섹스/남녀공용 패션 > 캐주얼 의류 > 재킷
STD_012772,남녀공용 재킷,STD_012773,5,패션의류잡화 > 유니섹스/남녀공용 패션 > 캐주얼 의류 > 재킷 > 남녀공용 재킷
STD_012775,점퍼,STD_012705,4,패션의류잡화 > 유니섹스/남녀공용 패션 > 캐주얼 의류 > 점퍼
STD_012774,공용 기타 점퍼류,STD_012775,5,패션의류잡화 > 유니섹스/남녀공용 패션 > 캐주얼 의류 > 점퍼 > 공용 기타 점퍼류
STD_012776,공용 바람막이 점퍼,STD_012775,5,패션의류잡화 > 유니섹스/남녀공용 패션 > 캐주얼 의류 > 점퍼 > 공용 바람막이 점퍼
STD_012777,공용 야구점퍼/스타디움,STD_012775,5,패션의류잡화 > 유니섹스/남녀공용 패션 > 캐주얼 의류 > 점퍼 > 공용 야구점퍼/스타디움
STD_012778,공용 야상/사파리,STD_012775,5,패션의류잡화 > 유니섹스/남녀공용 패션 > 캐주얼 의류 > 점퍼 > 공용 야상/사파리
STD_012779,공용 패딩/다운패딩점퍼,STD_012775,5,패션의류잡화 > 유니섹스/남녀공용 패션 > 캐주얼 의류 > 점퍼 > 공용 패딩/다운패딩점퍼
STD_012780,공용 패딩/다운패딩조끼,STD_012775,5,패션의류잡화 > 유니섹스/남녀공용 패션 > 캐주얼 의류 > 점퍼 > 공용 패딩/다운패딩조끼
STD_012781,공용 항공점퍼/블루종,STD_012775,5,패션의류잡화 > 유니섹스/남녀공용 패션 > 캐주얼 의류 > 점퍼 > 공용 항공점퍼/블루종
STD_012783,커플룩,STD_012705,4,패션의류잡화 > 유니섹스/남녀공용 패션 > 캐주얼 의류 > 커플룩
STD_012782,공용 커플룩 상의,STD_012783,5,패션의류잡화 > 유니섹스/남녀공용 패션 > 캐주얼 의류 > 커플룩 > 공용 커플룩 상의
STD_012784,공용 커플룩 하의,STD_012783,5,패션의류잡화 > 유니섹스/남녀공용 패션 > 캐주얼 의류 > 커플룩 > 공용 커플룩 하의
STD_012786,코트,STD_012705,4,패션의류잡화 > 유니섹스/남녀공용 패션 > 캐주얼 의류 > 코트
STD_012785,공용 겨울 코트,STD_012786,5,패션의류잡화 > 유니섹스/남녀공용 패션 > 캐주얼 의류 > 코트 > 공용 겨울 코트
STD_012787,공용 봄가을 코트/트렌치,STD_012786,5,패션의류잡화 > 유니섹스/남녀공용 패션 > 캐주얼 의류 > 코트 > 공용 봄가을 코트/트렌치
STD_012789,티셔츠,STD_012705,4,패션의류잡화 > 유니섹스/남녀공용 패션 > 캐주얼 의류 > 티셔츠
STD_012788,공용 긴소매,STD_012789,5,패션의류잡화 > 유니섹스/남녀공용 패션 > 캐주얼 의류 > 티셔츠 > 공용 긴소매
STD_012790,공용 민소매/나시,STD_012789,5,패션의류잡화 > 유니섹스/남녀공용 패션 > 캐주얼 의류 > 티셔츠 > 공용 민소매/나시
STD_012791,공용 반소매,STD_012789,5,패션의류잡화 > 유니섹스/남녀공용 패션 > 캐주얼 의류 > 티셔츠 > 공용 반소매
STD_012793,패션 트레이닝복,STD_012705,4,패션의류잡화 > 유니섹스/남녀공용 패션 > 캐주얼 의류 > 패션 트레이닝복
STD_012792,공용 상의,STD_012793,5,패션의류잡화 > 유니섹스/남녀공용 패션 > 캐주얼 의류 > 패션 트레이닝복 > 공용 상의
STD_012794,공용 상하의 세트,STD_012793,5,패션의류잡화 > 유니섹스/남녀공용 패션 > 캐주얼 의류 > 패션 트레이닝복 > 공용 상하의 세트
STD_012795,공용 하의,STD_012793,5,패션의류잡화 > 유니섹스/남녀공용 패션 > 캐주얼 의류 > 패션 트레이닝복 > 공용 하의
STD_012797,커버업,STD_012427,3,패션의류잡화 > 유니섹스/남녀공용 패션 > 커버업
STD_012796,공용 후드/집업 커버업,STD_012797,4,패션의류잡화 > 유니섹스/남녀공용 패션 > 커버업 > 공용 후드/집업 커버업
STD_012799,테마복/유니폼/수의,STD_012427,3,패션의류잡화 > 유니섹스/남녀공용 패션 > 테마복/유니폼/수의
STD_012798,공용 할로윈 외 파티코스튬,STD_012799,4,패션의류잡화 > 유니섹스/남녀공용 패션 > 테마복/유니폼/수의 > 공용 할로윈 외 파티코스튬
STD_012800,수의,STD_012799,4,패션의류잡화 > 유니섹스/남녀공용 패션 > 테마복/유니폼/수의 > 수의
STD_012802,유니폼,STD_012799,4,패션의류잡화 > 유니섹스/남녀공용 패션 > 테마복/유니폼/수의 > 유니폼
STD_012801,간호사복/의사가운,STD_012802,5,패션의류잡화 > 유니섹스/남녀공용 패션 > 테마복/유니폼/수의 > 유니폼 > 간호사복/의사가운
STD_012803,기타유니폼,STD_012802,5,패션의류잡화 > 유니섹스/남녀공용 패션 > 테마복/유니폼/수의 > 유니폼 > 기타유니폼
STD_012804,작업복,STD_012802,5,패션의류잡화 > 유니섹스/남녀공용 패션 > 테마복/유니폼/수의 > 유니폼 > 작업복
STD_012805,조리사/셰프복,STD_012802,5,패션의류잡화 > 유니섹스/남녀공용 패션 > 테마복/유니폼/수의 > 유니폼 > 조리사/셰프복
STD_012808,패션잡화,ROOT,1,패션잡화
STD_012807,가방소품,STD_012808,2,패션잡화 > 가방소품
STD_012806,가방끈,STD_012807,3,패션잡화 > 가방소품 > 가방끈
STD_012809,이너백,STD_012807,3,패션잡화 > 가방소품 > 이너백
STD_012811,남성 모자,STD_012808,2,패션잡화 > 남성 모자
STD_012810,모자기타,STD_012811,3,패션잡화 > 남성 모자 > 모자기타
STD_012812,비니/베레모/페도라,STD_012811,3,패션잡화 > 남성 모자 > 비니/베레모/페도라
STD_012813,야구모자/뉴에라/스냅백,STD_012811,3,패션잡화 > 남성 모자 > 야구모자/뉴에라/스냅백
STD_012815,남성 선글라스/안경테,STD_012808,2,패션잡화 > 남성 선글라스/안경테
STD_012814,선글라스,STD_012815,3,패션잡화 > 남성 선글라스/안경테 > 선글라스
STD_012816,스포츠글라스,STD_012815,3,패션잡화 > 남성 선글라스/안경테 > 스포츠글라스
STD_012817,안경테,STD_012815,3,패션잡화 > 남성 선글라스/안경테 > 안경테
STD_012819,남성 시계,STD_012808,2,패션잡화 > 남성 시계
STD_012818,디지털시계,STD_012819,3,패션잡화 > 남성 시계 > 디지털시계
STD_012820,브랜드시계,STD_012819,3,패션잡화 > 남성 시계 > 브랜드시계
STD_012822,남성 지갑/벨트,STD_012808,2,패션잡화 > 남성 지갑/벨트
STD_012821,벨트,STD_012822,3,패션잡화 > 남성 지갑/벨트 > 벨트
STD_012823,지갑/키홀더/명함케이스,STD_012822,3,패션잡화 > 남성 지갑/벨트 > 지갑/키홀더/명함케이스
STD_012825,남성 패션소품,STD_012808,2,패션잡화 > 남성 패션소품
STD_012824,넥타이/핀/커프스,STD_012825,3,패션잡화 > 남성 패션소품 > 넥타이/핀/커프스
STD_012826,라이터/핸드폰소품,STD_012825,3,패션잡화 > 남성 패션소품 > 라이터/핸드폰소품
STD_012827,손수건/스카프/머플러,STD_012825,3,패션잡화 > 남성 패션소품 > 손수건/스카프/머플러
STD_012828,양말/니삭스/워머,STD_012825,3,패션잡화 > 남성 패션소품 > 양말/니삭스/워머
STD_012829,장갑/우산/양산,STD_012825,3,패션잡화 > 남성 패션소품 > 장갑/우산/양산
STD_012830,패션소품 기타,STD_012825,3,패션잡화 > 남성 패션소품 > 패션소품 기타
STD_012832,남성가방,STD_012808,2,패션잡화 > 남성가방
STD_012831,기타가방,STD_012832,3,패션잡화 > 남성가방 > 기타가방
STD_012833,메신저백,STD_012832,3,패션잡화 > 남성가방 > 메신저백
STD_012834,백팩,STD_012832,3,패션잡화 > 남성가방 > 백팩
STD_012835,백팩/캐주얼백,STD_012832,3,패션잡화 > 남성가방 > 백팩/캐주얼백
STD_012836,브리프케이스,STD_012832,3,패션잡화 > 남성가방 > 브리프케이스
STD_012837,서류가방/맨즈백,STD_012832,3,패션잡화 > 남성가방 > 서류가방/맨즈백
STD_012838,숄더백,STD_012832,3,패션잡화 > 남성가방 > 숄더백
STD_012839,에코백,STD_012832,3,패션잡화 > 남성가방 > 에코백
STD_012840,여행가방/캐리어,STD_012832,3,패션잡화 > 남성가방 > 여행가방/캐리어
STD_012841,크로스백,STD_012832,3,패션잡화 > 남성가방 > 크로스백
STD_012842,클러치백,STD_012832,3,패션잡화 > 남성가방 > 클러치백
STD_012843,토트백,STD_012832,3,패션잡화 > 남성가방 > 토트백
STD_012844,힙색/슬링백,STD_012832,3,패션잡화 > 남성가방 > 힙색/슬링백
STD_012847,남성신발,STD_012808,2,패션잡화 > 남성신발
STD_012846,구두,STD_012847,3,패션잡화 > 남성신발 > 구두
STD_012845,구두,STD_012846,4,패션잡화 > 남성신발 > 구두 > 구두
STD_012848,기타슈즈,STD_012846,4,패션잡화 > 남성신발 > 구두 > 기타슈즈
STD_012849,더비슈즈,STD_012846,4,패션잡화 > 남성신발 > 구두 > 더비슈즈
STD_012850,로퍼,STD_012846,4,패션잡화 > 남성신발 > 구두 > 로퍼
STD_012851,모카신,STD_012846,4,패션잡화 > 남성신발 > 구두 > 모카신
STD_012853,기능화,STD_012847,3,패션잡화 > 남성신발 > 기능화
STD_012852,댄스화,STD_012853,4,패션잡화 > 남성신발 > 기능화 > 댄스화
STD_012854,아쿠아슈즈,STD_012853,4,패션잡화 > 남성신발 > 기능화 > 아쿠아슈즈
STD_012855,작업화/안전화,STD_012853,4,패션잡화 > 남성신발 > 기능화 > 작업화/안전화
STD_012856,컴포트화,STD_012853,4,패션잡화 > 남성신발 > 기능화 > 컴포트화
STD_012857,한복신발,STD_012853,4,패션잡화 > 남성신발 > 기능화 > 한복신발
STD_012859,부츠/워커,STD_012847,3,패션잡화 > 남성신발 > 부츠/워커
STD_012858,레인부츠,STD_012859,4,패션잡화 > 남성신발 > 부츠/워커 > 레인부츠
STD_012860,롱부츠,STD_012859,4,패션잡화 > 남성신발 > 부츠/워커 > 롱부츠
STD_012861,미들부츠,STD_012859,4,패션잡화 > 남성신발 > 부츠/워커 > 미들부츠
STD_012862,앵클/숏부츠,STD_012859,4,패션잡화 > 남성신발 > 부츠/워커 > 앵클/숏부츠
STD_012863,워커,STD_012859,4,패션잡화 > 남성신발 > 부츠/워커 > 워커
STD_012865,샌들/슬리퍼,STD_012847,3,패션잡화 > 남성신발 > 샌들/슬리퍼
STD_012864,뮬/블로퍼,STD_012865,4,패션잡화 > 남성신발 > 샌들/슬리퍼 > 뮬/블로퍼
STD_012866,샌들,STD_012865,4,패션잡화 > 남성신발 > 샌들/슬리퍼 > 샌들
STD_012867,슬리퍼,STD_012865,4,패션잡화 > 남성신발 > 샌들/슬리퍼 > 슬리퍼
STD_012869,스니커즈/운동화,STD_012847,3,패션잡화 > 남성신발 > 스니커즈/운동화
STD_012868,러닝화,STD_012869,4,패션잡화 > 남성신발 > 스니커즈/운동화 > 러닝화
STD_012870,스니커즈,STD_012869,4,패션잡화 > 남성신발 > 스니커즈/운동화 > 스니커즈
STD_012871,슬립온,STD_012869,4,패션잡화 > 남성신발 > 스니커즈/운동화 > 슬립온
STD_012872,워킹화,STD_012869,4,패션잡화 > 남성신발 > 스니커즈/운동화 > 워킹화
STD_012873,하이탑,STD_012869,4,패션잡화 > 남성신발 > 스니커즈/운동화 > 하이탑
STD_012874,실내화,STD_012847,3,패션잡화 > 남성신발 > 실내화
STD_012876,남성주얼리/액세서리,STD_012808,2,패션잡화 > 남성주얼리/액세서리
STD_012875,기타액세서리,STD_012876,3,패션잡화 > 남성주얼리/액세서리 > 기타액세서리
STD_012877,목걸이/체인,STD_012876,3,패션잡화 > 남성주얼리/액세서리 > 목걸이/체인
STD_012878,반지/팔찌,STD_012876,3,패션잡화 > 남성주얼리/액세서리 > 반지/팔찌
STD_012880,남성화,STD_012808,2,패션잡화 > 남성화
STD_012879,기타신발,STD_012880,3,패션잡화 > 남성화 > 기타신발
STD_012881,로퍼/정장화,STD_012880,3,패션잡화 > 남성화 > 로퍼/정장화
STD_012882,부츠/워커,STD_012880,3,패션잡화 > 남성화 > 부츠/워커
STD_012883,샌들/조리/슬리퍼,STD_012880,3,패션잡화 > 남성화 > 샌들/조리/슬리퍼
STD_012884,스니커즈/캔버스화,STD_012880,3,패션잡화 > 남성화 > 스니커즈/캔버스화
STD_012886,모자,STD_012808,2,패션잡화 > 모자
STD_012885,군모,STD_012886,3,패션잡화 > 모자 > 군모
STD_012887,두건/반다나,STD_012886,3,패션잡화 > 모자 > 두건/반다나
STD_012888,방한모자,STD_012886,3,패션잡화 > 모자 > 방한모자
STD_012889,벙거지모자,STD_012886,3,패션잡화 > 모자 > 벙거지모자
STD_012890,베레모,STD_012886,3,패션잡화 > 모자 > 베레모
STD_012891,비니,STD_012886,3,패션잡화 > 모자 > 비니
STD_012892,선캡,STD_012886,3,패션잡화 > 모자 > 선캡
STD_012893,스냅백,STD_012886,3,패션잡화 > 모자 > 스냅백
STD_012894,야구모자,STD_012886,3,패션잡화 > 모자 > 야구모자
STD_012895,페도라,STD_012886,3,패션잡화 > 모자 > 페도라
STD_012896,헌팅캡,STD_012886,3,패션잡화 > 모자 > 헌팅캡
STD_012899,벨트,STD_012808,2,패션잡화 > 벨트
STD_012898,남성벨트,STD_012899,3,패션잡화 > 벨트 > 남성벨트
STD_012897,정장벨트,STD_012898,4,패션잡화 > 벨트 > 남성벨트 > 정장벨트
STD_012900,캐주얼벨트,STD_012898,4,패션잡화 > 벨트 > 남성벨트 > 캐주얼벨트
STD_012901,멜빵,STD_012899,3,패션잡화 > 벨트 > 멜빵
STD_012902,벨트부품,STD_012899,3,패션잡화 > 벨트 > 벨트부품
STD_012903,여성벨트,STD_012899,3,패션잡화 > 벨트 > 여성벨트
STD_012905,선글라스/안경테,STD_012808,2,패션잡화 > 선글라스/안경테
STD_012904,선글라스,STD_012905,3,패션잡화 > 선글라스/안경테 > 선글라스
STD_012906,안경소품,STD_012905,3,패션잡화 > 선글라스/안경테 > 안경소품
STD_012907,안경테,STD_012905,3,패션잡화 > 선글라스/안경테 > 안경테
STD_012909,순금,STD_012808,2,패션잡화 > 순금
STD_012908,골드바,STD_012909,3,패션잡화 > 순금 > 골드바
STD_012910,순금기념품,STD_012909,3,패션잡화 > 순금 > 순금기념품
STD_012911,실버바,STD_012909,3,패션잡화 > 순금 > 실버바
STD_012914,시계,STD_012808,2,패션잡화 > 시계
STD_012913,시계소품,STD_012914,3,패션잡화 > 시계 > 시계소품
STD_012912,보호필름,STD_012913,4,패션잡화 > 시계 > 시계소품 > 보호필름
STD_012915,시계보관함,STD_012913,4,패션잡화 > 시계 > 시계소품 > 시계보관함
STD_012916,시계줄,STD_012913,4,패션잡화 > 시계 > 시계소품 > 시계줄
STD_012917,시계수리용품,STD_012914,3,패션잡화 > 시계 > 시계수리용품
STD_012918,아동시계,STD_012914,3,패션잡화 > 시계 > 아동시계
STD_012919,커플시계,STD_012914,3,패션잡화 > 시계 > 커플시계
STD_012921,패션시계,STD_012914,3,패션잡화 > 시계 > 패션시계
STD_012920,가죽밴드시계,STD_012921,4,패션잡화 > 시계 > 패션시계 > 가죽밴드시계
STD_012922,금시계,STD_012921,4,패션잡화 > 시계 > 패션시계 > 금시계
STD_012923,기타밴드시계,STD_012921,4,패션잡화 > 시계 > 패션시계 > 기타밴드시계
STD_012924,메탈밴드시계,STD_012921,4,패션잡화 > 시계 > 패션시계 > 메탈밴드시계
STD_012925,뱅글/팔찌형시계,STD_012921,4,패션잡화 > 시계 > 패션시계 > 뱅글/팔찌형시계
STD_012926,스톱워치,STD_012921,4,패션잡화 > 시계 > 패션시계 > 스톱워치
STD_012927,젤리/우레탄밴드시계,STD_012921,4,패션잡화 > 시계 > 패션시계 > 젤리/우레탄밴드시계
STD_012928,회중시계,STD_012921,4,패션잡화 > 시계 > 패션시계 > 회중시계
STD_012930,신발용품,STD_012808,2,패션잡화 > 신발용품
STD_012929,구둣주걱,STD_012930,3,패션잡화 > 신발용품 > 구둣주걱
STD_012931,기타신발용품,STD_012930,3,패션잡화 > 신발용품 > 기타신발용품
STD_012932,보호쿠션/패드,STD_012930,3,패션잡화 > 신발용품 > 보호쿠션/패드
STD_012933,부츠키퍼,STD_012930,3,패션잡화 > 신발용품 > 부츠키퍼
STD_012934,슈즈커버,STD_012930,3,패션잡화 > 신발용품 > 슈즈커버
STD_012935,신발깔창,STD_012930,3,패션잡화 > 신발용품 > 신발깔창
STD_012936,신발끈,STD_012930,3,패션잡화 > 신발용품 > 신발끈
STD_012937,안전인증 아동잡화,STD_012808,2,패션잡화 > 안전인증 아동잡화
STD_012940,양말,STD_012808,2,패션잡화 > 양말
STD_012939,남성양말,STD_012940,3,패션잡화 > 양말 > 남성양말
STD_012938,덧신,STD_012939,4,패션잡화 > 양말 > 남성양말 > 덧신
STD_012941,발가락양말,STD_012939,4,패션잡화 > 양말 > 남성양말 > 발가락양말
STD_012942,발목양말,STD_012939,4,패션잡화 > 양말 > 남성양말 > 발목양말
STD_012943,수면양말,STD_012939,4,패션잡화 > 양말 > 남성양말 > 수면양말
STD_012944,스포츠양말,STD_012939,4,패션잡화 > 양말 > 남성양말 > 스포츠양말
STD_012945,중목/장목양말,STD_012939,4,패션잡화 > 양말 > 남성양말 > 중목/장목양말
STD_012947,여성양말,STD_012940,3,패션잡화 > 양말 > 여성양말
STD_012946,니삭스,STD_012947,4,패션잡화 > 양말 > 여성양말 > 니삭스
STD_012948,덧신,STD_012947,4,패션잡화 > 양말 > 여성양말 > 덧신
STD_012949,레그워머,STD_012947,4,패션잡화 > 양말 > 여성양말 > 레그워머
STD_012950,발가락양말,STD_012947,4,패션잡화 > 양말 > 여성양말 > 발가락양말
STD_012951,발목양말,STD_012947,4,패션잡화 > 양말 > 여성양말 > 발목양말
STD_012952,수면양말,STD_012947,4,패션잡화 > 양말 > 여성양말 > 수면양말
STD_012953,스포츠양말,STD_012947,4,패션잡화 > 양말 > 여성양말 > 스포츠양말
STD_012954,중목/장목양말,STD_012947,4,패션잡화 > 양말 > 여성양말 > 중목/장목양말
STD_012956,여성 가방/지갑,STD_012808,2,패션잡화 > 여성 가방/지갑
STD_012955,기타 가방,STD_012956,3,패션잡화 > 여성 가방/지갑 > 기타 가방
STD_012957,숄더백,STD_012956,3,패션잡화 > 여성 가방/지갑 > 숄더백
STD_012958,여행가방/캐리어,STD_012956,3,패션잡화 > 여성 가방/지갑 > 여행가방/캐리어
STD_012959,지갑/파우치,STD_012956,3,패션잡화 > 여성 가방/지갑 > 지갑/파우치
STD_012960,캐주얼백/백팩,STD_012956,3,패션잡화 > 여성 가방/지갑 > 캐주얼백/백팩
STD_012961,클러치/미니백,STD_012956,3,패션잡화 > 여성 가방/지갑 > 클러치/미니백
STD_012962,토트백,STD_012956,3,패션잡화 > 여성 가방/지갑 > 토트백
STD_012964,여성 선글라스/안경,STD_012808,2,패션잡화 > 여성 선글라스/안경
STD_012963,선글라스/안경,STD_012964,3,패션잡화 > 여성 선글라스/안경 > 선글라스/안경
STD_012966,여성 시계,STD_012808,2,패션잡화 > 여성 시계
STD_012965,브랜드시계,STD_012966,3,패션잡화 > 여성 시계 > 브랜드시계
STD_012968,여성 주얼리,STD_012808,2,패션잡화 > 여성 주얼리
STD_012967,귀걸이,STD_012968,3,패션잡화 > 여성 주얼리 > 귀걸이
STD_012969,목걸이/펜던트,STD_012968,3,패션잡화 > 여성 주얼리 > 목걸이/펜던트
STD_012970,반지,STD_012968,3,패션잡화 > 여성 주얼리 > 반지
STD_012971,팔찌/발찌,STD_012968,3,패션잡화 > 여성 주얼리 > 팔찌/발찌
STD_012972,헤어 ACC,STD_012968,3,패션잡화 > 여성 주얼리 > 헤어 ACC
STD_012974,여성 패션소품,STD_012808,2,패션잡화 > 여성 패션소품
STD_012973,모자/패션 소품,STD_012974,3,패션잡화 > 여성 패션소품 > 모자/패션 소품
STD_012975,벨트/서스펜더,STD_012974,3,패션잡화 > 여성 패션소품 > 벨트/서스펜더
STD_012976,스카프/머플러/손수건,STD_012974,3,패션잡화 > 여성 패션소품 > 스카프/머플러/손수건
STD_012977,스타킹/양말,STD_012974,3,패션잡화 > 여성 패션소품 > 스타킹/양말
STD_012978,우산/양산,STD_012974,3,패션잡화 > 여성 패션소품 > 우산/양산
STD_012979,테크ACC,STD_012974,3,패션잡화 > 여성 패션소품 > 테크ACC
STD_012981,여성가방,STD_012808,2,패션잡화 > 여성가방
STD_012980,메신저백,STD_012981,3,패션잡화 > 여성가방 > 메신저백
STD_012982,백팩,STD_012981,3,패션잡화 > 여성가방 > 백팩
STD_012983,숄더백,STD_012981,3,패션잡화 > 여성가방 > 숄더백
STD_012984,에코백,STD_012981,3,패션잡화 > 여성가방 > 에코백
STD_012985,크로스백,STD_012981,3,패션잡화 > 여성가방 > 크로스백
STD_012986,클러치백,STD_012981,3,패션잡화 > 여성가방 > 클러치백
STD_012987,토트백,STD_012981,3,패션잡화 > 여성가방 > 토트백
STD_012988,파우치,STD_012981,3,패션잡화 > 여성가방 > 파우치
STD_012989,힙색/슬링백,STD_012981,3,패션잡화 > 여성가방 > 힙색/슬링백
STD_012992,여성신발,STD_012808,2,패션잡화 > 여성신발
STD_012991,기능화,STD_012992,3,패션잡화 > 여성신발 > 기능화
STD_012990,다이어트화,STD_012991,4,패션잡화 > 여성신발 > 기능화 > 다이어트화
STD_012993,댄스화,STD_012991,4,패션잡화 > 여성신발 > 기능화 > 댄스화
STD_012994,아쿠아슈즈,STD_012991,4,패션잡화 > 여성신발 > 기능화 > 아쿠아슈즈
STD_012995,유니폼화,STD_012991,4,패션잡화 > 여성신발 > 기능화 > 유니폼화
STD_012996,작업화/안전화,STD_012991,4,패션잡화 > 여성신발 > 기능화 > 작업화/안전화
STD_012997,컴포트화,STD_012991,4,패션잡화 > 여성신발 > 기능화 > 컴포트화
STD_012998,한복신발,STD_012991,4,패션잡화 > 여성신발 > 기능화 > 한복신발
STD_013000,부츠/워커,STD_012992,3,패션잡화 > 여성신발 > 부츠/워커
STD_012999,레인부츠,STD_013000,4,패션잡화 > 여성신발 > 부츠/워커 > 레인부츠
STD_013001,롱부츠,STD_013000,4,패션잡화 > 여성신발 > 부츠/워커 > 롱부츠
STD_013002,미들부츠,STD_013000,4,패션잡화 > 여성신발 > 부츠/워커 > 미들부츠
STD_013003,앵클/숏부츠,STD_013000,4,패션잡화 > 여성신발 > 부츠/워커 > 앵클/숏부츠
STD_013004,워커,STD_013000,4,패션잡화 > 여성신발 > 부츠/워커 > 워커
STD_013006,샌들/슬리퍼,STD_012992,3,패션잡화 > 여성신발 > 샌들/슬리퍼
STD_013005,뮬/블로퍼,STD_013006,4,패션잡화 > 여성신발 > 샌들/슬리퍼 > 뮬/블로퍼
STD_013007,스트랩샌들,STD_013006,4,패션잡화 > 여성신발 > 샌들/슬리퍼 > 스트랩샌들
STD_013008,슬리퍼,STD_013006,4,패션잡화 > 여성신발 > 샌들/슬리퍼 > 슬리퍼
STD_013009,플랫폼샌들,STD_013006,4,패션잡화 > 여성신발 > 샌들/슬리퍼 > 플랫폼샌들
STD_013011,스니커즈/운동화,STD_012992,3,패션잡화 > 여성신발 > 스니커즈/운동화
STD_013010,러닝화,STD_013011,4,패션잡화 > 여성신발 > 스니커즈/운동화 > 러닝화
STD_013012,스니커즈,STD_013011,4,패션잡화 > 여성신발 > 스니커즈/운동화 > 스니커즈
STD_013013,슬립온,STD_013011,4,패션잡화 > 여성신발 > 스니커즈/운동화 > 슬립온
STD_013014,워킹화,STD_013011,4,패션잡화 > 여성신발 > 스니커즈/운동화 > 워킹화
STD_013015,하이탑,STD_013011,4,패션잡화 > 여성신발 > 스니커즈/운동화 > 하이탑
STD_013016,실내화,STD_012992,3,패션잡화 > 여성신발 > 실내화
STD_013018,플랫/로퍼,STD_012992,3,패션잡화 > 여성신발 > 플랫/로퍼
STD_013017,로퍼,STD_013018,4,패션잡화 > 여성신발 > 플랫/로퍼 > 로퍼
STD_013019,모카신,STD_013018,4,패션잡화 > 여성신발 > 플랫/로퍼 > 모카신
STD_013020,옥스퍼드화,STD_013018,4,패션잡화 > 여성신발 > 플랫/로퍼 > 옥스퍼드화
STD_013021,플랫,STD_013018,4,패션잡화 > 여성신발 > 플랫/로퍼 > 플랫
STD_013023,힐/펌프스,STD_012992,3,패션잡화 > 여성신발 > 힐/펌프스
STD_013022,슬링백힐,STD_013023,4,패션잡화 > 여성신발 > 힐/펌프스 > 슬링백힐
STD_013024,웨지힐,STD_013023,4,패션잡화 > 여성신발 > 힐/펌프스 > 웨지힐
STD_013025,펌프스,STD_013023,4,패션잡화 > 여성신발 > 힐/펌프스 > 펌프스
STD_013026,플랫폼/가보시힐,STD_013023,4,패션잡화 > 여성신발 > 힐/펌프스 > 플랫폼/가보시힐
STD_013028,여성화,STD_012808,2,패션잡화 > 여성화
STD_013027,부츠/부티,STD_013028,3,패션잡화 > 여성화 > 부츠/부티
STD_013029,샌들/웨지힐,STD_013028,3,패션잡화 > 여성화 > 샌들/웨지힐
STD_013030,운동화/스니커즈,STD_013028,3,패션잡화 > 여성화 > 운동화/스니커즈
STD_013031,펌프스/하이힐,STD_013028,3,패션잡화 > 여성화 > 펌프스/하이힐
STD_013032,플랫슈즈/로퍼,STD_013028,3,패션잡화 > 여성화 > 플랫슈즈/로퍼
STD_013034,여행용가방/소품,STD_012808,2,패션잡화 > 여행용가방/소품
STD_013033,기내용 캐리어,STD_013034,3,패션잡화 > 여행용가방/소품 > 기내용 캐리어
STD_013035,네임태그,STD_013034,3,패션잡화 > 여행용가방/소품 > 네임태그
STD_013036,보스턴가방,STD_013034,3,패션잡화 > 여행용가방/소품 > 보스턴가방
STD_013037,슈트케이스,STD_013034,3,패션잡화 > 여행용가방/소품 > 슈트케이스
STD_013038,여권지갑/케이스,STD_013034,3,패션잡화 > 여행용가방/소품 > 여권지갑/케이스
STD_013039,여행용파우치,STD_013034,3,패션잡화 > 여행용가방/소품 > 여행용파우치
STD_013040,여행용힙색/전대,STD_013034,3,패션잡화 > 여행용가방/소품 > 여행용힙색/전대
STD_013041,이민/유학용 가방,STD_013034,3,패션잡화 > 여행용가방/소품 > 이민/유학용 가방
STD_013042,잠금벨트/자물쇠,STD_013034,3,패션잡화 > 여행용가방/소품 > 잠금벨트/자물쇠
STD_013043,중대형 캐리어,STD_013034,3,패션잡화 > 여행용가방/소품 > 중대형 캐리어
STD_013044,캐리어소품,STD_013034,3,패션잡화 > 여행용가방/소품 > 캐리어소품
STD_013045,캐리어커버,STD_013034,3,패션잡화 > 여행용가방/소품 > 캐리어커버
STD_013047,장갑,STD_012808,2,패션잡화 > 장갑
STD_013046,남성장갑,STD_013047,3,패션잡화 > 장갑 > 남성장갑
STD_013048,암워머/토시,STD_013047,3,패션잡화 > 장갑 > 암워머/토시
STD_013049,여성장갑,STD_013047,3,패션잡화 > 장갑 > 여성장갑
STD_013052,주얼리,STD_012808,2,패션잡화 > 주얼리
STD_013051,귀걸이,STD_013052,3,패션잡화 > 주얼리 > 귀걸이
STD_013050,14K귀걸이,STD_013051,4,패션잡화 > 주얼리 > 귀걸이 > 14K귀걸이
STD_013053,18K귀걸이,STD_013051,4,패션잡화 > 주얼리 > 귀걸이 > 18K귀걸이
STD_013054,다이아몬드 귀걸이,STD_013051,4,패션잡화 > 주얼리 > 귀걸이 > 다이아몬드 귀걸이
STD_013055,랩다이아몬드/모이사나이트귀걸이,STD_013051,4,패션잡화 > 주얼리 > 귀걸이 > 랩다이아몬드/모이사나이트귀걸이
STD_013056,순금귀걸이,STD_013051,4,패션잡화 > 주얼리 > 귀걸이 > 순금귀걸이
STD_013057,실버귀걸이,STD_013051,4,패션잡화 > 주얼리 > 귀걸이 > 실버귀걸이
STD_013058,유색보석귀걸이,STD_013051,4,패션잡화 > 주얼리 > 귀걸이 > 유색보석귀걸이
STD_013059,진주귀걸이,STD_013051,4,패션잡화 > 주얼리 > 귀걸이 > 진주귀걸이
STD_013060,패션귀걸이,STD_013051,4,패션잡화 > 주얼리 > 귀걸이 > 패션귀걸이
STD_013062,목걸이,STD_013052,3,패션잡화 > 주얼리 > 목걸이
STD_013061,14K목걸이,STD_013062,4,패션잡화 > 주얼리 > 목걸이 > 14K목걸이
STD_013063,18K목걸이,STD_013062,4,패션잡화 > 주얼리 > 목걸이 > 18K목걸이
STD_013064,다이아몬드목걸이,STD_013062,4,패션잡화 > 주얼리 > 목걸이 > 다이아몬드목걸이
STD_013065,랩다이아몬드/모이사나이트목걸이,STD_013062,4,패션잡화 > 주얼리 > 목걸이 > 랩다이아몬드/모이사나이트목걸이
STD_013066,순금목걸이,STD_013062,4,패션잡화 > 주얼리 > 목걸이 > 순금목걸이
STD_013067,실버목걸이,STD_013062,4,패션잡화 > 주얼리 > 목걸이 > 실버목걸이
STD_013068,유색보석목걸이,STD_013062,4,패션잡화 > 주얼리 > 목걸이 > 유색보석목걸이
STD_013069,진주목걸이,STD_013062,4,패션잡화 > 주얼리 > 목걸이 > 진주목걸이
STD_013070,패션목걸이,STD_013062,4,패션잡화 > 주얼리 > 목걸이 > 패션목걸이
STD_013072,반지,STD_013052,3,패션잡화 > 주얼리 > 반지
STD_013071,14K반지,STD_013072,4,패션잡화 > 주얼리 > 반지 > 14K반지
STD_013073,18K반지,STD_013072,4,패션잡화 > 주얼리 > 반지 > 18K반지
STD_013074,다이아몬드반지,STD_013072,4,패션잡화 > 주얼리 > 반지 > 다이아몬드반지
STD_013075,랩다이아몬드/모이사나이트반지,STD_013072,4,패션잡화 > 주얼리 > 반지 > 랩다이아몬드/모이사나이트반지
STD_013076,백금반지,STD_013072,4,패션잡화 > 주얼리 > 반지 > 백금반지
STD_013077,순금반지,STD_013072,4,패션잡화 > 주얼리 > 반지 > 순금반지
STD_013078,실버반지,STD_013072,4,패션잡화 > 주얼리 > 반지 > 실버반지
STD_013079,유색보석반지,STD_013072,4,패션잡화 > 주얼리 > 반지 > 유색보석반지
STD_013080,진주반지,STD_013072,4,패션잡화 > 주얼리 > 반지 > 진주반지
STD_013081,패션반지,STD_013072,4,패션잡화 > 주얼리 > 반지 > 패션반지
STD_013083,발찌,STD_013052,3,패션잡화 > 주얼리 > 발찌
STD_013082,14K발찌,STD_013083,4,패션잡화 > 주얼리 > 발찌 > 14K발찌
STD_013084,18K발찌,STD_013083,4,패션잡화 > 주얼리 > 발찌 > 18K발찌
STD_013085,순금발찌,STD_013083,4,패션잡화 > 주얼리 > 발찌 > 순금발찌
STD_013086,실버발찌,STD_013083,4,패션잡화 > 주얼리 > 발찌 > 실버발찌
STD_013087,패션발찌,STD_013083,4,패션잡화 > 주얼리 > 발찌 > 패션발찌
STD_013089,주얼리세트,STD_013052,3,패션잡화 > 주얼리 > 주얼리세트
STD_013088,14K세트,STD_013089,4,패션잡화 > 주얼리 > 주얼리세트 > 14K세트
STD_013090,18K세트,STD_013089,4,패션잡화 > 주얼리 > 주얼리세트 > 18K세트
STD_013091,다이아몬드세트,STD_013089,4,패션잡화 > 주얼리 > 주얼리세트 > 다이아몬드세트
STD_013092,순금주얼리세트,STD_013089,4,패션잡화 > 주얼리 > 주얼리세트 > 순금주얼리세트
STD_013093,실버세트,STD_013089,4,패션잡화 > 주얼리 > 주얼리세트 > 실버세트
STD_013094,유색보석세트,STD_013089,4,패션잡화 > 주얼리 > 주얼리세트 > 유색보석세트
STD_013095,진주세트,STD_013089,4,패션잡화 > 주얼리 > 주얼리세트 > 진주세트
STD_013096,패션주얼리세트,STD_013089,4,패션잡화 > 주얼리 > 주얼리세트 > 패션주얼리세트
STD_013098,주얼리소품,STD_013052,3,패션잡화 > 주얼리 > 주얼리소품
STD_013097,기타주얼리소품,STD_013098,4,패션잡화 > 주얼리 > 주얼리소품 > 기타주얼리소품
STD_013099,보관함/케이스,STD_013098,4,패션잡화 > 주얼리 > 주얼리소품 > 보관함/케이스
STD_013100,세척용품,STD_013098,4,패션잡화 > 주얼리 > 주얼리소품 > 세척용품
STD_013101,진열대,STD_013098,4,패션잡화 > 주얼리 > 주얼리소품 > 진열대
STD_013103,팔찌,STD_013052,3,패션잡화 > 주얼리 > 팔찌
STD_013102,14K팔찌,STD_013103,4,패션잡화 > 주얼리 > 팔찌 > 14K팔찌
STD_013104,18K팔찌,STD_013103,4,패션잡화 > 주얼리 > 팔찌 > 18K팔찌
STD_013105,다이아몬드 팔찌,STD_013103,4,패션잡화 > 주얼리 > 팔찌 > 다이아몬드 팔찌
STD_013106,랩다이아몬드/모이사나이트팔찌,STD_013103,4,패션잡화 > 주얼리 > 팔찌 > 랩다이아몬드/모이사나이트팔찌
STD_013107,순금팔찌,STD_013103,4,패션잡화 > 주얼리 > 팔찌 > 순금팔찌
STD_013108,실버팔찌,STD_013103,4,패션잡화 > 주얼리 > 팔찌 > 실버팔찌
STD_013109,패션팔찌,STD_013103,4,패션잡화 > 주얼리 > 팔찌 > 패션팔찌
STD_013111,펜던트,STD_013052,3,패션잡화 > 주얼리 > 펜던트
STD_013110,금펜던트,STD_013111,4,패션잡화 > 주얼리 > 펜던트 > 금펜던트
STD_013112,순금펜던트,STD_013111,4,패션잡화 > 주얼리 > 펜던트 > 순금펜던트
STD_013113,실버펜던트,STD_013111,4,패션잡화 > 주얼리 > 펜던트 > 실버펜던트
STD_013114,유색보석펜던트,STD_013111,4,패션잡화 > 주얼리 > 펜던트 > 유색보석펜던트
STD_013115,패션펜던트,STD_013111,4,패션잡화 > 주얼리 > 펜던트 > 패션펜던트
STD_013117,피어싱,STD_013052,3,패션잡화 > 주얼리 > 피어싱
STD_013116,14K피어싱,STD_013117,4,패션잡화 > 주얼리 > 피어싱 > 14K피어싱
STD_013118,18K피어싱,STD_013117,4,패션잡화 > 주얼리 > 피어싱 > 18K피어싱
STD_013119,순금피어싱,STD_013117,4,패션잡화 > 주얼리 > 피어싱 > 순금피어싱
STD_013120,실버피어싱,STD_013117,4,패션잡화 > 주얼리 > 피어싱 > 실버피어싱
STD_013121,원석피어싱,STD_013117,4,패션잡화 > 주얼리 > 피어싱 > 원석피어싱
STD_013122,패션피어싱,STD_013117,4,패션잡화 > 주얼리 > 피어싱 > 패션피어싱
STD_013125,지갑,STD_012808,2,패션잡화 > 지갑
STD_013124,남성지갑,STD_013125,3,패션잡화 > 지갑 > 남성지갑
STD_013123,반지갑,STD_013124,4,패션잡화 > 지갑 > 남성지갑 > 반지갑
STD_013126,장지갑,STD_013124,4,패션잡화 > 지갑 > 남성지갑 > 장지갑
STD_013127,중지갑,STD_013124,4,패션잡화 > 지갑 > 남성지갑 > 중지갑
STD_013128,동전지갑,STD_013125,3,패션잡화 > 지갑 > 동전지갑
STD_013129,머니클립,STD_013125,3,패션잡화 > 지갑 > 머니클립
STD_013131,여성지갑,STD_013125,3,패션잡화 > 지갑 > 여성지갑
STD_013130,반지갑,STD_013131,4,패션잡화 > 지갑 > 여성지갑 > 반지갑
STD_013132,장지갑,STD_013131,4,패션잡화 > 지갑 > 여성지갑 > 장지갑
STD_013133,중지갑,STD_013131,4,패션잡화 > 지갑 > 여성지갑 > 중지갑
STD_013134,열쇠지갑,STD_013125,3,패션잡화 > 지갑 > 열쇠지갑
STD_013135,지갑기타세트,STD_013125,3,패션잡화 > 지갑 > 지갑기타세트
STD_013136,카드/명함지갑,STD_013125,3,패션잡화 > 지갑 > 카드/명함지갑
STD_013137,통장지갑,STD_013125,3,패션잡화 > 지갑 > 통장지갑
STD_013139,패션소품,STD_012808,2,패션잡화 > 패션소품
STD_013138,기타패션소품,STD_013139,3,패션잡화 > 패션소품 > 기타패션소품
STD_013140,넥워머,STD_013139,3,패션잡화 > 패션소품 > 넥워머
STD_013141,넥케이프,STD_013139,3,패션잡화 > 패션소품 > 넥케이프
STD_013143,넥타이,STD_013139,3,패션잡화 > 패션소품 > 넥타이
STD_013142,기본넥타이,STD_013143,4,패션잡화 > 패션소품 > 넥타이 > 기본넥타이
STD_013144,나비넥타이,STD_013143,4,패션잡화 > 패션소품 > 넥타이 > 나비넥타이
STD_013145,넥타이핀,STD_013143,4,패션잡화 > 패션소품 > 넥타이 > 넥타이핀
STD_013147,라이터/담배용품,STD_013139,3,패션잡화 > 패션소품 > 라이터/담배용품
STD_013146,기타담배용품,STD_013147,4,패션잡화 > 패션소품 > 라이터/담배용품 > 기타담배용품
STD_013148,담배케이스,STD_013147,4,패션잡화 > 패션소품 > 라이터/담배용품 > 담배케이스
STD_013149,라이터,STD_013147,4,패션잡화 > 패션소품 > 라이터/담배용품 > 라이터
STD_013150,머플러,STD_013139,3,패션잡화 > 패션소품 > 머플러
STD_013151,부채,STD_013139,3,패션잡화 > 패션소품 > 부채
STD_013153,브로치,STD_013139,3,패션잡화 > 패션소품 > 브로치
STD_013152,보석브로치,STD_013153,4,패션잡화 > 패션소품 > 브로치 > 보석브로치
STD_013154,카네이션브로치,STD_013153,4,패션잡화 > 패션소품 > 브로치 > 카네이션브로치
STD_013155,패션브로치,STD_013153,4,패션잡화 > 패션소품 > 브로치 > 패션브로치
STD_013157,손수건,STD_013139,3,패션잡화 > 패션소품 > 손수건
STD_013156,남성용,STD_013157,4,패션잡화 > 패션소품 > 손수건 > 남성용
STD_013158,여성용,STD_013157,4,패션잡화 > 패션소품 > 손수건 > 여성용
STD_013159,숄,STD_013139,3,패션잡화 > 패션소품 > 숄
STD_013161,스카프,STD_013139,3,패션잡화 > 패션소품 > 스카프
STD_013160,롱,STD_013161,4,패션잡화 > 패션소품 > 스카프 > 롱
STD_013162,쁘띠/미니,STD_013161,4,패션잡화 > 패션소품 > 스카프 > 쁘띠/미니
STD_013163,스퀘어/까레스카프,STD_013161,4,패션잡화 > 패션소품 > 스카프 > 스퀘어/까레스카프
STD_013164,트라이앵글스카프,STD_013161,4,패션잡화 > 패션소품 > 스카프 > 트라이앵글스카프
STD_013166,스타킹,STD_013139,3,패션잡화 > 패션소품 > 스타킹
STD_013165,발목스타킹,STD_013166,4,패션잡화 > 패션소품 > 스타킹 > 발목스타킹
STD_013167,밴드스타킹,STD_013166,4,패션잡화 > 패션소품 > 스타킹 > 밴드스타킹
STD_013168,스프레이스타킹,STD_013166,4,패션잡화 > 패션소품 > 스타킹 > 스프레이스타킹
STD_013169,압박보정스타킹,STD_013166,4,패션잡화 > 패션소품 > 스타킹 > 압박보정스타킹
STD_013170,판타롱스타킹,STD_013166,4,패션잡화 > 패션소품 > 스타킹 > 판타롱스타킹
STD_013171,팬티스타킹,STD_013166,4,패션잡화 > 패션소품 > 스타킹 > 팬티스타킹
STD_013173,양산,STD_013139,3,패션잡화 > 패션소품 > 양산
STD_013172,수동양산,STD_013173,4,패션잡화 > 패션소품 > 양산 > 수동양산
STD_013174,자동양산,STD_013173,4,패션잡화 > 패션소품 > 양산 > 자동양산
STD_013175,와펜,STD_013139,3,패션잡화 > 패션소품 > 와펜
STD_013177,우산,STD_013139,3,패션잡화 > 패션소품 > 우산
STD_013176,기타,STD_013177,4,패션잡화 > 패션소품 > 우산 > 기타
STD_013178,수동우산,STD_013177,4,패션잡화 > 패션소품 > 우산 > 수동우산
STD_013179,자동우산,STD_013177,4,패션잡화 > 패션소품 > 우산 > 자동우산
STD_013180,커프스,STD_013139,3,패션잡화 > 패션소품 > 커프스
STD_013181,코르사주,STD_013139,3,패션잡화 > 패션소품 > 코르사주
STD_013182,키링,STD_013139,3,패션잡화 > 패션소품 > 키링
STD_013183,한복소품,STD_013139,3,패션잡화 > 패션소품 > 한복소품
STD_013184,행커치프,STD_013139,3,패션잡화 > 패션소품 > 행커치프
STD_013187,헤어액세서리,STD_012808,2,패션잡화 > 헤어액세서리
STD_013186,가발,STD_013187,3,패션잡화 > 헤어액세서리 > 가발
STD_013185,남성가발,STD_013186,4,패션잡화 > 헤어액세서리 > 가발 > 남성가발
STD_013188,여성가발,STD_013186,4,패션잡화 > 헤어액세서리 > 가발 > 여성가발
STD_013189,헤어끈,STD_013187,3,패션잡화 > 헤어액세서리 > 헤어끈
STD_013190,헤어밴드,STD_013187,3,패션잡화 > 헤어액세서리 > 헤어밴드
STD_013191,헤어액세서리소품,STD_013187,3,패션잡화 > 헤어액세서리 > 헤어액세서리소품
STD_013192,헤어핀,STD_013187,3,패션잡화 > 헤어액세서리 > 헤어핀
STD_013195,피트니스/수영복,ROOT,1,피트니스/수영복
STD_013194,기타,STD_013195,2,피트니스/수영복 > 기타
STD_013193,기타,STD_013194,3,피트니스/수영복 > 기타 > 기타
STD_013197,남성래쉬가드,STD_013195,2,피트니스/수영복 > 남성래쉬가드
STD_013196,상의,STD_013197,3,피트니스/수영복 > 남성래쉬가드 > 상의
STD_013198,세트,STD_013197,3,피트니스/수영복 > 남성래쉬가드 > 세트
STD_013199,하의,STD_013197,3,피트니스/수영복 > 남성래쉬가드 > 하의
STD_013201,남성수영복,STD_013195,2,피트니스/수영복 > 남성수영복
STD_013200,남성사각수영복,STD_013201,3,피트니스/수영복 > 남성수영복 > 남성사각수영복
STD_013202,남성삼각수영복,STD_013201,3,피트니스/수영복 > 남성수영복 > 남성삼각수영복
STD_013203,반전신수영복,STD_013201,3,피트니스/수영복 > 남성수영복 > 반전신수영복
STD_013204,전신수영복,STD_013201,3,피트니스/수영복 > 남성수영복 > 전신수영복
STD_013206,여성래쉬가드,STD_013195,2,피트니스/수영복 > 여성래쉬가드
STD_013205,상의,STD_013206,3,피트니스/수영복 > 여성래쉬가드 > 상의
STD_013207,세트,STD_013206,3,피트니스/수영복 > 여성래쉬가드 > 세트
STD_013208,하의,STD_013206,3,피트니스/수영복 > 여성래쉬가드 > 하의
STD_013210,여성수영복,STD_013195,2,피트니스/수영복 > 여성수영복
STD_013209,모노키니,STD_013210,3,피트니스/수영복 > 여성수영복 > 모노키니
STD_013211,반전신수영복,STD_013210,3,피트니스/수영복 > 여성수영복 > 반전신수영복
STD_013212,비키니,STD_013210,3,피트니스/수영복 > 여성수영복 > 비키니
STD_013213,원피스수영복,STD_013210,3,피트니스/수영복 > 여성수영복 > 원피스수영복
STD_013214,전신수영복,STD_013210,3,피트니스/수영복 > 여성수영복 > 전신수영복
STD_013216,요가/필라테스의류,STD_013195,2,피트니스/수영복 > 요가/필라테스의류
STD_013215,요가/필라테스복상의,STD_013216,3,피트니스/수영복 > 요가/필라테스의류 > 요가/필라테스복상의
STD_013217,요가/필라테스복세트,STD_013216,3,피트니스/수영복 > 요가/필라테스의류 > 요가/필라테스복세트
STD_013218,요가/필라테스복하의,STD_013216,3,피트니스/수영복 > 요가/필라테스의류 > 요가/필라테스복하의
STD_013221,해외/국내여행,ROOT,1,해외/국내여행
STD_013220,국내여행,STD_013221,2,해외/국내여행 > 국내여행
STD_013219,국내숙소,STD_013220,3,해외/국내여행 > 국내여행 > 국내숙소
STD_013222,제주여행,STD_013220,3,해외/국내여행 > 국내여행 > 제주여행
STD_013223,테마여행,STD_013220,3,해외/국내여행 > 국내여행 > 테마여행
STD_013226,레저/입장권,STD_013221,2,해외/국내여행 > 레저/입장권
STD_013225,기타,STD_013226,3,해외/국내여행 > 레저/입장권 > 기타
STD_013224,기타,STD_013225,4,해외/국내여행 > 레저/입장권 > 기타 > 기타
STD_013228,레저,STD_013226,3,해외/국내여행 > 레저/입장권 > 레저
STD_013227,수상레저/래프팅,STD_013228,4,해외/국내여행 > 레저/입장권 > 레저 > 수상레저/래프팅
STD_013229,스키/눈썰매,STD_013228,4,해외/국내여행 > 레저/입장권 > 레저 > 스키/눈썰매
STD_013230,액티비티,STD_013228,4,해외/국내여행 > 레저/입장권 > 레저 > 액티비티
STD_013231,케이블카/전망대,STD_013228,4,해외/국내여행 > 레저/입장권 > 레저 > 케이블카/전망대
STD_013233,입장권,STD_013226,3,해외/국내여행 > 레저/입장권 > 입장권
STD_013232,동물원,STD_013233,4,해외/국내여행 > 레저/입장권 > 입장권 > 동물원
STD_013234,아쿠아리움,STD_013233,4,해외/국내여행 > 레저/입장권 > 입장권 > 아쿠아리움
STD_013235,워터파크/스파,STD_013233,4,해외/국내여행 > 레저/입장권 > 입장권 > 워터파크/스파
STD_013236,제주입장권,STD_013233,4,해외/국내여행 > 레저/입장권 > 입장권 > 제주입장권
STD_013237,키즈카페,STD_013233,4,해외/국내여행 > 레저/입장권 > 입장권 > 키즈카페
STD_013238,테마파크,STD_013233,4,해외/국내여행 > 레저/입장권 > 입장권 > 테마파크
STD_013240,해외여행,STD_013221,2,해외/국내여행 > 해외여행
STD_013239,자유여행,STD_013240,3,해외/국내여행 > 해외여행 > 자유여행
STD_013241,투어티켓,STD_013240,3,해외/국내여행 > 해외여행 > 투어티켓
STD_013242,패키지,STD_013240,3,해외/국내여행 > 해외여행 > 패키지
STD_013245,해외명품,ROOT,1,해외명품
STD_013244,골프,STD_013245,2,해외명품 > 골프
STD_013243,골프용품,STD_013244,3,해외명품 > 골프 > 골프용품
STD_013246,남성골프의류,STD_013244,3,해외명품 > 골프 > 남성골프의류
STD_013247,남성골프화,STD_013244,3,해외명품 > 골프 > 남성골프화
STD_013248,여성골프의류,STD_013244,3,해외명품 > 골프 > 여성골프의류
STD_013249,여성골프화,STD_013244,3,해외명품 > 골프 > 여성골프화
STD_013251,남성가방,STD_013245,2,해외명품 > 남성가방
STD_013250,가방 기타,STD_013251,3,해외명품 > 남성가방 > 가방 기타
STD_013252,백팩,STD_013251,3,해외명품 > 남성가방 > 백팩
STD_013253,서류가방,STD_013251,3,해외명품 > 남성가방 > 서류가방
STD_013254,숄더백,STD_013251,3,해외명품 > 남성가방 > 숄더백
STD_013255,크로스백,STD_013251,3,해외명품 > 남성가방 > 크로스백
STD_013256,클러치백/파우치,STD_013251,3,해외명품 > 남성가방 > 클러치백/파우치
STD_013257,토트백,STD_013251,3,해외명품 > 남성가방 > 토트백
STD_013259,남성신발,STD_013245,2,해외명품 > 남성신발
STD_013258,남성구두,STD_013259,3,해외명품 > 남성신발 > 남성구두
STD_013260,로퍼,STD_013259,3,해외명품 > 남성신발 > 로퍼
STD_013261,부츠,STD_013259,3,해외명품 > 남성신발 > 부츠
STD_013262,샌들/슬리퍼,STD_013259,3,해외명품 > 남성신발 > 샌들/슬리퍼
STD_013263,스니커즈/운동화,STD_013259,3,해외명품 > 남성신발 > 스니커즈/운동화
STD_013264,신발 기타,STD_013259,3,해외명품 > 남성신발 > 신발 기타
STD_013266,남성의류,STD_013245,2,해외명품 > 남성의류
STD_013265,비치웨어,STD_013266,3,해외명품 > 남성의류 > 비치웨어
STD_013267,셔츠/블라우스,STD_013266,3,해외명품 > 남성의류 > 셔츠/블라우스
STD_013268,스웨터/카디건,STD_013266,3,해외명품 > 남성의류 > 스웨터/카디건
STD_013269,스포츠웨어,STD_013266,3,해외명품 > 남성의류 > 스포츠웨어
STD_013270,언더웨어/파자마,STD_013266,3,해외명품 > 남성의류 > 언더웨어/파자마
STD_013271,재킷,STD_013266,3,해외명품 > 남성의류 > 재킷
STD_013272,점퍼/패딩,STD_013266,3,해외명품 > 남성의류 > 점퍼/패딩
STD_013273,정장/슈트,STD_013266,3,해외명품 > 남성의류 > 정장/슈트
STD_013274,코트,STD_013266,3,해외명품 > 남성의류 > 코트
STD_013275,티셔츠,STD_013266,3,해외명품 > 남성의류 > 티셔츠
STD_013276,팬츠,STD_013266,3,해외명품 > 남성의류 > 팬츠
STD_013278,남성주얼리,STD_013245,2,해외명품 > 남성주얼리
STD_013277,목걸이/팬던트,STD_013278,3,해외명품 > 남성주얼리 > 목걸이/팬던트
STD_013279,반지,STD_013278,3,해외명품 > 남성주얼리 > 반지
STD_013280,쥬얼리 기타,STD_013278,3,해외명품 > 남성주얼리 > 쥬얼리 기타
STD_013281,팔찌,STD_013278,3,해외명품 > 남성주얼리 > 팔찌
STD_013283,남성지갑,STD_013245,2,해외명품 > 남성지갑
STD_013282,반지갑/중지갑,STD_013283,3,해외명품 > 남성지갑 > 반지갑/중지갑
STD_013284,장지갑,STD_013283,3,해외명품 > 남성지갑 > 장지갑
STD_013285,지갑 기타,STD_013283,3,해외명품 > 남성지갑 > 지갑 기타
STD_013286,카드/명함지갑,STD_013283,3,해외명품 > 남성지갑 > 카드/명함지갑
STD_013288,럭셔리라이프,STD_013245,2,해외명품 > 럭셔리라이프
STD_013287,리빙/잡화,STD_013288,3,해외명품 > 럭셔리라이프 > 리빙/잡화
STD_013289,뷰티,STD_013288,3,해외명품 > 럭셔리라이프 > 뷰티
STD_013290,식품,STD_013288,3,해외명품 > 럭셔리라이프 > 식품
STD_013292,명품시계,STD_013245,2,해외명품 > 명품시계
STD_013291,남성시계,STD_013292,3,해외명품 > 명품시계 > 남성시계
STD_013293,여성시계,STD_013292,3,해외명품 > 명품시계 > 여성시계
STD_013295,벨트,STD_013245,2,해외명품 > 벨트
STD_013294,남성 벨트,STD_013295,3,해외명품 > 벨트 > 남성 벨트
STD_013296,여성 벨트,STD_013295,3,해외명품 > 벨트 > 여성 벨트
STD_013298,선글라스/안경테,STD_013245,2,해외명품 > 선글라스/안경테
STD_013297,선글라스,STD_013298,3,해외명품 > 선글라스/안경테 > 선글라스
STD_013299,안경테,STD_013298,3,해외명품 > 선글라스/안경테 > 안경테
STD_013301,여성가방,STD_013245,2,해외명품 > 여성가방
STD_013300,가방 기타,STD_013301,3,해외명품 > 여성가방 > 가방 기타
STD_013302,미니백,STD_013301,3,해외명품 > 여성가방 > 미니백
STD_013303,백팩,STD_013301,3,해외명품 > 여성가방 > 백팩
STD_013304,숄더백,STD_013301,3,해외명품 > 여성가방 > 숄더백
STD_013305,크로스백,STD_013301,3,해외명품 > 여성가방 > 크로스백
STD_013306,클러치백/파우치,STD_013301,3,해외명품 > 여성가방 > 클러치백/파우치
STD_013307,토트백,STD_013301,3,해외명품 > 여성가방 > 토트백
STD_013308,히프색,STD_013301,3,해외명품 > 여성가방 > 히프색
STD_013310,여성신발,STD_013245,2,해외명품 > 여성신발
STD_013309,로퍼,STD_013310,3,해외명품 > 여성신발 > 로퍼
STD_013311,부츠,STD_013310,3,해외명품 > 여성신발 > 부츠
STD_013312,샌들/슬리퍼/뮬,STD_013310,3,해외명품 > 여성신발 > 샌들/슬리퍼/뮬
STD_013313,스니커즈/운동화,STD_013310,3,해외명품 > 여성신발 > 스니커즈/운동화
STD_013314,신발 기타,STD_013310,3,해외명품 > 여성신발 > 신발 기타
STD_013315,에스파드류/웨지,STD_013310,3,해외명품 > 여성신발 > 에스파드류/웨지
STD_013316,펌프스/힐,STD_013310,3,해외명품 > 여성신발 > 펌프스/힐
STD_013317,플랫슈즈,STD_013310,3,해외명품 > 여성신발 > 플랫슈즈
STD_013319,여성의류,STD_013245,2,해외명품 > 여성의류
STD_013318,비치웨어,STD_013319,3,해외명품 > 여성의류 > 비치웨어
STD_013320,셔츠/블라우스,STD_013319,3,해외명품 > 여성의류 > 셔츠/블라우스
STD_013321,스웨터/카디건,STD_013319,3,해외명품 > 여성의류 > 스웨터/카디건
STD_013322,스커트,STD_013319,3,해외명품 > 여성의류 > 스커트
STD_013323,스포츠웨어,STD_013319,3,해외명품 > 여성의류 > 스포츠웨어
STD_013324,언더웨어/파자마,STD_013319,3,해외명품 > 여성의류 > 언더웨어/파자마
STD_013325,원피스,STD_013319,3,해외명품 > 여성의류 > 원피스
STD_013326,재킷,STD_013319,3,해외명품 > 여성의류 > 재킷
STD_013327,점퍼/패딩,STD_013319,3,해외명품 > 여성의류 > 점퍼/패딩
STD_013328,코트,STD_013319,3,해외명품 > 여성의류 > 코트
STD_013329,티셔츠,STD_013319,3,해외명품 > 여성의류 > 티셔츠
STD_013330,팬츠,STD_013319,3,해외명품 > 여성의류 > 팬츠
STD_013332,여성주얼리,STD_013245,2,해외명품 > 여성주얼리
STD_013331,귀걸이,STD_013332,3,해외명품 > 여성주얼리 > 귀걸이
STD_013333,목걸이/팬던트,STD_013332,3,해외명품 > 여성주얼리 > 목걸이/팬던트
STD_013334,반지,STD_013332,3,해외명품 > 여성주얼리 > 반지
STD_013335,쥬얼리 기타,STD_013332,3,해외명품 > 여성주얼리 > 쥬얼리 기타
STD_013336,팔찌/참,STD_013332,3,해외명품 > 여성주얼리 > 팔찌/참
STD_013338,여성지갑,STD_013245,2,해외명품 > 여성지갑
STD_013337,반지갑/중지갑,STD_013338,3,해외명품 > 여성지갑 > 반지갑/중지갑
STD_013339,장지갑,STD_013338,3,해외명품 > 여성지갑 > 장지갑
STD_013340,지갑 기타,STD_013338,3,해외명품 > 여성지갑 > 지갑 기타
STD_013341,카드/명함지갑,STD_013338,3,해외명품 > 여성지갑 > 카드/명함지갑
STD_013343,여행가방,STD_013245,2,해외명품 > 여행가방
STD_013342,보스턴백,STD_013343,3,해외명품 > 여행가방 > 보스턴백
STD_013344,캐리어,STD_013343,3,해외명품 > 여행가방 > 캐리어
STD_013346,패션소품/잡화,STD_013245,2,해외명품 > 패션소품/잡화
STD_013345,넥타이,STD_013346,3,해외명품 > 패션소품/잡화 > 넥타이
STD_013347,머플러/스카프,STD_013346,3,해외명품 > 패션소품/잡화 > 머플러/스카프
STD_013348,모자,STD_013346,3,해외명품 > 패션소품/잡화 > 모자
STD_013349,소품 기타,STD_013346,3,해외명품 > 패션소품/잡화 > 소품 기타
STD_013350,스타킹/레깅스,STD_013346,3,해외명품 > 패션소품/잡화 > 스타킹/레깅스
STD_013351,양말,STD_013346,3,해외명품 > 패션소품/잡화 > 양말
STD_013352,장갑,STD_013346,3,해외명품 > 패션소품/잡화 > 장갑
STD_013353,키링/참/가죽소품,STD_013346,3,해외명품 > 패션소품/잡화 > 키링/참/가죽소품
STD_013357,해외직구,ROOT,1,해외직구
STD_013356,뷰티헬스,STD_013357,2,해외직구 > 뷰티헬스
STD_013355,메이크업,STD_013356,3,해외직구 > 뷰티헬스 > 메이크업
STD_013354,립,STD_013355,4,해외직구 > 뷰티헬스 > 메이크업 > 립
STD_013358,베이스,STD_013355,4,해외직구 > 뷰티헬스 > 메이크업 > 베이스
STD_013359,아이,STD_013355,4,해외직구 > 뷰티헬스 > 메이크업 > 아이
STD_013360,치크,STD_013355,4,해외직구 > 뷰티헬스 > 메이크업 > 치크
STD_013362,스킨케어,STD_013356,3,해외직구 > 뷰티헬스 > 스킨케어
STD_013361,로션,STD_013362,4,해외직구 > 뷰티헬스 > 스킨케어 > 로션
STD_013363,마스크팩,STD_013362,4,해외직구 > 뷰티헬스 > 스킨케어 > 마스크팩
STD_013364,선케어,STD_013362,4,해외직구 > 뷰티헬스 > 스킨케어 > 선케어
STD_013365,스킨/토너,STD_013362,4,해외직구 > 뷰티헬스 > 스킨케어 > 스킨/토너
STD_013366,에센스,STD_013362,4,해외직구 > 뷰티헬스 > 스킨케어 > 에센스
STD_013367,크림,STD_013362,4,해외직구 > 뷰티헬스 > 스킨케어 > 크림
STD_013368,클렌징,STD_013362,4,해외직구 > 뷰티헬스 > 스킨케어 > 클렌징
STD_013370,향수,STD_013356,3,해외직구 > 뷰티헬스 > 향수
STD_013369,남성향수,STD_013370,4,해외직구 > 뷰티헬스 > 향수 > 남성향수
STD_013371,여성향수,STD_013370,4,해외직구 > 뷰티헬스 > 향수 > 여성향수
STD_013373,헤어바디네일,STD_013356,3,해외직구 > 뷰티헬스 > 헤어바디네일
STD_013372,네일/풋케어,STD_013373,4,해외직구 > 뷰티헬스 > 헤어바디네일 > 네일/풋케어
STD_013374,바디케어,STD_013373,4,해외직구 > 뷰티헬스 > 헤어바디네일 > 바디케어
STD_013375,핸드크림,STD_013373,4,해외직구 > 뷰티헬스 > 헤어바디네일 > 핸드크림
STD_013376,헤어케어,STD_013373,4,해외직구 > 뷰티헬스 > 헤어바디네일 > 헤어케어
STD_013378,생활용품,STD_013357,2,해외직구 > 생활용품
STD_013377,건강/의료용품,STD_013378,3,해외직구 > 생활용품 > 건강/의료용품
STD_013379,공구/철물/DIY,STD_013378,3,해외직구 > 생활용품 > 공구/철물/DIY
STD_013380,구강청결,STD_013378,3,해외직구 > 생활용품 > 구강청결
STD_013381,면도기,STD_013378,3,해외직구 > 생활용품 > 면도기
STD_013382,생활잡화,STD_013378,3,해외직구 > 생활용품 > 생활잡화
STD_013383,생활전기용품,STD_013378,3,해외직구 > 생활용품 > 생활전기용품
STD_013384,성인용품,STD_013378,3,해외직구 > 생활용품 > 성인용품
STD_013385,세제,STD_013378,3,해외직구 > 생활용품 > 세제
STD_013386,세탁/청소용품,STD_013378,3,해외직구 > 생활용품 > 세탁/청소용품
STD_013387,안전/호신용품,STD_013378,3,해외직구 > 생활용품 > 안전/호신용품
STD_013388,화장지/티슈,STD_013378,3,해외직구 > 생활용품 > 화장지/티슈
STD_013390,수입명품,STD_013357,2,해외직구 > 수입명품
STD_013389,명품남성가방,STD_013390,3,해외직구 > 수입명품 > 명품남성가방
STD_013391,명품남성신발,STD_013390,3,해외직구 > 수입명품 > 명품남성신발
STD_013392,명품남성의류,STD_013390,3,해외직구 > 수입명품 > 명품남성의류
STD_013393,명품남성지갑,STD_013390,3,해외직구 > 수입명품 > 명품남성지갑
STD_013394,명품시계,STD_013390,3,해외직구 > 수입명품 > 명품시계
STD_013395,명품아동신발,STD_013390,3,해외직구 > 수입명품 > 명품아동신발
STD_013396,명품아동의류,STD_013390,3,해외직구 > 수입명품 > 명품아동의류
STD_013397,명품여성가방,STD_013390,3,해외직구 > 수입명품 > 명품여성가방
STD_013398,명품여성신발,STD_013390,3,해외직구 > 수입명품 > 명품여성신발
STD_013399,명품여성의류,STD_013390,3,해외직구 > 수입명품 > 명품여성의류
STD_013400,명품여성지갑,STD_013390,3,해외직구 > 수입명품 > 명품여성지갑
STD_013401,명품여행가방,STD_013390,3,해외직구 > 수입명품 > 명품여행가방
STD_013402,명품잡화,STD_013390,3,해외직구 > 수입명품 > 명품잡화
STD_013403,명품주얼리,STD_013390,3,해외직구 > 수입명품 > 명품주얼리
STD_013404,스윔수트,STD_013390,3,해외직구 > 수입명품 > 스윔수트
STD_013405,언더웨어,STD_013390,3,해외직구 > 수입명품 > 언더웨어
STD_013407,스포츠/레저,STD_013357,2,해외직구 > 스포츠/레저
STD_013406,골프,STD_013407,3,해외직구 > 스포츠/레저 > 골프
STD_013408,구기/라켓스포츠,STD_013407,3,해외직구 > 스포츠/레저 > 구기/라켓스포츠
STD_013409,기타스포츠,STD_013407,3,해외직구 > 스포츠/레저 > 기타스포츠
STD_013410,낚시,STD_013407,3,해외직구 > 스포츠/레저 > 낚시
STD_013411,남성스포츠의류,STD_013407,3,해외직구 > 스포츠/레저 > 남성스포츠의류
STD_013412,등산/아웃도어,STD_013407,3,해외직구 > 스포츠/레저 > 등산/아웃도어
STD_013413,수영/수상스포츠,STD_013407,3,해외직구 > 스포츠/레저 > 수영/수상스포츠
STD_013414,스포츠잡화,STD_013407,3,해외직구 > 스포츠/레저 > 스포츠잡화
STD_013415,여성스포츠의류,STD_013407,3,해외직구 > 스포츠/레저 > 여성스포츠의류
STD_013416,자전거,STD_013407,3,해외직구 > 스포츠/레저 > 자전거
STD_013417,캠핑주방용품,STD_013407,3,해외직구 > 스포츠/레저 > 캠핑주방용품
STD_013418,헬스/요가,STD_013407,3,해외직구 > 스포츠/레저 > 헬스/요가
STD_013420,해외패션,STD_013357,2,해외직구 > 해외패션
STD_013419,남성가방,STD_013420,3,해외직구 > 해외패션 > 남성가방
STD_013421,남성신발,STD_013420,3,해외직구 > 해외패션 > 남성신발
STD_013422,남성의류,STD_013420,3,해외직구 > 해외패션 > 남성의류
STD_013423,남성지갑,STD_013420,3,해외직구 > 해외패션 > 남성지갑
STD_013424,스윔수트,STD_013420,3,해외직구 > 해외패션 > 스윔수트
STD_013425,시계,STD_013420,3,해외직구 > 해외패션 > 시계
STD_013426,아동신발,STD_013420,3,해외직구 > 해외패션 > 아동신발
STD_013427,아동의류,STD_013420,3,해외직구 > 해외패션 > 아동의류
STD_013428,언더웨어,STD_013420,3,해외직구 > 해외패션 > 언더웨어
STD_013429,여성가방,STD_013420,3,해외직구 > 해외패션 > 여성가방
STD_013430,여성신발,STD_013420,3,해외직구 > 해외패션 > 여성신발
STD_013431,여성의류,STD_013420,3,해외직구 > 해외패션 > 여성의류
STD_013432,여성지갑,STD_013420,3,해외직구 > 해외패션 > 여성지갑
STD_013433,여행가방,STD_013420,3,해외직구 > 해외패션 > 여행가방
STD_013434,주얼리,STD_013420,3,해외직구 > 해외패션 > 주얼리
STD_013435,패션잡화,STD_013420,3,해외직구 > 해외패션 > 패션잡화
STD_013438,헤어/바디,ROOT,1,헤어/바디
STD_013437,바디케어,STD_013438,2,헤어/바디 > 바디케어
STD_013436,남성청결제,STD_013437,3,헤어/바디 > 바디케어 > 남성청결제
STD_013439,데오드란트,STD_013437,3,헤어/바디 > 바디케어 > 데오드란트
STD_013440,목욕비누,STD_013437,3,헤어/바디 > 바디케어 > 목욕비누
STD_013441,바디로션,STD_013437,3,헤어/바디 > 바디케어 > 바디로션
STD_013442,바디미스트/샤워코롱,STD_013437,3,헤어/바디 > 바디케어 > 바디미스트/샤워코롱
STD_013443,바디스크럽,STD_013437,3,헤어/바디 > 바디케어 > 바디스크럽
STD_013444,바디오일,STD_013437,3,헤어/바디 > 바디케어 > 바디오일
STD_013445,바디워시,STD_013437,3,헤어/바디 > 바디케어 > 바디워시
STD_013446,바디케어세트,STD_013437,3,헤어/바디 > 바디케어 > 바디케어세트
STD_013447,바디케어용품,STD_013437,3,헤어/바디 > 바디케어 > 바디케어용품
STD_013448,바디크림/바디버터,STD_013437,3,헤어/바디 > 바디케어 > 바디크림/바디버터
STD_013449,바디파우더,STD_013437,3,헤어/바디 > 바디케어 > 바디파우더
STD_013450,여성청결제,STD_013437,3,헤어/바디 > 바디케어 > 여성청결제
STD_013451,제모제,STD_013437,3,헤어/바디 > 바디케어 > 제모제
STD_013453,입욕제,STD_013438,2,헤어/바디 > 입욕제
STD_013452,바스밤,STD_013453,3,헤어/바디 > 입욕제 > 바스밤
STD_013454,버블바스,STD_013453,3,헤어/바디 > 입욕제 > 버블바스
STD_013455,솔트/파우더,STD_013453,3,헤어/바디 > 입욕제 > 솔트/파우더
STD_013456,입욕오일,STD_013453,3,헤어/바디 > 입욕제 > 입욕오일
STD_013458,풋케어,STD_013438,2,헤어/바디 > 풋케어
STD_013457,각질제거기,STD_013458,3,헤어/바디 > 풋케어 > 각질제거기
STD_013459,풋샴푸,STD_013458,3,헤어/바디 > 풋케어 > 풋샴푸
STD_013460,풋솔트/풋스크럽,STD_013458,3,헤어/바디 > 풋케어 > 풋솔트/풋스크럽
STD_013461,풋스프레이/풋파우더,STD_013458,3,헤어/바디 > 풋케어 > 풋스프레이/풋파우더
STD_013462,풋케어용품,STD_013458,3,헤어/바디 > 풋케어 > 풋케어용품
STD_013463,풋크림/풋스틱,STD_013458,3,헤어/바디 > 풋케어 > 풋크림/풋스틱
STD_013464,풋팩/레그패치,STD_013458,3,헤어/바디 > 풋케어 > 풋팩/레그패치
STD_013466,핸드케어,STD_013438,2,헤어/바디 > 핸드케어
STD_013465,비누,STD_013466,3,헤어/바디 > 핸드케어 > 비누
STD_013467,손소독제,STD_013466,3,헤어/바디 > 핸드케어 > 손소독제
STD_013468,핸드마스크팩,STD_013466,3,헤어/바디 > 핸드케어 > 핸드마스크팩
STD_013469,핸드워시,STD_013466,3,헤어/바디 > 핸드케어 > 핸드워시
STD_013470,핸드케어세트,STD_013466,3,헤어/바디 > 핸드케어 > 핸드케어세트
STD_013471,핸드크림,STD_013466,3,헤어/바디 > 핸드케어 > 핸드크림
STD_013473,헤어스타일링,STD_013438,2,헤어/바디 > 헤어스타일링
STD_013472,염색약,STD_013473,3,헤어/바디 > 헤어스타일링 > 염색약
STD_013474,컬크림,STD_013473,3,헤어/바디 > 헤어스타일링 > 컬크림
STD_013475,탈색제,STD_013473,3,헤어/바디 > 헤어스타일링 > 탈색제
STD_013476,파마약,STD_013473,3,헤어/바디 > 헤어스타일링 > 파마약
STD_013477,포마드,STD_013473,3,헤어/바디 > 헤어스타일링 > 포마드
STD_013478,헤어매니큐어,STD_013473,3,헤어/바디 > 헤어스타일링 > 헤어매니큐어
STD_013479,헤어무스,STD_013473,3,헤어/바디 > 헤어스타일링 > 헤어무스
STD_013480,헤어스프레이,STD_013473,3,헤어/바디 > 헤어스타일링 > 헤어스프레이
STD_013481,헤어왁스,STD_013473,3,헤어/바디 > 헤어스타일링 > 헤어왁스
STD_013482,헤어젤,STD_013473,3,헤어/바디 > 헤어스타일링 > 헤어젤
STD_013484,헤어케어,STD_013438,2,헤어/바디 > 헤어케어
STD_013483,두피케어,STD_013484,3,헤어/바디 > 헤어케어 > 두피케어
STD_013485,린스,STD_013484,3,헤어/바디 > 헤어케어 > 린스
STD_013486,샴푸,STD_013484,3,헤어/바디 > 헤어케어 > 샴푸
STD_013487,탈모케어,STD_013484,3,헤어/바디 > 헤어케어 > 탈모케어
STD_013488,트리트먼트,STD_013484,3,헤어/바디 > 헤어케어 > 트리트먼트
STD_013489,헤어미스트,STD_013484,3,헤어/바디 > 헤어케어 > 헤어미스트
STD_013490,헤어에센스/헤어로션,STD_013484,3,헤어/바디 > 헤어케어 > 헤어에센스/헤어로션
STD_013491,헤어오일,STD_013484,3,헤어/바디 > 헤어케어 > 헤어오일
STD_013492,헤어케어세트,STD_013484,3,헤어/바디 > 헤어케어 > 헤어케어세트
STD_013493,헤어케어용품,STD_013484,3,헤어/바디 > 헤어케어 > 헤어케어용품
STD_013494,헤어팩,STD_013484,3,헤어/바디 > 헤어케어 > 헤어팩
STD_013497,헬스/수영용품,ROOT,1,헬스/수영용품
STD_013496,물놀이용품,STD_013497,2,헬스/수영용품 > 물놀이용품
STD_013495,구명조끼,STD_013496,3,헬스/수영용품 > 물놀이용품 > 구명조끼
STD_013498,물놀이보트,STD_013496,3,헬스/수영용품 > 물놀이용품 > 물놀이보트
STD_013499,물놀이용품기타,STD_013496,3,헬스/수영용품 > 물놀이용품 > 물놀이용품기타
STD_013500,비치볼,STD_013496,3,헬스/수영용품 > 물놀이용품 > 비치볼
STD_013501,수영풀장,STD_013496,3,헬스/수영용품 > 물놀이용품 > 수영풀장
STD_013502,스노클링,STD_013496,3,헬스/수영용품 > 물놀이용품 > 스노클링
STD_013503,튜브,STD_013496,3,헬스/수영용품 > 물놀이용품 > 튜브
STD_013505,보트/카누/카약,STD_013497,2,헬스/수영용품 > 보트/카누/카약
STD_013504,견인장치/트레일러,STD_013505,3,헬스/수영용품 > 보트/카누/카약 > 견인장치/트레일러
STD_013506,고무보트/콤비보트,STD_013505,3,헬스/수영용품 > 보트/카누/카약 > 고무보트/콤비보트
STD_013507,레저보트/요트/제트스키,STD_013505,3,헬스/수영용품 > 보트/카누/카약 > 레저보트/요트/제트스키
STD_013508,보트/제트스키용품,STD_013505,3,헬스/수영용품 > 보트/카누/카약 > 보트/제트스키용품
STD_013509,보트엔진/모터,STD_013505,3,헬스/수영용품 > 보트/카누/카약 > 보트엔진/모터
STD_013510,스트랩,STD_013505,3,헬스/수영용품 > 보트/카누/카약 > 스트랩
STD_013511,카약/카누,STD_013505,3,헬스/수영용품 > 보트/카누/카약 > 카약/카누
STD_013512,카약/카누용품,STD_013505,3,헬스/수영용품 > 보트/카누/카약 > 카약/카누용품
STD_013513,카약/카누패들,STD_013505,3,헬스/수영용품 > 보트/카누/카약 > 카약/카누패들
STD_013514,카약캐리어,STD_013505,3,헬스/수영용품 > 보트/카누/카약 > 카약캐리어
STD_013515,카약튜닝용품,STD_013505,3,헬스/수영용품 > 보트/카누/카약 > 카약튜닝용품
STD_013517,서핑,STD_013497,2,헬스/수영용품 > 서핑
STD_013516,기타서핑악세사리,STD_013517,3,헬스/수영용품 > 서핑 > 기타서핑악세사리
STD_013518,데크패드,STD_013517,3,헬스/수영용품 > 서핑 > 데크패드
STD_013519,서프왁스,STD_013517,3,헬스/수영용품 > 서핑 > 서프왁스
STD_013520,서핑모자,STD_013517,3,헬스/수영용품 > 서핑 > 서핑모자
STD_013521,서핑보드/보드백,STD_013517,3,헬스/수영용품 > 서핑 > 서핑보드/보드백
STD_013522,서핑슈트,STD_013517,3,헬스/수영용품 > 서핑 > 서핑슈트
STD_013524,수상스키/웨이크보드,STD_013497,2,헬스/수영용품 > 수상스키/웨이크보드
STD_013523,수상스키,STD_013524,3,헬스/수영용품 > 수상스키/웨이크보드 > 수상스키
STD_013525,수상스키장갑,STD_013524,3,헬스/수영용품 > 수상스키/웨이크보드 > 수상스키장갑
STD_013526,스키바인딩,STD_013524,3,헬스/수영용품 > 수상스키/웨이크보드 > 스키바인딩
STD_013527,웨이크보드,STD_013524,3,헬스/수영용품 > 수상스키/웨이크보드 > 웨이크보드
STD_013528,웨이크보드부츠,STD_013524,3,헬스/수영용품 > 수상스키/웨이크보드 > 웨이크보드부츠
STD_013530,수영용품,STD_013497,2,헬스/수영용품 > 수영용품
STD_013529,기타수영용품,STD_013530,3,헬스/수영용품 > 수영용품 > 기타수영용품
STD_013531,수경,STD_013530,3,헬스/수영용품 > 수영용품 > 수경
STD_013532,수영가방,STD_013530,3,헬스/수영용품 > 수영용품 > 수영가방
STD_013533,수영귀마개/코마개,STD_013530,3,헬스/수영용품 > 수영용품 > 수영귀마개/코마개
STD_013534,수영모,STD_013530,3,헬스/수영용품 > 수영용품 > 수영모
STD_013535,킥판/킥보드,STD_013530,3,헬스/수영용품 > 수영용품 > 킥판/킥보드
STD_013537,스킨스쿠버,STD_013497,2,헬스/수영용품 > 스킨스쿠버
STD_013536,다이빙슈트,STD_013537,3,헬스/수영용품 > 스킨스쿠버 > 다이빙슈트
STD_013538,다이빙시계,STD_013537,3,헬스/수영용품 > 스킨스쿠버 > 다이빙시계
STD_013539,다이빙신발,STD_013537,3,헬스/수영용품 > 스킨스쿠버 > 다이빙신발
STD_013540,다이빙장갑,STD_013537,3,헬스/수영용품 > 스킨스쿠버 > 다이빙장갑
STD_013541,다이빙칼,STD_013537,3,헬스/수영용품 > 스킨스쿠버 > 다이빙칼
STD_013542,다이빙후드,STD_013537,3,헬스/수영용품 > 스킨스쿠버 > 다이빙후드
STD_013543,부력재킷,STD_013537,3,헬스/수영용품 > 스킨스쿠버 > 부력재킷
STD_013544,스킨스쿠버장비,STD_013537,3,헬스/수영용품 > 스킨스쿠버 > 스킨스쿠버장비
STD_013545,오리발/핀서포트,STD_013537,3,헬스/수영용품 > 스킨스쿠버 > 오리발/핀서포트
STD_013546,잠수경,STD_013537,3,헬스/수영용품 > 스킨스쿠버 > 잠수경
STD_013548,요가/필라테스용품,STD_013497,2,헬스/수영용품 > 요가/필라테스용품
STD_013547,기타요가/필라테스용품,STD_013548,3,헬스/수영용품 > 요가/필라테스용품 > 기타요가/필라테스용품
STD_013549,마사지,STD_013548,3,헬스/수영용품 > 요가/필라테스용품 > 마사지
STD_013550,블록,STD_013548,3,헬스/수영용품 > 요가/필라테스용품 > 블록
STD_013551,스트랩,STD_013548,3,헬스/수영용품 > 요가/필라테스용품 > 스트랩
STD_013552,요가매트,STD_013548,3,헬스/수영용품 > 요가/필라테스용품 > 요가매트
STD_013553,요가밴드,STD_013548,3,헬스/수영용품 > 요가/필라테스용품 > 요가밴드
STD_013554,요가타월,STD_013548,3,헬스/수영용품 > 요가/필라테스용품 > 요가타월
STD_013555,지압볼,STD_013548,3,헬스/수영용품 > 요가/필라테스용품 > 지압볼
STD_013556,짐볼,STD_013548,3,헬스/수영용품 > 요가/필라테스용품 > 짐볼
STD_013557,토닝볼,STD_013548,3,헬스/수영용품 > 요가/필라테스용품 > 토닝볼
STD_013558,폼롤러,STD_013548,3,헬스/수영용품 > 요가/필라테스용품 > 폼롤러
STD_013559,필라테스링,STD_013548,3,헬스/수영용품 > 요가/필라테스용품 > 필라테스링
STD_013561,웨이트장비,STD_013497,2,헬스/수영용품 > 웨이트장비
STD_013560,딥스바,STD_013561,3,헬스/수영용품 > 웨이트장비 > 딥스바
STD_013562,레그프레스,STD_013561,3,헬스/수영용품 > 웨이트장비 > 레그프레스
STD_013563,로망체어,STD_013561,3,헬스/수영용품 > 웨이트장비 > 로망체어
STD_013564,로잉머신,STD_013561,3,헬스/수영용품 > 웨이트장비 > 로잉머신
STD_013565,멀티웨이트세트,STD_013561,3,헬스/수영용품 > 웨이트장비 > 멀티웨이트세트
STD_013566,벤치프레스,STD_013561,3,헬스/수영용품 > 웨이트장비 > 벤치프레스
STD_013567,스쿼트랙,STD_013561,3,헬스/수영용품 > 웨이트장비 > 스쿼트랙
STD_013568,싯업벤치,STD_013561,3,헬스/수영용품 > 웨이트장비 > 싯업벤치
STD_013569,이퀼라이저바,STD_013561,3,헬스/수영용품 > 웨이트장비 > 이퀼라이저바
STD_013570,일립티컬,STD_013561,3,헬스/수영용품 > 웨이트장비 > 일립티컬
STD_013571,치닝디핑기구,STD_013561,3,헬스/수영용품 > 웨이트장비 > 치닝디핑기구
STD_013572,평벤치,STD_013561,3,헬스/수영용품 > 웨이트장비 > 평벤치
STD_013574,헬스기구,STD_013497,2,헬스/수영용품 > 헬스기구
STD_013573,EMS운동기구,STD_013574,3,헬스/수영용품 > 헬스기구 > EMS운동기구
STD_013575,거꾸리,STD_013574,3,헬스/수영용품 > 헬스기구 > 거꾸리
STD_013576,러닝머신,STD_013574,3,헬스/수영용품 > 헬스기구 > 러닝머신
STD_013577,바벨/역기,STD_013574,3,헬스/수영용품 > 헬스기구 > 바벨/역기
STD_013578,벨런스보드,STD_013574,3,헬스/수영용품 > 헬스기구 > 벨런스보드
STD_013579,벨트마사지기,STD_013574,3,헬스/수영용품 > 헬스기구 > 벨트마사지기
STD_013580,복근운동기구,STD_013574,3,헬스/수영용품 > 헬스기구 > 복근운동기구
STD_013581,스텝퍼,STD_013574,3,헬스/수영용품 > 헬스기구 > 스텝퍼
STD_013582,승마운동기구,STD_013574,3,헬스/수영용품 > 헬스기구 > 승마운동기구
STD_013583,진동운동기구,STD_013574,3,헬스/수영용품 > 헬스기구 > 진동운동기구
STD_013584,철봉,STD_013574,3,헬스/수영용품 > 헬스기구 > 철봉
STD_013585,트위스트,STD_013574,3,헬스/수영용품 > 헬스기구 > 트위스트
STD_013586,헬스싸이클,STD_013574,3,헬스/수영용품 > 헬스기구 > 헬스싸이클
STD_013588,헬스용품,STD_013497,2,헬스/수영용품 > 헬스용품
STD_013587,도어앵커,STD_013588,3,헬스/수영용품 > 헬스용품 > 도어앵커
STD_013589,메디슨볼,STD_013588,3,헬스/수영용품 > 헬스용품 > 메디슨볼
STD_013590,모래주머니,STD_013588,3,헬스/수영용품 > 헬스용품 > 모래주머니
STD_013591,스텝박스,STD_013588,3,헬스/수영용품 > 헬스용품 > 스텝박스
STD_013592,스트랩,STD_013588,3,헬스/수영용품 > 헬스용품 > 스트랩
STD_013593,스트레칭봉,STD_013588,3,헬스/수영용품 > 헬스용품 > 스트레칭봉
STD_013594,아령,STD_013588,3,헬스/수영용품 > 헬스용품 > 아령
STD_013595,악력기,STD_013588,3,헬스/수영용품 > 헬스용품 > 악력기
STD_013596,완력기,STD_013588,3,헬스/수영용품 > 헬스용품 > 완력기
STD_013597,웨이트벨트,STD_013588,3,헬스/수영용품 > 헬스용품 > 웨이트벨트
STD_013598,저주파운동기,STD_013588,3,헬스/수영용품 > 헬스용품 > 저주파운동기
STD_013599,줄넘기,STD_013588,3,헬스/수영용품 > 헬스용품 > 줄넘기
STD_013600,케틀벨,STD_013588,3,헬스/수영용품 > 헬스용품 > 케틀벨
STD_013601,튜빙밴드/근력밴드,STD_013588,3,헬스/수영용품 > 헬스용품 > 튜빙밴드/근력밴드
STD_013602,트램플린,STD_013588,3,헬스/수영용품 > 헬스용품 > 트램플린
STD_013603,폴업밴드/스트레칭밴드,STD_013588,3,헬스/수영용품 > 헬스용품 > 폴업밴드/스트레칭밴드
STD_013604,푸쉬업바,STD_013588,3,헬스/수영용품 > 헬스용품 > 푸쉬업바
STD_013605,헬스용품정리대,STD_013588,3,헬스/수영용품 > 헬스용품 > 헬스용품정리대
STD_013606,헬스장갑,STD_013588,3,헬스/수영용품 > 헬스용품 > 헬스장갑
STD_013607,훌라후프,STD_013588,3,헬스/수영용품 > 헬스용품 > 훌라후프
STD_013610,화장품/미용,ROOT,1,화장품/미용
STD_013609,남성화장품,STD_013610,2,화장품/미용 > 남성화장품
STD_013608,남성청결제,STD_013609,3,화장품/미용 > 남성화장품 > 남성청결제
STD_013611,남성화장품세트,STD_013609,3,화장품/미용 > 남성화장품 > 남성화장품세트
STD_013612,마스크/팩,STD_013609,3,화장품/미용 > 남성화장품 > 마스크/팩
STD_013614,메이크업,STD_013609,3,화장품/미용 > 남성화장품 > 메이크업
STD_013613,립케어,STD_013614,4,화장품/미용 > 남성화장품 > 메이크업 > 립케어
STD_013615,베이스메이크업,STD_013614,4,화장품/미용 > 남성화장품 > 메이크업 > 베이스메이크업
STD_013616,아이메이크업,STD_013614,4,화장품/미용 > 남성화장품 > 메이크업 > 아이메이크업
STD_013617,선케어,STD_013609,3,화장품/미용 > 남성화장품 > 선케어
STD_013618,스크럽/필링,STD_013609,3,화장품/미용 > 남성화장품 > 스크럽/필링
STD_013620,스킨케어,STD_013609,3,화장품/미용 > 남성화장품 > 스킨케어
STD_013619,로션,STD_013620,4,화장품/미용 > 남성화장품 > 스킨케어 > 로션
STD_013621,스킨/토너,STD_013620,4,화장품/미용 > 남성화장품 > 스킨케어 > 스킨/토너
STD_013622,아이케어,STD_013620,4,화장품/미용 > 남성화장품 > 스킨케어 > 아이케어
STD_013623,에센스,STD_013620,4,화장품/미용 > 남성화장품 > 스킨케어 > 에센스
STD_013624,올인원,STD_013620,4,화장품/미용 > 남성화장품 > 스킨케어 > 올인원
STD_013625,크림,STD_013620,4,화장품/미용 > 남성화장품 > 스킨케어 > 크림
STD_013626,클렌징,STD_013609,3,화장품/미용 > 남성화장품 > 클렌징
STD_013628,네일케어,STD_013610,2,화장품/미용 > 네일케어
STD_013627,네일리무버,STD_013628,3,화장품/미용 > 네일케어 > 네일리무버
STD_013629,네일아트,STD_013628,3,화장품/미용 > 네일케어 > 네일아트
STD_013630,네일영양제,STD_013628,3,화장품/미용 > 네일케어 > 네일영양제
STD_013631,네일케어도구,STD_013628,3,화장품/미용 > 네일케어 > 네일케어도구
STD_013632,네일케어세트,STD_013628,3,화장품/미용 > 네일케어 > 네일케어세트
STD_013633,네일팁/페디팁,STD_013628,3,화장품/미용 > 네일케어 > 네일팁/페디팁
STD_013634,매니큐어/젤네일,STD_013628,3,화장품/미용 > 네일케어 > 매니큐어/젤네일
STD_013636,마스크/팩,STD_013610,2,화장품/미용 > 마스크/팩
STD_013635,마사지크림/젤,STD_013636,3,화장품/미용 > 마스크/팩 > 마사지크림/젤
STD_013637,마스크/팩세트,STD_013636,3,화장품/미용 > 마스크/팩 > 마스크/팩세트
STD_013638,마스크시트,STD_013636,3,화장품/미용 > 마스크/팩 > 마스크시트
STD_013639,모델링팩,STD_013636,3,화장품/미용 > 마스크/팩 > 모델링팩
STD_013640,수면팩,STD_013636,3,화장품/미용 > 마스크/팩 > 수면팩
STD_013641,워시오프팩,STD_013636,3,화장품/미용 > 마스크/팩 > 워시오프팩
STD_013642,코팩,STD_013636,3,화장품/미용 > 마스크/팩 > 코팩
STD_013643,패치,STD_013636,3,화장품/미용 > 마스크/팩 > 패치
STD_013644,필오프팩,STD_013636,3,화장품/미용 > 마스크/팩 > 필오프팩
STD_013646,바디케어,STD_013610,2,화장품/미용 > 바디케어
STD_013645,데오드란트,STD_013646,3,화장품/미용 > 바디케어 > 데오드란트
STD_013647,목욕비누,STD_013646,3,화장품/미용 > 바디케어 > 목욕비누
STD_013648,바디로션,STD_013646,3,화장품/미용 > 바디케어 > 바디로션
STD_013649,바디미스트/샤워코롱,STD_013646,3,화장품/미용 > 바디케어 > 바디미스트/샤워코롱
STD_013650,바디스크럽,STD_013646,3,화장품/미용 > 바디케어 > 바디스크럽
STD_013651,바디슬리밍,STD_013646,3,화장품/미용 > 바디케어 > 바디슬리밍
STD_013652,바디오일,STD_013646,3,화장품/미용 > 바디케어 > 바디오일
STD_013653,바디케어세트,STD_013646,3,화장품/미용 > 바디케어 > 바디케어세트
STD_013654,바디크림,STD_013646,3,화장품/미용 > 바디케어 > 바디크림
STD_013655,바디클렌저,STD_013646,3,화장품/미용 > 바디케어 > 바디클렌저
STD_013656,바디파우더,STD_013646,3,화장품/미용 > 바디케어 > 바디파우더
STD_013657,아로마테라피,STD_013646,3,화장품/미용 > 바디케어 > 아로마테라피
STD_013658,여성청결제,STD_013646,3,화장품/미용 > 바디케어 > 여성청결제
STD_013659,입욕제,STD_013646,3,화장품/미용 > 바디케어 > 입욕제
STD_013660,제모제,STD_013646,3,화장품/미용 > 바디케어 > 제모제
STD_013661,풋케어,STD_013646,3,화장품/미용 > 바디케어 > 풋케어
STD_013663,핸드케어,STD_013646,3,화장품/미용 > 바디케어 > 핸드케어
STD_013662,리퀴드형,STD_013663,4,화장품/미용 > 바디케어 > 핸드케어 > 리퀴드형
STD_013664,손소독제,STD_013663,4,화장품/미용 > 바디케어 > 핸드케어 > 손소독제
STD_013665,스틱형,STD_013663,4,화장품/미용 > 바디케어 > 핸드케어 > 스틱형
STD_013666,크림형,STD_013663,4,화장품/미용 > 바디케어 > 핸드케어 > 크림형
STD_013667,핸드마스크,STD_013663,4,화장품/미용 > 바디케어 > 핸드케어 > 핸드마스크
STD_013668,핸드워시,STD_013663,4,화장품/미용 > 바디케어 > 핸드케어 > 핸드워시
STD_013669,핸드크림,STD_013663,4,화장품/미용 > 바디케어 > 핸드케어 > 핸드크림
STD_013671,베이스메이크업,STD_013610,2,화장품/미용 > 베이스메이크업
STD_013670,BB/CC/톤업크림,STD_013671,3,화장품/미용 > 베이스메이크업 > BB/CC/톤업크림
STD_013672,메이크업베이스,STD_013671,3,화장품/미용 > 베이스메이크업 > 메이크업베이스
STD_013673,메이크업픽서,STD_013671,3,화장품/미용 > 베이스메이크업 > 메이크업픽서
STD_013674,베이스메이크업세트,STD_013671,3,화장품/미용 > 베이스메이크업 > 베이스메이크업세트
STD_013675,컨실러,STD_013671,3,화장품/미용 > 베이스메이크업 > 컨실러
STD_013676,쿠션,STD_013671,3,화장품/미용 > 베이스메이크업 > 쿠션
STD_013678,파우더,STD_013671,3,화장품/미용 > 베이스메이크업 > 파우더
STD_013677,루스파우더,STD_013678,4,화장품/미용 > 베이스메이크업 > 파우더 > 루스파우더
STD_013679,팩트파우더,STD_013678,4,화장품/미용 > 베이스메이크업 > 파우더 > 팩트파우더
STD_013681,파운데이션,STD_013671,3,화장품/미용 > 베이스메이크업 > 파운데이션
STD_013680,리퀴드형,STD_013681,4,화장품/미용 > 베이스메이크업 > 파운데이션 > 리퀴드형
STD_013682,스틱형,STD_013681,4,화장품/미용 > 베이스메이크업 > 파운데이션 > 스틱형
STD_013683,크림형,STD_013681,4,화장품/미용 > 베이스메이크업 > 파운데이션 > 크림형
STD_013684,프라이머,STD_013671,3,화장품/미용 > 베이스메이크업 > 프라이머
STD_013686,뷰티소품,STD_013610,2,화장품/미용 > 뷰티소품
STD_013685,DIY화장품재료,STD_013686,3,화장품/미용 > 뷰티소품 > DIY화장품재료
STD_013688,메이크업브러시,STD_013686,3,화장품/미용 > 뷰티소품 > 메이크업브러시
STD_013687,립브러시,STD_013688,4,화장품/미용 > 뷰티소품 > 메이크업브러시 > 립브러시
STD_013689,브러시세트,STD_013688,4,화장품/미용 > 뷰티소품 > 메이크업브러시 > 브러시세트
STD_013690,브러시클렌저,STD_013688,4,화장품/미용 > 뷰티소품 > 메이크업브러시 > 브러시클렌저
STD_013691,아이브러시,STD_013688,4,화장품/미용 > 뷰티소품 > 메이크업브러시 > 아이브러시
STD_013692,페이스브러시,STD_013688,4,화장품/미용 > 뷰티소품 > 메이크업브러시 > 페이스브러시
STD_013693,바디소품,STD_013686,3,화장품/미용 > 뷰티소품 > 바디소품
STD_013695,아이소품,STD_013686,3,화장품/미용 > 뷰티소품 > 아이소품
STD_013694,기타아이소품,STD_013695,4,화장품/미용 > 뷰티소품 > 아이소품 > 기타아이소품
STD_013696,눈썹가위,STD_013695,4,화장품/미용 > 뷰티소품 > 아이소품 > 눈썹가위
STD_013697,눈썹칼,STD_013695,4,화장품/미용 > 뷰티소품 > 아이소품 > 눈썹칼
STD_013698,뷰러,STD_013695,4,화장품/미용 > 뷰티소품 > 아이소품 > 뷰러
STD_013699,샤프너,STD_013695,4,화장품/미용 > 뷰티소품 > 아이소품 > 샤프너
STD_013700,속눈썹/속눈썹펌제,STD_013695,4,화장품/미용 > 뷰티소품 > 아이소품 > 속눈썹/속눈썹펌제
STD_013701,쌍꺼풀,STD_013695,4,화장품/미용 > 뷰티소품 > 아이소품 > 쌍꺼풀
STD_013702,족집게,STD_013695,4,화장품/미용 > 뷰티소품 > 아이소품 > 족집게
STD_013703,타투,STD_013686,3,화장품/미용 > 뷰티소품 > 타투
STD_013705,페이스소품,STD_013686,3,화장품/미용 > 뷰티소품 > 페이스소품
STD_013704,괄사/쿨링스틱,STD_013705,4,화장품/미용 > 뷰티소품 > 페이스소품 > 괄사/쿨링스틱
STD_013706,기름종이,STD_013705,4,화장품/미용 > 뷰티소품 > 페이스소품 > 기름종이
STD_013707,기타페이스소품,STD_013705,4,화장품/미용 > 뷰티소품 > 페이스소품 > 기타페이스소품
STD_013708,리프팅밴드,STD_013705,4,화장품/미용 > 뷰티소품 > 페이스소품 > 리프팅밴드
STD_013709,면봉,STD_013705,4,화장품/미용 > 뷰티소품 > 페이스소품 > 면봉
STD_013710,세안도구,STD_013705,4,화장품/미용 > 뷰티소품 > 페이스소품 > 세안도구
STD_013711,코털제거기,STD_013705,4,화장품/미용 > 뷰티소품 > 페이스소품 > 코털제거기
STD_013712,퍼프,STD_013705,4,화장품/미용 > 뷰티소품 > 페이스소품 > 퍼프
STD_013713,페이스롤러/니들,STD_013705,4,화장품/미용 > 뷰티소품 > 페이스소품 > 페이스롤러/니들
STD_013714,피지/각질제거기,STD_013705,4,화장품/미용 > 뷰티소품 > 페이스소품 > 피지/각질제거기
STD_013715,화장솜,STD_013705,4,화장품/미용 > 뷰티소품 > 페이스소품 > 화장솜
STD_013717,헤어소품,STD_013686,3,화장품/미용 > 뷰티소품 > 헤어소품
STD_013716,기타헤어소품,STD_013717,4,화장품/미용 > 뷰티소품 > 헤어소품 > 기타헤어소품
STD_013718,미용가위,STD_013717,4,화장품/미용 > 뷰티소품 > 헤어소품 > 미용가위
STD_013719,세안밴드,STD_013717,4,화장품/미용 > 뷰티소품 > 헤어소품 > 세안밴드
STD_013720,헤어롤,STD_013717,4,화장품/미용 > 뷰티소품 > 헤어소품 > 헤어롤
STD_013721,헤어브러시,STD_013717,4,화장품/미용 > 뷰티소품 > 헤어소품 > 헤어브러시
STD_013722,헤어캡,STD_013717,4,화장품/미용 > 뷰티소품 > 헤어소품 > 헤어캡
STD_013723,화장품케이스,STD_013686,3,화장품/미용 > 뷰티소품 > 화장품케이스
STD_013725,색조메이크업,STD_013610,2,화장품/미용 > 색조메이크업
STD_013724,립글로스,STD_013725,3,화장품/미용 > 색조메이크업 > 립글로스
STD_013726,립라이너,STD_013725,3,화장품/미용 > 색조메이크업 > 립라이너
STD_013727,립스틱,STD_013725,3,화장품/미용 > 색조메이크업 > 립스틱
STD_013728,립케어,STD_013725,3,화장품/미용 > 색조메이크업 > 립케어
STD_013729,립틴트,STD_013725,3,화장품/미용 > 색조메이크업 > 립틴트
STD_013730,마스카라,STD_013725,3,화장품/미용 > 색조메이크업 > 마스카라
STD_013731,블러셔,STD_013725,3,화장품/미용 > 색조메이크업 > 블러셔
STD_013732,색조메이크업세트,STD_013725,3,화장품/미용 > 색조메이크업 > 색조메이크업세트
STD_013733,속눈썹영양제,STD_013725,3,화장품/미용 > 색조메이크업 > 속눈썹영양제
STD_013735,아이라이너,STD_013725,3,화장품/미용 > 색조메이크업 > 아이라이너
STD_013734,리퀴드형,STD_013735,4,화장품/미용 > 색조메이크업 > 아이라이너 > 리퀴드형
STD_013736,젤형,STD_013735,4,화장품/미용 > 색조메이크업 > 아이라이너 > 젤형
STD_013737,펜슬형,STD_013735,4,화장품/미용 > 색조메이크업 > 아이라이너 > 펜슬형
STD_013738,아이브로,STD_013725,3,화장품/미용 > 색조메이크업 > 아이브로
STD_013739,아이섀도,STD_013725,3,화장품/미용 > 색조메이크업 > 아이섀도
STD_013740,하이라이터/쉐이딩,STD_013725,3,화장품/미용 > 색조메이크업 > 하이라이터/쉐이딩
STD_013742,선케어,STD_013610,2,화장품/미용 > 선케어
STD_013741,선스틱,STD_013742,3,화장품/미용 > 선케어 > 선스틱
STD_013743,선스프레이,STD_013742,3,화장품/미용 > 선케어 > 선스프레이
STD_013744,선케어세트,STD_013742,3,화장품/미용 > 선케어 > 선케어세트
STD_013745,선크림,STD_013742,3,화장품/미용 > 선케어 > 선크림
STD_013746,선파우더/쿠션,STD_013742,3,화장품/미용 > 선케어 > 선파우더/쿠션
STD_013747,애프터선,STD_013742,3,화장품/미용 > 선케어 > 애프터선
STD_013749,태닝,STD_013742,3,화장품/미용 > 선케어 > 태닝
STD_013748,태닝스프레이,STD_013749,4,화장품/미용 > 선케어 > 태닝 > 태닝스프레이
STD_013750,태닝오일,STD_013749,4,화장품/미용 > 선케어 > 태닝 > 태닝오일
STD_013751,태닝크림,STD_013749,4,화장품/미용 > 선케어 > 태닝 > 태닝크림
STD_013752,태닝티슈,STD_013749,4,화장품/미용 > 선케어 > 태닝 > 태닝티슈
STD_013754,스킨케어,STD_013610,2,화장품/미용 > 스킨케어
STD_013753,로션,STD_013754,3,화장품/미용 > 스킨케어 > 로션
STD_013755,미스트,STD_013754,3,화장품/미용 > 스킨케어 > 미스트
STD_013756,스킨/토너,STD_013754,3,화장품/미용 > 스킨케어 > 스킨/토너
STD_013757,아이/넥케어,STD_013754,3,화장품/미용 > 스킨케어 > 아이/넥케어
STD_013758,에센스/세럼/앰플,STD_013754,3,화장품/미용 > 스킨케어 > 에센스/세럼/앰플
STD_013759,크림,STD_013754,3,화장품/미용 > 스킨케어 > 크림
STD_013760,토너패드/앰플패드,STD_013754,3,화장품/미용 > 스킨케어 > 토너패드/앰플패드
STD_013761,페이스오일,STD_013754,3,화장품/미용 > 스킨케어 > 페이스오일
STD_013762,화장품세트,STD_013754,3,화장품/미용 > 스킨케어 > 화장품세트
STD_013764,클렌징,STD_013610,2,화장품/미용 > 클렌징
STD_013763,립앤아이리무버,STD_013764,3,화장품/미용 > 클렌징 > 립앤아이리무버
STD_013765,세안비누,STD_013764,3,화장품/미용 > 클렌징 > 세안비누
STD_013766,스크럽/필링,STD_013764,3,화장품/미용 > 클렌징 > 스크럽/필링
STD_013767,클렌징밀크,STD_013764,3,화장품/미용 > 클렌징 > 클렌징밀크
STD_013768,클렌징밤,STD_013764,3,화장품/미용 > 클렌징 > 클렌징밤
STD_013769,클렌징세트,STD_013764,3,화장품/미용 > 클렌징 > 클렌징세트
STD_013770,클렌징오일,STD_013764,3,화장품/미용 > 클렌징 > 클렌징오일
STD_013771,클렌징워터,STD_013764,3,화장품/미용 > 클렌징 > 클렌징워터
STD_013772,클렌징젤,STD_013764,3,화장품/미용 > 클렌징 > 클렌징젤
STD_013773,클렌징크림,STD_013764,3,화장품/미용 > 클렌징 > 클렌징크림
STD_013774,클렌징티슈,STD_013764,3,화장품/미용 > 클렌징 > 클렌징티슈
STD_013775,클렌징파우더,STD_013764,3,화장품/미용 > 클렌징 > 클렌징파우더
STD_013776,클렌징폼,STD_013764,3,화장품/미용 > 클렌징 > 클렌징폼
STD_013778,향수,STD_013610,2,화장품/미용 > 향수
STD_013777,고체향수,STD_013778,3,화장품/미용 > 향수 > 고체향수
STD_013779,남녀공용향수,STD_013778,3,화장품/미용 > 향수 > 남녀공용향수
STD_013780,남성향수,STD_013778,3,화장품/미용 > 향수 > 남성향수
STD_013781,여성향수,STD_013778,3,화장품/미용 > 향수 > 여성향수
STD_013782,향수세트,STD_013778,3,화장품/미용 > 향수 > 향수세트
STD_013784,헤어스타일링,STD_013610,2,화장품/미용 > 헤어스타일링
STD_013783,염색약,STD_013784,3,화장품/미용 > 헤어스타일링 > 염색약
STD_013786,파마약,STD_013784,3,화장품/미용 > 헤어스타일링 > 파마약
STD_013785,레인부츠,STD_013786,4,화장품/미용 > 헤어스타일링 > 파마약 > 레인부츠
STD_013787,롱부츠,STD_013786,4,화장품/미용 > 헤어스타일링 > 파마약 > 롱부츠
STD_013788,미들부츠,STD_013786,4,화장품/미용 > 헤어스타일링 > 파마약 > 미들부츠
STD_013789,스트레이트,STD_013786,4,화장품/미용 > 헤어스타일링 > 파마약 > 스트레이트
STD_013790,앵클/숏부츠,STD_013786,4,화장품/미용 > 헤어스타일링 > 파마약 > 앵클/숏부츠
STD_013791,웨이브,STD_013786,4,화장품/미용 > 헤어스타일링 > 파마약 > 웨이브
STD_013792,헤어무스,STD_013784,3,화장품/미용 > 헤어스타일링 > 헤어무스
STD_013793,헤어스프레이,STD_013784,3,화장품/미용 > 헤어스타일링 > 헤어스프레이
STD_013794,헤어왁스,STD_013784,3,화장품/미용 > 헤어스타일링 > 헤어왁스
STD_013795,헤어젤,STD_013784,3,화장품/미용 > 헤어스타일링 > 헤어젤
STD_013797,헤어케어,STD_013610,2,화장품/미용 > 헤어케어
STD_013796,두피케어,STD_013797,3,화장품/미용 > 헤어케어 > 두피케어
STD_013798,린스/컨디셔너,STD_013797,3,화장품/미용 > 헤어케어 > 린스/컨디셔너
STD_013799,샴푸,STD_013797,3,화장품/미용 > 헤어케어 > 샴푸
STD_013800,탈모케어,STD_013797,3,화장품/미용 > 헤어케어 > 탈모케어
STD_013801,트리트먼트/헤어팩,STD_013797,3,화장품/미용 > 헤어케어 > 트리트먼트/헤어팩
STD_013802,헤어미스트,STD_013797,3,화장품/미용 > 헤어케어 > 헤어미스트
STD_013803,헤어에센스,STD_013797,3,화장품/미용 > 헤어케어 > 헤어에센스
STD_013804,헤어케어세트,STD_013797,3,화장품/미용 > 헤어케어 > 헤어케어세트
STD_013807,화장품/향수,ROOT,1,화장품/향수
STD_013806,남성화장품,STD_013807,2,화장품/향수 > 남성화장품
STD_013805,남성로션,STD_013806,3,화장품/향수 > 남성화장품 > 남성로션
STD_013808,남성마스크/팩,STD_013806,3,화장품/향수 > 남성화장품 > 남성마스크/팩
STD_013809,남성메이크업/BB,STD_013806,3,화장품/향수 > 남성화장품 > 남성메이크업/BB
STD_013810,남성선케어,STD_013806,3,화장품/향수 > 남성화장품 > 남성선케어
STD_013811,남성스킨,STD_013806,3,화장품/향수 > 남성화장품 > 남성스킨
STD_013812,남성에센스/크림,STD_013806,3,화장품/향수 > 남성화장품 > 남성에센스/크림
STD_013813,남성올인원,STD_013806,3,화장품/향수 > 남성화장품 > 남성올인원
STD_013814,남성클렌징,STD_013806,3,화장품/향수 > 남성화장품 > 남성클렌징
STD_013815,남성화장품세트,STD_013806,3,화장품/향수 > 남성화장품 > 남성화장품세트
STD_013816,로션,STD_013806,3,화장품/향수 > 남성화장품 > 로션
STD_013817,마스크/팩,STD_013806,3,화장품/향수 > 남성화장품 > 마스크/팩
STD_013818,메이크업,STD_013806,3,화장품/향수 > 남성화장품 > 메이크업
STD_013819,선크림,STD_013806,3,화장품/향수 > 남성화장품 > 선크림
STD_013820,쉐이빙폼,STD_013806,3,화장품/향수 > 남성화장품 > 쉐이빙폼
STD_013821,스크럽,STD_013806,3,화장품/향수 > 남성화장품 > 스크럽
STD_013822,스킨,STD_013806,3,화장품/향수 > 남성화장품 > 스킨
STD_013823,아이케어,STD_013806,3,화장품/향수 > 남성화장품 > 아이케어
STD_013824,에센스,STD_013806,3,화장품/향수 > 남성화장품 > 에센스
STD_013825,올인원,STD_013806,3,화장품/향수 > 남성화장품 > 올인원
STD_013826,크림,STD_013806,3,화장품/향수 > 남성화장품 > 크림
STD_013827,클렌징,STD_013806,3,화장품/향수 > 남성화장품 > 클렌징
STD_013829,네일아트소품,STD_013807,2,화장품/향수 > 네일아트소품
STD_013828,글리터,STD_013829,3,화장품/향수 > 네일아트소품 > 글리터
STD_013830,네일스텐실,STD_013829,3,화장품/향수 > 네일아트소품 > 네일스텐실
STD_013831,네일스티커,STD_013829,3,화장품/향수 > 네일아트소품 > 네일스티커
STD_013832,네일팁,STD_013829,3,화장품/향수 > 네일아트소품 > 네일팁
STD_013833,본드,STD_013829,3,화장품/향수 > 네일아트소품 > 본드
STD_013834,씰,STD_013829,3,화장품/향수 > 네일아트소품 > 씰
STD_013835,워터데칼,STD_013829,3,화장품/향수 > 네일아트소품 > 워터데칼
STD_013836,인조손톱,STD_013829,3,화장품/향수 > 네일아트소품 > 인조손톱
STD_013837,파츠,STD_013829,3,화장품/향수 > 네일아트소품 > 파츠
STD_013839,네일케어,STD_013807,2,화장품/향수 > 네일케어
STD_013838,네일리무버,STD_013839,3,화장품/향수 > 네일케어 > 네일리무버
STD_013840,네일세트,STD_013839,3,화장품/향수 > 네일케어 > 네일세트
STD_013841,네일아트/네일스티커,STD_013839,3,화장품/향수 > 네일케어 > 네일아트/네일스티커
STD_013842,네일영양제,STD_013839,3,화장품/향수 > 네일케어 > 네일영양제
STD_013843,네일케어세트,STD_013839,3,화장품/향수 > 네일케어 > 네일케어세트
STD_013844,네일케어용품,STD_013839,3,화장품/향수 > 네일케어 > 네일케어용품
STD_013845,네일팁/네일스티커,STD_013839,3,화장품/향수 > 네일케어 > 네일팁/네일스티커
STD_013846,매니큐어/페디큐어,STD_013839,3,화장품/향수 > 네일케어 > 매니큐어/페디큐어
STD_013847,베이스/탑코트,STD_013839,3,화장품/향수 > 네일케어 > 베이스/탑코트
STD_013849,일반네일,STD_013839,3,화장품/향수 > 네일케어 > 일반네일
STD_013848,베이스코트,STD_013849,4,화장품/향수 > 네일케어 > 일반네일 > 베이스코트
STD_013850,일반네일리무버,STD_013849,4,화장품/향수 > 네일케어 > 일반네일 > 일반네일리무버
STD_013851,컬러매니큐어,STD_013849,4,화장품/향수 > 네일케어 > 일반네일 > 컬러매니큐어
STD_013852,탑코트,STD_013849,4,화장품/향수 > 네일케어 > 일반네일 > 탑코트
STD_013853,젤네일,STD_013839,3,화장품/향수 > 네일케어 > 젤네일
STD_013854,베이스젤,STD_013853,4,화장품/향수 > 네일케어 > 젤네일 > 베이스젤
STD_013855,쏙오프용품,STD_013853,4,화장품/향수 > 네일케어 > 젤네일 > 쏙오프용품
STD_013856,엣지본더,STD_013853,4,화장품/향수 > 네일케어 > 젤네일 > 엣지본더
STD_013857,젤네일리무버,STD_013853,4,화장품/향수 > 네일케어 > 젤네일 > 젤네일리무버
STD_013858,컬러젤,STD_013853,4,화장품/향수 > 네일케어 > 젤네일 > 컬러젤
STD_013859,탑젤,STD_013853,4,화장품/향수 > 네일케어 > 젤네일 > 탑젤
STD_013861,큐티클/영양,STD_013839,3,화장품/향수 > 네일케어 > 큐티클/영양
STD_013860,손톱강화제,STD_013861,4,화장품/향수 > 네일케어 > 큐티클/영양 > 손톱강화제
STD_013862,손톱영양제,STD_013861,4,화장품/향수 > 네일케어 > 큐티클/영양 > 손톱영양제
STD_013863,큐티클케어,STD_013861,4,화장품/향수 > 네일케어 > 큐티클/영양 > 큐티클케어
STD_013865,네일케어도구,STD_013807,2,화장품/향수 > 네일케어도구
STD_013864,니퍼,STD_013865,3,화장품/향수 > 네일케어도구 > 니퍼
STD_013866,샌딩블럭,STD_013865,3,화장품/향수 > 네일케어도구 > 샌딩블럭
STD_013867,손톱깎이,STD_013865,3,화장품/향수 > 네일케어도구 > 손톱깎이
STD_013868,우드스틱,STD_013865,3,화장품/향수 > 네일케어도구 > 우드스틱
STD_013869,클리퍼,STD_013865,3,화장품/향수 > 네일케어도구 > 클리퍼
STD_013870,파일/버퍼,STD_013865,3,화장품/향수 > 네일케어도구 > 파일/버퍼
STD_013871,푸셔,STD_013865,3,화장품/향수 > 네일케어도구 > 푸셔
STD_013873,마스크/팩,STD_013807,2,화장품/향수 > 마스크/팩
STD_013872,기타패치,STD_013873,3,화장품/향수 > 마스크/팩 > 기타패치
STD_013874,마사지크림/젤,STD_013873,3,화장품/향수 > 마스크/팩 > 마사지크림/젤
STD_013875,마스크팩,STD_013873,3,화장품/향수 > 마스크/팩 > 마스크팩
STD_013876,슬리핑팩,STD_013873,3,화장품/향수 > 마스크/팩 > 슬리핑팩
STD_013877,아이패치,STD_013873,3,화장품/향수 > 마스크/팩 > 아이패치
STD_013878,워시오프팩,STD_013873,3,화장품/향수 > 마스크/팩 > 워시오프팩
STD_013879,코팩,STD_013873,3,화장품/향수 > 마스크/팩 > 코팩
STD_013880,필오프팩,STD_013873,3,화장품/향수 > 마스크/팩 > 필오프팩
STD_013882,베이스메이크업,STD_013807,2,화장품/향수 > 베이스메이크업
STD_013881,BB크림/CC크림,STD_013882,3,화장품/향수 > 베이스메이크업 > BB크림/CC크림
STD_013883,BB크림/톤업크림,STD_013882,3,화장품/향수 > 베이스메이크업 > BB크림/톤업크림
STD_013884,메이크업베이스,STD_013882,3,화장품/향수 > 베이스메이크업 > 메이크업베이스
STD_013885,베이스메이크업세트,STD_013882,3,화장품/향수 > 베이스메이크업 > 베이스메이크업세트
STD_013886,컨실러,STD_013882,3,화장품/향수 > 베이스메이크업 > 컨실러
STD_013887,쿠션,STD_013882,3,화장품/향수 > 베이스메이크업 > 쿠션
STD_013888,쿠션/팩트,STD_013882,3,화장품/향수 > 베이스메이크업 > 쿠션/팩트
STD_013889,톤업크림,STD_013882,3,화장품/향수 > 베이스메이크업 > 톤업크림
STD_013890,트윈케이크,STD_013882,3,화장품/향수 > 베이스메이크업 > 트윈케이크
STD_013891,파우더,STD_013882,3,화장품/향수 > 베이스메이크업 > 파우더
STD_013892,파우더/트윈케이크,STD_013882,3,화장품/향수 > 베이스메이크업 > 파우더/트윈케이크
STD_013893,파운데이션,STD_013882,3,화장품/향수 > 베이스메이크업 > 파운데이션
STD_013894,팩트,STD_013882,3,화장품/향수 > 베이스메이크업 > 팩트
STD_013895,프라이머,STD_013882,3,화장품/향수 > 베이스메이크업 > 프라이머
STD_013897,뷰티소품,STD_013807,2,화장품/향수 > 뷰티소품
STD_013896,메이크업정리함,STD_013897,3,화장품/향수 > 뷰티소품 > 메이크업정리함
STD_013898,바디소품,STD_013897,3,화장품/향수 > 뷰티소품 > 바디소품
STD_013899,손거울/휴대거울,STD_013897,3,화장품/향수 > 뷰티소품 > 손거울/휴대거울
STD_013901,아이소품,STD_013897,3,화장품/향수 > 뷰티소품 > 아이소품
STD_013900,브로우관리소품,STD_013901,4,화장품/향수 > 뷰티소품 > 아이소품 > 브로우관리소품
STD_013902,샤프너,STD_013901,4,화장품/향수 > 뷰티소품 > 아이소품 > 샤프너
STD_013903,속눈썹관리소품,STD_013901,4,화장품/향수 > 뷰티소품 > 아이소품 > 속눈썹관리소품
STD_013904,쌍꺼풀관리소품,STD_013901,4,화장품/향수 > 뷰티소품 > 아이소품 > 쌍꺼풀관리소품
STD_013905,족집게,STD_013901,4,화장품/향수 > 뷰티소품 > 아이소품 > 족집게
STD_013907,위생용품,STD_013897,3,화장품/향수 > 뷰티소품 > 위생용품
STD_013906,면봉,STD_013907,4,화장품/향수 > 뷰티소품 > 위생용품 > 면봉
STD_013908,화장솜,STD_013907,4,화장품/향수 > 뷰티소품 > 위생용품 > 화장솜
STD_013910,클렌징소품,STD_013897,3,화장품/향수 > 뷰티소품 > 클렌징소품
STD_013909,각질관리기,STD_013910,4,화장품/향수 > 뷰티소품 > 클렌징소품 > 각질관리기
STD_013911,거품망/곤약/해면,STD_013910,4,화장품/향수 > 뷰티소품 > 클렌징소품 > 거품망/곤약/해면
STD_013912,클렌징브러쉬,STD_013910,4,화장품/향수 > 뷰티소품 > 클렌징소품 > 클렌징브러쉬
STD_013914,페이스소품,STD_013897,3,화장품/향수 > 뷰티소품 > 페이스소품
STD_013913,기름종이,STD_013914,4,화장품/향수 > 뷰티소품 > 페이스소품 > 기름종이
STD_013915,브러쉬,STD_013914,4,화장품/향수 > 뷰티소품 > 페이스소품 > 브러쉬
STD_013916,퍼프,STD_013914,4,화장품/향수 > 뷰티소품 > 페이스소품 > 퍼프
STD_013917,헤나/타투,STD_013897,3,화장품/향수 > 뷰티소품 > 헤나/타투
STD_013919,헤어소품,STD_013897,3,화장품/향수 > 뷰티소품 > 헤어소품
STD_013918,고정핀,STD_013919,4,화장품/향수 > 뷰티소품 > 헤어소품 > 고정핀
STD_013920,미용가위,STD_013919,4,화장품/향수 > 뷰티소품 > 헤어소품 > 미용가위
STD_013921,부분가발,STD_013919,4,화장품/향수 > 뷰티소품 > 헤어소품 > 부분가발
STD_013922,붙임머리,STD_013919,4,화장품/향수 > 뷰티소품 > 헤어소품 > 붙임머리
STD_013923,빗/헤어브러쉬,STD_013919,4,화장품/향수 > 뷰티소품 > 헤어소품 > 빗/헤어브러쉬
STD_013924,염색/파마용품,STD_013919,4,화장품/향수 > 뷰티소품 > 헤어소품 > 염색/파마용품
STD_013925,통가발,STD_013919,4,화장품/향수 > 뷰티소품 > 헤어소품 > 통가발
STD_013926,헤어롤,STD_013919,4,화장품/향수 > 뷰티소품 > 헤어소품 > 헤어롤
STD_013927,화장품파우치,STD_013897,3,화장품/향수 > 뷰티소품 > 화장품파우치
STD_013929,색조메이크업,STD_013807,2,화장품/향수 > 색조메이크업
STD_013928,립글로스,STD_013929,3,화장품/향수 > 색조메이크업 > 립글로스
STD_013931,립메이크업,STD_013929,3,화장품/향수 > 색조메이크업 > 립메이크업
STD_013930,립글로스,STD_013931,4,화장품/향수 > 색조메이크업 > 립메이크업 > 립글로스
STD_013932,립라이너,STD_013931,4,화장품/향수 > 색조메이크업 > 립메이크업 > 립라이너
STD_013933,립밤,STD_013931,4,화장품/향수 > 색조메이크업 > 립메이크업 > 립밤
STD_013934,립스틱,STD_013931,4,화장품/향수 > 색조메이크업 > 립메이크업 > 립스틱
STD_013935,립케어,STD_013931,4,화장품/향수 > 색조메이크업 > 립메이크업 > 립케어
STD_013936,립틴트,STD_013931,4,화장품/향수 > 색조메이크업 > 립메이크업 > 립틴트
STD_013937,립밤/립케어,STD_013929,3,화장품/향수 > 색조메이크업 > 립밤/립케어
STD_013938,립스틱,STD_013929,3,화장품/향수 > 색조메이크업 > 립스틱
STD_013939,립틴트,STD_013929,3,화장품/향수 > 색조메이크업 > 립틴트
STD_013940,마스카라,STD_013929,3,화장품/향수 > 색조메이크업 > 마스카라
STD_013941,블러셔,STD_013929,3,화장품/향수 > 색조메이크업 > 블러셔
STD_013942,색조메이크업세트,STD_013929,3,화장품/향수 > 색조메이크업 > 색조메이크업세트
STD_013943,쉐딩,STD_013929,3,화장품/향수 > 색조메이크업 > 쉐딩
STD_013944,아이라이너,STD_013929,3,화장품/향수 > 색조메이크업 > 아이라이너
STD_013946,아이메이크업,STD_013929,3,화장품/향수 > 색조메이크업 > 아이메이크업
STD_013945,마스카라,STD_013946,4,화장품/향수 > 색조메이크업 > 아이메이크업 > 마스카라
STD_013947,속눈썹영양제,STD_013946,4,화장품/향수 > 색조메이크업 > 아이메이크업 > 속눈썹영양제
STD_013948,아이라이너,STD_013946,4,화장품/향수 > 색조메이크업 > 아이메이크업 > 아이라이너
STD_013949,아이메이크업세트,STD_013946,4,화장품/향수 > 색조메이크업 > 아이메이크업 > 아이메이크업세트
STD_013950,아이브로우,STD_013946,4,화장품/향수 > 색조메이크업 > 아이메이크업 > 아이브로우
STD_013951,아이섀도우,STD_013946,4,화장품/향수 > 색조메이크업 > 아이메이크업 > 아이섀도우
STD_013952,아이브로우,STD_013929,3,화장품/향수 > 색조메이크업 > 아이브로우
STD_013953,아이섀도,STD_013929,3,화장품/향수 > 색조메이크업 > 아이섀도
STD_013954,하이라이터,STD_013929,3,화장품/향수 > 색조메이크업 > 하이라이터
STD_013955,하이라이터/쉐이딩,STD_013929,3,화장품/향수 > 색조메이크업 > 하이라이터/쉐이딩
STD_013957,선케어,STD_013807,2,화장품/향수 > 선케어
STD_013956,선스틱/밤,STD_013957,3,화장품/향수 > 선케어 > 선스틱/밤
STD_013958,선스프레이,STD_013957,3,화장품/향수 > 선케어 > 선스프레이
STD_013959,선쿠션/선팩트,STD_013957,3,화장품/향수 > 선케어 > 선쿠션/선팩트
STD_013960,선크림,STD_013957,3,화장품/향수 > 선케어 > 선크림
STD_013961,선파우더/팩트,STD_013957,3,화장품/향수 > 선케어 > 선파우더/팩트
STD_013962,선팩트/선파우더,STD_013957,3,화장품/향수 > 선케어 > 선팩트/선파우더
STD_013963,애프터선,STD_013957,3,화장품/향수 > 선케어 > 애프터선
STD_013964,에프터선케어,STD_013957,3,화장품/향수 > 선케어 > 에프터선케어
STD_013965,태닝로션/오일,STD_013957,3,화장품/향수 > 선케어 > 태닝로션/오일
STD_013966,태닝오일/로션,STD_013957,3,화장품/향수 > 선케어 > 태닝오일/로션
STD_013967,태닝용품,STD_013957,3,화장품/향수 > 선케어 > 태닝용품
STD_013969,스킨케어,STD_013807,2,화장품/향수 > 스킨케어
STD_013968,넥케어,STD_013969,3,화장품/향수 > 스킨케어 > 넥케어
STD_013970,로션/에멀젼,STD_013969,3,화장품/향수 > 스킨케어 > 로션/에멀젼
STD_013971,미스트,STD_013969,3,화장품/향수 > 스킨케어 > 미스트
STD_013972,스킨/토너,STD_013969,3,화장품/향수 > 스킨케어 > 스킨/토너
STD_013973,스킨케어세트,STD_013969,3,화장품/향수 > 스킨케어 > 스킨케어세트
STD_013974,아이케어,STD_013969,3,화장품/향수 > 스킨케어 > 아이케어
STD_013975,에센스/세럼,STD_013969,3,화장품/향수 > 스킨케어 > 에센스/세럼
STD_013976,에센스/세럼/앰플,STD_013969,3,화장품/향수 > 스킨케어 > 에센스/세럼/앰플
STD_013977,오일,STD_013969,3,화장품/향수 > 스킨케어 > 오일
STD_013978,크림,STD_013969,3,화장품/향수 > 스킨케어 > 크림
STD_013979,크림/젤,STD_013969,3,화장품/향수 > 스킨케어 > 크림/젤
STD_013980,크림/젤/스틱/밤,STD_013969,3,화장품/향수 > 스킨케어 > 크림/젤/스틱/밤
STD_013981,페이스오일,STD_013969,3,화장품/향수 > 스킨케어 > 페이스오일
STD_013982,화장품세트,STD_013969,3,화장품/향수 > 스킨케어 > 화장품세트
STD_013984,이미용소품,STD_013807,2,화장품/향수 > 이미용소품
STD_013983,기름종이,STD_013984,3,화장품/향수 > 이미용소품 > 기름종이
STD_013985,기타이미용소품,STD_013984,3,화장품/향수 > 이미용소품 > 기타이미용소품
STD_013986,눈썹칼/눈썹가위,STD_013984,3,화장품/향수 > 이미용소품 > 눈썹칼/눈썹가위
STD_013987,메이크업/클렌징소품,STD_013984,3,화장품/향수 > 이미용소품 > 메이크업/클렌징소품
STD_013988,메이크업브러시,STD_013984,3,화장품/향수 > 이미용소품 > 메이크업브러시
STD_013989,메이크업정리함,STD_013984,3,화장품/향수 > 이미용소품 > 메이크업정리함
STD_013990,면봉,STD_013984,3,화장품/향수 > 이미용소품 > 면봉
STD_013991,미용가위,STD_013984,3,화장품/향수 > 이미용소품 > 미용가위
STD_013992,뷰러,STD_013984,3,화장품/향수 > 이미용소품 > 뷰러
STD_013993,샤프너,STD_013984,3,화장품/향수 > 이미용소품 > 샤프너
STD_013994,속눈썹,STD_013984,3,화장품/향수 > 이미용소품 > 속눈썹
STD_013995,속눈썹영양제,STD_013984,3,화장품/향수 > 이미용소품 > 속눈썹영양제
STD_013996,손거울,STD_013984,3,화장품/향수 > 이미용소품 > 손거울
STD_013997,쌍꺼풀,STD_013984,3,화장품/향수 > 이미용소품 > 쌍꺼풀
STD_013998,쌍꺼풀테이프,STD_013984,3,화장품/향수 > 이미용소품 > 쌍꺼풀테이프
STD_013999,족집게,STD_013984,3,화장품/향수 > 이미용소품 > 족집게
STD_014000,퍼프,STD_013984,3,화장품/향수 > 이미용소품 > 퍼프
STD_014001,피부마사지소품,STD_013984,3,화장품/향수 > 이미용소품 > 피부마사지소품
STD_014002,피지/각질관리소품,STD_013984,3,화장품/향수 > 이미용소품 > 피지/각질관리소품
STD_014003,헤나/타투,STD_013984,3,화장품/향수 > 이미용소품 > 헤나/타투
STD_014004,화장솜,STD_013984,3,화장품/향수 > 이미용소품 > 화장솜
STD_014005,화장품파우치,STD_013984,3,화장품/향수 > 이미용소품 > 화장품파우치
STD_014007,클렌징,STD_013807,2,화장품/향수 > 클렌징
STD_014006,립아이리무버,STD_014007,3,화장품/향수 > 클렌징 > 립아이리무버
STD_014008,스크럽,STD_014007,3,화장품/향수 > 클렌징 > 스크럽
STD_014009,클렌징로션,STD_014007,3,화장품/향수 > 클렌징 > 클렌징로션
STD_014010,클렌징비누,STD_014007,3,화장품/향수 > 클렌징 > 클렌징비누
STD_014011,클렌징세트,STD_014007,3,화장품/향수 > 클렌징 > 클렌징세트
STD_014012,클렌징오일,STD_014007,3,화장품/향수 > 클렌징 > 클렌징오일
STD_014013,클렌징워터,STD_014007,3,화장품/향수 > 클렌징 > 클렌징워터
STD_014014,클렌징젤,STD_014007,3,화장품/향수 > 클렌징 > 클렌징젤
STD_014015,클렌징크림,STD_014007,3,화장품/향수 > 클렌징 > 클렌징크림
STD_014016,클렌징티슈,STD_014007,3,화장품/향수 > 클렌징 > 클렌징티슈
STD_014017,클렌징파우더,STD_014007,3,화장품/향수 > 클렌징 > 클렌징파우더
STD_014018,클렌징폼,STD_014007,3,화장품/향수 > 클렌징 > 클렌징폼
STD_014020,클렌징/필링,STD_013807,2,화장품/향수 > 클렌징/필링
STD_014019,기타클렌징/필링,STD_014020,3,화장품/향수 > 클렌징/필링 > 기타클렌징/필링
STD_014021,립앤아이리무버,STD_014020,3,화장품/향수 > 클렌징/필링 > 립앤아이리무버
STD_014022,클렌징로션,STD_014020,3,화장품/향수 > 클렌징/필링 > 클렌징로션
STD_014023,클렌징로션/밀크,STD_014020,3,화장품/향수 > 클렌징/필링 > 클렌징로션/밀크
STD_014024,클렌징비누,STD_014020,3,화장품/향수 > 클렌징/필링 > 클렌징비누
STD_014025,클렌징오일,STD_014020,3,화장품/향수 > 클렌징/필링 > 클렌징오일
STD_014026,클렌징워터/젤,STD_014020,3,화장품/향수 > 클렌징/필링 > 클렌징워터/젤
STD_014027,클렌징크림,STD_014020,3,화장품/향수 > 클렌징/필링 > 클렌징크림
STD_014028,클렌징티슈,STD_014020,3,화장품/향수 > 클렌징/필링 > 클렌징티슈
STD_014029,클렌징티슈/패드,STD_014020,3,화장품/향수 > 클렌징/필링 > 클렌징티슈/패드
STD_014030,클렌징폼,STD_014020,3,화장품/향수 > 클렌징/필링 > 클렌징폼
STD_014031,폼클렌징,STD_014020,3,화장품/향수 > 클렌징/필링 > 폼클렌징
STD_014032,필링/스크럽,STD_014020,3,화장품/향수 > 클렌징/필링 > 필링/스크럽
STD_014034,팩/마스크,STD_013807,2,화장품/향수 > 팩/마스크
STD_014033,마사지크림/젤,STD_014034,3,화장품/향수 > 팩/마스크 > 마사지크림/젤
STD_014035,마스크시트,STD_014034,3,화장품/향수 > 팩/마스크 > 마스크시트
STD_014036,마스크팩/시트,STD_014034,3,화장품/향수 > 팩/마스크 > 마스크팩/시트
STD_014037,수면팩/슬리핑팩,STD_014034,3,화장품/향수 > 팩/마스크 > 수면팩/슬리핑팩
STD_014038,워시오프팩,STD_014034,3,화장품/향수 > 팩/마스크 > 워시오프팩
STD_014039,코팩,STD_014034,3,화장품/향수 > 팩/마스크 > 코팩
STD_014040,팩/마스크용품,STD_014034,3,화장품/향수 > 팩/마스크 > 팩/마스크용품
STD_014041,필오프팩,STD_014034,3,화장품/향수 > 팩/마스크 > 필오프팩
STD_014043,향수,STD_013807,2,화장품/향수 > 향수
STD_014042,남녀공용향수,STD_014043,3,화장품/향수 > 향수 > 남녀공용향수
STD_014044,남성향수,STD_014043,3,화장품/향수 > 향수 > 남성향수
STD_014045,미니어처/공병,STD_014043,3,화장품/향수 > 향수 > 미니어처/공병
STD_014046,여성향수,STD_014043,3,화장품/향수 > 향수 > 여성향수
STD_014047,향수세트,STD_014043,3,화장품/향수 > 향수 > 향수세트
STD_014050,휘트니스/수영,ROOT,1,휘트니스/수영
STD_014049,검도,STD_014050,2,휘트니스/수영 > 검도
STD_014048,검도보호구,STD_014049,3,휘트니스/수영 > 검도 > 검도보호구
STD_014051,검도복,STD_014049,3,휘트니스/수영 > 검도 > 검도복
STD_014052,기타검도용품,STD_014049,3,휘트니스/수영 > 검도 > 기타검도용품
STD_014053,목검/죽도,STD_014049,3,휘트니스/수영 > 검도 > 목검/죽도
STD_014055,권투/격투기,STD_014050,2,휘트니스/수영 > 권투/격투기
STD_014054,격파용품,STD_014055,3,휘트니스/수영 > 권투/격투기 > 격파용품
STD_014056,권투글러브,STD_014055,3,휘트니스/수영 > 권투/격투기 > 권투글러브
STD_014057,권투화,STD_014055,3,휘트니스/수영 > 권투/격투기 > 권투화
STD_014058,낭심보호대,STD_014055,3,휘트니스/수영 > 권투/격투기 > 낭심보호대
STD_014059,마우스피스,STD_014055,3,휘트니스/수영 > 권투/격투기 > 마우스피스
STD_014060,무도복,STD_014055,3,휘트니스/수영 > 권투/격투기 > 무도복
STD_014061,미트,STD_014055,3,휘트니스/수영 > 권투/격투기 > 미트
STD_014062,샌드백,STD_014055,3,휘트니스/수영 > 권투/격투기 > 샌드백
STD_014063,쌍절곤,STD_014055,3,휘트니스/수영 > 권투/격투기 > 쌍절곤
STD_014064,태권도보호구,STD_014055,3,휘트니스/수영 > 권투/격투기 > 태권도보호구
STD_014065,태권도복,STD_014055,3,휘트니스/수영 > 권투/격투기 > 태권도복
STD_014066,태권도화,STD_014055,3,휘트니스/수영 > 권투/격투기 > 태권도화
STD_014067,핸드랩,STD_014055,3,휘트니스/수영 > 권투/격투기 > 핸드랩
STD_014068,헤드기어,STD_014055,3,휘트니스/수영 > 권투/격투기 > 헤드기어
STD_014070,남성수영복,STD_014050,2,휘트니스/수영 > 남성수영복
STD_014069,남성반신수영복,STD_014070,3,휘트니스/수영 > 남성수영복 > 남성반신수영복
STD_014071,남성사각수영복,STD_014070,3,휘트니스/수영 > 남성수영복 > 남성사각수영복
STD_014072,남성삼각수영복,STD_014070,3,휘트니스/수영 > 남성수영복 > 남성삼각수영복
STD_014073,남성전신수영복,STD_014070,3,휘트니스/수영 > 남성수영복 > 남성전신수영복
STD_014075,마라톤/육상,STD_014050,2,휘트니스/수영 > 마라톤/육상
STD_014074,기타육상용품,STD_014075,3,휘트니스/수영 > 마라톤/육상 > 기타육상용품
STD_014076,높이뛰기바,STD_014075,3,휘트니스/수영 > 마라톤/육상 > 높이뛰기바
STD_014077,릴레이봉/바톤,STD_014075,3,휘트니스/수영 > 마라톤/육상 > 릴레이봉/바톤
STD_014078,마라톤복,STD_014075,3,휘트니스/수영 > 마라톤/육상 > 마라톤복
STD_014079,스타팅블록,STD_014075,3,휘트니스/수영 > 마라톤/육상 > 스타팅블록
STD_014080,원반/투포환/투창,STD_014075,3,휘트니스/수영 > 마라톤/육상 > 원반/투포환/투창
STD_014081,육상화,STD_014075,3,휘트니스/수영 > 마라톤/육상 > 육상화
STD_014082,허들,STD_014075,3,휘트니스/수영 > 마라톤/육상 > 허들
STD_014084,물놀이용품,STD_014050,2,휘트니스/수영 > 물놀이용품
STD_014083,구명조끼,STD_014084,3,휘트니스/수영 > 물놀이용품 > 구명조끼
STD_014085,물놀이보트,STD_014084,3,휘트니스/수영 > 물놀이용품 > 물놀이보트
STD_014086,비치볼,STD_014084,3,휘트니스/수영 > 물놀이용품 > 비치볼
STD_014087,수영튜브,STD_014084,3,휘트니스/수영 > 물놀이용품 > 수영튜브
STD_014088,수영풀장,STD_014084,3,휘트니스/수영 > 물놀이용품 > 수영풀장
STD_014089,스노클,STD_014084,3,휘트니스/수영 > 물놀이용품 > 스노클
STD_014091,수상/수중스포츠복,STD_014050,2,휘트니스/수영 > 수상/수중스포츠복
STD_014090,남성래쉬가드,STD_014091,3,휘트니스/수영 > 수상/수중스포츠복 > 남성래쉬가드
STD_014092,남성보드숏,STD_014091,3,휘트니스/수영 > 수상/수중스포츠복 > 남성보드숏
STD_014093,서핑슈트,STD_014091,3,휘트니스/수영 > 수상/수중스포츠복 > 서핑슈트
STD_014094,여성래쉬가드,STD_014091,3,휘트니스/수영 > 수상/수중스포츠복 > 여성래쉬가드
STD_014095,여성보드숏,STD_014091,3,휘트니스/수영 > 수상/수중스포츠복 > 여성보드숏
STD_014096,워터레깅스,STD_014091,3,휘트니스/수영 > 수상/수중스포츠복 > 워터레깅스
STD_014098,수영용품,STD_014050,2,휘트니스/수영 > 수영용품
STD_014097,기타수영용품,STD_014098,3,휘트니스/수영 > 수영용품 > 기타수영용품
STD_014099,수경,STD_014098,3,휘트니스/수영 > 수영용품 > 수경
STD_014100,수영가방,STD_014098,3,휘트니스/수영 > 수영용품 > 수영가방
STD_014101,수영귀마개/코마개,STD_014098,3,휘트니스/수영 > 수영용품 > 수영귀마개/코마개
STD_014102,수영모,STD_014098,3,휘트니스/수영 > 수영용품 > 수영모
STD_014104,스킨스쿠버,STD_014050,2,휘트니스/수영 > 스킨스쿠버
STD_014103,게이지,STD_014104,3,휘트니스/수영 > 스킨스쿠버 > 게이지
STD_014105,기타스킨스쿠버용품,STD_014104,3,휘트니스/수영 > 스킨스쿠버 > 기타스킨스쿠버용품
STD_014106,다이빙글러브,STD_014104,3,휘트니스/수영 > 스킨스쿠버 > 다이빙글러브
STD_014107,다이빙부츠,STD_014104,3,휘트니스/수영 > 스킨스쿠버 > 다이빙부츠
STD_014108,다이빙슈트,STD_014104,3,휘트니스/수영 > 스킨스쿠버 > 다이빙슈트
STD_014109,다이빙칼,STD_014104,3,휘트니스/수영 > 스킨스쿠버 > 다이빙칼
STD_014110,레귤레이터,STD_014104,3,휘트니스/수영 > 스킨스쿠버 > 레귤레이터
STD_014111,리트렉터,STD_014104,3,휘트니스/수영 > 스킨스쿠버 > 리트렉터
STD_014112,부력재킷,STD_014104,3,휘트니스/수영 > 스킨스쿠버 > 부력재킷
STD_014113,수중전등,STD_014104,3,휘트니스/수영 > 스킨스쿠버 > 수중전등
STD_014114,오리발,STD_014104,3,휘트니스/수영 > 스킨스쿠버 > 오리발
STD_014116,에어로빅/댄스복,STD_014050,2,휘트니스/수영 > 에어로빅/댄스복
STD_014115,댄스복,STD_014116,3,휘트니스/수영 > 에어로빅/댄스복 > 댄스복
STD_014117,땀복,STD_014116,3,휘트니스/수영 > 에어로빅/댄스복 > 땀복
STD_014118,에어로빅복,STD_014116,3,휘트니스/수영 > 에어로빅/댄스복 > 에어로빅복
STD_014120,여성수영복,STD_014050,2,휘트니스/수영 > 여성수영복
STD_014119,기타여성수영복,STD_014120,3,휘트니스/수영 > 여성수영복 > 기타여성수영복
STD_014121,모노키니수영복,STD_014120,3,휘트니스/수영 > 여성수영복 > 모노키니수영복
STD_014122,비키니수영복,STD_014120,3,휘트니스/수영 > 여성수영복 > 비키니수영복
STD_014123,원피스수영복,STD_014120,3,휘트니스/수영 > 여성수영복 > 원피스수영복
STD_014125,요가/필라테스,STD_014050,2,휘트니스/수영 > 요가/필라테스
STD_014124,기타요가/필라테스용품,STD_014125,3,휘트니스/수영 > 요가/필라테스 > 기타요가/필라테스용품
STD_014126,요가매트,STD_014125,3,휘트니스/수영 > 요가/필라테스 > 요가매트
STD_014127,요가블럭/볼스터,STD_014125,3,휘트니스/수영 > 요가/필라테스 > 요가블럭/볼스터
STD_014128,짐볼,STD_014125,3,휘트니스/수영 > 요가/필라테스 > 짐볼
STD_014129,폼롤러,STD_014125,3,휘트니스/수영 > 요가/필라테스 > 폼롤러
STD_014130,필라테스링,STD_014125,3,휘트니스/수영 > 요가/필라테스 > 필라테스링
STD_014132,요가복/필라테스복,STD_014050,2,휘트니스/수영 > 요가복/필라테스복
STD_014131,요가/필라테스복상의,STD_014132,3,휘트니스/수영 > 요가복/필라테스복 > 요가/필라테스복상의
STD_014133,요가/필라테스복세트,STD_014132,3,휘트니스/수영 > 요가복/필라테스복 > 요가/필라테스복세트
STD_014134,요가/필라테스복하의,STD_014132,3,휘트니스/수영 > 요가복/필라테스복 > 요가/필라테스복하의
STD_014136,웨이트기구,STD_014050,2,휘트니스/수영 > 웨이트기구
STD_014135,기타웨이트기구,STD_014136,3,휘트니스/수영 > 웨이트기구 > 기타웨이트기구
STD_014137,바벨,STD_014136,3,휘트니스/수영 > 웨이트기구 > 바벨
STD_014138,벤치프레스,STD_014136,3,휘트니스/수영 > 웨이트기구 > 벤치프레스
STD_014139,복근운동기구,STD_014136,3,휘트니스/수영 > 웨이트기구 > 복근운동기구
STD_014140,스쿼트머신,STD_014136,3,휘트니스/수영 > 웨이트기구 > 스쿼트머신
STD_014141,싯업,STD_014136,3,휘트니스/수영 > 웨이트기구 > 싯업
STD_014142,아령/덤벨,STD_014136,3,휘트니스/수영 > 웨이트기구 > 아령/덤벨
STD_014143,철봉/도어짐,STD_014136,3,휘트니스/수영 > 웨이트기구 > 철봉/도어짐
STD_014144,케틀벨,STD_014136,3,휘트니스/수영 > 웨이트기구 > 케틀벨
STD_014145,자전거 정비/강습권,STD_014050,2,휘트니스/수영 > 자전거 정비/강습권
STD_014147,헬스기구,STD_014050,2,휘트니스/수영 > 헬스기구
STD_014146,거꾸리,STD_014147,3,휘트니스/수영 > 헬스기구 > 거꾸리
STD_014148,러닝머신,STD_014147,3,휘트니스/수영 > 헬스기구 > 러닝머신
STD_014149,벨트마사지기,STD_014147,3,휘트니스/수영 > 헬스기구 > 벨트마사지기
STD_014150,스텝퍼,STD_014147,3,휘트니스/수영 > 헬스기구 > 스텝퍼
STD_014151,승마운동기구,STD_014147,3,휘트니스/수영 > 헬스기구 > 승마운동기구
STD_014152,일립티컬,STD_014147,3,휘트니스/수영 > 헬스기구 > 일립티컬
STD_014153,진동운동기구,STD_014147,3,휘트니스/수영 > 헬스기구 > 진동운동기구
STD_014154,트램펄린,STD_014147,3,휘트니스/수영 > 헬스기구 > 트램펄린
STD_014155,트위스트운동기구,STD_014147,3,휘트니스/수영 > 헬스기구 > 트위스트운동기구
STD_014156,헬스사이클,STD_014147,3,휘트니스/수영 > 헬스기구 > 헬스사이클
STD_014158,헬스보충제,STD_014050,2,휘트니스/수영 > 헬스보충제
STD_014157,헬스보충제,STD_014158,3,휘트니스/수영 > 헬스보충제 > 헬스보충제
STD_014160,헬스용품,STD_014050,2,휘트니스/수영 > 헬스용품
STD_014159,근력/스트레칭밴드,STD_014160,3,휘트니스/수영 > 헬스용품 > 근력/스트레칭밴드
STD_014161,기타헬스용품,STD_014160,3,휘트니스/수영 > 헬스용품 > 기타헬스용품
STD_014162,메디슨볼,STD_014160,3,휘트니스/수영 > 헬스용품 > 메디슨볼
STD_014163,모래주머니,STD_014160,3,휘트니스/수영 > 헬스용품 > 모래주머니
STD_014164,스트레칭봉,STD_014160,3,휘트니스/수영 > 헬스용품 > 스트레칭봉
STD_014165,악력기/완력기,STD_014160,3,휘트니스/수영 > 헬스용품 > 악력기/완력기
STD_014166,저주파운동기,STD_014160,3,휘트니스/수영 > 헬스용품 > 저주파운동기
STD_014167,줄넘기,STD_014160,3,휘트니스/수영 > 헬스용품 > 줄넘기
STD_014168,푸시업바,STD_014160,3,휘트니스/수영 > 헬스용품 > 푸시업바
STD_014169,헬스스트랩/벨트,STD_014160,3,휘트니스/수영 > 헬스용품 > 헬스스트랩/벨트
STD_014170,헬스장갑,STD_014160,3,휘트니스/수영 > 헬스용품 > 헬스장갑
STD_014171,훌라후프,STD_014160,3,휘트니스/수영 > 헬스용품 > 훌라후프
STD_014175,휴대폰/악세서리,ROOT,1,휴대폰/악세서리
STD_014174,휴대폰,STD_014175,2,휴대폰/악세서리 > 휴대폰
STD_014173,KT,STD_014174,3,휴대폰/악세서리 > 휴대폰 > KT
STD_014172,KT기기변경,STD_014173,4,휴대폰/악세서리 > 휴대폰 > KT > KT기기변경
STD_014176,KT번호이동,STD_014173,4,휴대폰/악세서리 > 휴대폰 > KT > KT번호이동
STD_014177,KT신규가입,STD_014173,4,휴대폰/악세서리 > 휴대폰 > KT > KT신규가입
STD_014179,LGU+,STD_014174,3,휴대폰/악세서리 > 휴대폰 > LGU+
STD_014178,LGU+기기변경,STD_014179,4,휴대폰/악세서리 > 휴대폰 > LGU+ > LGU+기기변경
STD_014180,LGU+번호이동,STD_014179,4,휴대폰/악세서리 > 휴대폰 > LGU+ > LGU+번호이동
STD_014181,LGU+신규가입,STD_014179,4,휴대폰/악세서리 > 휴대폰 > LGU+ > LGU+신규가입
STD_014183,SKT,STD_014174,3,휴대폰/악세서리 > 휴대폰 > SKT
STD_014182,SKT기기변경,STD_014183,4,휴대폰/악세서리 > 휴대폰 > SKT > SKT기기변경
STD_014184,SKT번호이동,STD_014183,4,휴대폰/악세서리 > 휴대폰 > SKT > SKT번호이동
STD_014185,SKT신규가입,STD_014183,4,휴대폰/악세서리 > 휴대폰 > SKT > SKT신규가입
STD_014186,USIM칩,STD_014174,3,휴대폰/악세서리 > 휴대폰 > USIM칩
STD_014187,공기계,STD_014174,3,휴대폰/악세서리 > 휴대폰 > 공기계
STD_014189,알뜰폰,STD_014174,3,휴대폰/악세서리 > 휴대폰 > 알뜰폰
STD_014188,알뜰폰기기변경,STD_014189,4,휴대폰/악세서리 > 휴대폰 > 알뜰폰 > 알뜰폰기기변경
STD_014190,알뜰폰번호이동,STD_014189,4,휴대폰/악세서리 > 휴대폰 > 알뜰폰 > 알뜰폰번호이동
STD_014191,알뜰폰신규가입,STD_014189,4,휴대폰/악세서리 > 휴대폰 > 알뜰폰 > 알뜰폰신규가입
STD_014192,자급제폰,STD_014174,3,휴대폰/악세서리 > 휴대폰 > 자급제폰
STD_014194,휴대폰액세서리,STD_014175,2,휴대폰/악세서리 > 휴대폰액세서리
STD_014193,거치대,STD_014194,3,휴대폰/악세서리 > 휴대폰액세서리 > 거치대
STD_014195,기타액세서리,STD_014194,3,휴대폰/악세서리 > 휴대폰액세서리 > 기타액세서리
STD_014196,렌즈,STD_014194,3,휴대폰/악세서리 > 휴대폰액세서리 > 렌즈
STD_014197,메모리리더기,STD_014194,3,휴대폰/악세서리 > 휴대폰액세서리 > 메모리리더기
STD_014198,방수팩,STD_014194,3,휴대폰/악세서리 > 휴대폰액세서리 > 방수팩
STD_014199,보조배터리,STD_014194,3,휴대폰/악세서리 > 휴대폰액세서리 > 보조배터리
STD_014200,보호필름,STD_014194,3,휴대폰/악세서리 > 휴대폰액세서리 > 보호필름
STD_014201,셀카봉/삼각대,STD_014194,3,휴대폰/악세서리 > 휴대폰액세서리 > 셀카봉/삼각대
STD_014202,스트랩,STD_014194,3,휴대폰/악세서리 > 휴대폰액세서리 > 스트랩
STD_014203,어댑터,STD_014194,3,휴대폰/악세서리 > 휴대폰액세서리 > 어댑터
STD_014204,젠더,STD_014194,3,휴대폰/악세서리 > 휴대폰액세서리 > 젠더
STD_014205,충전기,STD_014194,3,휴대폰/악세서리 > 휴대폰액세서리 > 충전기
STD_014206,케이블,STD_014194,3,휴대폰/악세서리 > 휴대폰액세서리 > 케이블
STD_014207,케이스,STD_014194,3,휴대폰/악세서리 > 휴대폰액세서리 > 케이스
